0.013889855576449277,0.13889855576449278,0.9470334551364163
0.027858761597090907,0.2785876159709091,0.952423245900007
0.04190713440173246,0.4190713440173246,0.9578414234041435
0.056035392135456254,0.5603539213545625,0.9632881107354616
0.07024395475191483,0.7024395475191483,0.9687634312052871
0.0845332440165731,0.845332440165731,0.9742675083459988
0.0989036835098968,0.989036835098968,0.9798004659073754
0.11335569863048606,1.1335569863048605,0.985362427852841
0.12788971659815274,1.2788971659815274,0.9909535183556417
0.1425061664569417,1.425061664569417,0.9965738617950151
0.15720547907809404,1.5720547907809403,1.002223582752245
0.171988087162952,1.71988087162952,1.007902806006665
0.1868544252458041,1.868544252458041,1.0136116565316047
0.2018049296966703,2.018049296966703,1.0193502594902877
0.21684003872402574,2.1684003872402573,1.0251187402316435
0.23196019237746202,2.31960192377462,1.0309172242860547
0.247165832550285,2.4716583255028497,1.036745837361026
0.2624574029820491,2.624574029820491,1.0426047053368612
0.27783534926102604,2.77835349261026,1.0484939542621663
0.29330011882660684,2.9330011882660685,1.0544137103493507
0.3088521609716379,3.0885216097163792,1.0603640999700725
0.32449192684468786,3.2449192684468784,1.066345249650563
0.34021986945224564,3.4021986945224563,1.0723572860669246
0.35603644366084863,3.560364436608486,1.078400336040351
0.37194210619913953,3.719421061991395,1.0844745265322735
0.3879373156598505,3.879373156598505,1.0905799846394202
0.404022532501715,4.04022532501715,1.0967168375888554
0.42019821905130444,4.201982190513045,1.1028852127328874
0.43646483950479037,4.364648395047904,1.1090852375439542
0.4528228599296297,4.5282285992962965,1.1153170396094079
0.4692727482661725,4.692727482661725,1.1215807466262215
0.48581497432919196,4.85814974329192,1.1278764863956776
0.502450009809334,5.024500098093339,1.1342043868178915
0.5191783282744865,5.191783282744865,1.1405645758863652
0.5360004051710674,5.360004051710674,1.1469571816823723
0.5529167178252287,5.529167178252287,1.1533823323693304
0.5699277454439778,5.699277454439779,1.1598401561870886
0.5870339691162135,5.870339691162135,1.1663307814461095
0.604235871813675,6.04235871813675,1.1728543365216075
0.6215339383918046,6.215339383918046,1.179410949847584
0.6389286555905219,6.389286555905219,1.186000749910837
0.6564205120349078,6.564205120349078,1.192623865244801
0.6740099982357989,6.740099982357989,1.1992804244234256
0.6916976065902887,6.916976065902887,1.2059705560548575
0.709483831382137,7.09483831382137,1.2126943887751387
0.7273691687820849,7.273691687820849,1.2194520512417877
0.7453541168480741,7.453541168480741,1.2262436721272798
0.7634391755253697,7.634391755253697,1.233069380112473
0.7816248466465859,7.81624846646586,1.2399293038799608
0.7999116339316127,7.999116339316127,1.2468235721073433
0.818300042987442,8.18300042987442,1.2537523134603723
0.8367905813078929,8.367905813078929,1.260715656586068
0.8553837582732347,8.553837582732346,1.2677137301057342
0.8740800851497058,8.740800851497058,1.274746662607892
0.8928800750889284,8.928800750889284,1.2818145826411231
0.9117842431272161,9.11784243127216,1.2889176187068432
0.930793106184775,9.30793106184775,1.2960558992519746
0.9499071830647962,9.499071830647962,1.3032295526615516
0.9691269944524377,9.691269944524377,1.310438707251222
0.9884530629136964,9.884530629136965,1.3176834912597069
1.0078859128941668,10.07885912894167,1.3249640328410979
1.0274260707176872,10.274260707176872,1.3322804600571625
1.0470740645848695,10.470740645848695,1.3396329008694674
1.0668304245715146,10.668304245715145,1.3470214831315181
1.0866956826269092,10.866956826269092,1.354446334580698
1.1066703725720053,11.066703725720053,1.361907582830225
1.126755030097478,11.26755030097478,1.369405355360969
1.1469501927616637,11.469501927616637,1.3769397795131613
1.1672563999883747,11.672563999883748,1.3845109824780724
1.1876741930645913,11.876741930645913,1.3921190912895614
1.2082041151380272,12.082041151380272,1.3997642328155453
1.2288467112145691,12.28846711214569,1.4074465337493804
1.2496025281555903,12.496025281555902,1.4151661206011652
1.2704721146751319,12.704721146751318,1.422923119688933
1.291456021336957,12.91456021336957,1.4307176571297737
1.3125548005514716,13.125548005514716,1.4385498588308567
1.3337690065725119,13.337690065725118,1.44641985048036
1.3550991954939993,13.550991954939992,1.4543277575383224
1.3765459252464578,13.765459252464577,1.4622737052273886
1.398109755593396,13.981097555933959,1.4702578185234692
1.4197912481275494,14.197912481275495,1.478280222146322
1.4415909662669846,14.415909662669845,1.4863410405500317
1.4635094752510607,14.635094752510607,1.494440397913381
1.4855473421362504,14.855473421362504,1.5025784181301645
1.5077051357918154,15.077051357918155,1.5107552247993836
1.529983426895339,15.29983426895339,1.5189709412153678
1.5523827879281096,15.523827879281097,1.527225690357786
1.5749037931703591,15.74903793170359,1.5355195948815719
1.5975470186963512,15.975470186963513,1.5438527771067778
1.6203130423693182,16.20313042369318,1.552225359008291
1.6432024438362478,16.43202443836248,1.560637462205523
1.6662158045225162,16.662158045225162,1.5690892079519165
1.6893537076263656,16.893537076263655,1.5775807171244618
1.712616738113227,17.12616738113227,1.5861121102130187
1.7360054827098854,17.360054827098853,1.594683507309648
1.7595205298984868,17.59520529898487,1.6032950280977611
1.7831624699103845,17.831624699103845,1.6119467918412194
1.8069318947198243,18.069318947198244,1.620638917373355
1.8308293980374677,18.30829398037468,1.629371523085854
1.8548555753037497,18.548555753037498,1.6381447269175804
1.879011023682073,18.79011023682073,1.6469586463433035
1.9032963420518336,19.032963420518335,1.6558133983623242
1.9277121310012797,19.277121310012795,1.6647090994870104
1.9522589928202,19.522589928202002,1.6736458657312396
1.9769375314924422,19.76937531492442,1.6826238125987465
2.001748352688258,20.01748352688258,1.691643055071395
2.026692063756476,20.26692063756476,1.7007037075973392
2.0517692737164985,20.517692737164985,1.7098058840790897
2.076980593250124,20.76980593250124,1.7189496978615089
2.102326634693188,21.02326634693188,1.7281352617196855
2.12780801202703,21.2780801202703,1.7373626878467454
2.153425340869776,21.534253408697758,1.7466320878415735
2.179179238467442,21.791792384674423,1.7559435726963915
2.205070323684854,22.05070323684854,1.7652972527843214
2.2310992169963817,22.310992169963818,1.7746932378468006
2.25726654047649,22.572665404764898,1.7841316369809355
2.2835729177901007,22.83572917790101,1.7936125586267422
2.310018974182768,23.10018974182768,1.80313611055433
2.3366053364706625,23.366053364706623,1.812702399850973
2.3633326330303652,23.633326330303653,1.822311532908079
2.3902014937884712,23.90201493788471,1.8319636154081027
2.4172125502109965,24.172125502109964,1.841658752311362
2.444366435292592,24.443664352925918,1.8513970478427466
2.4716637835455613,24.716637835455614,1.8611786054783557
2.499105230988682,24.991052309886822,1.8710035279320443
2.526691415135827,25.26691415135827,1.880871917141881
2.5544229749843854,25.544229749843854,1.8907838742565484
2.5823005510034855,25.823005510034854,1.900739499621595
2.6103247851220117,26.103247851220118,1.9107388927656586
2.63849632071642,26.3849632071642,1.9207821523865998
2.6668158025983493,26.668158025983494,1.9308693763375078
2.695283877002024,26.952838770020243,1.9410006616126938
2.7239011915714526,27.239011915714528,1.951176104333523
2.7526683953474147,27.526683953474148,1.9613957997342282
2.781586138754241,27.81586138754241,1.9716598421476106
2.8106550735863816,28.106550735863816,1.981968324990674
2.839875852994762,28.39875852994762,1.9923213407501694
2.8692491314729263,28.692491314729264,2.002718980968065
2.898775564842966,28.98775564842966,2.013161336226927
2.928455810241233,29.284558102412326,2.0236484961352548
2.9582905261038377,29.582905261038377,2.034180549312708
2.9882803721519275,29.882803721519274,2.0447575833752647
3.0184260093767485,30.184260093767485,2.055379684920316
3.0487281000244844,30.487281000244842,2.066046939511668
3.079187307580878,30.79187307580878,2.0767594316645055
3.10980429675563,31.0980429675563,2.087517244830232
3.140579733466571,31.405797334665706,2.0983204613812876
3.1715142848236155,31.715142848236155,2.1091691625958737
3.202608619112488,32.02608619112488,2.120063428642602
3.2338634057782207,32.33863405778221,2.13100333856509
3.2652793154084283,32.652793154084286,2.141988970266499
3.296857019716353,32.96857019716353,2.1530204004939626
3.3285971915236807,33.28597191523681,2.164097704823003
3.3605005047431264,33.60500504743126,2.1752209576418635
3.392567634360792,33.92567634360792,2.1863902321357656
3.4247992564182885,34.24799256418289,2.1976056002711117
3.457196047994628,34.57196047994628,2.208867132779653
3.4897586871878823,34.89758687187882,2.2201748991425627
3.5224878530966066,35.224878530966066,2.23152896757446
3.5553842258010286,35.553842258010285,2.242929405007405
3.588448486344002,35.88448486344002,2.254376277074822
3.621681316711722,36.216813167117216,2.265869648095339
3.655083399814205,36.55083399814205,2.277409581056641
3.6886554194655314,36.88655419465532,2.2889961375992196
3.722398060363845,37.22398060363845,2.300629378000083
3.7563120080711183,37.56312008071119,2.3123093611564367
3.7903979489926733,37.90397948992673,2.324036144569319
3.8246565703564643,38.24656570356464,2.3358097843271604
3.859088560192119,38.590885601921194,2.3476303350893377
3.893694607309736,38.93694607309736,2.3594978500696704
3.92847540127844,39.2847540127844,2.3714123810198795
3.9634316324046965,39.634316324046964,2.38337397821299
3.9985639917103786,39.98563991710378,2.395382690426764
4.033873170910593,40.33873170910593,2.4074385649270016
4.069359862391261,40.69359862391261,2.419541647450879
4.105024759186451,41.050247591864505,2.4316919821902494
4.140868554955469,41.40868554955469,2.4438896117748903
4.176891943959706,41.76891943959706,2.456134577255751
4.21309562103923,42.1309562103923,2.4684269180881304
4.249480281589138,42.494802815891376,2.4807666721149153
4.286046621535663,42.860466215356624,2.4931538755496923
4.322795337312027,43.22795337312027,2.5055885629599284
4.359727125834055,43.59727125834055,2.5180707672500957
4.396842684475529,43.96842684475529,2.5306005196447763
4.43414271104331,44.3414271104331,2.5431778496717743
4.471627903752199,44.71627903752199,2.5558027851452025
4.509298961199557,45.09298961199556,2.568475352148575
4.547156582339672,45.471565823396716,2.58119557501788
4.585201466457883,45.852014664578824,2.5939634763246358
4.62343431314445,46.234343131444504,2.6067790768590062
4.661855822268185,46.618558222681855,2.6196423956128227
4.70046669394982,47.0046669394982,2.632553449762693
4.73926762853514,47.3926762853514,2.645512254653085
4.7782593265678655,47.782593265678656,2.6585188237793838
4.817442488762279,48.17442488762279,2.671573168771016
4.856817815975616,48.568178159756165,2.684675299374566
4.896386009180198,48.963860091801976,2.6978252234368747
4.936147769435323,49.361477694353226,2.7110229468882046
4.976103797858911,49.76103797858911,2.7242684737254073
5.016254795598899,50.162547955988984,2.737561805995083
5.05660146380439,50.5660146380439,2.750902943776818
5.09714450359656,50.9714450359656,2.7642918851664118
5.137884616039315,51.37884616039315,2.7777286262591514
5.178822502109706,51.78822502109706,2.791213161133109
5.219958862668099,52.19958862668099,2.8047454818324806
5.261294398428099,52.61294398428099,2.818325578350961
5.302829809926236,53.028298099262365,2.8319534386151823
5.344565797491404,53.44565797491404,2.845629048468133
5.386503061214056,53.865030612140565,2.8593523916527137
5.428642300915168,54.28642300915168,2.873123449795276
5.4709842161149504,54.7098421611495,2.8869422023892226
5.513529506001325,55.135295060013256,2.900808626778694
5.556278869398168,55.56278869398169,2.914722698142278
5.599233004733308,55.99233004733308,2.9286843894768286
5.642392610006289,56.42392610006289,2.9426936715812686
5.685758382755901,56.857583827559004,2.956750513040553
5.729331020027471,57.29331020027472,2.9708548802096426
5.773111218339927,57.73111218339927,2.9850067371975526
5.817099673652617,58.17099673652617,2.9992060458515257
5.861297081331914,58.61297081331914,3.0134527657412353
5.905704136117574,59.05704136117574,3.0277468541430728
5.950321532088877,59.50321532088877,3.0420882660245767
5.995149962630532,59.95149962630532,3.0564769540288723
6.040190120398364,60.40190120398364,3.0709128684592746
6.085442697284767,60.854426972847676,3.0853959572639336
6.130908384383942,61.309083843839424,3.09992616602062
6.176587871956907,61.76587871956907,3.1145034379215883
6.2224818493962895,62.22481849396289,3.1291277137585403
6.268591005190901,62.685910051909005,3.1437989319077304
6.31491602689009,63.1491602689009,3.158517028315156
6.3614576010678885,63.61457601067889,3.1732819364818616
6.408216413286932,64.08216413286932,3.1880935874493885
6.455193148062181,64.5519314806218,3.20295190978532
6.50238848882442,65.0238848882442,3.217856829568954
6.5498031178835605,65.4980311788356,3.2328082703771464
6.597437716391728,65.97437716391728,3.2478061532702154
6.645292964306153,66.45292964306152,3.262850396778058
6.69336954035185,66.9336954035185,3.277940916886354
6.741668121984107,67.41668121984107,3.293077627022931
6.7901893853507715,67.90189385350772,3.308260438044282
6.838934005254339,68.38934005254339,3.3234892582222346
6.887902655113857,68.87902655113857,3.3387639932307587
6.937096006926625,69.37096006926625,3.354084546132945
6.986514731229718,69.86514731229718,3.3694508173681474
7.036159497061318,70.36159497061318,3.384862704739288
7.0860309719218595,70.86030971921859,3.4003201034003196
7.1361298217349995,71.36129821735,3.415822905843878
7.1864567108084065,71.86456710808406,3.4313710018891013
7.23701230179437,72.3701230179437,3.446964278669626
7.2877972556502435,72.87797255650244,3.4626026206217797
7.338812231598711,73.3881223159871,3.478285909472944
7.390057887087886,73.90057887087886,3.4940140242301188
7.441534877751255,74.41534877751255,3.5097868411686837
7.4932438573674425,74.93243857367443,3.5256042338213445
7.545185477819832,75.45185477819831,3.5414660729673044
7.597360389056023,75.97360389056023,3.557372226621601
7.649769239047138,76.49769239047137,3.5733225600247134
7.702412673746976,77.02412673746976,3.58931693563231
7.755291337051028,77.55291337051028,3.605355213105281
7.808405870755335,78.08405870755335,3.6214372492999396
7.861756914515222,78.61756914515223,3.6375628982584733
7.915345105803884,79.15345105803884,3.6537320111996308
7.96917107987084,79.6917107987084,3.6699444365096077
8.02323546970026,80.2323546970026,3.6862000197332105
8.07753890596917,80.7753890596917,3.702498603565201
8.13208201700552,81.32082017005519,3.7188400278419587
8.186865428746145,81.86865428746145,3.7352241295333317
8.241889764694614,82.41889764694614,3.7516507427347485
8.297155645878945,82.97155645878945,3.7681196986596004
8.35266369080924,83.5266369080924,3.7846308256318664
8.408414515435197,84.08414515435197,3.801183949079007
8.464408733103529,84.64408733103528,3.817778891525126
8.520646954515282,85.20646954515283,3.834415472584373
8.577129787683068,85.77129787683069,3.8510935089546634
8.633857837888199,86.33857837888199,3.8678128144116264
8.690831707637747,86.90831707637747,3.884573199802879
8.74805199662152,87.4805199662152,3.9013744730425306
8.805519301668957,88.05519301668957,3.918216439106026
8.863234216705957,88.63234216705956,3.935098900025236
8.921197332711643,89.21197332711643,3.952021654883865
8.979409237675052,89.79409237675051,3.9689844998131414
9.03787051655178,90.3787051655178,3.985987227987827
9.096581751220565,90.96581751220566,4.003029629622501
9.155543520439815,91.55543520439815,4.020111491968189
9.214756399804104,92.14756399804104,4.037232599309249
9.274220961700617,92.74220961700618,4.054392732960629
9.333937775265566,93.33937775265566,4.071591671265407
9.393907406340565,93.93907406340566,4.088829189592644
9.454130417428988,94.54130417428988,4.1061050603355955
9.514607367652307,95.14607367652306,4.123419052910217
9.575338812706397,95.75338812706397,4.140770933754007
9.636325304817849,96.36325304817848,4.158160466325194
9.697567392700261,96.97567392700262,4.175587411102249
9.75906562151054,97.59065621510541,4.193051525583741
9.820820532805191,98.20820532805192,4.210552564288525
9.882832664496627,98.82832664496627,4.228090278756294
9.945102550809485,99.45102550809486,4.245664417548468
10.007630722236968,100.07630722236968,4.263274726249417
10.070417705497198,100.70417705497198,4.280920947468083
10.13346402348961,101.3346402348961,4.2986028208398945
10.196770195251373,101.96770195251374,4.316320083029115
10.260336735913851,102.60336735913852,4.334072467731479
10.324164156659108,103.24164156659108,4.351859705677249
10.388252964676466,103.88252964676467,4.369681524634613
10.452603663119119,104.52603663119119,4.387537649413456
10.517216751060799,105.17216751060799,4.405427801869509
10.582092723452519,105.82092723452519,4.423351700908864
10.647232071079383,106.47232071079384,4.4413090624928735
10.712635280517473,107.12635280517473,4.459299599643433
10.77830283409082,107.7830283409082,4.477323022448628
10.844235209828463,108.44235209828463,4.495379038068792
10.910432881421604,109.10432881421605,4.513467350742923
10.976896318180861,109.76896318180862,4.5315876617955
11.043625984993625,110.43625984993625,4.549739669643712
11.110622342281534,111.10622342281533,4.567923069805026
11.177885845958063,111.77885845958062,4.586137554905209
11.245416947386229,112.4541694738623,4.6043828146867085
11.313216093336436,113.13216093336436,4.622658536017436
11.38128372594445,113.81283725944449,4.640964402899961
11.449620282669509,114.49620282669508,4.659300096481109
11.518226196252593,115.18226196252593,4.677665295061935
11.587101894674834,115.87101894674834,4.696059674108138
11.656247801116091,116.56247801116092,4.714482906260855
11.725664333913683,117.25664333913683,4.7329346613478815
11.7953519065213,117.95351906521302,4.751414606395267
11.865310927468093,118.65310927468093,4.7699224056393685
11.935541800317926,119.35541800317927,4.788457720539277
12.00604492362885,120.06044923628849,4.807020209789677
12.076820690912733,120.76820690912733,4.825609529334091
12.147869490595129,121.47869490595129,4.844225332378581
12.219191705975323,122.19191705975322,4.862867269405822
12.290787715186603,122.90787715186603,4.881534988189619
12.362657891156752,123.62657891156752,4.900228133809835
12.434802601568757,124.34802601568757,4.9189463486677045
12.507222208821757,125.07222208821757,4.9376892725016255
12.579917069992224,125.79917069992223,4.956456542403306
12.652887536795387,126.52887536795387,4.975247792834367
12.726133955546912,127.26133955546912,4.9940626556433525
12.799656667124824,127.99656667124823,5.012900760083143
12.873456006931704,128.73456006931704,5.031761732828821
12.94753230485715,129.4753230485715,5.050645197995918
13.02188588524051,130.2188588524051,5.069550777159096
13.09651706683389,130.96517066833889,5.088478089371252
13.171426162765465,131.71426162765465,5.107426751183027
13.246613480503065,132.46613480503066,5.1263963766627505
13.322079321818062,133.22079321818063,5.145386577416758
13.397823982749577,133.97823982749577,5.164396962610189
13.473847753568974,134.73847753568973,5.183427138988144
13.550150918744691,135.5015091874469,5.202476710897292
13.626733756907383,136.26733756907382,5.221545280307851
13.703596540815393,137.03596540815394,5.240632446836035
13.780739537320567,137.80739537320568,5.259737807766857
13.8581630073344,138.581630073344,5.27886095807739
13.935867205794537,139.35867205794537,5.298001490460386
14.013852381631613,140.13852381631614,5.317158995348368
14.092118777736474,140.92118777736474,5.336333060938047
14.17066663092774,141.70666630927738,5.355523273215217
14.249496171919754,142.49496171919753,5.374729215980004
14.3286076252909,143.286076252909,5.393950470872539
14.408001209452307,144.08001209452306,5.413186617399024
14.487677136616934,144.87677136616935,5.432437232958186
14.567635612769063,145.67635612769064,5.451701892868142
14.647876837634175,146.47876837634175,5.47098017039364
14.728401004649244,147.28401004649245,5.490271636773697
14.809208300933435,148.09208300933435,5.509575861249635
14.890298907259218,148.9029890725922,5.52889241109348
14.97167299802392,149.7167299802392,5.548220851636762
15.053330741221673,150.53330741221674,5.567560746299677
15.135272298415831,151.3527229841583,5.586911656620657
15.217497824711801,152.17497824711802,5.606273142286279
15.300007468730328,153.00007468730328,5.625644761161558
15.382801372581232,153.82801372581233,5.645026069320625
15.465879671837593,154.65879671837592,5.6644166210777325
15.549242495510398,155.49242495510398,5.683815969018671
15.632889966023663,156.32889966023663,5.703223664032482
15.71682219919001,157.1682219919001,5.7226392553435925
15.801039304186736,158.01039304186736,5.742062290544242
15.885541383532347,158.85541383532347,5.761492315627297
15.970328533063594,159.70328533063594,5.780928875019386
16.055400841912988,160.55400841912987,5.800371511614381
16.14075839248682,161.4075839248682,5.8198197668072105
16.22640126044367,162.2640126044367,5.83927318052802
16.312329514673436,163.12329514673436,5.858731291276632
16.398543217276867,163.98543217276867,5.878193636157359
16.4850424235456,164.850424235456,5.897659750914098
16.571827181942737,165.71827181942737,5.917129169965781
16.658897534083934,166.58897534083934,5.936601426442106
16.746253514719022,167.46253514719024,5.956076052219569
16.833895151714156,168.33895151714157,5.975552577957828
16.921822466034506,169.21822466034507,5.995030533136314
17.01003547172749,170.1003547172749,6.014509446091187
17.098534175906558,170.9853417590656,6.033988844052525
17.1873185787355,171.873185787355,6.05346825318183
17.27638867341335,172.7638867341335,6.072947198609777
17.365744446159812,173.65744446159812,6.092425204474273
17.455385876201266,174.55385876201265,6.111901793958731
17.54531293575733,175.4531293575733,6.131376489330647
17.635525590028003,176.35525590028004,6.150848811980392
17.726023797181362,177.26023797181364,6.170318282460283
17.81680750834186,178.16807508341861,6.189784420523864
17.907876667579178,179.07876667579177,6.209246745165457
17.999231211897683,179.99231211897683,6.228704774659905
18.090871071226456,180.90871071226456,6.24815802660258
18.182796168409915,181.82796168409914,6.267606017949561
18.27500641919904,182.75006419199042,6.2870482650580595
18.36750173224318,183.6750173224318,6.306484283727048
18.46028200908246,184.6028200908246,6.325913589238057
18.553347144140794,185.53347144140793,6.3453356963962
18.64669702471951,186.46697024719512,6.364750119571365
18.740331530991572,187.4033153099157,6.3841563727395965
18.8342505359964,188.342505359964,6.403553969524621
18.92845390563533,189.2845390563533,6.422942423239595
19.022941498667663,190.22941498667663,6.4423212469289535
19.117713166707347,191.17713166707347,6.46168995341044
19.21276875422027,192.1276875422027,6.481048055317299
19.30810809852217,193.0810809852217,6.500395065140562
19.403731029777166,194.03731029777165,6.519730495271512
19.499637370996943,194.99637370996942,6.539053858044236
19.595826938040513,195.95826938040514,6.558364665778328
19.692299539614645,196.92299539614646,6.577662430821686
19.789054977274905,197.89054977274904,6.596946665593398
19.886093045427327,198.86093045427327,6.616216882626762
19.98341353133073,199.83413531330729,6.635472594612375
20.081016215099645,200.81016215099646,6.654713314441286
20.178900869707906,201.78900869707905,6.673938555248267
20.27706726099284,202.7706726099284,6.693147830455102
20.375515147660135,203.75515147660136,6.712340653813987
20.4742442812893,204.74244281289302,6.731516539450945
20.573254406339803,205.73254406339802,6.750675001909297
20.672545260157822,206.7254526015782,6.769815556193176
20.77211657298364,207.7211657298364,6.788937717811081
20.871968067959692,208.71968067959693,6.808041002819415
20.972099461139226,209.72099461139226,6.827124927866098
21.07251046149563,210.72510461495628,6.8461890102341165
21.173200770932368,211.73200770932368,6.8652327678851535
21.274170084293605,212.74170084293604,6.8842557195031375
21.375418089375405,213.75418089375404,6.90325738453782
21.476944466937624,214.76944466937624,6.922237283248316
21.578748890716405,215.78748890716406,6.941194936746623
21.680831027437335,216.80831027437335,6.960129867041081
21.783190536829228,217.83190536829227,6.979041597079812
21.88582707163853,218.8582707163853,6.997929650794095
21.988740277644393,219.88740277644393,7.016793553141676
22.091929793674353,220.91929793674353,7.035632830150014
22.19539525162066,221.95395251620658,7.054447008959444
22.29913627645722,222.9913627645722,7.073235617866276
22.40315248625719,224.03152486257193,7.091998186365771
22.507443492211195,225.07443492211195,7.11073424519504
22.612008898646152,226.12008898646152,7.1294433263758314
22.716848303044756,227.16848303044756,7.148124963257201
22.821961296065563,228.21961296065564,7.166778690558058
22.927347461563706,229.27347461563704,7.18540404440958
23.03300637661222,230.3300637661222,7.204000562397502
23.13893761152401,231.3893761152401,7.222567783604246
23.2451407298744,232.45140729874402,7.241105248650898
23.35161528852432,233.51615288524323,7.259612499739038
23.45836083764411,234.5836083764411,7.278089080692384
23.565376920737904,235.65376920737904,7.2965345369982835
23.672663074668638,236.72663074668637,7.314948415848999
23.780218829683662,237.80218829683662,7.333330266182815
23.88804370944095,238.8804370944095,7.3516796387249475
23.9961372310359,239.961372310359,7.369996086028243
24.104498905028738,241.04498905028737,7.388279162513676
24.213128235472507,242.13128235472507,7.406528424510611
24.32202471994164,243.2202471994164,7.424743430296861
24.43118784956113,244.3118784956113,7.442923740138479
24.54061710903626,245.4061710903626,7.461068916329351
24.65031197668292,246.50311976682923,7.4791785232305035
24.760271924458525,247.60271924458524,7.4972521273091655
24.87049641799344,248.7049641799344,7.515289297177594
24.980984916623022,249.8098491662302,7.533289603631598
25.091736873420214,250.91736873420214,7.5512526196888015
25.202751735228667,252.02751735228668,7.569177920626631
25.314028942696464,253.14028942696464,7.5870650840199865
25.42556793031034,254.2556793031034,7.604913689778661
25.53736812643049,255.3736812643049,7.622723320184424
25.649428953325884,256.49428953325884,7.640493559927805
25.76174982721014,257.6174982721014,7.65822399614456
25.874330158277907,258.74330158277905,7.675914218451833
25.987169350741798,259.871693507418,7.693563818983961
26.10026680286982,261.0026680286982,7.711172392427978
26.213621907023335,262.1362190702333,7.728739536058756
26.327234049695512,263.2723404969551,7.7462648497738
26.441102611550317,264.41102611550315,7.763747936127714
26.55522696746197,265.5522696746197,7.781188400366288
26.669606486554915,266.69606486554915,7.798585850460217
26.784240532244276,267.84240532244274,7.815939897138481
26.899128462276792,268.9912846227679,7.8332501539213215
27.01426962877224,270.1426962877224,7.850516237152851
27.12966337826532,271.2966337826532,7.867737766033269
27.24530905174801,272.45309051748006,7.884914362650701
27.361205984712385,273.6120598471239,7.90204565201263
27.47735350719389,274.7735350719389,7.919131262076927
27.59375094381506,275.9375094381506,7.936170823782486
27.71039761382969,277.1039761382969,7.95316397107943
27.827292831167433,278.2729283116743,7.9701103409589305
27.94443590447883,279.4443590447883,7.987009573482567
28.061826137180773,280.61826137180776,8.003861311811301
28.179462827502377,281.7946282750238,8.020665202233983
28.297345268531274,282.97345268531274,8.037420894195472
28.415472748260296,284.15472748260294,8.054128040324265
28.53384454963458,285.3384454963458,8.070786296459717
28.652459950599045,286.52459950599047,8.08739532167881
28.771318224146267,287.7131822414627,8.10395477832247
28.890418638364725,288.90418638364724,8.120464332021411
29.00976045648743,290.0976045648743,8.13692365172156
29.12934293694091,291.29342936940907,8.153332409708986
29.249165333394554,292.4916533339455,8.169690281634372
29.36922689481033,293.6922689481033,8.185996946537035
29.489526865492802,294.89526865492803,8.202252086868448
29.61006448513954,296.1006448513954,8.218455388515313
29.730838988891815,297.30838988891816,8.234606540822126
29.851849607385653,298.5184960738565,8.250705236613307
29.973095566803174,299.73095566803175,8.26675117221478
30.094576088924278,300.94576088924276,8.282744047475143
30.216290391178596,302.162903911786,8.29868356578627
30.338237686697763,303.3823768669776,8.314569434103506
30.460417184367966,304.60417184367964,8.330401362965276
30.58282808888278,305.8282808888278,8.346179066512285
30.70546960079628,307.05469600796283,8.361902262506158
30.8283409165764,308.283409165764,8.377570672347606
30.95144122865858,309.5144122865858,8.39318402109409
31.074769725499646,310.74769725499647,8.408742037476971
31.198325591631928,311.9832559163193,8.424244453918162
31.32210800771764,313.2210800771764,8.439691006546274
31.44611615060347,314.46116150603467,8.455081435212248
31.570349193375385,315.70349193375387,8.470415483504476
31.694806305413678,316.9480630541368,8.485692898763427
31.819486652448198,318.194866524482,8.500913432095734
31.94438939661378,319.4438939661378,8.516076838387796
32.06951369650589,320.69513696505885,8.531182876318846
32.194858707236406,321.94858707236403,8.546231308373516
32.32042358048966,323.2042358048966,8.561221900853887
32.44620746457854,324.46207464578544,8.57615442389101
32.57220950450085,325.7220950450085,8.591028651455932
32.69842884199576,326.9842884199576,8.605844361370192
32.82486461560043,328.2486461560043,8.620601335315806
32.9515159607068,329.515159607068,8.635299358844735
33.07838200961843,330.7838200961843,8.649938221387842
33.20546189160755,332.05461891607547,8.664517716263315
33.33275473297218,333.32754732972177,8.679037640684612
33.46025965709337,334.60259657093366,8.693497795767847
33.587975784492535,335.87975784492534,8.707897986538695
33.71590223288891,337.1590223288891,8.722238021938773
33.84403811725703,338.44038117257026,8.736517714831505
33.972382549884365,339.72382549884367,8.750736882007475
34.10093464042899,341.0093464042899,8.76489534418928
34.22969349597728,342.2969349597728,8.778992926035864
34.35865822110174,343.5865822110174,8.793029456146348
34.48782791791883,344.87827917918827,8.80700476706335
34.61720168614683,346.17201686146825,8.820918695275807
34.74677862316378,347.4677862316378,8.834771081221284
34.876557824065394,348.76557824065395,8.848561769287784
35.00653838172303,350.0653838172303,8.86229060781507
35.13671938684168,351.36719386841685,8.875957449095464
35.26709992801791,352.6709992801791,8.889562149374182
35.397679091797855,353.9767909179785,8.903104568849145
35.52845596273517,355.2845596273517,8.91658457167031
35.65942962344901,356.59429623449006,8.930002025938526
35.79059915468189,357.90599154681894,8.943356803703873
35.92196363535765,359.2196363535765,8.95664878096354
36.053522142639245,360.53522142639247,8.969877837659219
36.18527375198659,361.8527375198659,8.983043857674003
36.317217537214304,363.17217537214304,8.996146728828826
36.4493525705494,364.493525705494,9.00918634287842
36.58167792268892,365.8167792268892,9.022162595506808
36.71419266285749,367.14192662857494,9.03507538632231
36.84689585886481,368.4689585886481,9.04792461885212
36.97978657716302,369.7978657716302,9.06071020053638
37.11286388290401,371.1286388290401,9.073432042721832
37.24612683999662,372.46126839996623,9.086090060654993
37.379574511163725,373.79574511163725,9.09868417347488
37.51320595799921,375.13205957999213,9.111214304205305
37.64702024102484,376.4702024102484,9.123680379746704
37.781016419746976,377.81016419746976,9.136082330867538
37.91519355271318,379.15193552713174,9.14842009219526
38.04955069756866,380.4955069756866,9.160693602206827
38.18408691111263,381.84086911112627,9.172902803218822
38.318801249354415,383.18801249354414,9.185047641377112
38.45369276756949,384.5369276756949,9.197128066646108
38.58876052035532,385.8876052035532,9.209144032797601
38.72400356168703,387.2400356168703,9.221095497399187
38.859420944972875,388.59420944972874,9.232982421802282
38.995011723109606,389.95011723109604,9.244804771129733
39.13077494853755,391.3077494853755,9.256562514263031
39.266709673295566,392.66709673295566,9.268255623829127
39.402814949075776,394.02814949075776,9.279884076186859
39.5390898272781,395.390898272781,9.291447851412986
39.67553335906455,396.75533359064553,9.302946933287854
39.81214459541338,398.1214459541338,9.314381309280671
39.948922587172916,399.48922587172916,9.325750970534411
40.08586638511525,400.8586638511525,9.337055911850362
40.22297503998965,402.2297503998965,9.348296131672297
40.36024760257573,403.6024760257573,9.359471632070294
40.49768312373644,404.97683123736437,9.370582418724203
40.635280654470684,406.3528065447068,9.38162850090676
40.773039245965855,407.73039245965856,9.392609891466366
40.91095794964995,409.10957949649946,9.403526606809509
41.04903581724352,410.4903581724352,9.41437866688288
41.18727190081133,411.87271900811334,9.425166095155138
41.325665252813735,413.25665252813735,9.435888918598359
41.46421492615779,414.64214926157786,9.446547167669165
41.60291997424806,416.0291997424806,9.457140876289548
41.741779451037196,417.41779451037195,9.467670081827379
41.88079241107615,418.8079241107615,9.478134825076603
42.019957909564134,420.19957909564135,9.488535150237164
42.15927500239829,421.5927500239829,9.498871104894608
42.29874274622304,422.9874274622304,9.50914273999942
42.438360198479124,424.38360198479126,9.519350109846076
42.578126417452324,425.78126417452324,9.5294932720518
42.718040462321916,427.18040462321915,9.539572287535071
42.858101393208734,428.58101393208733,9.549587220493862
42.99830827122297,429.9830827122297,9.559538138383605
43.1386601585116,431.38660158511595,9.569425111894908
43.27915611830553,432.7915611830553,9.579248214931031
43.41979521496636,434.19795214966365,9.589007524585098
43.56057651403285,435.6057651403285,9.598703121117092
43.701499082267006,437.01499082267003,9.608335087930596
43.842561987699845,438.42561987699844,9.617903511549317
43.98376429967683,439.8376429967683,9.627408481593388
44.12510508890291,441.2510508890291,9.636850090755443
44.26658342748725,442.6658342748725,9.646228434776491
44.40819838898755,444.0819838898755,9.655543612421567
44.54994904845408,445.49949048454084,9.664795725455207
44.69183448247329,446.9183448247329,9.673984878616698
44.83385376921106,448.3385376921106,9.683111179595159
44.97600598845562,449.7600598845562,9.692174739004418
45.118290221660054,451.18290221660055,9.701175670357733
45.26070555198448,452.6070555198448,9.71011409004231
45.40325106433779,454.03251064337786,9.718990117293677
45.54592584541908,455.4592584541908,9.727803874169872
45.68872898375864,456.88728983758637,9.736555485525491
45.83165956975859,458.3165956975859,9.745245078985564
45.97471669573317,459.74716695733173,9.7538727849193
46.11789945594853,461.1789945594853,9.762438736413682
46.261206946662256,462.61206946662253,9.770943069246913
46.40463826616242,464.0463826616242,9.77938592186175
46.5481925148063,465.48192514806306,9.78776743533869
46.69186879505864,466.9186879505864,9.796087753369056
46.83566621152955,468.3566621152955,9.80434702222794
46.97958387101202,469.79583871012017,9.81254539074705
47.123620882519,471.23620882519,9.820683010287452
47.26777635732011,472.6777635732011,9.8287600347122
47.41204940897793,474.1204940897793,9.83677662035887
47.55643915338387,475.5643915338387,9.844732926012018
47.700944708793685,477.00944708793685,9.85262911287552
47.84556519586252,478.4556519586252,9.860465344544867
47.99029973767961,479.90299737679607,9.868241786979343
48.13514745980252,481.35147459802516,9.875958608474175
48.280107490290995,482.80107490290993,9.883615979632573
48.425178959740414,484.2517895974041,9.891214073337732
48.570361001314815,485.70361001314814,9.898753064724772
48.71565275077949,487.1565275077949,9.906233131152625
48.86105334653322,488.6105334653322,9.913654452175857
49.006561929640036,490.06561929640037,9.92101720951648
49.15217764386061,491.52177643860614,9.92832158703569
49.297899635683216,492.97899635683217,9.935567770705587
49.44372705435427,494.4372705435427,9.94275594858087
49.58965905190845,495.8965905190845,9.94988631077049
49.73569478319842,497.3569478319842,9.95695904940929
49.881833405924134,498.81833405924135,9.963974358629638
50.028074080661696,500.28074080661696,9.97093243453303
50.17441597089185,501.7441597089185,9.977833475161686
50.320858243028,503.20858243028,9.984677680470163
50.467400066443865,504.67400066443867,9.991465252296944
50.61404061350068,506.14040613500674,9.998196394336041
50.76077905957398,507.60779059573974,10.004871312108605
50.907614583080026,509.0761458308003,10.011490212934556
51.05454636550173,510.5454636550173,10.018053305904214
51.201573591414224,512.0157359141423,10.024560801849969
51.348695448509986,513.4869544850999,10.031012913317957
51.495911127623565,514.9591112762356,10.037409854539781
51.64321982275589,516.4321982275588,10.043751841404251
51.79062073109815,517.9062073109815,10.05003909142917
51.9381130530553,519.3811305305529,10.056271823733148
52.08569599226908,520.8569599226907,10.062450259007479
52.233368755640726,522.3336875564073,10.068574619488038
52.38113055335316,523.8113055335316,10.074645128927253
52.528980598892865,525.2898059889286,10.080662012566123
52.67691810907127,526.7691810907128,10.08662549710628
52.824942304045805,528.249423040458,10.092535810682136
52.97305240734046,529.7305240734046,10.098393182833078
53.121247645866035,531.2124764586604,10.104197844475735
53.26952724993989,532.6952724993989,10.109950027876316
53.41789045330536,534.1789045330536,10.115649966623025
53.566336493150736,535.6633649315073,10.121297895598543
53.71486461012784,537.1486461012784,10.126894050952611
53.86347404837022,538.6347404837022,10.132438670074674
54.01216405551093,540.1216405551093,10.13793199156662
54.1609338826999,541.609338826999,10.143374255215626
54.30978278462094,543.0978278462094,10.14876570196706
54.458710019508324,544.5871001950833,10.154106573897506
54.60771484916298,546.0771484916298,10.15939711418789
54.75679653896832,547.5679653896832,10.164637567096683
54.90595435790561,549.059543579056,10.16982817793323
55.05518757856904,550.5518757856904,10.174969193031167
55.20449547718032,552.0449547718032,10.180060859721971
55.353877333602966,553.5387733360296,10.18510342630859
55.503332431356114,555.0333243135611,10.190097142039216
55.65286005762805,556.5286005762805,10.195042257081152
55.80245950328927,558.0245950328926,10.199939022494814
55.95213006290524,559.5213006290523,10.20478769020784
56.101871034748704,561.0187103474871,10.209588512989338
56.25168172081165,562.5168172081165,10.214341744424239
56.401561426816926,564.0156142681692,10.219047638887796
56.55150946222944,565.5150946222944,10.223706451520204
56.70152514026701,567.0152514026701,10.228318438201354
56.85160777791085,568.5160777791085,10.232883855525712
57.00175669591568,570.0175669591569,10.23740296077735
57.15197121881949,571.519712188195,10.241876011905108
57.3022506749529,573.022506749529,10.246303267497876
57.45259439644821,574.5259439644822,10.250684986760056
57.60300171924807,576.0300171924807,10.25502142948713
57.75347198311377,577.5347198311376,10.259312856041394
57.90400453163323,579.0400453163322,10.263559527327828
58.05459871222858,580.5459871222859,10.267761704770123
58.20525387616345,582.0525387616344,10.271919650286849
58.35596937854983,583.5596937854983,10.276033626267775
58.5067445783547,585.067445783547,10.28010389555035
58.6575788384062,586.575788384062,10.284130721396327
58.808471525399554,588.0847152539956,10.28811436746854
58.959422009902575,589.5942200990257,10.292055097807857
59.1104296663609,591.104296663609,10.295953176810269
59.26149387310286,592.6149387310286,10.299808869204147
59.41261401234401,594.1261401234401,10.303622440027661
59.563789470191374,595.6378947019138,10.307394154606355
59.715019636647305,597.1501963664731,10.311124278530885
59.86630390561305,598.6630390561305,10.31481307763493
60.01764167489202,600.1764167489202,10.31846081797325
60.16903234619268,601.6903234619268,10.322067765799924
60.32047532513117,603.2047532513117,10.325634187546745
60.47197002123361,604.7197002123361,10.329160349801791
60.62351584793805,606.2351584793805,10.33264651928815
60.77511222259618,607.7511222259618,10.336092962842832
60.926758566474646,609.2675856647464,10.33949994739583
61.078454304756164,610.7845430475617,10.342867739949366
61.23019886654023,612.3019886654023,10.346196607557303
61.38199168484359,613.8199168484359,10.349486817304724
61.53383219660043,615.3383219660043,10.35273863628769
61.68571984266221,616.8571984266221,10.355952331593162
61.83765406779724,618.3765406779723,10.359128170279106
61.98963432068999,619.8963432068999,10.36226641935476
62.14166005394006,621.4166005394006,10.365367345761078
62.29373072406092,622.9373072406092,10.368431216351357
62.44584579147832,624.4584579147831,10.371458297872024
62.59800472052846,625.9800472052846,10.374448856943607
62.75020697945585,627.5020697945585,10.377403160041876
62.90245204041092,629.0245204041092,10.380321473479164
63.05473937944738,630.5473937944738,10.38320406338585
63.20706847651924,632.0706847651924,10.386051195692044
63.35943881547762,633.5943881547762,10.388863136109414
63.51184988406728,635.1184988406728,10.391640150113213
63.66430117392292,636.6430117392292,10.394382502924469
63.81679218056516,638.1679218056515,10.397090459492356
63.96932240339629,639.6932240339629,10.399764284476742
64.12189134569581,641.2189134569581,10.402404242230903
64.27449851461567,642.7449851461568,10.405010596784422
64.42714342117524,644.2714342117524,10.407583611826256
64.57982558025613,645.7982558025612,10.410123550687986
64.73254451059661,647.3254451059661,10.412630676327232
64.88529973478602,648.8529973478602,10.415105251311253
65.03809077925868,650.3809077925869,10.417547537800708
65.19091717428776,651.9091717428776,10.419957797533604
65.34377845397884,653.4377845397885,10.422336291809408
65.49667415626323,654.9667415626323,10.424683281473346
65.64960382289107,656.4960382289107,10.42699902690085
65.80256699942427,658.0256699942427,10.42928378798221
65.9555632352291,659.555632352291,10.43153782410736
66.1085920834687,661.0859208346869,10.433761394150881
66.26165310109522,662.6165310109523,10.435954756457136
66.41474584884193,664.1474584884193,10.438118168825586
66.56786989121494,665.6786989121495,10.440251888496297
66.7210247964848,667.210247964848,10.442356172135586
66.87421013667789,668.7421013667789,10.44443127582186
67.0274254875676,670.274254875676,10.446477455031605
67.18067042866527,671.8067042866527,10.448494964625562
67.33394454321098,673.3394454321098,10.45048405883505
67.48724741816412,674.8724741816411,10.452444991248473
67.64057864419375,676.4057864419375,10.454378014797983
67.79393781566881,677.9393781566881,10.456283381746308
67.94732453064807,679.4732453064807,10.458161343673751
68.10073839086998,681.0073839086998,10.460012151465348
68.25417900174222,682.5417900174222,10.461836055298187
68.40764597233121,684.0764597233122,10.463633304628896
68.56113891535134,685.6113891535133,10.465404148181285
68.714657447154,687.1465744715399,10.467148833934154
68.86820118771652,688.6820118771652,10.468867609109259
69.02176976063089,690.2176976063089,10.470560720159435
69.17536279309228,691.7536279309228,10.472228412756877
69.32897991588743,693.2897991588743,10.473870931781585
69.48262076338293,694.8262076338292,10.475488521309957
69.63628497351316,696.3628497351316,10.477081424603538
69.78997218776826,697.8997218776826,10.478649884097928
69.94368205118181,699.436820511818,10.480194141391845
70.09741421231843,700.9741421231843,10.481714437236327
70.25116832326114,702.5116832326114,10.483211011524107
70.4049440395987,704.0494403959871,10.484684103279115
70.55874102041264,705.5874102041264,10.486133950646153
70.71255892826424,707.1255892826424,10.487560790880694
70.86639742918138,708.6639742918137,10.488964860338857
71.0202561926451,710.202561926451,10.4903463944675
71.17413489157629,711.7413489157628,10.49170562779447
71.32803320232186,713.2803320232186,10.493042793919017
71.48195080464117,714.8195080464118,10.494358125502309
71.63588738169202,716.3588738169201,10.495651854258131
71.78984262001666,717.8984262001666,10.496924210943702
71.94381620952765,719.4381620952765,10.498175425350633
72.09780784349353,720.9780784349352,10.499405726296036
72.25181721852438,722.5181721852438,10.500615341613761
72.40584403455733,724.0584403455733,10.501804498145768
72.55988799484187,725.5988799484187,10.502973421733646
72.71394880592503,727.1394880592503,10.504122337210255
72.86802617763648,728.6802617763648,10.505251468391508
73.02211982307351,730.2211982307351,10.50636103806828
73.17622945858587,731.7622945858586,10.507451267998455
73.33035480376047,733.3035480376047,10.508522378899094
73.48449558140607,734.8449558140607,10.509574590438746
73.63865151753771,736.3865151753771,10.510608121229865
73.7928223413612,737.928223413612,10.511623188821375
73.94700778525734,739.4700778525735,10.51262000969135
74.10120758476616,741.0120758476615,10.513598799239814
74.25542147857095,742.5542147857095,10.514559771781677
74.4096492084823,744.096492084823,10.515503140539774
74.56389051942197,745.6389051942198,10.516429117638047
74.71814515940663,747.1814515940663,10.517337914094826
74.8724128795316,748.7241287953159,10.518229739816237
75.0266934339544,750.266934339544,10.519104803589736
75.18098657987832,751.8098657987832,10.519963313077731
75.33529207753574,753.3529207753575,10.520805474811361
75.48960969017149,754.8960969017149,10.521631494184337
75.6439391840261,756.4393918402609,10.522441575446944
75.7982803283189,757.982803283189,10.52323592170012
75.9526328952311,759.526328952311,10.524014734889663
76.1069966598888,761.069966598888,10.52477821580053
76.26137140034577,762.6137140034576,10.525526564051267
76.4157568975664,764.1575689756639,10.52625997808852
76.57015293540834,765.7015293540835,10.526978655181665
76.72455930060522,767.2455930060522,10.527682791417545
76.87897578274917,768.7897578274917,10.528372581695292
77.03340217427335,770.3340217427335,10.52904821972127
77.18783827043441,771.8783827043442,10.529709898004104
77.3422838692948,773.4228386929481,10.530357807849818
77.49673877170511,774.9673877170511,10.530992139357059
77.65120278128626,776.5120278128626,10.53161308141243
77.80567570441168,778.0567570441168,10.53222082168591
77.96015735018939,779.6015735018939,10.532815546626365
78.11464753044402,781.1464753044402,10.533397441457165
78.26914605969876,782.6914605969876,10.53396669017188
78.4236527551573,784.2365275515731,10.534523475530072
78.57816743668569,785.7816743668569,10.535067979053172
78.732689926794,787.32689926794,10.535600381020457
78.88722005061818,788.8722005061818,10.536120860465088
79.04175763590166,790.4175763590166,10.53662959517027
79.19630251297698,791.9630251297699,10.537126761665464
79.35085451474734,793.5085451474733,10.537612535222697
79.50541347666808,795.0541347666808,10.538087089852963
79.6599792367282,796.599792367282,10.538550598302676
79.81455163543171,798.1455163543171,10.53900323205024
79.96913051577899,799.6913051577899,10.539445161302666
80.1237157232481,801.237157232481,10.539876554992286
80.27830710577602,802.7830710577603,10.540297580773538
80.43290451373993,804.3290451373992,10.540708405019823
80.58750779993827,805.8750779993827,10.54110919282043
80.74211681957193,807.4211681957194,10.541500107977564
80.89673143022536,808.9673143022536,10.541881313003405
81.05135149184751,810.5135149184752,10.54225296911726
81.20597686673291,812.0597686673291,10.542615236242796
81.3606074195026,813.6060741950259,10.54296827300531
81.51524301708504,815.1524301708504,10.54331223672909
81.669883528697,816.69883528697,10.543647283434847
81.8245288258244,818.245288258244,10.543973567837183
81.97917878220312,819.7917878220312,10.544291243342158
82.1338332737998,821.3383327379979,10.544600462044897
82.28849217879251,822.8849217879251,10.544901374727266
82.44315537755153,824.4315537755153,10.54519413085561
82.59782275261998,825.9782275261998,10.545478878578553
82.75249418869447,827.5249418869447,10.545755764724856
82.90716957260572,829.0716957260572,10.546024934801322
83.06184879329913,830.6184879329913,10.546286532990777
83.21653174181536,832.1653174181536,10.546540702150093
83.3712183112708,833.712183112708,10.546787583808273
83.52590839683812,835.2590839683812,10.54702731816458
83.68060189572672,836.8060189572673,10.547260044086736
83.83529870716319,838.3529870716319,10.547485899109152
83.98999873237169,839.8999873237169,10.547705019431229
84.14470187455437,841.4470187455437,10.547917539915693
84.29940803887176,842.9940803887176,10.548123594086992
84.45411713242311,844.5411713242311,10.548323314129728
84.60882906422668,846.0882906422669,10.548516830887145
84.7635437452001,847.6354374520009,10.548704273859665
84.91826108814061,849.1826108814062,10.548885771203459
85.07298100770535,850.7298100770536,10.54906144972907
85.2277034203916,852.2770342039161,10.549231434900081
85.382428244517,853.82428244517,10.54939585083182
85.53715540019975,855.3715540019975,10.549554820290108
85.69188480933882,856.9188480933882,10.549708464690047
85.84661639559411,858.466163955941,10.549856904094854
86.0013500843666,860.0135008436661,10.550000257214727
86.1560858027785,861.5608580277851,10.550138641405747
86.3108234796534,863.1082347965339,10.550272172668828
86.46556304549627,864.6556304549626,10.550400965648693
86.62030443247372,866.2030443247372,10.550525133632892
86.77504757439395,867.7504757439395,10.550644788550846
86.92979240668689,869.2979240668689,10.550760040972937
87.0845388663842,870.845388663842,10.550871000109627
87.23928689209934,872.3928689209935,10.550977773810596
87.39403642400762,873.9403642400762,10.551080468563937
87.5487874038262,875.4878740382619,10.551179189495354
87.70353977479405,877.0353977479406,10.551274040367415
87.85829348165204,878.5829348165204,10.551365123578817
88.01304847062286,880.1304847062286,10.55145254016368
88.167804689391,881.67804689391,10.551536389790886
88.32256208708276,883.2256208708276,10.55161677076342
88.47732061424614,884.7732061424614,10.551693780017759
88.63208022283087,886.3208022283086,10.551767513123272
88.78684086616826,887.8684086616827,10.55183806428165
88.94160249895123,889.4160249895123,10.551905526326365
89.09636507721414,890.9636507721415,10.551969990722142
89.25112855831281,892.5112855831281,10.552031547564466
89.40589290090432,894.0589290090431,10.552090285579094
89.56065806492698,895.6065806492699,10.55214629212161
89.71542401158024,897.1542401158024,10.552199653176979
89.87019070330452,898.7019070330451,10.552250453359145
90.02495810376116,900.2495810376116,10.552298775910623
90.17972617781228,901.7972617781229,10.552344702702126
90.33449489150064,903.3449489150064,10.552388314232207
90.4892642120295,904.892642120295,10.552429689626923
90.64403410774251,906.4403410774252,10.552468906639497
90.79880454810358,907.9880454810358,10.552506041650028
90.9535755036767,909.535755036767,10.552541169665188
91.10834694610584,911.0834694610584,10.552574364317948
91.26311884809475,912.6311884809475,10.55260569786732
91.41789118338683,914.1789118338683,10.552635241198107
91.57266392674497,915.7266392674496,10.552663063820672
91.72743705393138,917.2743705393138,10.552689233870714
91.88221054168744,918.8221054168744,10.552713818109066
92.03698436771352,920.3698436771351,10.552736881921499
92.1917585106488,921.917585106488,10.552758489318531
92.34653295005114,923.4653295005114,10.55277870293527
92.50130766637685,925.0130766637685,10.552797584031238
92.65608264096055,926.5608264096055,10.552815192490227
92.81085785599497,928.1085785599497,10.552831586820158
92.96563329451077,929.6563329451077,10.552846824152947
93.12040894035638,931.2040894035638,10.552860960244388
93.2751847781778,932.751847781778,10.55287404947403
93.42996079339841,934.2996079339841,10.552886144845077
93.58473697219875,935.8473697219875,10.552897297984291
93.73951330149642,937.3951330149641,10.5529075591419
93.89428976892579,938.9428976892578,10.55291697719151
94.04906636281788,940.4906636281788,10.552925599630033
94.20384307218013,942.0384307218013,10.552933472577616
94.35861988667622,943.5861988667623,10.552940640777573
94.51339679660587,945.1339679660588,10.55294714759633
94.66817379288466,946.6817379288466,10.552953035023368
94.82295086702378,948.2295086702378,10.552958343671172
94.97772801110992,949.7772801110991,10.552963112775194
95.13250521778501,951.3250521778501,10.552967380193802
95.28728248022604,952.8728248022604,10.552971182408257
95.44205979212485,954.4205979212485,10.552974554522665
95.59683714766797,955.9683714766797,10.552977530263965
95.75161454151637,957.5161454151637,10.552980141981891
95.9063919687853,959.0639196878531,10.55298242064895
96.06116942502406,960.6116942502406,10.552984395860415
96.21594690619584,962.1594690619584,10.552986095834289
96.37072440865745,963.7072440865745,10.552987547411302
96.52550192913921,965.255019291392,10.552988776054896
96.68027946472469,966.8027946472469,10.552989805851212
96.83505701283052,968.3505701283052,10.552990659509078
96.98983457118618,969.8983457118618,10.55299135836001
97.14461213781384,971.4461213781384,10.552991922358197
97.2993897110081,972.993897110081,10.552992370080496
97.45416728931585,974.5416728931584,10.552992718726431
97.60894487151602,976.0894487151602,10.55299298411819
97.7637224565994,977.637224565994,10.552993180700616
97.91850004374844,979.1850004374844,10.552993321541214
98.07327763231706,980.7327763231706,10.552993418330141
98.22805522181042,982.2805522181043,10.55299348138021
98.38283281186473,983.8283281186473,10.552993519626886
98.53761040222706,985.3761040222706,10.552993540628291
98.69238799273514,986.9238799273513,10.552993550565196
98.84716558329713,988.4716558329712,10.552993554241025
99.00194317387144,990.0194317387144,10.552993555081857
99.15672076444656,991.5672076444656,10.552993555136418
99.3114983550208,993.1149835502081,10.55299355507609
99.46627594558211,994.6627594558211,10.552993554194911
99.6210535360879,996.210535360879,10.552993550409566
99.77583112644483,997.7583112644483,10.55299354025939
99.93060871648858,999.3060871648858,10.552993518906378
100.08538630596368,1000.8538630596368,10.552993480135173
100.24016389450331,1002.4016389450331,10.552993416353072
100.39494148160908,1003.9494148160908,10.552993318590023
100.54971906663083,1005.4971906663083,10.552993176498628
100.70449664874646,1007.0449664874645,10.552992978354142
100.85927422694168,1008.5927422694168,10.55299271105448
101.01405179998986,1010.1405179998985,10.552992360120207
101.16882936643178,1011.6882936643178,10.552991909694546
101.32360692455546,1013.2360692455546,10.552991342543386
101.47838447237596,1014.7838447237597,10.552990640055274
101.63316200761517,1016.3316200761517,10.552989782241426
101.78793952768159,1017.8793952768159,10.552988747735732
101.94271702965015,1019.4271702965016,10.552987513794756
102.09749451024206,1020.9749451024206,10.55298605629775
102.25227196580448,1022.5227196580448,10.552984349746659
102.40704939229046,1024.0704939229047,10.552982367266134
102.56182678523865,1025.6182678523865,10.552980080603538
102.71660413975313,1027.1660413975312,10.552977460128966
102.8713814504832,1028.713814504832,10.55297447483526
103.02615871160319,1030.261587116032,10.552971092338023
103.18093591679228,1031.8093591679228,10.552967278875643
103.33571305921424,1033.3571305921423,10.552962999309322
103.49049013149732,1034.9049013149734,10.552958217123093
103.64526712571397,1036.4526712571396,10.552952894423855
103.80004403336068,1038.0004403336068,10.55294699194141
103.95482084533778,1039.5482084533778,10.552940469028496
104.10959755192924,1041.0959755192923,10.55293328366083
104.2643741427825,1042.643741427825,10.552925392437153
104.41915060688822,1044.1915060688823,10.552916750579287
104.57392693256014,1045.7392693256015,10.552907311932184
104.72870310741484,1047.2870310741484,10.552897028963992
104.88347911835162,1048.8347911835162,10.552885852766115
105.0382549515322,1050.382549515322,10.552873733053298
105.19303059236061,1051.930305923606,10.552860618163697
105.34780602546303,1053.4780602546302,10.55284645505897
105.50258123466749,1055.025812346675,10.55283118932437
105.65735620298379,1056.5735620298378,10.552814765168844
105.81213091258327,1058.1213091258328,10.55279712542514
105.96690534477861,1059.6690534477862,10.552778211549937
106.12167948000369,1061.216794800037,10.552757963623954
106.2764532977934,1062.7645329779339,10.552736320352095
106.43122677676344,1064.3122677676345,10.552713219063595
106.58599989459017,1065.8599989459017,10.552688595712171
106.74077262799044,1067.4077262799044,10.552662384876186
106.89554495270139,1068.9554495270138,10.552634519758833
107.05031684346031,1070.5031684346031,10.552604932188315
107.20508827398449,1072.0508827398448,10.55257355261805
107.35985921695102,1073.5985921695103,10.552540310126878
107.51462964397668,1075.1462964397667,10.552505132419293
107.66939952559771,1076.6939952559771,10.552467945825676
107.82416883124976,1078.2416883124977,10.552428675302552
107.97893752924769,1079.789375292477,10.552387244432852
108.13370558676539,1081.3370558676538,10.552343575426203
108.28847296981573,1082.8847296981573,10.552297589119213
108.44323964323034,1084.4323964323034,10.5522492049758
108.59800557063957,1085.9800557063957,10.55219834108751
108.75277071445228,1087.5277071445228,10.552144914173876
108.90753503583579,1089.0753503583578,10.552088839582774
109.06229849469572,1090.6229849469573,10.552030031290814
109.21706104965592,1092.1706104965592,10.55196840190374
109.37182265803835,1093.7182265803835,10.551903862656852
109.526583275843,1095.26583275843,10.55183632341546
109.68134285772776,1096.8134285772776,10.551765692675332
109.83610135698841,1098.361013569884,10.551691877563195
109.99085872553852,1099.908587255385,10.551614783837236
110.14561491388935,1101.4561491388936,10.551534315887634
110.30036987112983,1103.0036987112983,10.551450376737122
110.45512354490654,1104.5512354490654,10.551362868041558
110.6098758814036,1106.098758814036,10.551271690090536
110.76462682532267,1107.6462682532267,10.551176741808009
110.91937631986298,1109.1937631986298,10.551077920752958
111.07412430670124,1110.7412430670124,10.550975123120068
111.2288707259717,1112.288707259717,10.550868243740442
111.38361551624615,1113.8361551624616,10.550757176082344
111.53835861451391,1115.3835861451391,10.550641812251964
111.69309995616189,1116.9309995616188,10.550522042994226
111.84783947495465,1118.4783947495466,10.550397757693617
112.00257710301445,1120.0257710301444,10.550268844375047
112.15731277080128,1121.5731277080129,10.550135189704756
112.31204640709305,1123.1204640709304,10.549996678991226
112.46677793896555,1124.6677793896556,10.549853196186165
112.62150729177269,1126.215072917727,10.549704623885487
112.77623438912656,1127.7623438912656,10.549550843330366
112.9309591528776,1129.309591528776,10.549391734408285
113.08568150309478,1130.8568150309477,10.54922717565417
113.2404013580457,1132.404013580457,10.549057044251517
113.3951186341769,1133.951186341769,10.548881216033587
113.549833246094,1135.49833246094,10.548699565484634
113.70454510654193,1137.0454510654192,10.548511965741174
113.85925412638524,1138.5925412638524,10.548318288593286
114.01396021458831,1140.1396021458831,10.548118404485978
114.16866327819568,1141.6866327819569,10.547912182520571
114.32336322231235,1143.2336322231235,10.547699490456147
114.47805995008412,1144.7805995008412,10.547480194711037
114.63275336267793,1146.3275336267793,10.547254160364348
114.78744335926228,1147.8744335926228,10.547021251157547
114.9421298369876,1149.421298369876,10.546781329496097
115.0968126909667,1150.968126909667,10.54653425645112
115.25149181425519,1152.5149181425518,10.546279891761138
115.40616709783203,1154.0616709783203,10.546018093833855
115.56083843057995,1155.6083843057995,10.545748719747978
115.71550569926607,1157.1550569926608,10.545471625255113
115.87016878852243,1158.7016878852244,10.545186664781697
116.02482758082654,1160.2482758082654,10.544893691431007
116.17948195648208,1161.7948195648207,10.544592556985192
116.3341317935995,1163.341317935995,10.5442831119074
116.48877696807672,1164.8877696807672,10.54396520534394
116.64341735357986,1166.4341735357987,10.5436386851265
116.798052821524,1167.98052821524,10.543303397774448
116.95268324105393,1169.5268324105393,10.542959188497171
117.10730847902501,1171.07308479025,10.542605901196495
117.261928399984,1172.61928399984,10.542243378469152
117.41654286614998,1174.1654286614998,10.541871461609324
117.57115173739528,1175.7115173739528,10.541489990611247
117.72575487122643,1177.2575487122642,10.541098804171886
117.88035212276519,1178.8035212276518,10.540697739693677
118.03494334472963,1180.3494334472962,10.540286633287328
118.18952838741517,1181.8952838741516,10.53986531977471
118.34410709867576,1183.4410709867577,10.539433632691798
118.4986793239051,1184.986793239051,10.538991404291703
118.65324490601775,1186.5324490601774,10.538538465547763
118.80780368543053,1188.0780368543053,10.538074646156717
118.9623555000438,1189.623555000438,10.537599774541956
119.11690018522282,1191.1690018522281,10.537113677856837
119.27143757377918,1192.714375737792,10.536616181988098
119.42596749595229,1194.259674959523,10.53610711155933
119.58048977939087,1195.8048977939088,10.535586289934546
119.73500424913458,1197.3500424913457,10.53505353922182
119.88951072759559,1198.895107275956,10.534508680277016
120.04400903454035,1200.4400903454034,10.533951532707595
120.19849898707128,1201.9849898707128,10.533381914876516
120.35298039960855,1203.5298039960855,10.532799643906209
120.50745308387205,1205.0745308387204,10.53220453568265
120.6619168488632,1206.619168488632,10.53159640485952
120.81637150084701,1208.16371500847,10.530975064862448
120.97081684333412,1209.7081684333411,10.530340327893345
121.1252526770629,1211.252526770629,10.529692004934846
121.27967879998164,1212.7967879998164,10.529029905754824
121.4340950072308,1214.340950072308,10.528353838911011
121.58850109112534,1215.8850109112534,10.527663611755715
121.7428968411371,1217.428968411371,10.526959030440624
121.89728204387728,1218.972820438773,10.526239899921723
122.05165648307896,1220.5165648307895,10.525506023964294
122.2060199395797,1222.060199395797,10.524757205148033
122.36037219130428,1223.6037219130428,10.523993244872255
122.51471301324737,1225.1471301324736,10.523213943361212
122.66904217745649,1226.6904217745648,10.522419099669506
122.82335945301486,1228.2335945301486,10.521608511687617
122.97766460602442,1229.7766460602443,10.52078197614753
123.13195739958894,1231.3195739958894,10.519939288628477
123.28623759379721,1232.862375937972,10.519080243562774
123.44050494570624,1234.4050494570624,10.518204634241792
123.5947592093247,1235.947592093247,10.517312252822016
123.74900013559633,1237.4900013559634,10.516402890331229
123.90322747238343,1239.0322747238342,10.515476336674809
124.05744096445059,1240.574409644506,10.514532380642136
124.21164035344835,1242.1164035344834,10.51357080991312
124.36582537789701,1243.65825377897,10.51259141106485
124.51999577317062,1245.1999577317063,10.51159396957835
124.67415127148097,1246.7415127148097,10.510578269845468
124.82829160186168,1248.2829160186168,10.509544095175873
124.98241649015252,1249.8241649015251,10.508491227804189
125.13652565898366,1251.3652565898365,10.507419448897245
125.29061882776017,1252.9061882776018,10.50632853856144
125.44469571264658,1254.4469571264658,10.505218275850257
125.59875602655151,1255.9875602655152,10.50408843877188
125.7527994791125,1257.527994791125,10.50293880429696
125.90682577668085,1259.0682577668085,10.501769148366488
126.06083462230669,1260.6083462230667,10.500579245899829
126.21482571572409,1262.148257157241,10.499368870802845
126.36879875333634,1263.6879875333634,10.498137795976207
126.52275342820128,1265.2275342820128,10.49688579332378
126.67668943001686,1266.7668943001686,10.495612633761196
126.83060644510677,1268.3060644510676,10.494318087224524
126.98450415640612,1269.8450415640611,10.493001922679108
127.13838224344747,1271.3838224344747,10.491663908128517
127.29224038234675,1272.9224038234674,10.49030381062366
127.44607824578945,1274.4607824578945,10.488921396272017
127.59989550301695,1275.9989550301696,10.487516430247036
127.75369181981294,1277.5369181981293,10.486088676797648
127.90746685848998,1279.0746685848999,10.484637899257955
128.0612202778763,1280.6122027787628,10.483163860057031
128.2149517333025,1282.1495173330252,10.481666320728902
128.36866087658888,1283.6866087658886,10.48014504192264
128.52234735603224,1285.2234735603224,10.478599783412637
128.67601081639353,1286.7601081639352,10.477030304109006
128.82965089888506,1288.2965089888507,10.475436362068141
128.98326724115836,1289.8326724115836,10.473817714503426
129.13685947729184,1291.3685947729184,10.4721741177961
129.29042723777877,1292.9042723777877,10.470505327506276
129.44397014951545,1294.4397014951546,10.468811098384098
129.59748783578942,1295.9748783578943,10.467091184381083
129.75097991626797,1297.5097991626797,10.46534533866159
129.90444600698675,1299.0444600698675,10.463573313614466
130.0578857203386,1300.578857203386,10.461774860864839
130.21129866506243,1302.1129866506244,10.45994973128607
130.36468444623253,1303.6468444623254,10.458097675011873
130.51804266524772,1305.1804266524773,10.456218441448591
130.671372919821,1306.71372919821,10.454311779287629
130.8246748039692,1308.246748039692,10.452377436518054
130.97794790800282,1309.779479080028,10.450415160439357
131.13119181851619,1311.3119181851619,10.448424697674383
131.28440611837772,1312.8440611837773,10.446405794182414
131.43759038672033,1314.3759038672033,10.444358195272432
131.5907441989321,1315.907441989321,10.442281645616532
131.74386712664716,1317.4386712664716,10.440175889263525
131.89695873773675,1318.9695873773676,10.438040669652674
132.05001859630048,1320.5001859630047,10.435875729627634
132.20304626265778,1322.030462626578,10.433680811450541
132.35604129333962,1323.560412933396,10.431455656816269
132.50900324108034,1325.0900324108034,10.429200006866862
132.66193165480982,1326.6193165480981,10.426913602206145
132.81482607964577,1328.1482607964576,10.42459618291449
132.9676860568863,1329.676860568863,10.42224748856376
133.1205111240026,1331.205111240026,10.419867258232433
133.27330081463208,1332.7330081463208,10.417455230520883
133.42605465857145,1334.2605465857146,10.415011143566847
133.57877218177018,1335.7877218177018,10.412534735061065
133.73145290632422,1337.3145290632422,10.41002574226308
133.88409635046995,1338.8409635046994,10.407483902017232
134.0367020285782,1340.367020285782,10.404908950768807
134.18926945114873,1341.8926945114872,10.40230062458038
134.34179812480485,1343.4179812480486,10.399658659148317
134.49428755228828,1344.9428755228828,10.396982789819457
134.64673723245429,1346.4673723245428,10.39427275160798
134.799146660267,1347.9914666026702,10.391528279212432
134.95151532679515,1349.5151532679515,10.388749107032943
135.10384271920773,1351.0384271920773,10.385934969188613
135.25612832077044,1352.5612832077045,10.38308559953507
135.4083716108418,1354.0837161084182,10.380200731682217
135.56057206487,1355.6057206487,10.377280099012147
135.71272915438968,1357.1272915438967,10.374323434697228
135.86484234701922,1358.6484234701923,10.37133047171838
136.0169111064582,1360.169111064582,10.368300942883513
136.16893489248508,1361.689348924851,10.365234580846153
136.32091316095529,1363.209131609553,10.362131118124235
136.47284536379937,1364.7284536379937,10.358990287119077
136.62473094902174,1366.2473094902175,10.35581182013453
136.7765693606994,1367.7656936069939,10.352595449396294
136.92836003898114,1369.2836003898115,10.349340907071426
137.08010242008697,1370.8010242008697,10.346047925288008
137.23179593630778,1372.3179593630778,10.342716236154997
137.38344001600544,1373.8344001600544,10.339345571782241
137.53503408361303,1375.3503408361303,10.33593566430068
137.6865775596355,1376.865775596355,10.332486245882714
137.8380698606506,1378.380698606506,10.32899704876274
137.98951039930998,1379.8951039930998,10.325467805257869
138.14089858434082,1381.4089858434081,10.321898247788804
138.29223382054764,1382.9223382054763,10.318288108900903
138.4435155088144,1384.4351550881438,10.314637121285399
138.59474304610697,1385.9474304610696,10.310945017800796
138.74591582547595,1387.4591582547596,10.307211531494426
138.89703323605966,1388.9703323605966,10.303436395624196
139.04809466308762,1390.4809466308761,10.299619343680465
139.19909948788427,1391.9909948788427,10.295760109408125
139.35004708787304,1393.5004708787303,10.29185842682882
139.5009368365807,1395.009368365807,10.287914030263343
139.65176810364213,1396.5176810364212,10.283926654354188
139.80254025480528,1398.0254025480529,10.279896034088278
139.9532526519367,1399.5325265193671,10.275821904819834
140.10390465302714,1401.0390465302714,10.271704002293419
140.25449561219767,1402.5449561219766,10.267542062667129
140.40502487970605,1404.0502487970605,10.263335822535959
140.55549180195356,1405.5549180195358,10.259085018955307
140.70589572149203,1407.0589572149202,10.254789389464635
140.85623597703128,1408.5623597703127,10.250448672111295
141.00651190344698,1410.0651190344697,10.246062605474492
141.15672283178878,1411.5672283178878,10.241630928689414
141.3068680892888,1413.068680892888,10.23715338147149
141.45694699937053,1414.5694699937053,10.23262970414081
141.60695888165802,1416.06958881658,10.228059637646691
141.75690305198546,1417.5690305198546,10.223442923592373
141.90677882240726,1419.0677882240725,10.218779304259877
142.0565855012082,1420.565855012082,10.214068522634983
142.20632239291422,1422.0632239291422,10.209310322432355
142.35598879830346,1423.5598879830345,10.20450444812081
142.50558401441774,1425.0558401441774,10.19965064494871
142.65510733457424,1426.5510733457425,10.194748658969488
142.80455804837783,1428.0455804837784,10.189798237067308
142.95393544173353,1429.5393544173353,10.184799126982856
143.10323879685956,1431.0323879685957,10.17975107733925
143.25246739230047,1432.5246739230047,10.174653837668071
143.4016205029411,1434.0162050294111,10.169507158435534
143.55069740002048,1435.5069740002048,10.16431079106875
143.69969735114637,1436.9969735114637,10.159064487982137
143.84861962031016,1438.4861962031016,10.153768002603913
143.9974634679021,1439.974634679021,10.148421089402724
144.14622815072696,1441.4622815072696,10.143023503914376
144.29491292202007,1442.9491292202008,10.137575002768665
144.44351703146376,1444.4351703146376,10.132075343716322
144.5920397252042,1445.9203972520418,10.126524285656053
144.7404802458686,1447.4048024586862,10.120921588661682
144.888837832583,1448.88837832583,10.115267014009387
145.03711172099,1450.3711172099,10.109560324205024
145.18530114326754,1451.8530114326754,10.103801283011553
145.3334053281475,1453.334053281475,10.09798965547654
145.48142350093508,1454.8142350093508,10.092125207959754
145.62935488352835,1456.2935488352834,10.086207708160824
145.7771986944384,1457.771986944384,10.080236925147009
145.92495414880975,1459.2495414880975,10.074212629381003
146.0726204584412,1460.726204584412,10.068134592748839
146.22019683180724,1462.2019683180724,10.062002588587855
146.3676824740796,1463.676824740796,10.055816391714712
146.51507658714945,1465.1507658714945,10.049575778453494
146.66237836964987,1466.6237836964988,10.043280526663851
146.80958701697884,1468.0958701697884,10.036930415769197
146.95670172132253,1469.5670172132254,10.030525226784967
147.10372167167912,1471.0372167167911,10.024064742346917
147.25064605388292,1472.5064605388293,10.017548746739468
147.39747405062903,1473.9747405062903,10.010977025924085
147.54420484149833,1475.4420484149832,10.004349367567695
147.6908376029829,1476.908376029829,9.99766556107115
147.83737150851184,1478.3737150851184,9.99092539759769
147.98380572847762,1479.8380572847761,9.98412867010147
148.1301394302627,1481.301394302627,9.977275173356055
148.2763717782666,1482.763717782666,9.970364703982993
148.42250193393355,1484.2250193393354,9.963397060480348
148.5685290557803,1485.685290557803,9.956372043251271
148.71445229942455,1487.1445229942456,9.949289454632565
148.86027081761372,1488.6027081761372,9.942149098923249
149.00598376025414,1490.0598376025414,9.93495078241313
149.15159027444065,1491.5159027444065,9.927694313411346
149.29708950448668,1492.9708950448667,9.92037950227491
149.44248059195462,1494.424805919546,9.91300616143724
149.58776267568683,1495.8776267568683,9.905574105436656
149.7329348918368,1497.329348918368,9.898083150944856
149.8779963739009,1498.7799637390092,9.890533116795366
150.02294625275056,1500.2294625275056,9.882923824011943
150.16778365666468,1501.6778365666469,9.875255095836952
150.3125077113627,1503.1250771136272,9.86752675775969
150.45711754003798,1504.5711754003798,9.859738637544664
150.60161226339147,1506.0161226339146,9.851890565259811
150.74599099966602,1507.4599099966601,9.843982373304664
150.89025286468092,1508.902528646809,9.836013896438457
151.03439697186693,1510.3439697186693,9.827984971808153
151.17842243230177,1511.7842243230177,9.819895438976403
151.32232835474588,1513.2232835474588,9.811745139949432
151.46611384567868,1514.6611384567868,9.803533919204837
151.6097780093353,1516.0977800933529,9.795261623719298
151.7533199477435,1517.5331994774351,9.786928102996196
151.8967387607613,1518.967387607613,9.778533209093126
152.04003354611473,1520.4003354611473,9.77007679664933
152.18320339943608,1521.8320339943607,9.761558722912989
152.32624741430266,1523.2624741430266,9.75297884776843
152.46916468227576,1524.6916468227575,9.744337033763204
152.61195429294017,1526.1195429294016,9.735633146135026
152.75461533394403,1527.5461533394403,9.726867052838625
152.89714689103906,1528.9714689103905,9.718038624572406
153.03954804812113,1530.3954804812113,9.709147734805027
153.18181788727136,1531.8181788727136,9.700194259801792
153.3239554887975,1533.2395548879751,9.691178078650918
153.46595993127573,1534.6595993127573,9.682099073289628
153.60783029159273,1536.0783029159275,9.672957128530102
153.7495656449884,1537.4956564498839,9.663752132085252
153.8911650650986,1538.9116506509858,9.654483974594324
154.0326276239985,1540.326276239985,9.64515254964833
154.17395239224638,1541.7395239224638,9.6357577538153
154.31513843892745,1543.1513843892744,9.62629948666533
154.45618483169838,1544.5618483169837,9.616777650795463
154.59709063683198,1545.97090636832,9.607192151854349
154.7378549192624,1547.378549192624,9.597542898566722
154.87847674263048,1548.7847674263048,9.587829802757641
155.01895516932976,1550.1895516932975,9.578052779376549
155.15928926055247,1551.5928926055246,9.56821174652109
155.2994780763361,1552.994780763361,9.5583066254607
155.43952067561037,1554.3952067561036,9.548337340659993
155.57941611624426,1555.7941611624426,9.53830381980187
155.71916345509368,1557.1916345509367,9.528205993810428
155.8587617480493,1558.587617480493,9.518043796873593
155.99821005008468,1559.9821005008469,9.507817166465513
156.13750741530495,1561.3750741530496,9.497526043368692
156.2766528969955,1562.766528969955,9.487170371695862
156.4156455476712,1564.156455476712,9.476750098911582
156.55448441912588,1565.5448441912588,9.466265175853565
156.69316856248213,1566.9316856248213,9.45571555675373
156.8316970282413,1568.316970282413,9.445101199258964
156.970068866334,1569.70068866334,9.4344220644516
157.1082831261707,1571.082831261707,9.423678116869585
157.24633885669274,1572.4633885669275,9.412869324526376
157.38423510642357,1573.8423510642358,9.401995658930497
157.52197092352034,1575.2197092352035,9.391057095104811
157.65954535582568,1576.5954535582568,9.380053611605456
157.7969574509198,1577.9695745091979,9.368985190540478
157.9342062561728,1579.3420625617282,9.357851817588125
158.07129081879748,1580.7129081879748,9.346653482014815
158.20821018590198,1582.0821018590198,9.33539017669276
158.34496340454308,1583.4496340454307,9.324061898117256
158.48154952177958,1584.8154952177958,9.312668646423628
158.61796758472585,1586.1796758472585,9.30121042540381
158.75421664060576,1587.5421664060577,9.289687242522582
158.89029573680676,1588.9029573680677,9.278099108933437
159.02620392093422,1590.2620392093422,9.266446039494092
159.16194024086596,1591.6194024086597,9.254728052781607
159.29750374480705,1592.9750374480705,9.242945171107149
159.43289348134473,1594.3289348134474,9.231097420530368
159.5681084995037,1595.681084995037,9.219184830873381
159.7031478488014,1597.0314784880138,9.207207435734372
159.83801057930359,1598.380105793036,9.195165272500793
159.97269574168018,1599.7269574168017,9.18305838236218
160.10720238726114,1601.0720238726115,9.17088681032254
160.2415295680926,1602.415295680926,9.158650605212351
160.3756763369932,1603.7567633699318,9.146349819700143
160.50964174761046,1605.0964174761045,9.133984510303653
160.6434248544775,1606.434248544775,9.121554737400578
160.7770247130697,1607.770247130697,9.109060565238877
160.91044037986165,1609.1044037986167,9.096502061946676
161.04367091238424,1610.4367091238423,9.083879299541712
161.1767153692818,1611.7671536928178,9.071192353940349
161.30957281036933,1613.0957281036933,9.058441304966152
161.44224229669013,1614.4224229669012,9.04562623635803
161.5747228905731,1615.747228905731,9.032747235777899
161.7070136556906,1617.070136556906,9.019804394817927
161.83911365711594,1618.3911365711594,9.006797809007294
161.97102196138152,1619.7102196138153,8.993727577818523
162.10273763653652,1621.0273763653652,8.980593804673312
162.23425975220496,1622.3425975220496,8.96739659694793
162.36558737964384,1623.6558737964383,8.95413606597813
162.4967195918012,1624.9671959180118,8.940812327063588
162.6276554633743,1626.2765546337432,8.927425499471875
162.75839407086798,1627.5839407086798,8.913975706441942
162.88893449265282,1628.8893449265283,8.900463075187124
163.01927580902358,1630.1927580902359,8.88688773689767
163.14941710225747,1631.4941710225748,8.873249826742759
163.27935745667259,1632.793574566726,8.859549483872069
163.40909595868627,1634.0909595868627,8.845786851416811
163.53863169687352,1635.3863169687352,8.831962076490298
163.66796376202547,1636.6796376202547,8.818075310187991
163.79709124720765,1637.9709124720764,8.804126707587077
163.92601324781847,1639.2601324781847,8.790116427745515
164.05472886164756,1640.5472886164757,8.7760446337006
164.18323718893413,1641.8323718893412,8.761911492467013
164.31153733242522,1643.1153733242522,8.747717175034353
164.43962839743395,1644.3962839743394,8.733461856364183
164.56750949189782,1645.6750949189782,8.719145715386556
164.69517972643672,1646.951797264367,8.704768934996007
164.82263821441114,1648.2263821441115,8.690331702047077
164.94988407198008,1649.4988407198007,8.675834207349267
165.07691641815902,1650.7691641815902,8.661276645661527
165.2037343748777,1652.0373437487772,8.6466592156862
165.33033706703804,1653.3033706703804,8.631982120062442
165.4567236225715,1654.567236225715,8.61724556535915
165.58289317249682,1655.8289317249682,8.602449762067343
165.70884485097733,1657.0884485097733,8.58759492459204
165.83457779537827,1658.3457779537825,8.572681271243608
165.96009114632392,1659.6009114632393,8.557709024228597
166.0853840477546,1660.8538404775459,8.542678409640041
166.21045564698346,1662.1045564698347,8.527589657447253
166.33530509475335,1663.3530509475336,8.512443001485087
166.45993154529313,1664.5993154529313,8.497238679442674
166.58433415637418,1665.843341563742,8.481976932851662
166.70851208936654,1667.0851208936654,8.466658007073901
166.83246450929485,1668.3246450929485,8.451282151288629
166.9561905848942,1669.561905848942,8.435849618479132
167.07968948866568,1670.796894886657,8.42036066541889
167.20296039693184,1672.0296039693185,8.40481555265719
167.32600248989172,1673.2600248989172,8.389214544504231
167.44881495167587,1674.4881495167588,8.373557909015727
167.57139697040105,1675.7139697040107,8.357845917976958
167.6937477382247,1676.937477382247,8.342078846886343
167.81586645139902,1678.15866451399,8.32625697493848
167.93775231032512,1679.3775231032512,8.310380585006678
168.05940451960663,1680.5940451960664,8.294449963624988
168.18082228810303,1681.8082228810304,8.27846540096971
168.30200482898292,1683.0200482898292,8.26242719084041
168.42295135977682,1684.2295135977681,8.24633563064043
168.54366110242975,1685.4366110242975,8.230191021356882
168.66413328335346,1686.6413328335348,8.213993667540153
168.7843671334784,1687.8436713347842,8.197743877282928
168.9043618883054,1689.043618883054,8.18144196219869
169.02411678795687,1690.2411678795688,8.165088237399738
169.14363107722792,1691.4363107722793,8.148683021474735
169.26290400563698,1692.6290400563698,8.132226636465733
169.38193482747602,1693.8193482747602,8.115719407844743
169.50072280186058,1695.0072280186057,8.099161664489827
169.6192671927794,1696.192671927794,8.082553738660684
169.73756726914354,1697.3756726914353,8.065895965973784
169.85562230483535,1698.5562230483536,8.04918868537704
169.9734315787569,1699.734315787569,8.032432239123983
170.0909943748781,1700.9099437487812,8.015626972747507
170.20830998228436,1702.0830998228437,7.99877323503312
170.32537769522395,1703.2537769522396,7.981871377991785
170.44219681315488,1704.4219681315487,7.9649217568322594
170.5587666407914,1705.587666407914,7.947924729933016
170.67508648815001,1706.7508648815,7.930880658813722
170.79115567059523,1707.9115567059523,7.913789908106269
170.9069735088847,1709.069735088847,7.89665284552537
171.022539329214,1710.2253932921399,7.879469841838729
171.13785246326097,1711.3785246326097,7.862241270836789
171.25291224822965,1712.5291224822965,7.844967509302055
171.3677180268936,1713.6771802689361,7.827648936977997
171.48226914763902,1714.8226914763902,7.810285936537555
171.59656496450705,1715.9656496450705,7.792878893551229
171.710604837236,1717.10604837236,7.7754281964547705
171.8243881313027,1718.243881313027,7.757934236516476
171.93791421796374,1719.3791421796373,7.74039740780411
172.0511824742959,1720.511824742959,7.7228181071514115
172.16419228323628,1721.6419228323628,7.705196734124248
172.27694303362188,1722.7694303362186,7.687533690986392
172.3894341202286,1723.894341202286,7.669829382664915
172.50166494380989,1725.0166494380987,7.652084216715245
172.6136349111347,1726.136349111347,7.6342986032858455
172.72534343502502,1727.2534343502502,7.616472955082557
172.8367899343928,1728.367899343928,7.598607687332601
172.94797383427655,1729.4797383427656,7.580703217748235
173.05889456587707,1730.5889456587706,7.562759966490075
173.16955156659293,1731.6955156659292,7.544778356130111
173.27994428005525,1732.7994428005525,7.526758811614387
173.39007215616195,1733.9007215616195,7.50870176022538
173.49993465111152,1734.9993465111152,7.490607631544071
173.60953122743612,1736.0953122743613,7.472476857411712
173.7188613540342,1737.188613540342,7.454309871891308
173.82792450620246,1738.2792450620245,7.43610711122882
173.93672016566737,1739.3672016566736,7.417869013814077
174.04524782061597,1740.4524782061596,7.3995960201414235
174.15350696572622,1741.5350696572623,7.381288572770101
174.26149710219664,1742.6149710219665,7.36294711628438
174.36921773777544,1743.6921773777544,7.344572097253431
174.47666838678904,1744.7666838678904,7.326163964190968
174.58384857017003,1745.8384857017004,7.307723167514636
174.69075781548446,1746.9075781548445,7.2892501595051815
174.79739565695854,1747.9739565695854,7.2707453942654094
174.90376163550482,1749.0376163550482,7.252209327678916
175.00985529874765,1750.0985529874765,7.233642417368612
175.1156762010481,1751.156762010481,7.2150451226550665
175.22122390352826,1752.2122390352824,7.196417904514631
175.32649797409485,1753.2649797409485,7.1777612255374095
175.43149798746234,1754.3149798746233,7.159075549885024
175.53622352517536,1755.3622352517536,7.1403613432482445
175.64067417563047,1756.4067417563047,7.121619072804416
175.74484953409734,1757.4484953409733,7.102849207174771
175.84874920273936,1758.4874920273935,7.084052216381584
175.95237279063346,1759.5237279063347,7.06522857180517
176.0557199137895,1760.557199137895,7.046378746140778
176.15879019516882,1761.5879019516883,7.027503213355354
176.26158326470235,1762.6158326470236,7.008602448644172
176.36409875930792,1763.6409875930792,6.989676928387395
176.46633632290707,1764.6633632290707,6.970727130106498
176.568295606441,1765.68295606441,6.951753532420613
176.66997626788628,1766.699762678863,6.93275661500282
176.7713779722694,1767.713779722694,6.9137368585363035
176.87250039168106,1768.7250039168107,6.894694744670499
176.97334320528975,1769.7334320528976,6.875630755977143
177.07390609935456,1770.7390609935455,6.856545375906286
177.1741887672374,1771.741887672374,6.8374390887422525
177.2741909094147,1772.741909094147,6.8183123795595755
177.37391223348817,1773.7391223348818,6.7991657341788905
177.4733524541953,1774.7335245419529,6.779999639122819
177.57251129341884,1775.7251129341885,6.760814581571827
177.6713884801959,1776.713884801959,6.741611049320092
177.76998375072628,1777.6998375072628,6.722389530731366
177.86829684838017,1778.6829684838017,6.703150514694835
177.96632752370516,1779.6632752370515,6.683894490581023
178.0640755344328,1780.6407553443278,6.664621948197707
178.16154064548417,1781.6154064548416,6.645333377745851
178.2587226289752,1782.587226289752,6.626029269775609
178.35562126422096,1783.5562126422096,6.606710115142356
178.45223633773963,1784.5223633773962,6.587376404962788
178.54856764325564,1785.4856764325564,6.5680286305710744
178.64461498170218,1786.4461498170217,6.5486672834750905
178.7403781612232,1787.4037816122318,6.529292855312715
178.83585699717457,1788.3585699717457,6.509905837808224
178.93105131212482,1789.3105131212483,6.490506722728792
179.025960935855,1790.25960935855,6.471096001841058
179.12058570535822,1791.2058570535823,6.451674166867834
179.21492546483813,1792.1492546483814,6.432241709444899
179.30898006570723,1793.0898006570724,6.412799121077958
179.40274936658426,1794.0274936658425,6.3933468930996735
179.49623323329098,1794.9623323329097,6.373885516626876
179.58943153884843,1795.8943153884843,6.3544154825179096
179.68234416347252,1796.8234416347252,6.334937281330122
179.77497099456897,1797.7497099456898,6.31545140327751
179.8673119267277,1798.673119267277,6.295958338188537
179.95936686171646,1799.5936686171647,6.276458575464117
180.05113570847408,1800.5113570847407,6.256952604035778
180.14261838310287,1801.4261838310288,6.237440912324013
180.23381480886056,1802.3381480886055,6.217923988196812
180.32472491615158,1803.2472491615158,6.198402318928409
180.41534864251778,1804.1534864251778,6.178876391158212
180.50568593262847,1805.0568593262847,6.159346690849958
180.59573673826995,1805.9573673826994,6.1398137032510895
180.68550101833438,1806.855010183344,6.120277912852332
180.77497873880813,1807.7497873880814,6.100739803347533
180.8641698727595,1808.641698727595,6.081199857593697
180.95307440032585,1809.5307440032584,6.061658557571294
181.0416923087001,1810.4169230870011,6.042116384344807
181.1300235921169,1811.3002359211691,6.022573818023531
181.21806825183788,1812.1806825183787,6.0030313377226125
181.30582629613656,1813.0582629613655,5.983489421524395
181.39329774028263,1813.9329774028263,5.963948546439983
181.48048260652573,1814.8048260652572,5.944409188371143
181.56738092407852,1815.6738092407852,5.924871822072413
181.65399272909943,1816.5399272909942,5.905336921113573
181.74031806467463,1817.4031806467463,5.885804957842339
181.8263569807996,1818.263569807996,5.86627640334741
181.91210953436018,1819.1210953436018,5.846751727421774
181.99757578911294,1819.9757578911294,5.827231398526349
182.0827558156652,1820.827558156652,5.807715883753923
182.16764969145436,1821.6764969145436,5.788205648793406
182.25225750072684,1822.5225750072684,5.768701157894418
182.33657933451647,1823.3657933451648,5.749202873832191
182.42061529062232,1824.2061529062232,5.7297112578728004
182.50436547358606,1825.0436547358606,5.710226769738734
182.58782999466882,1825.8782999466882,5.690749867574805
182.6710089718276,1826.710089718276,5.6712810079144
182.7539025296911,1827.539025296911,5.6518206456460724
182.83651079953512,1828.365107995351,5.632369233980494
182.91883391925748,1829.1883391925749,5.612927224417744
183.00087203335246,1830.0087203335247,5.5934950667150005
183.08262529288479,1830.826252928848,5.57407320885453
183.16409385546302,1831.6409385546303,5.554662097012095
183.2452778852128,1832.452778852128,5.535262175525711
183.32617755274927,1833.2617755274928,5.515873886864766
183.40679303514932,1834.0679303514933,5.496497671599533
183.48712451592323,1834.8712451592323,5.477133968371055
183.56717218498596,1835.6717218498598,5.457783213861411
183.64693623862803,1836.4693623862804,5.438445842764368
183.72641687948587,1837.2641687948587,5.419122287756418
183.80561431651182,1838.056143165118,5.3998129794682015
183.88452876494378,1838.8452876494378,5.38051834645635
183.96316044627432,1839.631604462743,5.3612388151756765
184.04150958821944,1840.4150958821945,5.341974809951806
184.11957642468698,1841.1957642468699,5.322726752954198
184.19736119574463,1841.9736119574463,5.303495064169557
184.2748641475875,1842.748641475875,5.284280161375648
184.35208553250527,1843.5208553250527,5.265082460115536
184.4290256088492,1844.290256088492,5.245902373672237
184.5056846409985,1845.0568464099852,5.22674031304374
184.58206289932653,1845.8206289932652,5.207596686918478
184.6581606601665,1846.5816066016648,5.188471901651212
184.73397820577688,1847.3397820577688,5.1693663612393035
184.80951582430663,1848.0951582430662,5.150280467299442
184.88477380975976,1848.8477380975976,5.131214619044748
184.9597524619599,1849.597524619599,5.11216921326233
185.03445208651434,1850.3445208651433,5.093144644291234
185.10887299477773,1851.0887299477772,5.074141304000834
185.18301550381565,1851.8301550381566,5.05515958176964
185.2568799363678,1852.568799363678,5.036199864464532
185.3304666208107,1853.3046662081072,5.017262536420384
185.40377589112046,1854.0377589112045,4.9983479794201795
185.47680808683492,1854.7680808683492,4.979456572675479
185.54956355301573,1855.4956355301574,4.960588692807358
185.62204264021003,1856.2204264021002,4.941744713827758
185.69424570441197,1856.9424570441197,4.9229250071212665
185.7661731070239,1857.6617310702388,4.904129941427305
185.8378252148173,1858.3782521481728,4.885359882822769
185.90920239989347,1859.0920239989348,4.86661519470506
185.98030503964407,1859.8030503964405,4.847896237775592
186.0511335167112,1860.5113351671118,4.82920337002367
186.12168821894753,1861.2168821894752,4.8105369467108385
186.19196953937598,1861.9196953937599,4.7918973203556
186.26197787614933,1862.6197787614933,4.773284840718635
186.33171363250955,1863.3171363250954,4.754699854788356
186.40117721674687,1864.0117721674687,4.736142706766955
186.47036904215884,1864.7036904215884,4.717613738056844
186.53928952700892,1865.3928952700892,4.6991132872475045
186.60793909448515,1866.0793909448514,4.680641690102789
186.6763181726585,1866.7631817265851,4.662199279548613
186.74442719444107,1867.4442719444107,4.64378638566107
186.81226659754412,1868.1226659754411,4.625403335654989
186.87983682443593,1868.7983682443592,4.607050453872844
186.94713832229954,1869.4713832229954,4.588728061774175
187.0141715429903,1870.1417154299031,4.570436477925316
187.08093694299336,1870.8093694299337,4.552176017989616
187.1474349833808,1871.474349833808,4.533946994718022
187.2136661297689,1872.136661297689,4.515749717940089
187.2796308522752,1872.796308522752,4.497584494555408
187.3453296254753,1873.453296254753,4.479451628525391
187.4107629283597,1874.107629283597,4.46135142086551
187.47593124429054,1874.7593124429054,4.443284169637922
187.54083506095807,1875.4083506095808,4.425250169944466
187.60547487033722,1876.0547487033723,4.407249713920097
187.669851168644,1876.6985116864398,4.389283090726694
187.7339644562917,1877.3396445629169,4.371350586547239
187.7978152378473,1877.978152378473,4.353452484580439
187.86140402198745,1878.6140402198746,4.33558906503567
187.9247313214547,1879.247313214547,4.317760605128372
187.9877976530134,1879.8779765301338,4.299967379075779
188.05060353740575,1880.5060353740575,4.282209658093043
188.11314949930772,1881.1314949930772,4.26448771038975
188.1754360672849,1881.7543606728489,4.246801801166786
188.2374637737483,1882.3746377374828,4.229152192613599
188.2992331549102,1882.9923315491021,4.211539143905812
188.36074475073997,1883.6074475073997,4.19396291120321
188.4219991049196,1884.2199910491959,4.176423747648103
188.48299676479965,1884.8299676479965,4.1589219033640425
188.5437382813549,1885.437382813549,4.141457625454871
188.60422420914,1886.0422420914,4.124031158004163
188.66445510624519,1886.644551062452,4.106642742075017
188.72443153425203,1887.2443153425204,4.089292615710162
188.78415405818907,1887.8415405818907,4.0719810139324455
188.84362324648762,1888.4362324648762,4.054708168745661
188.90283967093742,1889.0283967093742,4.037474309135684
188.96180390664247,1889.6180390664247,4.02027966107199
189.02051653197677,1890.2051653197677,4.003124447509467
189.07897812854011,1890.7897812854012,3.986008888390589
189.13718928111405,1891.3718928111405,3.968933200647895
189.19515057761765,1891.9515057761764,3.9518975982067936
189.25286260906356,1892.5286260906355,3.9349022919887076
189.31032596951388,1893.1032596951388,3.9179474899145066
189.3675412560363,1893.675412560363,3.9010333969082818
189.4245090686602,1894.245090686602,3.884160214901415
189.48123001033275,1894.8123001033275,3.867328142836936
189.53770468687523,1895.3770468687524,3.8505373766742337
189.59393370693928,1895.9393370693929,3.8337881093940145
189.64991768196336,1896.4991768196337,3.8170805310035916
189.70565722612915,1897.0565722612914,3.800414828542437
189.76115295631814,1897.6115295631814,3.783791186088053
189.8164054920683,1898.164054920683,3.7672097847621075
189.8714154555308,1898.7141545553081,3.750670802736861
189.92618347142684,1899.2618347142684,3.7341744152418515
189.98071016700456,1899.8071016700455,3.717720794570899
190.0349961719962,1900.349961719962,3.7013101100893366
190.08904211857515,1900.8904211857516,3.6849425282415047
190.1428486413133,1901.428486413133,3.6686182125585556
190.19641637713832,1901.9641637713833,3.6523373236664667
190.2497459652913,1902.4974596529132,3.6361000192943487
190.30283804728435,1903.0283804728435,3.619906454282973
190.35569326685828,1903.5569326685827,3.6037567805935624
190.40831226994064,1904.0831226994064,3.5876511473168358
190.46069570460364,1904.6069570460363,3.571589700682266
190.5128442210224,1905.128442210224,3.5555725840676016
190.56475847143318,1905.6475847143317,3.5395999380086063
190.616439110092,1906.1643911009198,3.523671900209044
190.667886793233,1906.6788679323301,3.5077886055508496
190.71910217902754,1907.1910217902755,3.4919501861045883
190.77008592754282,1907.7008592754282,3.4761567711400434
190.8208387007011,1908.208387007011,3.460408487137108
190.87136116223897,1908.7136116223896,3.444705457796833
190.92165397766667,1909.2165397766667,3.429047804052685
190.97171781422773,1909.7171781422774,3.413435644082034
191.0215533408587,1910.215533408587,3.397869093317801
191.07116122814907,1910.7116122814907,3.382348264460345
191.12054214830135,1911.2054214830137,3.366873267489504
191.1696967750914,1911.6969677509142,3.3514442096768327
191.21862578382888,1912.1862578382888,3.336061195598044
191.26732985131784,1912.6732985131785,3.3207243271455913
191.31580965581756,1913.1580965581757,3.305433703541476
191.36406587700367,1913.6406587700367,3.290189421350195
191.41209919592927,1914.1209919592927,3.2749915744918456
191.45991029498637,1914.5991029498637,3.259840254255431
191.50749985786746,1915.0749985786747,3.244735549312312
191.5548685695274,1915.548685695274,3.2296775457298135
191.6020171161454,1916.0201711614538,3.214666326984966
191.64894618508714,1916.4894618508715,3.19970197397843
191.69565646486734,1916.9565646486735,3.184784565048568
191.74214864511228,1917.4214864511227,3.1699141759856224
191.78842341652265,1917.8842341652264,3.1550908800460697
191.83448147083666,1918.3448147083666,3.1403147479670976
191.88032350079325,1918.8032350079325,3.125585847981197
191.92595020009557,1919.2595020009558,3.11090424583092
191.97136226337474,1919.7136226337475,3.096270004783738
192.01656038615369,1920.165603861537,3.0816831856470004
192.0615452648113,1920.6154526481128,3.0671438467830794
192.10631759654686,1921.0631759654686,3.052652044124566
192.15087807934458,1921.5087807934458,3.038207831189576
192.1952274119384,1921.952274119384,3.023811259097226
192.239366293777,1922.3936629377702,3.0094623765831545
192.28329542498926,1922.8329542498927,2.9951612300151695
192.3270155063495,1923.2701550634952,2.9809078634089663
192.37052723924344,1923.7052723924344,2.966702318443987
192.41383132563396,1924.1383132563396,2.9525446344793296
192.45692846802748,1924.569284680275,2.938434848569782
192.49981936944033,1924.9981936944032,2.9243729954818938
192.54250473336538,1925.4250473336538,2.910359107710159
192.58498526373904,1925.8498526373905,2.8963932154932945
192.6272616649084,1926.2726166490838,2.8824753468305366
192.66933464159854,1926.6933464159854,2.8686055274980684
192.71120489888028,1927.1120489888028,2.8547837810654744
192.75287314213801,1927.5287314213801,2.8410101289123015
192.79434007703776,1927.9434007703776,2.827284590244623
192.83560640949563,1928.3560640949563,2.8136071821117388
192.87667284564643,1928.7667284564643,2.799977919422861
192.91754009181247,1929.1754009181248,2.7863968149638745
192.95820885447267,1929.5820885447267,2.772863879414182
192.99867984023197,1929.9867984023197,2.7593791213635614
193.03895375579089,1930.3895375579089,2.7459425473290673
193.07903130791536,1930.7903130791535,2.7325541617719806
193.11891320340683,1931.1891320340683,2.7192139671148143
193.1586001490727,1931.586001490727,2.7059219637583376
193.19809285169674,1931.9809285169674,2.6926781500986174
193.23739201801013,1932.3739201801013,2.6794825225441365
193.27649835466244,1932.7649835466243,2.6663350755328925
193.315412568193,1933.15412568193,2.653235801549536
193.3541353650026,1933.541353650026,2.640184691142562
193.39266745132514,1933.9266745132513,2.627181732941462
193.43100953319993,1934.3100953319993,2.61422691367397
193.46916231644394,1934.6916231644395,2.6013202181832358
193.50712650662453,1935.0712650662454,2.5884616294450855
193.54490280903215,1935.4490280903215,2.5756511285852297
193.58249192865358,1935.8249192865358,2.5628886948965497
193.61989457014528,1936.1989457014529,2.550174305856316
193.65711143780698,1936.5711143780698,2.5375079371434537
193.69414323555557,1936.9414323555557,2.5248895626557952
193.7309906668993,1937.3099066689929,2.512319154527329
193.76765443491198,1937.6765443491197,2.4997966831454437
193.80413524220785,1938.0413524220785,2.487322117168181
193.8404337909163,1938.4043379091631,2.4748954235414433
193.8765507826571,1938.765507826571,2.46251656751623
193.9124869185157,1939.124869185157,2.4501855126658323
193.94824289901902,1939.4824289901903,2.4379022209030263
193.9838194241112,1939.838194241112,2.4256666524972306
194.01921719312983,1940.1921719312984,2.4134787660916905
194.05443690478236,1940.5443690478237,2.4013385187205727
194.08947925712266,1940.8947925712266,2.389245865826078
194.12434494752807,1941.2434494752806,2.3772007612755472
194.1590346726764,1941.590346726764,2.3652031573784575
194.19354912852341,1941.935491285234,2.353253004903507
194.22788901028048,1942.2788901028048,2.3413502530955603
194.26205501239247,1942.6205501239247,2.3294948496926184
194.29604782851584,1942.9604782851584,2.3176867409427238
194.32986815149715,1943.2986815149716,2.3059258716208855
194.36351667335157,1943.6351667335157,2.2942121850458643
194.39699408524186,1943.9699408524186,2.2825456230970285
194.43030107745744,1944.3030107745744,2.2709261262310814
194.4634383393939,1944.6343833939388,2.259353633498797
194.4964065595324,1944.964065595324,2.2478280825616657
194.52920642541977,1945.2920642541976,2.2363494097085517
194.5618386236485,1945.618386236485,2.2249175498722464
194.59430383983707,1945.9430383983706,2.2135324366459836
194.6266027586106,1946.266027586106,2.202194002299938
194.6587360635817,1946.587360635817,2.19090217779763
194.6907044373315,1946.907044373315,2.1796568928122872
194.722508561391,1947.22508561391,2.1684580757431404
194.7541491162226,1947.541491162226,2.1573056537317004
194.78562678120187,1947.8562678120188,2.146199552677927
194.81694223459962,1948.1694223459963,2.1351396972563754
194.84809615356417,1948.4809615356417,2.124126010932247
194.8790892141038,1948.790892141038,2.1131584159774035
194.9099220910695,1949.0992209106948,2.1022368334863084
194.94059545813795,1949.4059545813795,2.0913611833919084
194.97110998779473,1949.7110998779474,2.0805313844814175
195.0014663513177,1950.014663513177,2.0697473544120846
195.03166521876065,1950.3166521876065,2.0590090097268585
195.06170725893728,1950.6170725893728,2.048316265869994
195.0915931394052,1950.915931394052,2.0376690372025528
195.12132352645037,1951.2132352645037,2.0270672370179006
195.15089908507156,1951.5089908507157,2.0165107775570674
195.18032047896523,1951.8032047896522,2.0059995700240782
195.2095883705105,1952.0958837051048,1.9955335246011656
195.23870342075438,1952.3870342075438,1.9851125504639522
195.26766628939728,1952.676662893973,1.9747365557965142
195.29647763477863,1952.9647763477863,1.964405447806397
195.32513811386278,1953.2513811386277,1.954119132739542
195.35364838222515,1953.5364838222515,1.9438775158951223
195.38200909403855,1953.8200909403854,1.9336805016403225
195.4102209020597,1954.102209020597,1.9235279934250022
195.43828445761605,1954.3828445761606,1.9134198937963265
195.46620041059265,1954.6620041059264,1.9033561044132532
195.49396940941944,1954.9396940941942,1.893336526061002
195.52159210105856,1955.2159210105856,1.8833610586653786
195.54906913099205,1955.4906913099205,1.8734296013070657
195.57640114320958,1955.7640114320957,1.8635420522357822
195.6035887801965,1956.0358878019651,1.853698308884391
195.63063268292206,1956.3063268292206,1.843898267882906
195.65753349082783,1956.5753349082784,1.8341418250724195
195.68429184181642,1956.8429184181641,1.824428875518922
195.7109083722401,1957.109083722401,1.8147593135270443
195.73738371689012,1957.3738371689012,1.8051330326537545
195.7637185089857,1957.637185089857,1.795549925721868
195.7899133801636,1957.899133801636,1.7860098848335588
195.81596896046764,1958.1596896046765,1.776512801383738
195.84188587833867,1958.4188587833867,1.7670585660733695
195.86766476060444,1958.6766476060443,1.7576470689226293
195.89330623246988,1958.9330623246988,1.7482781992840688
195.9188109175075,1959.188109175075,1.7389518458556021
195.94417943764793,1959.4417943764793,1.729667896693456
195.96941241317077,1959.6941241317077,1.7204262392250036
195.9945104626955,1959.945104626955,1.7112267602614923
196.01947420317265,1960.1947420317265,1.7020693460107181
196.0443042498751,1960.4430424987509,1.6929538820895664
196.06900121638964,1960.6900121638964,1.6838802535364912
196.09356571460867,1960.9356571460867,1.67484834482388
196.11799835472203,1961.1799835472202,1.665858039870313
196.1422997452091,1961.422997452091,1.6569092220527781
196.16647049283102,1961.6647049283101,1.6480017742187356
196.19051120262313,1961.9051120262313,1.639135578698109
196.21442247788744,1962.1442247788743,1.6303105173151944
196.23820492018552,1962.3820492018554,1.6215264714004767
196.2618591293314,1962.6185912933142,1.6127833218023162
196.28538570338463,1962.8538570338465,1.604080948898559
196.30878523864354,1963.0878523864353,1.5954192326080814
196.3320583296387,1963.320583296387,1.5867980524021994
196.35520556912658,1963.5520556912659,1.5782172873159932
196.3782275480832,1963.7822754808321,1.5696768159595353
196.40112485569819,1964.0112485569819,1.5611765165290605
196.4238980793687,1964.238980793687,1.5527162668179524
196.44654780469392,1964.465478046939,1.5442959442277622
196.4690746154692,1964.690746154692,1.5359154257789913
196.4914790936808,1964.914790936808,1.527574588121897
196.5137618195006,1965.1376181950059,1.5192733075471412
196.53592337128092,1965.359233712809,1.5110114599963391
196.55796432554962,1965.5796432554962,1.5027889210725571
196.5798852570052,1965.798852570052,1.4946055660506707
196.60168673851226,1966.0168673851226,1.48646126988768
196.62336934109686,1966.2336934109685,1.47835590723284
196.64493363394226,1966.4493363394226,1.4702893524378093
196.66638018438462,1966.6638018438462,1.4622614795666133
196.687709557909,1966.8770955790899,1.4542721624055708
196.7089223181453,1967.0892231814532,1.4463212744730973
196.7300190268647,1967.3001902686472,1.438408689029424
196.7510002439758,1967.510002439758,1.4305342790862112
196.77186652752115,1967.7186652752116,1.4226979174160923
196.79261843367405,1967.9261843367406,1.4148994765621068
196.8132565167351,1968.132565167351,1.407138828847026
196.83378132912924,1968.3378132912924,1.399415846382634
196.85419342140275,1968.5419342140276,1.391730401078863
196.8744933422204,1968.744933422204,1.384082364652865
196.8946816383628,1968.9468163836282,1.3764716086380075
196.91475885472383,1969.1475885472382,1.368898004392713
196.93472553430814,1969.3472553430815,1.361361423109288
196.95458221822892,1969.5458221822892,1.3538617358225955
196.97432944570568,1969.743294457057,1.3463988134186926
196.9939677540622,1969.939677540622,1.3389725266433206
197.01349767872458,1970.1349767872457,1.3315827461103384
197.03291975321943,1970.3291975321943,1.3242293423100846
197.05223450917222,1970.5223450917222,1.3169121856176011
197.07144247630566,1970.7144247630567,1.3096311463007928
197.0905441824383,1970.905441824383,1.3023860945285128
197.10954015348307,1971.0954015348307,1.2951769003785194
197.12843091344624,1971.2843091344623,1.2880034338454123
197.1472169844262,1971.472169844262,1.2808655648483867
197.16589888661247,1971.6589888661247,1.2737631632389852
197.18447713828488,1971.8447713828486,1.2666960988087133
197.2029522558127,1972.0295225581272,1.2596642412965937
197.2213247536541,1972.213247536541,1.2526674603966277
197.23959514435552,1972.395951443555,1.2457056257651486
197.25776393855122,1972.5776393855122,1.2387786070281162
197.275831644963,1972.75831644963,1.231886273788335
197.2937987703999,1972.937987703999,1.225028495632539
197.3116658197581,1973.116658197581,1.2182051421384634
197.3294332960209,1973.294332960209,1.21141608288174
197.34710170025878,1973.4710170025878,1.2046611874428268
197.3646715316295,1973.646715316295,1.1979403254137373
197.38214328737857,1973.8214328737856,1.1912533664047653
197.39951746283933,1973.9951746283932,1.1846001800510897
197.41679455143364,1974.1679455143365,1.177980636019329
197.43397504467234,1974.3397504467234,1.171394604013972
197.4510594321559,1974.510594321559,1.164841953783776
197.4680482015752,1974.6804820157517,1.1583225551280463
197.4849418387123,1974.849418387123,1.151836277902834
197.50174082744147,1975.0174082744147,1.1453829920271121
197.51844564973004,1975.1844564973003,1.1389625674887909
197.53505678563968,1975.3505678563968,1.1325748743507247
197.55157471332743,1975.5157471332743,1.126219782756578
197.56799990904707,1975.6799990904708,1.1198971629366876
197.58433284715045,1975.8433284715045,1.1136068852137675
197.60057400008887,1976.0057400008886,1.10734882000861
197.6167238384147,1976.1672383841471,1.1011228378456646
197.63278283078293,1976.3278283078293,1.09492880935854
197.64875144395282,1976.4875144395282,1.088766605295484
197.66463014278972,1976.6463014278972,1.0826360965247015
197.68041939026688,1976.8041939026689,1.0765371540396855
197.69611964746736,1976.9611964746737,1.070469648964424
197.711731373586,1977.1173137358599,1.0644334525585424
197.72725502593153,1977.2725502593153,1.0584284362223975
197.74269105992872,1977.426910599287,1.052454471502045
197.75803992912049,1977.580399291205,1.0465114300941916
197.7733020851703,1977.7330208517028,1.0405991838510675
197.7884779778644,1977.884779778644,1.0347176047851891
197.80356805511437,1978.0356805511437,1.0288665650740962
197.81857276295952,1978.1857276295952,1.023045937065001
197.83349254556947,1978.3349254556947,1.017255593279344
197.84832784524676,1978.4832784524676,1.011495406417342
197.8630791024296,1978.6307910242958,1.0057652493624167
197.8777467556945,1978.7774675569449,1.000064995185555
197.89233124175917,1978.9233124175917,0.9943945171496558
197.90683299548542,1979.068329954854,0.9887536887137496
197.92125244988205,1979.2125244988206,0.9831423835371758
197.9355900361078,1979.355900361078,0.9775604754836933
197.9498461834746,1979.498461834746,0.9720078386255557
197.96402131945035,1979.6402131945035,0.9664843472474458
197.9781158696625,1979.781158696625,0.9609898758504545
197.99213025790093,1979.9213025790093,0.9555242991558717
198.00606490612145,1980.0606490612145,0.9500874921090499
198.01992023444905,1980.1992023444905,0.9446793298830705
198.03369666118132,1980.3369666118133,0.9392996878824635
198.04739460279188,1980.4739460279188,0.9339484417467765
198.06101447393394,1980.6101447393394,0.9286254673541641
198.07455668744373,1980.7455668744374,0.9233306408248203
198.08802165434423,1980.8802165434422,0.918063838524469
198.1014097838487,1981.014097838487,0.912824937067684
198.11472148336455,1981.1472148336454,0.9076138133212317
198.12795715849686,1981.2795715849686,0.9024303444072852
198.14111721305235,1981.4111721305235,0.8972744077066586
198.1542020490432,1981.542020490432,0.8921458808619227
198.16721206669078,1981.6721206669079,0.8870446417804803
198.18014766442982,1981.8014766442982,0.8819705686376156
198.19300923891217,1981.9300923891217,0.8769235398794275
198.20579718501094,1982.0579718501094,0.871903434225787
198.2185118958245,1982.1851189582449,0.8669101306731473
198.23115376268058,1982.3115376268058,0.8619435084973897
198.24372317514045,1982.4372317514044,0.8570034472565555
198.2562205210031,1982.562205210031,0.8520898267935482
198.26864618630933,1982.6864618630932,0.8472025272387653
198.28100055534622,1982.8100055534624,0.8423414290127282
198.29328401065126,1982.9328401065127,0.8375064128285774
198.30549693301668,1983.0549693301668,0.832697359694595
198.31763970149393,1983.1763970149393,0.827914150916651
198.32971269339797,1983.2971269339796,0.8231566681005584
198.34171628431173,1983.4171628431172,0.8184247931544433
198.3536508480906,1983.5365084809061,0.8137184082910269
198.36551675686695,1983.6551675686696,0.8090373960298787
198.3773143810546,1983.773143810546,0.8043816391995846
198.3890440893534,1983.890440893534,0.7997510209399237
198.40070624875392,1984.0070624875393,0.7951454247039407
198.4123012245419,1984.123012245419,0.7905647342600193
198.42382938030303,1984.2382938030303,0.7860088336938875
198.43529107792764,1984.3529107792765,0.7814776074105665
198.44668667761533,1984.4668667761534,0.7769709401362959
198.4580165378798,1984.5801653787978,0.7724887169203991
198.4692810155535,1984.692810155535,0.768030823137106
198.48048046579254,1984.8048046579254,0.7635971444873433
198.49161524208145,1984.9161524208146,0.7591875670004788
198.50268569623805,1985.0268569623804,0.7548019770359988
198.51369217841824,1985.1369217841825,0.7504402612851631
198.524635037121,1985.24635037121,0.7461023067726429
198.53551461919318,1985.355146191932,0.7417880008580613
198.54633126983458,1985.4633126983458,0.7374972312375312
198.55708533260278,1985.5708533260279,0.7332298859451458
198.56777714941816,1985.6777714941816,0.7289858533544247
198.57840706056896,1985.7840706056895,0.7247650221797239
198.58897540471622,1985.8897540471621,0.720567281477583
198.5994825188988,1985.9948251889882,0.7163925206480743
198.60992873853857,1986.0992873853857,0.7122406294361094
198.6203143974453,1986.203143974453,0.7081114979326499
198.6306398278219,1986.3063982782191,0.7040050165759566
198.64090536026953,1986.4090536026952,0.6999210761527475
198.65111132379258,1986.5111132379257,0.69585956779934
198.66125804580398,1986.6125804580397,0.691820383002772
198.67134585213026,1986.7134585213025,0.687803413601848
198.68137506701677,1986.8137506701678,0.6838085517881836
198.69134601313286,1986.9134601313285,0.6798356901072071
198.7012590115771,1987.012590115771,0.6758847214591106
198.7111143818824,1987.111143818824,0.6719555390997676
198.72091244202142,1987.2091244202143,0.6680480366416748
198.73065350841162,1987.3065350841161,0.6641621080547462
198.74033789592067,1987.4033789592067,0.6602976476672029
198.7499659178716,1987.499659178716,0.656454550166321
198.75953788604815,1987.5953788604816,0.6526327105992329
198.76905411070004,1987.6905411070004,0.6488320243736267
198.77851490054823,1987.7851490054823,0.6450523872584539
198.78792056279033,1987.8792056279033,0.6412936953846198
198.7972714031058,1987.972714031058,0.6375558452455681
198.80656772566132,1988.0656772566133,0.6338387336979525
198.8158098331162,1988.158098331162,0.630142257962182
198.82499802662753,1988.2499802662753,0.626466315622936
198.83413260585579,1988.3413260585578,0.6228108046297591
198.84321386897,1988.4321386897,0.6191756232974703
198.8522421126532,1988.5224211265318,0.615560670306674
198.8612176321077,1988.612176321077,0.6119658447041707
198.87014072106064,1988.7014072106062,0.6083910459033812
198.8790116717692,1988.790116717692,0.6048361736846917
198.88783077502612,1988.8783077502612,0.6013011281958351
198.89659832016494,1988.9659832016494,0.5977858099521884
198.90531459506556,1989.0531459506556,0.5942901198370989
198.91397988615952,1989.1397988615952,0.5908139591021295
198.92259447843549,1989.2259447843549,0.5873572293673184
198.9311586554446,1989.311586554446,0.5839198326213846
198.9396726993059,1989.396726993059,0.5805016712219397
198.9481368907118,1989.481368907118,0.5771026478956442
198.9565515089334,1989.565515089334,0.5737226657383636
198.96491683182595,1989.6491683182594,0.5703616282152839
198.97323313583428,1989.732331358343,0.5670194391610077
198.98150069599825,1989.8150069599824,0.5636960027796518
198.98971978595807,1989.8971978595807,0.5603912236448507
198.99789067795984,1989.9789067795984,0.5571050066998402
199.00601364286086,1990.0601364286085,0.5538372572574164
199.01408895013512,1990.1408895013512,0.5505878809999696
199.0221168678787,1990.221168678787,0.547356783979406
199.03009766281522,1990.3009766281523,0.5441438726170982
199.03803160030117,1990.3803160030116,0.5409490537038226
199.04591894433145,1990.4591894433145,0.5377722343996516
199.05375995754466,1990.5375995754466,0.5346133222338092
199.0615549012286,1990.615549012286,0.53147222510457
199.06930403532564,1990.6930403532565,0.5283488512790782
199.0770076184382,1990.7700761843819,0.5252431093931498
199.08466590783397,1990.8466590783396,0.5221549084510992
199.09227915945155,1990.9227915945155,0.5190841578255188
199.0998476279057,1990.9984762790568,0.5160307672570119
199.1073715664927,1991.073715664927,0.5129946468539806
199.1148512271959,1991.1485122719591,0.5099757070923174
199.122286860691,1991.22286860691,0.5069738588151185
199.12967871635138,1991.2967871635137,0.5039890132323914
199.13702704225358,1991.3702704225357,0.5010210819206917
199.14433208518264,1991.4433208518265,0.49806997682283827
199.15159409063745,1991.5159409063745,0.49513561024748354
199.1588133028361,1991.588133028361,0.4922178948687832
199.16598996472132,1991.6598996472133,0.4893167437259769
199.17312431796566,1991.7312431796565,0.48643207022298673
199.180216602977,1991.80216602977,0.4835637881280088
199.18726705890379,1991.8726705890379,0.4807118115730371
199.19427592364045,1991.9427592364045,0.47787605505344066
199.2012434338326,1992.0124343383259,0.47505643342745385
199.20816982488245,1992.0816982488245,0.472252861915734
199.2150553309541,1992.150553309541,0.46946525610082324
199.2219001849788,1992.2190018497881,0.466693531926651
199.2287046186603,1992.2870461866028,0.46393760569800646
199.23546886248005,1992.3546886248005,0.46119739407998805
199.24219314570257,1992.4219314570257,0.45847281409743657
199.24887769638067,1992.4887769638067,0.455763783134397
199.2555227413607,1992.5552274136069,0.4530702189335023
199.26212850628784,1992.6212850628783,0.45039203959540464
199.2686952156113,1992.686952156113,0.44772916357812376
199.27522309258956,1992.7522309258957,0.44508150969648197
199.28171235929562,1992.8171235929562,0.4424489971214469
199.28816323662224,1992.8816323662224,0.43983154537945834
199.29457594428703,1992.9457594428704,0.43722907435180636
199.30095070083777,1993.0095070083778,0.4346415042739493
199.3072877236575,1993.072877236575,0.4320687557348424
199.3135872289698,1993.135872289698,0.4295107496762376
199.31984943184378,1993.1984943184377,0.4269674073919769
199.32607454619946,1993.2607454619947,0.42443865052730834
199.33226278481277,1993.3226278481277,0.4219244010781096
199.33841435932064,1993.3841435932063,0.41942458139020067
199.34452948022627,1993.4452948022627,0.41693911415859963
199.35060835690413,1993.5060835690413,0.4144679224267285
199.3566511976051,1993.5665119760508,0.41201092958569197
199.3626582094615,1993.626582094615,0.40956805937348717
199.3686295984923,1993.6862959849232,0.40713923587422185
199.37456556960805,1993.7456556960806,0.4047243835173151
199.38046632661596,1993.8046632661597,0.402323427076714
199.386332072225,1993.8633207222501,0.3999362916700835
199.3921630080509,1993.9216300805087,0.39756290275796635
199.39795933462108,1993.9795933462108,0.39520318614298366
199.40372125137986,1994.0372125137987,0.392857067968984
199.40944895669324,1994.0944895669325,0.3905244747201979
199.415142647854,1994.15142647854,0.38820533322041006
199.42080252108659,1994.2080252108658,0.3858995706320729
199.42642877155217,1994.2642877155217,0.3836071144554718
199.4320215933535,1994.320215933535,0.3813278925278225
199.4375811795399,1994.375811795399,0.3790618330223974
199.4431077221121,1994.431077221121,0.37680886444766015
199.44860141202722,1994.486014120272,0.3745689156463494
199.4540624392036,1994.540624392036,0.37234191579458153
199.45949099252573,1994.5949099252573,0.37012779440094823
199.4648872598491,1994.648872598491,0.3679264813056018
199.47025142800499,1994.7025142800499,0.36573790667932604
199.4755836828054,1994.7558368280538,0.3635620010226286
199.48088420904776,1994.8088420904776,0.3613986951647852
199.48615319051987,1994.8615319051987,0.35924792026293373
199.49139081000462,1994.9139081000462,0.3571096078010938
199.49659724928472,1994.9659724928472,0.3549836895892322
199.50177268914757,1995.0177268914758,0.35287009776233047
199.50691730938996,1995.0691730938997,0.3507687647793918
199.5120312888228,1995.120312888228,0.34867962342249603
199.5171148052759,1995.171148052759,0.3466026067958228
199.5221680356026,1995.221680356026,0.34453764832467604
199.52719115568448,1995.2719115568448,0.34248468175450375
199.53218434043612,1995.321843404361,0.34044364114992964
199.5371477638097,1995.371477638097,0.3384144608937496
199.54208159879968,1995.4208159879968,0.3363970756859245
199.54698601744735,1995.4698601744735,0.33439142054262616
199.55186119084559,1995.5186119084558,0.3323974307952038
199.5567072891434,1995.5670728914338,0.3304150420891854
199.5615244815505,1995.6152448155049,0.32844419038326533
199.5663129363419,1995.6631293634189,0.32648481194830614
199.5710728208625,1995.710728208625,0.32453684336632405
199.5758043015316,1995.7580430153162,0.322600221529441
199.58050754384746,1995.8050754384747,0.3206748836389024
199.5851827123918,1995.851827123918,0.31876076720402713
199.58982997083433,1995.8982997083433,0.3168578100411774
199.5944494819372,1995.944494819372,0.314965950272732
199.5990414075595,1995.990414075595,0.3130851263260612
199.60360590866168,1996.0360590866167,0.3112152769324861
199.60814314531007,1996.0814314531008,0.30935634112623367
199.61265327668124,1996.1265327668125,0.30750825824338746
199.61713646106645,1996.1713646106646,0.3056709679208587
199.621592855876,1996.21592855876,0.3038444100953277
199.62602261764366,1996.2602261764366,0.3020285250022048
199.630425902031,1996.30425902031,0.30022325317456966
199.63480286383177,1996.3480286383176,0.2984285354421288
199.63915365697622,1996.3915365697621,0.29664431293014415
199.64347843453544,1996.4347843453543,0.2948705270583907
199.6477773487256,1996.4777734872562,0.2931071195400885
199.65205055091232,1996.5205055091233,0.29135403238084967
199.6562981916149,1996.562981916149,0.28961120787762473
199.66052042051058,1996.6052042051058,0.2878785886176032
199.66471738643878,1996.6471738643877,0.28615611747718495
199.66888923740535,1996.6888923740535,0.28444373762090924
199.67303612058674,1996.7303612058674,0.282741392500371
199.67715818233424,1996.7715818233423,0.2810490258531675
199.68125556817807,1996.8125556817809,0.2793665817018236
199.6853284228317,1996.853284228317,0.2776940043527314
199.68937689019586,1996.8937689019585,0.27603123839505406
199.69340111336274,1996.9340111336273,0.2743782286996743
199.69740123462003,1996.9740123462002,0.2727349204181144
199.70137739545513,1997.0137739545512,0.27110125898148274
199.70532973655915,1997.0532973655916,0.2694771900993742
199.70925839783104,1997.0925839783104,0.2678626597587992
199.71316351838155,1997.1316351838154,0.26625761422311944
199.71704523653742,1997.170452365374,0.26466200003098583
199.72090368984522,1997.2090368984523,0.2630757639952157
199.72473901507547,1997.2473901507547,0.26149885320178035
199.72855134822663,1997.2855134822662,0.25993121500868943
199.73234082452905,1997.3234082452905,0.2583727970449252
199.7361075784489,1997.361075784489,0.25682354720936074
199.73985174369216,1997.3985174369216,0.25528341366970464
199.74357345320854,1997.4357345320855,0.2537523448614034
199.74727283919535,1997.4727283919535,0.25223028948657733
199.75095003310145,1997.5095003310144,0.25071719651296354
199.7546051656311,1997.546051656311,0.24921301517280048
199.75823836674778,1997.5823836674776,0.24771769496179763
199.76184976567816,1997.6184976567815,0.24623118563805013
199.76543949091584,1997.6543949091583,0.24475343722093923
199.76900767022516,1997.6900767022516,0.24328439999009488
199.77255443064507,1997.7255443064507,0.24182402448431217
199.7760798984928,1997.760798984928,0.24037226150047308
199.7795841993678,1997.795841993678,0.23892906209250553
199.7830674581553,1997.830674581553,0.23749437757027314
199.7865297990302,1997.865297990302,0.23606815949854854
199.78997134546077,1997.8997134546078,0.23465035969591375
199.79339222021224,1997.9339222021224,0.23324093023370152
199.79679254535063,1997.9679254535063,0.23183982343496323
199.80017244224635,1998.0017244224634,0.2304469918733676
199.80353203157787,1998.0353203157788,0.2290623883721472
199.80687143333546,1998.0687143333546,0.22768596600306124
199.81019076682463,1998.1019076682464,0.22631767808528158
199.8134901506699,1998.134901506699,0.22495747818439815
199.8167697028184,1998.167697028184,0.22360532011132817
199.8200295405433,1998.2002954054328,0.2222611579212468
199.8232697804475,1998.232697804475,0.2209249459125764
199.82649053846723,1998.2649053846721,0.21959663862590295
199.82969192987545,1998.2969192987546,0.21827619084292982
199.83287406928548,1998.3287406928548,0.21696355758542252
199.83603707065444,1998.3603707065445,0.2156586941141767
199.83918104728676,1998.3918104728675,0.21436155592796302
199.84230611183767,1998.4230611183766,0.21307209876248256
199.84541237631666,1998.4541237631665,0.2117902785893242
199.8484999520909,1998.4849995209088,0.21051605161492537
199.85156894988864,1998.5156894988863,0.20924937427953294
199.85461947980275,1998.5461947980275,0.2079902032561729
199.85765165129396,1998.5765165129396,0.20673849544960232
199.86066557319438,1998.6066557319439,0.20549420799528262
199.86366135371074,1998.6366135371075,0.20425729825834216
199.86663910042788,1998.6663910042787,0.20302772383257262
199.86959892031197,1998.6959892031198,0.20180544253935073
199.8725409197139,1998.725409197139,0.20059041242666664
199.8754652043726,1998.754652043726,0.19938259176807405
199.87837187941824,1998.7837187941823,0.1981819390616706
199.8812610493756,1998.812610493756,0.1969884130290871
199.88413281816736,1998.8413281816736,0.19580197261446264
199.8869872891172,1998.869872891172,0.19462257698343555
199.8898245649532,1998.8982456495319,0.19345018552213267
199.89264474781095,1998.9264474781094,0.19228475783615684
199.89544793923682,1998.9544793923683,0.19112625374957082
199.8982342401911,1998.982342401911,0.18997463330391673
199.9010037510512,1999.0100375105121,0.18882985675718755
199.90375657161482,1999.0375657161483,0.18769188458284658
199.90649280110304,1999.0649280110304,0.18656067746881488
199.90921253816356,1999.0921253816355,0.185436196316489
199.9119158808737,1999.119158808737,0.1843184022397284
199.91460292674353,1999.1460292674353,0.18320725656388914
199.91727377271906,1999.1727377271905,0.1821027208248327
199.91992851518515,1999.1992851518514,0.18100475676790984
199.9225672499687,1999.2256724996869,0.17991332634702628
199.9251900723416,1999.251900723416,0.17882839172362486
199.92779707702383,1999.2779707702382,0.17774991526572803
199.93038835818643,1999.3038835818643,0.17667785954695914
199.93296400945457,1999.3296400945455,0.17561218734556538
199.93552412391043,1999.3552412391043,0.17455286164344797
199.93806879409627,1999.3806879409626,0.17349984562519571
199.9405981120173,1999.4059811201732,0.17245310267712588
199.94311216914474,1999.4311216914475,0.17141259638633555
199.94561105641858,1999.4561105641858,0.17037829053971754
199.94809486425072,1999.4809486425072,0.16935014912303137
199.95056368252767,1999.5056368252767,0.16832813631990495
199.95301760061358,1999.5301760061357,0.1673122165109464
199.955456707353,1999.55456707353,0.16630235427273865
199.9578810910738,1999.578810910738,0.16529851437694587
199.96029083959007,1999.6029083959006,0.16430066178934544
199.96268604020483,1999.6268604020484,0.16330876166887753
199.96506677971297,1999.6506677971297,0.16232277936674633
199.96743314440397,1999.6743314440396,0.16134268042543942
199.96978522006472,1999.6978522006473,0.160368430577845
199.97212309198233,1999.7212309198233,0.15939999574629793
199.97444684494684,1999.7444684494685,0.15843734204166315
199.97675656325404,1999.7675656325405,0.1574804357624049
199.97905233070813,1999.7905233070812,0.1565292433936789
199.98133423062447,1999.8133423062447,0.15558373160642835
199.98360234583237,1999.8360234583238,0.15464386725645474
199.98585675867764,1999.8585675867764,0.15370961738349243
199.98809755102542,1999.8809755102543,0.15278094921035423
199.99032480426277,1999.9032480426276,0.1518578301419775
199.99253859930133,1999.9253859930132,0.1509402277645413
199.99473901657998,1999.9473901657998,0.15002810984459058
199.99692613606751,1999.969261360675,0.1491214443281108
199.99910003726518,1999.9910003726518,0.14822019933964858
200.00126079920932,2000.0126079920933,0.14732434318143062
200.003408500474,2000.03408500474,0.14643384433247553
200.00554321917352,2000.0554321917352,0.14554867144770567
200.00766503296504,2000.0766503296504,0.14466879335707494
200.00977401905112,2000.097740190511,0.1437941790646966
200.01187025418224,2000.1187025418224,0.14292479774795508
200.01395381465937,2000.1395381465936,0.14206061875665688
200.0160247763364,2000.160247763364,0.1412016116121424
200.01808321462275,2000.1808321462274,0.14034774600646704
200.0201292044858,2000.201292044858,0.1394989918014704
200.0221628204534,2000.2216282045338,0.13865531902798578
200.02418413661627,2000.2418413661626,0.13781669788496265
200.02619322663054,2000.2619322663054,0.1369830987385856
200.02819016372013,2000.2819016372014,0.13615449212148745
200.03017502067922,2000.3017502067923,0.13533084873186274
200.03214786987465,2000.3214786987464,0.13451213943262053
200.03410878324826,2000.3410878324826,0.13369833525057784
200.03605783231941,2000.3605783231942,0.13288940737562127
200.03799508818727,2000.3799508818727,0.1320853271598348
200.03992062153318,2000.3992062153318,0.13128606611672344
200.04183450262306,2000.4183450262306,0.13049159592036252
200.04373680130973,2000.4373680130973,0.12970188840457508
200.0456275870352,2000.4562758703519,0.12891691556210771
200.04750692883306,2000.4750692883306,0.12813664954384363
200.04937489533074,2000.4937489533074,0.12736106265795533
200.05123155475184,2000.5123155475185,0.12659012736911057
200.05307697491833,2000.5307697491833,0.12582381629766948
200.05491122325293,2000.5491122325293,0.12506210221888692
200.05673436678134,2000.5673436678135,0.1243049580620954
200.05854647213442,2000.5854647213441,0.12355235690990218
200.06034760555053,2000.6034760555053,0.1228042719974396
200.06213783287765,2000.6213783287765,0.1220606767115231
200.0639172195757,2000.639172195757,0.12132154458989808
200.06568583071862,2000.6568583071862,0.12058684932043517
200.0674437309967,2000.674437309967,0.11985656474037887
200.06919098471863,2000.6919098471863,0.11913066483552859
200.0709276558138,2000.7092765581378,0.11840912373949797
200.07265380783426,2000.7265380783426,0.11769191573291726
200.07436950395712,2000.743695039571,0.1169790152427086
200.07607480698647,2000.7607480698648,0.1162703968412564
200.0777697793556,2000.777697793556,0.11556603524570574
200.07945448312913,2000.7945448312912,0.11486590531717544
200.08112898000502,2000.8112898000502,0.11416998205999951
200.08279333131674,2000.8279333131673,0.11347824062098644
200.08444759803533,2000.8444759803533,0.11279065628867668
200.08609184077145,2000.8609184077145,0.11210720449256995
200.08772611977747,2000.8772611977747,0.11142786080241107
200.08935049494949,2000.8935049494949,0.1107526009274209
200.09096502582935,2000.9096502582934,0.11008140071559813
200.09256977160672,2000.9256977160671,0.10941423615295198
200.09416479112107,2000.9416479112108,0.1087510833627845
200.09575014286366,2000.9575014286365,0.10809191860496759
200.0973258849796,2000.973258849796,0.10743671827522006
200.0988920752697,2000.9889207526971,0.10678545890436508
200.10044877119262,2001.0044877119262,0.10613811715765697
200.10199602986668,2001.0199602986668,0.10549466983401734
200.10353390807188,2001.0353390807188,0.10485509386534941
200.10506246225182,2001.0506246225182,0.10421936631583817
200.10658174851565,2001.0658174851565,0.10358746438122735
200.10809182263998,2001.0809182263997,0.10295936538811779
200.10959274007078,2001.0959274007078,0.10233504679327643
200.1110845559253,2001.110845559253,0.10171448618293288
200.11256732499388,2001.1256732499387,0.10109766127209552
200.11404110174195,2001.1404110174194,0.10048454990386757
200.11550594031183,2001.1550594031182,0.09987513004874193
200.1169618945246,2001.169618945246,0.09926937980392081
200.11840901788193,2001.1840901788194,0.09866727739265668
200.11984736356794,2001.1984736356794,0.09806880116353467
200.12127698445104,2001.2127698445104,0.0974739295898508
200.12269793308573,2001.2269793308574,0.09688264126888546
200.1241102617144,2001.241102617144,0.0962949149212764
200.12551402226916,2001.2551402226916,0.09571072939033298
200.12690926637356,2001.2690926637356,0.09513006364138255
200.12829604534448,2001.282960453445,0.09455289676111489
200.12967441019381,2001.2967441019382,0.09397920795690373
200.13104441163028,2001.3104441163027,0.09340897655618674
200.1324061000611,2001.324061000611,0.09284218200577099
200.13375952559383,2001.3375952559384,0.09227880387124854
200.13510473803805,2001.3510473803806,0.09171882183629121
200.13644178690708,2001.3644178690708,0.0911622157020342
200.1377707214197,2001.377707214197,0.09060896538644547
200.1390915905019,2001.390915905019,0.09005905092367916
200.14040444278842,2001.4040444278842,0.08951245246344852
200.1417093266247,2001.4170932662469,0.08896915027039354
200.14300629006829,2001.430062900683,0.08842912472344855
200.14429538089067,2001.4429538089066,0.0878923563152294
200.14557664657886,2001.4557664657887,0.08735882565141528
200.1468501343371,2001.468501343371,0.08682851345012166
200.1481158910884,2001.481158910884,0.08630140054128743
200.14937396347634,2001.4937396347634,0.08577746786607099
200.15062439786655,2001.5062439786655,0.08525669647621426
200.15186724034834,2001.5186724034834,0.08473906753346183
200.15310253673636,2001.5310253673636,0.08422456230897302
200.15433033257213,2001.5433033257214,0.08371316218267699
200.15555067312573,2001.5555067312573,0.08320484864271682
200.15676360339722,2001.5676360339721,0.08269960328480996
200.15796916811837,2001.5796916811837,0.08219740781172602
200.1591674117541,2001.591674117541,0.08169824403261883
200.16035837850416,2001.6035837850416,0.08120209386249178
200.16154211230452,2001.615421123045,0.08070893932159562
200.16271865682899,2001.6271865682897,0.08021876253484406
200.16388805549076,2001.6388805549077,0.07973154573126484
200.1650503514439,2001.6505035144392,0.07924727124339048
200.16620558758487,2001.6620558758486,0.07876592150669515
200.167353806554,2001.67353806554,0.07828747905904043
200.16849505073696,2001.6849505073696,0.07781192654009095
200.1696293622664,2001.696293622664,0.07733924669076364
200.17075678302322,2001.7075678302322,0.07686942235265404
200.17187735463816,2001.7187735463815,0.07640243646747669
200.17299111849323,2001.7299111849322,0.07593827207654469
200.17409811572315,2001.7409811572315,0.0754769123201604
200.17519838721685,2001.7519838721685,0.07501834043711986
200.17629197361882,2001.7629197361882,0.07456253976411764
200.1773789153306,2001.7737891533059,0.07410949373524245
200.17845925251217,2001.7845925251218,0.07365918588140508
200.1795330250834,2001.795330250834,0.07321159982981973
200.1806002727254,2001.806002727254,0.0727667193034569
200.18166103488198,2001.8166103488197,0.0723245281205176
200.182715350761,2001.8271535076099,0.07188501019387727
200.1837632593357,2001.837632593357,0.07144814953059564
200.18480479934624,2001.8480479934624,0.07101393023135705
200.18584000930085,2001.8584000930084,0.07058233648996604
200.18686892747732,2001.8686892747733,0.07015335259282507
200.18789159192437,2001.8789159192438,0.06972696291841585
200.18890804046288,2001.8890804046287,0.06930315193676462
200.18991831068735,2001.8991831068734,0.06888190420896967
200.19092243996712,2001.9092243996713,0.06846320438663644
200.1919204654478,2001.9192046544779,0.06804703721142813
200.19291242405245,2001.9291242405245,0.06763338751451498
200.19389835248302,2001.9389835248303,0.06722224021609291
200.19487828722157,2001.9487828722158,0.06681358032488438
200.19585226453157,2001.9585226453157,0.06640739293761788
200.19682032045918,2001.9682032045919,0.06600366323857321
200.19778249083458,2001.9778249083458,0.06560237649905387
200.19873881127316,2001.9873881127317,0.06520351807690572
200.19968931717682,2001.996893171768,0.06480707341604441
200.20063404373525,2002.0063404373525,0.0644130280459545
200.20157302592716,2002.0157302592715,0.06402136758120447
200.20250629852148,2002.0250629852148,0.06363207772097246
200.20343389607862,2002.0343389607863,0.0632451442485773
200.20435585295175,2002.0435585295174,0.0628605530310078
200.20527220328796,2002.0527220328795,0.0624782900184111
200.20618298102949,2002.061829810295,0.06209834124365399
200.2070882199149,2002.070882199149,0.061720692821862766
200.20798795348034,2002.0798795348035,0.061345330949933
200.2088822150607,2002.088822150607,0.06097224190609607
200.2097710377908,2002.097710377908,0.06060141204941827
200.21065445460658,2002.1065445460658,0.06023282781937089
200.21153249824624,2002.1153249824624,0.05986647573537196
200.21240520125147,2002.1240520125148,0.05950234239633323
200.21327259596853,2002.1327259596853,0.059140414480189474
200.21413471454946,2002.1413471454946,0.05878067874347925
200.2149915889532,2002.1499158895322,0.058423122020879514
200.21584325094676,2002.1584325094677,0.0580677312247615
200.2166897321063,2002.1668973210628,0.057714493344760864
200.21753106381829,2002.175310638183,0.05736339544732294
200.21836727728066,2002.1836727728066,0.05701442467527462
200.21919840350387,2002.1919840350388,0.056667568247380284
200.220024473312,2002.2002447331201,0.056322813457929666
200.22084551734395,2002.2084551734395,0.05598014767628312
200.22166156605434,2002.2166156605433,0.0556395583464524
200.22247264971483,2002.2247264971484,0.05530103298669742
200.2232787984151,2002.232787984151,0.054964559189060846
200.22408004206383,2002.2408004206384,0.05463012461896133
200.22487641038998,2002.2487641038997,0.05429771701480801
200.22566793294365,2002.2566793294366,0.0539673241875227
200.22645463909726,2002.2645463909726,0.0536389340201846
200.22723655804654,2002.2723655804655,0.05331253446757733
200.22801371881164,2002.2801371881164,0.052988113555801686
200.2287861502381,2002.287861502381,0.05266565938185108
200.22955388099794,2002.2955388099795,0.05234516011321011
200.23031693959064,2002.3031693959065,0.052026603987463726
200.2310753543442,2002.310753543442,0.05170997931187982
200.23182915341616,2002.3182915341615,0.05139527446300418
200.23257836479456,2002.3257836479456,0.05108247788628395
200.233323016299,2002.33323016299,0.05077157809565547
200.23406313558164,2002.3406313558164,0.0504625636731606
200.23479875012808,2002.3479875012808,0.0501554232685506
200.23552988725854,2002.3552988725853,0.049850145598904216
200.23625657412867,2002.3625657412867,0.04954671944821731
200.23697883773062,2002.3697883773061,0.04924513366705652
200.23769670489398,2002.3769670489398,0.04894537717215064
200.23841020228676,2002.3841020228676,0.04864743894600343
200.23911935641632,2002.3911935641631,0.04835130803652943
200.2398241936304,2002.398241936304,0.048056973556680926
200.2405247401179,2002.4052474011792,0.047764424684050066
200.24122102191004,2002.4122102191004,0.04747365066053666
200.24191306488115,2002.4191306488115,0.04718464079193785
200.24260089474961,2002.426008947496,0.046897384447580404
200.2432845370789,2002.432845370789,0.04661187106000275
200.24396401727833,2002.4396401727834,0.04632809012452155
200.2446393606041,2002.446393606041,0.046046031198919035
200.24531059216022,2002.4531059216022,0.04576568390307534
200.24597773689928,2002.4597773689927,0.04548703791857234
200.24664081962345,2002.4664081962346,0.04521008298839169
200.2472998649854,2002.472998649854,0.04493480891652579
200.24795489748908,2002.4795489748908,0.04466120556762787
200.24860594149078,2002.4860594149077,0.04438926286667444
200.2492530211998,2002.492530211998,0.04411897079857985
200.24989616067944,2002.4989616067944,0.04385031940791384
200.25053538384793,2002.5053538384793,0.043583298798498316
200.25117071447914,2002.5117071447914,0.043317899133075155
200.25180217620357,2002.5180217620357,0.043054110632991804
200.2524297925091,2002.524297925091,0.042791923577830016
200.25305358674197,2002.5305358674198,0.04253132830509321
200.25367358210747,2002.5367358210747,0.04227231520984054
200.2542898016709,2002.542898016709,0.042014874744388475
200.25490226835834,2002.5490226835834,0.041758997417950194
200.2555110049575,2002.555110049575,0.04150467379632117
200.25611603411858,2002.5611603411858,0.04125189450154698
200.25671737835503,2002.5671737835503,0.041000650211578726
200.25731506004442,2002.5731506004443,0.04075093165997279
200.25790910142916,2002.5790910142916,0.04050272963555335
200.25849952461743,2002.5849952461745,0.04025603498210861
200.2590863515839,2002.590863515839,0.04001083859804089
200.25966960417054,2002.5966960417054,0.03976713143607524
200.2602493040874,2002.6024930408742,0.03952490450292734
200.26082547291347,2002.6082547291346,0.039284148859001444
200.26139813209736,2002.6139813209736,0.039044855618070695
200.26196730295814,2002.6196730295815,0.03880701594695557
200.2625330066861,2002.6253300668611,0.03857062106523079
200.26309526434355,2002.6309526434354,0.038335662244921576
200.2636540968655,2002.636540968655,0.03810213081017855
200.26420952506052,2002.6420952506053,0.037870018136977546
200.2647615696114,2002.6476156961141,0.037639315652838956
200.26531025107602,2002.6531025107602,0.037410014836502636
200.26585558988793,2002.6585558988793,0.03718210721763482
200.26639760635732,2002.663976063573,0.03695558437654212
200.2669363206715,2002.669363206715,0.03673043794384645
200.26747175289586,2002.6747175289586,0.03650665960023103
200.26800392297446,2002.6800392297446,0.036284241076120605
200.2685328507308,2002.685328507308,0.036063174151384825
200.26905855586853,2002.6905855586851,0.03584345065507888
200.26958105797218,2002.6958105797216,0.03562506246513264
200.27010037650788,2002.701003765079,0.03540800150807355
200.2706165308241,2002.706165308241,0.035192259758728195
200.2711295401522,2002.711295401522,0.03497782923994519
200.27163942360735,2002.7163942360735,0.034764702022346494
200.27214620018907,2002.7214620018908,0.03455287022398634
200.27264988878196,2002.7264988878196,0.03434232601012566
200.27315050815642,2002.7315050815641,0.034133061592937164
200.27364807696932,2002.7364807696931,0.03392506923121408
200.27414261376464,2002.7414261376464,0.03371834123011963
200.2746341369742,2002.7463413697421,0.03351286994092062
200.2751226649183,2002.751226649183,0.03330864776067477
200.27560821580644,2002.7560821580644,0.0331056671320229
200.27609080773786,2002.7609080773786,0.03290392054285851
200.27657045870237,2002.7657045870237,0.03270340052611642
200.27704718658083,2002.7704718658083,0.03250409965945478
200.27752100914597,2002.7752100914597,0.03230601056506144
200.27799194406293,2002.7799194406293,0.0321091259093218
200.27846000888997,2002.7846000888997,0.031913438402594974
200.278925221079,2002.78925221079,0.03171894079894377
200.27938759797632,2002.7938759797632,0.031525625895900244
200.27984715682328,2002.7984715682328,0.031333486534190325
200.2803039147568,2002.803039147568,0.03114251559747272
200.28075788881006,2002.8075788881006,0.03095270601210265
200.28120909591314,2002.8120909591314,0.030764050746867166
200.28165755289362,2002.8165755289363,0.030576542812750684
200.28210327647716,2002.8210327647716,0.030390175262663188
200.28254628328813,2002.8254628328814,0.030204941191221746
200.28298658985025,2002.8298658985025,0.030020833734494712
200.2834242125872,2002.834242125872,0.029837846069740603
200.28385916782315,2002.8385916782315,0.02965597141517895
200.28429147178343,2002.8429147178344,0.029475203029746933
200.28472114059508,2002.847211405951,0.02929553421286668
200.28514819028743,2002.8514819028742,0.029116958304196583
200.28557263679278,2002.8557263679277,0.028939468683409242
200.28599449594685,2002.8599449594685,0.02876305876991081
200.28641378348945,2002.8641378348946,0.028587722022668682
200.28683051506502,2002.8683051506503,0.028413451939941492
200.28724470622322,2002.8724470622321,0.02824024205905351
200.28765637241952,2002.8765637241952,0.02806808595616017
200.28806552901568,2002.880655290157,0.02789697724601181
200.28847219128045,2002.8847219128045,0.027726909581763604
200.28887637439,2002.8887637438997,0.02755787665468956
200.2892780934285,2002.892780934285,0.027389872194008458
200.28967736338876,2002.8967736338877,0.027222889966644015
200.29007419917272,2002.9007419917273,0.027056923776981545
200.29046861559198,2002.9046861559198,0.026891967466668998
200.29086062736832,2002.9086062736833,0.02672801491438781
200.29125024913435,2002.9125024913435,0.026565060035646848
200.29163749543392,2002.916374954339,0.02640309678253905
200.29202238072276,2002.9202238072276,0.0262421191435549
200.29240491936892,2002.9240491936891,0.02608212114332842
200.29278512565338,2002.9278512565338,0.025923096842464854
200.2931630137705,2002.931630137705,0.02576504033729554
200.2935385978286,2002.935385978286,0.025607945759687833
200.29391189185037,2002.9391189185037,0.025451807276828387
200.29428290977359,2002.9428290977357,0.025296619091009998
200.29465166545145,2002.9465166545147,0.02514237543941844
200.29501817265313,2002.9501817265314,0.024989070593924634
200.29538244506432,2002.9538244506432,0.024836698860912332
200.29574449628768,2002.9574449628767,0.02468525458101878
200.2961043398434,2002.961043398434,0.02453473212898194
200.29646198916964,2002.9646198916964,0.02438512591340425
200.29681745762304,2002.9681745762305,0.02423643037655898
200.29717075847924,2002.9717075847925,0.024088639994217953
200.29752190493335,2002.9752190493334,0.02394174927539927
200.2978709101004,2002.978709101004,0.02379575276221635
200.29821778701583,2002.9821778701582,0.023650645029673623
200.29856254863608,2002.9856254863607,0.023506420685449836
200.29890520783894,2002.9890520783895,0.02336307436971863
200.29924577742403,2002.9924577742404,0.023220600754947807
200.29958427011334,2002.9958427011334,0.023078994545728815
200.29992069855163,2002.9992069855164,0.02293825047855469
200.30025507530695,2003.0025507530695,0.02279836332166374
200.3005874128711,2003.005874128711,0.02265932787481928
200.30091772366,2003.0091772366,0.022521138969130217
200.3012460200143,2003.012460200143,0.022383791466892955
200.30157231419972,2003.0157231419971,0.022247280261364022
200.30189661840748,2003.0189661840748,0.022111600276591314
200.30221894475488,2003.022189447549,0.021976746467256003
200.30253930528565,2003.0253930528565,0.021842713818452264
200.30285771197038,2003.0285771197036,0.021709497345518525
200.303174176707,2003.03174176707,0.02157709209387404
200.30348871132122,2003.0348871132123,0.02144549313882882
200.30380132756696,2003.0380132756695,0.021314695585386456
200.30411203712677,2003.0411203712677,0.021184694568110896
200.3044208516123,2003.044208516123,0.021055485250904393
200.30472778256467,2003.0472778256467,0.020927062826851195
200.3050328414549,2003.050328414549,0.020799422518047006
200.30533603968442,2003.0533603968443,0.020672559575440896
200.30563738858538,2003.0563738858539,0.020546469278629242
200.30593689942114,2003.0593689942114,0.020421146935701184
200.30623458338664,2003.0623458338664,0.020296587883076977
200.30653045160886,2003.0653045160886,0.02017278748532858
200.30682451514716,2003.0682451514715,0.02004974113500735
200.30711678499378,2003.0711678499379,0.019927444252510806
200.30740727207416,2003.0740727207417,0.019805892285851723
200.30769598724743,2003.0769598724742,0.01968508071056929
200.3079829413067,2003.079829413067,0.0195650050294911
200.30826814497956,2003.0826814497957,0.01944566077263188
200.3085516089284,2003.085516089284,0.019327043497005203
200.3088333437509,2003.088333437509,0.01920914878645652
200.30911335998033,2003.0911335998032,0.019091972251503275
200.30939166808594,2003.0939166808594,0.018975509529180368
200.30966827847342,2003.0966827847342,0.01885975628289982
200.30994320148523,2003.0994320148523,0.018744708202251825
200.31021644740093,2003.1021644740094,0.018630361002898166
200.31048802643775,2003.1048802643775,0.018516710426385696
200.31075794875073,2003.1075794875073,0.01840375223997226
200.31102622443325,2003.1102622443325,0.018291482236527212
200.31129286351734,2003.1129286351734,0.018179896234336024
200.3115578759741,2003.115578759741,0.018068990076963498
200.31182127171402,2003.1182127171403,0.01795875963309035
200.31208306058736,2003.1208306058736,0.017849200796381748
200.3123432523845,2003.123432523845,0.01774030948532923
200.31260185683632,2003.1260185683632,0.017632081643101483
200.3128588836146,2003.128588836146,0.01752451323740578
200.31311434233234,2003.1311434233235,0.017417600260313915
200.31336824254407,2003.1336824254408,0.017311338728137837
200.31362059374626,2003.1362059374626,0.017205724681284007
200.31387140537765,2003.1387140537765,0.01710075418411483
200.31412068681962,2003.1412068681962,0.01699642332479767
200.31436844739653,2003.1436844739653,0.016892728215148534
200.31461469637605,2003.1461469637607,0.01678966499050949
200.3148594429695,2003.1485944296949,0.016687229809601245
200.31510269633222,2003.1510269633222,0.01658541885438991
200.31534446556387,2003.1534446556386,0.016484228329925354
200.3155847597088,2003.155847597088,0.016383654464241726
200.31582358775637,2003.1582358775636,0.016283693508183372
200.3160609586413,2003.1606095864129,0.016184341735284047
200.31629688124394,2003.1629688124394,0.016085595441628353
200.31653136439073,2003.1653136439072,0.01598745094571319
200.31676441685434,2003.1676441685433,0.015889904588319848
200.31699604735417,2003.1699604735418,0.015792952732384347
200.31722626455658,2003.1722626455658,0.015696591762849987
200.3174550770752,2003.1745507707521,0.01560081808653413
200.31768249347132,2003.1768249347133,0.015505628132028715
200.31790852225416,2003.1790852225415,0.015411018349536842
200.31813317188116,2003.1813317188116,0.015316985210741318
200.31835645075833,2003.1835645075832,0.015223525208701627
200.3185783672406,2003.1857836724062,0.015130634857717151
200.31879892963204,2003.1879892963204,0.015038310693174406
200.31901814618624,2003.1901814618623,0.01494654927146355
200.31923602510656,2003.1923602510656,0.0148553471698043
200.31945257454652,2003.1945257454652,0.014764700986167778
200.31966780260998,2003.1966780260998,0.014674607339113077
200.31988171735154,2003.1988171735154,0.01458506286768424
200.3200943267768,2003.200943267768,0.014496064231303674
200.32030563884265,2003.2030563884266,0.014407608109598069
200.32051566145762,2003.2051566145763,0.014319691202325568
200.32072440248206,2003.2072440248205,0.014232310229235434
200.32093186972855,2003.2093186972857,0.014145461929956138
200.32113807096212,2003.2113807096212,0.014059143063853252
200.3213430139006,2003.2134301390058,0.013973350409953067
200.32154670621478,2003.2154670621478,0.013888080766768507
200.32174915552886,2003.2174915552887,0.013803330952236958
200.32195036942062,2003.2195036942062,0.01371909780356928
200.32215035542174,2003.2215035542174,0.013635378177146773
200.32234912101805,2003.2234912101806,0.013552168948396837
200.32254667364987,2003.2254667364987,0.013469467011697045
200.3227430207122,2003.227430207122,0.013387269280233038
200.32293816955513,2003.2293816955512,0.013305572685911482
200.32313212748392,2003.231321274839,0.013224374179225062
200.3233249017594,2003.233249017594,0.013143670729165446
200.32351649959827,2003.2351649959828,0.01306345932309716
200.32370692817324,2003.2370692817324,0.012983736966649229
200.3238961946134,2003.2389619461342,0.012904500683605047
200.3240843060045,2003.2408430600449,0.012825747515785135
200.32427126938907,2003.2427126938908,0.012747474522958324
200.32445709176687,2003.2445709176686,0.012669678782708527
200.32464178009502,2003.2464178009502,0.012592357390353026
200.32482534128826,2003.2482534128826,0.012515507458814579
200.3250077822193,2003.250077822193,0.0124391261185397
200.325189109719,2003.2518910971899,0.012363210517361889
200.32536933057662,2003.2536933057663,0.012287757820421685
200.32554845154013,2003.2554845154013,0.01221276521004766
200.3257264793164,2003.2572647931638,0.012138229885665819
200.32590342057145,2003.2590342057144,0.012064149063691243
200.32607928193082,2003.260792819308,0.011990519977419734
200.3262540699796,2003.2625406997959,0.011917339876919453
200.32642779126283,2003.2642779126284,0.011844606028963423
200.32660045228576,2003.2660045228577,0.011772315716906956
200.32677205951396,2003.2677205951395,0.01170046624055976
200.32694261937368,2003.2694261937368,0.011629054916148629
200.32711213825206,2003.2711213825205,0.011558079076159355
200.32728062249734,2003.2728062249735,0.011487536069270998
200.32744807841908,2003.274480784191,0.011417423260247528
200.32761451228845,2003.2761451228844,0.01134773802985789
200.32777993033844,2003.2777993033844,0.011278477774762319
200.32794433876407,2003.2794433876406,0.011209639907407531
200.32810774372265,2003.2810774372265,0.01114122185596278
200.32827015133404,2003.2827015133403,0.011073221064195504
200.32843156768078,2003.2843156768079,0.011005634991380742
200.32859199880838,2003.2859199880838,0.010938461112222964
200.32875145072555,2003.2875145072555,0.010871696916769036
200.3289099294044,2003.289099294044,0.010805339910283873
200.3290674407807,2003.290674407807,0.010739387613184714
200.32922399075406,2003.2922399075405,0.01067383756093454
200.32937958518815,2003.2937958518814,0.010608687303963915
200.32953422991093,2003.2953422991093,0.010543934407571509
200.32968793071487,2003.2968793071486,0.010479576451844164
200.3298406933572,2003.298406933572,0.010415611031568073
200.32999252356,2003.2999252356,0.010352035756106215
200.33014342701063,2003.3014342701063,0.01028884824937526
200.3302934093617,2003.302934093617,0.010226046149685697
200.33044247623144,2003.3044247623143,0.010163627109704532
200.33059063320383,2003.3059063320384,0.010101588796357586
200.33073788582888,2003.3073788582888,0.010039928890746008
200.3308842396228,2003.308842396228,0.009978645088029037
