0.01954964695919337,0.1954964695919337,1.3329274451099002
0.03921054602923796,0.3921054602923796,1.3405127990648604
0.05898326385353877,0.5898326385353877,1.3481367877096289
0.07886836919054527,0.7886836919054527,1.3557995552514543
0.09886643291249768,0.9886643291249768,1.3635012458121056
0.11897802800404028,1.1897802800404027,1.3712420034188066
0.13920372956070087,1.3920372956070088,1.3790219719951042
0.1595441147872347,1.5954411478723471,1.3868412953516365
0.17999976299583065,1.7999976299583065,1.3947001171767304
0.20057125560417924,2.0057125560417925,1.4025985810269925
0.22125917613339993,2.212591761333999,1.4105368303177062
0.242064110205827,2.42064110205827,1.4185150083131908
0.2629866455426514,2.629866455426514,1.426533258116986
0.284027371961418,2.8402737196141796,1.4345917226619878
0.30518688137337624,3.0518688137337624,1.442690544700461
0.3264657677806826,3.264657677806826,1.4508298667939186
0.3478646272734532,3.4786462727345318,1.4590098313029247
0.36938405802666496,3.6938405802666496,1.4672305803767585
0.3910246602969044,3.9102466029690444,1.4754922559430184
0.41278703641896114,4.1278703641896115,1.4837949996970514
0.4346717908022657,4.346717908022657,1.492138953091327
0.4566795299271695,4.5667952992716945,1.5005242573246718
0.47881086234106524,4.788108623410652,1.5089510533314079
0.5010663986543468,5.0106639865434675,1.5174194817703728
0.5234467515362058,5.2344675153620575,1.5259296830138331
0.5459525357102646,5.459525357102645,1.534481797136285
0.5685843679500427,5.685843679500428,1.5430759639031364
0.5913428670742565,5.913428670742565,1.5517123227592982
0.6142286539419493,6.1422865394194925,1.560391012817655
0.6372423514474501,6.372423514474502,1.5691121728473916
0.6603845845151615,6.603845845151614,1.57787594126227
0.6836559800941713,6.836559800941712,1.5866824561087234
0.7070571671526907,7.070571671526907,1.5955318550539253
0.7305887766723133,7.305887766723132,1.6044242753736362
0.7542514416420956,7.542514416420955,1.613359853940032
0.7780457970524574,7.780457970524574,1.6223387272093759
0.8019724798888991,8.01972479888899,1.631361031209591
0.8260321291255355,8.260321291255355,1.640426901527705
0.8502253857184432,8.502253857184431,1.6495364732971818
0.8745528925988219,8.745528925988218,1.6586898811851767
0.8990152946659651,8.99015294665965,1.6678872593796306
0.9236132387800418,9.236132387800417,1.6771287415762663
0.9483473737546844,9.483473737546843,1.6864144609654939
0.9732183503493841,9.732183503493841,1.6957445502191866
0.9982268212616895,9.982268212616894,1.7051191414773164
1.0233734411192081,10.233734411192081,1.714538366334533
1.0486588664714098,10.486588664714098,1.7240023558265754
1.0740837557812282,10.74083755781228,1.7335112404166195
1.0996487694164614,10.996487694164614,1.7430651499814647
1.1253545696409673,11.253545696409672,1.752664213797647
1.1512018206056547,11.512018206056547,1.7623085605274151
1.1771911883392663,11.771911883392663,1.771998318204616
1.2033233407389532,12.033233407389531,1.7817336142204385
1.2295989475606388,12.295989475606389,1.7915145753090722
1.2560186804091706,12.560186804091707,1.8013413275332506
1.2825832127282588,12.825832127282588,1.8112139962696605
1.3092932197901983,13.092932197901984,1.821132706194271
1.3361493786853749,13.36149378685375,1.8310975812675365
1.3631523683115523,13.631523683115523,1.8411087447194894
1.3903028693629387,13.903028693629388,1.8511663190347103
1.4176015643190323,14.176015643190322,1.8612704259372346
1.4450491374332426,14.450491374332426,1.8714211863752754
1.4726462747212867,14.726462747212867,1.8816187205059243
1.50039366394936,15.0039366394936,1.891863147679659
1.5282919946220768,15.282919946220767,1.9021545864248082
1.556341957970183,15.56341957970183,1.9124931544318904
1.5845442469380362,15.845442469380362,1.9228789685377978
1.6128995561708541,16.128995561708543,1.933312144709983
1.6414085820017266,16.414085820017267,1.9437927980304024
1.6700720224383936,16.700720224383936,1.954321042679474
1.6988905771497846,16.988905771497848,1.9648969919198627
1.7278649474523193,17.278649474523192,1.9755207580801932
1.7569958362959677,17.569958362959678,1.986192452538631
1.7862839482500674,17.862839482500675,1.996912185706385
1.8157299894888992,18.157299894888993,2.007680067011108
1.8453346677770153,18.453346677770153,2.018496204880179
1.8750986924543227,18.750986924543227,2.0293607067239043
1.9050227744209185,19.050227744209185,2.0402736789186195
1.9351076261216744,19.351076261216743,2.051235226789664
1.9653539615305724,19.653539615305725,2.0622454545942914
1.9957624961347868,19.957624961347868,2.0733044655044686
2.026333946918513,20.26333946918513,2.0844123615895973
2.0570690323465413,20.570690323465413,2.095569243799099
2.0879684723475744,20.879684723475744,2.106775211944958
2.119032988297287,21.19032988297287,2.118030364684127
2.1502633030011267,21.502633030011268,2.129334799500897
2.1816601406768537,21.816601406768537,2.140688612689084
2.2132242269368194,22.132242269368195,2.1520918993342497
2.244956288769982,22.44956288769982,2.1635447532957257
2.2768570545236573,22.76857054523657,2.1750472671886114
2.3089272538850047,23.089272538850047,2.186599532365665
2.3411676178622463,23.411676178622464,2.198201638899119
2.3735788787656174,23.735788787656173,2.2098536755624134
2.4061617701880484,24.061617701880486,2.2215557298118376
2.438917026985577,24.389170269855768,2.2333078877680967
2.471845385257486,24.71845385257486,2.2451102341978078
2.504947582326173,25.04947582326173,2.2569628524949024
2.538224356716743,25.38224356716743,2.2688658246619844
2.571676448136327,25.716764481363267,2.280819231291568
2.6053045974531255,26.053045974531255,2.2928231515472812
2.639109546675174,26.39109546675174,2.3048776631449814
2.6730920389288313,26.730920389288315,2.3169828423338124
2.707252818436989,27.072528184369887,2.329138763877182
2.7415926304969993,27.415926304969993,2.341345501033675
2.7761122214583263,27.761122214583263,2.3536031255379135
2.8108123386999098,28.108123386999097,2.3659117075813483
2.8456937306072505,28.456937306072504,2.3782713157929787
2.8807571465492114,28.807571465492114,2.3906820172200365
2.9160033368545335,29.160033368545335,2.4031438773085916
2.951433052788066,29.51433052788066,2.4156569598841187
2.987047046526713,29.870470465267132,2.428221327132007
3.022846071135092,30.22846071135092,2.44083703957801
3.058830880540904,30.588308805409042,2.4535041560686532
3.0950022295100186,30.950022295100187,2.466222733751605
3.1313608736212672,31.31360873621267,2.4789928280559788
3.167907569240949,31.67907569240949,2.4918144926726327
3.204643073497046,32.046430734970464,2.5046877795343856
3.2415681442531485,32.415681442531486,2.517612738796211
3.2786835400820884,32.786835400820884,2.5305894188154094
3.315990020239283,33.159900202392826,2.5436178661317395
3.353488344635784,33.53488344635784,2.556698125447514
3.3911792738110376,33.91179273811038,2.5698302396076556
3.4290635689053492,34.290635689053495,2.583014249579763
3.4671419916320563,34.67141991632056,2.5962501944341194
3.5054153042494076,35.05415304249408,2.60953811132369
3.543884269532149,35.43884269532149,2.622878035464106
3.5825496507428154,35.825496507428156,2.6362700001136328
3.6214122116027294,36.2141221160273,2.6497140365531364
3.660472716262703,36.60472716262703,2.663210174065991
3.6997319292734487,36.99731929273449,2.676758439918044
3.7391906155556947,37.391906155556946,2.6903588593375463
3.778849540370004,37.78849540370004,2.704011455495056
3.818709469286302,38.18709469286302,2.717716249483393
3.8587711681531083,38.58771168153108,2.731473260297569
3.899035403066474,38.99035403066474,2.74528250481471
3.939502940338626,39.39502940338626,2.7591439977740264
3.980174546466317,39.80174546466317,2.7730577517567645
4.021050988098881,40.21050988098881,2.7870237771661883
4.0621330320059945,40.62133032005995,2.801042082207578
4.103421445045151,41.03421445045151,2.815112672868247
4.144916994128834,41.44916994128834,2.8292355528975945
4.1866204461914025,41.86620446191402,2.843410723787153
4.2285325681556865,42.28532568155686,2.8576381847507295
4.270654126899284,42.706541268992844,2.87191793270453
4.3129858892205775,43.129858892205775,2.8862499622473226
4.355528621804449,43.55528621804449,2.900634265640679
4.398283091187719,43.98283091187719,2.9150708327892274
4.441250063724282,44.41250063724282,2.9295596512209783
4.484430305549965,44.844303055499644,2.9441007060676774
4.527824582547094,45.27824582547094,2.9586939800452297
4.571433660308777,45.71433660308777,2.9733394534341886
4.615258304102898,46.15258304102898,2.9880371040602864
4.65929927883583,46.5929927883583,3.002786907275063
4.70355734901586,47.0355734901586,3.017588835936523
4.74803327871634,47.480332787163405,3.032442860389897
4.792727831538549,47.92727831538549,3.047348948448493
4.837641770574279,48.37641770574279,3.0623070653745743
4.882775858368137,48.82775858368137,3.077317173860386
4.92813085687958,49.2813085687958,3.0923792340092198
4.973707527444664,49.73707527444664,3.1074932033166127
5.0195066307375225,50.19506630737523,3.12265903665161
5.065528926731572,50.65528926731572,3.137876686238149
5.111775174660444,51.11775174660444,3.1531461016365276
5.158246132978652,51.582461329786526,3.1684672297250125
5.204942559321982,52.049425593219816,3.1838400146815373
5.2518652104676224,52.51865210467622,3.1992643979655093
5.29901484229403,52.990148422940294,3.214740318299763
5.346392209740525,53.46392209740525,3.230267711652616
5.3939980667666365,53.93998066766636,3.2458465112200803
5.441833166311178,54.41833166311178,3.2614766474081684
5.4898982602510715,54.89898260251071,3.2771580478153735
5.538194099359917,55.381940993599166,3.2928906372152684
5.5867214332663035,55.86721433266304,3.308674337539275
5.635481010411879,56.35481010411879,3.324509067859547
5.68447357800916,56.844735780091604,3.3403947443720328
5.733699881999105,57.33699881999105,3.35633128037971
5.783160667008438,57.83160667008438,3.372318586275943
5.8328566763067355,58.32856676306736,3.3883565695280553
5.882788651763268,58.82788651763268,3.4044451346610205
5.932957333803614,59.32957333803614,3.420584183241395
5.983363461366035,59.83363461366035,3.436773613861369
6.034007771857617,60.34007771857617,3.453013322123042
6.084891001110193,60.84891001110193,3.469303200622869
6.13601388333603,61.3601388333603,3.485643138936329
6.187377151083305,61.873771510833045,3.502033023602747
6.238981535191348,62.389815351913484,3.518472738110361
6.290827764745683,62.90827764745683,3.534962162881571
6.342916567032846,63.42916567032846,3.5515011752584367
6.395248667494997,63.95248667494997,3.5680896494883227
6.447824789684323,64.47824789684323,3.584727456709848
6.500645655217244,65.00645655217244,3.601414464939007
6.55371198372841,65.5371198372841,3.6181505390555446
6.607024492824507,66.07024492824507,3.6349355407895474
6.660583898037873,66.60583898037873,3.651769328708306
6.714390912779915,67.14390912779915,3.668651758203391
6.768446248294348,67.68446248294347,3.685582681478
6.8227506136102525,68.22750613610252,3.702561947534543
6.877304715494949,68.7730471549495,3.7195894021625002
6.932109258406701,69.321092584067,3.7366648879265383
6.9871649444472474,69.87164944447247,3.7537882441548933
7.042472473314168,70.42472473314169,3.7709593069280163
7.0980325422530886,70.98032542253088,3.7881779090675205
7.153845846009724,71.53845846009725,3.805443880125393
7.2099130767817705,72.09913076781771,3.822757046373488
7.266234924170647,72.66234924170648,3.8401172307933336
7.322812075133093,73.22812075133093,3.8575242530662073
7.379645213932623,73.79645213932622,3.874977929563546
7.4367350220908435,74.36735022090843,3.8924780733376054
7.494082178338643,74.94082178338643,3.9100244941125086
7.551687358567251,75.51687358567251,3.927616998275522
7.609551235779172,76.09551235779172,3.9452553888687176
7.6676744800390075,76.67674480039008,3.9629394655809347
7.7260577584241625,77.26057758424163,3.9806690247400422
7.78470173497544,77.8470173497544,3.9984438593055907
7.843607070647537,78.43607070647538,4.016263758861752
7.9027744232594435,79.02774423259443,4.0341285096106105
7.962204447444739,79.62204447444739,4.052037894365832
8.021897794601813,80.21897794601813,4.069991692546625
8.081855112843993,80.81855112843994,4.08798968017212
8.142077046949602,81.42077046949602,4.10603162985605
8.20256423831194,82.02564238311939,4.1241173108018305
8.263317324889194,82.63317324889194,4.142246488798017
8.324336941154298,83.24336941154299,4.160418926214072
8.385623718044728,83.85623718044728,4.178634381996591
8.447178282912247,84.47178282912247,4.1968926116658345
8.509001259472612,85.09001259472612,4.215193367312702
8.571093267755234,85.71093267755234,4.233536397596056
8.63345492405281,86.3345492405281,4.251921447740455
8.69608684087092,86.9608684087092,4.270348259534284
8.758989626877622,87.58989626877622,4.288816571328267
8.822163886852996,88.22163886852996,4.30732611803442
8.885610221638723,88.85610221638723,4.32587663112537
8.949329228087619,89.49329228087619,4.344467838634123
9.013321499013196,90.13321499013196,4.363099465154209
9.077587623139229,90.77587623139229,4.3817712318403
9.142128185049325,91.42128185049324,4.40048285640919
9.206943765136531,92.0694376513653,4.419234053141261
9.272034939552956,92.72034939552955,4.438024532882315
9.337402280159429,93.3740228015943,4.456854003045917
9.403046354475205,94.03046354475205,4.475722167616103
9.468967725627705,94.68967725627705,4.494628727150581
9.53516695230232,95.3516695230232,4.513573378784335
9.601644588692276,96.01644588692275,4.532555816233715
9.668401184448548,96.68401184448548,4.551575729800964
9.73543728462987,97.35437284629869,4.570632806379171
9.802753429652807,98.02753429652807,4.589726729457727
9.870350155241926,98.70350155241925,4.608857179128218
9.938227992380051,99.38227992380051,4.628023832090763
10.006387467258623,100.06387467258622,4.6472263616608664
10.074829101228163,100.74829101228163,4.66646443777668
10.143553410748854,101.43553410748854,4.685737727006787
10.21256090734124,102.1256090734124,4.7050458925584255
10.281852097537058,102.81852097537057,4.724388594286212
10.351427482830195,103.51427482830195,4.743765488701318
10.421287559627793,104.21287559627793,4.763176228981164
10.491432819201508,104.91432819201508,4.782620464979559
10.561863747638917,105.61863747638917,4.802097843237352
10.632580825795088,106.32580825795088,4.8216080069935465
10.70358452924433,107.0358452924433,4.841150596196949
10.774875328232106,107.74875328232106,4.860725247518249
10.846453687627145,108.46453687627145,4.880331594362647
10.918320066873736,109.18320066873736,4.899969266882948
10.990474919944232,109.90474919944232,4.919637891993146
11.062918695291746,110.62918695291745,4.939337093382545
11.135651835803074,111.35651835803074,4.95906649153033
11.208674778751835,112.08674778751835,4.978825703720686
11.281987955751836,112.81987955751836,4.998614344058373
11.355591792710682,113.55591792710682,5.0184320234848565
11.429486709783617,114.29486709783617,5.038278349794895
11.503673121327635,115.03673121327635,5.058152927653657
11.578151435855824,115.78151435855824,5.078055358614351
11.652922055991999,116.52922055991999,5.097985241136342
11.727985378425593,117.27985378425593,5.117942170603788
11.803341793866842,118.03341793866842,5.137925739344794
11.878991687002243,118.78991687002242,5.157935536651052
11.954935436450318,119.54935436450319,5.1779711487979885
12.031173414717683,120.31173414717684,5.198032159065473
12.10770598815542,121.07705988155419,5.2181181477589655
12.184533516915767,121.84533516915766,5.238228692231205
12.261656354909144,122.61656354909144,5.258363366904423
12.3390748497615,123.39074849761501,5.278521743293037
12.416789342772008,124.16789342772007,5.298703390026859
12.494800168871102,124.94800168871102,5.31890787287483
12.573107656578875,125.73107656578875,5.339134754769237
12.651712127963842,126.51712127963842,5.359383595830441
12.730613898602058,127.30613898602058,5.3796539533921415
12.809813277536636,128.09813277536637,5.399945382027077
12.889310567237626,128.89310567237627,5.420257433573314
12.96910606356231,129.6910606356231,5.440589657160961
13.049200055715874,130.49200055715875,5.4609415992394315
13.12959282621251,131.2959282621251,5.481312803605186
13.210284650836911,132.1028465083691,5.501702811429977
13.291275798606197,132.91275798606196,5.522111161289574
13.372566531732273,133.72566531732272,5.542537389193017
13.454157105584622,134.54157105584622,5.562981028612317
13.536047768653528,135.3604776865353,5.583441610512677
13.618238762513771,136.18238762513772,5.603918663383187
13.70073032178876,137.0073032178876,5.624411713268006
13.78352267411514,137.83522674115142,5.644920283798027
13.866616040107875,138.66616040107874,5.665443896223021
13.950010633325792,139.50010633325792,5.685982069444236
14.033706660237634,140.33706660237635,5.706534320047523
14.11770432018858,141.1770432018858,5.727100162336869
14.202003805367287,142.02003805367286,5.747679108368426
14.286605300773424,142.86605300773425,5.76827066798502
14.371508984185718,143.71508984185718,5.788874348851094
14.456715026130531,144.5671502613053,5.809489656488098
14.542223589850954,145.42223589850954,5.830116094310376
14.628034831276427,146.28034831276426,5.850753163661466
14.714148898992917,147.14148898992917,5.871400363850839
14.800565934213626,148.00565934213625,5.892057192191108
14.887286070750253,148.87286070750253,5.912723144035652
14.974309434984821,149.7430943498482,5.933397712816679
15.061636145842062,150.6163614584206,5.954080390083713
15.149266314762375,151.49266314762374,5.9747706655425095
15.23720004567536,152.3720004567536,5.995468027094378
15.325437434973939,153.25437434973938,6.016171960875931
15.413978571489059,154.1397857148906,6.036881951299221
15.502823536464996,155.02823536464996,6.0575974810923165
15.591972403535253,155.91972403535254,6.078318031340233
15.681425238699076,156.81425238699074,6.099043081526269
15.771182100298562,157.71182100298563,6.1197721095737645
15.861243038996408,158.6124303899641,6.140504591888175
15.951608097754269,159.51608097754269,6.161240003399578
16.042277311811745,160.42277311811745,6.181977817605521
16.133250708666004,161.33250708666003,6.202717506614228
16.22452830805205,162.2452830805205,6.22345854118819
16.31611012192362,163.16110121923623,6.244200390788079
16.407996154434755,164.07996154434755,6.264942523617015
16.50018640192199,165.0018640192199,6.285684406665164
16.59268085288724,165.9268085288724,6.3064255057547
16.685479487981333,166.8547948798133,6.327165285585041
16.77858227998819,167.78582279988188,6.347903209778443
16.87198919380973,168.71989193809728,6.368638740925884
16.965700186451393,169.65700186451392,6.389371340633258
17.059715207008406,170.59715207008406,6.410100469567863
17.154034196652667,171.54034196652668,6.430825587505191
17.248657088620387,172.48657088620388,6.451546153375968
17.34358380820037,173.43583808200373,6.4722616253135135
17.43881427272304,174.3881427272304,6.49297146070133
17.534348391550118,175.34348391550117,6.513675116220964
17.630186066065054,176.30186066065053,6.534372047900126
17.72632718966414,177.2632718966414,6.555061711161043
17.82277164774834,178.2277164774834,6.5757435608690535
17.919519317715835,179.19519317715836,6.596417051381418
18.016570068955303,180.16570068955303,6.617081636596378
18.113923762839896,181.13923762839897,6.637736770002388
18.211580252721966,182.11580252721967,6.65838190472759
18.309539383928495,183.09539383928495,6.679016493589436
18.40780099375728,184.0780099375728,6.699639989144549
18.506364911473845,185.06364911473844,6.720251843738724
18.60523095830907,186.05230958309068,6.740851509557112
18.704398947457577,187.04398947457577,6.7614384386745625
18.803868684076868,188.03868684076866,6.78201208310612
18.903639965287176,189.03639965287175,6.802571894857656
19.003712580172078,190.03712580172078,6.823117325976654
19.104086309779852,191.04086309779854,6.8436478286030935
19.20476092712558,192.0476092712558,6.864162855020466
19.30573619719401,193.05736197194008,6.884661857706895
19.40701187694315,194.07011876943153,6.905144289386366
19.508587715308646,195.08587715308647,6.925609603080017
19.610463453208865,196.10463453208865,6.946057252157531
19.712638823550787,197.12638823550787,6.9664866903885985
19.815113551236617,198.15113551236618,6.986897371994433
19.917887353171167,199.17887353171167,7.007288751699341
20.020959938269986,200.20959938269985,7.027660284782329
20.124331007468253,201.24331007468254,7.048011427128761
20.228000253730443,202.28000253730443,7.06834163528202
20.331967362060716,203.31967362060715,7.0886503664951865
20.4362320095141,204.362320095141,7.108937078782739
20.5407938652084,205.407938652084,7.129201230972234
20.645652590336898,206.45652590336897,7.149442282755959
20.750807838181778,207.50807838181777,7.169659694742595
20.85625925412834,208.56259254128338,7.189852928508823
20.962006475679935,209.62006475679937,7.210021446650885
21.06804913247369,210.6804913247369,7.230164712836105
21.174386846296958,211.74386846296957,7.250282191854331
21.281019231104555,212.81019231104554,7.270373349669332
21.387945893036704,213.87945893036704,7.29043765347008
21.495166430437777,214.95166430437777,7.310474571721962
21.602680433875758,216.0268043387576,7.330483574217889
21.71048748616246,217.1048748616246,7.350464132129287
21.818587162374488,218.18587162374487,7.370415718056969
21.92697902987495,219.2697902987495,7.390337806081884
22.035662648335908,220.3566264833591,7.410229871815731
22.144637569761574,221.44637569761574,7.4300913924513905
22.25390333851223,222.5390333851223,7.449921846813252
22.363459491328896,223.63459491328896,7.469720715407328
22.473305557358724,224.73305557358725,7.489487480471201
22.583441058181126,225.83441058181126,7.509221626023806
22.693865507834634,226.93865507834633,7.528922637914987
22.804578412844464,228.04578412844464,7.548590003874865
22.915579272250827,229.15579272250827,7.568223213562988
23.02686757763794,230.2686757763794,7.587821758617252
23.13844281316375,231.3844281316375,7.607385132702595
23.25030445559038,232.5030445559038,7.626912831559438
23.362451974315288,233.6245197431529,7.646404353051893
23.47488483140309,234.7488483140309,7.6658591972156875
23.587602481618138,235.87602481618137,7.685276866305831
23.700604372457747,237.00604372457747,7.704656864844008
23.813889944186133,238.13889944186133,7.723998699665668
23.927458629869044,239.27458629869045,7.743301879966828
24.04130985540905,240.4130985540905,7.762565917350574
24.155443039581534,241.55443039581536,7.781790325873231
24.269857594071347,242.69857594071345,7.8009746220902345
24.384552923510114,243.84552923510114,7.820118325101648
24.49952842551424,244.9952842551424,7.839220956597358
24.614783490723536,246.14783490723536,7.8582820409019005
24.730317502840517,247.30317502840518,7.877301105018957
24.846129838670347,248.46129838670348,7.896277678675463
24.962219868161416,249.62219868161415,7.9152112943653545
25.07858695444656,250.7858695444656,7.9341014873929305
25.195230453884918,251.95230453884918,7.952947795915832
25.312149716104393,253.12149716104392,7.971749760987611
25.429344084044757,254.29344084044757,7.990506926599907
25.54681289400134,255.4681289400134,8.009218839724218
25.664555475669356,256.64555475669357,8.02788505035322
25.782571152188805,257.825711521888,8.0465051115417
25.90085924018998,259.0085924018998,8.065078579447022
26.019419049839563,260.19419049839564,8.083605013369178
26.138249884887287,261.38249884887284,8.10208397579036
26.257351042713196,262.57351042713196,8.12051503241411
26.376721814375447,263.76721814375446,8.138897752203976
26.49636148465869,264.9636148465869,8.157231707421719
26.616269332122993,266.16269332122994,8.175516473665038
26.73644462915332,267.36444629153317,8.193751629904808
26.85688664200953,268.56886642009533,8.211936758521837
26.977594630876943,269.77594630876945,8.230071445343127
27.09856784991739,270.9856784991739,8.248155279677613
27.219805547320806,272.19805547320806,8.266187854351433
27.341306965357326,273.41306965357325,8.284168765742654
27.463071340429874,274.6307134042987,8.30209761381549
27.585097903127267,275.8509790312727,8.319974002153993
27.70738587827778,277.0738587827778,8.337797537995208
27.829934485003214,278.2993448500321,8.355567832261821
27.95274293677341,279.5274293677341,8.37328449959422
28.075810441461254,280.75810441461255,8.390947158382053
28.199136201398098,281.99136201398096,8.40855543079521
28.32271941342967,283.2271941342967,8.426108942814256
28.4465592689724,284.465592689724,8.443607324260316
28.570654954070164,285.70654954070164,8.461050208824377
28.69500564945148,286.9500564945148,8.478437234096022
28.81961053058709,288.1961053058709,8.495768041591619
28.944468767747967,289.4446876774797,8.513042276781901
29.0695795260637,290.695795260637,8.530259589118975
29.194941965581272,291.94941965581273,8.547419632062754
29.32055524132424,293.2055524132424,8.564522063106784
29.44641850335224,294.4641850335224,8.581566543803513
29.572530896820904,295.72530896820905,8.598552739788923
29.69889156204208,296.9889156204208,8.61548032080659
29.825499634544435,298.25499634544434,8.63234896073114
29.952354245134384,299.5235424513438,8.649158337591093
30.079454519957324,300.79454519957324,8.665908133591115
30.206799580559217,302.06799580559215,8.682598035133635
30.33438854394846,303.3438854394846,8.699227732839887
30.462220522658054,304.62220522658055,8.715796921570304
30.59029462480808,305.9029462480808,8.732305300444319
30.71860995416844,307.18609954168437,8.748752572859535
30.84716561022187,308.47165610221873,8.76513844651029
30.975960688227243,309.7596068822724,8.781462633405583
31.104994279283073,311.04994279283073,8.79772484988639
31.23426547039132,312.34265470391324,8.813924816642354
31.363773344521405,313.63773344521405,8.830062258727853
31.49351698067444,314.9351698067444,8.846136905577437
31.62349545394769,316.2349545394769,8.862148491020635
31.753707835599258,317.53707835599255,8.878096753296147
31.88415319311293,318.8415319311293,8.893981435065397
32.014830590263244,320.14830590263244,8.909802283425469
32.14573908718073,321.4573908718073,8.9255590499214
32.27687774041729,322.7687774041729,8.941251490557853
32.40824560301182,324.08245603011824,8.956879365810167
32.53984172455588,325.3984172455588,8.972442440634769
32.67166515125958,326.71665151259583,8.987940484478962
32.80371492601761,328.03714926017614,9.003373271290085
32.935990088475315,329.35990088475313,9.018740579524055
33.068489675094966,330.68489675094963,9.034042192153258
33.20121271922211,332.0121271922211,9.04927789667386
33.33415825115201,333.34158251152013,9.06444748511244
33.46732529819617,334.6732529819617,9.079550754032047
33.60071288474897,336.00712884748975,9.0945875045376
33.73432003235434,337.3432003235434,9.109557542280704
33.868145759772496,338.68145759772494,9.124460677463814
34.002189083046765,340.02189083046767,9.139296724843806
34.13644901557039,341.36449015570395,9.154065503734929
34.27092456815345,342.70924568153447,9.168766838011122
34.405614749089715,344.05614749089716,9.183400556107772
34.540518564223596,345.40518564223595,9.197966491022816
34.675635017017065,346.75635017017066,9.212464480317252
34.81096310861656,348.1096310861656,9.226894366115065
34.94650183791993,349.4650183791993,9.241255995102525
35.0822502016433,350.82250201643296,9.255549218526918
35.21820719438795,352.1820719438795,9.269773892194658
35.35437180870716,353.54371808707157,9.28392987646882
35.49074303517296,354.9074303517296,9.298017036266085
35.62731986244292,356.27319862442914,9.312035241053104
35.76410127732675,357.6410127732675,9.325984364842268
35.90108626485297,359.0108626485297,9.33986428618692
36.03827380833538,360.38273808335384,9.353674888175973
36.17566288943953,361.7566288943953,9.367416058427983
36.31325248824903,363.13252488249026,9.381087689084623
36.4510415833318,364.510415833318,9.394689676803639
36.589029151806216,365.89029151806216,9.4082219227512
36.72721416940707,367.2721416940707,9.421684332593733
36.86559561055147,368.65595610551475,9.435076816489195
37.00417244840459,370.04172448404586,9.448399289077795
37.142943654945235,371.42943654945236,9.461651669472182
37.28190820103132,372.8190820103132,9.474833881247099
37.42106505646513,374.2106505646513,9.487945852428505
37.560413190058455,375.60413190058455,9.500987515482171
37.699951569697504,376.99951569697504,9.51395880730175
37.839679162407705,378.3967916240771,9.52685966919634
37.979594934418245,379.7959493441824,9.539690046877533
38.11969785122645,381.1969785122645,9.55244989044596
38.25998687766195,382.59986877661953,9.56513915437732
38.40046097795066,384.0046097795066,9.577757797507942
38.54111911577848,385.4111911577848,9.590305783019838
38.68196025435482,386.81960254354817,9.602783078425274
38.82298335647589,388.2298335647589,9.61518965555086
38.96418738458772,389.64187384587717,9.62752549052119
39.10557130084895,391.05571300848953,9.639790563741974
39.24713406719339,392.47134067193394,9.651984859882743
39.38887464539227,393.8887464539227,9.664108367859091
39.53079199711625,395.3079199711625,9.676161080814452
39.67288508399717,396.72885083997176,9.68814299610145
39.8151528676895,398.151528676895,9.700054115262798
39.95759430993149,399.5759430993149,9.711894444011786
40.10020837260607,401.0020837260607,9.723663992212321
40.24299401780142,402.42994017801425,9.735362773858547
40.38595020787124,403.8595020787124,9.746990807054082
40.52907590549471,405.2907590549471,9.758548113990807
40.67237007373613,406.72370073736136,9.770034720927288
40.81583167610427,408.15831676104267,9.781450658166781
40.95945967661131,409.5945967661131,9.79279596003486
41.103253039831564,411.03253039831566,9.80407066485667
41.24721073095975,412.4721073095975,9.81527481493378
41.391331715869,413.91331715869,9.826408456520696
41.53561496116847,415.3561496116847,9.837471639800997
41.680059434260606,416.8005943426061,9.848464418863115
41.82466410339808,418.2466410339808,9.859386851675772
41.969427937740306,419.69427937740306,9.870239000063073
42.11434990740963,421.1434990740963,9.881020929679257
42.25942898354714,422.5942898354714,9.891732709983128
42.40466413836806,424.0466413836806,9.902374414212156
42.55005434521682,425.50054345216824,9.912946119356272
42.69559857862168,426.9559857862168,9.923447906131344
42.841295814348975,428.41295814348973,9.933879858952348
42.987145029457004,429.87145029457,9.944242065906266
43.13314520234945,431.33145202349453,9.95453461872466
43.27929531282846,432.7929531282846,9.964757612755994
43.42559434214725,434.25594342147247,9.97491114693767
43.572041273062354,435.72041273062354,9.984995323767787
43.71863508988542,437.1863508988542,9.995010249276651
43.86537477853459,438.6537477853459,10.004956032998024
44.01225932658547,440.12259326585473,10.01483278794012
44.159287723321654,441.59287723321654,10.024640630556371
44.30645895978481,443.0645895978481,10.034379680715944
44.45377202882437,444.5377202882437,10.044050061674039
44.601225925146714,446.0122592514671,10.053651900041963
44.748819645363994,447.48819645363994,10.063185325756988
44.89655218804244,448.96552188042443,10.072650472052
45.04442255375026,450.4442255375026,10.08204747542495
45.19242974510506,451.9242974510506,10.091376475608103
45.340572766820856,453.40572766820856,10.100637615537105
45.48885062575458,454.8885062575458,10.109831041319868
45.637262330952154,456.37262330952154,10.118956902205271
45.785806893694094,457.8580689369409,10.128015350551708
45.93448332754065,459.3448332754065,10.137006541795452
46.083290648376476,460.83290648376476,10.145930634418887
46.23222787445487,462.3222787445487,10.154787789918569
46.38129402644148,463.8129402644148,10.16357817277316
46.53048812745757,465.30488127457573,10.17230195041122
46.679809203122836,466.79809203122835,10.180959293178866
46.82925628159769,468.29256281597685,10.1895503743073
46.97882839362511,469.7882839362511,10.198075369880248
47.128524572572005,471.2852457257201,10.206534458801254
47.278343854470094,472.78343854470097,10.214927822760881
47.42828527805627,474.28285278056273,10.223255646203826
47.57834788481255,475.7834788481255,10.231518116295923
47.72853071900547,477.2853071900547,10.239715422891065
47.878832827725034,478.78832827725034,10.247847758498052
48.02925326092317,480.29253260923167,10.25591531824736
48.179791071451696,481.79791071451695,10.26391829985784
48.33044531509977,483.30445315099774,10.271856903603348
48.481215050630915,484.81215050630914,10.279731332279328
48.63209933981946,486.3209933981946,10.287541791169348
48.78309724748658,487.8309724748658,10.295288488011568
48.93420784153579,489.3420784153579,10.302971632965193
49.085430192987964,490.8543019298796,10.310591438576875
49.23676337601586,492.3676337601586,10.318148119747097
49.38820646797814,493.88206467978137,10.325641893696524
49.53975854945291,495.39758549452915,10.333072979932345
49.69141870427078,496.9141870427078,10.340441600214598
49.843186019547375,498.43186019547375,10.347747978522488
49.995059585715424,499.9505958571542,10.354992341020706
50.1470384965563,501.47038496556297,10.362174916025749
50.29912184923109,502.9912184923109,10.369295933972248
50.45130874431118,504.5130874431118,10.376355627379317
50.603598285808296,506.03598285808295,10.383354230816908
50.755989581204155,507.55989581204153,10.390291980872204
50.90848174147949,509.0848174147949,10.39716911611603
51.061073881142704,510.61073881142704,10.403985877069305
51.21376511825794,512.1376511825794,10.410742506169525
51.36655457447273,513.6655457447273,10.417439247737304
51.519441375045105,515.1944137504511,10.42407634794294
51.67242464887025,516.7242464887024,10.430654054773056
51.82550352850663,518.2550352850662,10.43717261799728
51.97867715020168,519.7867715020168,10.44363228913501
52.13194465391699,521.3194465391699,10.450033321422211
52.28530518335294,522.8530518335294,10.45637596977832
52.43875788597296,524.3875788597296,10.462660490773189
52.59230191302725,525.9230191302725,10.468887142594147
52.74593641957598,527.4593641957598,10.475056185013104
52.899660564512104,528.996605645121,10.481167879353771
53.053473510583586,530.5347351058358,10.487222488458961
53.20737442441525,532.0737442441525,10.493220276657988
53.36136247653007,533.6136247653006,10.49916150973415
53.51543684137004,535.1543684137004,10.505046454892351
53.66959669731654,536.6959669731655,10.510875380726784
53.823841226710265,538.2384122671026,10.516648557188754
53.978169615870605,539.781696158706,10.522366255554616
54.13258105511467,541.3258105511467,10.528028748393806
54.28707473877576,542.8707473877575,10.533636309537027
54.441649865221386,544.4164986522138,10.539189214044523
54.59630563687087,545.9630563687087,10.544687738174508
54.75104126021244,547.5104126021243,10.550132159351715
54.90585594581986,549.0585594581986,10.555522756136083
55.06074890836866,550.6074890836866,10.560859808191573
55.215719366651854,552.1571936665185,10.566143596255133
55.37076654359522,553.7076654359522,10.571374402105802
55.52588966627213,555.2588966627213,10.576552508533963
55.68108796591796,556.8108796591796,10.581678199310746
55.83636067794399,558.3636067794399,10.58675175915757
55.99170704195094,559.9170704195094,10.591773473715861
56.14712630174198,561.4712630174198,10.596743629516913
56.30261770533536,563.0261770533535,10.601662513951904
56.45818050497659,564.5818050497659,10.606530415242093
56.61381395715018,566.1381395715018,10.611347622409166
56.76951732259093,567.6951732259092,10.616114425245753
56.925289866294825,569.2528986629483,10.620831114286116
57.08113085752949,570.8113085752949,10.62549798077701
57.23703956984418,572.3703956984418,10.630115316648716
57.39301528107942,573.9301528107942,10.634683414486249
57.549057273376185,575.4905727337618,10.639202567500746
57.70516483318464,577.0516483318464,10.643673069501032
57.8613372512725,578.613372512725,10.648095214865375
58.017573822733006,580.17573822733,10.652469298513411
58.17387384699241,581.7387384699241,10.656795615878272
58.330236627817115,583.3023662781711,10.66107446287889
58.48666147332041,584.8666147332041,10.665306135892488
58.64314769596877,586.4314769596878,10.669490931727276
58.79969461258781,587.996946125878,10.673629147595323
58.95630154436777,589.5630154436777,10.677721081085632
59.11296781686868,591.1296781686868,10.681767030137415
59.26969276002512,592.6969276002512,10.685767293013544
59.42647570815055,594.2647570815054,10.68972216827423
59.58331599994129,595.8331599994129,10.693631954750876
59.74021297848015,597.4021297848016,10.697496951520144
59.89716599123961,598.9716599123961,10.701317457878218
60.0541743900847,600.541743900847,10.705093773315275
60.21123753127542,602.1123753127542,10.708826197490147
60.36835477546893,603.6835477546892,10.712515030205214
60.52552548772121,605.2552548772121,10.716160571381467
60.68274903748848,606.8274903748847,10.719763121033813
60.84002479862819,608.4002479862819,10.723322979246557
60.99735214939973,609.9735214939973,10.726840446149119
61.15473047246467,611.5473047246467,10.730315821891937
61.312159154886785,613.1215915488679,10.733749406622593
61.46963758813161,614.6963758813162,10.737141500462151
61.62716516806576,616.2716516806576,10.74049240348169
61.7847412949558,617.847412949558,10.74380241567907
61.942365373466885,619.4236537346688,10.747071836955888
62.100036812660974,621.0003681266097,10.750300967094663
62.257755025994776,622.5775502599478,10.753490105736226
62.415519431317335,624.1551943131733,10.756639552357326
62.5733294508673,625.733294508673,10.759749606248436
62.731184511269866,627.3118451126986,10.762820566491799
62.88908404353341,628.8908404353341,10.76585273193966
63.04702748304578,630.4702748304578,10.768846401192725
63.205014269570334,632.0501426957034,10.771801872578838
63.363043847241585,633.6304384724158,10.774719444131854
63.521115664560604,635.211156645606,10.77759941357075
63.679229174390095,636.7922917439009,10.780442078278924
63.83738383394918,638.3738383394918,10.783247735283734
63.99557910480787,639.9557910480787,10.786016681236221
64.15381445288125,641.5381445288125,10.788749212391076
64.31208934842337,643.1208934842336,10.791445624586792
64.4704032660209,644.7040326602089,10.794106213226055
64.62875568458637,646.2875568458637,10.79673127325632
64.78714608735127,647.8714608735128,10.799321099150625
64.94557396185884,649.4557396185884,10.801875984888596
65.10403879995647,651.0403879995647,10.804396223937685
65.26254009778798,652.6254009778797,10.806882109234593
65.42107735578556,654.2107735578555,10.809333933166924
65.57965007866143,655.7965007866143,10.811751987555043
65.73825777539928,657.3825777539928,10.814136563634142
65.89689995924542,658.9689995924541,10.816487952036512
66.05557614769965,660.5557614769965,10.818806442774033
66.21428586250597,662.1428586250597,10.821092325220858
66.37302862964292,663.7302862964292,10.823345888096323
66.53180397931374,665.3180397931374,10.825567419448037
66.6906114459363,666.9061144593629,10.827757206635201
66.84945056813272,668.4945056813273,10.82991553631213
67.00832088871886,670.0832088871886,10.832042694411955
67.1672219546934,671.672219546934,10.834138966130562
67.32615331722691,673.2615331722691,10.836204635910706
67.4851145316505,674.8511453165049,10.838239987426341
67.64410515744433,676.4410515744432,10.840245303567151
67.8031247582259,678.0312475822591,10.842220866423272
67.9621729017381,679.621729017381,10.844166957270215
68.12124915983702,681.2124915983702,10.846083856553994
68.2803531084796,682.8035310847961,10.847971843876449
68.43948432771103,684.3948432771103,10.849831197980748
68.59864240165192,685.9864240165191,10.851662196737118
68.7578269184853,687.5782691848531,10.853465117128728
68.91703747044347,689.1703747044347,10.8552402352378
69.07627365379447,690.7627365379448,10.85698782623189
69.23553506882855,692.3553506882855,10.858708164350375
69.39482131984434,693.9482131984435,10.860401522891108
69.55413201513484,695.5413201513484,10.862068174197281
69.71346676697324,697.1346676697324,10.863708389644474
69.87282519159854,698.7282519159853,10.86532243962787
70.03220690920095,700.3220690920095,10.866910593549674
70.19161154390721,701.9161154390722,10.868473119806714
70.35103872376564,703.5103872376565,10.87001028577821
70.510488080731,705.1048808073099,10.87152235781374
70.66995925064923,706.6995925064923,10.873009601221373
70.82945187324206,708.2945187324207,10.874472280255986
70.98896559209133,709.8896559209134,10.875910658107761
71.14850005462323,711.4850005462323,10.87732499689085
71.30805491209235,713.0805491209235,10.878715557632217
71.46762981956559,714.6762981956558,10.880082600260659
71.62722443590587,716.2722443590587,10.881426383595981
71.78683842375574,717.8683842375574,10.88274716533837
71.94647144952076,719.4647144952075,10.884045202057909
72.10612318335282,721.0612318335282,10.88532074918427
72.26579329913324,722.6579329913324,10.88657406099658
72.42548147445575,724.2548147445575,10.887805390613437
72.58518739060933,725.8518739060934,10.889014989983105
72.74491073256092,727.4491073256092,10.890203109873855
72.90465118893793,729.0465118893793,10.891369999864475
73.06440845201071,730.6440845201071,10.892515908334941
73.22418221767478,732.2418221767477,10.893641082457238
73.38397218543304,733.8397218543304,10.894745768186338
73.54377805837773,735.4377805837772,10.895830210251345
73.70359954317237,737.0359954317237,10.89689465214677
73.86343635003351,738.6343635003351,10.89793933612398
74.02328819271234,740.2328819271235,10.89896450318278
74.18315478847629,741.8315478847628,10.899970393063155
74.34303585809035,743.4303585809034,10.900957244237157
74.5029311257984,745.029311257984,10.901925293900925
74.66284031930441,746.628403193044,10.902874777966872
74.82276316975343,748.2276316975343,10.903805931055992
74.98269941171259,749.8269941171259,10.90471898649032
75.14264878315191,751.4264878315191,10.905614176285528
75.30261102542508,753.0261102542509,10.906491731143667
75.46258588325001,754.6258588325002,10.90735188044603
75.62257310468945,756.2257310468945,10.908194852246158
75.78257244113134,757.8257244113133,10.909020873262987
75.94258364726916,759.4258364726916,10.909830168874114
76.10260648108219,761.0260648108219,10.910622963109198
76.2626407038156,762.626407038156,10.911399478643498
76.42268607996054,764.2268607996054,10.91215993679152
76.58274237723404,765.8274237723404,10.912904557500815
76.7428093665589,767.428093665589,10.913633559345874
76.90288682204347,769.0288682204347,10.914347159522167
77.06297452096132,770.6297452096132,10.915045573840292
77.22307224373085,772.2307224373085,10.915729016720253
77.38317977389484,773.8317977389484,10.91639770118584
77.54329689809984,775.4329689809983,10.917051838859146
77.70342340607557,777.0342340607557,10.917691639955192
77.8635590906142,778.635590906142,10.918317313276647
78.02370374754956,780.2370374754956,10.918929066208696
78.18385717573626,781.8385717573626,10.919527104713987
78.3440191770288,783.440191770288,10.920111633327707
78.50418955626047,785.0418955626047,10.920682855152753
78.66436812122238,786.6436812122238,10.921240971855022
78.82455468264224,788.2455468264225,10.921786183658792
78.98474905416322,789.8474905416322,10.922318689342216
79.14495105232258,791.4495105232259,10.922838686232916
79.30516049653045,793.0516049653045,10.923346370203681
79.46537720904831,794.6537720904831,10.92384193566825
79.62560101496763,796.2560101496763,10.92432557557721
79.78583174218828,797.8583174218828,10.924797481413984
79.94606922139701,799.4606922139701,10.925257843190904
80.10631328604578,801.0631328604577,10.925706849445394
80.26656377233006,802.6656377233006,10.926144687236235
80.42682051916717,804.2682051916717,10.926571542139918
80.58708336817438,805.8708336817438,10.926987598247093
80.74735216364715,807.4735216364716,10.927393038159105
80.9076267525372,809.076267525372,10.927788042984607
81.06790698443055,810.6790698443056,10.928172792336275
81.22819271152561,812.281927115256,10.928547464327588
81.38848378861104,813.8848378861104,10.928912235569701
81.54878007304376,815.4878007304376,10.9292672811684
81.70908142472676,817.0908142472676,10.929612774721123
81.869387706087,818.6938770608699,10.929948888314085
82.02969878205315,820.2969878205315,10.930275792519444
82.19001452003336,821.9001452003336,10.930593656392578
82.350334789893,823.50334789893,10.930902647469413
82.5106594639323,825.106594639323,10.931202931763831
82.670988416864,826.7098841686401,10.931494673765153
82.831321525791,828.31321525791,10.931778036435677
82.99165867018382,829.9165867018382,10.932053181208317
83.15199973185827,831.5199973185827,10.932320267984268
83.31234459495283,833.1234459495283,10.932579455130773
83.47269314590622,834.7269314590621,10.93283089947893
83.63304527343476,836.3304527343475,10.93307475632158
83.79340086850983,837.9340086850983,10.933311179411259
83.95375982433524,839.5375982433524,10.933540320958178
84.11412203632453,841.1412203632453,10.933762331628316
84.27448740207839,842.744874020784,10.933977360541531
84.43485582136186,844.3485582136186,10.934185555269744
84.59522719608168,845.9522719608168,10.934387061835183
84.75560143026347,847.5560143026347,10.934582024708668
84.915978430029,849.15978430029,10.93477058680797
85.07635810357337,850.7635810357338,10.93495288949621
85.23674036114218,852.3674036114219,10.93512907258031
85.39712511500869,853.9712511500869,10.9352992743095
85.55751227945096,855.5751227945096,10.93546363137388
85.71790177072894,857.1790177072894,10.935622278903006
85.8782935070616,858.782935070616,10.935775350464562
86.03868740860396,860.3868740860396,10.935922978063042
86.19908339742418,861.9908339742417,10.9360652921385
86.35948139748055,863.5948139748054,10.936202421565337
86.51988133459858,865.1988133459859,10.93633449365113
86.68028313644795,866.8028313644795,10.936461634135508
86.84068673251953,868.4068673251953,10.936583967189064
87.0010920541023,870.010920541023,10.936701615412307
87.16149903426037,871.6149903426037,10.936814699834665
87.32190760780988,873.2190760780987,10.936923339913504
87.48231771129595,874.8231771129595,10.937027653533212
87.6427292829696,876.427292829696,10.93712775700429
87.80314226276464,878.0314226276464,10.93722376506251
87.96355659227456,879.6355659227456,10.937315790868075
88.12397221472942,881.2397221472942,10.937403946004832
88.28438907497274,882.8438907497274,10.937488340479522
88.44480711943828,884.4480711943828,10.937569082721046
88.60522629612699,886.0522629612699,10.93764627957977
88.76564655458378,887.6564655458378,10.937720036326862
88.92606784587439,889.2606784587439,10.937790456653648
89.08649012256215,890.8649012256216,10.937857642671016
89.24691333868488,892.4691333868487,10.937921694908825
89.40733744973159,894.0733744973159,10.937982712315348
89.56776241261937,895.6776241261937,10.938040792256754
89.72818818567015,897.2818818567015,10.938096030516594
89.88861472858743,898.8861472858742,10.938148521295329
90.04904200243311,900.4904200243311,10.938198357209863
90.20946996960427,902.0946996960427,10.938245629293124
90.36989859380986,903.6989859380986,10.938290426993634
90.53032784004753,905.3032784004754,10.938332838175132
90.69075767458034,906.9075767458035,10.938372949116197
90.85118806491352,908.5118806491352,10.938410844509896
91.0116189797712,910.116189797712,10.938446607463456
91.17205038907318,911.7205038907318,10.93848031949795
91.33248226391161,913.3248226391162,10.93851206054799
91.49291457652778,914.9291457652778,10.938541908961467
91.65334730028877,916.5334730028877,10.938569941499264
91.81378040966423,918.1378040966423,10.93859623333503
91.97421388020307,919.7421388020307,10.938620858054932
92.13464768851017,921.3464768851018,10.938643887657449
92.29508181222313,922.9508181222313,10.93866539255315
92.45551622998893,924.5551622998893,10.938685441564523
92.61595092144064,926.1595092144064,10.938704101925783
92.77638586717417,927.7638586717417,10.938721439282707
92.93682104872491,929.3682104872491,10.938737517692479
93.09725644854447,930.9725644854448,10.938752399623551
93.25769204997735,932.5769204997735,10.938766145955501
93.41812783723766,934.1812783723766,10.93877881597891
93.5785637953858,935.785637953858,10.938790467395256
93.73899991030515,937.3899991030515,10.938801156316792
93.89943616867876,938.9943616867877,10.938810937266467
94.05987255796603,940.5987255796604,10.938819863177825
94.22030906637943,942.2030906637942,10.93882798539492
94.38074568286113,943.8074568286113,10.938835353672253
94.54118239705976,945.4118239705975,10.938842016174696
94.70161919930703,947.0161919930704,10.938848019477431
94.86205608059444,948.6205608059445,10.938853408565894
95.02249303254997,950.2249303254997,10.938858226835727
95.18293004741476,951.8293004741475,10.938862516092726
95.34336711801974,953.4336711801974,10.938866316552813
95.50380423776241,955.0380423776242,10.938869666841983
95.66424140058344,956.6424140058343,10.938872603996286
95.82467860094339,958.2467860094339,10.93887516346179
95.98511583379936,959.8511583379935,10.93887737909456
96.14555309458169,961.4555309458169,10.938879283160638
96.30599037917064,963.0599037917063,10.938880906336015
96.46642768387308,964.6642768387308,10.938882277706627
96.62686500539913,966.2686500539912,10.938883424768333
96.78730234083886,967.8730234083887,10.938884373426903
96.947739687639,969.47739687639,10.938885147998015
97.10817704357956,971.0817704357955,10.938885771207236
97.26861440675056,972.6861440675056,10.938886264190026
97.42905177552866,974.2905177552866,10.938886646491728
97.58948914855388,975.8948914855388,10.93888693606756
97.74992652470627,977.4992652470627,10.938887149282618
97.91036390308255,979.1036390308255,10.938887300911869
98.07080128297285,980.7080128297285,10.938887404140152
98.23123866383735,982.3123866383735,10.938887470562175
98.39167604528294,983.9167604528293,10.938887510182512
98.55211342703994,985.5211342703994,10.938887531415606
98.71255080893879,987.1255080893878,10.93888754108577
98.87298819088663,988.7298819088663,10.938887544427178
99.03342557284411,990.3342557284411,10.938887545083878
99.19386295480197,991.9386295480197,10.938887545109777
99.35430033675776,993.5430033675776,10.938887544968654
99.51473771869252,995.1473771869252,10.938887543534156
99.67517510054742,996.7517510054743,10.93888753808979
99.83561248220049,998.3561248220049,10.938887524328939
99.99604986344328,999.9604986344327,10.938887496354845
100.1564872439575,1001.564872439575,10.938887446680619
100.31692462329177,1003.1692462329177,10.938887366229242
100.47736200083824,1004.7736200083824,10.93888724433356
100.63779937580928,1006.3779937580928,10.938887068736289
100.79823674721416,1007.9823674721416,10.938886825590009
100.95867411383576,1009.5867411383575,10.938886499457178
101.11911147420717,1011.1911147420717,10.938886073310119
101.27954882658848,1012.7954882658848,10.938885528531031
101.43998616894335,1014.3998616894335,10.938884844911996
101.60042349891576,1016.0042349891576,10.938884000654973
101.76086081380664,1017.6086081380664,10.938882972371808
101.92129811055061,1019.2129811055061,10.938881735084239
102.08173538569257,1020.8173538569257,10.938880262223913
102.24217263536445,1022.4217263536445,10.938878525632381
102.4026098552619,1024.026098552619,10.938876495561116
102.56304704062089,1025.6304704062088,10.938874140671533
102.72348418619445,1027.2348418619445,10.938871428034993
102.88392128622935,1028.8392128622936,10.93886832313283
103.04435833444273,1030.4435833444272,10.93886478985637
103.20479532399887,1032.0479532399886,10.938860790506947
103.36523224748575,1033.6523224748576,10.93885628579595
103.52566909689185,1035.2566909689185,10.938851234844833
103.68610586358275,1036.8610586358275,10.938845595185166
103.84654253827786,1038.4654253827787,10.938839322758666
104.00697911102706,1040.0697911102707,10.938832371917242
104.16741557118742,1041.6741557118742,10.938824695423051
104.32785190739988,1043.2785190739987,10.938816244448544
104.4882881075659,1044.882881075659,10.938806968576538
104.6487241588242,1046.487241588242,10.938796815800268
104.8091600475274,1048.091600475274,10.938785732523474
104.96959575921875,1049.6959575921874,10.938773663560472
105.13003127860877,1051.3003127860877,10.938760552136248
105.29046658955198,1052.9046658955199,10.938746339886553
105.4509016750236,1054.509016750236,10.938730966858
105.6113365170962,1056.113365170962,10.938714371508187
105.77177109691644,1057.7177109691643,10.938696490705816
105.93220539468173,1059.3220539468173,10.938677259730817
106.09263938961698,1060.9263938961699,10.938656612274505
106.25307305995125,1062.5307305995125,10.938634480439717
106.41350638289448,1064.1350638289448,10.938610794740992
106.5739393346142,1065.739393346142,10.938585484104735
106.73437189021223,1067.3437189021224,10.938558475869412
106.89480402370141,1068.948040237014,10.93852969578575
107.05523570798229,1070.552357079823,10.938499068016954
107.21566691481988,1072.1566691481987,10.938466515138938
107.37609761482034,1073.7609761482033,10.938431958140562
107.53652777740773,1075.3652777740772,10.938395316423902
107.69695737080075,1076.9695737080074,10.938356507804519
107.85738636198943,1078.5738636198944,10.938315448511757
108.01781471671194,1080.1781471671193,10.93827205318905
108.17824239943127,1081.7824239943127,10.938226234894248
108.338669373312,1083.38669373312,10.938177905099971
108.49909560019708,1084.9909560019707,10.938126973693974
108.65952104058456,1086.5952104058456,10.938073348979525
108.81994565360438,1088.1994565360437,10.938016937675826
108.9803693969951,1089.803693969951,10.937957644918434
109.14079222708075,1091.4079222708076,10.937895374259714
109.30121409874756,1093.0121409874757,10.937830027669316
109.46163496542079,1094.6163496542079,10.937761505534674
109.62205477904148,1096.2205477904147,10.937689706661525
109.78247349004332,1097.8247349004332,10.93761452827447
109.94289104732944,1099.4289104732943,10.93753586601753
110.10330739824923,1101.0330739824922,10.937453613954773
110.2637224885752,1102.637224885752,10.937367664570923
110.42413626247978,1104.2413626247978,10.937277908772034
110.58454866251225,1105.8454866251225,10.937184235886173
110.74495962957553,1107.4495962957553,10.937086533664143
110.90536910290314,1109.0536910290314,10.93698468828023
111.06577702003598,1110.65777020036,10.936878584332996
111.22618331679932,1112.2618331679932,10.936768104846086
111.3865879272797,1113.865879272797,10.936653131269086
111.54699078380185,1115.4699078380186,10.93653354347841
111.70739181690557,1117.0739181690558,10.936409219778218
111.86779095532279,1118.677909553228,10.936280036901383
112.02818812595447,1120.2818812595447,10.936145870010483
112.18858325384761,1121.885832538476,10.93600659269884
112.34897626217223,1123.4897626217223,10.935862076991599
112.50936707219839,1125.093670721984,10.935712193346847
112.66975560327325,1126.6975560327323,10.935556810656767
112.83014177279809,1128.3014177279808,10.93539579624885
112.9905254962054,1129.905254962054,10.93522901588714
113.15090668693595,1131.5090668693595,10.93505633377352
113.31128525641593,1133.1128525641593,10.934877612549066
113.47166111403402,1134.7166111403403,10.934692713295414
113.6320341671186,1136.320341671186,10.934501495536216
113.7924043209149,1137.924043209149,10.934303817238607
113.95277147856217,1139.5277147856218,10.934099534814752
114.11313554107093,1141.1313554107094,10.933888503123427
114.2734964073002,1142.734964073002,10.933670575471663
114.43385397393476,1144.3385397393477,10.933445603616434
114.59420813546245,1145.9420813546244,10.933213437766417
114.75455878415148,1147.5455878415148,10.932973926583786
114.91490581002778,1149.1490581002777,10.932726917186082
115.07524910085236,1150.7524910085235,10.932472255148138
115.23558854209874,1152.3558854209873,10.932209784504051
115.39592401693038,1153.9592401693037,10.931939347749237
115.5562554061781,1155.562554061781,10.93166078584253
115.71658258831762,1157.1658258831762,10.931373938208349
115.87690543944709,1158.769054394471,10.931078642738942
116.03722383326459,1160.3722383326458,10.93077473579668
116.19753764104583,1161.9753764104582,10.930462052216422
116.35784673162169,1163.578467316217,10.930140425307957
116.51815097135594,1165.1815097135593,10.929809686858512
116.67845022412291,1166.7845022412291,10.929469667135322
116.83874435128529,1168.3874435128528,10.929120194888288
116.99903321167183,1169.9903321167183,10.928761097352696
117.15931666155527,1171.5931666155527,10.928392200252018
117.31959455463013,1173.1959455463013,10.928013327800791
117.47986674199065,1174.7986674199065,10.927624302707567
117.64013307210875,1176.4013307210876,10.927224946177946
117.80039339081205,1178.0039339081204,10.92681507791769
117.96064754126186,1179.6064754126187,10.926394516135916
118.12089536393134,1181.2089536393134,10.925963077548387
118.28113669658362,1182.8113669658362,10.925520577380851
118.44137137424997,1184.4137137424996,10.925066829372517
118.60159922920812,1186.0159922920811,10.92460164577957
118.7618200909605,1187.618200909605,10.92412483737881
118.92203378621262,1189.2203378621261,10.923636213471365
119.08224013885147,1190.8224013885147,10.923135581886493
119.24243896992402,1192.4243896992402,10.922622748985487
119.4026300976157,1194.026300976157,10.92209751966567
119.56281333722903,1195.6281333722902,10.921559697364485
119.72298850116226,1197.2298850116226,10.921009084063682
119.88315539888808,1198.8315539888808,10.920445480293605
120.04331383693238,1200.4331383693238,10.919868685137585
120.20346361885314,1202.0346361885313,10.91927849623642
120.36360454521926,1203.6360454521925,10.918674709792972
120.52373641358963,1205.2373641358963,10.918057120576869
120.68385901849211,1206.838590184921,10.917425521929298
120.8439721514027,1208.439721514027,10.91677970576792
121.00407560072469,1210.040756007247,10.916119462591896
121.16416915176798,1211.6416915176799,10.915444581487003
121.32425258672839,1213.2425258672838,10.914754850130898
121.4843256846671,1214.843256846671,10.914050054798448
121.64438822149015,1216.4438822149014,10.913329980367225
121.80443996992803,1218.0443996992803,10.91259441032308
121.96448069951536,1219.6448069951537,10.911843126765854
122.12451017657065,1221.2451017657065,10.911075910415198
122.28452816417611,1222.8452816417612,10.91029254061653
122.44453442215763,1224.4453442215763,10.909492795347095
122.60452870706477,1226.0452870706476,10.908676451222162
122.7645107721509,1227.645107721509,10.907843283501343
122.9244803673534,1229.244803673534,10.90699306609504
123.08443723927395,1230.8443723927396,10.906125571571021
123.244381131159,1232.44381131159,10.905240571161121
123.4043117828802,1234.043117828802,10.904337834768082
123.56422893091504,1235.6422893091503,10.903417130972526
123.72413230832757,1237.2413230832758,10.902478227040053
123.88402164474921,1238.8402164474921,10.90152088892849
124.0438966663597,1240.438966663597,10.900544881295268
124.2037570958681,1242.037570958681,10.899549967504935
124.36360265249397,1243.6360265249396,10.898535909636827
124.52343305194862,1245.234330519486,10.897502468492856
124.68324800641648,1246.8324800641649,10.896449403605468
124.84304722453663,1248.4304722453662,10.895376473245724
125.00283041138441,1250.0283041138441,10.894283434431552
125.16259726845314,1251.6259726845315,10.893170042936115
125.32234749363602,1253.2234749363602,10.89203605329636
125.48208078120811,1254.820807812081,10.890881218821704
125.64179682180847,1256.4179682180848,10.889705291602874
125.80149530242238,1258.0149530242238,10.888508022520897
125.96117590636378,1259.6117590636377,10.887289161256259
126.12083831325776,1261.2083831325776,10.886048456298205
126.28048219902328,1262.8048219902328,10.884785654954213
126.4401072358559,1264.401072358559,10.883500503359617
126.5997130922108,1265.997130922108,10.882192746487396
126.75929943278587,1267.5929943278586,10.880862128158126
126.91886591850488,1269.188659185049,10.879508391050098
127.078412206501,1270.78412206501,10.878131276709597
127.23793795010025,1272.3793795010024,10.876730525561355
127.39744279880526,1273.9744279880526,10.875305876919168
127.55692639827912,1275.5692639827912,10.873857068996681
127.71638839032939,1277.163883903294,10.87238383891836
127.8758284128923,1278.7582841289232,10.87088592273061
128.03524610001713,1280.3524610001714,10.869363055413091
128.19464108185068,1281.9464108185068,10.8678149708902
128.35401298462202,1283.5401298462202,10.866241402042727
128.5133614306273,1285.133614306273,10.864642080719703
128.67268603821486,1286.7268603821485,10.863016737750405
128.8319864217704,1288.319864217704,10.861365102956565
128.9912621917024,1289.912621917024,10.859686905164743
129.15051295442765,1291.5051295442765,10.857981872218902
129.3097383123572,1293.0973831235722,10.856249730993143
129.46893786388216,1294.6893786388216,10.85449020740465
129.62811120335985,1296.2811120335984,10.852703026426813
129.7872579211003,1297.8725792110029,10.850887912102527
129.94637760335263,1299.4637760335263,10.849044587557707
130.10546983229193,1301.0546983229192,10.847172775014966
130.2645341860062,1302.6453418600618,10.845272195807505
130.42357023848336,1304.2357023848335,10.843342570393183
130.5825775595989,1305.825775595989,10.841383618368793
130.74155571510317,1307.4155571510319,10.839395058484518
130.90050426660937,1309.0050426660937,10.837376608658598
131.05942277158152,1310.5942277158151,10.835327985992183
131.21831078332266,1312.1831078332266,10.833248906784396
131.37716785096333,1313.7716785096334,10.831139086547575
131.53599351945027,1315.3599351945027,10.828998240022745
131.69478732953533,1316.9478732953532,10.826826081195263
131.85354881776462,1318.5354881776461,10.824622323310676
132.01227751646792,1320.1227751646793,10.822386678890789
132.17097295374822,1321.7097295374822,10.820118859749924
132.3296346534717,1323.2963465347168,10.817818577011392
132.48826213525768,1324.8826213525767,10.815485541124174
132.64685491446923,1326.4685491446924,10.813119461879786
132.80541250220352,1328.0541250220354,10.810720048429385
132.96393440528283,1329.6393440528282,10.80828700930105
133.12242012624563,1331.2242012624563,10.805820052417301
133.2808691633379,1332.808691633379,10.803318885112798
133.4392810105049,1334.3928101050492,10.800783214152272
133.59765515738297,1335.9765515738297,10.798212745748653
133.75599108929174,1337.5599108929173,10.79560718558142
133.91428828722658,1339.1428828722658,10.79296623881515
134.0725462278513,1340.7254622785129,10.790289610118286
134.2307643834912,1342.307643834912,10.787577003682122
134.3889422221263,1343.889422221263,10.784828123239985
134.547079207385,1345.47079207385,10.782042672086645
134.70517479853777,1347.0517479853777,10.779220353097934
134.86322845049148,1348.6322845049149,10.77636086875058
135.0212396137837,1350.212396137837,10.773463921142243
135.17920773457752,1351.7920773457752,10.770529212011787
135.33713225465655,1353.3713225465656,10.767556442759751
135.49501261142026,1354.9501261142027,10.764545314469034
135.65284823787968,1356.5284823787968,10.7614955279258
135.8106385626533,1358.1063856265332,10.758406783640606
135.96838300996336,1359.6838300996337,10.755278781869716
136.1260809996324,1361.260809996324,10.752111222636676
136.28373194708024,1362.8373194708024,10.748903805754052
136.44133526332118,1364.4133526332118,10.745656230845423
136.5988903549615,1365.9889035496149,10.742368197367567
136.75639662419744,1367.5639662419744,10.73903940463287
136.9138534688133,1369.138534688133,10.735669551831942
137.07126028218008,1370.7126028218008,10.732258338056461
137.22861645325432,1372.2861645325431,10.72880546232221
137.38592136657735,1373.8592136657735,10.725310623592346
137.54317440227487,1375.4317440227487,10.721773520800866
137.70037493605685,1377.0037493605685,10.718193852876299
137.85752233921778,1378.5752233921778,10.7145713187656
138.01461597863735,1380.1461597863736,10.71090561745826
138.1716552167814,1381.716552167814,10.707196448010626
138.32863941170322,1383.2863941170322,10.703443509570423
138.48556791704533,1384.8556791704532,10.699646501401498
138.6424400820415,1386.424400820415,10.695805122908766
138.7992552515192,1387.992552515192,10.691919073663357
138.95601276590241,1389.5601276590241,10.687988053427981
139.1127119612148,1391.1271196121481,10.68401176218249
139.26935216908333,1392.6935216908332,10.679989900149652
139.42593271674212,1394.2593271674214,10.675922167821113
139.58245292703683,1395.8245292703682,10.671808265983591
139.73891211842934,1397.3891211842933,10.667647895745233
139.89530960500295,1398.9530960500294,10.663440758562201
140.05164469646772,1400.5164469646772,10.65918655626545
140.2079166981665,1402.0791669816651,10.65488499108769
140.36412491108118,1403.6412491108117,10.650535765690561
140.5202686318393,1405.2026863183928,10.646138583192002
140.67634715272123,1406.7634715272125,10.641693147193788
140.83235976166773,1408.3235976166773,10.637199161809296
140.98830574228776,1409.8830574228778,10.632656331691424
141.1441843738668,1411.441843738668,10.628064362060726
141.29999493137566,1412.9999493137566,10.623422958733725
141.45573668547962,1414.5573668547963,10.618731828151395
141.61140890254796,1416.1140890254796,10.613990677407845
141.76701084466404,1417.6701084466404,10.609199214279174
141.92254176963564,1419.2254176963565,10.604357147252513
142.07800093100593,1420.7800093100593,10.599464185555222
142.23338757806462,1422.3338757806462,10.59452003918429
142.38870095585983,1423.8870095585983,10.589524418935888
142.54394030521013,1425.4394030521012,10.58447703643509
142.69910486271715,1426.9910486271715,10.57937760416577
142.85419386077868,1428.5419386077867,10.574225835500672
143.00920652760212,1430.0920652760212,10.569021444731613
143.16414208721838,1431.6414208721837,10.563764147099873
143.3189997594963,1433.1899975949632,10.558453658826735
143.47377876015742,1434.7377876015742,10.553089697144172
143.62847830079127,1436.2847830079127,10.547671980325696
143.78309758887113,1437.8309758887112,10.542200227717345
143.9376358277702,1439.3763582777021,10.536674159768822
144.09209221677827,1440.9209221677827,10.531093498064784
144.24646595111875,1442.4646595111876,10.525457965356251
144.40075622196633,1444.0075622196632,10.519767285592174
144.554962216465,1445.54962216465,10.51402118395112
144.70908311774645,1447.0908311774645,10.5082193868731
144.86311810494917,1448.6311810494917,10.50236162209151
145.01706635323785,1450.1706635323785,10.496447618665208
145.17092703382323,1451.7092703382323,10.490477107010706
145.3246993139826,1453.246993139826,10.484449818934486
145.47838235708053,1454.7838235708055,10.478365487665407
145.63197532259034,1456.3197532259032,10.472223847887246
145.7854773661158,1457.854773661158,10.46602463577134
145.9388876394135,1459.388876394135,10.459767589009317
146.09220529041568,1460.9220529041568,10.453452446845937
146.2454294632533,1462.4542946325328,10.447078950112019
146.39855929827996,1463.9855929827995,10.440646841257474
146.55159393209613,1465.5159393209613,10.434155864384397
146.70453249757375,1467.0453249757375,10.427605765280273
146.85737412388158,1468.5737412388157,10.420996291451226
147.01011793651077,1470.1011793651078,10.414327192155376
147.1627630573011,1471.6276305730112,10.407598218436236
147.3153086044677,1473.153086044677,10.400809123156199
147.46775369262812,1474.6775369262812,10.393959661030056
147.6200974328301,1476.200974328301,10.387049588658604
147.77233893257963,1477.7233893257962,10.380078664562271
147.92447729586968,1479.2447729586968,10.373046649214816
148.07651162320926,1480.7651162320926,10.365953305077046
148.22844101165313,1482.2844101165313,10.358798396630595
148.38026455483188,1483.8026455483189,10.351581690411711
148.53198134298265,1485.3198134298264,10.34430295504509
148.6835904629801,1486.835904629801,10.336961961277709
148.83509099836823,1488.3509099836824,10.329558482012704
148.98648202939233,1489.8648202939235,10.32209229234324
149.1377626330317,1491.377626330317,10.31456316958639
149.28893188303272,1492.8893188303273,10.306970893317027
149.43998884994244,1494.3998884994244,10.29931524540169
149.59093260114278,1495.9093260114278,10.29159601003247
149.74176220088503,1497.4176220088502,10.283812973760853
149.89247671032504,1498.9247671032504,10.275965925531565
150.0430751875587,1500.4307518755872,10.268054656716378
150.19355668765817,1501.9355668765818,10.260078961147887
150.34392026270837,1503.4392026270837,10.252038635153253
150.4941649618441,1504.9416496184408,10.243933477587904
150.6442898312876,1506.442898312876,10.235763289869183
150.79429391438669,1507.9429391438669,10.227527876009946
150.94417625165315,1509.4417625165315,10.219227042652097
151.09393588080198,1510.9393588080197,10.21086059910006
151.24357183679078,1512.4357183679078,10.20242835735418
151.39308315185988,1513.9308315185988,10.193930132144034
151.54246885557285,1515.4246885557286,10.185365740961684
151.6917279748574,1516.917279748574,10.176735004094805
151.840859534047,1518.4085953404701,10.168037744659749
151.98986255492278,1519.8986255492277,10.159273788634488
152.13873605675596,1521.3873605675597,10.150442964891454
152.28747905635083,1522.8747905635082,10.141545105230259
152.4360905680882,1524.3609056808818,10.132580044410311
152.58456960396913,1525.8456960396913,10.123547620183272
152.73291517365948,1527.3291517365947,10.114447673325415
152.88112628453464,1528.8112628453464,10.105280047669813
153.02920194172484,1530.2920194172484,10.096044590138407
153.1771411481609,1531.771411481609,10.086741150773891
153.32494290462054,1533.2494290462055,10.07736958277147
153.47260620977502,1534.7260620977502,10.06792974251042
153.62013006023633,1536.2013006023633,10.058421489585502
153.76751345060478,1537.675134506048,10.048844686838176
153.9147553735171,1539.147553735171,10.039199200387642
154.06185481969496,1540.6185481969496,10.02948489966168
154.20881077799396,1542.0881077799395,10.019701657427293
154.35562223545298,1543.5562223545298,10.009849349821149
154.50228817734416,1545.0228817734414,9.999927856379804
154.64880758722308,1546.4880758722306,9.989937060069705
154.79517944697963,1547.9517944697964,9.97987684731697
154.94140273688907,1549.4140273688909,9.969747108036929
155.08747643566372,1550.8747643566371,9.959547735663438
155.23339952050495,1552.3339952050494,9.949278627177929
155.37917096715563,1553.7917096715564,9.938939683138218
155.52478974995302,1555.2478974995302,9.92853080770705
155.67025484188207,1556.7025484188207,9.91805190868038
155.81556521462906,1558.1556521462905,9.907502897515364
155.96071983863578,1559.6071983863578,9.896883689358106
156.10571768315396,1561.0571768315394,9.886194203071062
156.25055771630025,1562.5055771630025,9.87543436126021
156.39523890511148,1563.9523890511148,9.864604090301869
156.53976021560035,1565.3976021560036,9.853703320369242
156.68412061281148,1566.841206128115,9.84273198545863
156.8283190608779,1568.283190608779,9.831690023415335
156.97235452307788,1569.7235452307789,9.820577375959214
157.1162259618921,1571.1622596189209,9.80939398870992
157.2599323390612,1572.599323390612,9.798139811211795
157.40347261564375,1574.0347261564375,9.786814796958412
157.5468457520745,1575.4684575207448,9.775418903416764
157.69005070822297,1576.9005070822298,9.763952092051083
157.83308644345252,1578.3308644345252,9.752414328346308
157.97595191667955,1579.7595191667956,9.740805581831166
158.11864608643322,1581.1864608643323,9.729125826100871
158.26116791091536,1582.6116791091536,9.71737503883944
158.4035163480608,1584.035163480608,9.705553201841616
158.545690355598,1585.45690355598,9.693660301034384
158.68768889110984,1586.8768889110984,9.681696326498082
158.82951091209503,1588.2951091209502,9.669661272487106
158.9711553760295,1589.711553760295,9.657555137450185
159.11262124042815,1591.1262124042814,9.645377924050225
159.25390746290716,1592.5390746290716,9.633129639183748
159.39501300124618,1593.9501300124618,9.620810293999858
159.535936813451,1595.35936813451,9.608419903918781
159.6766778578165,1596.7667785781648,9.595958488649957
159.81723509298976,1598.1723509298977,9.583426072209667
159.95760747803362,1599.5760747803363,9.570822682938196
160.09779397249014,1600.9779397249013,9.55814835351654
160.23779353644466,1602.3779353644466,9.54540312098262
160.37760513058984,1603.7760513058984,9.532587026747034
160.5172277162901,1605.172277162901,9.519700116608316
160.6566602556461,1606.566602556461,9.506742440767692
160.7959017115596,1607.959017115596,9.493714053843368
160.9349510477984,1609.349510477984,9.48061501488428
161.07380722906152,1610.738072290615,9.46744538738337
161.2124692210446,1612.124692210446,9.454205239290316
161.35093599050546,1613.5093599050547,9.440894643023778
161.48920650532966,1614.8920650532966,9.427513675483096
161.6272797345966,1616.2727973459662,9.41406241805947
161.76515464864545,1617.6515464864544,9.400540956646594
161.9028302191413,1619.0283021914129,9.386949381650778
162.04030541914156,1620.4030541914155,9.373287788000502
162.17757922316238,1621.7757922316239,9.359556275155425
162.31465060724523,1623.1465060724522,9.345754947114866
162.4515185490236,1624.515185490236,9.331883912425697
162.58818202778983,1625.8818202778982,9.31794328418969
162.72464002456198,1627.2464002456197,9.303933180070304
162.8608915221508,1628.6089152215081,9.28985372229889
162.99693550522696,1629.9693550522695,9.275705037680337
163.13277096038797,1631.3277096038796,9.261487257598116
163.2683968762256,1632.683968762256,9.247200518018778
163.40381224339305,1634.0381224339305,9.232844959495838
163.5390160546723,1635.3901605467229,9.218420727173086
163.67400730504144,1636.7400730504144,9.203927970787296
163.80878499174216,1638.0878499174216,9.189366844670348
163.9433481143471,1639.433481143471,9.174737507750747
164.07769567482723,1640.7769567482724,9.160040123554545
164.2118266776194,1642.118266776194,9.145274860205648
164.3457401296937,1643.457401296937,9.130441890425528
164.47943504062087,1644.7943504062087,9.115541391532323
164.61291042263977,1646.1291042263977,9.100573545439309
164.74616529072463,1647.4616529072464,9.085538538652777
164.87919866265247,1648.7919866265247,9.070436562269286
165.01200955907032,1650.1200955907032,9.055267811972287
165.1445970035625,1651.445970035625,9.040032488028134
165.27696002271765,1652.7696002271764,9.02473079528147
165.40909764619593,1654.0909764619594,9.009362943149993
165.54100890679598,1655.4100890679597,8.993929145618578
165.6726928405217,1656.726928405217,8.978429621232783
165.8041484866492,1658.041484866492,8.962864593091732
165.93537488779336,1659.3537488779336,8.947234288840349
166.06637108997435,1660.6637108997436,8.931538940660966
166.1971361426842,1661.9713614268421,8.915778785264314
166.3276690989529,1663.276690989529,8.899954063879846
166.45796901541468,1664.5796901541466,8.884065022245467
166.58803495237382,1665.8803495237382,8.868111910596582
166.71786597387057,1667.1786597387058,8.852094983654556
166.84746114774674,1668.4746114774675,8.836014500614505
166.97681954571104,1669.7681954571103,8.819870725132459
167.1059402434044,1671.059402434044,8.803663925311906
167.23482232046499,1672.34822320465,8.78739437368967
167.36346486059298,1673.63464860593,8.771062347221187
167.49186695161515,1674.9186695161516,8.754668127265113
167.62002768554922,1676.2002768554921,8.738211999567337
167.74794615866793,1677.4794615866792,8.721694254244325
167.875621471563,1678.75621471563,8.70511518576586
168.00305272920858,1680.0305272920857,8.688475092937127
168.13023904102462,1681.3023904102463,8.671774278880184
168.25717952093993,1682.5717952093992,8.655013051014814
168.3838732874549,1683.838732874549,8.638191721038732
168.5103194637039,1685.103194637039,8.621310604907167
168.63651717751748,1686.3651717751748,8.60437002281185
168.76246556148416,1687.6246556148417,8.58737029915935
168.88816375301192,1688.8816375301192,8.570311762548808
169.0136108943894,1690.1361089438938,8.55319474574906
169.1388061328466,1691.3880613284662,8.53601958567512
169.2637486206155,1692.637486206155,8.518786623364097
169.38843751499,1693.8843751498998,8.50149620395047
169.51287197838568,1695.1287197838567,8.484148676640775
169.63705117839925,1696.3705117839925,8.466744394687687
169.76097428786736,1697.6097428786736,8.4492837153635
169.88464048492528,1698.8464048492528,8.431766999933027
170.00804895306496,1700.0804895306496,8.414194613625892
170.13119888119277,1701.3119888119277,8.396566925608255
170.2540894636869,1702.540894636869,8.378884308953943
170.37671990045416,1703.7671990045417,8.361147140614996
170.49908939698642,1704.9908939698641,8.343355801391665
170.62119716441666,1706.2119716441666,8.325510675901809
170.74304241957446,1707.4304241957448,8.307612152549753
170.86462438504108,1708.6462438504109,8.289660623494566
170.98594228920402,1709.8594228920401,8.271656484617813
171.10699536631122,1711.0699536631123,8.253600135490716
171.2277828565246,1712.2778285652462,8.235491979340804
171.3483040059733,1713.483040059733,8.21733242301801
171.4685580668061,1714.685580668061,8.199121876960236
171.5885442972438,1715.8854429724379,8.180860755158387
171.70826196163057,1717.0826196163057,8.162549475120885
171.82771033048513,1718.2771033048514,8.14418845783767
171.9468886805513,1719.468886805513,8.125778127743686
172.06579629484793,1720.6579629484793,8.107318912681855
172.18443246271832,1721.8443246271831,8.088811243865559
172.30279647987916,1723.0279647987916,8.070255555840648
172.4208876484688,1724.208876484688,8.051652286446924
172.53870527709498,1725.3870527709498,8.033001876779183
172.65624868088196,1726.5624868088196,8.014304771147767
172.77351718151724,1727.7351718151724,7.995561417038652
172.8905101072974,1728.9051010729738,7.976772265073072
173.0072267931735,1730.0722679317348,7.95793776896671
173.12366658079594,1731.2366658079595,7.939058385488437
173.23982881855858,1732.398288185586,7.920134574418598
173.35571286164225,1733.5571286164225,7.901166798506904
173.47131807205773,1734.7131807205774,7.882155523429869
173.58664381868806,1735.8664381868807,7.863101217747851
173.70168947733018,1737.0168947733018,7.844004352861681
173.8164544307359,1738.164544307359,7.824865402968899
173.93093806865232,1739.3093806865231,7.805684845019605
174.04513978786161,1740.4513978786163,7.786463158671906
174.15905899221994,1741.5905899221993,7.76720082624702
174.27269509269593,1742.7269509269593,7.747898332683989
174.38604750740836,1743.8604750740838,7.728556165494055
174.49911566166335,1744.9911566166336,7.70917481471468
174.61189898799051,1746.1189898799053,7.689754772863203
174.7243969261788,1747.243969261788,7.670296534890222
174.83660892331142,1748.366089233114,7.650800598132595
174.94853443380023,1749.4853443380023,7.631267462266164
175.06017291941927,1750.6017291941928,7.611697629258152
175.1715238493377,1751.715238493377,7.592091603319285
175.2825867001519,1752.825867001519,7.572449890855613
175.39336095591716,1753.9336095591716,7.552773000420063
175.50384610817827,1755.0384610817828,7.533061442663713
175.61404165599967,1756.1404165599968,7.5133157302868065
175.72394710599474,1757.2394710599474,7.49353637798953
175.8335619723544,1758.335619723544,7.473723902422547
175.94288577687504,1759.4288577687505,7.453878822137289
176.05191804898564,1760.5191804898564,7.434001657536032
176.16065832577414,1761.6065832577415,7.4140929308217585
176.26910615201314,1762.6910615201314,7.394153165947829
176.3772610801849,1763.772610801849,7.374182888567442
176.4851226705054,1764.8512267050542,7.354182625982913
176.5926904909479,1765.926904909479,7.334152907094794
176.6999641172655,1766.999641172655,7.314094262350822
176.80694313301325,1768.0694313301324,7.2940072236946945
176.91362712956922,1769.1362712956923,7.273892324514728
177.0200157061549,1770.2001570615491,7.253750099592361
177.126108469855,1771.2610846985501,7.233581085050556
177.23190503563632,1772.3190503563633,7.213385818302043
177.3374050263658,1773.3740502636579,7.193164837997496
177.44260807282802,1774.4260807282803,7.172918683973606
177.54751381374192,1775.4751381374192,7.152647897201053
177.65212189577642,1776.5212189577642,7.132353019732404
177.75643197356578,1777.5643197356578,7.112034594649971
177.86044370972374,1778.6044370972375,7.091693166013557
177.96415677485723,1779.6415677485722,7.0713292788082285
178.0675708475791,1780.675708475791,7.050943478891975
178.17068561452015,1781.7068561452015,7.030536312943394
178.27350077034043,1782.7350077034043,7.010108328409347
178.37601601773974,1783.7601601773974,6.98966007345258
178.47823106746733,1784.7823106746732,6.969192096899379
178.58014563833092,1785.8014563833092,6.948704948187225
178.6817594572048,1786.8175945720482,6.928199177312455
178.7830722590374,1787.830722590374,6.907675334777989
178.8840837868578,1788.8408378685779,6.887133971541045
178.98479379178173,1789.8479379178173,6.866575638960966
179.0852020330167,1790.852020330167,6.846000888747043
179.18530827786634,1791.8530827786635,6.825410272906452
179.28511230173396,1792.8511230173397,6.804804343692262
179.3846138881255,1793.846138881255,6.784183653551501
179.48381282865154,1794.8381282865153,6.763548755073357
179.58270892302863,1795.8270892302862,6.742900200937459
179.6813019790799,1796.813019790799,6.72223854386229
179.77959181273485,1797.7959181273486,6.701564336553712
179.87757824802839,1798.7757824802839,6.680878131653628
179.97526111709917,1799.7526111709917,6.660180481688792
180.0726402601872,1800.726402601872,6.639471939019769
180.16971552563055,1801.6971552563055,6.618753055790037
180.26648676986153,1802.6648676986154,6.598024383875303
180.36295385740195,1803.6295385740195,6.577286474832941
180.45911666085777,1804.5911666085776,6.556539879851664
180.5549750609129,1805.5497506091292,6.535785149701358
180.65052894632237,1806.5052894632236,6.515022834683148
180.74577821390466,1807.4577821390467,6.494253484579659
180.84072276853345,1808.4072276853344,6.4734776486055
180.93536252312856,1809.3536252312856,6.45269587535798
181.0296973986461,1810.2969739864611,6.431908712768057
181.12372732406808,1811.237273240681,6.4111167080515425
181.21745223639113,1812.1745223639114,6.390320407660552
181.3108720806146,1813.1087208061458,6.369520357235218
181.40398680972797,1814.0398680972796,6.348717101555678
181.4967963846976,1814.967963846976,6.327911184494325
181.58930077445257,1815.8930077445257,6.307103148968356
181.68149995587012,1816.8149995587012,6.286293536892625
181.77339391376017,1817.7339391376017,6.265482889132746
181.8649826408493,1818.649826408493,6.244671745458574
181.95626613776395,1819.5626613776394,6.223860644497945
182.0472444130131,1820.472444130131,6.203050123690753
182.13791748297,1821.3791748297,6.182240719243363
182.22828537185367,1822.2828537185367,6.161432966083365
182.3183481117092,1823.183481117092,6.140627397814637
182.4081057423879,1824.081057423879,6.119824546672799
182.49755831152646,1824.9755831152647,6.099024943481002
182.58670587452565,1825.8670587452566,6.078229117606065
182.67554849452833,1826.7554849452833,6.0574375969150065
182.76408624239676,1827.6408624239675,6.03665090773193
182.85231919668942,1828.5231919668943,6.015869574795313
182.94024744363705,1829.4024744363705,5.99509412121564
183.02787107711825,1830.2787107711824,5.974325068433491
183.11519019863428,1831.1519019863429,5.953562936177953
183.20220491728347,1832.0220491728346,5.932808242425503
183.2889153497348,1832.889153497348,5.912061503359248
183.37532162020105,1833.7532162020104,5.891323233328617
183.46142386041137,1834.6142386041138,5.87059394480945
183.5472222095832,1835.472222095832,5.849874148364513
183.63271681439355,1836.3271681439355,5.829164352604442
183.7179078289499,1837.179078289499,5.808465064149144
183.80279541476045,1838.0279541476045,5.787776787589604
183.88737974070372,1838.8737974070373,5.767100025450147
183.97166098299778,1839.7166098299776,5.746435278151159
184.0556393251688,1840.5563932516882,5.725783043972241
184.13931495801918,1841.393149580192,5.705143819015827
184.22268807959497,1842.2268807959497,5.6845180971712805
184.30575889515302,1843.0575889515303,5.663906370079419
184.3885276171274,1843.8852761712742,5.6433091270975355
184.47099446509552,1844.709944650955,5.622726855264873
184.55315966574346,1845.5315966574346,5.60216003926858
184.63502345283112,1846.3502345283111,5.5816091614101495
184.71658606715667,1847.1658606715666,5.561074701572344
184.79784775652064,1847.9784775652065,5.540557137186578
184.8788087756895,1848.788087756895,5.520056943200813
184.95946938635868,1849.5946938635868,5.49957459204793
185.03982985711536,1850.3982985711536,5.479110553614614
185.11989046340062,1851.1989046340063,5.458665295210698
185.19965148747116,1851.9965148747115,5.438239281539037
185.2791132183607,1852.7911321836068,5.417832974665869
185.3582759518408,1853.582759518408,5.3974468339916735
185.43713999038144,1854.3713999038143,5.3770813162225535
185.515705643111,1855.15705643111,5.356736875342093
185.59397322577604,1855.9397322577604,5.336413962583754
185.67194306070039,1856.719430607004,5.316113026403741
185.7496154767442,1857.496154767442,5.2958345124544435
185.82699080926236,1858.2699080926236,5.275578863558309
185.90406940006258,1859.0406940006258,5.255346519682288
185.98085159736323,1859.8085159736322,5.235137917912783
186.05733775575067,1860.5733775575068,5.214953492431092
186.1335282361363,1861.335282361363,5.194793674489375
186.20942340571327,1862.0942340571328,5.174658892387162
186.28502363791281,1862.850236379128,5.154549571448351
186.36032931236034,1863.6032931236034,5.134466133998726
186.43534081483102,1864.3534081483103,5.1144089993440005
186.51005853720528,1865.1005853720528,5.094378583748395
186.58448287742385,1865.8448287742385,5.074375300413706
186.65861423944256,1866.5861423944257,5.054399559458899
186.73245303318683,1867.3245303318683,5.034451767900232
186.80599967450584,1868.0599967450585,5.014532329631882
186.87925458512655,1868.7925458512655,4.994641645407123
186.95221819260723,1869.5221819260723,4.974780112819963
187.02489093029106,1870.2489093029108,4.954948126287364
187.09727323725906,1870.9727323725906,4.935146077031905
187.16936555828315,1871.6936555828315,4.915374353065048
187.24116834377875,1872.4116834377876,4.895633339170829
187.31268204975726,1873.1268204975727,4.875923416890128
187.38390713777818,1873.8390713777817,4.856244964505412
187.45484407490116,1874.5484407490117,4.83659835702602
187.52549333363785,1875.2549333363786,4.81698396617394
187.59585539190334,1875.9585539190334,4.797402160370066
187.6659307329677,1876.659307329677,4.777853304721035
187.73571984540706,1877.3571984540706,4.758337761006487
187.8052232230547,1878.052232230547,4.738855887666883
187.8744413649519,1878.7444136495192,4.7194080397918174
187.94337477529865,1879.4337477529866,4.699994569108789
188.01202396340412,1880.1202396340411,4.68061582397252
188.08038944363705,1880.8038944363705,4.661272149354745
188.1484717353761,1881.484717353761,4.641963886834506
188.2162713629598,1882.1627136295979,4.6226913745888965
188.2837888556366,1882.8378885563661,4.603454947384366
188.35102474751477,1883.5102474751477,4.584254936568448
188.41797957751206,1884.1797957751205,4.565091670061997
188.4846538893054,1884.846538893054,4.545965472351895
188.5510482312804,1885.510482312804,4.526876664484241
188.61716315648076,1886.1716315648075,4.507825564058037
188.68299922255773,1886.8299922255774,4.488812485219297
188.74855699171925,1887.4855699171926,4.469837738655671
188.8138370306793,1888.1383703067931,4.450901631591511
188.87883991060696,1888.7883991060696,4.432004467783398
188.9435662070754,1889.435662070754,4.413146547516139
189.00801650001114,1890.0801650001113,4.394328167599234
189.0721913736428,1890.721913736428,4.375549621363742
189.13609141645017,1891.3609141645018,4.356811198659666
189.19971722111313,1891.9971722111313,4.3381131858537305
189.26306938446047,1892.6306938446046,4.319455865827624
189.32614850741876,1893.2614850741877,4.3008395179766845
189.3889551949613,1893.8895519496132,4.282264418209006
189.45149005605685,1894.5149005605685,4.263730838944977
189.51375370361853,1895.1375370361852,4.245239049117273
189.5757467544527,1895.757467544527,4.226789314171226
189.63746982920773,1896.3746982920773,4.208381896065652
189.69892355232298,1896.9892355232298,4.190017053274092
189.76010855197768,1897.601085519777,4.171695040786443
189.82102546003983,1898.2102546003985,4.153416110111004
189.88167491201526,1898.8167491201525,4.135180509276946
189.9420575469965,1899.420575469965,4.11698848283714
190.00217400761196,1900.0217400761196,4.098840271871447
190.062024939975,1900.62024939975,4.080736113990327
190.12161099363317,1901.2161099363316,4.062676243338879
190.18093282151736,1901.8093282151735,4.044660890601234
190.23999107989113,1902.3999107989112,4.026690283005364
190.2987864283001,1902.987864283001,4.008764644328247
190.35731952952148,1903.5731952952146,3.9908841949013847
190.4155910495135,1904.155910495135,3.9730491516167077
190.47360165736518,1904.7360165736518,3.9552597279328316
190.53135202524598,1905.3135202524597,3.9375161338816658
190.5888428283557,1905.888428283557,3.919818576075398
190.6460747448744,1906.4607474487439,3.90216725771378
190.7030484559125,1907.030484559125,3.8845623785918044
190.75976464546088,1907.5976464546088,3.867004135107686
190.81622400034126,1908.1622400034125,3.8494927202712064
190.87242721015664,1908.7242721015664,3.832028323712351
190.9283749672418,1909.283749672418,3.814611131690294
190.98406796661402,1909.8406796661402,3.7972413271026952
191.03950690592393,1910.3950690592392,3.779919089495333
191.09469248540648,1910.946924854065,3.7626445950719973
191.14962540783208,1911.4962540783208,3.7454180167047455
191.20430637845791,1912.043063784579,3.72823952394443
191.25873610497936,1912.5873610497936,3.711109283031495
191.3129152974816,1913.129152974816,3.6940274569071323
191.36684466839137,1913.6684466839138,3.676994205224665
191.42052493242898,1914.2052493242898,3.660009684361239
191.4739568065604,1914.739568065604,3.6430740474297827
191.5271410099496,1915.2714100994958,3.626187444291228
191.5800782639109,1915.800782639109,3.6093500215670438
191.63276929186188,1916.3276929186188,3.5925619226519694
191.68521481927598,1916.8521481927598,3.5758232877270584
191.7374155736358,1917.3741557363578,3.559134253772952
191.78937228438616,1917.8937228438617,3.542494954583392
191.84108568288778,1918.4108568288777,3.5259055207789944
191.8925565023707,1918.925565023707,3.5093660798212514
191.94378547788833,1919.4378547788833,3.492876756026797
191.99477334627144,1919.9477334627145,3.4764376705818427
192.04552084608258,1920.4552084608258,3.46004894155691
192.09602871757045,1920.9602871757045,3.4437106839217058
192.14629770262476,1921.4629770262477,3.4274230095602918
192.19632854473116,1921.9632854473116,3.4111860272863983
192.24612198892643,1922.4612198892644,3.3949998428589914
192.29567878175388,1922.9567878175387,3.3788645589980084
192.34499967121909,1923.4499967121908,3.3627802754003304
192.39408540674575,1923.9408540674574,3.346747088755882
192.4429367391318,1924.429367391318,3.330765092763984
192.4915544205058,1924.9155442050578,3.314834378149866
192.53993920428363,1925.3993920428363,3.298955032681349
192.58809184512526,1925.8809184512527,3.283127141185686
192.63601309889194,1926.3601309889193,3.2673507855666313
192.68370372260352,1926.8370372260351,3.2516260448216143
192.73116447439617,1927.3116447439616,3.2359529950591015
192.7783961134801,1927.783961134801,3.220331709516104
192.82539940009798,1928.2539940009797,3.204762258575864
192.872175095483,1928.72175095483,3.189244709785624
192.9187239618178,1929.187239618178,3.17377912787464
192.9650467621933,1929.650467621933,3.1583655747722212
193.01114426056796,1930.1114426056797,3.143004109625989
193.05701722172714,1930.5701722172714,3.1276947888202353
193.10266641124298,1931.02666411243,3.112437665994388
193.14809259543432,1931.480925954343,3.0972327920616194
193.193296541327,1931.9329654132698,3.0820802152275832
193.23827901661446,1932.3827901661446,3.0669799810092555
193.28304078961858,1932.8304078961858,3.051932132253835
193.3275826292508,1933.275826292508,3.0369367091578456
193.37190530497347,1933.7190530497346,3.0219937492862496
193.4160095867616,1934.1600958676158,3.0071032875917187
193.4598962450648,1934.598962450648,2.9922653564339643
193.5035660507696,1935.0356605076959,2.977479985599152
193.54701977516186,1935.4701977516186,2.9627472023194446
193.5902581898897,1935.902581898897,2.9480670312925628
193.63328206692665,1936.3328206692665,2.9334394947014863
193.6760921785349,1936.760921785349,2.918864612234175
193.71868929722916,1937.1868929722916,2.9043424011034094
193.76107419574058,1937.6107419574057,2.889872876066636
193.803247646981,1938.0324764698098,2.8754560494459382
193.84521042400755,1938.4521042400754,2.8610919311480294
193.8869632999876,1938.869632999876,2.846780528684311
193.9285070481638,1939.2850704816378,2.8325218471909532
193.96984244181957,1939.6984244181956,2.818315889449083
194.01097025424494,1940.1097025424494,2.8041626559049706
194.05189125870245,1940.5189125870245,2.7900621446902494
194.0926062283937,1940.926062283937,2.776014351642233
194.13311593642575,1941.3311593642575,2.76201927032417
194.17342115577833,1941.7342115577833,2.748076892045636
194.21352265927084,1942.1352265927085,2.7341872058828574
194.2534212195301,1942.534212195301,2.720350198699142
194.29311760895806,1942.9311760895805,2.7065658551652425
194.33261259969996,1943.3261259969995,2.6928341577798345
194.37190696361284,1943.7190696361286,2.6791550868899257
194.41100147223423,1944.1100147223424,2.6655286207113114
194.44989689675117,1944.4989689675117,2.651954735349054
194.48859400796962,1944.8859400796962,2.6384334048179325
194.52709357628405,1945.2709357628405,2.6249646010629113
194.56539637164735,1945.6539637164735,2.6115482939796233
194.6035031635412,1946.035031635412,2.5981844514348196
194.6414147209465,1946.414147209465,2.5848730392868204
194.67913181231427,1946.7913181231427,2.571614021405972
194.7166552055367,1947.166552055367,2.5584073596950616
194.75398566791876,1947.5398566791876,2.5452530141097838
194.79112396614974,1947.9112396614973,2.5321509426790842
194.82807086627548,1948.280708662755,2.519101101525576
194.8648271336706,1948.6482713367059,2.5061034448858783
194.90139353301112,1949.013935330111,2.493157925130958
194.93777082824747,1949.3777082824747,2.480264492786423
194.97395978257768,1949.7395978257769,2.467423096552817
195.0099611584209,1950.099611584209,2.4546336833258233
195.04577571739128,1950.4577571739128,2.4418961982165004
195.08140422027202,1950.8140422027202,2.4292105845714214
195.1168474269898,1951.168474269898,2.4165767839928107
195.15210609658956,1951.5210609658957,2.403994736358633
195.1871809872094,1951.8718098720938,2.3914643798426165
195.22207285605595,1952.2207285605596,2.3789856509342555
195.25678245937996,1952.5678245937997,2.366558484458723
195.29131055245213,1952.9131055245214,2.3541828135967946
195.32565788953934,1953.2565788953934,2.341858569904676
195.3598252238811,1953.598252238811,2.329585683333757
195.39381330766625,1953.9381330766626,2.3173640822503514
195.42762289201005,1954.2762289201005,2.3051936934553736
195.46125472693151,1954.6125472693152,2.2930744422039218
195.494709561331,1954.94709561331,2.2810062522248056
195.52798814296816,1955.2798814296816,2.2689890457400437
195.56109121844003,1955.6109121844001,2.2570227434842383
195.59401953315955,1955.9401953315955,2.2451072647239356
195.62677383133436,1956.2677383133437,2.2332425272768943
195.65935485594576,1956.5935485594578,2.2214284475312556
195.69176334872807,1956.9176334872807,2.209664940464673
195.7240000501482,1957.240000501482,2.1979519196633563
195.75606569938552,1957.5606569938552,2.1862892973410406
195.787961034312,1957.87961034312,2.1746769843578586
195.81968679147266,1958.1968679147267,2.1631148902391817
195.85124370606627,1958.5124370606627,2.151602923194296
195.8826325119263,1958.826325119263,2.1401409901350887
195.9138539415021,1959.1385394150211,2.1287289966945706
195.9449087258406,1959.449087258406,2.117366847245378
195.9757975945679,1959.757975945679,2.106054444918134
196.00652127587136,1960.0652127587136,2.0947916916197555
196.03708049648208,1960.3708049648208,2.0835784880516566
196.06747598165725,1960.6747598165725,2.072414733727848
196.09770845516317,1960.9770845516318,2.0613003269929826
196.12777863925828,1961.2777863925828,2.0502351650402786
196.15768725467655,1961.5768725467656,2.0392191439293366
196.18743502061113,1961.8743502061113,2.028252158603903
196.21702265469827,1962.1702265469826,2.0173341029094884
196.24645087300138,1962.4645087300137,2.006464869610912
196.27572038999554,1962.7572038999554,1.9956443504097687
196.30483191855205,1963.0483191855205,1.984872435961751
196.33378616992346,1963.3378616992345,1.974149015893914
196.36258385372864,1963.6258385372864,1.963473978821797
196.39122567793825,1963.9122567793825,1.9528472123664797
196.4197123488604,1964.1971234886041,1.9422686031715055
196.4480445711265,1964.480445711265,1.9317380369197248
196.47622304767748,1964.7622304767747,1.9212553983500302
196.50424847975017,1965.0424847975019,1.9108205712739657
196.53212156686396,1965.3212156686395,1.900433438592239
196.55984300680765,1965.5984300680766,1.8900938823111395
196.58741349562658,1965.8741349562658,1.8798017835588374
196.61483372760998,1966.1483372760997,1.8695570226015774
196.64210439527858,1966.4210439527858,1.8593594788597652
196.66922618937244,1966.6922618937244,1.8492090309239386
196.696199798839,1966.9619979883898,1.8391055565706327
196.72302591082138,1967.2302591082139,1.8290489327781354
196.7497052106469,1967.497052106469,1.819039035742113
196.77623838181583,1967.7623838181582,1.809075740891172
196.80262610599036,1968.0262610599036,1.7991589229022664
196.8288690629838,1968.2886906298381,1.789288455715981
196.85496793075004,1968.5496793075004,1.7794642125517526
196.8809233853731,1968.809233853731,1.7696860659229503
196.90673610105713,1969.0673610105714,1.7599538876518195
196.93240675011634,1969.3240675011634,1.750267548884357
196.95793600296545,1969.5793600296545,1.7406269201050555
196.98332452811007,1969.8332452811007,1.731031871151481
197.00857299213752,1970.085729921375,1.7214822712288522
197.03368205970767,1970.3368205970767,1.711977988924374
197.0586523935442,1970.586523935442,1.702518892221565
197.08348465442592,1970.834846544259,1.6931048485143836
197.10817950117823,1971.0817950117823,1.6837357246212892
197.132737590665,1971.3273759066499,1.6744113867991834
197.15715957778048,1971.5715957778048,1.6651317007572337
197.18144611544153,1971.8144611544153,1.6558965316705492
197.2055978545799,1972.055978545799,1.6467057441937771
197.22961544413485,1972.2961544413486,1.6375592024745873
197.25349953104586,1972.5349953104587,1.628456770167007
197.27725076024566,1972.7725076024567,1.6193983104446725
197.30086977465334,1973.0086977465335,1.610383686013932
197.32435721516762,1973.2435721516763,1.6014127591268692
197.34771372066052,1973.4771372066052,1.5924853915941823
197.37093992797094,1973.7093992797095,1.5836014447979578
197.39403647189863,1973.9403647189863,1.574760779704334
197.41700398519825,1974.1700398519824,1.5659632568760329
197.43984309857365,1974.3984309857365,1.5572087364847937
197.4625544406723,1974.625544406723,1.5484970783236824
197.48513863807992,1974.851386380799,1.5398281418192705
197.50759631531528,1975.0759631531528,1.5312017860437552
197.5299280948252,1975.299280948252,1.5226178697268646
197.55213459697967,1975.5213459697966,1.5140762512677592
197.57421644006718,1975.7421644006718,1.5055767887467453
197.59617424029022,1975.9617424029022,1.4971193399368832
197.61800861176098,1976.1800861176098,1.4887037623155108
197.63972016649709,1976.397201664971,1.4803299130756247
197.6613095144177,1976.613095144177,1.4719976491371791
197.68277726333957,1976.8277726333959,1.4637068271582048
197.7041240189735,1977.041240189735,1.4554573035459142
197.72535038492063,1977.2535038492063,1.447248934467598
197.74645696266933,1977.4645696266932,1.43908157586147
197.76744435159173,1977.6744435159173,1.4309550834473614
197.78831314894086,1977.8831314894087,1.4228693127373524
197.80906394984768,1978.0906394984768,1.414824119046242
197.82969734731836,1978.2969734731837,1.4068193575019161
197.85021393223167,1978.5021393223167,1.398854883055637
197.87061429333656,1978.7061429333655,1.3909305504921838
197.8908990172499,1978.908990172499,1.3830462144398985
197.9110686884542,1979.110686884542,1.3752017293806218
197.93112388929578,1979.3112388929578,1.367396949659534
197.95106519998276,1979.5106519998276,1.3596317294948679
197.97089319858344,1979.7089319858344,1.351905922987498
197.99060846102466,1979.9060846102466,1.34421938413047
198.0102115610904,1980.1021156109039,1.3365719668183682
198.0297030704204,1980.297030704204,1.3289635248566287
198.0490835585091,1980.490835585091,1.321393911970691
198.06835359270448,1980.6835359270449,1.3138629818150913
198.08751373820724,1980.8751373820724,1.3063705879824261
198.10656455806998,1981.0656455806998,1.298916584012216
198.12550661319653,1981.2550661319653,1.2915008233996441
198.1443404623415,1981.4434046234148,1.2841231596042397
198.1630666621098,1981.630666621098,1.2767834460584147
198.18168576695643,1981.8168576695643,1.269481536175888
198.2001983291863,1982.0019832918629,1.2622172833600653
198.21860489895417,1982.1860489895416,1.2549905410122615
198.23690602426478,1982.3690602426477,1.2478011625398362
198.2551022509731,1982.551022509731,1.2406490013642517
198.27319412278453,1982.7319412278453,1.2335339109289776
198.29118218125544,1982.9118218125543,1.2264557447073563
198.30906696579368,1983.0906696579368,1.2194143562103483
198.32684901365926,1983.2684901365926,1.2124095989941366
198.3445288599651,1983.445288599651,1.2054413266676973
198.36210703767796,1983.6210703767797,1.198509392900243
198.37958407761937,1983.7958407761937,1.191613651428543
198.39696050846678,1983.9696050846678,1.1847539560642075
198.41423685675474,1984.1423685675475,1.177930160700814
198.4314136468762,1984.314136468762,1.1711421193209737
198.4484914010839,1984.484914010839,1.164389686003314
198.46547063949197,1984.6547063949197,1.1576727149293133
198.4823518800774,1984.823518800774,1.1509910603901186
198.49913563868185,1984.9913563868186,1.1443445767931801
198.51582242901344,1985.1582242901345,1.137733118668892
198.5324127626486,1985.324127626486,1.1311565406770412
198.54890714903408,1985.4890714903408,1.1246146976132656
198.5653060954891,1985.6530609548909,1.1181074444153345
198.5816101072074,1985.8161010720742,1.1116346361693874
198.59781968725966,1985.9781968725965,1.1051961281160803
198.6139353365957,1986.1393533659568,1.0987917756566268
198.629957554047,1986.29957554047,1.0924214343587635
198.64588683632928,1986.4588683632928,1.0860849599626223
198.66172367804504,1986.6172367804504,1.079782208386511
198.6774685716862,1986.774685716862,1.0735130357326255
198.69312200763707,1986.9312200763707,1.067277298292678
198.708684474177,1987.0868447417702,1.0610748525533924
198.72415645748347,1987.2415645748347,1.0549055552019868
198.73953844163503,1987.3953844163502,1.0487692631315126
198.75483090861445,1987.5483090861444,1.0426658334461538
198.7700343383118,1987.700343383118,1.0365951234664048
198.7851492085278,1987.851492085278,1.0305569907342238
198.8001759949771,1988.001759949771,1.024551293018035
198.8151151712917,1988.151151712917,1.0185778883176861
198.82996720902435,1988.2996720902433,1.0126366348693465
198.84473257765214,1988.4473257765214,1.0067273911502759
198.8594117445801,1988.5941174458007,1.00085001588358
198.87400517514487,1988.7400517514488,0.9950043680428274
198.88851333261846,1988.8851333261846,0.98919030685659
198.90293667821197,1989.0293667821197,0.9834076918129918
198.91727567107958,1989.1727567107957,0.9776563826640791
198.93153076832243,1989.3153076832243,0.9719362394301582
198.9457024249926,1989.4570242499258,0.9662471224040606
198.95979109409717,1989.5979109409718,0.9605888921553477
198.9737972266024,1989.737972266024,0.9549614095344084
198.9877212714378,1989.877212714378,0.9493645356765151
199.0015636755005,1990.015636755005,0.9437981320057757
199.01532488365942,1990.1532488365942,0.9382620602390593
199.02900533875967,1990.2900533875968,0.9327561823898106
199.042605481627,1990.42605481627,0.9272803607718026
199.0561257510722,1990.5612575107218,0.9218344580028409
199.06956658389558,1990.6956658389558,0.916418337008364
199.08292841489168,1990.829284148917,0.9110318610250333
199.0962116768537,1990.962116768537,0.9056748936041673
199.1094168005783,1991.0941680057829,0.9003472986152209
199.12254421487023,1991.2254421487023,0.8950489402490843
199.1355943465472,1991.3559434654721,0.8897796830213943
199.14856762044457,1991.4856762044456,0.8845393917757546
199.16146445942024,1991.6146445942024,0.8793279316868995
199.17428528435963,1991.7428528435962,0.8741451682637761
199.1870305141805,1991.870305141805,0.8689909673525852
199.19970056583804,1991.9970056583804,0.8638651951397461
199.2122958543299,1992.122958543299,0.8587677181547976
199.2248167927012,1992.248167927012,0.853698403273245
199.23726379204965,1992.3726379204963,0.8486571177193601
199.24963726153078,1992.4963726153078,0.8436437290689008
199.26193760836307,1992.6193760836306,0.8386581052517522
199.27416523783322,1992.7416523783322,0.8337001145545683
199.28632055330135,1992.8632055330136,0.8287696256232907
199.29840395620639,1992.9840395620638,0.8238665074656749
199.3104158460714,1993.1041584607142,0.8189906294536987
199.3223566205089,1993.2235662050891,0.8141418613259249
199.33422667522638,1993.3422667522636,0.8093200731898763
199.34602640403156,1993.4602640403157,0.8045251355242401
199.3577561988381,1993.5775619883811,0.7997569191811363
199.36941644967098,1993.6941644967098,0.7950152953882371
199.381007544672,1993.81007544672,0.7903001357508715
199.39252987010545,1993.9252987010545,0.7856113122541147
199.40398381036363,1994.0398381036362,0.7809486972647471
199.41536974797253,1994.1536974797255,0.7763121635332316
199.42668806359745,1994.2668806359745,0.7717015841955804
199.43793913604873,1994.3793913604873,0.7671168327752399
199.44912334228735,1994.4912334228734,0.7625577831848366
199.46024105743084,1994.6024105743084,0.7580243097279821
199.47129265475886,1994.7129265475885,0.753516287100909
199.48227850571908,1994.8227850571907,0.7490335903941746
199.493198979933,1994.93198979933,0.7445760950942327
199.5040544452017,1995.040544452017,0.7401436770849882
199.51484526751176,1995.1484526751176,0.7357362126493244
199.52557181104112,1995.2557181104112,0.7313535784705335
199.53623443816494,1995.3623443816493,0.7269956516337656
199.54683350946155,1995.4683350946154,0.7226623096273789
199.55736938371837,1995.5736938371838,0.7183534303442703
199.5678424179379,1995.678424179379,0.7140688920831598
199.5782529673436,1995.7825296734359,0.7098085735498033
199.5886013853859,1995.8860138538591,0.7055723538582525
199.59888802374837,1995.9888802374837,0.7013601125319399
199.6091132323535,1996.091132323535,0.6971717295048266
199.61927735936888,1996.1927735936888,0.6930070851224398
199.62938075121318,1996.2938075121317,0.6888660601429505
199.6394237525623,1996.3942375256229,0.6847485357381279
199.64940670635536,1996.4940670635538,0.6806543934942842
199.65932995380086,1996.5932995380085,0.6765835154131986
199.66919383438278,1996.6919383438278,0.6725357839129907
199.67899868586665,1996.7899868586665,0.6685110818289205
199.6887448443057,1996.8874484430569,0.6645092924142192
199.69843264404702,1996.98432644047,0.6605302993408303
199.70806241773775,1997.0806241773776,0.65657398670012
199.71763449633116,1997.1763449633115,0.6526402390035594
199.7271492090928,1997.271492090928,0.6487289411833869
199.73660688360684,1997.3660688360683,0.644839978593223
199.74600784578206,1997.4600784578206,0.6409732370085978
199.7553524198582,1997.5535241985822,0.6371286026275568
199.76464092841212,1997.646409284121,0.633305962071112
199.77387369236394,1997.7387369236394,0.6295052023837483
199.7830510309833,1997.830510309833,0.6257262110338478
199.79217326189567,1997.9217326189566,0.6219688759141148
199.80124070108846,1998.0124070108845,0.6182330853419179
199.8102536629173,1998.1025366291728,0.6145187280596479
199.81921246011225,1998.1921246011225,0.6108256932350477
199.82811740378415,1998.2811740378415,0.607153870461452
199.8369688034307,1998.3696880343068,0.6035031497580666
199.84576696694285,1998.4576696694285,0.5998734215701743
199.85451220061094,1998.5451220061095,0.5962645767693159
199.86320480913108,1998.6320480913107,0.5926765066534786
199.87184509561126,1998.7184509561125,0.589109102947185
199.88043336157776,1998.8043336157775,0.5855622578016261
199.8889699069813,1998.8896990698129,0.5820358637947093
199.89745503020328,1998.9745503020326,0.578529813931126
199.90588902806218,1999.0588902806217,0.5750440016423622
199.91427219581965,1999.1427219581965,0.5715783207866737
199.92260482718692,1999.226048271869,0.5681326656490858
199.93088721433097,1999.3088721433096,0.5647069309412837
199.93911964788074,1999.3911964788074,0.5613010118015461
199.94730241693355,1999.4730241693355,0.5579148037946661
199.95543580906119,1999.554358090612,0.5545482029117478
199.96352011031624,1999.6352011031624,0.5512011055700915
199.97155560523834,1999.7155560523834,0.5478734086129821
199.97954257686038,1999.7954257686038,0.5445650093094899
199.98748130671478,1999.874813067148,0.5412758053542278
199.99537207483968,1999.9537207483968,0.5380056948670985
200.00321515978527,2000.0321515978526,0.5347545763930265
200.0110108386199,2000.110108386199,0.5315223489016011
200.0187593869364,2000.187593869364,0.5283089117868224
200.02646107885826,2000.2646107885826,0.5251141648667031
200.0341161870458,2000.341161870458,0.5219380083829103
200.0417249827025,2000.417249827025,0.5187803430003898
200.04928773558103,2000.4928773558104,0.5156410698069317
200.05680471398964,2000.5680471398964,0.5125200903127721
200.06427618479816,2000.6427618479815,0.509417306450087
200.0717024134443,2000.7170241344431,0.5063326205725817
200.07908366393985,2000.7908366393985,0.5032659354549688
200.0864201988767,2000.864201988767,0.5002171542924477
200.0937122794332,2000.937122794332,0.4971861807001984
200.1009601653801,2001.009601653801,0.4941729187128091
200.10816411508682,2001.081641150868,0.49117727278374035
200.11532438552763,2001.1532438552763,0.48819914778472595
200.12244123228766,2001.2244123228766,0.48523844900516566
200.12951490956905,2001.2951490956905,0.4822950821515034
200.1365456701971,2001.3654567019712,0.47936895334661267
200.14353376562633,2001.4353376562633,0.4764599691291286
200.15047944594656,2001.5047944594655,0.4735680364527871
200.15738295988905,2001.5738295988904,0.47069306268572875
200.1642445548325,2001.642445548325,0.4678349556097968
200.1710644768091,2001.710644768091,0.46499362341984296
200.17784297051068,2001.7784297051069,0.4621689747229757
200.1845802792946,2001.845802792946,0.45936091853782146
200.1912766451899,2001.912766451899,0.45656936429375905
200.1979323089032,2001.979323089032,0.45379422183015217
200.20454750982486,2002.0454750982485,0.4510354013955572
200.21112248603478,2002.1112248603479,0.44829281364689544
200.2176574743085,2002.176574743085,0.4455663696486839
200.22415271012318,2002.241527101232,0.4428559808721614
200.2306084276634,2002.306084276634,0.44016155919446776
200.23702485982736,2002.3702485982735,0.4374830168977878
200.2434022382325,2002.434022382325,0.4348202666684523
200.2497407932217,2002.497407932217,0.4321732215961104
200.25604075386894,2002.5604075386896,0.4295417951727808
200.2623023479854,2002.623023479854,0.42692590129198693
200.26852580212523,2002.6852580212521,0.4243254542478153
200.27471134159134,2002.7471134159134,0.42174036873398657
200.2808591904414,2002.8085919044138,0.41917055984293883
200.28696957149353,2002.8696957149352,0.41661594306486494
200.29304270633227,2002.9304270633227,0.41407643428674434
200.2990788153143,2002.9907881531428,0.4115519497913732
200.30507811757414,2003.0507811757413,0.40904240625637855
200.3110408310301,2003.1104083103012,0.4065477207532554
200.31696717238998,2003.1696717238997,0.4040678107463366
200.32285735715675,2003.2285735715675,0.4016025940917819
200.32871159963435,2003.2871159963433,0.3991519890365621
200.3345301129334,2003.345301129334,0.3967159142174411
200.3403131089769,2003.403131089769,0.39429428865991534
200.34606079850585,2003.4606079850585,0.3918870317771995
200.35177339108506,2003.5177339108507,0.38949406336912895
200.35745109510867,2003.5745109510867,0.3871153036211238
200.36309411780587,2003.6309411780587,0.3847506731031126
200.36870266524647,2003.6870266524647,0.3824000927684418
200.37427694234657,2003.7427694234657,0.38006348395280243
200.37981715287407,2003.7981715287406,0.3777407683731221
200.38532349945433,2003.8532349945433,0.3754318681264722
200.39079618357565,2003.9079618357564,0.3731367056889455
200.3962354055949,2003.962354055949,0.37085520391456706
200.40164136474297,2004.0164136474298,0.36858728603412005
200.40701425913034,2004.0701425913035,0.3663328756540588
200.41235428575249,2004.1235428575249,0.3640918967553647
200.41766164049545,2004.1766164049545,0.3618642736923915
200.42293651814126,2004.2293651814125,0.3596499311917304
200.42817911237336,2004.2817911237335,0.35744879435103927
200.43338961578206,2004.3338961578206,0.3552607886378881
200.43856821986995,2004.3856821986994,0.3530858398885973
200.44371511505724,2004.4371511505724,0.35092387430705807
200.44883049068721,2004.4883049068721,0.34877481846356717
200.4539145350315,2004.5391453503148,0.34663859929362795
200.45896743529542,2004.5896743529543,0.3445151440967885
200.46398937762342,2004.6398937762342,0.3424043805354303
200.46898054710425,2004.6898054710425,0.3403062366335744
200.47394112777633,2004.7394112777633,0.3382206407756788
200.47887130263294,2004.7887130263293,0.33614752170543605
200.48377125362754,2004.8377125362754,0.3340868085245775
200.48864116167897,2004.8864116167897,0.3320384306916425
200.49348120667668,2004.9348120667669,0.3300023180207633
200.49829156748595,2004.9829156748594,0.3279784006804588
200.503072421953,2005.03072421953,0.3259666091923753
200.5078239469102,2005.078239469102,0.3239668744301122
200.51254631818125,2005.1254631818124,0.32197912761793945
200.51723971058618,2005.1723971058618,0.3200033003295951
200.52190429794663,2005.2190429794664,0.3180393244870471
200.52654025309081,2005.2654025309082,0.3160871323592195
200.5311477478586,2005.3114774785859,0.3141466565607848
200.5357269531066,2005.357269531066,0.3122178300509203
200.54027803871324,2005.4027803871325,0.31030058613203104
200.54480117358364,2005.4480117358364,0.3083948584485151
200.54929652565477,2005.4929652565477,0.30650058098553445
200.55376426190034,2005.5376426190035,0.3046176880677022
200.5582045483358,2005.582045483358,0.3027461143578746
200.56261755002322,2005.6261755002322,0.30088579485587574
200.56700343107627,2005.6700343107627,0.29903666489723457
200.57136235466513,2005.7136235466512,0.2971986601519413
200.57569448302132,2005.7569448302133,0.295371716623149
200.57999997744267,2005.7999997744266,0.2935557706459354
200.58427899829803,2005.8427899829803,0.29175075888601876
200.5885317050322,2005.885317050322,0.28995661833850706
200.59275825617078,2005.9275825617078,0.2881732863266263
200.5969588093248,2005.9695880932481,0.28640070050041844
200.6011335211957,2006.011335211957,0.2846387988355209
200.6052825475799,2006.052825475799,0.2828875196318451
200.60940604337364,2006.0940604337363,0.2811468015123436
200.6135041625777,2006.135041625777,0.27941658342171694
200.6175770583021,2006.175770583021,0.277696804625147
200.6216248827707,2006.216248827707,0.2759874047070022
200.625647787326,2006.2564778732599,0.2742883235695869
200.62964592243364,2006.2964592243363,0.2725995014318604
200.63361943768714,2006.3361943768714,0.27092087882814775
200.63756848181245,2006.3756848181245,0.26925239660688527
200.64149320267254,2006.4149320267254,0.26759399592933286
200.64539374727198,2006.4539374727199,0.26594561826829854
200.64927026176153,2006.4927026176154,0.26430720540686126
200.65312289144256,2006.5312289144256,0.262678699437099
200.6569517807717,2006.569517807717,0.26106004275882577
200.6607570733652,2006.607570733652,0.2594511780783003
200.66453891200356,2006.6453891200356,0.2578520484069541
200.66829743863588,2006.6829743863586,0.25626259706012655
200.67203279438425,2006.7203279438424,0.25468276765577735
200.67574511954834,2006.7574511954833,0.2531125041132446
200.67943455360964,2006.7943455360964,0.25155175065193747
200.6831012352359,2006.831012352359,0.2500004517900928
200.68674530228557,2006.8674530228557,0.24845855234349778
200.690366891812,2006.90366891812,0.24692599742421295
200.6939661400679,2006.939661400679,0.24540273243931077
200.6975431825095,2006.9754318250948,0.2438887030896163
200.701098153801,2007.0109815380101,0.2423838553684442
200.70463118781885,2007.0463118781886,0.24088813556031796
200.70814241765575,2007.0814241765574,0.23940149023970514
200.71163197562518,2007.1163197562519,0.237923866269797
200.71509999326543,2007.1509999326543,0.2364552108012029
200.71854660134392,2007.185466013439,0.2349954712707335
200.72197192986127,2007.2197192986127,0.23354459540008443
200.72537610805554,2007.2537610805555,0.2321025311946533
200.72875926440634,2007.2875926440634,0.23066922694223757
200.73212152663893,2007.3212152663893,0.22924463121180894
200.73546302172838,2007.3546302172838,0.22782869285224316
200.73878387590364,2007.3878387590364,0.22642136099110155
200.74208421465156,2007.4208421465155,0.22502258503334305
200.745364162721,2007.45364162721,0.223632314660127
200.7486238441268,2007.486238441268,0.22225049982755019
200.7518633821539,2007.5186338215392,0.22087709076540862
200.7550828993613,2007.5508289936129,0.21951203797594887
200.75828251758588,2007.582825175859,0.2181552922326423
200.7614623579466,2007.614623579466,0.2168068045789754
200.7646225408483,2007.6462254084831,0.21546652632717433
200.76776318598561,2007.677631859856,0.21413440905702374
200.770884412347,2007.7088441234698,0.21281040461461787
200.77398633821844,2007.7398633821845,0.21149446511110648
200.7770690811875,2007.770690811875,0.2101865429215456
200.7801327581471,2007.801327581471,0.20888659068361848
200.78317748529926,2007.8317748529926,0.20759456129644194
200.7862033781591,2007.862033781591,0.20631040791935484
200.78921055155845,2007.8921055155845,0.2050340839707102
200.79219911964984,2007.9219911964983,0.20376554312665307
200.79516919591003,2007.9516919591003,0.2025047393199214
200.79812089314393,2007.9812089314394,0.20125162673865604
200.80105432348824,2008.0105432348823,0.20000615982519088
200.80396959841522,2008.0396959841523,0.19876829327485745
200.80686682873633,2008.0686682873634,0.19753798203478412
200.80974612460594,2008.0974612460593,0.1963151813027183
200.81260759552498,2008.1260759552497,0.19509984652582923
200.81545135034457,2008.1545135034457,0.19389193339951782
200.81827749726966,2008.1827749726967,0.19269139786624956
200.8210861438626,2008.2108614386261,0.1914981961143679
200.8238773970468,2008.238773970468,0.19031228457692195
200.82665136311024,2008.2665136311025,0.18913361993047262
200.82940814770902,2008.2940814770902,0.18796215909394876
200.83214785587094,2008.3214785587095,0.18679785922748893
200.83487059199902,2008.3487059199902,0.18564067773123172
200.83757645987495,2008.3757645987496,0.18449057224419485
200.84026556266264,2008.4026556266263,0.18334750064310812
200.8429380029116,2008.4293800291161,0.18221142104125876
200.84559388256056,2008.4559388256057,0.18108229178734392
200.8482333029407,2008.482333029407,0.17996007146430537
200.85085636477922,2008.5085636477922,0.17884471888820863
200.85346316820267,2008.5346316820267,0.17773619310710076
200.85605381274036,2008.5605381274036,0.17663445339984685
200.8586283973277,2008.586283973277,0.1755394592750269
200.86118702030961,2008.6118702030963,0.1744511704698043
200.86372977944384,2008.6372977944384,0.17336954694876228
200.86625677190423,2008.6625677190423,0.1722945489028168
200.86876809428406,2008.6876809428406,0.17122613674808684
200.87126384259938,2008.7126384259936,0.17016427112477872
200.87374411229214,2008.7374411229214,0.1691089128960529
200.87620899823364,2008.7620899823364,0.16806002314695279
200.87865859472757,2008.7865859472756,0.16701756318326433
200.8810929955134,2008.810929955134,0.1659814945304342
200.88351229376946,2008.8351229376945,0.16495177893245072
200.8859165821162,2008.8591658211622,0.16392837835077445
200.8883059526194,2008.8830595261938,0.1629112549632209
200.89068049679312,2008.9068049679313,0.1619003711628787
200.89304030560314,2008.9304030560313,0.16089568955705802
200.8953854694699,2008.9538546946987,0.15989717296615902
200.89771607827157,2008.9771607827156,0.1589047844226078
200.90003222134735,2009.0003222134735,0.15791848716982082
200.90233398750033,2009.0233398750033,0.15693824466108575
200.90462146500064,2009.0462146500065,0.155964020558517
200.9068947415886,2009.0689474158858,0.1549957787320112
200.90915390447748,2009.091539044775,0.1540334832581406
200.91139904035686,2009.1139904035686,0.15307709841916173
200.91363023539537,2009.1363023539539,0.15212658870189466
200.9158475752438,2009.1584757524379,0.15118191879672638
200.91805114503796,2009.1805114503795,0.15024305359655565
200.92024102940184,2009.2024102940184,0.14930995819574677
200.9224173124503,2009.224173124503,0.14838259788908148
200.92458007779217,2009.2458007779217,0.14746093817074823
200.9267294085331,2009.267294085331,0.14654494473332258
200.92886538727845,2009.2886538727844,0.14563458346669422
200.93098809613616,2009.3098809613616,0.14472982045709715
200.93309761671964,2009.3309761671962,0.14383062198607044
200.93519403015063,2009.3519403015061,0.14293695452945288
200.937277417062,2009.37277417062,0.14204878475634375
200.9393478576006,2009.3934785760061,0.14116607952814186
200.94140543143007,2009.4140543143008,0.14028880589751702
200.94345021773356,2009.4345021773356,0.1394169311074046
200.94548229521655,2009.4548229521656,0.13855042259004102
200.9475017421097,2009.475017421097,0.13768924796596538
200.94950863617143,2009.4950863617144,0.13683337504299453
200.95150305469082,2009.5150305469083,0.13598277181529583
200.95348507449017,2009.5348507449016,0.13513740646236394
200.95545477192786,2009.5545477192786,0.1342972473480829
200.9574122229009,2009.574122229009,0.13346226301972075
200.9593575028477,2009.593575028477,0.13263242220699156
200.96129068675066,2009.6129068675066,0.13180769382107138
200.9632118491389,2009.632118491389,0.13098804695365673
200.96512106409085,2009.6512106409086,0.13017345087598942
200.96701840523687,2009.6701840523688,0.12936387503791502
200.96890394576184,2009.6890394576185,0.12855928906693082
200.97077775840773,2009.7077775840773,0.12775966276725137
200.97263991547632,2009.7263991547632,0.12696496611887598
200.97449048883155,2009.7449048883154,0.12617516927660988
200.97632954990223,2009.7632954990222,0.12539024256919384
200.97815716968455,2009.7815716968455,0.12461015649832008
200.97997341874452,2009.7997341874452,0.12383488173773516
200.9817783672206,2009.8177836722061,0.12306438913233053
200.98357208482614,2009.8357208482614,0.12229864969718329
200.98535464085177,2009.8535464085176,0.12153763461669109
200.98712610416806,2009.8712610416806,0.1207813152436431
200.9888865432278,2009.8888654322782,0.12002966309830343
200.99063602606861,2009.9063602606861,0.11928264986753356
200.99237462031522,2009.9237462031522,0.11854024740385982
200.99410239318192,2009.9410239318192,0.11780242772461891
200.99581941147505,2009.9581941147505,0.11706916301105375
200.9975257415953,2009.975257415953,0.11634042560740931
200.99922144954013,2009.9922144954012,0.11561618802008533
201.00090660090612,2010.0090660090611,0.11489642291671431
201.00258126089133,2010.0258126089134,0.11418110312533203
201.00424549429763,2010.0424549429763,0.1134702016334751
201.00589936553303,2010.0589936553301,0.11276369158733546
201.00754293861402,2010.0754293861403,0.11206154629088283
201.00917627716782,2010.0917627716783,0.11136373920499609
201.01079944443472,2010.1079944443472,0.1106702439466497
201.01241250327033,2010.1241250327032,0.10998103428800954
201.01401551614782,2010.140155161478,0.10929608415562286
201.01560854516023,2010.1560854516024,0.10861536762956392
201.0171916520227,2010.171916520227,0.10793885894258659
201.0187648980746,2010.187648980746,0.10726653247928952
201.02032834428192,2010.2032834428192,0.10659836277529366
201.02188205123932,2010.2188205123932,0.10593432451640383
201.02342607917234,2010.2342607917235,0.10527439253778448
201.0249604879397,2010.2496048793969,0.104618541823155
201.0264853370353,2010.264853370353,0.10396674750393708
201.0280006855905,2010.2800068559052,0.1033189848584749
201.02950659237626,2010.2950659237626,0.10267522931121087
201.0310031158051,2010.310031158051,0.10203545643186318
201.03249031393347,2010.3249031393348,0.10139964193467976
201.03396824446367,2010.3396824446368,0.10076776167756607
201.03543696474603,2010.3543696474603,0.10013979166133191
201.03689653178097,2010.3689653178096,0.0995157080288992
201.0383470022211,2010.383470022211,0.0988954870645079
201.03978843237323,2010.3978843237323,0.09827910519292204
201.04122087820048,2010.4122087820047,0.09766653897865873
201.04264439532423,2010.4264439532424,0.09705776512521902
201.04405903902628,2010.4405903902627,0.09645276047431517
201.04546486425073,2010.4546486425074,0.09585150200507131
201.0468619256061,2010.468619256061,0.09525396683329157
201.0482502773672,2010.482502773672,0.09466013221068381
201.0496299734772,2010.496299734772,0.0940699755241029
201.05100106754966,2010.5100106754967,0.0934834742948153
201.0523636128703,2010.523636128703,0.09290060617768547
201.0537176623991,2010.537176623991,0.09232134896050981
201.05506326877222,2010.550632687722,0.0917456805632243
201.05640048430388,2010.5640048430387,0.09117357903716206
201.05772936098833,2010.5772936098833,0.09060502256434633
201.0590499505017,2010.590499505017,0.09003998945671599
201.06036230420392,2010.603623042039,0.08947845815544342
201.06166647314063,2010.6166647314062,0.08892040723017247
201.06296250804505,2010.6296250804505,0.0883658153783008
201.06425045933975,2010.6425045933975,0.08781466142426575
201.06553037713866,2010.6553037713866,0.0872669243188463
201.06680231124878,2010.6680231124878,0.08672258313841164
201.06806631117206,2010.6806631117206,0.0861816170842461
201.06932242610725,2010.6932242610724,0.08564400548184403
201.07057070495168,2010.7057070495168,0.08510972778017611
201.07181119630306,2010.7181119630307,0.08457876355101435
201.07304394846125,2010.7304394846124,0.0840510924882375
201.0742690094301,2010.742690094301,0.083526694407149
201.0754864269192,2010.7548642691922,0.08300554924375214
201.0766962483456,2010.766962483456,0.08248763705410711
201.07789852083556,2010.7789852083556,0.08197293801362748
201.07909329122637,2010.7909329122638,0.08146143241641057
201.08028060606804,2010.8028060606805,0.08095310067455352
201.08146051162495,2010.8146051162496,0.08044792331748007
201.0826330538777,2010.8263305387768,0.07994588099130817
201.08379827852463,2010.8379827852464,0.07944695445813055
201.08495623098372,2010.8495623098372,0.0789511245954001
201.08610695639413,2010.8610695639413,0.07845837239524067
201.08725049961788,2010.8725049961788,0.0779686789638111
201.08838690524158,2010.8838690524158,0.07748202552065864
201.08951621757802,2010.8951621757801,0.07699839339804748
201.09063848066788,2010.9063848066787,0.07651776404033706
201.09175373828126,2010.9175373828125,0.07604011900332475
201.09286203391943,2010.9286203391944,0.0755654399536313
201.09396341081634,2010.9396341081633,0.07509370866802756
201.09505791194033,2010.9505791194033,0.0746249070328554
201.0961455799956,2010.9614557999562,0.07415901704333494
201.09722645742391,2010.972264574239,0.07369602080300497
201.0983005864061,2010.9830058640612,0.07323590052306217
201.0993680088637,2010.9936800886371,0.07277863852174649
201.10042876646045,2011.0042876646046,0.07232421722373539
201.10148290060388,2011.0148290060388,0.07187261915952037
201.10253045244684,2011.0253045244685,0.07142382696480831
201.10357146288902,2011.0357146288902,0.07097782337991398
201.1046059725785,2011.046059725785,0.07053459124915962
201.10563402191326,2011.0563402191326,0.07009411352026917
201.10665565104273,2011.0665565104273,0.06965637324376794
201.10767089986916,2011.0767089986916,0.06922135357239101
201.1086798080493,2011.0867980804928,0.06878903776051837
201.10968241499566,2011.0968241499565,0.06835940916353722
201.11067875987823,2011.1067875987824,0.06793245123731084
201.11166888162572,2011.1166888162572,0.06750814753755507
201.11265281892716,2011.1265281892715,0.06708648171929121
201.1136306102333,2011.1363061023328,0.06666743753625093
201.11460229375797,2011.1460229375798,0.06625099884031671
201.11556790747971,2011.1556790747973,0.06583714958095876
201.11652748914304,2011.1652748914303,0.06542587380463638
201.11748107625988,2011.1748107625988,0.06501715565426147
201.118428706111,2011.18428706111,0.06461097936863547
201.11937041574737,2011.1937041574738,0.06420732928190043
201.12030624199164,2011.2030624199165,0.06380618982296882
201.12123622143946,2011.2123622143945,0.0634075455149764
201.1221603904608,2011.221603904608,0.0630113809747298
201.12307878520144,2011.2307878520144,0.06261768091218423
201.12399144158422,2011.2399144158421,0.06222643012987328
201.12489839531048,2011.248983953105,0.06183761352238315
201.1257996818613,2011.257996818613,0.06145121607580373
201.12669533649893,2011.2669533649891,0.061067222867217
201.12758539426807,2011.2758539426807,0.06068561906415704
201.12846988999718,2011.2846988999718,0.06030638992405046
201.1293488582998,2011.2934885829982,0.05992952079374925
201.13022233357592,2011.3022233357592,0.05955499710896939
201.13109035001312,2011.3109035001312,0.05918280439377044
201.13195294158803,2011.3195294158802,0.058812928260054576
201.1328101420675,2011.328101420675,0.058445354407055006
201.13366198500995,2011.3366198500994,0.058080068620790626
201.13450850376654,2011.3450850376653,0.05771705677360417
201.1353497314825,2011.353497314825,0.05735630482362397
201.13618570109838,2011.3618570109838,0.05699779881427369
201.13701644535126,2011.3701644535126,0.056641524873773164
201.137841996776,2011.3784199677598,0.0562874692146339
201.13866238770646,2011.3866238770647,0.05593561813317416
201.1394776502768,2011.394776502768,0.05558595800900734
201.14028781642256,2011.4028781642255,0.05523847530456594
201.14109291788193,2011.4109291788193,0.05489315656462901
201.14189298619704,2011.4189298619704,0.054549988415814155
201.14268805271496,2011.4268805271495,0.054208957566092564
201.14347814858908,2011.4347814858909,0.05387005080434493
201.1442633047802,2011.442633047802,0.05353325499984096
201.14504355205764,2011.4504355205763,0.05319855710179
201.14581892100054,2011.4581892100055,0.05286594413887913
201.14658944199894,2011.4658944199894,0.05253540321878469
201.14735514525492,2011.4735514525491,0.05220692152770512
201.14811606078376,2011.4811606078376,0.05188048632992037
201.14887221841516,2011.4887221841516,0.051556084967315896
201.14962364779421,2011.4962364779421,0.05123370485890655
201.15037037838266,2011.5037037838265,0.050913333500419156
201.15111243945995,2011.5111243945994,0.050594958463811124
201.1518498601244,2011.5184986012441,0.050278567396826346
201.1525826692942,2011.5258266929418,0.04996414802253868
201.15331089570861,2011.5331089570861,0.049651688138943384
201.15403456792905,2011.5403456792906,0.04934117561845619
201.1547537143401,2011.547537143401,0.0490325984075225
201.15546836315067,2011.5546836315068,0.04872594452614132
201.15617854239503,2011.5617854239504,0.0484212020674567
201.15688427993388,2011.5688427993387,0.04811835919731722
201.15758560345537,2011.5758560345537,0.04781740415381763
201.15828254047628,2011.5828254047628,0.047518325246931226
201.1589751183429,2011.5897511834291,0.047221110858012394
201.15966336423222,2011.596633642322,0.046925749439423625
201.16034730515284,2011.6034730515285,0.04663222951409318
201.1610269679461,2011.610269679461,0.04634053967509233
201.16170237928705,2011.6170237928704,0.0460506685852321
201.16237356568547,2011.6237356568547,0.04576260497663165
201.1630405534869,2011.630405534869,0.04547633765032566
201.1637033688736,2011.637033688736,0.04519185547583804
201.16436203786563,2011.6436203786564,0.044909147390785775
201.16501658632177,2011.6501658632178,0.04462820240045795
201.16566703994053,2011.6566703994054,0.04434900957742671
201.16631342426115,2011.6631342426115,0.044071558061138716
201.16695576466452,2011.6695576466452,0.04379583705752432
201.1675940863742,2011.6759408637422,0.04352183583859437
201.16822841445742,2011.6822841445742,0.043249543742051144
201.1688587738259,2011.6885877382588,0.04297895017088693
201.16948518923692,2011.6948518923691,0.04271004459300565
201.17010768529428,2011.7010768529428,0.04244281654083204
201.17072628644914,2011.7072628644914,0.042177255610915565
201.17134101700105,2011.7134101700105,0.04191335146357156
201.17195190109882,2011.7195190109883,0.04165109382246024
201.17255896274145,2011.7255896274146,0.041390472474254536
201.1731622257791,2011.731622257791,0.0411314772682404
201.17376171391393,2011.7376171391393,0.040874098115922464
201.17435745070108,2011.7435745070109,0.04061832499068829
201.17494945954948,2011.7494945954948,0.04036414792742116
201.17553776372284,2011.7553776372283,0.04011155702213587
201.17612238634052,2011.7612238634051,0.039860542431598645
201.17670335037838,2011.7670335037838,0.03961109437297183
201.17728067866963,2011.7728067866963,0.039363203123458645
201.17785439390582,2011.7785439390582,0.03911685901994788
201.17842451863763,2011.7842451863762,0.038872052458635564
201.17899107527572,2011.7899107527571,0.038628773894675006
201.17955408609163,2011.7955408609164,0.03838701384184107
201.18011357321865,2011.8011357321866,0.03814676287216068
201.1806695586526,2011.806695586526,0.037908011615559345
201.18122206425275,2011.8122206425276,0.037670750759536076
201.18177111174262,2011.8177111174261,0.03743497104878324
201.18231672271082,2011.8231672271081,0.0372006632848757
201.18285891861186,2011.8285891861185,0.036967818325906676
201.183397720767,2011.8339772076702,0.03673642708617508
201.18393315036508,2011.8393315036508,0.03650648053580363
201.1844652284633,2011.844652284633,0.03627796970045283
201.18499397598802,2011.8499397598803,0.03605088566094261
201.18551941373565,2011.8551941373564,0.03582521955295925
201.18604156237333,2011.8604156237334,0.03560096256668943
201.18656044243983,2011.8656044243983,0.03537810594651469
201.18707607434624,2011.8707607434624,0.03515664099068461
201.18758847837688,2011.875884783769,0.034936559050984584
201.18809767468994,2011.8809767468995,0.03471785153239482
201.18860368331838,2011.8860368331839,0.03450050989282738
201.18910652417063,2011.8910652417062,0.03428452564273543
201.18960621703135,2011.8960621703136,0.034069890344836096
201.19010278156225,2011.9010278156225,0.03385659561380139
201.19059623730277,2011.9059623730277,0.03364463311593313
201.19108660367093,2011.9108660367092,0.03343399456883611
201.19157389996394,2011.9157389996394,0.03322467174113031
201.19205814535914,2011.9205814535915,0.03301665645214713
201.19253935891453,2011.9253935891452,0.032809940571581264
201.19301755956963,2011.9301755956963,0.03260451601924552
201.1934927661462,2011.9349276614619,0.03240037476472979
201.1939649973489,2011.939649973489,0.03219750882709904
201.1944342717661,2011.9443427176611,0.03199591027461801
201.19490060787058,2011.9490060787057,0.031795571224429664
201.19536402402014,2011.9536402402014,0.03159648384226743
201.19582453845845,2011.9582453845846,0.03139864034217277
201.19628216931565,2011.9628216931565,0.03120203298617541
201.1967369346091,2011.9673693460911,0.03100665408404646
201.1971888522441,2011.971888522441,0.030812495992964428
201.19763794001446,2011.9763794001447,0.030619551117250565
201.19808421560336,2011.9808421560335,0.030427811908089963
201.19852769658394,2011.9852769658394,0.030237270863224253
201.19896840041991,2011.9896840041993,0.03004792052667271
201.1994063444664,2011.994063444664,0.029859753488494234
201.1998415459705,2011.9984154597048,0.029672762384439166
201.20027402207185,2012.0027402207186,0.02948693989572726
201.20070378980358,2012.0070378980358,0.029302278748758126
201.20113086609268,2012.0113086609267,0.02911877171481636
201.20155526776085,2012.0155526776084,0.028936411609828183
201.201977011525,2012.0197701152501,0.02875519129405768
201.20239611399802,2012.0239611399802,0.028575103671881208
201.20281259168937,2012.0281259168937,0.028396141691478305
201.2032264610057,2012.032264610057,0.02821829834457945
201.20363773825153,2012.0363773825152,0.0280415666662156
201.20404643962982,2012.0404643962981,0.027865939734433964
201.2044525812427,2012.0445258124269,0.027691410670063532
201.20485617909196,2012.0485617909196,0.027517972636411314
201.20525724907978,2012.0525724907977,0.02734561883904385
201.2056558070093,2012.056558070093,0.02717434252552431
201.2060518685852,2012.060518685852,0.027004136985135374
201.20644544941442,2012.0644544941442,0.02683499554864477
201.2068365650066,2012.068365650066,0.026666911588049458
201.20722523077484,2012.0722523077484,0.02649987851632163
201.20761146203617,2012.0761146203617,0.026333889787149345
201.20799527401226,2012.0799527401227,0.026168938894725158
201.20837668182992,2012.0837668182992,0.02600501937344235
201.2087557005217,2012.087557005217,0.02584212479769954
201.2091323450265,2012.091323450265,0.025680248781644877
201.20950663019016,2012.0950663019016,0.025519384978920256
201.20987857076602,2012.0987857076602,0.025359527082412625
201.21024818141547,2012.1024818141545,0.025200668824051475
201.2106154767085,2012.1061547670852,0.02504280397453884
201.2109804711244,2012.1098047112441,0.02488592634313258
201.21134317905214,2012.1134317905214,0.024730029777390583
201.21170361479102,2012.1170361479103,0.0245751081629505
201.21206179255125,2012.1206179255125,0.024421155423302365
201.21241772645448,2012.1241772645449,0.0242681655195488
201.21277143053427,2012.1277143053428,0.024116132450168748
201.2131229187368,2012.1312291873678,0.02396505025080431
201.2134722049212,2012.134722049212,0.023814912994028048
201.2138193028603,2012.138193028603,0.023665714789113834
201.214164226241,2012.14164226241,0.02351744978182546
201.21450698866494,2012.1450698866493,0.023370112154167955
201.21484760364888,2012.1484760364888,0.02322369612418329
201.21518608462534,2012.1518608462534,0.023078195945747892
201.21552244494313,2012.1552244494314,0.022933605908316834
201.21585669786774,2012.1585669786773,0.022789920336716007
201.21618885658197,2012.1618885658197,0.02264713359096271
201.21651893418644,2012.1651893418643,0.022505240066000964
201.21684694370006,2012.1684694370006,0.022364234191506127
201.21717289806054,2012.1717289806054,0.0222241104316806
201.21749681012489,2012.1749681012489,0.022084863285037115
201.21781869266994,2012.1781869266993,0.02194648728419446
201.21813855839284,2012.1813855839284,0.021808976995650098
201.21845641991155,2012.1845641991154,0.02167232701959365
201.21877228976527,2012.1877228976527,0.021536531989681307
201.21908618041505,2012.1908618041505,0.02140158657286706
201.21939810424416,2012.1939810424417,0.021267485469143366
201.21970807355868,2012.1970807355867,0.021134223411384823
201.22001610058783,2012.2001610058783,0.021001795165115467
201.2203221974846,2012.203221974846,0.0208701955283489
201.2206263763261,2012.206263763261,0.02073941933134671
201.22092864911414,2012.2092864911415,0.020609461436449705
201.22122902777565,2012.2122902777564,0.020480316737855886
201.2215275241631,2012.215275241631,0.02035198016144457
201.221824150055,2012.21824150055,0.02022444666458101
201.2221189171564,2012.221189171564,0.020097711235917415
201.22241183709926,2012.2241183709925,0.019971768895202913
201.222702921443,2012.2270292144299,0.019846614693089903
201.2229921816748,2012.2299218167482,0.019722243710949328
201.2232796292103,2012.232796292103,0.019598651060685923
201.2235652753938,2012.2356527539382,0.019475831884528616
201.2238491314988,2012.238491314988,0.019353781354867094
201.22413120872844,2012.2413120872843,0.019232494674063516
201.22441151821593,2012.2441151821592,0.019111967074269542
201.22469007102498,2012.2469007102497,0.018992193817223835
201.22496687815027,2012.2496687815028,0.018873170194106392
201.2252419505178,2012.252419505178,0.018754891525312956
201.2255152989854,2012.2551529898542,0.018637353160314674
201.2257869343431,2012.257869343431,0.01852055047746448
201.22605686731353,2012.2605686731354,0.01840447888382124
201.22632510855246,2012.2632510855246,0.01828913381495434
201.22659166864906,2012.2659166864905,0.018174510734796256
201.2268565581264,2012.268565581264,0.01806060513545782
201.22711978744186,2012.2711978744187,0.017947412537063
201.22738136698752,2012.2738136698752,0.01783492848754642
201.22764130709055,2012.2764130709056,0.017723148562527213
201.22789961801365,2012.2789961801366,0.01761206836509588
201.2281563099554,2012.2815630995542,0.01750168352567749
201.22841139305078,2012.2841139305078,0.017391989701857624
201.22866487737136,2012.2866487737135,0.017282982578181616
201.22891677292588,2012.289167729259,0.017174657866042664
201.22916708966056,2012.2916708966056,0.017067011303475765
201.2294158374595,2012.294158374595,0.01696003865501383
201.22966302614506,2012.2966302614507,0.016853735711513607
201.22990866547826,2012.2990866547825,0.016748098289994018
201.23015276515912,2012.3015276515912,0.016643122233485186
201.2303953348271,2012.303953348271,0.016538803410872105
201.23063638406146,2012.3063638406145,0.016435137716709902
201.23087592238156,2012.3087592238155,0.016332121071087058
201.23111395924738,2012.3111395924739,0.01622974941946731
201.23135050405972,2012.3135050405972,0.016128018732508465
201.2315855661607,2012.315855661607,0.016026925005961146
201.23181915483408,2012.3181915483408,0.0159264642604503
201.23205127930558,2012.3205127930557,0.015826632541359742
201.2322819487433,2012.322819487433,0.015727425918686477
201.23251117225806,2012.3251117225805,0.01562884048685953
201.23273895890378,2012.327389589038,0.015530872364601378
201.23296531767775,2012.3296531767776,0.015433517694780519
201.2331902575211,2012.331902575211,0.015336772644281793
201.23341378731905,2012.3341378731905,0.015240633403810988
201.23363591590132,2012.3363591590132,0.015145096187798912
201.23385665204242,2012.3385665204241,0.015050157234220207
201.23407600446208,2012.3407600446208,0.014955812804469004
201.23429398182552,2012.3429398182552,0.014862059183190168
201.23451059274376,2012.3451059274375,0.014768892678160284
201.23472584577408,2012.3472584577407,0.014676309620145545
201.23493974942022,2012.349397494202,0.014584306362727673
201.23515231213278,2012.3515231213278,0.014492879282202664
201.23536354230959,2012.353635423096,0.0144020247774298
201.23557344829592,2012.3557344829592,0.014311739269662893
201.23578203838497,2012.3578203838497,0.014222019202450809
201.235989320818,2012.35989320818,0.014132861041468714
201.23619530378483,2012.3619530378483,0.014044261274425707
201.23639999542405,2012.3639999542406,0.013956216410864086
201.2366034038234,2012.3660340382341,0.013868722982090076
201.23680553702008,2012.3680553702006,0.01378177754098553
201.23700640300098,2012.3700640300099,0.013695376661913783
201.2372060097031,2012.372060097031,0.013609516940563338
201.23740436501382,2012.3740436501382,0.013524194993830618
201.2376014767712,2012.3760147677121,0.013439407459692077
201.23779735276432,2012.3779735276432,0.01335515099703899
201.23799200073356,2012.3799200073356,0.013271422285597523
201.23818542837088,2012.381854283709,0.013188218025749321
201.23837764332018,2012.3837764332018,0.013105534938451568
201.2385686531775,2012.385686531775,0.013023369765084225
201.2387584654915,2012.387584654915,0.012941719267338114
201.2389470877635,2012.3894708776352,0.012860580227056828
201.23913452744804,2012.3913452744805,0.012779949446149685
201.239320791953,2012.39320791953,0.012699823746449623
201.23950588863988,2012.3950588863988,0.012620199969590629
201.23968982482424,2012.3968982482425,0.012541074976888722
201.23987260777585,2012.3987260777585,0.012462445649224718
201.240054244719,2012.40054244719,0.012384308886898565
201.24023474283283,2012.4023474283283,0.01230666160955296
201.24041410925156,2012.4041410925156,0.012229500756018807
201.24059235106483,2012.4059235106483,0.012152823284196201
201.2407694753179,2012.407694753179,0.012076626170951399
201.24094548901198,2012.4094548901198,0.012000906412003132
201.2411203991045,2012.4112039910449,0.011925661021794709
201.24129421250933,2012.4129421250932,0.011850887033375002
201.2414669360972,2012.4146693609719,0.011776581498293637
201.24163857669575,2012.4163857669575,0.011702741486471324
201.24180914109,2012.4180914109,0.01162936408611459
201.24197863602245,2012.4197863602244,0.01155644640356479
201.2421470681935,2012.421470681935,0.011483985563216392
201.2423144442616,2012.4231444426161,0.011411978707397963
201.24248077084357,2012.4248077084358,0.011340422996242494
201.24264605451478,2012.4264605451478,0.011269315607602137
201.24281030180956,2012.4281030180955,0.011198653736934516
201.24297351922127,2012.4297351922128,0.011128434597160619
201.2431357132027,2012.431357132027,0.01105865541861506
201.24329689016625,2012.4329689016624,0.010989313448893312
201.24345705648423,2012.4345705648423,0.010920405952752232
201.24361621848908,2012.4361621848907,0.010851930212014138
201.2437743824736,2012.437743824736,0.010783883525446014
201.2439315546912,2012.439315546912,0.010716263208684906
201.2440877413562,2012.440877413562,0.010649066594099366
201.24424294864406,2012.4424294864407,0.010582291030702407
201.24439718269156,2012.4439718269155,0.010515933884032491
201.24455044959709,2012.445504495971,0.010449992536080699
201.2447027554209,2012.447027554209,0.010384464385166381
201.24485410618527,2012.4485410618527,0.010319346845837685
201.24500450787488,2012.4500450787489,0.01025463734877563
201.2451539664369,2012.451539664369,0.010190333340692859
201.2453024877813,2012.4530248778128,0.010126432284232378
201.24545007778104,2012.4545007778104,0.010062931657876972
201.2455967422724,2012.455967422724,0.00999982895583551
