0.014090000373189686,0.14090000373189687,0.9606796602637053,1729812858.2405694
0.028260190018636937,0.2826019001863694,0.9661470982189075,1729812858.249673
0.04251099078226436,0.42510990782264363,0.9716432983307377,1729812858.2595346
0.05684282633037057,0.5684282633037057,0.977168384715458,1729812858.2696157
0.07125612215281898,0.7125612215281898,0.9827224817067512,1729812858.2796052
0.0857513055661708,0.8575130556617081,0.9883057138519109,1729812858.2895741
0.10032880571676188,1.0032880571676188,0.9939182059080145,1729812858.2997315
0.11498905358372191,1.1498905358372191,0.9995600828379962,1729812858.3096282
0.129732481981936,1.2973248198193599,1.0052314698067106,1729812858.3195767
0.14455952556494614,1.4455952556494613,1.0109324921768468,1729812858.3295436
0.15947062082779365,1.5947062082779364,1.0166632755048854,1729812858.3395946
0.17446620610979963,1.7446620610979964,1.0224239455368962,1729812858.3495843
0.18954672159728406,1.8954672159728405,1.0282146282043292,1729812858.359627
0.20471260932622154,2.0471260932622153,1.0340354496197164,1729812858.3696404
0.2199643131848333,2.199643131848333,1.0398865360723124,1729812858.3796122
0.2353022789161143,2.353022789161143,1.0457680140236714,1729812858.3895895
0.2507269541202942,2.507269541202942,1.0516800101031527,1729812858.3996704
0.2662387882572321,2.662387882572321,1.0576226511033755,1729812858.4096086
0.2818382326487423,2.818382326487423,1.063596063975552,1729812858.4195325
0.2975257404808525,2.975257404808525,1.0696003758248405,1729812858.429519
0.3133017668059911,3.133017668059911,1.075635713905553,1729812858.4396772
0.32916676854510396,3.2916676854510394,1.0817022056163181,1729812858.449601
0.34512120448969935,3.4512120448969936,1.0877999784951888,1729812858.4596705
0.3611655353038197,3.6116553530381967,1.09392916021466,1729812858.4697042
0.3773002235259396,3.773002235259396,1.1000898785766355,1729812858.4795918
0.39352573357078846,3.9352573357078846,1.1062822615072814,1729812858.489532
0.40984253173109725,4.098425317310973,1.1125064370518785,1729812858.4996736
0.42625108617926816,4.2625108617926815,1.1187625333695315,1729812858.509876
0.44275186696896557,4.427518669689656,1.1250506787278272,1729812858.5195892
0.4593453460366284,4.593453460366284,1.1313710014974645,1729812858.529569
0.47603199720290157,4.7603199720290155,1.1377236301467373,1729812858.5395935
0.49281229617398586,4.9281229617398585,1.14410869323599,1729812858.549755
0.5096867205429058,5.096867205429057,1.1505263194119961,1729812858.5595784
0.5266557497906931,5.2665574979069305,1.1569766374022357,1729812858.569734
0.5437198652874862,5.437198652874862,1.163459776009128,1729812858.5796528
0.5608795502935426,5.608795502935426,1.1699758641041629,1729812858.5896306
0.5781352899601659,5.781352899601659,1.1765250306219754,1729812858.5997808
0.5954875713305428,5.9548757133054275,1.1831074045543182,1729812858.6096916
0.6129368833404918,6.129368833404918,1.1897231149439889,1729812858.6195116
0.630483716819122,6.30483716819122,1.1963722908786703,1729812858.6295838
0.6481285644893988,6.481285644893989,1.2030550614846454,1729812858.6396315
0.665871920968618,6.65871920968618,1.2097715559205038,1729812858.6496441
0.6837142827687857,6.837142827687856,1.2165219033707397,1729812858.6596434
0.7016561482969025,7.016561482969025,1.2233062330392523,1729812858.669723
0.7196980178551523,7.196980178551523,1.230124674142775,1729812858.6795855
0.7378403936409932,7.378403936409931,1.236977355904251,1729812858.6895053
0.7560837797471496,7.560837797471496,1.243864407546098,1729812858.6998355
0.7744286821615045,7.744286821615045,1.2507859582833851,1729812858.709633
0.7928756087668912,7.928756087668912,1.2577421373169648,1729812858.7196016
0.8114250693407822,8.114250693407822,1.264733073826489,1729812858.7296402
0.8300775755548744,8.300775755548743,1.2717588969633407,1729812858.739659
0.8488336409745705,8.488336409745704,1.2788197358435194,1729812858.7497175
0.8676937810583536,8.676937810583535,1.285915719540394,1729812858.7597535
0.8866585131570549,8.866585131570549,1.2930469770774145,1729812858.7696855
0.9057283565130134,9.057283565130135,1.3002136374207214,1729812858.7795875
0.924903832259125,9.24903832259125,1.307415829471633,1729812858.7895517
0.9441854634177818,9.441854634177817,1.3146536820591392,1729812858.7997136
0.9635737748996983,9.635737748996982,1.3219273239322091,1729812858.8097196
0.9830692935026248,9.83069293502625,1.3292368837520718,1729812858.8196764
1.0026725479099459,10.026725479099458,1.336582490084408,1729812858.8296554
1.0223840686891625,10.223840686891625,1.3439642713914277,1729812858.8397894
1.0422043882902579,10.422043882902578,1.3513823560238722,1729812858.8497188
1.0621340410439437,10.621340410439437,1.358836872212963,1729812858.8597405
1.0821735631597875,10.821735631597875,1.366327948062192,1729812858.8697317
1.102323492724218,11.02323492724218,1.3738557115390946,1729812858.879718
1.1225843696984088,11.225843696984088,1.3814202904668966,1729812858.8897672
1.1429567359160382,11.429567359160382,1.3890218125160607,1729812858.8997362
1.1634411350809233,11.634411350809232,1.3966604051957936,1729812858.9098258
1.1840381127645292,11.840381127645292,1.4043361958454148,1729812858.9198828
1.2047482164033492,12.047482164033491,1.4120493116256525,1729812858.9296844
1.2255719952961566,12.255719952961567,1.4197998795098683,1729812858.9397986
1.2465100006011263,12.465100006011262,1.4275880262751524,1729812858.949791
1.2675627853328248,12.675627853328248,1.4354138784933652,1729812858.9597328
1.2887309043590673,12.887309043590673,1.443277562522073,1729812858.9697652
1.3100149143976396,13.100149143976395,1.4511792044953782,1729812858.9795527
1.3314153740128862,13.314153740128862,1.459118930314696,1729812858.9895437
1.3529328436121597,13.529328436121597,1.467096865639403,1729812858.999685
1.374567885442133,13.74567885442133,1.4751131358774123,1729812859.0097232
1.3963210635849714,13.963210635849714,1.483167866175648,1729812859.0196733
1.418192943954364,14.181929439543639,1.491261181410445,1729812859.029647
1.4401840942914121,14.401840942914122,1.4993932061778241,1729812859.0397048
1.4622950841603755,14.622950841603755,1.5075640647837143,1729812859.049657
1.484526484944271,14.84526484944271,1.5157738812340518,1729812859.059671
1.5068788698403273,15.068788698403273,1.5240227792247985,1729812859.069821
1.5293528138552908,15.293528138552908,1.53231088213187,1729812859.079566
1.551948893800582,15.519488938005821,1.54063831300097,1729812859.0895863
1.5746676882873023,15.746676882873023,1.549005194537306,1729812859.0996017
1.597509777721088,15.97509777721088,1.5574116490952732,1729812859.109668
1.6204757442968116,16.204757442968116,1.5658577986679698,1729812859.1196887
1.6435661719931285,16.435661719931286,1.5743437648766831,1729812859.1297002
1.6667816465668677,16.667816465668675,1.5828696689602348,1729812859.1396983
1.6901227555472647,16.901227555472648,1.5914356317642624,1729812859.1496627
1.7135900882300363,17.135900882300362,1.6000417737304011,1729812859.159593
1.7371842356712952,17.371842356712953,1.608688214885349,1729812859.169657
1.7609057906813026,17.609057906813025,1.617375074829885,1729812859.179561
1.7847553478180587,17.847553478180586,1.6261024727277458,1729812859.1895468
1.8087335033807281,18.087335033807282,1.63487052729444,1729812859.1995714
1.8328408554029005,18.328408554029004,1.6436793567859467,1729812859.2096598
1.8570780036456844,18.570780036456846,1.6525290789873597,1729812859.2196038
1.8814455495906315,18.814455495906316,1.6614198112013638,1729812859.2295992
1.9059440964324923,19.059440964324924,1.670351670236721,1729812859.239601
1.9305742490718008,19.305742490718007,1.6793247723965545,1729812859.249616
1.9553366141072859,19.553366141072857,1.688339233466635,1729812859.2596152
1.9802317998281096,19.802317998281097,1.6973951687035025,1729812859.2697368
2.00526041620593,20.0526041620593,1.706492692822541,1729812859.279582
2.0304230748867877,20.304230748867877,1.7156319199859307,1729812859.2895958
2.0557203891828144,20.557203891828145,1.724812963790526,1729812859.299601
2.0811529740637615,20.811529740637617,1.734035937255642,1729812859.3096132
2.1067214461483506,21.067214461483506,1.743300952810729,1729812859.3196106
2.1324264236954384,21.324264236954384,1.7526081222829872,1729812859.3295617
2.1582685265950015,21.582685265950015,1.7619575568848354,1729812859.3395655
2.184248376358934,21.84248376358934,1.7713493672013718,1729812859.3496084
2.210366596111662,22.10366596111662,1.7807836631776648,1729812859.3597002
2.236623810580568,22.366238105805678,1.7902605541059766,1729812859.3696752
2.263020646086229,22.63020646086229,1.7997801486129261,1729812859.3795404
2.2895577305324633,22.895577305324633,1.8093425546465354,1729812859.3897529
2.3162356933961856,23.162356933961856,1.8189478794631664,1729812859.3996627
2.3430551657170713,23.430551657170714,1.8285962296144223,1729812859.4096856
2.3700167800870258,23.700167800870258,1.838287710933915,1729812859.4196517
2.397121170639458,23.97121170639458,1.8480224285239433,1729812859.4296606
2.4243689730383586,24.243689730383586,1.857800486742121,1729812859.4396007
2.4517608244671805,24.517608244671806,1.8676219891878865,1729812859.449621
2.4792973636175195,24.792973636175194,1.8774870386889257,1729812859.459665
2.506979230677594,25.06979230677594,1.8873957372875103,1729812859.469707
2.5348070673205263,25.348070673205264,1.897348186226775,1729812859.479565
2.5627815166924166,25.627815166924165,1.9073444859368638,1729812859.4896002
2.590903223400216,25.90903223400216,1.917384736021027,1729812859.4996126
2.6191728334993947,26.191728334993947,1.9274690352416317,1729812859.5097287
2.6475909944813996,26.475909944813996,1.9375974815060455,1729812859.5196157
2.6761583552609087,26.76158355260909,1.9477701718525142,1729812859.5296788
2.7048755661628747,27.048755661628746,1.957987202435866,1729812859.5396183
2.7337432789093574,27.337432789093576,1.9682486685132186,1729812859.549634
2.7627621466061463,27.627621466061463,1.9785546644295429,1729812859.5596592
2.791932823729169,27.91932823729169,1.9889052836031769,1729812859.5698085
2.8212559661106877,28.212559661106877,1.9993006185112487,1729812859.5796437
2.85073223092528,28.5073223092528,2.0097407606750255,1729812859.5896482
2.8803622766756027,28.80362276675603,2.0202258006451905,1729812859.5997343
2.91014676317794,29.1014676317794,2.0307558279870217,1729812859.6096458
2.940086351547532,29.40086351547532,2.0413309312655055,1729812859.6195552
2.9701817041836844,29.701817041836843,2.0519511980303924,1729812859.6296647
3.0004334847546583,30.004334847546584,2.0626167148011354,1729812859.63957
3.030842358182337,30.30842358182337,2.073327567051803,1729812859.6497185
3.0614089906266715,30.614089906266713,2.0840838391958996,1729812859.6596012
3.0921340494699012,30.921340494699013,2.0948856145710706,1729812859.6699424
3.12301820330055,31.230182033005498,2.1057329754238245,1729812859.6795712
3.154062121897197,31.54062121897197,2.116626002894104,1729812859.689557
3.1852664762120204,31.852664762120206,2.1275647769998485,1729812859.699713
3.216631938354114,32.166319383541136,2.1385493766214245,1729812859.7096694
3.2481591815725723,32.48159181572572,2.149579879486056,1729812859.7195346
3.2798488802393493,32.79848880239349,2.1606563621521544,1729812859.7296674
3.311701709831885,33.117017098318854,2.171778899993565,1729812859.739756
3.3437183469155,33.437183469155,2.1829475671838128,1729812859.749663
3.3758994691255575,33.75899469125557,2.1941624366802084,1729812859.7595768
3.4082457551493937,34.08245755149394,2.205423580207959,1729812859.7696254
3.4407578847080105,34.4075788470801,2.2167310682441754,1729812859.7795885
3.4734365385375363,34.73436538537536,2.2280849700018392,1729812859.7895985
3.5062823983704496,35.0628239837045,2.2394853534137353,1729812859.7997758
3.5392961469165645,35.39296146916564,2.2509322851162596,1729812859.809594
3.57247846784378,35.7247846784378,2.2624258304332705,1729812859.8196177
3.605830045758592,36.05830045758592,2.2739660533597887,1729812859.8296423
3.639351566186363,36.39351566186363,2.2855530165457245,1729812859.8396432
3.6730437155513553,36.730437155513556,2.297186781279503,1729812859.849688
3.70690718115652,37.0690718115652,2.30886740747168,1729812859.859578
3.7409426511630497,37.4094265116305,2.320594953638467,1729812859.8696413
3.775150814569683,37.75150814569683,2.3323694768852543,1729812859.8796825
3.8095323611917715,38.09532361191771,2.344191032890071,1729812859.8896365
3.8440879816401035,38.440879816401036,2.3560596758869923,1729812859.8996034
3.8788183672994787,38.78818367299479,2.367975458649535,1729812859.909652
3.913724210307045,39.13724210307045,2.3799384324739807,1729812859.9195838
3.9488062035303857,39.488062035303855,2.3919486471626903,1729812859.9295607
3.9840650405453655,39.84065040545366,2.4040061510073687,1729812859.9396503
4.019501415613726,40.195014156137255,2.4161109907722937,1729812859.9496562
4.055116023660436,40.55116023660436,2.4282632116775296,1729812859.9596634
4.090909560250802,40.90909560250802,2.440462857382087,1729812859.9696124
4.126882721567318,41.268827215673184,2.45270996996709,1729812859.9796329
4.163036204386281,41.63036204386281,2.4650045899188604,1729812859.9898527
4.19937070605415,41.9937070605415,2.4773467561120586,1729812859.9996383
4.23588692446366,42.3588692446366,2.489736505792709,1729812860.0096915
4.2725855580296885,42.72585558029689,2.502173874561288,1729812860.019683
4.309467305664869,43.09467305664869,2.5146588963557526,1729812860.0296273
4.346532866754963,43.46532866754963,2.5271916034345394,1729812860.039663
4.383782941133971,43.83782941133971,2.539772026359596,1729812860.0496178
4.421218229059008,44.21218229059008,2.5524001939793677,1729812860.0595815
4.458839431184918,44.588394311849186,2.5650761334117607,1729812860.0696697
4.496647248538645,44.96647248538645,2.577799870027151,1729812860.0796266
4.534642382493352,45.346423824933524,2.5905714274313403,1729812860.0895867
4.572825534742291,45.728255347422916,2.6033908274485147,1729812860.0997822
4.611197407272423,46.11197407272422,2.616258090104228,1729812860.1096878
4.649758702337786,46.49758702337786,2.629173233608372,1729812860.1196277
4.688510122432621,46.88510122432621,2.6421362743381374,1729812860.1295638
4.727452370264237,47.27452370264237,2.655147226821003,1729812860.139708
4.766586148725634,47.665861487256336,2.6682061037177287,1729812860.1497014
4.805912160867876,48.05912160867876,2.6813129158053477,1729812860.1594636
4.845431109872214,48.454311098722144,2.6944676719601746,1729812860.1696975
4.885143699021959,48.85143699021959,2.7076703791408536,1729812860.1795254
4.925050631674107,49.250506316741074,2.7209210423713963,1729812860.1897905
4.965152611230718,49.65152611230718,2.7342196647242596,1729812860.1997612
5.005450341110043,50.05450341110043,2.747566247303421,1729812860.2095454
5.045944524717407,50.45944524717407,2.7609607892275263,1729812860.2196329
5.086635865415841,50.866358654158404,2.7744032876130214,1729812860.229676
5.127525066496473,51.27525066496473,2.7878937375573423,1729812860.2397492
5.1686128311486685,51.686128311486684,2.80143213212213,1729812860.2495863
5.209899862429926,52.098998624299256,2.8150184623164827,1729812860.2596493
5.251386863235527,52.51386863235527,2.8286527170802604,1729812860.269735
5.2930745362679446,52.930745362679446,2.8423348832674047,1729812860.2796588
5.334963584006006,53.34963584006006,2.856064945629337,1729812860.2896595
5.377054708673812,53.77054708673812,2.8698428867983883,1729812860.2997901
5.419348612209414,54.19348612209414,2.8836686872712742,1729812860.3096616
5.461845996233251,54.61845996233251,2.8975423253926453,1729812860.319753
5.504547562016344,55.045475620163444,2.91146377733867,1729812860.3296106
5.547454010448255,55.47454010448255,2.9254330171007035,1729812860.3396819
5.5905660420048005,55.90566042004801,2.939450016468998,1729812860.3495867
5.633884356715534,56.33884356715534,2.953514745016498,1729812860.3596175
5.677409654130986,56.77409654130986,2.9676271700826846,1729812860.3699124
5.721142633289671,57.21142633289671,2.9817872567575123,1729812860.3796964
5.765083992684862,57.65083992684862,2.9959949678654056,1729812860.3895698
5.809234430231128,58.09234430231128,3.01025026394935,1729812860.399675
5.853594643230639,58.53594643230639,3.0245531032550583,1729812860.409728
5.8981653283392435,58.98165328339243,3.03890344171521,1729812860.4195442
5.942947181532314,59.42947181532314,3.0533012329338036,1729812860.4296978
5.987940898070363,59.87940898070363,3.0677464281705746,1729812860.4397128
6.033147172464437,60.33147172464437,3.0822389763255296,1729812860.4496233
6.078566698441277,60.78566698441277,3.096778823923571,1729812860.4597213
6.124200168908263,61.24200168908263,3.111365915099215,1729812860.4699852
6.17004827591813,61.7004827591813,3.1260001915814306,1729812860.4796083
6.216111710633468,62.161117106334686,3.1406815926785776,1729812860.48957
6.262391163291,62.62391163291,3.1554100552634456,1729812860.499661
6.308887323165641,63.088873231656414,3.170185513758438,1729812860.5096776
6.355600878534344,63.55600878534344,3.1850079001208447,1729812860.5196307
6.40253251663973,64.0253251663973,3.1998771438282527,1729812860.5295684
6.4496829236535085,64.49682923653509,3.2147931718640668,1729812860.5399623
6.497052784639686,64.97052784639686,3.2297559087031966,1729812860.549598
6.544642783517563,65.44642783517563,3.244765276297819,1729812860.5596662
6.5924536030245315,65.92453603024532,3.25982119406332,1729812860.5696492
6.640485924678662,66.40485924678661,3.274923578864383,1729812860.5795572
6.68874042874109,66.8874042874109,3.2900723450011564,1729812860.5896144
6.737217794178206,67.37217794178206,3.3052674041956585,1729812860.5996985
6.785918698623643,67.85918698623644,3.320508665578257,1729812860.6097393
6.834843818340068,68.34843818340067,3.335796035674337,1729812860.619727
6.883993828180785,68.83993828180785,3.3511294183911224,1729812860.629704
6.933369401551143,69.33369401551144,3.3665087150046697,1729812860.6397455
6.98297121036976,69.8297121036976,3.3819338241469805,1729812860.6497009
7.0327999250295505,70.3279992502955,3.397404641793353,1729812860.6597192
7.082856214358584,70.82856214358584,3.4129210612498473,1729812860.6697054
7.13314074558075,71.3314074558075,3.428482973140945,1729812860.6796262
7.1836541842762545,71.83654184276254,3.444090265397399,1729812860.6896148
7.234397194341931,72.34397194341932,3.459742823244255,1729812860.699661
7.285370437951388,72.85370437951389,3.4754405291890644,1729812860.709651
7.336574575514981,73.36574575514982,3.4911832630102677,1729812860.719649
7.3880102656396165,73.88010265639616,3.5069709017458286,1729812860.7295852
7.439678165088396,74.39678165088397,3.522803319681979,1729812860.739684
7.491578928740095,74.91578928740095,3.5386803883422515,1729812860.749683
7.543713209548486,75.43713209548486,3.5546019764766714,1729812860.759541
7.5960816585015,75.96081658501501,3.570567950051148,1729812860.769726
7.648684924580251,76.4868492458025,3.5865781722371195,1729812860.7796218
7.701523654717888,77.01523654717887,3.602632503401377,1729812860.789593
7.7545984937583246,77.54598493758324,3.618730801096133,1729812860.7996075
7.807910084414812,78.07910084414812,3.6348729200492973,1729812860.8096464
7.861459067228376,78.61459067228375,3.6510587121549984,1729812860.8196077
7.91524608052612,79.1524608052612,3.6672880264643095,1729812860.829524
7.969271760379395,79.69271760379395,3.6835607091762355,1729812860.8396547
8.02353674056184,80.23536740561839,3.6998766036289443,1729812860.8496766
8.078041652507295,80.78041652507295,3.716235550291192,1729812860.8597255
8.132787125267601,81.327871252676,3.7326373867540625,1729812860.870001
8.187773785470268,81.87773785470269,3.749081947722899,1729812860.8795989
8.243002257276043,82.43002257276044,3.7655690650095326,1729812860.88955
8.298473162336357,82.98473162336357,3.782098567524732,1729812860.8997424
8.354187119750673,83.54187119750674,3.798670281270946,1729812860.9095376
8.410144746023725,84.10144746023725,3.8152840293352823,1729812860.919622
8.46634665502266,84.6634665502266,3.831939631882785,1729812860.929598
8.522793457934089,85.22793457934088,3.848636906149961,1729812860.9396942
8.579485763221044,85.79485763221044,3.865375666438575,1729812860.9497197
8.636424176579844,86.36424176579844,3.882155724109769,1729812860.9595451
8.69360930089689,86.9360930089689,3.8989768875784043,1729812860.9696336
8.75104173620537,87.51041736205369,3.915838962307728,1729812860.979643
8.80872207964189,88.0872207964189,3.932741750804333,1729812860.9896324
8.866650925403055,88.66650925403056,3.94968505261339,1729812860.9996848
8.924828864701952,89.24828864701952,3.9666686643141733,1729812861.0095615
8.9832564857246,89.83256485724598,3.9836923795159307,1729812861.0196424
9.041934373586324,90.41934373586324,4.000755988853994,1729812861.0296357
9.100863110288099,91.008631102881,4.017859279986251,1729812861.0396612
9.16004327467282,91.60043274672819,4.0350020375898925,1729812861.049668
9.219475442381546,92.19475442381545,4.052184043358498,1729812861.0595758
9.279160185809706,92.79160185809707,4.069405075999432,1729812861.0701277
9.339098074063266,93.39098074063266,4.086664911231534,1729812861.0795817
9.399289672914863,93.99289672914863,4.103963321783189,1729812861.0896022
9.459735544759928,94.59735544759928,4.121300077390671,1729812861.0996919
9.52043624857278,95.2043624857278,4.13867494479684,1729812861.1096961
9.581392339862706,95.81392339862705,4.156087687750183,1729812861.1196342
9.642604370630036,96.42604370630036,4.173538067004172,1729812861.1296353
9.704072889322212,97.04072889322212,4.19102584031697,1729812861.1398096
9.76579844078986,97.6579844078986,4.208550762451484,1729812861.1496024
9.827781566242857,98.27781566242857,4.226112585175761,1729812861.1596353
9.890022803206428,98.90022803206428,4.243711057263734,1729812861.1697342
9.952522685477238,99.52522685477237,4.261345924496313,1729812861.1795638
10.015281743079523,100.15281743079524,4.279016929662852,1729812861.1896517
10.07830050222124,100.7830050222124,4.29672381256294,1729812861.199983
10.141579485250242,101.41579485250242,4.314466310008575,1729812861.209505
10.205119210610505,102.05119210610505,4.332244155826716,1729812861.2196832
10.268920192798387,102.68920192798387,4.350057080862165,1729812861.229694
10.332982942318933,103.32982942318934,4.367904812980839,1729812861.2398403
10.397307965642247,103.97307965642247,4.385787077073418,1729812861.2496607
10.461895765159904,104.61895765159903,4.4037035950593495,1729812861.2596104
10.526746839141445,105.26746839141445,4.421654085891253,1729812861.2697086
10.59186168169093,105.91861681690929,4.439638265559667,1729812861.2796566
10.657240782703564,106.57240782703565,4.457655847098222,1729812861.28962
10.722884627822424,107.22884627822424,4.475706540589169,1729812861.2997193
10.788793698395242,107.88793698395241,4.493790053169294,1729812861.309683
10.85496847143131,108.54968471431309,4.511906089036231,1729812861.3196526
10.921409419558463,109.21409419558464,4.5300543494551615,1729812861.329582
10.988117010980181,109.88117010980181,4.548234532765909,1729812861.339664
11.055091709432785,110.55091709432786,4.566446334390413,1729812861.3497407
11.122333974142762,111.22333974142762,4.584689446840624,1729812861.359647
11.189844259784207,111.89844259784208,4.602963559726774,1729812861.3696785
11.257623016436389,112.57623016436389,4.621268359766068,1729812861.379623
11.325670689541452,113.25670689541452,4.639603530791749,1729812861.3896565
11.393987719862261,113.93987719862261,4.657968753762612,1729812861.399639
11.462574543440386,114.62574543440385,4.676363706772856,1729812861.4097795
11.531431591554236,115.31431591554237,4.694788065062413,1729812861.4196782
11.600559290677358,116.00559290677359,4.71324150102765,1729812861.4296825
11.66995806243689,116.6995806243689,4.7317236842324615,1729812861.4396482
11.739628323572191,117.39628323572191,4.750234281419827,1729812861.4497147
11.809570485893637,118.09570485893637,4.7687729565237245,1729812861.459586
11.879784956241611,118.7978495624161,4.78733937068149,1729812861.4697213
11.950272136445667,119.50272136445668,4.805933182246594,1729812861.479564
12.021032423283895,120.21032423283896,4.824554046801804,1729812861.4895773
12.092066208442484,120.92066208442483,4.843201617172799,1729812861.4996862
12.163373878475486,121.63373878475485,4.861875543442165,1729812861.5097485
12.234955814764804,122.34955814764804,4.880575472963846,1729812861.5196452
12.306812393480383,123.06812393480384,4.899301050377993,1729812861.5296636
12.378943985540632,123.78943985540631,4.918051917626222,1729812861.5396168
12.451350956573076,124.51350956573077,4.936827713967311,1729812861.5496495
12.524033666875248,125.24033666875248,4.955628075993317,1729812861.5596437
12.596992471375811,125.96992471375812,4.974452637646094,1729812861.5696225
12.670227719595948,126.70227719595948,4.993301030234246,1729812861.5796442
12.743739755610985,127.43739755610986,5.012172882450518,1729812861.5895665
12.817528918012293,128.17528918012295,5.0310678203895645,1729812861.599617
12.891595539869446,128.91595539869445,5.04998546756617,1729812861.609585
12.965939948692657,129.6593994869266,5.068925444933889,1729812861.619662
13.040562466395496,130.40562466395497,5.0878873709041095,1729812861.629611
13.115463409257885,131.15463409257885,5.106870861365497,1729812861.6396773
13.190643087889393,131.90643087889393,5.125875529703929,1729812861.649695
13.266101807192827,132.66101807192828,5.144900986822785,1729812861.659675
13.341839866328122,133.4183986632812,5.163946841163678,1729812861.6698868
13.41785755867655,134.1785755867655,5.183012698727625,1729812861.6796815
13.49415517180524,134.94155171805238,5.202098163096599,1729812861.6896596
13.570732987432015,135.70732987432015,5.221202835455518,1729812861.6997423
13.647591281390573,136.47591281390572,5.240326314614652,1729812861.7096553
13.724730323595988,137.2473032359599,5.2594681970324295,1729812861.7197049
13.802150378010557,138.02150378010558,5.278628076838663,1729812861.729676
13.879851702609995,138.79851702609994,5.297805545858203,1729812861.7395976
13.957834549349982,139.57834549349982,5.317000193634984,1729812861.7495437
14.036099164133065,140.36099164133066,5.33621160745647,1729812861.759556
14.11464578677593,141.1464578677593,5.355439372378534,1729812861.7698028
14.193474650977043,141.93474650977043,5.374683071250736,1729812861.7796066
14.27258598428467,142.7258598428467,5.393942284741987,1729812861.7896023
14.351980008065267,143.51980008065266,5.413216591366638,1729812861.7996063
14.43165693747228,144.3165693747228,5.432505567510946,1729812861.8097005
14.511616981415319,145.11616981415318,5.451808787459969,1729812861.8196054
14.591860342529744,145.91860342529745,5.471125823424828,1729812861.8296013
14.672387217146651,146.72387217146652,5.4904562455703765,1729812861.8396537
14.753197795263274,147.53197795263273,5.509799622043261,1729812861.8497245
14.834292260513797,148.34292260513797,5.52915551900036,1729812861.8595817
14.915670790140599,149.15670790140598,5.5485235006376215,1729812861.8697069
14.99733355496592,149.9733355496592,5.567903129219289,1729812861.8796747
15.079280719363961,150.79280719363962,5.587293965107481,1729812861.889633
15.161512441233432,151.61512441233432,5.606695566792178,1729812861.8997014
15.244028871970531,152.4402887197053,5.626107490921562,1729812861.9099267
15.326830156442389,153.2683015644239,5.645529292332755,1729812861.9196415
15.409916432960955,154.09916432960955,5.664960524082888,1729812861.929621
15.49328783325736,154.9328783325736,5.684400737480569,1729812861.9397552
15.576944482456735,155.76944482456736,5.70384948211769,1729812861.9495707
15.660886499053502,156.608864990535,5.723306305901616,1729812861.9596503
15.745113994887147,157.45113994887146,5.742770755087692,1729812861.9696202
15.82962707511847,158.2962707511847,5.7622423743121445,1729812861.9795673
15.91442583820633,159.1442583820633,5.781720706625293,1729812861.989676
15.999510375884876,159.99510375884876,5.801205293525131,1729812861.9996114
16.08488077314127,160.84880773141268,5.82069567499123,1729812862.010119
16.170537108193926,161.70537108193926,5.8401913895189725,1729812862.0195687
16.256479452471254,162.56479452471254,5.859691974154153,1729812862.029573
16.342707870590896,163.42707870590897,5.87919696452785,1729812862.0396414
16.429222420339503,164.29222420339502,5.89870589489167,1729812862.0496006
16.516023152653027,165.16023152653025,5.918218298153276,1729812862.059609
16.60311011159753,166.0311011159753,5.937733705912249,1729812862.069724
16.69048333435053,166.90483334350532,5.95725164849625,1729812862.07959
16.77814285118288,167.7814285118288,5.976771654997469,1729812862.0896096
16.866088685441195,168.66088685441196,5.996293253309409,1729812862.099638
16.9543208535308,169.543208535308,6.015815970163938,1729812862.1100867
17.04283936489925,170.4283936489925,6.035339331168627,1729812862.119614
17.131644222020398,171.31644222020398,6.054862860844384,1729812862.129671
17.220735420378997,172.20735420378998,6.074386082663366,1729812862.1396778
17.31011294845589,173.10112948455892,6.093908519087151,1729812862.1496274
17.39977678771376,173.9977678771376,6.113429691605184,1729812862.1595302
17.489726912583407,174.89726912583407,6.132949120773496,1729812862.1697953
17.57996329045067,175.79963290450672,6.152466326253661,1729812862.1798453
17.670485881643863,176.70485881643862,6.171980826852014,1729812862.1895726
17.761294639421802,177.61294639421803,6.1914921405591095,1729812862.1995933
17.85238950996244,178.52389509962438,6.210999784589433,1729812862.2097359
17.94377043235206,179.43770432352062,6.230503275421304,1729812862.219598
18.035437338575075,180.35437338575076,6.250002128837073,1729812862.2297485
18.1273901535044,181.273901535044,6.26949585996347,1729812862.240336
18.219628794892447,182.19628794892446,6.288983983312217,1729812862.2497592
18.312153173362688,183.12153173362688,6.308466012820833,1729812862.2595396
18.404963192401844,184.04963192401846,6.327941461893625,1729812862.2697556
18.49805874835267,184.98058748352668,6.347409843442895,1729812862.279639
18.591439730407338,185.91439730407336,6.3668706699303375,1729812862.289624
18.685106020601445,186.85106020601444,6.386323453408615,1729812862.2999556
18.779057493808626,187.79057493808625,6.4057677055630915,1729812862.3097153
18.87329401773578,188.73294017735782,6.425202937753765,1729812862.3195856
18.96781545291891,189.6781545291891,6.444628661057349,1729812862.3295767
19.062621652719596,190.62621652719596,6.464044386309498,1729812862.339404
19.157712463322074,191.57712463322073,6.483449624147216,1729812862.3498375
19.253087723730957,192.53087723730957,6.502843885051368,1729812862.3597157
19.348747265769557,193.48747265769558,6.522226679389355,1729812862.3699055
19.44469091407886,194.4469091407886,6.5415975174579035,1729812862.379714
19.540918486117103,195.40918486117104,6.560955909525978,1729812862.389557
19.637429792160024,196.37429792160023,6.580301365877812,1729812862.3999062
19.734224635301693,197.34224635301695,6.599633396856047,1729812862.409722
19.831302811456016,198.31302811456015,6.618951512904973,1729812862.4196098
19.92866410935886,199.2866410935886,6.638255224613824,1729812862.4298043
20.026308310570812,200.26308310570812,6.657544042760243,1729812862.4398735
20.124235189480583,201.24235189480584,6.67681747835373,1729812862.4496274
20.222444513309046,202.22444513309046,6.696075042679222,1729812862.459611
20.320936042113917,203.20936042113917,6.715316247340716,1729812862.4695232
20.419709528795078,204.1970952879508,6.734540604304945,1729812862.4799557
20.518764719100528,205.18764719100528,6.7537476259451115,1729812862.4895906
20.618101351632998,206.18101351632998,6.772936825084647,1729812862.501354
20.71771915785719,207.1771915785719,6.792107715041022,1729812862.5097578
20.81761786210767,208.1761786210767,6.8112598096695685,1729812862.519634
20.9177971815974,209.177971815974,6.830392623407327,1729812862.5296504
21.018256826426903,210.18256826426904,6.849505671316896,1729812862.5396507
21.118996499594097,211.18996499594095,6.8685984691302995,1729812862.5498412
21.220015897004743,212.20015897004743,6.887670533292818,1729812862.559665
21.321314707483555,213.21314707483555,6.906721381006854,1729812862.5697138
21.42289261278595,214.2289261278595,6.9257505302757245,1729812862.5796766
21.52474928761043,215.2474928761043,6.944757499947469,1729812862.589621
21.626884399611615,216.26884399611615,6.9637418097586,1729812862.5996227
21.729297609413923,217.29297609413922,6.982702980377798,1729812862.6096735
21.831988570625867,218.31988570625867,7.001640533449587,1729812862.619676
21.934956929855023,219.34956929855022,7.020553991637927,1729812862.629675
22.03820232672361,220.3820232672361,7.039442878669737,1729812862.6396377
22.141724393884715,221.41724393884715,7.058306719378368,1729812862.6496446
22.245522757039172,222.4552275703917,7.077145039746965,1729812862.6596272
22.349597034953042,223.4959703495304,7.095957366951744,1729812862.6696408
22.45394683947576,224.5394683947576,7.114743229405201,1729812862.679588
22.558571775558885,225.58571775558886,7.133502156799169,1729812862.6896167
22.663471441275508,226.63471441275507,7.152233680147788,1729812862.6997576
22.768645427840266,227.68645427840266,7.170937331830357,1729812862.709668
22.874093319629985,228.74093319629986,7.18961264563405,1729812862.7196043
22.979814694204972,229.79814694204973,7.208259156796485,1729812862.7296634
23.085809122330893,230.85809122330892,7.226876402048163,1729812862.7396553
23.192076168001293,231.92076168001293,7.245463919654757,1729812862.7496758
23.298615388460735,232.98615388460735,7.2640212494592316,1729812862.7596745
23.405426334228547,234.05426334228548,7.282547932923791,1729812862.7695923
23.512508549123183,235.12508549123183,7.3010435131716775,1729812862.7797437
23.61986157028719,236.19861570287188,7.31950753502875,1729812862.7895815
23.727484928212792,237.27484928212792,7.337939545064916,1729812862.7996254
23.83537814676808,238.3537814676808,7.356339091635332,1729812862.8096938
23.943540743223785,239.43540743223787,7.374705724921414,1729812862.8195896
24.05197222828067,240.5197222828067,7.393038996971633,1729812862.8296208
24.1606721060975,241.60672106097502,7.411338461742096,1729812862.8395932
24.26963987431963,242.6963987431963,7.4296036751368995,1729812862.8495724
24.378875024108144,243.78875024108143,7.447834195048246,1729812862.8596067
24.48837704016961,244.8837704016961,7.466029581396317,1729812862.8696346
24.5981454007864,245.981454007864,7.48418939616891,1729812862.8795893
24.7081795778476,247.081795778476,7.502313203460808,1729812862.8895853
24.818479036880472,248.18479036880473,7.520400569512903,1729812862.8997571
24.92904323708252,249.29043237082522,7.538451062751019,1729812862.9097245
25.03987163135409,250.3987163135409,7.556464253824503,1729812862.9195437
25.15096366633153,251.50963666331532,7.574439715644505,1729812862.9296145
25.262318782420955,252.62318782420954,7.592377023421969,1729812862.9395955
25.373936413832492,253.73936413832493,7.61027575470534,1729812862.9495947
25.48581598861514,254.8581598861514,7.628135489417964,1729812862.9597077
25.59795692869213,255.9795692869213,7.645955809895172,1729812862.9696681
25.71035864989685,257.1035864989685,7.663736300921057,1729812862.9795866
25.823020562009287,258.2302056200929,7.681476549764936,1729812862.9897132
25.935942068793015,259.35942068793014,7.6991761462174555,1729812862.9996066
26.04912256803269,260.4912256803269,7.7168346826263985,1729812863.0096397
26.162561451572085,261.6256145157208,7.734451753932129,1729812863.0196424
26.27625810535262,262.7625810535262,7.752026957702686,1729812863.0296304
26.39021190945242,263.9021190945242,7.769559894168543,1729812863.0396836
26.504422238125862,265.04422238125863,7.787050166257,1729812863.0496178
26.618888459843625,266.18888459843623,7.804497379626204,1729812863.0596108
26.733609937333245,267.33609937333244,7.821901142698806,1729812863.0695899
26.848586027620144,268.48586027620144,7.8392610666952525,1729812863.0796125
26.963816082069147,269.6381608206915,7.85657676566667,1729812863.089655
27.07929944642648,270.7929944642648,7.873847856527389,1729812863.0997899
27.195035460862222,271.9503546086222,7.891073959087057,1729812863.109674
27.311023460013253,273.1102346001325,7.908254696082372,1729812863.1196709
27.427262773026634,274.2726277302663,7.925389693208386,1729812863.1296742
27.543752723603443,275.43752723603444,7.942478579149439,1729812863.1395905
27.660492630043084,276.60492630043086,7.959520985609643,1729812863.149726
27.777481805287998,277.77481805288,7.976516547342964,1729812863.1595972
27.894719556968845,278.94719556968846,7.9934649021829,1729812863.169699
28.012205187450085,280.12205187450087,8.010365691071692,1729812863.179619
28.129937993876013,281.2993799387601,8.027218558089139,1729812863.1895905
28.247917268217172,282.47917268217174,8.044023150480962,1729812863.199716
28.366142297317214,283.66142297317214,8.06077911868673,1729812863.2096438
28.48461236294014,284.8461236294014,8.077486116367329,1729812863.2196348
28.603326741817938,286.0332674181794,8.094143800432015,1729812863.2296395
28.72228470569862,287.2228470569862,8.110751831064974,1729812863.2396476
28.841485521394638,288.4148552139464,8.127309871751454,1729812863.2496705
28.960928450831673,289.6092845083167,8.143817589303426,1729812863.2596369
29.080612751097807,290.80612751097806,8.160274653884782,1729812863.2696333
29.200537674493027,292.0053767449303,8.176680739036065,1729812863.2796474
29.320702468579125,293.2070246857912,8.19303552169873,1729812863.2895837
29.441106376229918,294.4110637622992,8.20933868223892,1729812863.2996316
29.56174863568182,295.6174863568182,8.225589904470784,1729812863.309656
29.682628480584746,296.8262848058475,8.241788875679301,1729812863.3196325
29.803745140053348,298.0374514005335,8.257935286642617,1729812863.3296504
29.925097838718568,299.2509783871857,8.274028831653903,1729812863.3395731
30.0466857967795,300.466857967795,8.290069208542725,1729812863.3496957
30.168508230055576,301.68508230055573,8.306056118695915,1729812863.3596227
30.290564350039027,302.9056435003903,8.321989267077951,1729812863.369676
30.41285336394765,304.12853363947653,8.337868362250838,1729812863.3797631
30.53537447477786,305.3537447477786,8.353693116393492,1729812863.3895972
30.658126881358005,306.58126881358004,8.369463245320631,1729812863.3996232
30.78110977840197,307.8110977840197,8.385178468501136,1729812863.4098194
30.904322356563032,309.04322356563034,8.40083850907594,1729812863.4196596
31.027763802487975,310.27763802487976,8.416443093875388,1729812863.4295723
31.151433298871435,311.51433298871433,8.431991953436095,1729812863.4395869
31.275330024510517,312.75330024510515,8.447484822017286,1729812863.4497147
31.39945315435961,313.9945315435961,8.462921437616645,1729812863.459736
31.52380185958545,315.2380185958545,8.478301541985635,1729812863.469714
31.648375307622395,316.48375307622393,8.49362488064429,1729812863.4796703
31.773172662227903,317.73172662227904,8.508891202895525,1729812863.4896157
31.898193083538217,318.9819308353822,8.524100261838907,1729812863.4996037
32.02343572812424,320.2343572812424,8.539251814383908,1729812863.5097597
32.148899749047615,321.48899749047615,8.554345621262657,1729812863.5195928
32.274584295916945,322.74584295916947,8.569381447042156,1729812863.529663
32.40048851494424,324.00488514944243,8.584359060135986,1729812863.5397599
32.52661154900148,325.2661154900148,8.59927823281549,1729812863.5500393
32.652952537677336,326.52952537677334,8.614138741220442,1729812863.5596933
32.7795106173341,327.79510617334097,8.628940365369195,1729812863.569625
32.90628492116466,329.0628492116466,8.643682889168295,1729812863.5796037
33.033274579249714,330.3327457924971,8.658366100421604,1729812863.5897021
33.16047871861501,331.60478718615013,8.672989790838878,1729812863.5996382
33.28789646328878,332.8789646328878,8.687553756043844,1729812863.6096423
33.41552693435924,334.1552693435924,8.702057795581734,1729812863.6195989
33.54336925003222,335.4336925003222,8.716501712926341,1729812863.6296716
33.67142252568887,336.71422525688865,8.73088531548652,1729812863.6396608
33.79968587394346,337.99685873943463,8.745208414612186,1729812863.6496
33.928158404701286,339.28158404701287,8.759470825599811,1729812863.6595178
34.05683922521659,340.56839225216595,8.773672367697385,1729812863.6696246
34.185727440150615,341.8572744015062,8.787812864108872,1729812863.6796145
34.314822151629656,343.14822151629653,8.801892141998163,1729812863.6896546
34.444122459303216,344.4412245930322,8.815910032492503,1729812863.6996062
34.57362746040215,345.7362746040215,8.829866370685425,1729812863.7096307
34.70333624979689,347.03336249796894,8.843760995639153,1729812863.719612
34.83324792005568,348.3324792005568,8.857593750386535,1729812863.7296293
34.96336156150284,349.6336156150284,8.871364481932439,1729812863.7396696
35.093676262277015,350.9367626227702,8.885073041254662,1729812863.7496476
35.224191108389455,352.24191108389454,8.89871928330434,1729812863.7597198
35.35490518378231,353.5490518378231,8.912303067005853,1729812863.769676
35.48581757038687,354.8581757038687,8.925824255256234,1729812863.7796352
35.61692734818185,356.16927348181844,8.939282714924106,1729812863.7896338
35.74823359525156,357.48233595251565,8.952678316848088,1729812863.7997885
35.87973538784417,358.7973538784417,8.966010935834754,1729812863.8095434
36.01143180042981,360.1143180042981,8.979280450656075,1729812863.819654
36.14332190575872,361.43321905758717,8.992486744046397,1729812863.829586
36.275404774919295,362.754047749193,9.005629702698927,1729812863.839684
36.40767947739611,364.07679477396107,9.018709217261753,1729812863.8495672
36.54014508112784,365.4014508112784,9.031725182333371,1729812863.8596048
36.67280065256514,366.7280065256514,9.044677496457766,1729812863.8696432
36.80564525672842,368.05645256728417,9.057566062119,1729812863.8796787
36.93867795726556,369.3867795726556,9.070390785735347,1729812863.8898287
37.07189781650953,370.7189781650953,9.08315157765297,1729812863.8996437
37.20530389553585,372.0530389553585,9.095848352139125,1729812863.9097342
37.33889525422005,373.3889525422005,9.108481027374927,1729812863.9196606
37.47267095129493,374.7267095129493,9.121049525447653,1729812863.9296257
37.606630044407744,376.06630044407746,9.133553772342596,1729812863.93968
37.74077159017724,377.4077159017724,9.14599369793449,1729812863.9497578
37.87509464425057,378.75094644250566,9.158369235978473,1729812863.9596314
38.009598261360054,380.09598261360054,9.170680324100628,1729812863.9696586
38.14428149537984,381.44281495379846,9.182926903788093,1729812863.9796698
38.27914339938236,382.7914339938236,9.195108920378729,1729812863.989665
38.41418302569465,384.1418302569465,9.207226323050376,1729812863.9996002
38.54939942595449,385.49399425954493,9.219279064809681,1729812864.009653
38.68479165116644,386.84791651166444,9.23126710248052,1729812864.019609
38.8203587517576,388.203587517576,9.243190396691993,1729812864.0297487
38.95609977763327,389.56099777633267,9.25504891186602,1729812864.0395849
39.09201377823236,390.92013778232354,9.266842616204539,1729812864.0499458
39.228099802582655,392.28099802582653,9.278571481676293,1729812864.059735
39.36435689935588,393.6435689935588,9.290235484003231,1729812864.0696714
39.50078411692252,395.0078411692252,9.301834602646519,1729812864.0796368
39.637380503406426,396.3738050340643,9.313368820792158,1729812864.0900242
39.7741451067393,397.741451067393,9.324838125336234,1729812864.099678
39.9110769747148,399.110769747148,9.336242506869779,1729812864.109747
40.04817515504259,400.48175155042594,9.347581959663273,1729812864.1196332
40.18543869540202,401.8543869540202,9.358856481650768,1729812864.1295962
40.32286664349562,403.2286664349562,9.370066074413666,1729812864.1396224
40.460458047102385,404.60458047102384,9.381210743164115,1729812864.1497178
40.59821195413075,405.9821195413075,9.392290496728087,1729812864.1595457
40.73612741267134,407.3612741267134,9.40330534752808,1729812864.169633
40.874203471049476,408.74203471049475,9.414255311565496,1729812864.1797652
41.0124391778774,410.124391778774,9.42514040840267,1729812864.189601
41.15083358210621,411.5083358210621,9.435960661144582,1729812864.199634
41.28938573307757,412.89385733077575,9.446716096420227,1729812864.2096577
41.42809468057513,414.2809468057513,9.457406744363674,1729812864.219621
41.56695947487561,415.6695947487561,9.468032638594806,1729812864.2297184
41.705979166799665,417.05979166799665,9.478593816199755,1729812864.2396634
41.84515280776244,418.4515280776244,9.48909031771101,1729812864.249577
41.984479449823795,419.84479449823795,9.499522187087258,1729812864.2595983
42.12395814573827,421.2395814573827,9.509889471692896,1729812864.269705
42.263587949004744,422.63587949004744,9.52019222227728,1729812864.2796624
42.40336791391575,424.0336791391575,9.530430492953675,1729812864.2897022
42.543297095606505,425.43297095606505,9.540604341177923,1729812864.299651
42.68337455010363,426.8337455010363,9.550713827726854,1729812864.3096635
42.82359933437352,428.2359933437352,9.56075901667641,1729812864.319571
42.963970506370416,429.6397050637041,9.570739975379514,1729812864.329687
43.10448712508415,431.0448712508415,9.58065677444368,1729812864.3396542
43.24514825058752,432.4514825058752,9.590509487708378,1729812864.3496573
43.385952944083385,433.85952944083385,9.600298192222137,1729812864.359659
43.52690026795137,435.2690026795137,9.610022968219422,1729812864.3695757
43.667989285794256,436.67989285794255,9.619683899097259,1729812864.3795762
43.80921906248403,438.0921906248403,9.629281071391642,1729812864.3896155
43.95058866420757,439.5058866420757,9.638814574753715,1729812864.3999693
44.09209715851197,440.9209715851197,9.648284501925724,1729812864.4096155
44.233743614349514,442.33743614349515,9.657690948716763,1729812864.4195597
44.37552710212233,443.7552710212233,9.6670340139783,1729812864.429548
44.51744669372662,445.1744669372662,9.676313799579525,1729812864.4396117
44.65950146259657,446.59501462596575,9.685530410382462,1729812864.44961
44.80169048374788,448.0169048374788,9.694683954216924,1729812864.459755
44.94401283382091,449.44012833820915,9.703774541855253,1729812864.4696019
45.086467591123466,450.86467591123466,9.712802286986902,1729812864.4795897
45.229053835673206,452.29053835673204,9.721767306192818,1729812864.4898524
45.371770649239686,453.71770649239687,9.73066971891967,1729812864.4997215
45.514617115385995,455.14617115385994,9.739509647453897,1729812864.5095587
45.65759231951004,456.57592319510036,9.74828721689562,1729812864.5196102
45.8006953488854,458.006953488854,9.75700255513236,1729812864.5296066
45.94392529270184,459.4392529270184,9.765655792812646,1729812864.5396001
46.087281242105426,460.8728124210543,9.774247063319452,1729812864.5496423
46.23076229023822,462.30762290238215,9.782776502743506,1729812864.559699
46.37436753227759,463.74367532277586,9.791244249856456,1729812864.5696704
46.51809606547517,465.1809606547517,9.799650446083922,1729812864.5795577
46.661946989195364,466.61946989195366,9.807995235478405,1729812864.589667
46.80591940495347,468.0591940495347,9.816278764692093,1729812864.5997005
46.95001241645344,469.5001241645344,9.82450118294955,1729812864.609676
47.09422512962516,470.9422512962516,9.832662642020289,1729812864.61969
47.23855665266141,472.38556652661407,9.840763296191245,1729812864.6296835
47.38300609605436,473.8300609605436,9.848803302239165,1729812864.6396945
47.5275725726317,475.275725726317,9.856782819402875,1729812864.6496923
47.672255197592314,476.7225519759231,9.864702009355486,1729812864.6594956
47.817053088541606,478.17053088541604,9.872561036176508,1729812864.6696146
47.96196536552636,479.6196536552636,9.880360066323872,1729812864.6796577
48.106991151069224,481.06991151069224,9.888099268605906,1729812864.6896384
48.25212957020276,482.5212957020276,9.895778814153214,1729812864.6996188
48.39737975050312,483.9737975050312,9.903398876390519,1729812864.709696
48.54274082212323,485.42740822123227,9.910959631008415,1729812864.7195594
48.688211917825654,486.8821191782565,9.918461255935101,1729812864.7295735
48.83379217301497,488.3379217301497,9.925903931308032,1729812864.7397225
48.97948072576977,489.7948072576977,9.933287839445551,1729812864.7496538
49.12527671687421,491.25276716874214,9.940613164818465,1729812864.7596245
49.2711792898492,492.71179289849204,9.947880094021597,1729812864.769728
49.41718759098309,494.1718759098309,9.955088815745292,1729812864.7796848
49.56330076936203,495.6330076936203,9.962239520746914,1729812864.7895455
49.70951797689984,497.0951797689984,9.969332401822312,1729812864.799686
49.85583836836749,498.55838368367495,9.976367653777265,1729812864.8097696
50.00226110142219,500.0226110142219,9.983345473398925,1729812864.8196404
50.148785336635996,501.48785336635996,9.990266059427238,1729812864.829661
50.29541023752404,502.9541023752404,9.997129612526376,1729812864.8396928
50.44213497057234,504.4213497057234,10.003936335256151,1729812864.8496304
50.58895870526519,505.8895870526519,10.010686432043448,1729812864.859664
50.73588061411212,507.3588061411212,10.017380109153658,1729812864.8695712
50.882899872674415,508.82899872674415,10.024017574662132,1729812864.8796382
51.03001565959129,510.30015659591294,10.030599038425635,1729812864.889687
51.177227156605575,511.77227156605574,10.037124712053837,1729812864.899651
51.32453354858899,513.2453354858899,10.043594808880826,1729812864.909915
51.471934023567044,514.7193402356704,10.050009543936637,1729812864.919611
51.61942777274349,516.194277727435,10.056369133918825,1729812864.9296908
51.76701399052436,517.6701399052436,10.062673797164072,1729812864.9396384
51.914691874541575,519.1469187454157,10.06892375361983,1729812864.9496763
52.06246062567618,520.6246062567618,10.075119224816012,1729812864.9596064
52.21031944808114,522.1031944808113,10.081260433836727,1729812864.9696648
52.358267549203674,523.5826754920367,10.087347605292067,1729812864.979645
52.50630413980729,525.0630413980729,10.093380965289946,1729812864.9896057
52.6544284339933,526.544284339933,10.099360741407999,1729812864.9997115
52.80263964922197,528.0263964922198,10.105287162665551,1729812865.0095823
52.950937006333255,529.5093700633325,10.111160459495624,1729812865.019664
53.099319729567135,530.9931972956714,10.116980863717046,1729812865.0296314
53.24778704658352,532.4778704658352,10.122748608506612,1729812865.039553
53.396338188481764,533.9633818848176,10.128463928371314,1729812865.0496953
53.54497238981977,535.4497238981977,10.134127059120669,1729812865.059581
53.693688888632686,536.9368888863269,10.139738237839106,1729812865.069663
53.8424869264512,538.424869264512,10.145297702858462,1729812865.0796266
53.99136574831944,539.9136574831944,10.150805693730533,1729812865.0896444
54.14032460281245,541.4032460281245,10.156262451199746,1729812865.0997374
54.2893627420533,542.893627420533,10.161668217175906,1729812865.1096263
54.438479421729774,544.3847942172978,10.167023234707043,1729812865.1196454
54.58767390111067,545.8767390111067,10.172327747952359,1729812865.1296153
54.73694544306168,547.3694544306168,10.177582002155276,1729812865.1396136
54.88629331406093,548.8629331406092,10.18278624361659,1729812865.1496727
55.03571678421408,550.3571678421408,10.187940719667722,1729812865.1595817
55.18521512726905,551.8521512726905,10.193045678644093,1729812865.1698196
55.33478762063036,553.3478762063036,10.198101369858607,1729812865.1795807
55.484433545373065,554.8443354537307,10.203108043575234,1729812865.189656
55.634152186256344,556.3415218625635,10.20806595098273,1729812865.1998038
55.78394283173666,557.8394283173666,10.212975344168466,1729812865.2095268
55.93380477398056,559.3380477398056,10.217836476092382,1729812865.2196927
56.08373730887711,560.8373730887711,10.222649600561056,1729812865.2295797
56.233739736049905,562.337397360499,10.227414972201917,1729812865.2396488
56.38381135886875,563.8381135886875,10.232132846437565,1729812865.2496815
56.53395148446095,565.3395148446095,10.236803479460242,1729812865.2598028
56.684159423722214,566.8415942372221,10.241427128206416,1729812865.2695897
56.83443449132721,568.344344913272,10.24600405033152,1729812865.2795897
56.98477600573973,569.8477600573973,10.250534504184804,1729812865.2895708
57.135183289222525,571.3518328922253,10.255018748784352,1729812865.2996671
57.28565566784671,572.8565566784671,10.259457043792214,1729812865.3098094
57.43619247150088,574.3619247150089,10.263849649489698,1729812865.319693
57.586793033899816,575.8679303389981,10.2681968267528,1729812865.329643
57.73745669259285,577.3745669259285,10.272498837027769,1729812865.339589
57.88818278897188,578.8818278897188,10.276755942306849,1729812865.3496788
58.03897066827902,580.3897066827902,10.28096840510413,1729812865.3596106
58.1898196796139,581.898196796139,10.28513648843158,1729812865.369729
58.340729175940616,583.4072917594061,10.289260455775219,1729812865.379565
58.49169851409435,584.9169851409436,10.293340571071443,1729812865.3895383
58.64272705478761,586.4272705478761,10.297377098683508,1729812865.399636
58.79381416261617,587.9381416261617,10.301370303378164,1729812865.4097245
58.944959206064624,589.4495920606462,10.305320450302457,1729812865.419734
59.09616155751164,590.9616155751164,10.309227804960678,1729812865.4296205
59.24742059323487,592.4742059323487,10.31309263319148,1729812865.4397118
59.3987356934155,593.9873569341551,10.316915201145154,1729812865.4497328
59.550106242142526,595.5010624214252,10.320695775261065,1729812865.4596891
59.701531627416614,597.0153162741661,10.324434622245253,1729812865.4696121
59.85301124115372,598.5301124115372,10.328132009048202,1729812865.4795926
60.004544479188354,600.0454447918835,10.33178820284277,1729812865.4896162
60.156130741276506,601.561307412765,10.33540347100228,1729812865.4996262
60.307769431098265,603.0776943109827,10.338978081078794,1729812865.5096211
60.45945995626014,604.5945995626014,10.342512300781546,1729812865.519659
60.61120172829703,606.1120172829703,10.346006397955533,1729812865.529693
60.76299416267394,607.6299416267394,10.349460640560293,1729812865.5395842
60.9148366787873,609.148366787873,10.352875296648856,1729812865.54972
61.06672869996608,610.6672869996607,10.356250634346837,1729812865.559903
61.21866965347251,612.1866965347251,10.35958692183174,1729812865.569695
61.370658970502575,613.7065897050257,10.362884427312402,1729812865.5796523
61.52269608618615,615.2269608618615,10.366143419008631,1729812865.5896373
61.674780439586876,616.7478043958688,10.369364165131008,1729812865.5996504
61.826911473701735,618.2691147370174,10.372546933860855,1729812865.6095717
61.979088635460315,619.7908863546031,10.375691993330404,1729812865.6196675
62.13131137572381,621.3131137572382,10.378799611603105,1729812865.6297436
62.28357914928374,622.8357914928374,10.381870056654142,1729812865.639822
62.43589141486034,624.3589141486034,10.384903596351101,1729812865.649646
62.588247635100736,625.8824763510073,10.387900498434828,1729812865.6596844
62.74064727657677,627.4064727657677,10.390861030500451,1729812865.6695542
62.893089809782644,628.9308980978265,10.393785459978593,1729812865.679623
63.04557470913216,630.4557470913217,10.396674054116744,1729812865.6897588
63.198101452955825,631.9810145295583,10.399527079960826,1729812865.6996453
63.350669523497594,633.506695234976,10.402344804336922,1729812865.7095752
63.5032784069114,635.032784069114,10.40512749383319,1729812865.719665
63.65592759325738,636.5592759325738,10.407875414781946,1729812865.7296436
63.80861657649789,638.0861657649789,10.410588833241935,1729812865.7396255
63.961344854493206,639.613448544932,10.413268014980758,1729812865.7498543
64.11411192899702,641.1411192899702,10.41591322545751,1729812865.7597241
64.26691730565166,642.6691730565166,10.41852472980555,1729812865.7698245
64.41976049398305,644.1976049398305,10.42110279281549,1729812865.7797017
64.57264100739543,645.7264100739543,10.423647678918323,1729812865.7897007
64.7255583631659,647.255583631659,10.426159652168769,1729812865.7997363
64.87851208243856,648.7851208243856,10.428638976228743,1729812865.8096383
65.03150169021858,650.3150169021858,10.431085914351055,1729812865.8196406
65.18452671536593,651.8452671536593,10.433500729363237,1729812865.829807
65.33758669058895,653.3758669058896,10.435883683651584,1729812865.8395948
65.49068115243759,654.9068115243758,10.438235039145335,1729812865.849699
65.6438096412965,656.438096412965,10.440555057301058,1729812865.8595808
65.79697170137791,657.9697170137791,10.442843999087186,1729812865.869593
65.95016688071419,659.5016688071419,10.445102124968745,1729812865.8796244
66.10339473115027,661.0339473115027,10.447329694892236,1729812865.8897333
66.25665480833581,662.5665480833582,10.449526968270703,1729812865.8996239
66.40994667171717,664.0994667171717,10.451694203968977,1729812865.90959
66.56326988452912,665.6326988452912,10.453831660289064,1729812865.9195795
66.71662401378646,667.1662401378646,10.455939594955746,1729812865.9295537
66.87000863027524,668.7000863027524,10.458018265102313,1729812865.9395561
67.02342330854393,670.2342330854392,10.460067927256485,1729812865.9500747
67.17686762689435,671.7686762689435,10.46208883732651,1729812865.9597528
67.33034116737234,673.3034116737234,10.464081250587398,1729812865.9696026
67.48384351575831,674.838435157583,10.466045421667365,1729812865.979649
67.63737426155754,676.3737426155753,10.46798160453441,1729812865.989609
67.7909329979903,677.909329979903,10.469890052483082,1729812865.999595
67.94451932198177,679.4451932198177,10.47177101812139,1729812866.0095367
68.09813283415184,680.9813283415184,10.4736247533579,1729812866.019611
68.2517731388046,682.517731388046,10.475451509388982,1729812866.029654
68.4054398439177,684.054398439177,10.477251536686229,1729812866.0395713
68.55913256113163,685.5913256113163,10.479025084984022,1729812866.0496583
68.71285090573863,687.1285090573863,10.480772403267286,1729812866.059638
68.86659449667157,688.6659449667156,10.482493739759374,1729812866.0695846
69.02036295649256,690.2036295649257,10.484189341910136,1729812866.0795963
69.1741559113815,691.741559113815,10.485859456384132,1729812866.0895815
69.32797299112437,693.2797299112437,10.487504329049015,1729812866.0997057
69.48181382910131,694.8181382910132,10.489124204964057,1729812866.1096718
69.6356780622747,696.356780622747,10.490719328368844,1729812866.119614
69.7895653311769,697.895653311769,10.492289942672127,1729812866.1296055
69.94347527989791,699.4347527989792,10.49383629044081,1729812866.1395724
70.09740755607291,700.974075560729,10.495358613389117,1729812866.149624
70.25136181086954,702.5136181086954,10.496857152367888,1729812866.159849
70.40533769897513,704.0533769897513,10.498332147354043,1729812866.1696794
70.55933487858371,705.5933487858372,10.499783837440194,1729812866.1796162
70.71335301138288,707.1335301138288,10.501212460824393,1729812866.1896436
70.86739176254055,708.6739176254055,10.502618254800046,1729812866.1997647
71.02145080069154,710.2145080069154,10.504001455745964,1729812866.2096748
71.17552979792399,711.7552979792399,10.505362299116571,1729812866.219627
71.32962842976569,713.2962842976569,10.506701019432237,1729812866.229636
71.48374637517024,714.8374637517024,10.50801785026978,1729812866.2396176
71.63788331650305,716.3788331650305,10.509313024253094,1729812866.2495341
71.79203893952726,717.9203893952727,10.510586773043926,1729812866.259516
71.94621293338945,719.4621293338945,10.51183932733279,1729812866.269659
72.10040499060531,721.0040499060531,10.51307091683003,1729812866.2796779
72.25461480704514,722.5461480704514,10.514281770257007,1729812866.2896478
72.40884208191916,724.0884208191916,10.51547211533744,1729812866.2996428
72.5630865177628,725.630865177628,10.516642178788869,1729812866.3096955
72.71734782042181,727.1734782042181,10.517792186314264,1729812866.3196206
72.87162569903727,728.7162569903727,10.518922362593761,1729812866.329594
73.02591986603042,730.2591986603043,10.52003293127654,1729812866.339598
73.1802300370875,731.802300370875,10.521124114972825,1729812866.3496213
73.33455593114431,733.3455593114431,10.522196135246011,1729812866.359766
73.48889727037083,734.8889727037083,10.523249212604949,1729812866.3696365
73.64325378015556,736.4325378015556,10.524283566496317,1729812866.379652
73.7976251890899,737.976251890899,10.525299415297154,1729812866.3896744
73.95201122895232,739.5201122895231,10.526296976307503,1729812866.3995848
74.10641163469244,741.0641163469244,10.52727646574318,1729812866.4095545
74.26082614441506,742.6082614441507,10.528238098728666,1729812866.4196038
74.41525449936405,744.1525449936405,10.529182089290135,1729812866.4295807
74.56969644390612,745.6969644390613,10.530108650348579,1729812866.4396229
74.72415172551452,747.2415172551451,10.531017993713077,1729812866.4496634
74.87862009475262,748.7862009475261,10.531910330074163,1729812866.459602
75.03310130525745,750.3310130525745,10.532785868997333,1729812866.4696329
75.18759511372305,751.8759511372305,10.533644818916642,1729812866.4795978
75.34210127988385,753.4210127988385,10.534487387128438,1729812866.4896476
75.49661956649783,754.9661956649783,10.53531377978521,1729812866.4996831
75.65114973932968,756.5114973932968,10.536124201889523,1729812866.5096753
75.80569156713386,758.0569156713386,10.536918857288098,1729812866.5196214
75.96024482163756,759.6024482163756,10.537697948665983,1729812866.5296297
76.11480927752355,761.1480927752355,10.538461677540834,1729812866.5396006
76.269384712413,762.69384712413,10.53921024425731,1729812866.549684
76.4239709068482,764.239709068482,10.53994384798157,1729812866.5594997
76.57856764427515,765.7856764427515,10.540662686695882,1729812866.5696743
76.73317471102622,767.3317471102622,10.54136695719332,1729812866.5796638
76.88779189630252,768.8779189630252,10.542056855072591,1729812866.5896385
77.04241899215636,770.4241899215635,10.542732574732936,1729812866.5997164
77.19705579347358,771.9705579347358,10.543394309369148,1729812866.6095877
77.35170209795584,773.5170209795583,10.544042250966687,1729812866.619699
77.50635770610275,775.0635770610274,10.544676590296888,1729812866.6296585
77.66102242119405,776.6102242119405,10.545297516912267,1729812866.6396856
77.81569604927164,778.1569604927164,10.545905219141934,1729812866.6497073
77.97037839912157,779.7037839912157,10.546499884087083,1729812866.6596372
78.125069282256,781.25069282256,10.547081697616587,1729812866.6698282
78.27976851289502,782.7976851289502,10.547650844362682,1729812866.6796324
78.43447590794845,784.3447590794846,10.548207507716738,1729812866.6897523
78.58919128699762,785.8919128699762,10.548751869825129,1729812866.6999753
78.743914472277,787.4391447227699,10.549284111585182,1729812866.7096112
78.89864528865589,788.9864528865588,10.549804412641222,1729812866.7196844
79.0533835636199,790.533835636199,10.550312951380695,1729812866.7295747
79.20812912725255,792.0812912725255,10.550809904930372,1729812866.7398887
79.36288181221663,793.6288181221663,10.551295449152661,1729812866.7495723
79.5176414537357,795.176414537357,10.551769758641974,1729812866.7595072
79.67240788957538,796.7240788957538,10.552233006721183,1729812866.7696846
79.82718096002465,798.2718096002465,10.55268536543817,1729812866.7796297
79.98196050787713,799.8196050787714,10.553127005562438,1729812866.78965
80.13674637841227,801.3674637841227,10.55355809658181,1729812866.7997034
80.29153841937648,802.9153841937648,10.553978806699204,1729812866.8096483
80.44633648096429,804.4633648096429,10.55438930282948,1729812866.8195903
80.60114041579936,806.0114041579936,10.554789750596363,1729812866.8295712
80.75595007891555,807.5595007891554,10.555180314329442,1729812866.8396108
80.91076532773782,809.1076532773782,10.555561157061243,1729812866.8496225
81.06558602206326,810.6558602206326,10.555932440524362,1729812866.8596215
81.22041202404192,812.2041202404192,10.556294325148679,1729812866.8696635
81.37524319815768,813.7524319815768,10.556646970058639,1729812866.8796377
81.53007941120906,815.3007941120906,10.5569905330706,1729812866.8896434
81.68492053229002,816.8492053229002,10.557325170690241,1729812866.8996754
81.83976643277067,818.3976643277067,10.557651038110054,1729812866.9098084
81.99461698627799,819.9461698627799,10.557968289206874,1729812866.9196014
82.14947206867647,821.4947206867647,10.558277076539495,1729812866.9295928
82.3043315580488,823.0433155804881,10.558577551346344,1729812866.9395885
82.45919533467644,824.5919533467644,10.558869863543201,1729812866.9496012
82.61406328102015,826.1406328102015,10.559154161721,1729812866.9595804
82.7689352817006,827.689352817006,10.559430593143684,1729812866.969591
82.92381122347886,829.2381122347887,10.559699303746099,1729812866.9796495
83.07869099523681,830.7869099523681,10.559960438131974,1729812866.9897285
83.23357448795767,832.3357448795766,10.560214139571944,1729812866.9997706
83.38846159470637,833.8846159470637,10.560460550001618,1729812867.0095608
83.54335221060998,835.4335221060999,10.56069981001972,1729812867.0196583
83.69824623283804,836.9824623283805,10.560932058886271,1729812867.029516
83.85314356058294,838.5314356058293,10.561157434520828,1729812867.0395718
84.00804409504015,840.0804409504015,10.561376073500766,1729812867.0496492
84.16294773938863,841.6294773938863,10.561588111059626,1729812867.0597467
84.317854398771,843.1785439877101,10.561793681085499,1729812867.0696483
84.47276398027385,844.7276398027385,10.561992916119458,1729812867.079533
84.62767639290792,846.2767639290792,10.562185947354047,1729812867.0897517
84.78259154758828,847.8259154758828,10.562372904631811,1729812867.0997987
84.93750935711459,849.375093571146,10.562553916443864,1729812867.1095505
85.09242973615117,850.9242973615118,10.562729109928517,1729812867.1197047
85.24735260120723,852.4735260120723,10.562898610869933,1729812867.129614
85.40227787061687,854.0227787061688,10.563062543696839,1729812867.1397038
85.5572054645193,855.572054645193,10.563221031481275,1729812867.1496673
85.71213530483885,857.1213530483885,10.56337419593737,1729812867.1595275
85.86706731526509,858.6706731526509,10.56352215742019,1729812867.1696162
86.02200142123282,860.2200142123281,10.563665034924583,1729812867.1796713
86.17693754990215,861.7693754990215,10.563802946084103,1729812867.189898
86.33187563013851,863.3187563013851,10.563936007169938,1729812867.1996665
86.48681559249265,864.8681559249264,10.564064333089904,1729812867.2096548
86.6417573691806,866.417573691806,10.564188037387447,1729812867.2196553
86.7967008940637,867.967008940637,10.564307232240703,1729812867.2296634
86.95164610262854,869.5164610262855,10.564422028461571,1729812867.2396004
87.10659293196689,871.0659293196688,10.56453253549484,1729812867.2495887
87.26154132075564,872.6154132075565,10.56463886141733,1729812867.2595868
87.41649120923675,874.1649120923676,10.564741112937083,1729812867.2699318
87.57144253919715,875.7144253919715,10.56483939539256,1729812867.2796524
87.72639525394864,877.2639525394864,10.564933812751901,1729812867.2895315
87.88134929830777,878.8134929830777,10.565024467612178,1729812867.2997646
88.03630461857573,880.3630461857573,10.565111461198706,1729812867.3095112
88.19126116251823,881.9126116251823,10.565194893364366,1729812867.3196962
88.34621887934536,883.4621887934536,10.565274862588959,1729812867.32963
88.50117771969143,885.0117771969143,10.565351465978589,1729812867.339635
88.6561376355948,886.561376355948,10.565424799265065,1729812867.349602
88.81109858047778,888.1109858047778,10.565494956805336,1729812867.3595636
88.96606050912636,889.6606050912636,10.565562031580946,1729812867.3696225
89.12102337767013,891.2102337767012,10.565626115197503,1729812867.3796124
89.275987143562,892.7598714356201,10.565687297884198,1729812867.389625
89.43095176555809,894.309517655581,10.565745668493308,1729812867.399618
89.58591720369746,895.8591720369747,10.56580131449976,1729812867.4095504
89.74088341928196,897.4088341928195,10.565854322000682,1729812867.4196541
89.89585037485594,898.9585037485595,10.565904775714994,1729812867.4299188
90.05081803418612,900.5081803418612,10.565952758983016,1729812867.4396014
90.2057863622413,902.0578636224129,10.56599835376609,1729812867.4497328
90.36075532517216,903.6075532517216,10.56604164064622,1729812867.4596603
90.51572489029103,905.1572489029103,10.566082698825738,1729812867.4697382
90.6706950260516,906.706950260516,10.566121606126972,1729812867.479713
90.82566570202877,908.2566570202878,10.56615843899195,1729812867.4897034
90.98063688889829,909.8063688889829,10.566193272482103,1729812867.4997284
91.13560855841658,911.3560855841658,10.566226180277992,1729812867.5096295
91.29058068340045,912.9058068340045,10.566257234679052,1729812867.5197222
91.44555323770685,914.4555323770685,10.566286506603335,1729812867.529689
91.6005261962126,916.005261962126,10.566314065587292,1729812867.5397127
91.75549953479413,917.5549953479413,10.566339979785543,1729812867.5496328
91.91047323030718,919.1047323030717,10.566364315970679,1729812867.559518
92.06544726056657,920.6544726056657,10.566387139533061,1729812867.569532
92.2204216043259,922.2042160432591,10.566408514480644,1729812867.579638
92.37539624125729,923.753962412573,10.5664285034388,1729812867.5895905
92.53037115193106,925.3037115193106,10.566447167650166,1729812867.5996702
92.6853463177955,926.8534631779551,10.566464566974485,1729812867.60972
92.84032172115656,928.4032172115656,10.566480759888472,1729812867.6196804
92.99529734515754,929.9529734515754,10.566495803485685,1729812867.6295996
93.15027317375885,931.5027317375884,10.566509753476396,1729812867.6395543
93.30524919171769,933.0524919171769,10.566522664187481,1729812867.649708
93.46022538456776,934.6022538456776,10.566534588562323,1729812867.6596892
93.61520173859897,936.1520173859897,10.566545578160703,1729812867.6698668
93.77017824083715,937.7017824083715,10.566555683158715,1729812867.679638
93.92515487902376,939.2515487902376,10.566564952348688,1729812867.689664
94.08013164159559,940.8013164159559,10.566573433139103,1729812867.6996195
94.23510851766443,942.3510851766443,10.566581171554526,1729812867.7095783
94.39008549699682,943.9008549699681,10.566588212235544,1729812867.7197084
94.54506256999373,945.4506256999373,10.566594598438703,1729812867.7295854
94.70003972767027,947.0003972767028,10.566600372036463,1729812867.7396188
94.85501696163537,948.5501696163537,10.56660557351714,1729812867.7496955
95.0099942640715,950.099942640715,10.56661024198487,1729812867.7596185
95.16497162771431,951.649716277143,10.566614415159565,1729812867.7696204
95.31994904583244,953.1994904583245,10.566618129376876,1729812867.779659
95.47492651220712,954.7492651220712,10.566621419588168,1729812867.7896261
95.62990402111188,956.2990402111188,10.566624319360486,1729812867.7996287
95.7848815672923,957.848815672923,10.566626860876532,1729812867.8096857
95.93985914594565,959.3985914594565,10.56662907493464,1729812867.819609
96.0948367527006,960.948367527006,10.566630990948765,1729812867.8295667
96.24981438359693,962.4981438359692,10.56663263694845,1729812867.839527
96.40479203506521,964.0479203506521,10.56663403957883,1729812867.849626
96.55976970390653,965.5976970390652,10.566635224100605,1729812867.859596
96.71474738727213,967.1474738727213,10.566636214390037,1729812867.8696659
96.86972508264313,968.6972508264313,10.566637032938939,1729812867.8795805
97.02470278781026,970.2470278781026,10.566637700854663,1729812867.8895838
97.17968050085348,971.7968050085348,10.566638237860102,1729812867.899593
97.33465822012174,973.3465822012174,10.566638662293679,1729812867.909718
97.48963594421264,974.8963594421264,10.566638991109338,1729812867.9196093
97.64461367195213,976.4461367195213,10.566639239876555,1729812867.9295692
97.79959140237422,977.9959140237422,10.566639422780318,1729812867.9396048
97.95456913470065,979.5456913470065,10.56663955262114,1729812867.9497004
98.10954686832059,981.0954686832059,10.56663964081505,1729812867.9595215
98.26452460277035,982.6452460277035,10.56663969739359,1729812867.9695752
98.41950233771307,984.1950233771307,10.566639731003823,1729812867.9796243
98.57448007291838,985.7448007291838,10.56663974890832,1729812867.9895377
98.72945780824215,987.2945780824215,10.566639756985174,1729812867.9995701
98.88443554360614,988.8443554360615,10.566639759727984,1729812868.0095072
99.03941327897775,990.3941327897775,10.56663976024587,1729812868.0197115
99.1943910143496,991.943910143496,10.566639760263465,1729812868.029713
99.34936874971937,993.4936874971937,10.566639760120914,1729812868.0397193
99.50434648506938,995.0434648506938,10.566639758773878,1729812868.0496051
99.65932422034633,996.5932422034633,10.566639753793533,1729812868.0597131
99.81430195544104,998.1430195544103,10.566639741366565,1729812868.0697083
99.96927969016802,999.6927969016803,10.56663971629518,1729812868.0796137
100.1242574242453,1001.242574242453,10.566639671997097,1729812868.0895607
100.27923515727403,1002.7923515727402,10.566639600505544,1729812868.0996356
100.43421288871824,1004.3421288871823,10.566639492469273,1729812868.1096933
100.58919061788446,1005.8919061788446,10.566639337152543,1729812868.1195378
100.74416834390148,1007.4416834390148,10.566639122435134,1729812868.1295533
100.89914606570002,1008.9914606570003,10.566638834812343,1729812868.1396556
101.05412378199243,1010.5412378199243,10.566638459394982,1729812868.1495998
101.20910149125237,1012.0910149125236,10.566637979909386,1729812868.1594603
101.36407919169451,1013.6407919169451,10.566637378697411,1729812868.1696017
101.51905688125424,1015.1905688125424,10.566636636716444,1729812868.1798494
101.67403455756735,1016.7403455756735,10.566635733539398,1729812868.1896412
101.82901221794971,1018.2901221794971,10.56663464735472,1729812868.199839
101.98398985937699,1019.8398985937699,10.566633354966404,1729812868.2096055
102.13896747846437,1021.3896747846436,10.566631831793991,1729812868.2196152
102.29394507144616,1022.9394507144616,10.566630051872579,1729812868.229633
102.44892263415561,1024.489226341556,10.566627987852836,1729812868.2395868
102.60390016200448,1026.0390016200447,10.566625611001013,1729812868.2497044
102.75887764996283,1027.5887764996282,10.566622891198955,1729812868.2596784
102.91385509253867,1029.1385509253867,10.56661979694412,1729812868.2697332
103.06883248375767,1030.6883248375768,10.5666162953496,1729812868.2795832
103.22380981714286,1032.2380981714286,10.566612352144139,1729812868.2895808
103.37878708569433,1033.7878708569433,10.566607931672158,1729812868.2995582
103.53376428186887,1035.3376428186887,10.566602996893787,1729812868.3097317
103.68874139755977,1036.8874139755976,10.566597509384891,1729812868.319653
103.84371842407643,1038.4371842407643,10.566591429337114,1729812868.3296485
103.9986953521241,1039.986953521241,10.566584715557907,1729812868.339585
104.15367217178358,1041.536721717836,10.566577325470574,1729812868.3496194
104.3086488724909,1043.086488724909,10.566569215114326,1729812868.3594928
104.46362544301704,1044.6362544301703,10.56656033914433,1729812868.369673
104.6186018714476,1046.186018714476,10.566550650831761,1729812868.379699
104.77357814516253,1047.7357814516254,10.56654010206388,1729812868.3896208
104.92855425081586,1049.2855425081586,10.566528643344087,1729812868.3996193
105.08353017431536,1050.8353017431537,10.566516223792004,1729812868.4097152
105.23850590080222,1052.3850590080222,10.56650279114356,1729812868.4196644
105.39348141463086,1053.9348141463086,10.566488291751071,1729812868.429716
105.5484566993485,1055.484566993485,10.56647267058335,1729812868.4396384
105.70343173767502,1057.03431737675,10.566455871225797,1729812868.4498117
105.85840651148253,1058.5840651148253,10.566437835880514,1729812868.4597225
106.01338100177519,1060.1338100177518,10.566418505366435,1729812868.469707
106.16835518866887,1061.6835518866887,10.566397819119446,1729812868.4796813
106.32332905137088,1063.2332905137087,10.566375715192525,1729812868.489623
106.4783025681597,1064.783025681597,10.566352130255893,1729812868.499604
106.6332757163647,1066.3327571636469,10.566326999597175,1729812868.5095527
106.78824847234581,1067.8824847234582,10.566300257121563,1729812868.5196185
106.94322081147337,1069.4322081147336,10.566271835352005,1729812868.5296154
107.09819270810772,1070.9819270810772,10.566241665429386,1729812868.5396786
107.25316413557903,1072.5316413557903,10.566209677112749,1729812868.5496237
107.40813506616699,1074.0813506616698,10.566175798779495,1729812868.559497
107.56310547108056,1075.6310547108055,10.566139957425627,1729812868.569634
107.71807532043773,1077.1807532043774,10.566102078665986,1729812868.5796936
107.87304458324525,1078.7304458324525,10.566062086734515,1729812868.5897465
108.02801322737835,1080.2801322737835,10.566019904484527,1729812868.5996857
108.18298121956057,1081.8298121956057,10.565975453388994,1729812868.6096814
108.33794852534346,1083.3794852534347,10.565928653540858,1729812868.6196804
108.49291510908635,1084.9291510908636,10.565879423653344,1729812868.629594
108.64788093393616,1086.4788093393618,10.5658276810603,1729812868.6396453
108.80284596180712,1088.0284596180713,10.565773341716557,1729812868.6497018
108.95781015336057,1089.5781015336056,10.565716320198296,1729812868.6596787
109.11277346798477,1091.1277346798477,10.565656529703444,1729812868.6696765
109.26773586377466,1092.6773586377467,10.565593882052086,1729812868.6796467
109.42269729751168,1094.2269729751167,10.565528287686897,1729812868.6896076
109.57765772464354,1095.7765772464354,10.565459655673592,1729812868.699856
109.73261709926409,1097.326170992641,10.565387893701406,1729812868.7094991
109.88757537409307,1098.8757537409308,10.56531290808358,1729812868.7196145
110.042532500456,1100.4253250045601,10.565234603757897,1729812868.7296047
110.19748842826398,1101.9748842826398,10.565152884287205,1729812868.7396502
110.35244310599352,1103.524431059935,10.565067651859994,1729812868.749654
110.50739648066642,1105.0739648066642,10.56497880729099,1729812868.7595284
110.66234849782961,1106.6234849782961,10.564886250021758,1729812868.7696126
110.81729910153506,1108.1729910153506,10.56478987812136,1729812868.7796247
110.97224823431958,1109.7224823431957,10.564689588287019,1729812868.7896762
111.12719583718481,1111.271958371848,10.564585275844811,1729812868.799622
111.28214184957704,1112.8214184957706,10.564476834750398,1729812868.8096812
111.43708620936717,1114.3708620936716,10.56436415758978,1729812868.8195546
111.59202885283058,1115.9202885283057,10.564247135580082,1729812868.8295293
111.74696971462714,1117.4696971462713,10.564125658570367,1729812868.839655
111.90190872778109,1119.019087277811,10.563999615042478,1729812868.8497355
112.05684582366104,1120.5684582366102,10.563868892111936,1729812868.8596509
112.21178093195991,1122.117809319599,10.563733375528825,1729812868.8696632
112.36671398067496,1123.6671398067497,10.563592949678766,1729812868.8796303
112.52164489608778,1125.2164489608779,10.563447497583875,1729812868.8895652
112.67657360274427,1126.7657360274427,10.563296900903799,1729812868.8996093
112.83150002343471,1128.315000234347,10.56314103993675,1729812868.9096441
112.98642407917382,1129.8642407917382,10.562979793620617,1729812868.919607
113.14134568918075,1131.4134568918075,10.562813039534072,1729812868.9295766
113.29626477085928,1132.9626477085928,10.562640653897754,1729812868.9396477
113.45118123977781,1134.5118123977782,10.562462511575466,1729812868.9497347
113.60609500964954,1136.0609500964954,10.562278486075432,1729812868.959657
113.76100599231258,1137.6100599231258,10.562088449551577,1729812868.9696374
113.91591409771013,1139.1591409771013,10.561892272804869,1729812868.979594
114.07081923387064,1140.7081923387063,10.561689825284684,1729812868.9896317
114.22572130688799,1142.25721306888,10.561480975090236,1729812868.9996777
114.38062022090176,1143.8062022090176,10.561265588972034,1729812869.0097263
114.53551587807743,1145.3551587807742,10.5610435323334,1729812869.0195935
114.69040817858667,1146.9040817858668,10.560814669232023,1729812869.0301213
114.84529702058755,1148.4529702058755,10.560578862381568,1729812869.0395653
115.000182300205,1150.00182300205,10.56033597315333,1729812869.0496275
115.15506391151101,1151.55063911511,10.560085861577946,1729812869.0594568
115.30994174650505,1153.0994174650505,10.55982838634714,1729812869.0699937
115.46481569509446,1154.6481569509447,10.559563404815545,1729812869.079563
115.61968564507485,1156.1968564507486,10.559290773002559,1729812869.0896218
115.77455148211058,1157.7455148211059,10.559010345594256,1729812869.099626
115.92941308971518,1159.2941308971517,10.558721975945371,1729812869.1096413
116.08427034923189,1160.8427034923188,10.558425516081313,1729812869.1196713
116.23912313981418,1162.3912313981418,10.558120816700255,1729812869.129718
116.39397133840635,1163.9397133840635,10.557807727175279,1729812869.13961
116.54881481972404,1165.4881481972404,10.557486095556573,1729812869.1495733
116.70365345623499,1167.03653456235,10.557155768573697,1729812869.1594949
116.85848711813956,1168.5848711813956,10.5568165916379,1729812869.1696815
117.01331567335157,1170.1331567335158,10.556468408844516,1729812869.1796224
117.16813898747891,1171.6813898747891,10.556111062975399,1729812869.1896625
117.32295692380441,1173.2295692380442,10.555744395501444,1729812869.1996224
117.4777693432666,1174.777693432666,10.55536824658517,1729812869.2095337
117.63257610444057,1176.3257610444057,10.554982455083357,1729812869.2196558
117.78737706351886,1177.8737706351885,10.554586858549762,1729812869.229684
117.94217207429239,1179.4217207429238,10.554181293237901,1729812869.2396638
118.09696098813143,1180.9696098813142,10.553765594103908,1729812869.249668
118.25174365396661,1182.517436539666,10.553339594809446,1729812869.2597036
118.40651991827,1184.0651991827,10.55290312772471,1729812869.2697861
118.56128962503621,1185.6128962503622,10.552456023931493,1729812869.279759
118.71605261576347,1187.1605261576346,10.55199811322633,1729812869.2895901
118.87080872943493,1188.7080872943493,10.551529224123723,1729812869.2996533
119.02555780249983,1190.2555780249984,10.55104918385942,1729812869.3095737
119.18029966885487,1191.8029966885488,10.550557818393806,1729812869.3196313
119.33503415982547,1193.3503415982548,10.550054952415342,1729812869.3297126
119.48976110414719,1194.897611041472,10.549540409344111,1729812869.339689
119.64448032794725,1196.4448032794726,10.54901401133542,1729812869.3497047
119.79919165472593,1197.9919165472593,10.548475579283497,1729812869.359489
119.9538949053382,1199.538949053382,10.547924932825287,1729812869.3696167
120.10858989797532,1201.0858989797532,10.547361890344296,1729812869.3796723
120.26327644814648,1202.6327644814648,10.546786268974554,1729812869.389631
120.41795436866062,1204.1795436866062,10.546197884604652,1729812869.39985
120.5726234696081,1205.726234696081,10.545596551881868,1729812869.4095209
120.72728355834268,1207.2728355834267,10.544982084216386,1729812869.419606
120.88193443946334,1208.8193443946334,10.544354293785597,1729812869.429594
121.03657591479633,1210.3657591479632,10.543712991538507,1729812869.4395733
121.1912077833772,1211.912077833772,10.543057987200227,1729812869.4497344
121.34582984143289,1213.458298414329,10.542389089276552,1729812869.4596717
121.50044188236396,1215.0044188236395,10.541706105058658,1729812869.4698043
121.65504369672679,1216.5504369672678,10.541008840627875,1729812869.4796546
121.80963507221598,1218.0963507221597,10.54029710086056,1729812869.4896417
121.96421579364669,1219.642157936467,10.53957068943308,1729812869.4998083
122.11878564293713,1221.1878564293713,10.538829408826894,1729812869.5095892
122.27334439909113,1222.7334439909114,10.538073060333723,1729812869.5196784
122.42789183818074,1224.2789183818074,10.537301444060837,1729812869.5295844
122.58242773332896,1225.8242773332895,10.536514358936445,1729812869.5396817
122.73695185469249,1227.3695185469248,10.53571160271518,1729812869.5497713
122.89146396944469,1228.9146396944468,10.534892971983707,1729812869.55961
123.04596384175841,1230.459638417584,10.534058262166416,1729812869.5697174
123.2004512327891,1232.004512327891,10.533207267531255,1729812869.5797193
123.35492590065797,1233.5492590065796,10.532339781195644,1729812869.5896816
123.5093876004351,1235.093876004351,10.531455595132515,1729812869.5997245
123.66383608412285,1236.6383608412284,10.530554500176464,1729812869.6095674
123.81827110063917,1238.1827110063916,10.529636286030017,1729812869.6197126
123.97269239580115,1239.7269239580114,10.528700741270004,1729812869.6295927
124.12709971230859,1241.2709971230859,10.52774765335406,1729812869.6396203
124.28149278972768,1242.814927897277,10.52677680862724,1729812869.6498141
124.43587136447476,1244.3587136447477,10.525787992328745,1729812869.659625
124.59023516980025,1245.9023516980026,10.524780988598781,1729812869.669627
124.74458393577255,1247.4458393577256,10.52375558048553,1729812869.679702
124.89891738926224,1248.9891738926224,10.522711549952245,1729812869.6896477
125.05323525392616,1250.5323525392616,10.521648677884476,1729812869.6996045
125.20753725019182,1252.075372501918,10.52056674409741,1729812869.7096248
125.3618230952417,1253.618230952417,10.51946552734334,1729812869.7195942
125.51609250299788,1255.160925029979,10.518344805319272,1729812869.7295816
125.67034518410658,1256.7034518410658,10.517204354674643,1729812869.7395964
125.824580845923,1258.24580845923,10.516043951019183,1729812869.7496123
125.9787991924961,1259.787991924961,10.514863368930904,1729812869.7596726
126.13299992455366,1261.3299992455366,10.51366238196421,1729812869.769877
126.28718273948733,1262.8718273948734,10.512440762658162,1729812869.7796178
126.44134733133794,1264.4134733133794,10.511198282544859,1729812869.7895896
126.59549339078075,1265.9549339078076,10.509934712157959,1729812869.7996004
126.74962060511102,1267.4962060511102,10.508649821041338,1729812869.8096116
126.90372865822958,1269.0372865822958,10.507343377757898,1729812869.8196645
127.0578172306286,1270.578172306286,10.506015149898484,1729812869.8296695
127.21188599937743,1272.1188599937743,10.504664904090978,1729812869.8396597
127.36593463810866,1273.6593463810866,10.503292406009505,1729812869.849645
127.5199628170042,1275.199628170042,10.501897420383797,1729812869.8595526
127.67397020278165,1276.7397020278165,10.500479711008698,1729812869.8696785
127.82795645868067,1278.2795645868068,10.499039040753804,1729812869.8796883
127.9819212444496,1279.8192124444959,10.497575171573263,1729812869.889771
128.1358642163321,1281.3586421633208,10.496087864515715,1729812869.8996015
128.2897850270541,1282.897850270541,10.494576879734373,1729812869.9095988
128.4436833258108,1284.436833258108,10.493041976497265,1729812869.9196808
128.5975587582538,1285.975587582538,10.491482913197617,1729812869.9296231
128.75141096647846,1287.5141096647847,10.48989944736439,1729812869.9400249
128.9052395890114,1289.052395890114,10.48829133567297,1729812869.9495943
129.05904426079803,1290.5904426079803,10.48665833395601,1729812869.9596515
129.21282461319052,1292.1282461319051,10.485000197214418,1729812869.9696164
129.36658027393563,1293.6658027393562,10.483316679628519,1729812869.9796076
129.5203108671629,1295.2031086716288,10.481607534569351,1729812869.9896414
129.67401601337292,1296.7401601337292,10.479872514610133,1729812869.999611
129.82769532942586,1298.2769532942586,10.47811137153788,1729812870.0096219
129.98134842853003,1299.8134842853003,10.476323856365187,1729812870.0196464
130.1349749202307,1301.3497492023068,10.474509719342164,1729812870.0296826
130.28857441039918,1302.8857441039918,10.472668709968536,1729812870.03958
130.44214650122194,1304.4214650122194,10.470800577005898,1729812870.0496547
130.59569079118995,1305.9569079118996,10.468905068490148,1729812870.0598366
130.74920687508828,1307.4920687508827,10.466981931744057,1729812870.0700114
130.9026943439857,1309.026943439857,10.465030913390029,1729812870.0795395
131.05615278522475,1310.5615278522475,10.463051759363008,1729812870.0896018
131.20958178241176,1312.0958178241176,10.46104421492356,1729812870.0995672
131.3629809154072,1313.629809154072,10.45900802467111,1729812870.1097314
131.51634976031613,1315.1634976031614,10.456942932557363,1729812870.119732
131.66968788947895,1316.6968788947895,10.454848681899874,1729812870.1296039
131.82299487146224,1318.2299487146224,10.452725015395803,1729812870.1396136
131.97627027104997,1319.7627027104998,10.450571675135821,1729812870.1496017
132.12951364923464,1321.2951364923465,10.448388402618203,1729812870.1596527
132.282724563209,1322.8272456320901,10.446174938763082,1729812870.169637
132.43590256635764,1324.3590256635764,10.44393102392687,1729812870.1795645
132.58904720824896,1325.8904720824896,10.441656397916864,1729812870.189586
132.7421580346274,1327.4215803462741,10.43935080000601,1729812870.1996238
132.89523458740578,1328.9523458740578,10.437013968947841,1729812870.2097936
133.04827640465786,1330.4827640465785,10.434645642991608,1729812870.2195828
133.2012830206112,1332.012830206112,10.43224555989755,1729812870.229554
133.3542539656403,1333.542539656403,10.429813456952367,1729812870.2396224
133.50718876625973,1335.0718876625974,10.427349070984855,1729812870.2495873
133.66008694511774,1336.6008694511775,10.424852138381718,1729812870.259576
133.81294802099,1338.1294802099,10.422322395103553,1729812870.2697299
133.9657715087736,1339.657715087736,10.419759576701018,1729812870.279619
134.11855691948125,1341.1855691948126,10.417163418331162,1729812870.2896538
134.27130376023572,1342.7130376023572,10.414533654773948,1729812870.2998002
134.42401153426465,1344.2401153426465,10.41187002044894,1729812870.3098547
134.5766797408954,1345.766797408954,10.409172249432173,1729812870.319685
134.72930787555035,1347.2930787555035,10.406440075473192,1729812870.3296876
134.88189542974231,1348.8189542974233,10.403673232012286,1729812870.3397245
135.03444189107026,1350.3444189107026,10.400871452197876,1729812870.3497548
135.18694674321534,1351.8694674321534,10.398034468904097,1729812870.3596628
135.33940946593705,1353.3940946593705,10.395162014748548,1729812870.3697069
135.4918295350698,1354.918295350698,10.39225382211023,1729812870.379657
135.64420642251963,1356.4420642251962,10.389309623147652,1729812870.389607
135.79653959626125,1357.9653959626125,10.386329149817113,1729812870.3998137
135.94882852033538,1359.4882852033538,10.383312133891177,1729812870.4095855
136.10107265484632,1361.0107265484633,10.380258306977307,1729812870.4197507
136.25327145595978,1362.5327145595977,10.377167400536681,1729812870.4296346
136.405424375901,1364.05424375901,10.374039145903199,1729812870.4395952
136.5575308629532,1365.575308629532,10.370873274302646,1729812870.4496162
136.70959036145632,1367.0959036145632,10.367669516872045,1729812870.4594123
136.86160231180588,1368.6160231180588,10.364427604679188,1729812870.4697304
137.01356615045233,1370.1356615045233,10.361147268742327,1729812870.479632
137.16548130990068,1371.6548130990068,10.35782824005007,1729812870.4897275
137.3173472187102,1373.173472187102,10.354470249581412,1729812870.499743
137.46916330149475,1374.6916330149475,10.351073028325986,1729812870.5095417
137.62092897892308,1376.2092897892308,10.34763630730445,1729812870.5195777
137.7726436677197,1377.726436677197,10.344159817589071,1729812870.5295486
137.92430678066592,1379.2430678066592,10.340643290324477,1729812870.5396614
138.07591772660112,1380.7591772660112,10.33708645674858,1729812870.5497363
138.22747591042454,1382.2747591042455,10.333489048213668,1729812870.5595825
138.37898073309728,1383.7898073309727,10.329850796207678,1729812870.5696282
138.53043159164451,1385.3043159164451,10.326171432375634,1729812870.5796402
138.68182787915813,1386.8182787915814,10.322450688541252,1729812870.5896077
138.83316898479976,1388.3316898479975,10.318688296728725,1729812870.5995958
138.98445429380394,1389.8445429380395,10.314883989184661,1729812870.609581
139.13568318748173,1391.3568318748173,10.311037498400209,1729812870.6196856
139.28685504322465,1392.8685504322466,10.30714855713333,1729812870.6296942
139.43796923450887,1394.3796923450886,10.30321689843125,1729812870.6396623
139.58902513089987,1395.8902513089988,10.299242255653073,1729812870.6497667
139.74002209805724,1397.4002209805724,10.295224362492553,1729812870.6594932
139.89095949774003,1398.9095949774003,10.291162953001034,1729812870.6696885
140.04183668781224,1400.4183668781225,10.287057761610553,1729812870.679636
140.19265302224883,1401.9265302224883,10.282908523157094,1729812870.6895816
140.34340785114193,1403.4340785114193,10.27871497290401,1729812870.699723
140.49410052070746,1404.9410052070746,10.274476846565607,1729812870.7096095
140.6447303732921,1406.447303732921,10.270193880330863,1729812870.7196612
140.79529674738066,1407.9529674738067,10.265865810887329,1729812870.7296166
140.9457989776036,1409.457989776036,10.261492375445165,1729812870.7396421
141.0962363947452,1410.962363947452,10.257073311761337,1729812870.7496367
141.24660832575188,1412.4660832575187,10.252608358163954,1729812870.7596273
141.39691409374092,1413.969140937409,10.248097253576772,1729812870.7696576
141.54715301800954,1415.4715301800954,10.243539737543825,1729812870.7796602
141.69732441404446,1416.9732441404446,10.238935550254219,1729812870.7896101
141.8474275935316,1418.474275935316,10.234284432567053,1729812870.7998896
141.99746186436633,1419.9746186436632,10.2295861260365,1729812870.8097062
142.1474265306641,1421.474265306641,10.224840372937017,1729812870.8196578
142.2973208927712,1422.9732089277122,10.220046916288686,1729812870.829656
142.44714424727633,1424.4714424727633,10.215205499882716,1729812870.8396451
142.59689588702201,1425.9689588702201,10.21031586830705,1729812870.8495781
142.74657510111686,1427.4657510111685,10.205377766972127,1729812870.8598242
142.89618117494788,1428.9618117494788,10.200390942136764,1729812870.8695838
143.0457133901934,1430.4571339019342,10.195355140934163,1729812870.8796706
143.19517102483624,1431.9517102483624,10.190270111398052,1729812870.889609
143.34455335317728,1433.4455335317728,10.185135602488945,1729812870.8998644
143.49385964584943,1434.9385964584942,10.179951364120525,1729812870.9097316
143.64308916983205,1436.4308916983205,10.174717147186138,1729812870.9195821
143.79224118846574,1437.9224118846573,10.169432703585425,1729812870.92959
143.94131496146736,1439.4131496146736,10.16409778625103,1729812870.9396677
144.09030974494567,1440.9030974494567,10.158712149175464,1729812870.9496925
144.23922479141729,1442.392247914173,10.153275547438048,1729812870.9596207
144.38805934982295,1443.8805934982295,10.147787737231958,1729812870.9696643
144.53681266554432,1445.3681266554431,10.14224847589141,1729812870.979652
144.68548398042105,1446.8548398042105,10.136657521918897,1729812870.9895458
144.8340725327684,1448.3407253276841,10.131014635012566,1729812870.9998636
144.9825775573951,1449.825775573951,10.125319576093657,1729812871.0095944
145.13099828562173,1451.3099828562172,10.119572107334065,1729812871.0197172
145.2793339452995,1452.793339452995,10.113771992183956,1729812871.0296013
145.42758376082932,1454.2758376082932,10.107918995399505,1729812871.0397663
145.57574695318146,1455.7574695318146,10.102012883070692,1729812871.0497375
145.72382273991542,1457.2382273991543,10.09605342264919,1729812871.0595095
145.87181033520042,1458.7181033520042,10.090040382976316,1729812871.0696688
146.01970894983612,1460.197089498361,10.083973534311077,1729812871.0797725
146.16751779127378,1461.6751779127378,10.077852648358268,1729812871.089626
146.31523606363805,1463.1523606363805,10.07167749829665,1729812871.0996168
146.46286296774883,1464.6286296774883,10.065447858807165,1729812871.1096103
146.61039770114377,1466.1039770114376,10.059163506101255,1729812871.1197052
146.75783945810116,1467.5783945810117,10.052824217949198,1729812871.1296597
146.90518742966321,1469.0518742966321,10.046429773708514,1729812871.1396163
147.05244080365972,1470.5244080365972,10.03997995435242,1729812871.1496253
147.19959876473217,1471.9959876473217,10.033474542498327,1729812871.1594458
147.34666049435836,1473.4666049435837,10.026913322436377,1729812871.1696475
147.4936251708772,1474.936251708772,10.020296080158026,1729812871.1797657
147.64049196951427,1476.4049196951428,10.01362260338466,1729812871.1895652
147.78726006240743,1477.8726006240743,10.006892681596225,1729812871.1997166
147.9339286186332,1479.339286186332,10.000106106059912,1729812871.2096045
148.0804968042332,1480.8049680423321,9.993262669858831,1729812871.2196257
148.22696378224146,1482.2696378224146,9.986362167920744,1729812871.2295866
148.3733287127116,1483.733287127116,9.979404397046773,1729812871.2395933
148.51959075274505,1485.1959075274503,9.972389155940137,1729812871.2495852
148.66574905651902,1486.65749056519,9.965316245234899,1729812871.2595007
148.81180277531556,1488.1180277531555,9.958185467524707,1729812871.2696266
148.95775105755052,1489.5775105755051,9.950996627391538,1729812871.2796848
149.10359304880322,1491.0359304880321,9.943749531434419,1729812871.2897048
149.2493278918464,1492.493278918464,9.936443988298171,1729812871.2996416
149.3949547266767,1493.949547266767,9.929079808702102,1729812871.309758
149.54047269054547,1495.4047269054547,9.921656805468698,1729812871.3196306
149.68588091799006,1496.8588091799006,9.914174793552291,1729812871.329559
149.8311785408655,1498.311785408655,9.90663359006769,1729812871.3395426
149.9763646883766,1499.7636468837661,9.899033014318782,1729812871.3497272
150.1214384871105,1501.214384871105,9.891372887827098,1729812871.3595867
150.26639906106956,1502.6639906106957,9.883653034360332,1729812871.3698397
150.41124553170476,1504.1124553170475,9.875873279960818,1729812871.3797817
150.5559770179495,1505.559770179495,9.868033452973943,1729812871.3895638
150.70059263625373,1507.0059263625374,9.860133384076521,1729812871.3998933
150.84509150061862,1508.4509150061863,9.852172906305087,1729812871.409604
150.98947272263158,1509.8947272263158,9.84415185508414,1729812871.4197764
151.13373541150165,1511.3373541150165,9.836070068254301,1729812871.429642
151.27787867409538,1512.7787867409538,9.827927386100408,1729812871.4396634
151.42190161497305,1514.2190161497306,9.81972365137951,1729812871.449713
151.56580333642546,1515.6580333642546,9.811458709348809,1729812871.4595675
151.70958293851083,1517.0958293851083,9.803132407793463,1729812871.4697003
151.85323951909245,1518.5323951909245,9.794744597054338,1729812871.479755
151.99677217387645,1519.9677217387646,9.78629513005563,1729812871.489737
152.14017999645012,1521.4017999645012,9.777783862332388,1729812871.499728
152.28346207832067,1522.8346207832067,9.769210652057936,1729812871.5096655
152.42661750895422,1524.2661750895422,9.760575360071154,1729812871.5195735
152.5696453758154,1525.6964537581541,9.751877849903662,1729812871.5295799
152.71254476440717,1527.1254476440718,9.743117987806862,1729812871.5395825
152.85531475831112,1528.5531475831112,9.734295642778852,1729812871.549952
152.99795443922815,1529.9795443922815,9.725410686591193,1729812871.5595884
153.14046288701954,1531.4046288701954,9.716462993815558,1729812871.5697992
153.28283917974844,1532.8283917974843,9.707452441850199,1729812871.579687
153.42508239372162,1534.2508239372162,9.69837891094628,1729812871.5896394
153.5671916035318,1535.671916035318,9.689242284234055,1729812871.5996528
153.7091658821002,1537.091658821002,9.680042447748862,1729812871.6096313
153.85100430071955,1538.5100430071955,9.670779290456965,1729812871.6196074
153.99270592909744,1539.9270592909743,9.66145270428121,1729812871.629622
154.13426983540006,1541.3426983540007,9.65206258412651,1729812871.6396632
154.2756950862963,1542.756950862963,9.64260882790513,1729812871.6496885
154.41698074700227,1544.1698074700228,9.63309133656179,1729812871.6594465
154.55812588132605,1545.5812588132605,9.623510014098573,1729812871.6695743
154.699129551713,1546.99129551713,9.613864767599619,1729812871.679624
154.83999081929127,1548.3999081929128,9.604155507255623,1729812871.6896715
154.98070874391772,1549.8070874391772,9.594382146388114,1729812871.6997752
155.12128238422414,1551.2128238422415,9.584544601473509,1729812871.709942
155.26171079766402,1552.6171079766402,9.574642792166955,1729812871.7195828
155.40199304055935,1554.0199304055934,9.564676641325933,1729812871.729626
155.54212816814805,1555.4212816814807,9.554646075033627,1729812871.7396889
155.68211523463154,1556.8211523463153,9.54455102262205,1729812871.7497306
155.82195329322278,1558.2195329322278,9.53439141669494,1729812871.7595575
155.96164139619455,1559.6164139619455,9.524167193150365,1729812871.7696269
156.10117859492814,1561.0117859492814,9.513878291203126,1729812871.7795854
156.24056393996227,1562.4056393996227,9.503524653406844,1729812871.7896633
156.3797964810424,1563.797964810424,9.493106225675815,1729812871.799726
156.51887526717033,1565.1887526717032,9.482622957306578,1729812871.809609
156.65779934665414,1566.5779934665416,9.472074800999199,1729812871.819674
156.79656776715842,1567.9656776715842,9.461461712878275,1729812871.829699
156.93517957575474,1569.3517957575475,9.450783652513659,1729812871.8397176
157.07363381897255,1570.7363381897255,9.44004058294087,1729812871.8496988
157.2119295428503,1572.119295428503,9.429232470681217,1729812871.8595607
157.35006579298678,1573.5006579298679,9.418359285761612,1729812871.8696659
157.4880416145929,1574.880416145929,9.40742100173407,1729812871.879648
157.62585605254367,1576.2585605254367,9.3964175956949,1729812871.8895984
157.76350815143041,1577.6350815143041,9.385349048303562,1729812871.8996186
157.90099695561335,1579.0099695561335,9.374215343801211,1729812871.9095397
158.0383215092743,1580.383215092743,9.3630164700289,1729812871.9196649
158.17548085646993,1581.7548085646993,9.351752418445445,1729812871.9295783
158.31247404118483,1583.1247404118483,9.340423184144953,1729812871.939623
158.44930010738528,1584.4930010738528,9.329028765874003,1729812871.9497888
158.58595809907297,1585.8595809907297,9.317569166048466,1729812871.9596035
158.72244706033908,1587.2244706033907,9.306044390769978,1729812871.9696057
158.85876603541857,1588.5876603541856,9.294454449842044,1729812871.9795325
158.99491406874475,1589.9491406874474,9.282799356785775,1729812871.989597
159.13089020500394,1591.3089020500393,9.271079128855252,1729812871.9997668
159.2666934891905,1592.666934891905,9.259293787052524,1729812872.0100267
159.402322966662,1594.0232296666202,9.247443356142208,1729812872.0195951
159.53777768319472,1595.3777768319471,9.235527864665706,1729812872.0296783
159.67305668503897,1596.7305668503898,9.22354734495504,1729812872.03974
159.80815901897518,1598.0815901897518,9.21150183314629,1729812872.0496323
159.9430837323697,1599.430837323697,9.199391369192615,1729812872.0594008
160.07782987323108,1600.7782987323108,9.187215996876887,1729812872.069684
160.21239649026637,1602.1239649026638,9.174975763823909,1729812872.0797687
160.34678263293756,1603.4678263293756,9.162670721512214,1729812872.0895662
160.48098735151845,1604.8098735151846,9.150300925285466,1729812872.0997498
160.61500969715132,1606.1500969715132,9.1378664343634,1729812872.1096659
160.74884872190407,1607.4884872190407,9.12536731185238,1729812872.1196084
160.88250347882726,1608.8250347882727,9.112803624755491,1729812872.129621
161.0159730220115,1610.159730220115,9.10017544398222,1729812872.1396263
161.14925640664484,1611.4925640664483,9.087482844357675,1729812872.1496596
161.2823526890703,1612.823526890703,9.074725904631386,1729812872.1595185
161.4152609268436,1614.1526092684358,9.061904707485638,1729812872.1697206
161.54798017879088,1615.4798017879089,9.04901933954337,1729812872.1796644
161.6805095050667,1616.8050950506672,9.036069891375604,1729812872.189673
161.81284796721204,1618.1284796721204,9.023056457508433,1729812872.1997952
161.9449946282123,1619.449946282123,9.00997913642953,1729812872.209525
162.07694855255562,1620.7694855255563,8.9968380305942,1729812872.2196379
162.20870880629104,1622.0870880629104,8.983633246430971,1729812872.229628
162.34027445708696,1623.4027445708696,8.970364894346705,1729812872.2396572
162.47164457428946,1624.7164457428946,8.95703308873123,1729812872.249657
162.60281822898082,1626.0281822898082,8.943637947961504,1729812872.2597632
162.73379449403808,1627.3379449403808,8.930179594405292,1729812872.2696455
162.86457244419157,1628.6457244419157,8.916658154424358,1729812872.2796996
162.99515115608355,1629.9515115608356,8.903073758377175,1729812872.2896376
163.12552970832687,1631.2552970832687,8.88942654062114,1729812872.2998617
163.25570718156362,1632.5570718156362,8.875716639514296,1729812872.3095446
163.38568265852388,1633.8568265852387,8.861944197416575,1729812872.319693
163.51545522408432,1635.1545522408433,8.84810936069051,1729812872.329644
163.64502396532703,1636.4502396532703,8.834212279701486,1729812872.3395784
163.77438797159812,1637.7438797159812,8.820253108817457,1729812872.3497598
163.9035463345665,1639.035463345665,8.806232006408186,1729812872.3597188
164.0324981482825,1640.324981482825,8.792149134843944,1729812872.3696206
164.1612425092366,1641.6124250923658,8.77800466049374,1729812872.3796453
164.2897785164178,1642.897785164178,8.763798753723012,1729812872.389561
164.4181052713726,1644.181052713726,8.749531588890823,1729812872.3995452
164.54622187826314,1645.4622187826315,8.735203344346518,1729812872.409809
164.67412744392587,1646.7412744392586,8.720814202425908,1729812872.4195437
164.8018210779299,1648.018210779299,8.706364349446895,1729812872.4296105
164.92930189263538,1649.2930189263539,8.691853975704602,1729812872.4396596
165.05656900325167,1650.5656900325166,8.677283275465975,1729812872.4495783
165.18362152789555,1651.8362152789555,8.662652446963875,1729812872.459406
165.31045858764935,1653.1045858764935,8.647961692390632,1729812872.4695642
165.43707930661878,1654.3707930661878,8.633211217891093,1729812872.4796143
165.56348281199098,1655.6348281199098,8.618401233555135,1729812872.4896095
165.68966823409204,1656.8966823409205,8.603531953409652,1729812872.4997084
165.81563470644485,1658.1563470644485,8.588603595410047,1729812872.509867
165.9413813658264,1659.413813658264,8.573616381431144,1729812872.5196154
166.0669073523252,1660.6690735232519,8.558570537257635,1729812872.5296278
166.1922118093985,1661.9221180939849,8.543466292573966,1729812872.5396602
166.31729388392927,1663.1729388392928,8.528303880953688,1729812872.5496507
166.44215272628315,1664.4215272628317,8.51308353984833,1729812872.5598364
166.5667874903651,1665.667874903651,8.497805510575688,1729812872.5696783
166.69119733367594,1666.9119733367595,8.482470038307643,1729812872.5796278
166.8153814173687,1668.1538141736871,8.467077372057407,1729812872.5895777
166.93933890630476,1669.3933890630476,8.45162776466628,1729812872.5997014
167.06306896910974,1670.6306896910974,8.436121472789877,1729812872.6099076
167.1865707782293,1671.8657077822932,8.420558756883807,1729812872.6196544
167.30984350998474,1673.0984350998474,8.40493988118887,1729812872.6295958
167.4328863446281,1674.3288634462808,8.389265113715691,1729812872.6397753
167.55569846639727,1675.5569846639728,8.373534726228879,1729812872.649554
167.67827906357095,1676.7827906357095,8.357748994230631,1729812872.6597173
167.80062732852306,1678.0062732852307,8.341908196943837,1729812872.6697414
167.92274245777713,1679.2274245777712,8.326012617294664,1729812872.679671
168.04462365206035,1680.4462365206036,8.310062541894627,1729812872.6897357
168.16627011635728,1681.6627011635728,8.294058261022153,1729812872.699662
168.28768105996346,1682.8768105996346,8.27800006860363,1729812872.7098365
168.40885569653858,1684.0885569653858,8.261888262193942,1729812872.7196786
168.52979324415938,1685.2979324415937,8.245723142956507,1729812872.729637
168.6504929253723,1686.504929253723,8.229505015642813,1729812872.739625
168.77095396724582,1687.709539672458,8.213234188571443,1729812872.7499728
168.89117560142242,1688.9117560142242,8.196910973606608,1729812872.7597697
169.01115706417028,1690.1115706417027,8.180535686136174,1729812872.7696967
169.1308975964346,1691.308975964346,8.164108645049218,1729812872.7796383
169.25039644388875,1692.5039644388876,8.147630172713063,1729812872.7896204
169.3696528569847,1693.6965285698468,8.131100594949839,1729812872.799687
169.48866609100355,1694.8866609100355,8.114520241012581,1729812872.809515
169.60743540610542,1696.0743540610542,8.097889443560796,1729812872.8196838
169.72596006737902,1697.2596006737901,8.081208538635599,1729812872.8296025
169.84423934489092,1698.4423934489091,8.064477865634352,1729812872.839701
169.96227251373435,1699.6227251373434,8.047697767284825,1729812872.8496323
170.08005885407772,1700.8005885407772,8.030868589618917,1729812872.8595912
170.19759765121262,1701.9759765121262,8.013990681945875,1729812872.8697295
170.31488819560153,1703.1488819560152,7.997064396825094,1729812872.8796225
170.4319297829251,1704.319297829251,7.9800900900384235,1729812872.8896368
170.54872171412893,1705.4872171412894,7.963068120562049,1729812872.899667
170.6652632954701,1706.6526329547012,7.945998850537915,1729812872.9095702
170.78155383856313,1707.8155383856313,7.928882645244702,1729812872.9197612
170.89759266042546,1708.9759266042547,7.911719873068371,1729812872.9296353
171.01337908352275,1710.1337908352275,7.894510905472277,1729812872.939692
171.12891243581348,1711.2891243581348,7.877256116966837,1729812872.9496703
171.24419205079317,1712.4419205079316,7.859955885078795,1729812872.9594953
171.3592172675382,1713.5921726753822,7.842610590320048,1729812872.9699554
171.4739874307492,1714.7398743074918,7.825220616156072,1729812872.979672
171.58850189079368,1715.8850189079367,7.807786348973924,1729812872.9896555
171.7027600037487,1717.027600037487,7.7903081780498535,1729812872.9998512
171.8167611314425,1718.167611314425,7.7727864955165025,1729812873.0095782
171.93050464149604,1719.3050464149605,7.755221696329727,1729812873.0195656
172.04398990736397,1720.4398990736397,7.737614178235015,1729812873.0296314
172.15721630837487,1721.5721630837488,7.719964341733519,1729812873.0397806
172.27018322977133,1722.7018322977133,7.702272590047738,1729812873.0496483
172.38289006274925,1723.8289006274927,7.684539329086796,1729812873.05952
172.4953362044968,1724.953362044968,7.666764967411375,1729812873.0696929
172.6075210582327,1726.075210582327,7.6489499161982835,1729812873.0795698
172.71944403324417,1727.1944403324417,7.631094589204668,1729812873.0896301
172.83110454492422,1728.311045449242,7.6131994027318814,1729812873.0996933
172.94250201480835,1729.4250201480836,7.595264775589005,1729812873.1096194
173.0536358706109,1730.5363587061088,7.577291129056048,1729812873.1197615
173.1645055462606,1731.6450554626063,7.559278886846808,1729812873.1296706
173.27511048193594,1732.7511048193594,7.541228475071408,1729812873.1396255
173.38545012409952,1733.8545012409952,7.523140322198527,1729812873.149747
173.49552392553227,1734.9552392553228,7.505014859017312,1729812873.159616
173.6053313453668,1736.0533134536681,7.4868525185989885,1729812873.1696804
173.71487184912039,1737.148718491204,7.468653736258197,1729812873.179683
173.82414490872722,1738.2414490872723,7.45041894951401,1729812873.1895866
173.93315000257024,1739.3315000257026,7.432148598050681,1729812873.1997633
174.04188661551228,1740.418866155123,7.4138431236781255,1729812873.2096236
174.15035423892667,1741.5035423892666,7.395502970292126,1729812873.2196963
174.2585523707272,1742.585523707272,7.377128583834271,1729812873.2296488
174.36648051539757,1743.6648051539757,7.35872041225166,1729812873.2396448
174.47413818402023,1744.7413818402024,7.340278905456341,1729812873.249715
174.58152489430455,1745.8152489430454,7.321804515284523,1729812873.2595391
174.6886401706145,1746.8864017061449,7.3032976954555515,1729812873.2696292
174.79548354399557,1747.9548354399558,7.284758901530651,1729812873.2796562
174.90205455220132,1749.0205455220132,7.266188590871476,1729812873.2896383
175.00835273971902,1750.0835273971902,7.247587222598419,1729812873.2996023
175.1143776577949,1751.143776577949,7.228955257548748,1729812873.3094864
175.2201288644588,1752.2012886445877,7.2102931582345295,1729812873.3196568
175.32560592454792,1753.2560592454793,7.191601388800361,1729812873.3297622
175.4308084097303,1754.308084097303,7.17288041498095,1729812873.339662
175.53573589852752,1755.3573589852751,7.154130704058499,1729812873.3495564
175.64038797633663,1756.4038797633661,7.135352724819915,1729812873.3595939
175.74476423545173,1757.4476423545173,7.116546947513912,1729812873.369662
175.8488642750847,1758.488642750847,7.097713843807901,1729812873.379621
175.95268770138543,1759.5268770138543,7.078853886744795,1729812873.3896358
176.05623412746127,1760.5623412746127,7.059967550699648,1729812873.3997424
176.15950317339605,1761.5950317339605,7.041055311336173,1729812873.4094675
176.26249446626824,1762.6249446626823,7.022117645563153,1729812873.41962
176.3652076401686,1763.652076401686,7.003155031490737,1729812873.4295616
176.46764233621718,1764.6764233621718,6.9841679483866415,1729812873.439573
176.56979820257968,1765.6979820257968,6.96515687663223,1729812873.4496753
176.67167489448303,1766.7167489448302,6.946122297678549,1729812873.459572
176.77327207423056,1767.7327207423057,6.927064694002249,1729812873.4697142
176.87458941121628,1768.7458941121627,6.907984549061462,1729812873.479598
176.9756265819387,1769.7562658193872,6.888882347251608,1729812873.4897544
177.07638327001396,1770.7638327001396,6.869758573861125,1729812873.4997635
177.17685916618817,1771.7685916618816,6.850613715027194,1729812873.5096753
177.27705396834924,1772.7705396834924,6.831448257691386,1729812873.519617
177.37696738153815,1773.7696738153816,6.81226268955532,1729812873.529658
177.47659911795927,1774.7659911795927,6.793057499036232,1729812873.539648
177.5759488969903,1775.759488969903,6.773833175222617,1729812873.5496323
177.6750164451915,1776.7501644519148,6.7545902078297875,1729812873.5594506
177.77380149631406,1777.7380149631406,6.735329087155469,1729812873.5696974
177.87230379130827,1778.7230379130826,6.716050304035408,1729812873.579601
177.97052307833047,1779.7052307833046,6.6967543497989634,1729812873.5896277
178.06845911274982,1780.6845911274982,6.677441716224768,1729812873.5996578
178.1661116571542,1781.6611165715422,6.6581128954963855,1729812873.6094956
178.26348048135546,1782.6348048135546,6.638768380158012,1729812873.619581
178.3605653623941,1783.6056536239412,6.619408663070251,1729812873.6296437
178.45736608454328,1784.5736608454329,6.6000342373659,1729812873.6396117
178.55388243931208,1785.5388243931206,6.580645596405848,1729812873.6496477
178.6501142254483,1786.501142254483,6.561243233734993,1729812873.6594906
178.74606124894046,1787.4606124894046,6.5418276430382765,1729812873.6697109
178.84172332301918,1788.4172332301919,6.522399318096788,1729812873.6796918
178.93710026815805,1789.3710026815804,6.502958752743966,1729812873.6896625
179.03219191207364,1790.3219191207363,6.483506440821872,1729812873.699596
179.12699808972508,1791.2699808972507,6.464042876137622,1729812873.7096376
179.22151864331286,1792.2151864331286,6.44456855241989,1729812873.7197015
179.31575342227703,1793.1575342227702,6.425083963275549,1729812873.7295914
179.40970228329482,1794.0970228329481,6.405589602146449,1729812873.739725
179.50336509027758,1795.033650902776,6.386085962266312,1729812873.7496169
179.59674171436708,1795.967417143671,6.366573536617784,1729812873.7596192
179.68983203393122,1796.8983203393122,6.347052817889633,1729812873.7698135
179.78263593455907,1797.8263593455906,6.32752429843411,1729812873.77974
179.87515330905532,1798.7515330905533,6.307988470224462,1729812873.789616
179.9673840574341,1799.6738405743408,6.288445824812625,1729812873.7996132
180.0593280869122,1800.5932808691218,6.268896853287103,1729812873.8098953
180.15098531190165,1801.5098531190165,6.249342046231002,1729812873.8196073
180.2423556540017,1802.423556540017,6.229781893680288,1729812873.8296072
180.33343904199015,1803.3343904199014,6.210216885082234,1729812873.8395748
180.42423541181412,1804.2423541181413,6.190647509254054,1729812873.8495228
180.51474470658027,1805.1474470658027,6.171074254341773,1729812873.8595257
180.6049668765443,1806.049668765443,6.151497607779294,1729812873.8696709
180.69490187909986,1806.9490187909987,6.131918056247692,1729812873.8796623
180.78454967876704,1807.8454967876703,6.112336085634761,1729812873.889652
180.87391024718002,1808.7391024718002,6.092752180994758,1729812873.8998988
180.96298356307437,1809.6298356307439,6.073166826508421,1729812873.909644
181.05176961227355,1810.5176961227355,6.053580505443213,1729812873.9196866
181.140268387675,1811.40268387675,6.033993700113847,1729812873.9296165
181.22847988923562,1812.284798892356,6.014406891843029,1729812873.9396079
181.3164041239565,1813.164041239565,5.994820560922511,1729812873.9495673
181.4040411058674,1814.0404110586742,5.975235186574391,1729812873.9594367
181.4913908560105,1814.913908560105,5.955651246912684,1729812873.9695866
181.5784534024234,1815.784534024234,5.936069218905185,1729812873.9795852
181.665228780122,1816.65228780122,5.91648957833563,1729812873.9896657
181.75171703108234,1817.5171703108233,5.896912799766126,1729812873.9996076
181.83791820422232,1818.3791820422232,5.877339356499901,1729812874.0095441
181.92383235538261,1819.2383235538261,5.857769720544342,1729812874.0196261
182.0094595473072,1820.0945954730719,5.838204362574345,1729812874.0297039
182.09479984962312,1820.947998496231,5.818643751895971,1729812874.0396652
182.17985333882007,1821.7985333882007,5.799088356410445,1729812874.0495975
182.26462009822916,1822.6462009822917,5.779538642578451,1729812874.0595582
182.3491002180013,1823.4910021800129,5.759995075384756,1729812874.0696013
182.433293795085,1824.33293795085,5.740458118303179,1729812874.0796003
182.51720093320378,1825.1720093320378,5.7209282332618905,1729812874.0896266
182.60082174283292,1826.0082174283293,5.701405880609048,1729812874.0997498
182.6841563411758,1826.841563411758,5.68189151907878,1729812874.1096396
182.76720485213977,1827.6720485213978,5.662385605757521,1729812874.1196787
182.84996740631146,1828.4996740631145,5.642888596050682,1729812874.1295872
182.9324441409317,1829.324441409317,5.623400943649713,1729812874.1396568
183.0146351998698,1830.1463519986978,5.603923100499484,1729812874.1495728
183.09654073359755,1830.9654073359754,5.584455516766058,1729812874.1594286
183.17816089916263,1831.7816089916264,5.56499864080482,1729812874.169774
183.25949586016162,1832.5949586016163,5.545552919128994,1729812874.1796463
183.34054578671245,1833.4054578671246,5.526118796378503,1729812874.1897469
183.42131085542658,1834.2131085542658,5.506696715289234,1729812874.1997037
183.50179124938055,1835.0179124938054,5.487287116662674,1729812874.2096164
183.58198715808714,1835.8198715808714,5.467890439335935,1729812874.2195761
183.6618987774663,1836.6189877746629,5.4485071201521595,1729812874.2295835
183.7415263098152,1837.415263098152,5.429137593931312,1729812874.239644
183.82086996377842,1838.2086996377843,5.409782293441385,1729812874.2495596
183.89992995431723,1838.9992995431724,5.390441649369977,1729812874.2594476
183.9787065026788,1839.7870650267878,5.371116090296271,1729812874.2697053
184.05719983636473,1840.5719983636473,5.351806042663425,1729812874.2796705
184.13541018909947,1841.3541018909948,5.3325119307513695,1729812874.2895956
184.21333780079814,1842.1333780079815,5.313234176649992,1729812874.2997155
184.290982917534,1842.9098291753398,5.293973200232724,1729812874.3096166
184.36834579150556,1843.6834579150557,5.274729419130573,1729812874.3196456
184.44542668100337,1844.4542668100337,5.255503248706525,1729812874.3296647
184.52222585037632,1845.2222585037632,5.236295102030395,1729812874.3396332
184.59874356999768,1845.9874356999767,5.2171053898540585,1729812874.3496351
184.67498011623078,1846.749801162308,5.197934520587127,1729812874.3594432
184.7509357713942,1847.509357713942,5.178782900273017,1729812874.3697324
184.82661082372687,1848.2661082372688,5.159650932565475,1729812874.3796296
184.90200556735252,1849.0200556735251,5.14053901870547,1729812874.3897083
184.9771203022441,1849.771203022441,5.121447557498559,1729812874.3996289
185.05195533418762,1850.5195533418762,5.102376945292649,1729812874.4095936
185.1265109747459,1851.265109747459,5.083327575956183,1729812874.4196362
185.2007875412218,1852.0078754122183,5.064299840856757,1729812874.4297009
185.27478535662127,1852.7478535662126,5.045294128840165,1729812874.439803
185.34850474961604,1853.4850474961604,5.026310826209867,1729812874.4495656
185.4219460545061,1854.2194605450609,5.007350316706866,1729812874.4595735
185.4951096111817,1854.9510961118172,4.988412981490052,1729812874.4698496
185.56799576508539,1855.6799576508538,4.9694991991169495,1729812874.4797308
185.6406048671734,1856.406048671734,4.950609345524876,1729812874.4897
185.71293727387706,1857.1293727387706,4.931743794012565,1729812874.499644
185.78499334706376,1857.8499334706376,4.912902915222203,1729812874.5096633
185.8567734539978,1858.567734539978,4.894087077121883,1729812874.5195997
185.92827796730083,1859.2827796730082,4.8752966449885005,1729812874.5295515
185.9995072649123,1859.995072649123,4.856531981391079,1729812874.5397015
186.07046173004932,1860.7046173004933,4.837793446174496,1729812874.5497434
186.14114175116654,1861.4114175116654,4.819081396443691,1729812874.5595455
186.2115477219158,1862.115477219158,4.800396186548252,1729812874.5696268
186.28168004110537,1862.8168004110537,4.781738168067447,1729812874.5796564
186.3515391126593,1863.5153911265932,4.763107689795683,1729812874.5896006
186.42112534557617,1864.2112534557618,4.7445050977283785,1729812874.599618
186.4904391538879,1864.904391538879,4.725930735048287,1729812874.6096115
186.5594809566184,1865.5948095661838,4.707384942112224,1729812874.6196547
186.62825117774176,1866.2825117774175,4.688868056438206,1729812874.629625
186.6967502461406,1866.967502461406,4.670380412693044,1729812874.6396961
186.76497859556397,1867.6497859556398,4.651922342680336,1729812874.6496532
186.83293666458528,1868.3293666458528,4.633494175328876,1729812874.6595979
186.9006248965598,1869.006248965598,4.6150962366814845,1729812874.6696246
186.9680437395824,1869.6804373958241,4.596728849884293,1729812874.6796699
187.03519364644475,1870.3519364644476,4.578392335176362,1729812874.6896296
187.10207507459256,1871.0207507459256,4.56008700987981,1729812874.6996186
187.16868848608271,1871.6868848608271,4.541813188390277,1729812874.7096527
187.23503434754022,1872.3503434754023,4.523571182167844,1729812874.7196846
187.30111313011494,1873.0111313011494,4.5053612997283246,1729812874.7296762
187.3669253094384,1873.6692530943837,4.487183846635029,1729812874.7399447
187.43247136558023,1874.3247136558023,4.469039125490847,1729812874.7497475
187.4977517830048,1874.9775178300479,4.450927435930803,1729812874.759624
187.56276705052744,1875.6276705052744,4.432849074614991,1729812874.7696478
187.62751766127084,1876.2751766127085,4.414804335221882,1729812874.7796376
187.6920041126211,1876.9200411262111,4.396793508442082,1729812874.7895696
187.75622690618394,1877.5622690618393,4.378816881972437,1729812874.7997086
187.82018654774058,1878.2018654774058,4.360874740510555,1729812874.8095527
187.88388354720382,1878.8388354720382,4.342967365749722,1729812874.8195815
187.94731841857381,1879.473184185738,4.325095036374178,1729812874.8296342
188.01049167989387,1880.1049167989388,4.307258028054818,1729812874.839773
188.0734038532063,1880.7340385320629,4.289456613445255,1729812874.849637
188.13605546450793,1881.3605546450794,4.271691062178245,1729812874.8598964
188.19844704370598,1881.9844704370598,4.253961640862531,1729812874.8699806
188.26057912457344,1882.6057912457345,4.236268613080037,1729812874.8795815
188.3224522447048,1883.224522447048,4.218612239383441,1729812874.8896785
188.38406694547155,1883.8406694547155,4.200992777294104,1729812874.8996704
188.44542377197763,1884.4542377197763,4.18341048130039,1729812874.9097376
188.50652327301503,1885.0652327301505,4.165865602856339,1729812874.9195921
188.56736600101922,1885.6736600101922,4.148358390380693,1729812874.9296348
188.62795251202462,1886.2795251202463,4.1308890892562875,1729812874.939635
188.68828336562007,1886.8828336562005,4.113457941829804,1729812874.9495895
188.74835912490428,1887.4835912490428,4.0960651874118685,1729812874.9594126
188.8081803564414,1888.081803564414,4.078711062277506,1729812874.969673
188.86774763021637,1888.6774763021638,4.061395799666913,1729812874.9796176
188.92706151959055,1889.2706151959055,4.044119629786621,1729812874.9895654
188.9861226012572,1889.861226012572,4.026882779810954,1729812874.9996529
189.044931455197,1890.44931455197,4.009685473883843,1729812875.0096242
189.10348866463372,1891.034886646337,3.9925279331209835,1729812875.019642
189.1617948159897,1891.617948159897,3.975410375612294,1729812875.029586
189.2198504988417,1892.198504988417,3.9583330164247417,1729812875.0395908
189.27765630587646,1892.7765630587646,3.9412960676054385,1729812875.0496004
189.3352128328465,1893.3521283284651,3.9242997381851032,1729812875.0594242
189.39252067852598,1893.92520678526,3.907344234181816,1729812875.0696132
189.4495804446665,1894.495804446665,3.890429758605092,1729812875.0796504
189.50639273595314,1895.0639273595314,3.87355651146026,1729812875.0896704
189.56295815996035,1895.6295815996034,3.8567246897531455,1729812875.099666
189.61927732710808,1896.1927732710808,3.83993448749507,1729812875.1096992
189.675350850618,1896.75350850618,3.8231860957081314,1729812875.1196265
189.73117934646964,1897.3117934646964,3.8064797024307784,1729812875.1296144
189.78676343335678,1897.8676343335678,3.7898154927236996,1729812875.1396258
189.8421037326438,1898.4210373264382,3.773193648675966,1729812875.1497462
189.89720086832233,1898.9720086832233,3.7566143494114947,1729812875.159502
189.95205546696766,1899.5205546696766,3.74007777109574,1729812875.16977
190.00666815769563,1900.0666815769564,3.7235840869427306,1729812875.1796432
190.06103957211934,1900.6103957211935,3.707133467222317,1729812875.1896594
190.11517034430614,1901.1517034430613,3.6907260792677214,1729812875.199658
190.16906111073462,1901.6906111073463,3.674362087483343,1729812875.2094915
190.22271251025185,1902.2271251025186,3.6580416533528273,1729812875.219559
190.27612518403058,1902.7612518403057,3.641764935447378,1729812875.2297037
190.3292997755267,1903.292997755267,3.6255320894343623,1729812875.23957
190.38223693043673,1903.8223693043674,3.609343268086113,1729812875.2496994
190.4349372966556,1904.3493729665558,3.5931986212890217,1729812875.2593791
190.48740152423431,1904.8740152423431,3.577098296052849,1729812875.2696142
190.53963026533802,1905.3963026533802,3.561042436520275,1729812875.2798862
190.59162417420404,1905.9162417420405,3.5450311839767044,1729812875.2897005
190.64338390710014,1906.4338390710013,3.5290646768602723,1729812875.2997174
190.6949101222829,1906.9491012228289,3.5131430507721,1729812875.3098
190.74620347995625,1907.4620347995624,3.4972664384867724,1729812875.3197043
190.7972646422302,1907.972646422302,3.4814349699630136,1729812875.3296628
190.8480942730797,1908.480942730797,3.465648772354617,1729812875.339618
190.89869303830363,1908.9869303830365,3.4499079700215396,1729812875.3497097
190.949061605484,1909.4906160548398,3.434212684541247,1729812875.3597567
190.99920064394533,1909.9920064394532,3.4185630347202447,1729812875.3696647
191.04911082471418,1910.4911082471417,3.4029591366057788,1729812875.37962
191.09879282047885,1910.9879282047884,3.387401103497813,1729812875.3897254
191.14824730554923,1911.4824730554924,3.3718890459611024,1729812875.3998184
191.19747495581694,1911.9747495581694,3.3564230718375376,1729812875.409494
191.24647644871553,1912.4647644871552,3.341003286258615,1729812875.4196222
191.29525246318084,1912.9525246318085,3.3256297916581166,1729812875.4297547
191.34380367961177,1913.4380367961176,3.3103026877849913,1729812875.4396427
191.392130779831,1913.92130779831,3.295022071716351,1729812875.4497046
191.44023444704604,1914.4023444704603,3.2797880378706625,1729812875.4595041
191.48811536581036,1914.8811536581036,3.2646006780211416,1729812875.4697363
191.5357742219849,1915.357742219849,3.2494600813092585,1729812875.479604
191.58321170269957,1915.8321170269958,3.234366334258423,1729812875.4899886
191.63042849631512,1916.304284963151,3.2193195207878316,1729812875.499635
191.6774252923851,1916.774252923851,3.2043197222264657,1729812875.5095685
191.72420278161812,1917.2420278161812,3.1893670173272173,1729812875.5196195
191.7707616558403,1917.7076165584028,3.174461482281177,1729812875.5296133
191.8171026079578,1918.171026079578,3.159603190732058,1729812875.539565
191.8632263319198,1918.632263319198,3.1447922137907613,1729812875.5496564
191.9091335226815,1919.0913352268149,3.130028620050066,1729812875.5595944
191.95482487616735,1919.5482487616734,3.1153124755994654,1729812875.569685
192.00030108923474,1920.0030108923474,3.1006438440400985,1729812875.5795994
192.0455628596375,1920.455628596375,3.0860227864998255,1729812875.5895889
192.09061088598997,1920.9061088598996,3.0714493616484497,1729812875.5996833
192.13544586773122,1921.3544586773123,3.0569236257129915,1729812875.6094863
192.1800685050893,1921.8006850508932,3.0424456324931106,1729812875.6195517
192.22447949904603,1922.2447949904604,3.0280154333766585,1729812875.629628
192.26867955130166,1922.6867955130165,3.013633077355292,1729812875.6396892
192.3126693642402,1923.1266936424022,2.9992986110402264,1729812875.6497033
192.35644964089457,1923.5644964089456,2.98501207867804,1729812875.6594353
192.40002108491214,1924.0002108491215,2.9707735221666334,1729812875.6695936
192.4433844005206,1924.433844005206,2.9565829810712434,1729812875.6796818
192.48654029249403,1924.8654029249403,2.9424404926405496,1729812875.6895688
192.52948946611897,1925.2948946611898,2.9283460918228577,1729812875.699718
192.5722326271611,1925.722326271611,2.9142998112823926,1729812875.7095037
192.61477048183193,1926.1477048183192,2.9003016814156575,1729812875.719552
192.65710373675572,1926.5710373675572,2.8863517303678328,1729812875.729533
192.69923309893676,1926.9923309893675,2.872449984049323,1729812875.7395747
192.7411592757269,1927.4115927572689,2.8585964661523007,1729812875.7495518
192.78288297479304,1927.8288297479303,2.844791198167337,1729812875.7595541
192.82440490408538,1928.244049040854,2.831034199400141,1729812875.7699208
192.8657257718054,1928.6572577180539,2.817325486988271,1729812875.779704
192.90684628637436,1929.0684628637437,2.8036650759179946,1729812875.7896242
192.94776715640205,1929.4776715640205,2.7900529790411244,1729812875.7998145
192.98848909065572,1929.8848909065573,2.7764892070919758,1729812875.80976
193.02901279802919,1930.2901279802918,2.762973768704294,1729812875.8196578
193.06933898751237,1930.6933898751236,2.7495066704283144,1729812875.8296182
193.10946836816092,1931.0946836816092,2.736087916747785,1729812875.8395884
193.14940164906625,1931.4940164906625,2.722717510097086,1729812875.8497043
193.18913953932565,1931.8913953932565,2.709395450878326,1729812875.85947
193.22868274801272,1932.2868274801272,2.69612173747854,1729812875.8696084
193.26803198414814,1932.6803198414814,2.6828963662868897,1729812875.8795512
193.30718795667056,1933.0718795667055,2.6697193317118493,1729812875.8896239
193.34615137440784,1933.4615137440783,2.656590626198495,1729812875.8996623
193.38492294604845,1933.8492294604844,2.643510240245756,1729812875.9096847
193.42350338011326,1934.2350338011327,2.630478162423714,1729812875.9195924
193.46189338492746,1934.6189338492745,2.617494379390904,1729812875.9296696
193.5000936685928,1935.000936685928,2.6045588759116405,1729812875.9395683
193.53810493896,1935.3810493896,2.591671634873354,1729812875.949818
193.57592790360155,1935.7592790360154,2.578832637303939,1729812875.9596884
193.61356326978466,1936.1356326978466,2.5660418623891146,1729812875.9696596
193.6510117444445,1936.510117444445,2.5532992874897587,1729812875.9796169
193.68827403415767,1936.8827403415767,2.5406048881592844,1729812875.9896235
193.725350845116,1937.25350845116,2.5279586381610097,1729812875.9996195
193.76224288310047,1937.6224288310048,2.5153605094854803,1729812876.0095136
193.79895085345555,1937.9895085345556,2.5028104723678566,1729812876.0196145
193.83547546106365,1938.3547546106365,2.490308495305239,1729812876.0300775
193.8718174103199,1938.7181741031989,2.4778545450740057,1729812876.0396845
193.90797740510715,1939.0797740510716,2.465448586747152,1729812876.049648
193.94395614877126,1939.4395614877126,2.4530905837115795,1729812876.0593848
193.97975434409668,1939.7975434409668,2.4407804976854073,1729812876.0696177
194.01537269328207,1940.1537269328207,2.4285182887352277,1729812876.0796344
194.0508118979165,1940.508118979165,2.4163039152933954,1729812876.0895896
194.08607265895566,1940.8607265895566,2.404137334175235,1729812876.0996091
194.12115567669835,1941.2115567669834,2.392018500596247,1729812876.1096084
194.15606165076338,1941.5606165076338,2.3799473681893217,1729812876.1197028
194.1907912800665,1941.907912800665,2.3679238890218612,1729812876.1295846
194.22534526279776,1942.2534526279776,2.355948013612927,1729812876.1396437
194.259724296399,1942.59724296399,2.3440196909503164,1729812876.1496937
194.29392907754175,1942.9392907754175,2.3321388685076445,1729812876.1594248
194.32796030210508,1943.279603021051,2.3203054922613418,1729812876.1697936
194.36181866515412,1943.6181866515412,2.3085195067076554,1729812876.1796334
194.39550486091838,1943.955048609184,2.2967808548795836,1729812876.1895916
194.4290195827707,1944.290195827707,2.2850894783638007,1729812876.1996737
194.46236352320622,1944.6236352320623,2.273445317317504,1729812876.2095573
194.4955373738216,1944.9553737382162,2.2618483104852376,1729812876.2195768
194.52854182529472,1945.2854182529472,2.2502983952156703,1729812876.2296464
194.56137756736425,1945.6137756736425,2.2387955074782915,1729812876.2399397
194.5940452888098,1945.9404528880982,2.22733958188013,1729812876.2496731
194.62654567743218,1946.2654567743218,2.215930551682337,1729812876.259575
194.65887942003377,1946.5887942003378,2.2045683488167866,1729812876.2696924
194.69104720239943,1946.9104720239943,2.1932529039025783,1729812876.2795694
194.72304970927743,1947.2304970927744,2.181984146262509,1729812876.289547
194.7548876243606,1947.5488762436062,2.170762003939456,1729812876.2997708
194.78656163026795,1947.8656163026794,2.1595864037127703,1729812876.3095014
194.8180724085262,1948.180724085262,2.148457271114498,1729812876.3196552
194.84942063955188,1948.4942063955189,2.1373745304456793,1729812876.3296006
194.88060700263344,1948.8060700263345,2.1263381047924574,1729812876.339831
194.91163217591367,1949.1163217591366,2.115347916042198,1729812876.3495867
194.94249683637233,1949.4249683637233,2.104403884899527,1729812876.359547
194.9732016598091,1949.732016598091,2.093505930902315,1729812876.3696296
195.00374732082665,1950.0374732082664,2.0826539724375546,1729812876.379663
195.03413449281402,1950.3413449281402,2.071847926757202,1729812876.3896239
195.0643638479302,1950.643638479302,2.0610877099939535,1729812876.3996634
195.0944360570879,1950.944360570879,2.0503732371769217,1729812876.409584
195.1243517899377,1951.243517899377,2.039704422247279,1729812876.419662
195.15411171485215,1951.5411171485216,2.0290811780737896,1729812876.4295893
195.18371649891046,1951.8371649891046,2.0185034164682985,1729812876.4396021
195.2131668078831,1952.1316680788311,2.0079710482011257,1729812876.4497063
195.24246330621682,1952.4246330621681,1.9974839830163744,1729812876.4596334
195.2716066570197,1952.716066570197,1.9870421296472212,1729812876.4697347
195.30059752204673,1953.0059752204672,1.976645395831056,1729812876.4795632
195.32943656168527,1953.2943656168527,1.9662936883245705,1729812876.489571
195.35812443494098,1953.5812443494096,1.9559869129187937,1729812876.4997478
195.3866617994238,1953.866617994238,1.9457249744540035,1729812876.5094354
195.4150493113343,1954.150493113343,1.935507776834601,1729812876.5197024
195.4432876254501,1954.432876254501,1.9253352230438536,1729812876.529622
195.47137739511265,1954.7137739511265,1.9152072151586021,1729812876.5396028
195.4993192722141,1954.993192722141,1.9051236543638548,1729812876.5496736
195.52711390718446,1955.2711390718446,1.8950844409673073,1729812876.5594192
195.55476194897884,1955.5476194897883,1.885089474413776,1729812876.569553
195.5822640450652,1955.8226404506518,1.8751386532995684,1729812876.5796514
195.60962084141192,1956.0962084141192,1.8652318753867045,1729812876.5896146
195.63683298247594,1956.3683298247593,1.85536903761713,1729812876.5996509
195.6639011111908,1956.639011111908,1.8455500361267911,1729812876.6096358
195.6908258689551,1956.908258689551,1.8357747662596302,1729812876.6195986
195.71760789562106,1957.1760789562106,1.8260431225815021,1729812876.6296427
195.74424782948333,1957.4424782948333,1.8163549988940146,1729812876.6396985
195.77074630726798,1957.7074630726797,1.806710288248229,1729812876.649673
195.79710396412167,1957.9710396412167,1.7971088829583244,1729812876.6596158
195.82332143360105,1958.2332143360104,1.7875506746151593,1729812876.669679
195.84939934766237,1958.4939934766237,1.7780355540997177,1729812876.6795719
195.87533833665123,1958.7533833665123,1.7685634115964812,1729812876.6896777
195.9011390292926,1959.011390292926,1.7591341366067215,1729812876.699687
195.92680205268096,1959.2680205268096,1.7497476179616611,1729812876.7094288
195.95232803227066,1959.5232803227066,1.7404037438356137,1729812876.7196293
195.97771759186654,1959.7771759186653,1.7311024017589332,1729812876.729607
196.00297135361458,1960.029713536146,1.7218434786309493,1729812876.7396557
196.0280899379929,1960.280899379929,1.7126268607327844,1729812876.7497091
196.05307396380283,1960.5307396380283,1.703452433740082,1729812876.7594962
196.0779240481603,1960.779240481603,1.6943200827355986,1729812876.7696629
196.10264080648722,1961.0264080648722,1.685229692221776,1729812876.77969
196.12722485250322,1961.2722485250322,1.6761811461331653,1729812876.7896907
196.15167679821747,1961.5167679821748,1.667174327848755,1729812876.7996547
196.17599725392077,1961.7599725392076,1.6582091202042597,1729812876.8096192
196.2001868281777,1962.001868281777,1.6492854055042137,1729812876.8196464
196.22424612781896,1962.2424612781897,1.6404030655340853,1729812876.8296223
196.2481757579341,1962.4817575793409,1.6315619815722253,1729812876.839614
196.27197632186406,1962.7197632186405,1.6227620344017057,1729812876.8496773
196.29564842119422,1962.956484211942,1.6140031043221295,1729812876.8595922
196.31919265574743,1963.1919265574743,1.6052850711612936,1729812876.8696256
196.34260962357723,1963.4260962357723,1.5966078142867484,1729812876.879581
196.36589992096134,1963.6589992096133,1.5879712126173238,1729812876.8895097
196.38906414239514,1963.8906414239514,1.5793751446344735,1729812876.8996787
196.41210288058556,1964.1210288058555,1.5708194883936168,1729812876.909775
196.4350167264449,1964.350167264449,1.5623041215352784,1729812876.9196458
196.45780626908487,1964.5780626908486,1.5538289212962293,1729812876.9295728
196.48047209581097,1964.8047209581096,1.545393764520497,1729812876.9395864
196.50301479211674,1965.0301479211676,1.5369985276702365,1729812876.9495714
196.52543494167844,1965.2543494167844,1.5286430868365843,1729812876.9595323
196.5477331263497,1965.477331263497,1.5203273177503482,1729812876.9695888
196.56990992615636,1965.6990992615636,1.5120510957926352,1729812876.9797606
196.59196591929157,1965.9196591929158,1.5038142960053995,1729812876.9896152
196.61390168211096,1966.1390168211096,1.4956167931018416,1729812876.9998372
196.6357177891279,1966.3571778912792,1.4874584614767552,1729812877.0095987
196.65741481300907,1966.5741481300906,1.4793391752167788,1729812877.0195634
196.67899332456997,1966.7899332456998,1.4712588081105298,1729812877.0298
196.70045389277087,1967.0045389277086,1.4632172336586637,1729812877.0396926
196.72179708471256,1967.2179708471256,1.4552143250838028,1729812877.0497212
196.74302346563255,1967.4302346563254,1.447249955340426,1729812877.0595407
196.76413359890117,1967.6413359890116,1.4393239971246277,1729812877.0699482
196.785128046018,1967.85128046018,1.4314363228837794,1729812877.0796537
196.80600736660836,1968.0600736660836,1.4235868048261202,1729812877.0897563
196.82677211841985,1968.2677211841985,1.415775314930222,1729812877.0998523
196.84742285731923,1968.4742285731922,1.4080017249544095,1729812877.1096783
196.86796013728932,1968.679601372893,1.400265906446037,1729812877.119715
196.8883845104259,1968.883845104259,1.3925677307506734,1729812877.1296186
196.90869652693513,1969.0869652693514,1.3849070690212595,1729812877.1397004
196.9288967351306,1969.288967351306,1.3772837922270766,1729812877.1495547
196.9489856814309,1969.4898568143092,1.3696977711627123,1729812877.1595778
196.96896391035725,1969.6896391035725,1.3621488764568688,1729812877.1695802
196.988831964531,1969.8883196453098,1.3546369785811119,1729812877.1796527
197.00859038467163,1970.0859038467163,1.3471619478585342,1729812877.1896033
197.0282397095947,1970.2823970959469,1.3397236544722797,1729812877.1996653
197.0477804762097,1970.477804762097,1.3323219684740422,1729812877.2098002
197.06721321951855,1970.6721321951854,1.3249567597924385,1729812877.2195961
197.08653847261368,1970.8653847261369,1.3176278982412977,1729812877.2295825
197.1057567666766,1971.0575676667659,1.3103352535278368,1729812877.239578
197.12486863097638,1971.2486863097638,1.3030786952607953,1729812877.2495859
197.14387459286837,1971.4387459286836,1.2958580929584325,1729812877.2595923
197.16277517779298,1971.62775177793,1.2886733160564812,1729812877.269685
197.18157090927457,1971.8157090927457,1.2815242339159698,1729812877.2796326
197.20026230892046,1972.0026230892045,1.2744107158309723,1729812877.2896163
197.21884989642007,1972.1884989642008,1.2673326310363033,1729812877.299614
197.2373341895442,1972.373341895442,1.2602898487150713,1729812877.3094065
197.2557157041444,1972.557157041444,1.2532822380061606,1729812877.319565
197.27399495415222,1972.739949541522,1.2463096680116599,1729812877.3296793
197.29217245157906,1972.9217245157906,1.2393720078041883,1729812877.3396645
197.31024870651572,1973.1024870651572,1.232469126434102,1729812877.3496518
197.32822422713215,1973.2822422713216,1.225600892936645,1729812877.3594637
197.34609951967735,1973.4609951967736,1.2187671763390315,1729812877.369674
197.3638750884794,1973.638750884794,1.2119678456674197,1729812877.3796735
197.38155143594548,1973.815514359455,1.205202769953789,1729812877.389684
197.3991290625621,1973.991290625621,1.1984718182427812,1729812877.3996787
197.41660846689538,1974.1660846689538,1.1917748595983997,1729812877.409487
197.4339901455914,1974.339901455914,1.1851117631106756,1729812877.4195416
197.4512745933767,1974.5127459337668,1.1784823979022252,1729812877.429551
197.46846230305889,1974.684623030589,1.1718866331347289,1729812877.439626
197.48555376552724,1974.8555376552724,1.1653243380153273,1729812877.4496624
197.50254946975355,1975.0254946975356,1.1587953818029564,1729812877.459448
197.51944990279281,1975.194499027928,1.1522996338145624,1729812877.469753
197.53625554978439,1975.362555497844,1.145836963431305,1729812877.4795713
197.55296689395283,1975.5296689395282,1.1394072401045885,1729812877.4895804
197.56958441660916,1975.6958441660915,1.1330103333620989,1729812877.4995947
197.58610859715196,1975.8610859715195,1.126646112813702,1729812877.5099468
197.60253991306874,1976.0253991306874,1.1203144481573086,1729812877.51964
197.61887883993728,1976.1887883993727,1.1140152091846303,1729812877.529546
197.6351258514271,1976.351258514271,1.1077482657868685,1729812877.5396283
197.65128141930097,1976.5128141930097,1.101513487960339,1729812877.5496013
197.66734601341656,1976.6734601341657,1.0953107458119944,1729812877.5595827
197.68332010172819,1976.833201017282,1.0891399095649255,1729812877.5696788
197.6992041502885,1976.992041502885,1.083000849563685,1729812877.579615
197.71499862325038,1977.1499862325038,1.076893436279661,1729812877.5895724
197.73070398286893,1977.3070398286893,1.0708175403162943,1729812877.5998816
197.74632068950345,1977.4632068950345,1.0647730324142333,1729812877.6095998
197.76184920161947,1977.6184920161948,1.0587597834564302,1729812877.6196513
197.777289975791,1977.7728997579102,1.0527776644731879,1729812877.6296284
197.7926434667027,1977.926434667027,1.0468265466470714,1729812877.6396484
197.80791012715224,1978.0791012715224,1.0409063013178161,1729812877.6496336
197.82309040805262,1978.2309040805262,1.035016799987115,1729812877.6597238
197.83818475843464,1978.3818475843464,1.0291579143233522,1729812877.6697023
197.8531936254494,1978.531936254494,1.0233295161662936,1729812877.6796227
197.86811745437092,1978.6811745437092,1.0175314775316617,1729812877.6896055
197.88295668859874,1978.8295668859873,1.0117636706156659,1729812877.6996257
197.89771176966067,1978.9771176966067,1.0060259677994732,1729812877.7095554
197.91238313721553,1979.1238313721553,1.0003182416535856,1729812877.719696
197.92697122905602,1979.2697122905602,0.9946403649421831,1729812877.7295673
197.94147648111164,1979.4147648111164,0.9889922106273565,1729812877.7396145
197.95589932745156,1979.5589932745156,0.9833736518733196,1729812877.7495854
197.97024020028778,1979.7024020028778,0.9777845620505334,1729812877.759512
197.9844995299781,1979.8449952997812,0.9722248147397603,1729812877.769666
197.99867774502937,1979.9867774502936,0.9666942837360533,1729812877.7796443
198.01277527210058,1980.127752721006,0.9611928430527032,1729812877.789738
198.02679253600616,1980.2679253600616,0.9557203669250884,1729812877.7999413
198.04072995971933,1980.4072995971933,0.9502767298145236,1729812877.8095882
198.05458796437543,1980.5458796437542,0.9448618064119354,1729812877.8196995
198.06836696927536,1980.6836696927535,0.9394754716415963,1729812877.82963
198.08206739188904,1980.8206739188904,0.934117600664718,1729812877.839685
198.09568964785893,1980.9568964785894,0.9287880688830152,1729812877.8496122
198.10923415100365,1981.0923415100365,0.923486751942217,1729812877.859445
198.12270131332156,1981.2270131332157,0.9182135257354758,1729812877.869774
198.13609154499446,1981.3609154499445,0.9129682664067658,1729812877.8797116
198.14940525439135,1981.4940525439135,0.9077508503542009,1729812877.8895602
198.16264284807215,1981.6264284807216,0.9025611542332785,1729812877.8996673
198.17580473079153,1981.7580473079151,0.8973990549601019,1729812877.9095857
198.1888913055028,1981.888913055028,0.8922644297145292,1729812877.9195628
198.20190297336188,1982.019029733619,0.8871571559432314,1729812877.9296417
198.21484013373112,1982.148401337311,0.8820771113627379,1729812877.939805
198.22770318418338,1982.2770318418338,0.8770241739624338,1729812877.9496129
198.2404925205061,1982.404925205061,0.8719982220074605,1729812877.9595366
198.25320853670536,1982.5320853670537,0.866999134041579,1729812877.9696124
198.26585162500996,1982.6585162500996,0.8620267888899895,1729812877.9795787
198.2784221758757,1982.784221758757,0.8570810656620895,1729812877.9896705
198.29092057798948,1982.9092057798948,0.8521618437541529,1729812877.9996693
198.30334721827361,1983.0334721827362,0.8472690028520264,1729812878.009796
198.31570248189004,1983.1570248189005,0.842402422933684,1729812878.0195794
198.32798675224475,1983.2798675224476,0.8375619842718112,1729812878.0296326
198.34020041099208,1983.4020041099209,0.8327475674362659,1729812878.0396533
198.35234383803908,1983.5234383803909,0.8279590532965417,1729812878.0498261
198.36441741154997,1983.6441741154997,0.8231963230241717,1729812878.0595343
198.37642150795068,1983.7642150795068,0.818459258095062,1729812878.0698285
198.38835650193323,1983.8835650193323,0.8137477402917628,1729812878.079632
198.4002227664603,1984.002227664603,0.8090616517057607,1729812878.0896158
198.41202067276984,1984.1202067276984,0.8044008747396485,1729812878.0996792
198.42375059037963,1984.2375059037963,0.7997652921092704,1729812878.1096013
198.43541288709187,1984.3541288709187,0.7951547868458362,1729812878.1196134
198.4470079289979,1984.470079289979,0.7905692422979711,1729812878.129682
198.45853608048282,1984.5853608048283,0.7860085421337373,1729812878.1397107
198.46999770423025,1984.6999770423026,0.7814725703425753,1729812878.149605
198.48139316122712,1984.813931612271,0.7769612112372459,1729812878.1593714
198.49272281076827,1984.9272281076828,0.7724743494556612,1729812878.1697078
198.50398701046146,1985.0398701046147,0.7680118699627694,1729812878.179586
198.515186116232,1985.15186116232,0.7635736580522816,1729812878.1895769
198.52632048232778,1985.2632048232776,0.7591595993484606,1729812878.1997669
198.53739046132395,1985.3739046132396,0.7547695798077689,1729812878.2095144
198.54839640412797,1985.4839640412797,0.7504034857205677,1729812878.2196546
198.55933865998446,1985.5933865998445,0.7460612037127095,1729812878.2295287
198.57021757648016,1985.7021757648017,0.741742620747091,1729812878.239593
198.5810334995489,1985.810334995489,0.737447624125211,1729812878.249585
198.5917867734766,1985.9178677347659,0.7331761014886307,1729812878.2594464
198.60247774090624,1986.0247774090624,0.7289279408204421,1729812878.2695942
198.6131067428429,1986.1310674284289,0.7247030304466526,1729812878.2797081
198.6236741186588,1986.236741186588,0.7205012590375843,1729812878.2897072
198.6341802060985,1986.3418020609852,0.7163225156091708,1729812878.2997527
198.64462534128376,1986.4462534128375,0.7121666895242558,1729812878.309521
198.65500985871878,1986.550098587188,0.7080336704938577,1729812878.3196003
198.6653340912954,1986.6533409129538,0.7039233485783636,1729812878.329614
198.67559837029802,1986.7559837029803,0.699835614188705,1729812878.3395822
198.68580302540897,1986.8580302540897,0.6957703580875196,1729812878.34964
198.6959483847136,1986.959483847136,0.6917274713902368,1729812878.3596313
198.70603477470547,1987.0603477470547,0.6877068455661308,1729812878.3696203
198.71606252029153,1987.1606252029153,0.6837083724393653,1729812878.3795965
198.72603194479737,1987.2603194479736,0.679731944190006,1729812878.3895962
198.7359433699725,1987.3594336997248,0.6757774533549497,1729812878.399681
198.74579711599546,1987.4579711599545,0.6718447928288582,1729812878.409542
198.75559350147927,1987.5559350147928,0.6679338558650687,1729812878.419608
198.76533284347653,1987.6533284347652,0.6640445360764189,1729812878.4296246
198.7750154574848,1987.7501545748482,0.6601767274361019,1729812878.4397242
198.7846416574519,1987.846416574519,0.6563303242784406,1729812878.4496887
198.79421175578116,1987.9421175578116,0.652505221299648,1729812878.4597597
198.80372606333674,1988.0372606333674,0.648701313558568,1729812878.469763
198.81318488944902,1988.1318488944903,0.6449184964773571,1729812878.4796793
198.8225885419199,1988.2258854191991,0.6411566658421548,1729812878.4895282
198.83193732702821,1988.319373270282,0.6374157178037136,1729812878.4997096
198.84123154953494,1988.4123154953495,0.6336955488779874,1729812878.5096262
198.8504715126887,1988.504715126887,0.6299960559467368,1729812878.519604
198.85965751823105,1988.5965751823105,0.6263171362580429,1729812878.5296264
198.86878986640193,1988.6878986640193,0.6226586874268487,1729812878.5396233
198.877868855945,1988.77868855945,0.6190206074354108,1729812878.549997
198.88689478411305,1988.8689478411306,0.6154027946337748,1729812878.5595233
198.8958679466734,1988.958679466734,0.611805147740204,1729812878.5696208
198.90478863791333,1989.0478863791332,0.6082275658415788,1729812878.5796342
198.91365715064543,1989.1365715064544,0.6046699483937501,1729812878.5896044
198.92247377621308,1989.2247377621309,0.6011321952219055,1729812878.5997326
198.93123880449585,1989.3123880449584,0.5976142065208943,1729812878.6095843
198.9399525239149,1989.3995252391492,0.5941158828554864,1729812878.6195605
198.9486152214385,1989.4861522143851,0.5906371251606628,1729812878.6295815
198.9572271825873,1989.572271825873,0.5871778347418473,1729812878.6396337
198.96578869143994,1989.6578869143993,0.5837379132751326,1729812878.6496398
198.97430003063835,1989.7430003063835,0.5803172628074473,1729812878.6595154
198.9827614813933,1989.827614813933,0.5769157857567548,1729812878.6697614
198.9911733234898,1989.9117332348978,0.5735333849121385,1729812878.6798017
198.99953583529248,1989.9953583529248,0.5701699634339881,1729812878.6896262
199.00784929375118,1990.0784929375118,0.5668254248540268,1729812878.6996255
199.01611397440627,1990.1611397440627,0.5634996730754156,1729812878.7096164
199.02433015139417,1990.2433015139418,0.5601926123727998,1729812878.7195604
199.03249809745273,1990.3249809745273,0.5569041473923089,1729812878.7295902
199.04061808392677,1990.4061808392678,0.5536341831515901,1729812878.7395697
199.04869038077345,1990.4869038077345,0.550382625039759,1729812878.7497141
199.05671525656774,1990.5671525656774,0.5471493788173691,1729812878.7596078
199.06469297850794,1990.6469297850795,0.5439343506163516,1729812878.7697353
199.07262381242097,1990.7262381242097,0.5407374469398962,1729812878.7797
199.080508022768,1990.8050802276798,0.5375585746623979,1729812878.7896137
199.08834587264968,1990.8834587264969,0.5343976410292863,1729812878.7997062
199.0961376238118,1990.9613762381182,0.5312545536568982,1729812878.8095412
199.10388353665059,1991.0388353665057,0.5281292205323065,1729812878.819597
199.11158387021817,1991.1158387021817,0.5250215500131339,1729812878.8296828
199.11923888222802,1991.1923888222802,0.5219314508273274,1729812878.8397243
199.12684882906038,1991.2684882906037,0.518858832072961,1729812878.8496253
199.1344139657677,1991.3441396576768,0.51580360321798,1729812878.859402
199.14193454608002,1991.4193454608003,0.5127656740999273,1729812878.8696074
199.14941082241043,1991.4941082241044,0.5097449549256718,1729812878.8796804
199.15684304586046,1991.5684304586046,0.5067413562711187,1729812878.889675
199.16423146622546,1991.6423146622546,0.5037547890808685,1729812878.899728
199.1715763320001,1991.7157633200009,0.500785164667906,1729812878.9100134
199.17887789038363,1991.7887789038364,0.49783239471322593,1729812878.9195702
199.18613638728542,1991.861363872854,0.49489639126548424,1729812878.929605
199.19335206733018,1991.9335206733017,0.4919770667406005,1729812878.9396365
199.2005251738635,1992.005251738635,0.4890743339213741,1729812878.9496722
199.20765594895713,1992.0765594895713,0.4861881059570421,1729812878.959641
199.2147446334144,1992.147446334144,0.4833182963628597,1729812878.9697065
199.2217914667755,1992.217914667755,0.48046481901964055,1729812878.9797533
199.22879668732295,1992.2879668732296,0.47762758817332296,1729812878.9897044
199.23576053208689,1992.357605320869,0.47480651843444965,1729812878.999698
199.24268323685035,1992.4268323685035,0.47200152477768986,1729812879.0095863
199.2495650361547,1992.4956503615472,0.4692125225413526,1729812879.0196888
199.25640616330494,1992.5640616330495,0.4664394274268413,1729812879.029657
199.26320685037498,1992.63206850375,0.46368215549810676,1729812879.0397217
199.269967328213,1992.6996732821299,0.4609406231811177,1729812879.0496767
199.27668782644668,1992.7668782644669,0.45821474726328715,1729812879.059529
199.2833685734886,1992.8336857348859,0.455504444892902,1729812879.0695944
199.2900097965414,1992.900097965414,0.45280963357851567,1729812879.0796437
199.29661172160317,1992.9661172160318,0.45013023118836015,1729812879.089696
199.30317457347263,1993.0317457347264,0.4474661559497295,1729812879.0996354
199.30969857575445,1993.0969857575446,0.4448173264483404,1729812879.1096475
199.31618395086446,1993.1618395086446,0.4421836616276891,1729812879.1196053
199.32263092003487,1993.2263092003486,0.4395650807884173,1729812879.129595
199.32903970331952,1993.2903970331952,0.4369615035876264,1729812879.1395836
199.33541051959918,1993.354105195992,0.4343728500382311,1729812879.149693
199.3417435865866,1993.417435865866,0.43179904050821305,1729812879.159545
199.34803912083183,1993.4803912083182,0.42923999571998683,1729812879.169631
199.35429733772733,1993.5429733772733,0.42669563674965394,1729812879.1796465
199.36051845151326,1993.6051845151326,0.42416588502629926,1729812879.189637
199.36670267528248,1993.6670267528248,0.4216506623312255,1729812879.1998522
199.37285022098584,1993.7285022098583,0.4191498907972693,1729812879.2094836
199.37896129943726,1993.7896129943726,0.41666349290800353,1729812879.2196465
199.38503612031894,1993.8503612031895,0.41419139149699324,1729812879.2296453
199.39107489218634,1993.9107489218634,0.41173350974700496,1729812879.2396317
199.39707782247345,1993.9707782247344,0.4092897711892731,1729812879.2496169
199.40304511749775,1994.0304511749775,0.4068600997026457,1729812879.2595456
199.40897698246542,1994.0897698246542,0.40444441951284515,1729812879.2696779
199.41487362147632,1994.1487362147632,0.40204265519161764,1729812879.2796266
199.4207352375291,1994.207352375291,0.39965473165593357,1729812879.2896152
199.42656203252625,1994.2656203252625,0.39728057416716345,1729812879.2996244
199.4323542072791,1994.323542072791,0.39492010833023583,1729812879.3095977
199.4381119615129,1994.3811196151291,0.3925732600928096,1729812879.3196893
199.44383549387183,1994.4383549387182,0.39023995574440873,1729812879.3297086
199.44952500192392,1994.4952500192392,0.3879201219155557,1729812879.3396974
199.45518068216617,1994.5518068216618,0.385613685576947,1729812879.3497276
199.46080273002943,1994.6080273002942,0.38332057403851705,1729812879.3595703
199.46639133988336,1994.6639133988335,0.3810407149486159,1729812879.3696759
199.47194670504146,1994.7194670504146,0.3787740362930978,1729812879.3795815
199.47746901776594,1994.7746901776595,0.3765204663944064,1729812879.3896182
199.48295846927263,1994.8295846927263,0.3742799339107026,1729812879.3999104
199.48841524973597,1994.8841524973595,0.37205236783495677,1729812879.4095595
199.4938395482938,1994.9383954829382,0.3698376974940003,1729812879.4196422
199.49923155305237,1994.9923155305237,0.3676358525476391,1729812879.4296107
199.50459145109107,1995.0459145109107,0.3654467629877103,1729812879.4396145
199.50991942846744,1995.0991942846745,0.3632703591371462,1729812879.449604
199.51521567022183,1995.1521567022182,0.3611065716490329,1729812879.4595149
199.52048036038244,1995.2048036038243,0.35895533150568637,1729812879.469711
199.5257136819699,1995.257136819699,0.3568165700176613,1729812879.479678
199.53091581700232,1995.3091581700232,0.35469021882284,1729812879.4896817
199.53608694649986,1995.3608694649986,0.35257620988542326,1729812879.4997523
199.5412272504896,1995.412272504896,0.35047447549500665,1729812879.5094883
199.54633690801035,1995.4633690801033,0.34838494826558586,1729812879.5195773
199.55141609711723,1995.5141609711723,0.3463075611345725,1729812879.5295734
199.5564649948866,1995.564649948866,0.3442422473618332,1729812879.5395703
199.56148377742065,1995.6148377742065,0.3421889405286769,1729812879.549712
199.5664726198521,1995.664726198521,0.34014757453687805,1729812879.559638
199.57143169634895,1995.7143169634896,0.33811808360768536,1729812879.5695922
199.57636118011908,1995.7636118011908,0.33610040228081806,1729812879.5796459
199.58126124341496,1995.8126124341495,0.33409446541345167,1729812879.5896404
199.58613205753826,1995.8613205753827,0.33210020817922503,1729812879.5998785
199.5909737928445,1995.9097379284449,0.33011756606721,1729812879.60961
199.59578661874764,1995.9578661874764,0.3281464748809273,1729812879.6196783
199.60057070372469,1996.0057070372468,0.3261868707372737,1729812879.6295974
199.60532621532028,1996.0532621532027,0.32423869006555917,1729812879.6396463
199.61005332015122,1996.1005332015122,0.322301869606441,1729812879.649676
199.61475218391112,1996.1475218391113,0.32037634641090795,1729812879.6594963
199.61942297137483,1996.1942297137484,0.31846205783924253,1729812879.6695967
199.624065846403,1996.24065846403,0.3165589415599803,1729812879.6796205
199.6286809719466,1996.286809719466,0.3146669355488938,1729812879.689639
199.63326851005144,1996.3326851005145,0.31278597808791764,1729812879.6996565
199.63782862186252,1996.3782862186254,0.3109160077641291,1729812879.7096524
199.64236146762863,1996.4236146762864,0.3090569634686928,1729812879.7197676
199.64686720670673,1996.4686720670672,0.30720878439582,1729812879.72975
199.65134599756638,1996.5134599756639,0.3053714100416989,1729812879.7397428
199.6557979977942,1996.557979977942,0.30354478020344855,1729812879.7496014
199.66022336409816,1996.6022336409815,0.301728834978062,1729812879.7596107
199.6646222523121,1996.6462225231212,0.2999235147613617,1729812879.769694
199.66899481740003,1996.6899481740004,0.2981287602469034,1729812879.7796197
199.67334121346042,1996.7334121346041,0.29634451242496196,1729812879.7896242
199.67766159373065,1996.7766159373064,0.2945707125814283,1729812879.7996342
199.68195611059124,1996.8195611059125,0.29280730229675767,1729812879.8094902
199.68622491557025,1996.8622491557026,0.29105422344491094,1729812879.819565
199.69046815934746,1996.9046815934746,0.289311418192264,1729812879.8295548
199.69468599175872,1996.946859917587,0.2875788289965526,1729812879.8396163
199.69887856180014,1996.9887856180014,0.2858563986058029,1729812879.8495803
199.70304601763246,1997.0304601763246,0.2841440700572604,1729812879.8594918
199.7071885065851,1997.0718850658511,0.2824417866762814,1729812879.8696158
199.71130617516053,1997.1130617516053,0.28074949207530997,1729812879.879672
199.71539916903834,1997.1539916903835,0.27906713015277296,1729812879.8897524
199.71946763307952,1997.1946763307951,0.27739464509199996,1729812879.8997104
199.72351171133053,1997.2351171133053,0.2757319813601433,1729812879.909638
199.72753154702752,1997.2753154702752,0.27407908370713363,1729812879.9197962
199.73152728260047,1997.3152728260047,0.2724358971645606,1729812879.929688
199.7354990596772,1997.354990596772,0.2708023670445967,1729812879.939716
199.7394470190876,1997.394470190876,0.2691784389389418,1729812879.9497004
199.7433713008676,1997.433713008676,0.26756405871772904,1729812879.9598505
199.74727204426333,1997.4727204426333,0.26595917252844137,1729812879.9697
199.7511493877351,1997.5114938773509,0.26436372679483133,1729812879.9795709
199.75500346896152,1997.5500346896151,0.2627776682158376,1729812879.9896212
199.75883442484343,1997.5883442484342,0.26120094376449954,1729812879.999639
199.76264239150794,1997.6264239150794,0.25963350068689506,1729812880.009496
199.76642750431247,1997.6642750431247,0.2580752865010427,1729812880.019604
199.7701898978486,1997.701898978486,0.2565262489958058,1729812880.0296278
199.7739297059462,1997.739297059462,0.25498633622985656,1729812880.039761
199.77764706167716,1997.7764706167716,0.2534554965305449,1729812880.0496716
199.7813420973595,1997.813420973595,0.25193367849283943,1729812880.059438
199.7850149445612,1997.850149445612,0.25042083097826184,1729812880.0696099
199.7886657341041,1997.886657341041,0.24891690311377657,1729812880.0796385
199.79229459606773,1997.9229459606772,0.24742184429073033,1729812880.0897577
199.79590165979332,1997.9590165979332,0.2459356041637668,1729812880.0997136
199.79948705388745,1997.9948705388745,0.24445813264974836,1729812880.1096117
199.80305090622602,1998.03050906226,0.24298937992668312,1729812880.1196663
199.806593343958,1998.06593343958,0.24152929643264143,1729812880.1296144
199.8101144935093,1998.101144935093,0.24007783286468287,1729812880.1397414
199.8136144805864,1998.1361448058642,0.23863494017777986,1729812880.1497035
199.81709343018034,1998.1709343018033,0.23720056958374824,1729812880.1596253
199.82055146657024,1998.2055146657024,0.23577467255015838,1729812880.169676
199.8239887133272,1998.239887133272,0.23435720079927824,1729812880.1796727
199.82740529331798,1998.2740529331797,0.23294810630700225,1729812880.1896906
199.83080132870865,1998.3080132870864,0.23154734130175347,1729812880.1998048
199.83417694096835,1998.3417694096834,0.23015485826346405,1729812880.2094617
199.8375322508729,1998.375322508729,0.22877060992244536,1729812880.2196603
199.8408673785085,1998.408673785085,0.22739454925838798,1729812880.2299523
199.84418244327537,1998.4418244327537,0.22602662949923547,1729812880.2396288
199.84747756389137,1998.4747756389138,0.22466680412016293,1729812880.2497694
199.85075285839557,1998.5075285839557,0.22331502684247928,1729812880.2595482
199.85400844415187,1998.5400844415187,0.22197125163260578,1729812880.2696266
199.85724443785267,1998.5724443785266,0.2206354327009925,1729812880.2796502
199.86046095552226,1998.6046095552226,0.2193075245010383,1729812880.2896075
199.8636581125205,1998.636581125205,0.2179874817280889,1729812880.2996094
199.86683602354637,1998.6683602354638,0.21667525931832854,1729812880.3095212
199.8699948026413,1998.6999480264128,0.21537081244774958,1729812880.31959
199.87313456319288,1998.731345631929,0.21407409653112586,1729812880.3295965
199.8762554179383,1998.762554179383,0.21278506722090418,1729812880.3395884
199.8793574789677,1998.793574789677,0.21150368040619894,1729812880.3496242
199.8824408577278,1998.824408577278,0.21022989221175115,1729812880.3595583
199.88550566502522,1998.8550566502522,0.208963658996852,1729812880.3697433
199.8885520110299,1998.885520110299,0.2077049373543054,1729812880.3796604
199.89158000527863,1998.9158000527864,0.20645368410943687,1729812880.3895926
199.8945897566783,1998.945897566783,0.2052098563189726,1729812880.3997326
199.89758137350938,1998.9758137350939,0.20397341127006774,1729812880.4099593
199.90055496342922,1999.005549634292,0.2027443064792478,1729812880.4197178
199.90351063347543,1999.0351063347543,0.20152249969138536,1729812880.4295702
199.90644849006927,1999.0644849006926,0.20030794887865033,1729812880.439637
199.9093686390188,1999.093686390188,0.19910061223949205,1729812880.4496303
199.91227118552237,1999.1227118552238,0.1979004481976392,1729812880.4594843
199.91515623417183,1999.1515623417183,0.19670741540102332,1729812880.469647
199.9180238889558,1999.1802388895578,0.19552147272079656,1729812880.479701
199.92087425326287,1999.2087425326285,0.19434257925030485,1729812880.4896572
199.923707429885,1999.23707429885,0.19317069430407008,1729812880.4999251
199.92652352102064,1999.2652352102064,0.19200577741675628,1729812880.5095758
199.92932262827793,1999.2932262827794,0.19084778834219085,1729812880.519617
199.93210485267792,1999.3210485267791,0.18969668705232,1729812880.5296848
199.9348702946578,1999.348702946578,0.18855243373624253,1729812880.5395257
199.93761905407402,1999.3761905407403,0.18741498879915985,1729812880.5496135
199.94035123020547,1999.4035123020547,0.1862843128614009,1729812880.5596344
199.94306692175658,1999.4306692175658,0.18516036675741665,1729812880.5699341
199.94576622686054,1999.4576622686054,0.18404311153477648,1729812880.5796242
199.94844924308228,1999.4844924308227,0.1829325084531752,1729812880.5896208
199.95111606742165,1999.5111606742166,0.18182851898345076,1729812880.5998294
199.95376679631653,1999.5376679631654,0.1807311048065876,1729812880.6095421
199.9564015256458,1999.5640152564579,0.17964022781271138,1729812880.6196477
199.95902035073246,1999.5902035073245,0.1785558501001403,1729812880.6295776
199.96162336634669,1999.6162336634668,0.1774779339743655,1729812880.6395342
199.9642106667088,1999.642106667088,0.17640644194710253,1729812880.6495588
199.96678234549228,1999.6678234549227,0.1753413367352965,1729812880.6593864
199.96933849582683,1999.6933849582683,0.17428258126015939,1729812880.669594
199.97187921030132,1999.7187921030131,0.17323013864617876,1729812880.679712
199.97440458096668,1999.7440458096667,0.17218397222016035,1729812880.689604
199.97691469933898,1999.7691469933898,0.17114404551029372,1729812880.6997583
199.97940965640225,1999.7940965640225,0.17011032224512368,1729812880.709634
199.98188954261153,1999.8188954261152,0.16908276635265684,1729812880.7196627
199.98435444789564,1999.8435444789563,0.16806134195935973,1729812880.7296064
199.98680446166023,1999.8680446166022,0.16704601338922087,1729812880.7396917
199.98923967279052,1999.8923967279052,0.16603674516279687,1729812880.749636
199.99166016965424,1999.9166016965423,0.16503350199626388,1729812880.7599165
199.9940660401045,1999.940660401045,0.16403624880048318,1729812880.7696433
199.99645737148265,1999.9645737148264,0.163044950680026,1729812880.7796547
199.99883425062097,1999.9883425062098,0.16205957293226758,1729812880.789622
200.00119676384566,2000.0119676384566,0.16108008104643323,1729812880.799659
200.0035449969795,2000.035449969795,0.16010644070266933,1729812880.8095393
200.00587903534478,2000.0587903534479,0.15913861777110716,1729812880.819682
200.0081989637659,2000.0819896376588,0.1581765783109499,1729812880.8296351
200.01050486657226,2000.1050486657227,0.15722028856951864,1729812880.8396678
200.01279682760097,2000.1279682760096,0.15626971498135722,1729812880.849576
200.01507493019957,2000.1507493019958,0.1553248241673102,1729812880.859464
200.0173392572288,2000.1733925722879,0.15438558293357962,1729812880.86967
200.01958989106518,2000.1958989106517,0.1534519582708369,1729812880.8796556
200.02182691360383,2000.2182691360383,0.1525239173533186,1729812880.889589
200.0240504062611,2000.2405040626109,0.15160142753790806,1729812880.899689
200.02626044997723,2000.2626044997724,0.15068445636322414,1729812880.9099152
200.02845712521903,2000.2845712521903,0.14977297154872593,1729812880.9195995
200.0306405119825,2000.306405119825,0.1488669409938157,1729812880.9296186
200.03281068979544,2000.3281068979545,0.14796633277694182,1729812880.939551
200.03496773772008,2000.3496773772008,0.14707111515472837,1729812880.9496574
200.03711173435568,2000.3711173435568,0.14618125656104253,1729812880.959664
200.03924275784112,2000.3924275784111,0.14529672560615614,1729812880.9697585
200.04136088585747,2000.4136088585747,0.14441749107582558,1729812880.9796631
200.04346619563057,2000.4346619563057,0.14354352193044262,1729812880.989563
200.0455587639335,2000.4555876393351,0.14267478730412497,1729812880.9996698
200.04763866708927,2000.4763866708927,0.14181125650388848,1729812881.0095222
200.04970598097316,2000.4970598097316,0.14095289900872876,1729812881.0195863
200.05176078101536,2000.5176078101535,0.14009968446878807,1729812881.029604
200.0538031422034,2000.538031422034,0.1392515827044707,1729812881.0396457
200.0558331390847,2000.5583313908471,0.1384085637056116,1729812881.0496986
200.05785084576897,2000.5785084576896,0.13757059763057944,1729812881.0595574
200.0598563359307,2000.598563359307,0.1367376548054593,1729812881.069664
200.06184968281164,2000.6184968281163,0.13590970572317174,1729812881.0796645
200.06383095922317,2000.6383095922317,0.1350867210426432,1729812881.0896854
200.06580023754876,2000.6580023754875,0.1342686715879604,1729812881.0997071
200.06775758974638,2000.6775758974638,0.13345552834752672,1729812881.109613
200.0697030873509,2000.697030873509,0.13264726247322178,1729812881.1196525
200.07163680147644,2000.7163680147644,0.13184384527957027,1729812881.1295254
200.07355880281884,2000.7355880281884,0.13104524824289632,1729812881.139587
200.0754691616579,2000.754691616579,0.13025144300051705,1729812881.1498225
200.07736794785978,2000.7736794785978,0.1294624013498864,1729812881.1593804
200.07925523087937,2000.7925523087938,0.1286780952478277,1729812881.1695743
200.0811310797625,2000.811310797625,0.1278984968096437,1729812881.1797357
200.0829955631485,2000.829955631485,0.1271235783083724,1729812881.189658
200.08484874927217,2000.8484874927217,0.12635331217389334,1729812881.1997163
200.0866907059663,2000.866907059663,0.12558767099220303,1729812881.209501
200.08852150066392,2000.885215006639,0.12482662750455509,1729812881.219563
200.09034120040047,2000.9034120040046,0.12407015460666981,1729812881.2295868
200.0921498718162,2000.921498718162,0.12331822534792947,1729812881.2396991
200.0939475811582,2000.939475811582,0.12257081293058958,1729812881.2495992
200.09573439428286,2000.9573439428286,0.1218278907089938,1729812881.2594514
200.09751037665794,2000.9751037665794,0.12108943218877277,1729812881.2696111
200.09927559336484,2000.9927559336484,0.12035541102604297,1729812881.2796626
200.10103010910075,2001.0103010910075,0.11962580102664999,1729812881.2896082
200.1027739881809,2001.0277398818089,0.11890057614537453,1729812881.2996392
200.10450729454067,2001.0450729454067,0.11817971048514897,1729812881.3096666
200.10623009173779,2001.0623009173778,0.11746317829630248,1729812881.3196585
200.10794244295445,2001.0794244295446,0.11675095397576163,1729812881.329626
200.10964441099952,2001.0964441099952,0.11604301206631673,1729812881.339605
200.1113360583106,2001.113360583106,0.11533932725581719,1729812881.3496356
200.11301744695612,2001.130174469561,0.11463987437644496,1729812881.359502
200.11468863863755,2001.1468863863754,0.11394462840394892,1729812881.369575
200.11634969469137,2001.1634969469137,0.1132535644568704,1729812881.3796515
200.11800067609127,2001.1800067609126,0.11256665779581665,1729812881.3895495
200.11964164345014,2001.1964164345013,0.11188388382268988,1729812881.3996437
200.12127265702216,2001.2127265702215,0.11120521807995543,1729812881.409691
200.12289377670484,2001.2289377670484,0.11053063624989568,1729812881.419578
200.1245050620411,2001.245050620411,0.10986011415387997,1729812881.4295475
200.12610657222123,2001.2610657222124,0.1091936277516008,1729812881.439966
200.12769836608499,2001.27698366085,0.10853115314037387,1729812881.4496248
200.12928050212355,2001.2928050212354,0.10787266655438854,1729812881.4594872
200.1308530384815,2001.308530384815,0.10721814436397414,1729812881.469731
200.13241603295884,2001.3241603295885,0.10656756307491788,1729812881.4796925
200.13396954301302,2001.3396954301302,0.10592089932769211,1729812881.4897332
200.13551362576078,2001.3551362576077,0.10527812989676688,1729812881.4996274
200.13704833798022,2001.3704833798022,0.10463923168989586,1729812881.5096235
200.13857373611265,2001.3857373611265,0.10400418174738624,1729812881.5196025
200.14008987626462,2001.4008987626462,0.10337295724142193,1729812881.5296423
200.14159681420978,2001.4159681420979,0.10274553547531573,1729812881.539748
200.1430946053908,2001.430946053908,0.10212189388285742,1729812881.5496325
200.14458330492127,2001.4458330492128,0.10150201002757475,1729812881.5594583
200.14606296758762,2001.4606296758761,0.1008858616020496,1729812881.5698023
200.147533647851,2001.47533647851,0.10027342642725356,1729812881.5795677
200.1489953998491,2001.489953998491,0.09966468245181614,1729812881.5896292
200.1504482773981,2001.5044827739812,0.09905960775135503,1729812881.5997796
200.15189233399445,2001.5189233399446,0.09845818052779931,1729812881.6095092
200.15332762281673,2001.5332762281673,0.09786037910871803,1729812881.6195948
200.15475419672748,2001.5475419672748,0.09726618194661318,1729812881.6296935
200.15617210827506,2001.5617210827506,0.096675567618282,1729812881.6397252
200.15758140969544,2001.5758140969544,0.09608851482411174,1729812881.649677
200.15898215291395,2001.5898215291395,0.09550500238742954,1729812881.6595027
200.16037438954717,2001.6037438954718,0.09492500925385228,1729812881.669629
200.16175817090465,2001.6175817090466,0.09434851449059023,1729812881.6795788
200.1631335479907,2001.631335479907,0.0937754972858218,1729812881.6895962
200.16450057150612,2001.6450057150612,0.0932059369480096,1729812881.6996725
200.16585929185007,2001.6585929185007,0.09263981290528234,1729812881.7095652
200.16720975912165,2001.6720975912165,0.09207710470473662,1729812881.719608
200.16855202312175,2001.6855202312174,0.09151779201184373,1729812881.7295513
200.16988613335477,2001.6988613335477,0.0909618546097728,1729812881.7395968
200.17121213903025,2001.7121213903024,0.09040927239874774,1729812881.749619
200.1725300890647,2001.725300890647,0.08986002539544513,1729812881.7594674
200.17384003208326,2001.7384003208326,0.0893140937323067,1729812881.7695389
200.1751420164213,2001.751420164213,0.08877145765694427,1729812881.779651
200.17643609012615,2001.7643609012614,0.08823209753151451,1729812881.7896261
200.1777223009589,2001.7772230095889,0.08769599383207938,1729812881.7999067
200.17900069639583,2001.7900069639584,0.08716312714796493,1729812881.8095174
200.18027132363028,2001.8027132363027,0.08663347818118572,1729812881.8196096
200.1815342295741,2001.8153422957412,0.08610702774578938,1729812881.8297114
200.18278946085948,2001.8278946085948,0.08558375676726859,1729812881.8396263
200.1840370638404,2001.840370638404,0.08506364628192875,1729812881.849652
200.18527708459436,2001.8527708459437,0.0845466774362893,1729812881.859516
200.18650956892392,2001.8650956892393,0.0840328314864851,1729812881.8699133
200.18773456235837,2001.8773456235838,0.08352208979765541,1729812881.8796258
200.1889521101552,2001.8895211015522,0.08301443384334162,1729812881.8896992
200.1901622573019,2001.9016225730188,0.08250984520491533,1729812881.89971
200.1913650485172,2001.9136504851722,0.08200830557093175,1729812881.909577
200.192560528253,2001.9256052825301,0.08150979673660208,1729812881.9196517
200.19374874069567,2001.9374874069567,0.08101430060316117,1729812881.92958
200.19492972976767,2001.9492972976766,0.08052179917730085,1729812881.9396348
200.1961035391291,2001.961035391291,0.0800322745705766,1729812881.9496021
200.19727021217926,2001.9727021217927,0.07954570899884628,1729812881.9594193
200.19842979205814,2001.9842979205814,0.07906208478166965,1729812881.9695354
200.19958232164785,2001.9958232164786,0.07858138434174355,1729812881.979637
200.2007278435743,2002.007278435743,0.07810359020435476,1729812881.9896338
200.20186640020853,2002.0186640020852,0.07762868499676534,1729812881.9996321
200.2029980336683,2002.0299803366831,0.07715665144769224,1729812882.0096695
200.20412278581955,2002.0412278581955,0.07668747238670681,1729812882.0196798
200.20524069827783,2002.0524069827784,0.07622113074370551,1729812882.0296876
200.2063518124098,2002.063518124098,0.07575760954832367,1729812882.0396175
200.20745616933465,2002.0745616933464,0.07529689192941857,1729812882.0497227
200.20855380992563,2002.0855380992564,0.07483896111447974,1729812882.0595868
200.20964477481138,2002.0964477481139,0.0743838004290942,1729812882.069729
200.21072910437744,2002.1072910437742,0.0739313932964154,1729812882.0796285
200.21180683876764,2002.1180683876764,0.07348172323659474,1729812882.0896127
200.21287801788552,2002.128780178855,0.0730347738662398,1729812882.099627
200.2139426813957,2002.139426813957,0.07259052889791695,1729812882.1094885
200.21500086872538,2002.1500086872538,0.07214897213956517,1729812882.1195886
200.21605261906564,2002.1605261906564,0.07171008749399155,1729812882.1296847
200.21709797137282,2002.1709797137282,0.07127385895832594,1729812882.1397932
200.21813696437,2002.1813696436998,0.0708402706235094,1729812882.149529
200.21916963654817,2002.1916963654817,0.07040930667375234,1729812882.1594613
200.22019602616786,2002.2019602616786,0.06998095138603899,1729812882.1696594
200.22121617126027,2002.2121617126027,0.0695551891295696,1729812882.1796086
200.2222301096287,2002.222301096287,0.06913200436525946,1729812882.1897964
200.2232378788499,2002.2323787884989,0.0687113816452416,1729812882.1997044
200.2242395162753,2002.242395162753,0.06829330561233915,1729812882.2095914
200.22523505903257,2002.2523505903257,0.06787776099956266,1729812882.2197437
200.22622454402662,2002.2622454402663,0.06746473262957542,1729812882.229714
200.22720800794116,2002.2720800794116,0.06705420541424756,1729812882.2397356
200.2281854872399,2002.281854872399,0.06664616435408766,1729812882.249867
200.2291570181678,2002.291570181678,0.06624059453778264,1729812882.2595348
200.23012263675247,2002.3012263675246,0.06583748114170751,1729812882.2696433
200.23108237880533,2002.3108237880533,0.06543680942939778,1729812882.2795336
200.23203627992297,2002.3203627992298,0.06503856475109826,1729812882.2895265
200.23298437548837,2002.3298437548838,0.06464273254323549,1729812882.299964
200.23392670067216,2002.3392670067215,0.06424929832795412,1729812882.3095849
200.23486329043388,2002.3486329043387,0.06385824771264259,1729812882.3195827
200.23579417952325,2002.3579417952326,0.06346956638941803,1729812882.3296218
200.23671940248133,2002.3671940248132,0.06308324013466438,1729812882.3396556
200.23763899364184,2002.3763899364185,0.06269925480857941,1729812882.3496516
200.2385529871323,2002.385529871323,0.06231759635465073,1729812882.359548
200.2394614168753,2002.394614168753,0.06193825079923476,1729812882.3695946
200.24036431658968,2002.4036431658967,0.06156120425105582,1729812882.379829
200.24126171979177,2002.4126171979176,0.061186442900744265,1729812882.389602
200.24215365979654,2002.4215365979653,0.060813953020378175,1729812882.3997173
200.2430401697188,2002.430401697188,0.06044372096301798,1729812882.4094472
200.24392128247436,2002.4392128247437,0.060075733162257006,1729812882.4196117
200.24479703078129,2002.4479703078127,0.059709976131750775,1729812882.4295697
200.24566744716097,2002.4566744716096,0.0593464364647569,1729812882.4396
200.24653256393935,2002.4653256393935,0.05898510083370345,1729812882.4496439
200.24739241324806,2002.4739241324805,0.058625955989718204,1729812882.4594564
200.24824702702554,2002.4824702702554,0.05826898876219344,1729812882.469855
200.2490964370182,2002.4909643701822,0.05791418605833831,1729812882.479677
200.24994067478158,2002.4994067478158,0.05756153486273474,1729812882.4896195
200.25077977168144,2002.5077977168144,0.05721102223690222,1729812882.4996524
200.25161375889488,2002.5161375889488,0.056862635318839505,1729812882.5096586
200.2524426674115,2002.524426674115,0.056516361322614284,1729812882.519716
200.25326652803446,2002.5326652803446,0.05617218753791908,1729812882.5296123
200.25408537138162,2002.5408537138162,0.05583010132962185,1729812882.5397115
200.25489922788663,2002.5489922788663,0.05549009013737516,1729812882.5495958
200.2557081278,2002.5570812780002,0.05515214147514724,1729812882.5594294
200.2565121011902,2002.565121011902,0.054816242930816994,1729812882.5695927
200.2573111779447,2002.5731117794471,0.0544823821657654,1729812882.5797205
200.25810538777114,2002.5810538777114,0.05415054691443144,1729812882.589668
200.25889476019827,2002.5889476019827,0.05382072498389645,1729812882.5997837
200.2596793245771,2002.5967932457709,0.05349290425348796,1729812882.6095102
200.26045911008188,2002.6045911008189,0.05316707267435161,1729812882.6195984
200.26123414571126,2002.6123414571125,0.05284321826903371,1729812882.6296039
200.26200446028923,2002.6200446028924,0.05252132913108687,1729812882.6395562
200.26277008246618,2002.6277008246618,0.05220139342463481,1729812882.6496336
200.26353104071993,2002.6353104071993,0.051883399384015316,1729812882.6596277
200.26428736335677,2002.6428736335677,0.0515673353133308,1729812882.6696546
200.26503907851247,2002.6503907851247,0.0512531895860735,1729812882.6796925
200.26578621415328,2002.6578621415329,0.05094095064472404,1729812882.6896644
200.26652879807696,2002.6652879807696,0.050630607000346384,1729812882.6998544
200.26726685791377,2002.6726685791377,0.05032214723218997,1729812882.7094398
200.26800042112743,2002.6800042112743,0.05001555998731133,1729812882.7196865
200.26872951501616,2002.6872951501616,0.04971083398018328,1729812882.7296
200.26945416671364,2002.6945416671365,0.049407957992291696,1729812882.739643
200.27017440319,2002.7017440319,0.04910692087177315,1729812882.7496274
200.27089025125275,2002.7089025125274,0.04880771153300101,1729812882.759452
200.2716017375478,2002.716017375478,0.04851031895623015,1729812882.7696767
200.27230888856036,2002.7230888856036,0.04821473218720973,1729812882.77965
200.273011730616,2002.7301173061599,0.04792094033680838,1729812882.7899086
200.27371028988148,2002.7371028988148,0.04762893258061274,1729812882.7996447
200.27440459236576,2002.7440459236575,0.047338698158582826,1729812882.8095894
200.27509466392092,2002.7509466392094,0.04705022637468437,1729812882.8197052
200.2757805302431,2002.757805302431,0.046763506596487314,1729812882.8296201
200.27646221687345,2002.7646221687346,0.046478528254837226,1729812882.8396735
200.277139749199,2002.77139749199,0.04619528084345381,1729812882.8496451
200.2778131524536,2002.778131524536,0.04591375391858987,1729812882.8596811
200.27848245171884,2002.7848245171886,0.045633937098651156,1729812882.8697307
200.279147671925,2002.7914767192499,0.045355820063881946,1729812882.879588
200.2798088378518,2002.7980883785178,0.04507939255593696,1729812882.889639
200.28046597412947,2002.8046597412947,0.04480464437759002,1729812882.8998382
200.2811191052396,2002.8111910523962,0.04453156539234504,1729812882.9095457
200.28176825551597,2002.8176825551598,0.044260145524073646,1729812882.9196906
200.28241344914542,2002.8241344914543,0.04399037475670786,1729812882.9296527
200.28305471016878,2002.830547101688,0.043722243133854644,1729812882.939949
200.28369206248178,2002.8369206248178,0.043455740758476136,1729812882.949677
200.28432552983577,2002.8432552983577,0.04319085779250953,1729812882.9595866
200.28495513583871,2002.849551358387,0.042927584456568635,1729812882.9697578
200.285580903956,2002.85580903956,0.0426659110295744,1729812882.9796476
200.2862028575113,2002.862028575113,0.04240582784842273,1729812882.9897563
200.2868210196874,2002.868210196874,0.04214732530763987,1729812882.9996839
200.28743541352702,2002.87435413527,0.041890393859069786,1729812883.009621
200.2880460619337,2002.880460619337,0.04163502401152597,1729812883.0196571
200.28865298767258,2002.8865298767257,0.04138120633045039,1729812883.029736
200.2892562133713,2002.892562133713,0.041128931437613314,1729812883.0396342
200.28985576152073,2002.8985576152072,0.04087819001074733,1729812883.0497396
200.29045165447585,2002.9045165447585,0.04062897278324895,1729812883.0596168
200.29104391445654,2002.9104391445653,0.04038127054385532,1729812883.0698235
200.29163256354838,2002.9163256354836,0.040135074136299576,1729812883.0796363
200.29221762370346,2002.9221762370346,0.03989037445901955,1729812883.08965
200.29279911674118,2002.9279911674118,0.03964716246481137,1729812883.0996802
200.29337706434904,2002.9337706434903,0.039405429160539907,1729812883.1096327
200.29395148808345,2002.9395148808344,0.039165165606792396,1729812883.1196523
200.29452240937044,2002.9452240937044,0.03892636291758178,1729812883.1296706
200.29508984950655,2002.9508984950655,0.03868901226005361,1729812883.1396396
200.29565382965953,2002.9565382965952,0.03845310485413078,1729812883.1496272
200.29621437086908,2002.9621437086907,0.03821863197224351,1729812883.159504
200.2967714940477,2002.967714940477,0.03798558493902027,1729812883.1696558
200.29732521998142,2002.9732521998142,0.03775395513096269,1729812883.179636
200.29787556933053,2002.9787556933052,0.037523733976152496,1729812883.1896448
200.29842256263035,2002.9842256263034,0.037294912953945936,1729812883.1996684
200.298966220292,2002.9896622029198,0.037067483594691364,1729812883.209513
200.29950656260306,2002.9950656260305,0.03684143747940771,1729812883.2195547
200.30004360972845,2003.0004360972844,0.036616766239505605,1729812883.229676
200.30057738171107,2003.0057738171106,0.03639346155647649,1729812883.2396543
200.30110789847248,2003.011078984725,0.036171515161604884,1729812883.2497592
200.30163517981376,2003.0163517981375,0.035950918835696566,1729812883.259611
200.30215924541614,2003.0215924541612,0.03573166440876596,1729812883.2696784
200.30268011484173,2003.0268011484172,0.03551374375973948,1729812883.2796223
200.30319780753427,2003.0319780753427,0.03529714881619972,1729812883.2895815
200.3037123428198,2003.0371234281981,0.03508187155407638,1729812883.2996836
200.30422373990737,2003.0422373990737,0.034867903997369165,1729812883.3094537
200.30473201788973,2003.0473201788973,0.034655238217874196,1729812883.3196416
200.3052371957441,2003.052371957441,0.03444386633489804,1729812883.3295991
200.3057392923328,2003.0573929233278,0.03423378051496462,1729812883.339642
200.30623832640387,2003.0623832640388,0.034024972971545164,1729812883.3496432
200.30673431659193,2003.0673431659193,0.03381743596481668,1729812883.3595092
200.30722728141873,2003.0722728141873,0.03361116180133683,1729812883.3696244
200.30771723929382,2003.0771723929383,0.03340614283379173,1729812883.3796508
200.30820420851532,2003.0820420851533,0.03320237146074545,1729812883.3896172
200.3086882072705,2003.086882072705,0.032999840126332725,1729812883.3996446
200.3091692536365,2003.091692536365,0.032798541320010255,1729812883.4094574
200.3096473655809,2003.096473655809,0.03259846757630269,1729812883.4195716
200.31012256096253,2003.1012256096253,0.032399611474525525,1729812883.429985
200.31059485753195,2003.1059485753194,0.032201965638504415,1729812883.439514
200.31106427293227,2003.1106427293228,0.03200552273635138,1729812883.449634
200.31153082469964,2003.1153082469964,0.0318102754801628,1729812883.4595113
200.31199453026403,2003.1199453026402,0.03161621662579206,1729812883.4697266
200.31245540694974,2003.1245540694974,0.031423338972572434,1729812883.4796333
200.31291347197612,2003.1291347197612,0.031231635363073718,1729812883.4895656
200.31336874245818,2003.1336874245817,0.031041098682842883,1729812883.4996743
200.31382123540718,2003.1382123540718,0.03085172186014118,1729812883.5095012
200.31427096773132,2003.1427096773132,0.030663497865725642,1729812883.5196176
200.3147179562363,2003.1471795623631,0.030476419712543557,1729812883.5295806
200.315162217626,2003.1516221762602,0.030290480455531732,1729812883.539611
200.315603768503,2003.15603768503,0.030105673191344717,1729812883.5496552
200.31604262536925,2003.1604262536925,0.029921991058129205,1729812883.5594242
200.31647880462668,2003.164788046267,0.02973942723524514,1729812883.56964
200.3169123225778,2003.1691232257779,0.02955797494305612,1729812883.5798059
200.31734319542622,2003.1734319542622,0.02937762744267003,1729812883.5895762
200.31777143927735,2003.1777143927734,0.02919837803570635,1729812883.5996583
200.31819707013895,2003.1819707013894,0.029020220064056357,1729812883.6096623
200.31862010392172,2003.1862010392172,0.02884314690963441,1729812883.6196396
200.31904055643986,2003.1904055643986,0.028667151994147044,1729812883.6296797
200.3194584434117,2003.194584434117,0.028492228778858486,1729812883.639627
200.31987378046017,2003.1987378046017,0.028318370764363276,1729812883.6496232
200.32028658311356,2003.2028658311356,0.028145571490355348,1729812883.6595666
200.32069686680586,2003.2069686680586,0.02797382453537045,1729812883.669622
200.32110464687753,2003.2110464687753,0.027803123516601413,1729812883.6796074
200.32150993857596,2003.2150993857595,0.02763346208962636,1729812883.6895578
200.32191275705603,2003.2191275705602,0.027464833948193768,1729812883.6999516
200.32231311738067,2003.2231311738067,0.02729723282401819,1729812883.7094223
200.3227110345215,2003.227110345215,0.0271306524865369,1729812883.7196128
200.32310652335923,2003.2310652335923,0.026965086742675393,1729812883.7296486
200.32349959868432,2003.2349959868432,0.026800529436644904,1729812883.7398334
200.32389027519747,2003.2389027519748,0.02663697444972568,1729812883.7496169
200.32427856751022,2003.2427856751021,0.02647441570003073,1729812883.759556
200.3246644901454,2003.2466449014541,0.02631284714228377,1729812883.769619
200.32504805753774,2003.2504805753774,0.026152262767623835,1729812883.7797203
200.32542928403436,2003.2542928403436,0.025992656603379682,1729812883.789669
200.32580818389528,2003.2580818389529,0.025834022712840632,1729812883.7996929
200.326184771294,2003.2618477129402,0.025676355195075384,1729812883.8096282
200.32655906031803,2003.2655906031803,0.02551964818468333,1729812883.8196461
200.32693106496933,2003.2693106496934,0.02536389585160803,1729812883.8297215
200.32730079916485,2003.2730079916485,0.025209092400911626,1729812883.839613
200.32766827673709,2003.2766827673709,0.02505523207259186,1729812883.8498669
200.32803351143457,2003.2803351143457,0.024902309141349388,1729812883.8596144
200.32839651692234,2003.2839651692234,0.024750317916385267,1729812883.8697615
200.3287573067825,2003.2875730678252,0.02459925274121444,1729812883.8795922
200.3291158945147,2003.291158945147,0.024449107993433028,1729812883.8896976
200.3294722935366,2003.294722935366,0.02429987808453893,1729812883.8998084
200.32982651718442,2003.2982651718442,0.02415155745971509,1729812883.9096744
200.33017857871332,2003.3017857871332,0.024004140597650103,1729812883.919684
200.33052849129805,2003.3052849129806,0.02385762201033037,1729812883.9296284
200.33087626803334,2003.3087626803333,0.023711996242819833,1729812883.9397416
200.33122192193437,2003.3122192193437,0.02356725787309477,1729812883.9496343
200.33156546593733,2003.3156546593732,0.02342340151182709,1729812883.959709
200.33190691289977,2003.3190691289976,0.023280421802192475,1729812883.9697342
200.3322462756012,2003.3224627560119,0.023138313419703405,1729812883.9797885
200.3325835667435,2003.325835667435,0.022997071071974684,1729812883.9895449
200.33291879895137,2003.3291879895137,0.02285668949855113,1729812883.999607
200.33325198477286,2003.3325198477287,0.022717163470740598,1729812884.0095983
200.33358313667975,2003.3358313667975,0.022578487791384827,1729812884.0199192
200.3339122670681,2003.3391226706808,0.02244065729470668,1729812884.02964
200.33423938825862,2003.3423938825863,0.022303666846095194,1729812884.0396943
200.33456451249722,2003.3456451249722,0.02216751134192796,1729812884.0496066
200.33488765195537,2003.3488765195536,0.022032185709400576,1729812884.0596306
200.3352088187306,2003.352088187306,0.02189768490633126,1729812884.0696418
200.3355280248469,2003.355280248469,0.021764003920976105,1729812884.0796509
200.33584528225526,2003.3584528225526,0.021631137771858544,1729812884.0896246
200.336160602834,2003.3616060283402,0.021499081507570406,1729812884.0998218
200.3364739983893,2003.3647399838928,0.021367830206617366,1729812884.1096501
200.33678548065555,2003.3678548065554,0.021237378977223553,1729812884.1196535
200.33709506129586,2003.3709506129585,0.0211077229571468,1729812884.1297042
200.3374027519024,2003.374027519024,0.020978857313527666,1729812884.1398077
200.33770856399698,2003.37708563997,0.02085077724270823,1729812884.149608
200.33801250903133,2003.3801250903134,0.020723477970024273,1729812884.1594224
200.33831459838757,2003.3831459838757,0.020596954749673824,1729812884.1695611
200.33861484337862,2003.3861484337863,0.02047120286452353,1729812884.1796737
200.33891325524868,2003.389132552487,0.02034621762595945,1729812884.189629
200.33920984517357,2003.3920984517358,0.02022199437367922,1729812884.1998088
200.33950462426117,2003.3950462426117,0.02009852847555349,1729812884.2096288
200.33979760355183,2003.3979760355182,0.019975815327453628,1729812884.2196553
200.3400887940188,2003.400887940188,0.019853850353070523,1729812884.2296877
200.34037820656863,2003.4037820656863,0.019732629003756497,1729812884.239709
200.3406658520415,2003.406658520415,0.0196121467583672,1729812884.2496085
200.3409517412117,2003.409517412117,0.01949239912309464,1729812884.2596757
200.3412358847881,2003.412358847881,0.019373381631289543,1729812884.269661
200.34151829341428,2003.4151829341429,0.01925508984331037,1729812884.2796106
200.34179897766927,2003.4179897766926,0.019137519346375864,1729812884.289573
200.3420779480677,2003.420779480677,0.019020665754366117,1729812884.2997274
200.34235521506022,2003.4235521506023,0.01890452470769466,1729812884.3095727
200.342630789034,2003.42630789034,0.018789091873159247,1729812884.3196204
200.34290468031298,2003.42904680313,0.01867436294374647,1729812884.329571
200.34317689915835,2003.4317689915836,0.01856033363849674,1729812884.3396556
200.34344745576888,2003.4344745576889,0.01844699970236041,1729812884.3497014
200.34371636028132,2003.4371636028131,0.01833435690601659,1729812884.3595145
200.34398362277074,2003.4398362277075,0.01822240104573103,1729812884.3696678
200.34424925325095,2003.4424925325095,0.018111127943215788,1729812884.3798487
200.34451326167485,2003.4451326167484,0.018000533445448053,1729812884.3896623
200.34477565793478,2003.4477565793477,0.017890613424551116,1729812884.3997598
200.34503645186288,2003.4503645186287,0.017781363777620296,1729812884.4095595
200.34529565323157,2003.4529565323157,0.017672780426596812,1729812884.4195867
200.34555327175374,2003.4555327175374,0.017564859318068837,1729812884.4296293
200.3458093170832,2003.458093170832,0.017457596423188004,1729812884.4395528
200.34606379881504,2003.4606379881504,0.01735098773749355,1729812884.4497054
200.34631672648598,2003.4631672648597,0.017245029280750668,1729812884.4596798
200.34656810957472,2003.4656810957472,0.017139717096820828,1729812884.4697013
200.34681795750228,2003.4681795750228,0.01703504725352678,1729812884.479663
200.34706627963234,2003.4706627963235,0.016931015842485575,1729812884.4896705
200.34731308527162,2003.4731308527162,0.01682761897899665,1729812884.4996514
200.34755838367022,2003.4755838367023,0.016724852801876633,1729812884.5096025
200.34780218402193,2003.4780218402193,0.0166227134733119,1729812884.519663
200.3480444954646,2003.480444954646,0.01652119717874312,1729812884.5295744
200.34828532708045,2003.4828532708045,0.016420300126716025,1729812884.5396285
200.3485246878965,2003.485246878965,0.01632001854873577,1729812884.5497012
200.34876258688476,2003.4876258688475,0.016220348699123033,1729812884.5594304
200.34899903296267,2003.4899903296266,0.016121286854893224,1729812884.5697439
200.3492340349934,2003.492340349934,0.016022829315633924,1729812884.5797033
200.34946760178616,2003.4946760178616,0.015924972403314808,1729812884.5896902
200.34969974209653,2003.4969974209653,0.015827712462220145,1729812884.5996044
200.34993046462682,2003.4993046462682,0.015731045858774717,1729812884.6094902
200.35015977802638,2003.5015977802639,0.015634968981417696,1729812884.6195886
200.3503876908919,2003.503876908919,0.015539478240464089,1729812884.6295838
200.35061421176772,2003.5061421176772,0.015444570067991048,1729812884.6396108
200.35083934914618,2003.508393491462,0.015350240917692215,1729812884.6496696
200.35106311146794,2003.5106311146794,0.015256487264769358,1729812884.6596215
200.35128550712227,2003.5128550712227,0.015163305605772504,1729812884.6696174
200.35150654444735,2003.5150654444735,0.01507069245847914,1729812884.6796517
200.3517262317306,2003.517262317306,0.01497864436179297,1729812884.6896338
200.351944577209,2003.51944577209,0.014887157875594692,1729812884.6995883
200.3521615890694,2003.521615890694,0.014796229580605225,1729812884.7094736
200.35237727544873,2003.5237727544873,0.014705856078279123,1729812884.7195907
200.35259164443445,2003.5259164443446,0.014616033990694444,1729812884.7295575
200.35280470406477,2003.5280470406476,0.014526759960389324,1729812884.7397301
200.3530164623289,2003.530164623289,0.014438030650260725,1729812884.7496123
200.35322692716747,2003.5322692716747,0.0143498427434543,1729812884.7595286
200.3534361064727,2003.5343610647271,0.01426219294320985,1729812884.7696571
200.35364400808882,2003.5364400808883,0.014175077972779615,1729812884.779672
200.3538506398122,2003.538506398122,0.014088494575277277,1729812884.7896683
200.35405600939183,2003.5405600939182,0.014002439513573162,1729812884.7996857
200.35426012452942,2003.5426012452942,0.013916909570162783,1729812884.8095345
200.35446299287983,2003.5446299287983,0.0138319015470727,1729812884.8196347
200.3546646220513,2003.5466462205131,0.01374741226571663,1729812884.8296494
200.35486501960574,2003.5486501960575,0.013663438566788866,1729812884.8395612
200.35506419305895,2003.5506419305896,0.013579977310148816,1729812884.8496482
200.355262149881,2003.5526214988101,0.013497025374719751,1729812884.859582
200.35545889749648,2003.5545889749646,0.013414579658348469,1729812884.8697126
200.3556544432847,2003.556544432847,0.013332637077711151,1729812884.8797092
200.35584879458006,2003.5584879458006,0.01325119456817836,1729812884.8897095
200.35604195867228,2003.5604195867227,0.013170249083729768,1729812884.8997025
200.35623394280668,2003.562339428067,0.013089797596822716,1729812884.9096315
200.35642475418445,2003.5642475418445,0.013009837098287402,1729812884.9196038
200.3566143999629,2003.5661439996288,0.012930364597216748,1729812884.929657
200.35680288725572,2003.5680288725573,0.012851377120850938,1729812884.939621
200.3569902231333,2003.569902231333,0.012772871714481493,1729812884.9496934
200.35717641462293,2003.5717641462293,0.012694845441339364,1729812884.95952
200.35736146870912,2003.573614687091,0.012617295382461702,1729812884.9696622
200.3575453923338,2003.575453923338,0.012540218636613698,1729812884.9797273
200.35772819239662,2003.5772819239662,0.01246361232016957,1729812884.9896705
200.35790987575518,2003.579098757552,0.012387473567018414,1729812884.999642
200.35809044922533,2003.5809044922532,0.012311799528441636,1729812885.0095336
200.35826991958135,2003.5826991958133,0.012236587373011698,1729812885.0197365
200.35844829355628,2003.5844829355628,0.012161834286501527,1729812885.029663
200.3586255778421,2003.586255778421,0.012087537471758392,1729812885.0397253
200.35880177909007,2003.5880177909007,0.012013694148632847,1729812885.0496569
200.35897690391087,2003.5897690391087,0.011940301553833077,1729812885.059484
200.35915095887492,2003.5915095887492,0.011867356940862717,1729812885.069724
200.3593239505126,2003.593239505126,0.01179485757990184,1729812885.0796087
200.35949588531446,2003.5949588531446,0.011722800757712815,1729812885.089556
200.35966676973158,2003.5966676973158,0.011651183777528384,1729812885.09964
200.35983661017565,2003.5983661017565,0.01158000395895753,1729812885.1095247
200.3600054130193,2003.600054130193,0.011509258637898423,1729812885.1196108
200.3601731845964,2003.601731845964,0.011438945166433623,1729812885.1296415
200.36033993120208,2003.6033993120209,0.01136906091271106,1729812885.1396651
200.36050565909323,2003.6050565909322,0.011299603260890745,1729812885.1496372
200.36067037448854,2003.6067037448854,0.011230569610997332,1729812885.1594079
200.36083408356882,2003.608340835688,0.011161957378879261,1729812885.1696475
200.3609967924772,2003.609967924772,0.01109376399605777,1729812885.179796
200.36115850731943,2003.6115850731944,0.011025986909670049,1729812885.189554
200.36131923416391,2003.6131923416392,0.010958623582353777,1729812885.1996381
200.36147897904218,2003.6147897904218,0.01089167149219028,1729812885.209496
200.36163774794895,2003.6163774794895,0.010825128132560646,1729812885.2196455
200.36179554684242,2003.617955468424,0.010758991012076446,1729812885.229556
200.36195238164444,2003.6195238164444,0.010693257654496247,1729812885.2396119
200.36210825824082,2003.6210825824082,0.01062792559863146,1729812885.2497203
200.36226318248143,2003.6226318248143,0.010562992398230886,1729812885.2596157
200.36241716018048,2003.6241716018048,0.010498455621936298,1729812885.2696013
200.3625701971168,2003.6257019711682,0.010434312853150995,1729812885.2796974
200.36272229903395,2003.6272229903395,0.010370561689958091,1729812885.289606
200.36287347164046,2003.6287347164046,0.010307199745056561,1729812885.299907
200.36302372061007,2003.6302372061007,0.010244224645645783,1729812885.3095806
200.36317305158195,2003.6317305158195,0.010181634033349152,1729812885.319694
200.36332147016088,2003.6332147016087,0.010119425564132367,1729812885.3296218
200.36346898191746,2003.6346898191746,0.01005759690819863,1729812885.3398607
200.36361559238833,2003.6361559238833,0.009996145749926466,1729812885.349757
