0.010397997332384539,0.1039799733238454,0.7089527523154179,1729812980.4354184
0.02085517525113846,0.2085517525113846,0.7129877831246237,1729812980.4393697
0.03137185177899364,0.3137185177899364,0.7170444972526323,1729812980.4496365
0.04194834643111317,0.4194834643111317,0.7211229964558851,1729812980.4594426
0.05258498021958091,0.5258498021958091,0.7252233827969307,1729812980.469606
0.06328207565787372,0.6328207565787372,0.72934575864324,1729812980.4795706
0.07403995676531507,0.7403995676531506,0.7334902266659399,1729812980.4895482
0.08485894907151018,0.8485894907151017,0.7376568898385533,1729812980.4997077
0.09573937962076176,0.9573937962076176,0.7418458514356726,1729812980.5094898
0.10668157697646621,1.066815769764662,0.7460572150316328,1729812980.5195434
0.11768587122548951,1.1768587122548952,0.7502910844991239,1729812980.5297034
0.12875259398252228,1.2875259398252228,0.7545475640077716,1729812980.5395815
0.13988207839441358,1.3988207839441358,0.7588267580226845,1729812980.5496602
0.15107465914448273,1.5107465914448273,0.7631287713029619,1729812980.5594504
0.16233067245680907,1.6233067245680908,0.7674537089001853,1729812980.5695405
0.17365045610049837,1.7365045610049836,0.7718016761568237,1729812980.5795934
0.18503434939392613,1.8503434939392613,0.7761727787046685,1729812980.589561
0.1964826932089566,1.964826932089566,0.7805671224631617,1729812980.5998387
0.20799582997513724,2.0799582997513726,0.7849848136377408,1729812980.6096156
0.21957410368386812,2.1957410368386814,0.789425958718108,1729812980.6196375
0.23121785989254556,2.3121785989254557,0.793890664476497,1729812980.6296453
0.2429274457286792,2.429274457286792,0.7983790379658434,1729812980.6395962
0.25470320989398254,2.5470320989398254,0.8028911865179847,1729812980.6496718
0.26654550266843546,2.665455026684355,0.8074272177417513,1729812980.6594908
0.2784546759143192,2.784546759143192,0.8119872395210742,1729812980.6696415
0.2904310830802223,2.904310830802223,0.8165713600130279,1729812980.679558
0.3024750792050172,3.024750792050172,0.8211796876458156,1729812980.68963
0.314587020921807,3.14587020921807,0.8258123311167357,1729812980.6996489
0.3267672664618417,3.267672664618417,0.8304693993900923,1729812980.7096012
0.33901617565840303,3.39016175658403,0.835151001695089,1729812980.7195885
0.35133410995065784,3.5133410995065786,0.8398572475236276,1729812980.7297015
0.3637214323874785,3.637214323874785,0.844588246628123,1729812980.7396939
0.37617850763123084,3.761785076312308,0.8493441090192285,1729812980.7496462
0.38870570196152754,3.887057019615275,0.8541249449635381,1729812980.759563
0.4013033832789477,4.0130338327894775,0.8589308649812296,1729812980.7695565
0.4139719211087214,4.139719211087214,0.8637619798437041,1729812980.7795255
0.42671168660437775,4.267116866043778,0.8686184005711163,1729812980.7896469
0.4395230525513574,4.395230525513574,0.8735002384298863,1729812980.799695
0.45240639337058713,4.524063933705872,0.8784076049301984,1729812980.8095725
0.4653620851220175,4.653620851220175,0.8833406118234056,1729812980.819629
0.4783905055081211,4.783905055081211,0.8882993710994026,1729812980.8297722
0.4914920338773521,4.914920338773521,0.8932839949839398,1729812980.8396182
0.5046670512275657,5.046670512275657,0.8982945959359431,1729812980.8496563
0.5179159402093977,5.179159402093977,0.9033312866447066,1729812980.859444
0.5312390851296007,5.312390851296007,0.9083941800270673,1729812980.869733
0.544636871954341,5.446368719543409,0.9134833892245869,1729812980.8795857
0.5581096883124501,5.581096883124501,0.918599027600563,1729812980.8895767
0.5716579234986349,5.716579234986349,0.9237412087371223,1729812980.8997526
0.5852819684766413,5.852819684766413,0.9289100464321479,1729812980.9095204
0.5989822158823748,5.989822158823747,0.9341056546962524,1729812980.919563
0.6127590600269743,6.127590600269743,0.9393281477496335,1729812980.9297044
0.6266128968998393,6.266128968998394,0.9445776400188856,1729812980.9396315
0.6405441241716099,6.405441241716099,0.9498542461337934,1729812980.949766
0.6545531411970985,6.545531411970985,0.9551580809240424,1729812980.9596102
0.6686403490181735,6.686403490181735,0.9604892594158841,1729812980.969579
0.6828061503665918,6.828061503665918,0.9658478968287508,1729812980.9794748
0.6970509496667817,6.970509496667817,0.9712341085717985,1729812980.989816
0.7113751530385751,7.113751530385751,0.9766480102404395,1729812980.999652
0.725779168299886,7.25779168299886,0.9820897176127453,1729812981.0095425
0.7402634049693372,7.402634049693372,0.9875593466458817,1729812981.0202363
0.7548282742688331,7.548282742688332,0.9930570134724243,1729812981.0297132
0.7694741891260781,7.694741891260781,0.9985828343966227,1729812981.0396428
0.7842015641770386,7.842015641770386,1.0041369258906565,1729812981.0496824
0.7990108157683501,7.990108157683501,1.0097194045907747,1729812981.0595665
0.8139023619596663,8.139023619596662,1.015330387293404,1729812981.0696192
0.8288766225259503,8.288766225259502,1.0209699909512038,1729812981.0795877
0.8439340189597078,8.439340189597077,1.0266383326690685,1729812981.089635
0.8590749744731592,8.590749744731593,1.0323355297000285,1729812981.0997453
0.8742999140003525,8.742999140003525,1.038061699441136,1729812981.1097162
0.889609264199214,8.89609264199214,1.043816959429292,1729812981.1196373
0.9050034534535373,9.050034534535373,1.0496014273369765,1729812981.1297657
0.9204829118749077,9.204829118749076,1.05541522096794,1729812981.1397178
0.9360480713045647,9.360480713045646,1.0612584582528468,1729812981.1497438
0.9516993653151973,9.516993653151973,1.0671312572448182,1729812981.1596267
0.9674372292126745,9.674372292126744,1.073033736114959,1729812981.1696014
0.9832621000377094,9.832621000377094,1.0789660131478067,1729812981.1799002
0.9991744165674542,9.991744165674541,1.084928206736671,1729812981.1896112
1.0151746193170272,10.151746193170272,1.0909204353789965,1729812981.2001166
1.031263150540971,10.31263150540971,1.0969428176715814,1729812981.2097301
1.0474404542346385,10.474404542346385,1.10299547230579,1729812981.2197528
1.063706976135508,10.63706976135508,1.1090785180626588,1729812981.2296526
1.0800631637244273,10.800631637244273,1.115192073807962,1729812981.239581
1.0965094662267816,10.965094662267816,1.1213362584872035,1729812981.2497087
1.1130463346135893,11.130463346135892,1.127511191120539,1729812981.259529
1.1296742216025213,11.296742216025212,1.1337169907976579,1729812981.2700334
1.1463935816588446,11.463935816588446,1.1399537766725514,1729812981.2796054
1.1632048709962877,11.632048709962877,1.1462216679582395,1729812981.2895648
1.1801085475778286,11.801085475778287,1.152520783921461,1729812981.2996418
1.1971050711164029,11.971050711164029,1.1588512438772431,1729812981.30951
1.2141949030755317,12.141949030755317,1.1652131671834054,1729812981.3195643
1.2313785066698686,12.313785066698685,1.171606673235071,1729812981.3296185
1.248656346865663,12.48656346865663,1.1780318814589839,1729812981.3396418
1.2660288903811423,12.660288903811423,1.1844889113078816,1729812981.3496492
1.2834966056868076,12.834966056868076,1.1909778822547148,1729812981.3594918
1.3010599630056447,13.010599630056447,1.1974989137868262,1729812981.3696368
1.3187194343132498,13.187194343132498,1.2040521254000511,1729812981.3795953
1.336475493337865,13.36475493337865,1.2106376365927725,1729812981.3896036
1.3543286155603287,13.543286155603287,1.2172555668598628,1729812981.399807
1.372279278213933,13.72279278213933,1.2239060356865812,1729812981.409524
1.3903279602841938,13.903279602841938,1.2305891625424037,1729812981.4196136
1.4084751425085258,14.084751425085258,1.2373050668747565,1729812981.4297073
1.4267213073758276,14.267213073758276,1.2440538681026956,1729812981.4395845
1.4450669391259714,14.450669391259714,1.250835685610519,1729812981.4496648
1.463512523749198,14.63512523749198,1.2576506387412634,1729812981.4595242
1.482058548985416,14.820585489854158,1.2644988467902065,1729812981.4696028
1.5007055043234037,15.007055043234036,1.2713804289981914,1729812981.4795928
1.5194538809999134,15.194538809999134,1.2782955045449684,1729812981.4896123
1.5383041719986754,15.383041719986753,1.2852441925424314,1729812981.4995844
1.5572568720493025,15.572568720493026,1.2922266120277337,1729812981.5095222
1.5763124776260926,15.763124776260927,1.299242881956416,1729812981.5197172
1.5954714869467286,15.954714869467285,1.3062931211953623,1729812981.5295217
1.614734399970875,16.14734399970875,1.3133774485157828,1729812981.5396
1.634101718398669,16.34101718398669,1.320495982586002,1729812981.5497108
1.6535739456691068,16.53573945669107,1.3276488419642911,1729812981.559667
1.6731515869583207,16.731515869583205,1.3348361450915336,1729812981.5695941
1.692835149177751,16.92835149177751,1.3420580102838526,1729812981.5796754
1.712625140972205,17.12625140972205,1.3493145557251554,1729812981.589763
1.7325220727178092,17.325220727178092,1.3566058994596029,1729812981.5997062
1.7525264565198464,17.525264565198462,1.3639321593839915,1729812981.6097002
1.7726388062104825,17.726388062104824,1.371293453240063,1729812981.619677
1.7928596373463779,17.92859637346378,1.378689898606738,1729812981.629644
1.813189467206185,18.13189467206185,1.3861216128922704,1729812981.6395526
1.8336288147879278,18.33628814787928,1.3935887133263032,1729812981.6496012
1.8541782008062662,18.54178200806266,1.401091316951887,1729812981.6596184
1.874838147689639,18.74838147689639,1.4086295406173734,1729812981.6696737
1.8956091795772902,18.956091795772902,1.4162035009682716,1729812981.679631
1.9164918223161722,19.16491822316172,1.4238133144389655,1729812981.6897562
1.9374866034577272,19.374866034577273,1.4314590972444305,1729812981.6997476
1.9585940522545457,19.585940522545457,1.4391409653718048,1729812981.709573
1.9798146996569015,19.798146996569017,1.4468590345719,1729812981.7196147
2.0011490783091586,20.011490783091585,1.4546134203506549,1729812981.7297578
2.0225977225460534,20.225977225460532,1.4624042379604605,1729812981.7396352
2.044161168388848,20.441611683888482,1.4702316023914515,1729812981.7495837
2.065839953541355,20.65839953541355,1.4780956283626923,1729812981.7595005
2.087634617385831,20.87634617385831,1.485996430313274,1729812981.7696033
2.1095457009787375,21.095457009787374,1.4939341223933669,1729812981.7795272
2.1315737470463736,21.315737470463738,1.5019088184551448,1729812981.7895765
2.1537192999803683,21.537192999803683,1.509920632043655,1729812981.7996829
2.175982905833042,21.75982905833042,1.517969676387609,1729812981.8096564
2.198365112312632,21.98365112312632,1.5260560643900787,1729812981.8197207
2.220866468778376,22.20866468778376,1.534179908619115,1729812981.8296747
2.243487526235462,22.43487526235462,1.5423413212982906,1729812981.8397133
2.266228837329834,22.66228837329834,1.5505404142971395,1729812981.8496468
2.2890909563428603,22.890909563428604,1.5587772991215703,1729812981.8595655
2.312074439185857,23.12074439185857,1.5670520869041082,1729812981.8696551
2.3351798433944673,23.351798433944673,1.5753648883941418,1729812981.8796816
2.358407728122899,23.58407728122899,1.5837158139480314,1729812981.8896928
2.3817586541380127,23.817586541380127,1.5921049735191692,1729812981.8996093
2.405233183813265,24.052331838132652,1.6005324766479392,1729812981.9096086
2.4288318811225027,24.288318811225025,1.6089984324515916,1729812981.9197192
2.452555311633607,24.52555311633607,1.6175029496140523,1729812981.9296567
2.4764040425019878,24.76404042501988,1.6260461363756358,1729812981.9397128
2.500378642463924,25.003786424639237,1.6346281005226926,1729812981.9496787
2.524479681829754,25.244796818297537,1.6432489493771518,1729812981.9595625
2.5487077324769083,25.487077324769082,1.6519087897859963,1729812981.9696033
2.573063367842789,25.73063367842789,1.6606077281106648,1729812981.9795456
2.597547162917491,25.975471629174912,1.669345870216353,1729812981.9895039
2.622159694236367,26.221596942363668,1.6781233214612543,1729812981.999649
2.64690153987243,26.469015398724302,1.686940186685697,1729812982.00949
2.6717732794286,26.717732794286,1.6957965702012112,1729812982.0196881
2.696775494029786,26.967754940297862,1.7046925757795366,1729812982.0295558
2.721908766314805,27.21908766314805,1.7136283066414952,1729812982.0395377
2.7471736804281397,27.4717368042814,1.7226038654458629,1729812982.0496132
2.7725708220115295,27.725708220115294,1.731619354278057,1729812982.0597417
2.7981007781953955,27.981007781953956,1.740674874638871,1729812982.0695949
2.823764137590097,28.237641375900967,1.7497705274329975,1729812982.0796688
2.849561490277022,28.49561490277022,1.7589064129575904,1729812982.0896177
2.875493427799506,28.754934277995062,1.7680826308906505,1729812982.0997055
2.90156054315358,29.015605431535796,1.7772992802794016,1729812982.1095724
2.927763430778547,29.277634307785473,1.7865564595285521,1729812982.1196024
2.9541026865473876,29.541026865473874,1.7958542663885035,1729812982.1297076
2.9805789077569846,29.805789077569848,1.8051927979434454,1729812982.1395814
3.007192693118181,30.07192693118181,1.8145721505994024,1729812982.1496344
3.033944642745654,30.33944642745654,1.8239924200722113,1729812982.159466
3.0608353581476164,30.608353581476166,1.8334537013753769,1729812982.1696079
3.0878654422153353,30.878654422153353,1.8429560888079175,1729812982.1796029
3.1150354992124747,31.150354992124747,1.8524996759420658,1729812982.1896582
3.142346134764254,31.423461347642537,1.862084555610953,1729812982.1997547
3.169797955846425,31.69797955846425,1.871710819896184,1729812982.2096903
3.1973915707740685,31.973915707740687,1.8813785601153379,1729812982.2196372
3.2251275891902025,32.251275891902026,1.8910878668094275,1729812982.2296262
3.253006622054207,32.53006622054207,1.9008388297302359,1729812982.239653
3.2810292816300635,32.81029281630063,1.9106315378276255,1729812982.2496963
3.3091961814744053,33.09196181474405,1.9204660792367703,1729812982.2595978
3.3375079364243807,33.37507936424381,1.9303425412652624,1729812982.2697153
3.3659651625853244,33.65965162585324,1.9402610103802305,1729812982.279643
3.3945684773182414,33.945684773182414,1.950221572195324,1729812982.289613
3.4233184992270975,34.23318499227098,1.9602243114576607,1729812982.299575
3.452215848145917,34.52215848145917,1.9702693120346941,1729812982.309654
3.481261145125687,34.81261145125687,1.980356656901015,1729812982.3195899
3.510455012421069,35.10455012421069,1.99048642812508,1729812982.3295841
3.5397980734769123,35.39798073476912,2.0006587068558828,1729812982.3397086
3.5692909529145718,35.692909529145716,2.010873573309568,1729812982.3496578
3.598934276518029,35.98934276518029,2.021131106755935,1729812982.3595173
3.6287286712198146,36.287286712198146,2.0314313855049493,1729812982.3696818
3.65867476508673,36.5867476508673,2.041774486893135,1729812982.3799016
3.6887731873053715,36.88773187305372,2.052160487269906,1729812982.3896205
3.7190245681674505,37.190245681674504,2.062589461983875,1729812982.3996484
3.7494295390549133,37.494295390549134,2.073061485369071,1729812982.4096107
3.779988732424857,37.79988732424857,2.083576630731094,1729812982.4195774
3.8107027817942436,38.10702781794244,2.0941349703332337,1729812982.4296265
3.8415723217244064,38.415723217244064,2.104736575382513,1729812982.439593
3.8725979878053534,38.725979878053536,2.1153815160156713,1729812982.4496517
3.9037804166398637,39.03780416639864,2.126069861285109,1729812982.4594831
3.935120245827376,39.35120245827376,2.13680167914477,1729812982.4696374
3.9666181139476713,39.66618113947671,2.147577036435959,1729812982.4795902
3.9982746605443436,39.98274660544344,2.158395998873119,1729812982.4895854
4.030090526108065,40.30090526108065,2.1692586310295523,1729812982.4996223
4.062066352059637,40.62066352059637,2.1801649963231062,1729812982.5095754
4.094202780732835,40.94202780732835,2.1911151570017617,1729812982.5195866
4.126500455357037,41.265004553570364,2.202109174129256,1729812982.5297709
4.1589600200396415,41.58960020039642,2.213147107570564,1729812982.539627
4.191582119748277,41.91582119748277,2.22422901597741,1729812982.5497346
4.22436740029279,42.243674002927904,2.235354956773688,1729812982.5596924
4.257316508307023,42.57316508307022,2.2465249861408756,1729812982.5696619
4.290430091230377,42.90430091230377,2.2577391590033633,1729812982.5796404
4.3237087972891635,43.237087972891636,2.26899752901378,1729812982.5896177
4.35715327547773,43.571532754777294,2.2803001485382675,1729812982.5996633
4.390764175539378,43.907641755393776,2.2916470686417183,1729812982.6096115
4.424542147947059,44.245421479470586,2.3030383390729527,1729812982.6196303
4.458487843883858,44.58487843883858,2.314474008249916,1729812982.6300597
4.4926019152232515,44.92601915223251,2.3259541232447747,1729812982.6395452
4.526885014509155,45.26885014509155,2.3374787297690443,1729812982.6496756
4.561337794935744,45.61337794935744,2.3490478721586516,1729812982.6595862
4.5959609103270616,45.959609103270616,2.3606615933589445,1729812982.6697898
4.630755015116403,46.30755015116403,2.3723199349097612,1729812982.6796153
4.66572076432548,46.65720764325479,2.3840229369303554,1729812982.6896174
4.700858813543365,47.008588135433655,2.3957706381044,1729812982.6996858
4.7361698189052195,47.36169818905219,2.4075630756649113,1729812982.709555
4.77165443707079,47.7165443707079,2.419400285379176,1729812982.7196293
4.807313325202694,48.073133252026935,2.431282301533634,1729812982.7299328
4.843147140944475,48.43147140944475,2.443209156918784,1729812982.7395597
4.8791565423984435,48.79156542398444,2.455180882814034,1729812982.7495813
4.915342188103291,49.15342188103291,2.4671975089725606,1729812982.7594082
4.951704737011483,49.51704737011483,2.4792590636061504,1729812982.769634
4.9882448484664295,49.882448484664295,2.4913655733700297,1729812982.779632
5.024963182179431,50.24963182179431,2.5035170633476875,1729812982.7896128
5.061860398206407,50.618603982064066,2.5157135570356983,1729812982.7997215
5.098937156924394,50.989371569243936,2.5279550763285137,1729812982.8094978
5.13619411900783,51.3619411900783,2.5402416415032985,1729812982.819636
5.173631945404608,51.73631945404608,2.552573271204716,1729812982.8296247
5.211251297311911,52.11251297311911,2.564949982429761,1729812982.8395772
5.249052836151821,52.490528361518216,2.5773717905125446,1729812982.849608
5.2870372235467125,52.87037223546712,2.589838709109131,1729812982.8594427
5.325205121294412,53.252051212944124,2.602350750182377,1729812982.8696017
5.363557191343149,53.635571913431484,2.6149079239867277,1729812982.8796816
5.402094095766269,54.02094095766269,2.6275102390531035,1729812982.8896103
5.4408164967367405,54.408164967367405,2.6401577021737443,1729812982.8996346
5.479725056501429,54.79725056501429,2.652850318387081,1729812982.9095879
5.51882043735515,55.1882043735515,2.665588090962644,1729812982.9195867
5.558103301614512,55.58103301614512,2.678371021385977,1729812982.9297085
5.597574311591521,55.975743115915215,2.6911991093435663,1729812982.9395294
5.637234129566981,56.372341295669806,2.7040723527078114,1729812982.9496124
5.6770834177636615,56.770834177636615,2.716990747522022,1729812982.9595323
5.717122838319257,57.17122838319257,2.7299542879854313,1729812982.969644
5.757353053259117,57.57353053259117,2.7429629664382356,1729812982.9796002
5.797774724468762,57.97774724468762,2.7560167733467242,1729812982.9896948
5.838388513666181,58.38388513666181,2.76911569728835,1729812982.999695
5.879195082373913,58.79195082373913,2.782259724936928,1729812983.0095735
5.92019509189091,59.2019509189091,2.7954488410478433,1729812983.0196862
5.961389203264178,59.613892032641786,2.8086830284432667,1729812983.0298452
6.002778077260217,60.02778077260217,2.8219622679974874,1729812983.0396166
6.044362374336227,60.443623743362274,2.835286538622234,1729812983.0496395
6.086142754611118,60.86142754611118,2.8486558172520837,1729812983.0594468
6.128119877836292,61.28119877836292,2.8620700788299054,1729812983.0697315
6.170294403366224,61.70294403366224,2.875529296292383,1729812983.0796516
6.21266699012882,62.1266699012882,2.8890334405555596,1729812983.0896084
6.255238296595577,62.55238296595577,2.902582480500488,1729812983.099647
6.29800898075152,62.9800898075152,2.9161763829589162,1729812983.1096342
6.340979700064944,63.409797000649434,2.9298151126990497,1729812983.1196616
6.384151111456932,63.841511114569315,2.943498632411395,1729812983.1299677
6.427523871270683,64.27523871270682,2.9572269026946385,1729812983.13973
6.471098635240623,64.71098635240624,2.9709998820416645,1729812983.1497355
6.514876058461316,65.14876058461316,2.984817526825589,1729812983.159497
6.558856795356169,65.5885679535617,2.998679791285909,1729812983.1697316
6.603041499645939,66.03041499645938,3.012586627514728,1729812983.1796196
6.647430824317037,66.47430824317037,3.026537985443075,1729812983.189632
6.692025421589631,66.9202542158963,3.0405338128272925,1729812983.1997187
6.736825942885554,67.36825942885554,3.054574055235544,1729812983.2095933
6.781833038796014,67.81833038796015,3.0686586560344074,1729812983.219567
6.827047359049107,68.27047359049106,3.082787556375547,1729812983.2297282
6.872469552477141,68.7246955247714,3.096960695182532,1729812983.2397473
6.918100266983761,69.18100266983761,3.1111780091377064,1729812983.2495754
6.963940149510891,69.63940149510891,3.1254394326692,1729812983.259605
7.009989846005479,70.09989846005479,3.139744897938054,1729812983.2697878
7.056250001386063,70.56250001386063,3.1540943348254293,1729812983.2795224
7.102721259509145,71.02721259509144,3.1684876709199594,1729812983.2896307
7.1494042631353825,71.49404263135382,3.1829248315052157,1729812983.2996726
7.196299653895601,71.962996538956,3.197405739547289,1729812983.3096755
7.243408072256621,72.43408072256621,3.2119303156824976,1729812983.3197472
7.290730157486913,72.90730157486914,3.2264984782052233,1729812983.3296568
7.338266547622071,73.38266547622071,3.2411101430559084,1729812983.3396251
7.386017879430113,73.86017879430112,3.2557652238091164,1729812983.3496356
7.433984788376607,74.33984788376607,3.270463631661821,1729812983.3595302
7.482167908589636,74.82167908589636,3.2852052754217587,1729812983.369629
7.530567872824579,75.3056787282458,3.2999900614959783,1729812983.3794901
7.579185312428742,75.79185312428743,3.314817893879506,1729812983.389771
7.628020857305812,76.28020857305812,3.3296886741441787,1729812983.3998713
7.677075135880161,76.7707513588016,3.344602301427612,1729812983.4096873
7.726348775060978,77.26348775060978,3.3595586724223576,1729812983.419651
7.7758424002062565,77.75842400206257,3.3745576813651894,1729812983.4298546
7.82555663508662,78.2555663508662,3.389599220026555,1729812983.439691
7.875492101848996,78.75492101848997,3.4046831777002238,1729812983.4495833
7.925649420980142,79.25649420980142,3.419809441193058,1729812983.45954
7.976029211270026,79.76029211270026,3.4349778948150114,1729812983.4696655
8.026632089775056,80.26632089775056,3.450188420369253,1729812983.4795277
8.077458671781176,80.77458671781176,3.465440897142485,1729812983.4896102
8.128509570766816,81.28509570766816,3.480735201895471,1729812983.4997146
8.179785398365711,81.7978539836571,3.496071208853726,1729812983.5096016
8.23128676432958,82.3128676432958,3.5114487896983704,1729812983.5195296
8.28301427649068,82.83014276490681,3.5268678135572396,1729812983.5296087
8.334968540724228,83.34968540724228,3.542328146996124,1729812983.539725
8.3871501609107,83.871501609107,3.5578296540102574,1729812983.5496933
8.439559738898007,84.39559738898006,3.5733721960159555,1729812983.5595384
8.492197874463551,84.92197874463551,3.588955631842536,1729812983.5696585
8.545065165276169,85.45065165276169,3.6045798177243427,1729812983.5797212
8.598162206857955,85.98162206857955,3.6202446072930847,1729812983.589665
8.651489592545982,86.51489592545983,3.635949851570321,1729812983.599739
8.705047913453912,87.05047913453912,3.6516953989601975,1729812983.6096427
8.758837758433502,87.58837758433502,3.6674810952423673,1729812983.6196423
8.812859714036017,88.12859714036017,3.683306783565195,1729812983.629646
8.867114364473535,88.67114364473535,3.6991723044391307,1729812983.6396258
8.921602291580163,89.21602291580163,3.715077495730335,1729812983.6496964
8.976324074773169,89.76324074773169,3.731022192654554,1729812983.65951
9.03128029101402,90.3128029101402,3.747006227771214,1729812983.669592
9.086471514769341,90.86471514769342,3.7630294309777357,1729812983.6795893
9.14189831797179,91.41898317971791,3.779091629504153,1729812983.6896129
9.197561269980861,91.97561269980861,3.795192647907898,1729812983.6997063
9.253460937543615,92.53460937543615,3.811332308068903,1729812983.7095594
9.309597884755341,93.09597884755341,3.827510429184917,1729812983.7196221
9.365972673020153,93.65972673020153,3.8437268277670826,1729812983.7299337
9.422585861011521,94.22585861011521,3.859981317635797,1729812983.7396073
9.479438004632758,94.79438004632757,3.8762737099167817,1729812983.7496338
9.536529656977434,95.36529656977434,3.8926038130374634,1729812983.7596195
9.593861368289762,95.93861368289762,3.90897143272362,1729812983.7696328
9.65143368592492,96.5143368592492,3.925376371996255,1729812983.7796164
9.709247154309343,97.09247154309344,3.9418184311687874,1729812983.7896965
9.767302314900977,97.67302314900977,3.9582974078445137,1729812983.7997274
9.82559970614949,98.2559970614949,3.974813096914314,1729812983.809545
9.884139863456468,98.84139863456468,3.991365290554679,1729812983.819661
9.942923319135575,99.42923319135575,4.007953778226001,1729812983.829824
10.001950602372697,100.01950602372696,4.024578346671156,1729812983.8396668
10.061222239186067,100.61222239186067,4.041238779914387,1729812983.849774
10.120738752386382,101.20738752386382,4.057934859260448,1729812983.859561
10.180500661536907,101.80500661536908,4.074666363294092,1729812983.8696628
10.24050848291358,102.4050848291358,4.091433067879804,1729812983.879518
10.300762729465111,103.00762729465112,4.108234746161883,1729812983.8895857
10.3612639107731,103.61263910773101,4.125071168564787,1729812983.899688
10.422012533012147,104.22012533012148,4.1419421027938235,1729812983.9096022
10.483009098909987,104.83009098909987,4.1588473138361,1729812983.9196396
10.544254107707646,105.44254107707646,4.1757865639618315,1729812983.929599
10.605748055119614,106.05748055119614,4.1927596127259426,1729812983.9396446
10.667491433294048,106.67491433294047,4.209766216969978,1729812983.9497058
10.72948473077301,107.2948473077301,4.226806130824333,1729812983.9594727
10.791728432452738,107.91728432452737,4.24387910571083,1729812983.9696064
10.85422301954397,108.54223019543969,4.260984890345577,1729812983.9794085
10.916968969532295,109.16968969532294,4.278123230742178,1729812983.9895873
10.979966756138582,109.79966756138582,4.295293870215277,1729812983.999666
11.043216849279439,110.43216849279439,4.312496549384399,1729812984.0096395
11.106719715027753,111.06719715027752,4.3297310061781555,1729812984.0196073
11.170475815573287,111.70475815573286,4.346996975838761,1729812984.0295913
11.234485609183354,112.34485609183353,4.364294190926912,1729812984.0398204
11.298749550163562,112.98749550163562,4.381622381326969,1729812984.0497308
11.363268088818641,113.63268088818641,4.3989812742525025,1729812984.059785
11.428041671413359,114.2804167141336,4.416370594252168,1729812984.0696707
11.493070740133529,114.9307074013353,4.4337900632159375,1729812984.0796275
11.558355733047106,115.58355733047107,4.451239400381668,1729812984.089654
11.6238970840654,116.23897084065399,4.468718322342003,1729812984.0998619
11.689695222904374,116.89695222904375,4.486226543051651,1729812984.1095078
11.755750575046081,117.5575057504608,4.503763773834992,1729812984.119614
11.822063561700185,118.22063561700185,4.521329723394042,1729812984.1295571
11.888634599765634,118.88634599765635,4.5389240978167775,1729812984.1395986
11.955464101792446,119.55464101792445,4.556546600585789,1729812984.1496983
12.022552475943625,120.22552475943625,4.57419693258733,1729812984.1594515
12.089900125957222,120.89900125957222,4.5918747921206915,1729812984.1696615
12.157507451108534,121.57507451108535,4.609579874907944,1729812984.1797104
12.225374846172455,122.25374846172456,4.627311874104035,1729812984.1896665
12.293502701385977,122.93502701385977,4.645070480307273,1729812984.19999
12.361891402410851,123.6189140241085,4.6628553815701155,1729812984.2096195
12.430541330296412,124.30541330296413,4.680666263410391,1729812984.219646
12.499452861442574,124.99452861442575,4.698502808822826,1729812984.229938
12.568626367562999,125.68626367562999,4.716364698290973,1729812984.2396088
12.638062215648445,126.38062215648445,4.73425160979947,1729812984.2495914
12.707760767930303,127.07760767930303,4.752163218846714,1729812984.2594864
12.777722381844324,127.77722381844325,4.770099198457841,1729812984.2696743
12.847947409994537,128.47947409994538,4.788059219198135,1729812984.2795055
12.918436200117375,129.18436200117375,4.806042949186738,1729812984.2896392
12.989189095046001,129.89189095046,4.824050054110799,1729812984.2996016
13.06020643267486,130.6020643267486,4.8420801972399286,1729812984.3097115
13.13148854592443,131.3148854592443,4.860133039441057,1729812984.3197281
13.203035762706211,132.0303576270621,4.878208239193654,1729812984.3301127
13.274848405887937,132.74848405887937,4.896305452605318,1729812984.339562
13.346926793259021,133.4692679325902,4.914424333427721,1729812984.3495934
13.419271237496242,134.1927123749624,4.932564533072941,1729812984.3594468
13.491882046129675,134.91882046129675,4.950725700630156,1729812984.3695648
13.56475952150887,135.6475952150887,4.968907482882688,1729812984.3798904
13.637903960769295,136.37903960769296,4.987109524325462,1729812984.389607
13.711315655799025,137.11315655799024,5.005331467182769,1729812984.399706
13.784994893205711,137.84994893205712,5.023572951426457,1729812984.409581
13.858941954283816,138.58941954283816,5.041833614794443,1729812984.4196808
13.933157114982127,139.33157114982126,5.060113092809625,1729812984.429703
14.007640645871547,140.07640645871547,5.078411018799122,1729812984.4396737
14.082392812113186,140.82392812113187,5.09672702391393,1729812984.4497247
14.157413873426728,141.57413873426728,5.115060737148888,1729812984.4596086
14.232704084059112,142.3270408405911,5.133411785363045,1729812984.4696553
14.30826369275351,143.0826369275351,5.151779793300365,1729812984.4800189
14.384092942718615,143.84092942718615,5.170164383610824,1729812984.4896748
14.460192071598241,144.6019207159824,5.188565176871811,1729812984.499662
14.536561311441247,145.36561311441247,5.206981791609967,1729812984.5095274
14.613200888671784,146.13200888671784,5.225413844323291,1729812984.519767
14.69011102405987,146.9011102405987,5.2438609495036825,1729812984.5295014
14.767291932692304,147.67291932692305,5.262322719659785,1729812984.5396404
14.844743823943919,148.44743823943918,5.280798765340199,1729812984.5497603
14.922466901449178,149.22466901449178,5.299288695157055,1729812984.5594716
15.000461363074129,150.0046136307413,5.317792115809926,1729812984.5696099
15.078727400888697,150.78727400888698,5.336308632110069,1729812984.5797007
15.157265201139367,151.57265201139367,5.354837847005067,1729812984.589678
15.236074944222201,152.36074944222202,5.373379361603739,1729812984.5996857
15.31515680465625,153.1515680465625,5.391932775201453,1729812984.6096723
15.394510951057324,153.94510951057325,5.410497685305756,1729812984.6195579
15.47413754611216,154.7413754611216,5.429073687662316,1729812984.629811
15.554036746552965,155.54036746552964,5.447660376281251,1729812984.6396713
15.634208703132344,156.34208703132344,5.466257343463742,1729812984.6496634
15.714653560598641,157.1465356059864,5.484864179828991,1729812984.6595159
15.795371457671667,157.95371457671666,5.503480474341517,1729812984.6698363
15.876362527018829,158.7636252701883,5.522105814338767,1729812984.6794102
15.957626895231687,159.57626895231687,5.5407397855590315,1729812984.6895792
16.03916468280291,160.39164682802908,5.55938197216971,1729812984.6997323
16.120976004103646,161.20976004103647,5.578031956795867,1729812984.709515
16.203060967361342,162.0306096736134,5.596689320549109,1729812984.7195692
16.285419674637964,162.85419674637964,5.615353643056763,1729812984.729652
16.368052221808654,163.68052221808654,5.634024502491388,1729812984.7395833
16.450958698540845,164.50958698540845,5.652701475600535,1729812984.7496195
16.53413918827379,165.34139188273792,5.671384137736868,1729812984.7596865
16.617593768198557,166.17593768198557,5.690072062888527,1729812984.7697096
16.701322509238462,167.01322509238463,5.70876482370982,1729812984.7796857
16.78532547602996,167.8532547602996,5.727461991552186,1729812984.7895846
16.869602726904,168.69602726903997,5.746163136495439,1729812984.8002105
16.95415431386782,169.5415431386782,5.764867827379313,1729812984.809493
17.03898028258726,170.3898028258726,5.783575631835253,1729812984.8197174
17.12408067236947,171.2408067236947,5.8022861163185,1729812984.8298583
17.209455516146157,172.09455516146159,5.820998846140444,1729812984.8396318
17.295104840457288,172.95104840457287,5.839713385501232,1729812984.8497112
17.381028665435263,173.81028665435264,5.858429297522638,1729812984.8594694
17.467227004789592,174.67227004789592,5.877146144281203,1729812984.8698106
17.55369986579205,175.53699865792052,5.895863486841598,1729812984.8795567
17.640447249262337,176.40447249262337,5.914580885290265,1729812984.8895795
17.727469149554217,177.27469149554219,5.933297898769276,1729812984.899665
17.814765554542173,178.14765554542174,5.9520140855104495,1729812984.909644
17.90233644560856,179.02336445608563,5.970729002869677,1729812984.9196112
17.99018179763127,179.90181797631269,5.989442207361507,1729812984.9296696
18.07830157897189,180.7830157897189,6.008153254693921,1729812984.9396155
18.166695751464395,181.66695751464397,6.026861699803363,1729812984.9497695
18.25536427040435,182.5536427040435,6.045567096889942,1729812984.959474
18.344307084538624,183.44307084538625,6.064268999452879,1729812984.9697382
18.433524136055638,184.33524136055638,6.082966960326136,1729812984.9797602
18.52301536057613,185.2301536057613,6.101660531714259,1729812984.9896717
18.612780687144458,186.1278068714446,6.120349265228397,1729812985.000237
18.702820038220413,187.02820038220412,6.139032711922522,1729812985.0095954
18.793133329671598,187.931333296716,6.157710422329816,1729812985.0195553
18.883720470766317,188.83720470766318,6.176381946499271,1729812985.0296555
18.97458136416702,189.7458136416702,6.195046834032399,1729812985.0397441
19.065715905924268,190.65715905924267,6.213704634120179,1729812985.0496848
19.157123985471273,191.57123985471273,6.232354895580105,1729812985.0596375
19.24880548561895,192.48805485618948,6.250997166893429,1729812985.0696597
19.34076028255154,193.4076028255154,6.269630996242522,1729812985.07962
19.43298824582278,194.32988245822781,6.288255931548407,1729812985.089639
19.52548923835262,195.2548923835262,6.306871520508402,1729812985.0996923
19.618263116424494,196.18263116424492,6.325477310633921,1729812985.1096287
19.71130972968315,197.1130972968315,6.344072849288378,1729812985.1195753
19.804628921133045,198.04628921133045,6.362657683725227,1729812985.1296506
19.898220527137273,198.98220527137272,6.381231361126099,1729812985.1395583
19.992084377417093,199.92084377417092,6.399793428639063,1729812985.149652
20.08622029505199,200.8622029505199,6.418343433416978,1729812985.1593928
20.18062809648031,201.80628096480308,6.436880922655948,1729812985.1696315
20.275307591500454,202.75307591500453,6.455405443633849,1729812985.1797068
20.37025858327266,203.70258583272658,6.473916543748967,1729812985.189602
20.46548086832131,204.6548086832131,6.492413770558685,1729812985.1997552
20.560974236537866,205.60974236537868,6.510896671818251,1729812985.2096214
20.656738471184315,206.56738471184315,6.52936479551962,1729812985.21967
20.752773348897218,207.5277334889722,6.547817689930328,1729812985.2296402
20.849078639692323,208.49078639692323,6.566254903632454,1729812985.239685
20.94565410696976,209.45654106969758,6.584675985561577,1729812985.2496157
21.04249950751978,210.42499507519778,6.603080485045825,1729812985.259451
21.139614591529103,211.39614591529102,6.621467951844916,1729812985.2697275
21.23699910258781,212.3699910258781,6.639837936189234,1729812985.27962
21.33465277769682,213.3465277769682,6.658189988818944,1729812985.28958
21.432575347275947,214.32575347275946,6.6765236610230785,1729812985.2997456
21.530766535172518,215.30766535172518,6.694838504678674,1729812985.309714
21.62922605867057,216.2922605867057,6.713134072289874,1729812985.3196843
21.727953628500632,217.27953628500632,6.731409917027032,1729812985.3296714
21.82694894885005,218.26948948850048,6.749665592765818,1729812985.3396153
21.926211717373924,219.26211717373923,6.767900654126268,1729812985.3496337
22.025741625206585,220.25741625206587,6.786114656511844,1729812985.35946
22.125538356973667,221.25538356973667,6.804307156148439,1729812985.369646
22.225601590804732,222.25601590804732,6.82247771012333,1729812985.379548
22.325930998346482,223.25930998346482,6.84062587642412,1729812985.3897302
22.42652624477653,224.26526244776528,6.858751213977585,1729812985.3997355
22.527386988817735,225.27386988817736,6.876853282688484,1729812985.4096673
22.62851288275314,226.2851288275314,6.8949316434782935,1729812985.4197562
22.72990357244142,227.29903572441418,6.912985858323873,1729812985.4296715
22.831558697332945,228.31558697332946,6.931015490296038,1729812985.4395814
22.933477890486387,229.33477890486387,6.949020103598063,1729812985.4495857
23.03566077858589,230.3566077858589,6.966999263604063,1729812985.4595385
23.1381069819588,231.381069819588,6.984952536897312,1729812985.4696865
23.240816114593972,232.40816114593972,7.002879491308411,1729812985.4796433
23.34378778416061,233.4378778416061,7.020779695953379,1729812985.4896297
23.447021592027685,234.47021592027684,7.038652721271598,1729812985.4997113
23.55051713328389,235.5051713328389,7.0564981390636445,1729812985.5096211
23.654273996758164,236.54273996758164,7.074315522528979,1729812985.519631
23.758291765040763,237.58291765040764,7.092104446303499,1729812985.5296025
23.86257001450487,238.62570014504868,7.109864486496947,1729812985.5396833
23.96710831532875,239.6710831532875,7.127595220730154,1729812985.5496955
24.071906231518483,240.71906231518483,7.145296228172142,1729812985.5595236
24.176963320931183,241.76963320931182,7.162967089577045,1729812985.5696347
24.2822791352988,242.82279135298802,7.180607387320854,1729812985.5796556
24.38785322025245,243.8785322025245,7.198216705438003,1729812985.5896435
24.49368511534725,244.9368511534725,7.215794629657744,1729812985.5996664
24.599774354087735,245.99774354087737,7.233340747440355,1729812985.609541
24.70612046395375,247.0612046395375,7.250854648013134,1729812985.6196082
24.812722966426904,248.12722966426904,7.268335922406185,1729812985.6299403
24.919581377017533,249.19581377017533,7.285784163488012,1729812985.6395838
25.026695205292178,250.2669520529218,7.303198966000886,1729812985.6496985
25.134063954901585,251.34063954901586,7.320579926595982,1729812985.6595318
25.241687123609207,252.41687123609208,7.337926643868296,1729812985.6696098
25.349564203320238,253.4956420332024,7.355238718391337,1729812985.6796002
25.457694680111118,254.57694680111118,7.372515752751557,1729812985.6895776
25.566078034259572,255.66078034259573,7.389757351582548,1729812985.6996753
25.674713740275127,256.74713740275126,7.4069631215989915,1729812985.7095768
25.783601266930127,257.8360126693013,7.42413267163033,1729812985.7196605
25.892740077291243,258.92740077291245,7.441265612654203,1729812985.7296133
26.00212962875146,260.0212962875146,7.458361557829587,1729812985.739523
26.111769373062568,261.11769373062566,7.475420122529676,1729812985.749675
26.221658756368093,262.21658756368095,7.492440924374486,1729812985.7595518
26.331797219236737,263.3179721923674,7.509423583263151,1729812985.7695885
26.44218419669628,264.4218419669628,7.526367721405952,1729812985.779499
26.552819118267937,265.5281911826794,7.5432729633560465,1729812985.7895944
26.663701408001167,266.6370140800117,7.560138936040874,1729812985.7997293
26.77483048450898,267.74830484508976,7.576965268793281,1729812985.8095067
26.886205761003637,268.86205761003635,7.593751593382319,1729812985.8196282
26.997826645332864,269.9782664533286,7.6104975440437315,1729812985.829637
27.10969254001644,271.0969254001644,7.627202757510121,1729812985.839658
27.221802842283267,272.2180284228327,7.643866873040776,1729812985.8496718
27.33415694410887,273.3415694410887,7.660489532451183,1729812985.8596153
27.4467542322533,274.467542322533,7.677070380142189,1729812985.8698196
27.559594088299495,275.59594088299497,7.693609063128833,1729812985.879575
27.672675888692012,276.72675888692015,7.710105231068826,1729812985.8896396
27.785999004776226,277.85999004776227,7.7265585362906775,1729812985.8998215
27.899562802837895,278.995628028379,7.742968633821472,1729812985.9096699
28.013366644143144,280.13366644143144,7.759335181414292,1729812985.9196844
28.127409884978842,281.2740988497884,7.775657839575268,1729812985.9298816
28.241691876693377,282.41691876693375,7.79193627159026,1729812985.9396572
28.3562119657378,283.562119657378,7.808170143551183,1729812985.949676
28.470969493707372,284.7096949370737,7.824359124381933,1729812985.9594612
28.585963797383474,285.85963797383477,7.840502885863962,1729812985.9696808
28.701194208775878,287.01194208775877,7.8566011026614415,1729812985.979489
28.8166600551654,288.166600551654,7.872653452346062,1729812985.9896092
28.9323606591469,289.323606591469,7.888659615421427,1729812985.999653
29.048295338672634,290.48295338672636,7.90461927534706,1729812986.0095935
29.164463407095948,291.64463407095946,7.9205321185620186,1729812986.0197234
29.280864173215328,292.80864173215326,7.9363978345080906,1729812986.0296025
29.39749694131877,293.9749694131877,7.952216115652603,1729812986.039619
29.514361011228484,295.1436101122848,7.967986657510827,1729812986.0496233
29.63145567834592,296.3145567834592,7.98370915866795,1729812986.059603
29.748780233697104,297.4878023369711,7.999383320800651,1729812986.069776
29.866333963978306,298.6633396397831,8.01500884869827,1729812986.0795403
29.98411615160198,299.84116151601984,8.030585450283533,1729812986.0896294
30.102126074743023,301.02126074743023,8.04611283663287,1729812986.0997412
30.220363007385327,302.2036300738533,8.061590721996318,1729812986.109531
30.338826219368602,303.38826219368605,8.077018823816971,1729812986.119635
30.457514976435498,304.575149764355,8.092396862750032,1729812986.129614
30.57642854027898,305.76428540278977,8.107724562681419,1729812986.1396377
30.695566168589973,306.9556616858997,8.12300165074592,1729812986.1496513
30.814927115105295,308.149271151053,8.138227857344955,1729812986.1595144
30.934510629655797,309.34510629655796,8.15340291616386,1729812986.169555
31.054315958214783,310.54315958214784,8.168526564188758,1729812986.1795685
31.174342342946673,311.7434234294667,8.183598541722978,1729812986.189762
31.29458902225587,312.9458902225587,8.198618592403019,1729812986.1996062
31.415055230835893,314.15055230835895,8.213586463214112,1729812986.2097201
31.535740199718703,315.357401997187,8.228501904505283,1729812986.2195797
31.65664315632425,316.56643156324253,8.243364670004008,1729812986.2299721
31.777763324510246,317.7776332451025,8.258174516830401,1729812986.2396352
31.899099924622114,318.9909992462211,8.272931205510968,1729812986.2497463
32.02065217354315,320.20652173543147,8.287634499991883,1729812986.2595115
32.14241928474485,321.42419284744847,8.302284167651854,1729812986.2696455
32.264400468337456,322.64400468337453,8.316879979314495,1729812986.2797005
32.38659493112066,323.86594931120663,8.33142170926027,1729812986.2896318
32.50900187663446,325.09001876634454,8.345909135237989,1729812986.299643
32.63162050521017,326.31620505210174,8.360342038475816,1729812986.3095517
32.75445001402166,327.54450014021654,8.37472020369187,1729812986.3195884
32.87748959713664,328.7748959713664,8.389043419104327,1729812986.329657
33.00073844556815,330.0073844556815,8.403311476441104,1729812986.3397057
33.12419574732621,331.2419574732621,8.41752417094905,1729812986.3496268
33.2478606874695,332.47860687469495,8.431681301402735,1729812986.3595908
33.37173244815724,333.7173244815724,8.445782670112708,1729812986.3695815
33.4958102087012,334.958102087012,8.459828082933388,1729812986.3796988
33.620093145617744,336.20093145617744,8.473817349270423,1729812986.3895752
33.74458043268004,337.4458043268004,8.487750282087648,1729812986.399662
33.86927124097033,338.6927124097033,8.501626697913565,1729812986.4096384
33.994164738932305,339.94164738932307,8.515446416847368,1729812986.4195814
34.11926009242356,341.1926009242356,8.529209262564528,1729812986.4296856
34.24455646476812,342.4455646476812,8.542915062321915,1729812986.439638
34.370053016809024,343.70053016809027,8.55656364696249,1729812986.4496377
34.495748906961005,344.95748906961006,8.570154850919502,1729812986.4596035
34.62164329126318,346.21643291263183,8.583688512220293,1729812986.4696693
34.74773532343185,347.47735323431846,8.597164472489613,1729812986.4795952
34.874024154913236,348.74024154913235,8.610582576952508,1729812986.4896867
35.0005089349364,350.00508934936397,8.623942674436753,1729812986.4996502
35.127188810566054,351.27188810566054,8.637244617374852,1729812986.5093946
35.25406292675548,352.5406292675548,8.650488261805586,1729812986.5196102
35.38113042639943,353.8113042639943,8.663673467375117,1729812986.5297644
35.508390450387054,355.08390450387054,8.676800097337672,1729812986.5396385
35.635842137654805,356.35842137654805,8.689868018555769,1729812986.5496616
35.76348462523938,357.6348462523938,8.702877101500013,1729812986.5594885
35.8913170483306,358.913170483306,8.715827220248471,1729812986.5696754
36.01933854032433,360.19338540324327,8.72871825248559,1729812986.5796099
36.14754823287534,361.4754823287534,8.741550079500717,1729812986.5896063
36.275945255950155,362.75945255950154,8.754322586186161,1729812986.599715
36.40452873787986,364.04528737879855,8.767035661034852,1729812986.6096058
36.53329780541285,365.3329780541285,8.779689196137562,1729812986.619544
36.66225158376759,366.6225158376759,8.792283087179724,1729812986.629762
36.79138919668525,367.91389196685253,8.80481723343781,1729812986.639621
36.92070976648234,369.2070976648234,8.81729153777531,1729812986.649625
37.05021241410323,370.50212414103225,8.829705906638294,1729812986.6595411
37.179896259172644,371.7989625917264,8.842060250050563,1729812986.669996
37.30976042004805,373.09760420048053,8.854354481608395,1729812986.6795733
37.439804013871964,374.39804013871964,8.86658851847488,1729812986.689649
37.57002615662419,375.70026156624186,8.878762281373858,1729812986.6996844
37.700425963173934,377.00425963173933,8.890875694583467,1729812986.7096632
37.831002547331856,378.31002547331855,8.90292868592928,1729812986.7196603
37.96175502190196,379.61755021901956,8.91492118677706,1729812986.729636
38.09268249873343,380.9268249873343,8.926853132025114,1729812986.7396524
38.22378408877233,382.2378408877233,8.938724460096285,1729812986.749675
38.35505890211313,383.55058902113126,8.950535112929538,1729812986.7595797
38.48650604805021,384.8650604805021,8.962285035971169,1729812986.7696788
38.618124635129114,386.1812463512911,8.973974178165655,1729812986.7795184
38.74991377119774,387.49913771197737,8.985602491946116,1729812986.7896903
38.881872563457364,388.81872563457364,8.997169933224408,1729812986.7997167
39.0140001185135,390.140001185135,9.008676461380867,1729812986.8096418
39.14629554242662,391.4629554242662,9.02012203925367,1729812986.8196576
39.278757940762716,392.78757940762716,9.031506633127854,1729812986.8296425
39.41138641864367,394.11386418643673,9.04283021272397,1729812986.8396754
39.544180080797496,395.44180080797497,9.054092751186403,1729812986.8496518
39.67713803160835,396.77138031608354,9.06529422507132,1729812986.8595388
39.81025937516641,398.10259375166413,9.076434614334298,1729812986.8697145
39.94354321531753,399.4354321531753,9.087513902317614,1729812986.8795006
40.076988655712746,400.76988655712745,9.09853207573717,1729812986.8895476
40.21059479985753,402.1059479985753,9.109489124669132,1729812986.8996515
40.3443607511609,403.443607511609,9.120385042536205,1729812986.9096484
40.478285612984266,404.7828561298427,9.131219826093611,1729812986.919698
40.61236848869013,406.1236848869013,9.14199347541473,1729812986.9296205
40.746608481690515,407.46608481690515,9.152705993876436,1729812986.9396126
40.88100469549521,408.8100469549521,9.163357388144133,1729812986.9495938
41.01555623375976,410.1555623375976,9.173947668156465,1729812986.9595265
41.150262200333266,411.50262200333265,9.184476847109732,1729812986.9696267
41.28512169930591,412.8512169930591,9.194944941442023,1729812986.9797065
41.42013383505629,414.2013383505629,9.205351970817036,1729812986.9895604
41.55529771229847,415.55297712298466,9.215697958107627,1729812986.9996014
41.690612436128795,416.90612436128794,9.225982929379061,1729812987.0095422
41.82607711207248,418.2607711207248,9.23620691387199,1729812987.0196168
41.96169084612993,419.6169084612993,9.246369943985163,1729812987.0296233
42.09745274482278,420.97452744822783,9.25647205525785,1729812987.0396662
42.23336191523972,422.3336191523972,9.266513286352016,1729812987.0496473
42.36941746508201,423.69417465082006,9.276493679034221,1729812987.0595026
42.50561850270876,425.05618502708757,9.286413278157273,1729812987.0696466
42.64196413718191,426.41964137181907,9.296272131641624,1729812987.0795445
42.778453478310944,427.78453478310945,9.306070290456514,1729812987.0896912
42.91508563669735,429.15085636697347,9.315807808600884,1729812987.0996032
43.05185972377874,430.5185972377874,9.325484743084035,1729812987.109606
43.188774851872736,431.88774851872734,9.335101153906068,1729812987.1196375
43.32583013422053,433.2583013422053,9.344657104038085,1729812987.129653
43.463024685030184,434.63024685030183,9.354152659402166,1729812987.139582
43.6003576195196,436.003576195196,9.363587888851134,1729812987.1496768
43.7378280539592,437.37828053959197,9.372962864148096,1729812987.1594448
43.875435105714324,438.75435105714325,9.382277659945773,1729812987.1695814
44.0131778932873,440.131778932873,9.39153235376563,1729812987.1797445
44.151055536359195,441.51055536359195,9.400727025976808,1729812987.1896358
44.28906715583128,442.8906715583128,9.409861759774842,1729812987.1999085
44.427211873866185,444.27211873866185,9.418936641160204,1729812987.209553
44.56548881392869,445.65488813928687,9.427951758916656,1729812987.219603
44.70389710082624,447.03897100826237,9.43690720458941,1729812987.2299178
44.842435860749134,448.42435860749134,9.44580307246312,1729812987.2395363
44.98110422131037,449.8110422131037,9.4546394595397,1729812987.2496593
45.11990131158515,451.1990131158515,9.463416465515971,1729812987.259498
45.25882626215012,452.58826262150126,9.472134192761136,1729812987.2696404
45.3978782051222,453.97878205122197,9.480792746294112,1729812987.2796113
45.53705627419709,455.3705627419709,9.489392233760698,1729812987.2896512
45.67635960468754,456.7635960468754,9.497932765410585,1729812987.2996576
45.81578733356111,458.1578733356111,9.506414454074239,1729812987.3096275
45.95533859947774,459.5533859947774,9.514837415139624,1729812987.3195484
46.095012542826886,460.95012542826885,9.5232017665288,1729812987.3297796
46.23480830576437,462.3480830576437,9.53150762867439,1729812987.339634
46.37472503224881,463.7472503224881,9.53975512449591,1729812987.3495774
46.514761868077805,465.14761868077807,9.547944379375982,1729812987.3594952
46.654917960923655,466.54917960923655,9.556075521136435,1729812987.3696773
46.79519246036882,467.95192460368816,9.564148680014279,1729812987.3796408
46.93558451794097,469.3558451794097,9.572163988637575,1729812987.389596
47.07609328714771,470.76093287147705,9.580121582001212,1729812987.3996992
47.21671792351092,472.1671792351092,9.588021597442559,1729812987.4095774
47.35745758460077,473.57457584600775,9.595864174617047,1729812987.41967
47.49831143006937,474.9831143006937,9.603649455473638,1729812987.4297156
47.639278621684,476.39278621684,9.611377584230224,1729812987.4395363
47.780358323360076,477.80358323360076,9.619048707348925,1729812987.4495883
47.921549701193676,479.21549701193675,9.626662973511332,1729812987.4595563
48.06285192349373,480.6285192349373,9.634220533593645,1729812987.4696105
48.204264160813864,482.04264160813864,9.641721540641774,1729812987.4795704
48.34578558598381,483.4578558598381,9.649166149846344,1729812987.4896224
48.487415374140554,484.8741537414055,9.656554518517666,1729812987.4997027
48.629152702759,486.29152702759,9.663886806060622,1729812987.5095875
48.77099675168237,487.70996751682367,9.671163173949525,1729812987.519643
48.91294670315214,489.12946703152136,9.678383785702904,1729812987.5298498
49.055001741837685,490.55001741837685,9.685548806858264,1729812987.5396292
49.19716105486552,491.9716105486552,9.692658404946796,1729812987.5496545
49.339423831848144,493.3942383184814,9.699712749468043,1729812987.559447
49.48178926491256,494.81789264912555,9.706712011864552,1729812987.5695958
49.62425654872838,496.24256548728385,9.713656365496472,1729812987.5795949
49.766824880535616,497.66824880535614,9.720545985616155,1729812987.5896664
49.90949346017201,499.09493460172007,9.727381049342707,1729812987.5996668
50.05226149010007,500.52261490100074,9.73416173563654,1729812987.6096942
50.195128175433695,501.95128175433695,9.740888225273908,1729812987.6195986
50.33809272396443,503.3809272396443,9.747560700821424,1729812987.6297169
50.48115434618736,504.8115434618736,9.75417934661058,1729812987.6396983
50.624312255326615,506.2431225532662,9.760744348712265,1729812987.6497207
50.76756566736051,507.6756566736051,9.767255894911267,1729812987.6594331
50.9109138010463,509.10913801046297,9.773714174680808,1729812987.6699133
51.05435587794458,510.5435587794458,9.780119379157066,1729812987.6797175
51.1978911224433,511.97891122443303,9.78647170111371,1729812987.6895971
51.341518761781415,513.4151876178141,9.792771334936457,1729812987.6996033
51.48523802607213,514.8523802607214,9.799018476597652,1729812987.7096093
51.62904814832583,516.2904814832583,9.805213323630857,1729812987.7195902
51.772948364472576,517.7294836447257,9.811356075105472,1729812987.7297876
51.916937913384295,519.169379133843,9.817446931601385,1729812987.739631
52.061016036896525,520.6101603689652,9.823486095183657,1729812987.7497215
52.20518197982985,522.0518197982985,9.829473769377236,1729812987.75954
52.349434990010934,523.4943499001093,9.835410159141713,1729812987.7696795
52.49377431829319,524.9377431829319,9.841295470846118,1729812987.7796366
52.6381992185771,526.381992185771,9.847129912243762,1729812987.7896416
52.782708947830116,527.8270894783011,9.852913692447132,1729812987.7996743
52.92730276610626,529.2730276610625,9.858647021902817,1729812987.8094974
53.071979936565306,530.7197993656531,9.864330112366522,1729812987.8195407
53.21673972549162,532.1673972549162,9.8699631768781,1729812987.8297083
53.36158140231264,533.6158140231264,9.875546429736673,1729812987.839706
53.50650423961695,535.0650423961695,9.881080086475801,1729812987.8496964
53.651507513172064,536.5150751317207,9.886564363838724,1729812987.8595335
53.796590501941765,537.9659050194176,9.89199947975366,1729812987.8697448
53.941752488103155,539.4175248810316,9.897385653309188,1729812987.8795848
54.08699275706329,540.869927570633,9.902723104729697,1729812987.8896248
54.23231059747551,542.3231059747551,9.908012055350907,1729812987.8996065
54.37770530125533,543.7770530125533,9.913252727595482,1729812987.9094234
54.52317616359609,545.2317616359609,9.918445344948706,1729812987.9195848
54.66872248298413,546.6872248298413,9.923590131934258,1729812987.929694
54.8143435612137,548.143435612137,9.928687314090066,1729812987.9396794
54.96003870340145,549.6003870340145,9.933737117944245,1729812987.9497344
55.10580721800065,551.0580721800065,9.93873977099114,1729812987.9594595
55.25164841681495,552.5164841681495,9.943695501667442,1729812987.969616
55.39756161501192,553.9756161501192,9.94860453932842,1729812987.9795835
55.54354613113611,555.4354613113611,9.953467114224235,1729812987.9896867
55.68960128712188,556.8960128712188,9.958283457476362,1729812987.9996448
55.8357264083058,558.357264083058,9.963053801054105,1729812988.0095162
55.98192082343877,559.8192082343877,9.96777837775123,1729812988.0196376
56.12818386469774,561.2818386469773,9.972457421162686,1729812988.029579
56.27451486769714,562.7451486769714,9.977091165661454,1729812988.0396743
56.420913171499976,564.2091317149998,9.981679846375483,1729812988.0495794
56.56737811862852,565.6737811862852,9.986223699164766,1729812988.0594623
56.71390905507473,567.1390905507473,9.99072296059849,1729812988.0696833
56.86050533031033,568.6050533031033,9.995177867932348,1729812988.079595
57.00716629729655,570.0716629729654,9.999588659085928,1729812988.0897539
57.1538913124935,571.538913124935,10.003955572620246,1729812988.09967
57.30067973586929,573.0067973586929,10.008278847715387,1729812988.109612
57.447530930908755,574.4753093090876,10.012558724148269,1729812988.1196036
57.594444264621906,575.944442646219,10.016795442270539,1729812988.1299012
57.74141910755202,577.4141910755202,10.020989242986587,1729812988.1396723
57.88845483378343,578.8845483378343,10.025140367731689,1729812988.1496458
58.035550820949,580.3555082094899,10.029249058450269,1729812988.1594524
58.182706450237276,581.8270645023728,10.033315557574308,1729812988.16967
58.329921106399304,583.2992110639931,10.037340108001876,1729812988.1794941
58.47719417775518,584.7719417775518,10.041322953075786,1729812988.1897032
58.62452505620024,586.2452505620024,10.045264336562399,1729812988.1996543
58.77191313721097,587.7191313721097,10.04916450263055,1729812988.2096148
58.91935781985061,589.1935781985061,10.053023695830618,1729812988.2195823
59.06685850677443,590.6685850677443,10.056842161073728,1729812988.229661
59.21441460423473,592.1441460423473,10.060620143611098,1729812988.2395911
59.362025522085524,593.6202552208553,10.064357889013518,1729812988.249596
59.50969067378693,595.0969067378693,10.06805564315097,1729812988.259508
59.65740947640924,596.5740947640925,10.071713652172399,1729812988.269681
59.80518135063677,598.0518135063677,10.07533216248561,1729812988.2795517
59.9530057207713,599.5300572077131,10.078911420737327,1729812988.2896578
60.100882014735326,601.0088201473533,10.08245167379338,1729812988.299644
60.248809664074976,602.4880966407497,10.085953168719042,1729812988.3095286
60.396788103962656,603.9678810396266,10.089416152759524,1729812988.3195906
60.544816773199386,605.4481677319939,10.092840873320593,1729812988.3297095
60.692895114216896,606.9289511421689,10.09622757794936,1729812988.3396316
60.8410225730794,608.410225730794,10.0995765143152,1729812988.349637
60.98919859948513,609.8919859948513,10.10288793019083,1729812988.3595357
61.137422646767554,611.3742264676755,10.106162073433532,1729812988.3696785
61.28569417189637,612.8569417189636,10.109399191966535,1729812988.379675
61.43401263547817,614.3401263547817,10.11259953376052,1729812988.3896825
61.5823775017569,615.823775017569,10.115763346815317,1729812988.399687
61.73078823861401,617.3078823861401,10.118890879141722,1729812988.409646
61.87924431756833,618.7924431756833,10.121982378743475,1729812988.4196393
62.027745213775724,620.2774521377572,10.125038093599391,1729812988.4297166
62.17629040602847,621.7629040602847,10.12805827164565,1729812988.439686
62.32487937675436,623.2487937675436,10.131043160758225,1729812988.449747
62.47351161201558,624.7351161201558,10.133993008735477,1729812988.4594142
62.6221866015073,626.221866015073,10.136908063280902,1729812988.4696422
62.77090383855605,627.7090383855605,10.13978857198602,1729812988.4797003
62.91966282011781,629.1966282011781,10.142634782313433,1729812988.4895718
63.06846304677588,630.6846304677588,10.145446941580024,1729812988.4996889
63.21730402273852,632.1730402273852,10.14822529694033,1729812988.5095506
63.36618525583628,633.6618525583627,10.15097009537004,1729812988.5196464
63.51510625751919,635.1510625751919,10.15368158364968,1729812988.5296721
63.66406654285364,636.6406654285364,10.156360008348425,1729812988.5396588
63.81306563051901,638.1306563051901,10.159005615808084,1729812988.54963
63.962103042804166,639.6210304280416,10.161618652127231,1729812988.5594969
64.11117830560362,641.1117830560362,10.164199363145494,1729812988.56958
64.2602909484135,642.602909484135,10.166747994428,1729812988.579573
64.40944050432732,644.0944050432732,10.169264791249967,1729812988.589644
64.55862651003152,645.5862651003151,10.171749998581461,1729812988.600039
64.70784850580071,647.0784850580071,10.174203861072296,1729812988.609566
64.8571060354928,648.571060354928,10.176626623037103,1729812988.6196508
65.00639864654389,650.0639864654388,10.179018528440535,1729812988.6297014
65.15572588996282,651.5572588996282,10.181379820882643,1729812988.6396961
65.30508732032575,653.0508732032575,10.183710743584392,1729812988.649765
65.45448249577028,654.5448249577028,10.186011539373338,1729812988.65961
65.60391097798951,656.0391097798952,10.188282450669455,1729812988.6696632
65.75337233222588,657.5337233222588,10.190523719471118,1729812988.6795878
65.90286612726474,659.0286612726475,10.192735587341232,1729812988.6896985
66.05239193542779,660.523919354278,10.194918295393524,1729812988.6997302
66.20194933256629,662.0194933256629,10.197072084278968,1729812988.7095993
66.35153789805405,663.5153789805405,10.199197194172385,1729812988.7195826
66.5011572147803,665.011572147803,10.201293864759174,1729812988.7297308
66.65080686914231,666.5080686914232,10.203362335222206,1729812988.7395697
66.80048645103777,668.0048645103777,10.205402844228857,1729812988.7496316
66.95019555385709,669.5019555385709,10.207415629918202,1729812988.7595143
67.09993377447547,670.9993377447547,10.209400929888352,1729812988.7696946
67.2497007132448,672.4970071324481,10.211358981183933,1729812988.77958
67.3994959739853,673.9949597398529,10.213290020283731,1729812988.789706
67.54931916397707,675.4931916397708,10.215194283088465,1729812988.7997265
67.69916989395146,676.9916989395147,10.217072004908713,1729812988.8095806
67.84904777808222,678.4904777808222,10.218923420452997,1729812988.8195698
67.99895243397648,679.9895243397648,10.220748763815989,1729812988.829675
68.14888348266561,681.4888348266561,10.222548268466884,1729812988.8395567
68.29884054859583,682.9884054859583,10.224322167237906,1729812988.8496308
68.44882325961878,684.4882325961878,10.226070692312964,1729812988.8594053
68.59883124698176,685.9883124698176,10.227794075216439,1729812988.8697617
68.74886414531794,687.4886414531794,10.229492546802128,1729812988.8795848
68.89892159263637,688.9892159263637,10.231166337242323,1729812988.8896737
69.04900323031181,690.4900323031181,10.23281567601703,1729812988.8996856
69.19910870307442,691.9910870307442,10.234440791903323,1729812988.9095247
69.3492376589993,693.492376589993,10.236041912964852,1729812988.9196298
69.49938974949589,694.9938974949589,10.237619266541481,1729812988.92965
69.64956462929716,696.4956462929716,10.23917307923905,1729812988.9397573
69.79976195644876,697.9976195644876,10.240703576919303,1729812988.9496136
69.94998139229791,699.4998139229791,10.242210984689931,1729812988.9594977
70.10022260148222,701.0022260148221,10.243695526894754,1729812988.9695904
70.25048525191832,702.5048525191833,10.245157427104042,1729812988.9795756
70.40076901479043,704.0076901479042,10.246596908104962,1729812988.9897325
70.55107356453865,705.5107356453866,10.248014191892173,1729812988.9996705
70.70139857884729,707.0139857884728,10.249409499658533,1729812989.0096047
70.85174373863292,708.5174373863292,10.250783051785957,1729812989.0196412
71.00210872803235,710.0210872803235,10.252135067836381,1729812989.0296369
71.1524932343905,711.524932343905,10.253465766542886,1729812989.0396085
71.30289694824809,713.0289694824809,10.25477536580092,1729812989.0495908
71.45331956332923,714.5331956332923,10.256064082659675,1729812989.0595205
71.6037607765289,716.0376077652891,10.25733213331356,1729812989.0698934
71.75422028790027,717.5422028790026,10.258579733093836,1729812989.0795078
71.90469780064193,719.0469780064193,10.259807096460339,1729812989.0897098
72.05519302108497,720.5519302108497,10.26101443699336,1729812989.0996494
72.20570565868003,722.0570565868003,10.262201967385618,1729812989.1095932
72.35623542598407,723.5623542598407,10.263369899434377,1729812989.1196465
72.50678203864717,725.0678203864718,10.264518444033676,1729812989.130128
72.65734521539922,726.5734521539922,10.265647811166673,1729812989.139595
72.80792467803633,728.0792467803633,10.266758209898121,1729812989.1497233
72.95852015140737,729.5852015140737,10.267849848366946,1729812989.159516
73.10913136340022,731.0913136340023,10.268922933778963,1729812989.169698
73.259758044928,732.59758044928,10.269977672399682,1729812989.1796968
73.41039992991517,734.1039992991517,10.271014269547248,1729812989.189574
73.56105675528353,735.6105675528353,10.272032929585494,1729812989.1996505
73.71172826093812,737.1172826093812,10.273033855917097,1729812989.2097168
73.86241418975303,738.6241418975303,10.27401725097685,1729812989.2195947
74.0131142875571,740.131142875571,10.274983316225052,1729812989.229749
74.16382830311957,741.6382830311957,10.275932252140999,1729812989.2396014
74.31455598813555,743.1455598813556,10.276864258216586,1729812989.2496896
74.46529709721148,744.6529709721148,10.277779532950017,1729812989.2595985
74.6160513878504,746.160513878504,10.27867827383963,1729812989.2698245
74.7668186204373,747.6681862043731,10.279560677377807,1729812989.2796054
74.9175985582242,749.175985582242,10.280426939045016,1729812989.2895813
75.06839096731524,750.6839096731524,10.281277253303937,1729812989.2995703
75.21919561665167,752.1919561665168,10.282111813593692,1729812989.3095632
75.37001227799679,753.700122779968,10.28293081232419,1729812989.31964
75.5208407259207,755.2084072592071,10.283734440870553,1729812989.329836
75.67168073778512,756.7168073778512,10.284522889567663,1729812989.3396409
75.822532093728,758.22532093728,10.28529634770479,1729812989.3497157
75.97339457664813,759.7339457664814,10.286055003520325,1729812989.3596015
76.12426797218966,761.2426797218966,10.28679904419661,1729812989.3696117
76.27515206872648,762.7515206872648,10.287528655854855,1729812989.3796802
76.42604665734669,764.2604665734668,10.288244023550169,1729812989.3895664
76.57695153183678,765.7695153183679,10.28894533126666,1729812989.3998985
76.72786648866592,767.2786648866593,10.289632761912642,1729812989.4096344
76.8787913269701,768.787913269701,10.290306497315926,1729812989.4195728
77.0297258485362,770.297258485362,10.290966718219213,1729812989.4297905
77.18066985778603,771.8066985778603,10.29161360427556,1729812989.4395354
77.33162316176025,773.3162316176025,10.292247334043939,1729812989.4496665
77.4825855701023,774.825855701023,10.292868084984898,1729812989.4595675
77.63355689504219,776.3355689504219,10.29347603345628,1729812989.4697168
77.7845369513803,777.845369513803,10.294071354709052,1729812989.4796844
77.93552555647106,779.3552555647107,10.294654222883205,1729812989.4896305
78.08652253020661,780.865225302066,10.295224811003742,1729812989.4997256
78.23752769500038,782.3752769500038,10.29578329097674,1729812989.5095794
78.38854087577063,783.8854087577063,10.296329833585503,1729812989.5197084
78.53956189992392,785.3956189992392,10.296864608486787,1729812989.5297544
78.69059059733856,786.9059059733855,10.297387784207109,1729812989.5396874
78.84162680034791,788.4162680034791,10.297899528139128,1729812989.5496435
78.9926703437238,789.9267034372381,10.29840000653811,1729812989.5595796
79.14372106465972,791.4372106465971,10.298889384518457,1729812989.569578
79.29477880275405,792.9477880275406,10.299367826050325,1729812989.5796015
79.44584339999327,794.4584339999326,10.299835493956305,1729812989.5895498
79.596914700735,795.96914700735,10.300292549908182,1729812989.5997322
79.74799255169118,797.4799255169119,10.300739154423756,1729812989.609535
79.89907680191104,798.9907680191104,10.301175466863752,1729812989.6196377
80.05016730276405,800.5016730276405,10.30160164542878,1729812989.629916
80.20126390792294,802.0126390792293,10.302017847156376,1729812989.639742
80.35236647334654,803.5236647334654,10.302424227918102,1729812989.6495767
80.50347485726267,805.0347485726268,10.302820942416727,1729812989.6595843
80.65458892015097,806.5458892015097,10.303208144183449,1729812989.6699464
80.8057085247256,808.057085247256,10.303585985575207,1729812989.6795976
80.95683353591808,809.5683353591808,10.303954617772046,1729812989.689564
81.10796382085991,811.0796382085991,10.304314190774535,1729812989.6996384
81.25909924886528,812.5909924886528,10.30466485340127,1729812989.7095323
81.41023969141371,814.1023969141371,10.305006753286408,1729812989.7197423
81.56138502213257,815.6138502213257,10.305340036877295,1729812989.7295566
81.71253511677973,817.1253511677974,10.305664849432114,1729812989.7397275
81.86368985322603,818.6368985322604,10.305981335017634,1729812989.749645
82.0148491114378,820.148491114378,10.306289636506973,1729812989.759527
82.16601277345926,821.6601277345926,10.30658989557745,1729812989.769666
82.31718072339505,823.1718072339505,10.306882252708476,1729812989.7795365
82.46835284739258,824.6835284739258,10.307166847179506,1729812989.789642
82.61952903362437,826.1952903362437,10.307443817068032,1729812989.799728
82.77070917227044,827.7070917227045,10.30771329924765,1729812989.809632
82.92189315550063,829.2189315550063,10.307975429386161,1729812989.8197155
83.07308087745682,830.7308087745682,10.30823034194372,1729812989.8298488
83.22427223423527,832.2427223423527,10.308478170171053,1729812989.8395636
83.37546712386882,833.7546712386882,10.308719046107713,1729812989.8497186
83.5266654463091,835.266654463091,10.308953100580373,1729812989.8596015
83.67786710340873,836.7786710340873,10.309180463201187,1729812989.869701
83.82907199890347,838.2907199890348,10.309401262366176,1729812989.8795598
83.98028003839438,839.8028003839438,10.30961562525368,1729812989.8895612
84.1314911293299,841.314911293299,10.309823677822843,1729812989.899822
84.282705180988,842.82705180988,10.310025544812136,1729812989.9096043
84.4339221044582,844.339221044582,10.310221349737935,1729812989.9195933
84.58514181262368,845.8514181262367,10.310411214893138,1729812989.929967
84.73636422014326,847.3636422014326,10.31059526134582,1729812989.9396088
84.88758924343347,848.8758924343347,10.310773608937925,1729812989.9495656
85.03881680065051,850.3881680065051,10.310946376284011,1729812989.9595299
85.19004681167226,851.9004681167225,10.311113680770015,1729812989.969701
85.34127919808022,853.4127919808021,10.311275638552079,1729812989.9795315
85.49251388314144,854.9251388314144,10.311432364555387,1729812989.9896393
85.64375079179051,856.4375079179051,10.31158397247306,1729812989.9996202
85.79498985061142,857.9498985061141,10.311730574765074,1729812990.0096126
85.94623098781946,859.4623098781947,10.311872282657225,1729812990.019743
86.09747413324315,860.9747413324316,10.312009206140111,1729812990.0295959
86.24871921830606,862.4871921830606,10.312141453968165,1729812990.0396223
86.39996617600869,863.9996617600868,10.312269133658704,1729812990.0498247
86.5512149409103,865.512149409103,10.31239235149103,1729812990.0594018
86.70246544911075,867.0246544911074,10.31251121250554,1729812990.0696106
86.85371763823231,868.5371763823231,10.312625820502884,1729812990.0796874
87.00497144740149,870.0497144740149,10.312736278043145,1729812990.0895586
87.15622681723077,871.5622681723078,10.31284268644505,1729812990.0997212
87.30748368980046,873.0748368980046,10.312945145785205,1729812990.109583
87.45874200864041,874.5874200864041,10.313043754897363,1729812990.1196406
87.61000171871181,876.1000171871182,10.313138611371722,1729812990.1295762
87.76126276638894,877.6126276638894,10.313229811554237,1729812990.1396549
87.91252509944086,879.1252509944086,10.313317450545975,1729812990.1495895
88.06378866701321,880.6378866701322,10.313401622202477,1729812990.1595163
88.21505341960992,882.1505341960992,10.313482419133157,1729812990.1696727
88.36631930907485,883.6631930907486,10.313559932700723,1729812990.1796196
88.51758628857363,885.1758628857363,10.313634253020613,1729812990.1896608
88.66885431257523,886.6885431257524,10.313705468960467,1729812990.1996908
88.82012333683373,888.2012333683373,10.313773668139605,1729812990.2095573
88.97139331836998,889.7139331836997,10.313838936928546,1729812990.2195148
89.12266421545327,891.2266421545327,10.313901360448524,1729812990.2299197
89.27393598758302,892.7393598758301,10.313961022571048,1729812990.2395806
89.42520859547041,894.2520859547041,10.31401800591746,1729812990.2495987
89.57648200102008,895.7648200102008,10.31407239185853,1729812990.259654
89.72775616731177,897.2775616731177,10.31412426051406,1729812990.269667
89.87903105858193,898.7903105858193,10.314173690752506,1729812990.2796357
90.03030664020542,900.3030664020542,10.314220760190617,1729812990.2895834
90.1815828786771,901.815828786771,10.314265545193097,1729812990.2997558
90.33285974159351,903.3285974159351,10.314308120872276,1729812990.3094833
90.48413719763441,904.8413719763441,10.314348561087803,1729812990.3196073
90.63541521654452,906.3541521654452,10.314386938446344,1729812990.329655
90.78669376911505,907.8669376911505,10.31442332430131,1729812990.3396807
90.93797282716534,909.3797282716534,10.314457788752584,1729812990.3497307
91.0892523635245,910.892523635245,10.314490400646275,1729812990.359539
91.24053235201296,912.4053235201296,10.314521227574467,1729812990.3696249
91.39181276742414,913.9181276742414,10.314550335875008,1729812990.3796551
91.543093585506,915.4309358550599,10.314577790631288,1729812990.3896794
91.69437478294265,916.9437478294265,10.314603655672032,1729812990.3998163
91.84565633733595,918.4565633733596,10.314627993571117,1729812990.409633
91.99693822718714,919.9693822718714,10.31465086564739,1729812990.4196444
92.14822043187837,921.4822043187837,10.314672331964498,1729812990.4298217
92.2995029316543,922.995029316543,10.314692451330728,1729812990.4396815
92.45078570760373,924.5078570760372,10.314711281298855,1729812990.4496932
92.60206874164112,926.0206874164112,10.314728878166013,1729812990.4594684
92.75335201648824,927.5335201648824,10.314745296973546,1729812990.4696786
92.90463551565568,929.0463551565568,10.314760591506904,1729812990.4797206
93.05591922342451,930.5591922342451,10.314774814295511,1729812990.4896402
93.20720312482776,932.0720312482775,10.314788016612676,1729812990.4997196
93.35848720563207,933.5848720563207,10.314800248475475,1729812990.5096533
93.50977145231924,935.0977145231924,10.314811558644674,1729812990.5196078
93.6610558520678,936.6105585206781,10.314821994624635,1729812990.5296376
93.81234039273458,938.1234039273459,10.314831602663244,1729812990.5396454
93.96362506283629,939.6362506283629,10.314840427751825,1729812990.5497556
94.11490985153107,941.1490985153107,10.314848513625085,1729812990.5595553
94.26619474860009,942.6619474860008,10.314855902761051,1729812990.5695777
94.4174797444291,944.174797444291,10.314862636381006,1729812990.5796528
94.56876482998999,945.6876482998998,10.314868754449442,1729812990.589737
94.72004999682235,947.2004999682235,10.314874295674013,1729812990.599645
94.87133523701507,948.7133523701507,10.31487929750549,1729812990.609712
95.02262054318788,950.2262054318788,10.314883796137721,1729812990.619745
95.17390590847292,951.7390590847292,10.314887826507602,1729812990.6298797
95.3251913264963,953.2519132649629,10.314891422295037,1729812990.639614
95.47647679135966,954.7647679135966,10.314894615922913,1729812990.6497495
95.62776229762174,956.2776229762175,10.314897438557077,1729812990.6595104
95.77904784027997,957.7904784027997,10.31489992010631,1729812990.6696823
95.93033341475197,959.3033341475198,10.314902089222304,1729812990.6796396
96.08161901685716,960.8161901685717,10.314903973299657,1729812990.6896744
96.23290464279833,962.3290464279833,10.314905598475839,1729812990.6997876
96.38419028914315,963.8419028914315,10.314906989631195,1729812990.709595
96.5354759528058,965.3547595280579,10.314908170388925,1729812990.7196434
96.68676163102846,966.8676163102846,10.314909163115075,1729812990.7298572
96.83804732136294,968.3804732136293,10.31490998891853,1729812990.7395873
96.98933302165217,969.8933302165217,10.314910667651,1729812990.7496464
97.14061873001185,971.4061873001185,10.314911217907031,1729812990.7595108
97.29190444481192,972.9190444481192,10.314911657023982,1729812990.7696228
97.44319016465819,974.4319016465819,10.314912001082028,1729812990.7796397
97.59447588837386,975.9447588837386,10.314912264904159,1729812990.7895176
97.7457616149811,977.4576161498111,10.314912462056173,1729812990.7996354
97.89704734368262,978.9704734368262,10.314912604846675,1729812990.8096495
98.04833307384317,980.4833307384317,10.314912704327083,1729812990.819656
98.19961880497121,981.9961880497121,10.314912770291615,1729812990.829748
98.35090453670037,983.5090453670036,10.314912811277294,1729812990.839568
98.50219026877107,985.0219026877107,10.314912834563948,1729812990.8495827
98.65347600101205,986.5347600101205,10.314912846174213,1729812990.8594975
98.80476173332195,988.0476173332195,10.314912850873524,1729812990.8698666
98.95604746565088,989.5604746565089,10.314912852170119,1729812990.8796413
99.10733319798193,991.0733319798193,10.314912852315045,1729812990.8896534
99.25861893031279,992.5861893031279,10.314912852302147,1729812990.89973
99.40990466263729,994.0990466263729,10.314912851868074,1729812990.9095545
99.56119039492694,995.6119039492694,10.314912849492284,1729812990.9196212
99.71247612711252,997.1247612711252,10.314912842397034,1729812990.9298625
99.86376185906565,998.6376185906565,10.314912826547385,1729812990.9396093
100.0150475905803,1000.150475905803,10.314912796651203,1729812990.9496837
100.16633332135439,1001.6633332135439,10.314912746159155,1729812990.9595485
100.31761905097136,1003.1761905097136,10.314912667264718,1729812990.9695618
100.46890477888171,1004.6890477888171,10.314912550904165,1729812990.979567
100.62019050438455,1006.2019050438455,10.31491238675658,1729812990.9895756
100.7714762266092,1007.714762266092,10.31491216324385,1729812990.9996035
100.92276194449671,1009.2276194449671,10.31491186753067,1729812991.0095472
101.07404765678146,1010.7404765678145,10.31491148552454,1729812991.0196066
101.22533336197267,1012.2533336197267,10.314911001875771,1729812991.0299554
101.37661905833602,1013.7661905833602,10.314910399977487,1729812991.0395997
101.52790474387517,1015.2790474387517,10.314909661965627,1729812991.0496752
101.67919041631333,1016.7919041631333,10.314908768718949,1729812991.059591
101.83047607307485,1018.3047607307485,10.314907699859035,1729812991.0696442
101.98176171126673,1019.8176171126672,10.314906433750293,1729812991.079644
102.13304732766022,1021.3304732766022,10.314904947499976,1729812991.08961
102.28433291867238,1022.8433291867237,10.314903216958172,1729812991.099639
102.43561848034761,1024.356184803476,10.31490121671783,1729812991.1095643
102.58690400833926,1025.8690400833925,10.314898920114763,1729812991.1196165
102.73818949789114,1027.3818949789115,10.31489629922766,1729812991.1296437
102.88947494381914,1028.8947494381914,10.314893324878112,1729812991.1397018
103.04076034049272,1030.4076034049272,10.31488996663061,1729812991.149655
103.19204568181655,1031.9204568181656,10.314886192792583,1729812991.1594388
103.34333096121203,1033.4333096121204,10.314881970414412,1729812991.1696103
103.49461617159885,1034.9461617159884,10.314877265289452,1729812991.179633
103.64590130537658,1036.4590130537658,10.314872041954068,1729812991.1895978
103.79718635440621,1037.971863544062,10.31486626368766,1729812991.1996753
103.94847130999172,1039.4847130999171,10.314859892512699,1729812991.2096646
104.09975616286167,1040.9975616286167,10.314852889194764,1729812991.2197342
104.25104090315074,1042.5104090315074,10.314845213242586,1729812991.2297812
104.40232552038128,1044.0232552038128,10.314836822908097,1729812991.2396793
104.55361000344494,1045.5361000344494,10.314827675186475,1729812991.2497017
104.70489434058418,1047.0489434058418,10.314817725816203,1729812991.2595491
104.85617851937383,1048.5617851937382,10.314806929279134,1729812991.2697253
105.00746252670274,1050.0746252670274,10.314795238800546,1729812991.279632
105.15874634875529,1051.587463487553,10.314782606349224,1729812991.2896504
105.31002997099294,1053.1002997099295,10.314768982637537,1729812991.2996664
105.46131337813587,1054.6131337813588,10.314754317121515,1729812991.3095274
105.6125965541445,1056.125965541445,10.31473855800095,1729812991.3200407
105.7638794822011,1057.638794822011,10.314721652219484,1729812991.3296773
105.91516214469138,1059.1516214469139,10.314703545464722,1729812991.3396358
106.066444523186,1060.6644452318599,10.31468418216834,1729812991.3496673
106.2177265984222,1062.177265984222,10.314663505506209,1729812991.3595262
106.36900835028543,1063.6900835028543,10.31464145739852,1729812991.3696237
106.52028975779083,1065.2028975779083,10.314617978509933,1729812991.3796568
106.67157079906492,1066.7157079906492,10.314593008249709,1729812991.389691
106.82285145132713,1068.2285145132712,10.314566484771879,1729812991.399818
106.97413169087137,1069.7413169087138,10.314538344975407,1729812991.4095302
107.12541149304772,1071.2541149304773,10.31450852450437,1729812991.4197
107.27669083224393,1072.7669083224393,10.314476957748141,1729812991.429714
107.42796968186705,1074.2796968186706,10.314443577841597,1729812991.4395845
107.57924801432509,1075.792480143251,10.314408316665325,1729812991.4497402
107.73052580100853,1077.3052580100853,10.314371104845844,1729812991.4595323
107.881803012272,1078.81803012272,10.314331871755847,1729812991.4696674
108.0330796174159,1080.3307961741589,10.314290545514453,1729812991.4796183
108.18435558466794,1081.8435558466795,10.31424705298746,1729812991.4895742
108.33563088116487,1083.3563088116487,10.314201319787628,1729812991.4997816
108.48690547293401,1084.8690547293402,10.314153270274977,1729812991.5096297
108.63817932487494,1086.3817932487493,10.314102827557086,1729812991.5196078
108.78945240074111,1087.894524007411,10.314049913489416,1729812991.5296304
108.9407246631215,1089.407246631215,10.313994448675656,1729812991.53959
109.09199607342224,1090.9199607342223,10.313936352468072,1729812991.549723
109.24326659184828,1092.4326659184828,10.313875542967882,1729812991.5595188
109.39453617738506,1093.9453617738507,10.313811937025646,1729812991.5695498
109.54580478778013,1095.4580478778012,10.313745450241678,1729812991.5796802
109.69707237952484,1096.9707237952484,10.313675996966468,1729812991.5896451
109.84833890783604,1098.4833890783605,10.313603490301139,1729812991.5999312
109.99960432663774,1099.9960432663775,10.313527842097901,1729812991.6096413
110.15086858854279,1101.508685885428,10.31344896296055,1729812991.619673
110.30213164483462,1103.0213164483462,10.313366762244971,1729812991.6299975
110.45339344544887,1104.5339344544886,10.313281148059673,1729812991.6396062
110.60465393895518,1106.0465393895518,10.313192027266336,1729812991.6496077
110.75591307253887,1107.5591307253887,10.313099305480398,1729812991.6596353
110.9071707919827,1109.0717079198268,10.313002887071642,1729812991.669855
111.05842704164853,1110.5842704164852,10.31290267516483,1729812991.6795735
111.2096817644592,1112.096817644592,10.31279857164035,1729812991.689608
111.3609349018802,1113.609349018802,10.312690477134886,1729812991.6997416
111.51218639390143,1115.1218639390142,10.312578291042128,1729812991.709627
111.66343617901903,1116.6343617901903,10.312461911513488,1729812991.7196438
111.81468419421714,1118.1468419421712,10.312341235458868,1729812991.7298172
111.9659303749497,1119.659303749497,10.312216158547438,1729812991.7395225
112.11717465512231,1121.1717465512231,10.312086575208447,1729812991.7496417
112.26841696707399,1122.68416967074,10.311952378632064,1729812991.7594953
112.41965724155907,1124.1965724155907,10.311813460770264,1729812991.7696357
112.57089540772901,1125.7089540772902,10.311669712337713,1729812991.7797678
112.7221313931143,1127.221313931143,10.311521022812716,1729812991.7896068
112.8733651236063,1128.733651236063,10.311367280438185,1729812991.7997293
113.02459652343919,1130.2459652343919,10.311208372222634,1729812991.8096113
113.1758255151718,1131.758255151718,10.31104418394122,1729812991.8196902
113.32705201966962,1133.2705201966962,10.310874600136813,1729812991.8296103
113.47827595608672,1134.7827595608671,10.3106995041211,1729812991.839553
113.62949724184766,1136.2949724184766,10.310518777975725,1729812991.8495533
113.78071579262952,1137.8071579262953,10.310332302553473,1729812991.8595424
113.93193152234389,1139.319315223439,10.310139957479487,1729812991.8696208
114.08314434311885,1140.8314434311885,10.309941621152522,1729812991.8797176
114.23435416528103,1142.3435416528102,10.309737170746235,1729812991.8895802
114.38556089733767,1143.8556089733768,10.309526482210531,1729812991.8997571
114.53676444595865,1145.3676444595865,10.309309430272933,1729812991.90956
114.68796471595864,1146.8796471595865,10.309085888439999,1729812991.9196153
114.83916161027915,1148.3916161027914,10.30885572899879,1729812991.9296734
114.99035502997071,1149.9035502997071,10.308618823018367,1729812991.939661
115.14154487417504,1151.4154487417504,10.308375040351347,1729812991.9496884
115.29273104010717,1152.9273104010717,10.308124249635489,1729812991.9595234
115.44391342303771,1154.439134230377,10.30786631829534,1729812991.969728
115.59509191627507,1155.9509191627508,10.307601112543926,1729812991.9794936
115.74626641114766,1157.4626641114767,10.307328497384477,1729812991.9896142
115.89743679698626,1158.9743679698627,10.307048336612219,1729812991.9996235
116.04860296110624,1160.4860296110623,10.306760492816206,1729812992.0095255
116.19976478878999,1161.9976478878998,10.306464827381197,1729812992.0196617
116.35092216326922,1163.509221632692,10.306161200489601,1729812992.0296252
116.50207496570735,1165.0207496570736,10.30584947112346,1729812992.0396574
116.65322307518197,1166.5322307518197,10.305529497066487,1729812992.050009
116.8043663686673,1168.043663686673,10.305201134906165,1729812992.0596673
116.95550472101664,1169.5550472101663,10.30486424003589,1729812992.0696287
117.1066380049449,1171.066380049449,10.304518666657184,1729812992.0796595
117.25776609101118,1172.5776609101117,10.304164267781958,1729812992.089576
117.40888884760132,1174.0888884760132,10.303800895234822,1729812992.0998576
117.56000614091055,1175.6000614091054,10.30342839965547,1729812992.109545
117.71111783492611,1177.111178349261,10.303046630501122,1729812992.119648
117.86222379141002,1178.6222379141002,10.302655436049013,1729812992.129604
118.01332386988169,1180.133238698817,10.302254663398967,1729812992.1396697
118.16441792760081,1181.6441792760081,10.301844158476007,1729812992.1496315
118.31550581955008,1183.1550581955007,10.301423766033045,1729812992.159377
118.46658739841811,1184.6658739841812,10.30099332965364,1729812992.1695492
118.61766251458228,1186.1766251458228,10.300552691754806,1729812992.179683
118.76873101609165,1187.6873101609165,10.300101693589898,1729812992.1896272
118.91979274865001,1189.1979274865,10.299640175251563,1729812992.1998055
119.07084755559885,1190.7084755559886,10.299167975674756,1729812992.2096944
119.2218952779004,1192.218952779004,10.298684932639826,1729812992.2196057
119.3729357541208,1193.729357541208,10.298190882775684,1729812992.2298
119.52396882041324,1195.2396882041326,10.297685661563019,1729812992.2395878
119.67499431050116,1196.7499431050117,10.297169103337612,1729812992.2495546
119.82601205566151,1198.260120556615,10.296641041293704,1729812992.2594995
119.97702188470804,1199.7702188470803,10.296101307487447,1729812992.2696126
120.12802362397468,1201.280236239747,10.295549732840435,1729812992.279627
120.27901709729899,1202.79017097299,10.294986147143291,1729812992.289578
120.43000212600553,1204.3000212600552,10.294410379059366,1729812992.2996664
120.58097852888949,1205.809785288895,10.293822256128482,1729812992.309676
120.73194612220018,1207.3194612220018,10.293221604770771,1729812992.3196578
120.88290471962472,1208.8290471962473,10.292608250290602,1729812992.3296611
121.0338541322717,1210.338541322717,10.291982016880567,1729812992.339651
121.18479416865496,1211.8479416865496,10.291342727625572,1729812992.3496356
121.3357246346774,1213.357246346774,10.290690204507001,1729812992.359499
121.48664533361485,1214.8664533361484,10.290024268406963,1729812992.3696868
121.63755606609999,1216.3755606609998,10.289344739112632,1729812992.3796616
121.78845663010641,1217.884566301064,10.288651435320666,1729812992.389648
121.93934682093263,1219.3934682093263,10.287944174641725,1729812992.3996298
122.09022643118627,1220.9022643118626,10.287222773605057,1729812992.4097075
122.24109525076823,1222.4109525076822,10.286487047663204,1729812992.4196844
122.391953066857,1223.91953066857,10.285736811196772,1729812992.4297218
122.542799663893,1225.4279966389302,10.284971877519302,1729812992.439574
122.69363482356302,1226.9363482356302,10.284192058882244,1729812992.4497578
122.84445832478463,1228.4445832478464,10.283397166480015,1729812992.459505
122.99526994369087,1229.9526994369087,10.282587010455146,1729812992.4696698
123.14606945361484,1231.4606945361484,10.281761399903543,1729812992.4797132
123.29685662507441,1232.968566250744,10.280920142879829,1729812992.4896135
123.44763122575709,1234.476312257571,10.280063046402798,1729812992.4996748
123.59839302050484,1235.9839302050484,10.279189916460956,1729812992.5094442
123.74914177129912,1237.4914177129913,10.278300558018165,1729812992.519779
123.8998772372459,1238.998772372459,10.2773947750194,1729812992.529757
124.0505991745608,1240.505991745608,10.276472370396597,1729812992.5396092
124.20130733655434,1242.0130733655433,10.275533146074604,1729812992.5496814
124.35200147361724,1243.5200147361725,10.274576902977241,1729812992.5596077
124.50268133320584,1245.0268133320585,10.27360344103347,1729812992.5697107
124.65334665982762,1246.5334665982762,10.272612559183665,1729812992.579627
124.80399719502675,1248.0399719502675,10.271604055385984,1729812992.5895848
124.95463267736982,1249.5463267736982,10.27057772662287,1729812992.5996528
125.10525284243157,1251.0525284243156,10.26953336890764,1729812992.6096787
125.25585742278086,1252.5585742278085,10.268470777291196,1729812992.619717
125.4064461479666,1254.064461479666,10.267389745868847,1729812992.6297598
125.55701874450382,1255.5701874450383,10.266290067787248,1729812992.6396177
125.7075749358599,1257.0757493585988,10.265171535251433,1729812992.6496923
125.85811444244084,1258.5811444244084,10.264033939531998,1729812992.6595404
126.00863698157767,1260.0863698157766,10.262877070972364,1729812992.669652
126.15914226751296,1261.5914226751297,10.261700718996178,1729812992.679517
126.30963001138747,1263.0963001138748,10.260504672114827,1729812992.689586
126.46009992122681,1264.600999212268,10.259288717935075,1729812992.6996593
126.61055170192834,1266.1055170192835,10.258052643166806,1729812992.7095475
126.76098505524814,1267.6098505524815,10.256796233630908,1729812992.7196085
126.91139967978803,1269.1139967978804,10.25551927426726,1729812992.7297652
127.06179527098284,1270.6179527098284,10.254221549142855,1729812992.7396457
127.21217152108768,1272.1217152108768,10.25290284146004,1729812992.749759
127.3625281191654,1273.625281191654,10.25156293356489,1729812992.7596061
127.51286475107415,1275.1286475107415,10.250201606955684,1729812992.769643
127.66318109945504,1276.6318109945505,10.248818642291548,1729812992.77962
127.81347684372005,1278.1347684372006,10.247413819401178,1729812992.7896008
127.96375166003989,1279.6375166003988,10.245986917291736,1729812992.7996786
128.11400522133212,1281.1400522133213,10.244537714157838,1729812992.8095157
128.26423719724937,1282.6423719724937,10.243065987390704,1729812992.8195791
128.4144472541677,1284.144472541677,10.241571513587411,1729812992.8297684
128.56463505517505,1285.6463505517504,10.240054068560303,1729812992.839584
128.71480026005992,1287.1480026005993,10.238513427346515,1729812992.8496964
128.86494252530008,1288.6494252530008,10.23694936421764,1729812992.859578
129.01506150405157,1290.1506150405157,10.235361652689535,1729812992.8696656
129.1651568461377,1291.651568461377,10.233750065532247,1729812992.8796031
129.31522819803828,1293.152281980383,10.23211437478009,1729812992.8896286
129.46527520287898,1294.6527520287898,10.230454351741859,1729812992.8995707
129.6152975004208,1296.1529750042082,10.228769767011164,1729812992.9096694
129.76529472704982,1297.6529472704983,10.227060390476929,1729812992.9195888
129.91526651576692,1299.1526651576692,10.225325991334014,1729812992.9295287
130.06521249617785,1300.6521249617786,10.223566338093974,1729812992.9395692
130.2151322944833,1302.151322944833,10.221781198595973,1729812992.9497192
130.36502553346926,1303.6502553346927,10.219970340017834,1729812992.9596002
130.5148918324974,1305.148918324974,10.218133528887224,1729812992.9696727
130.66473080749577,1306.6473080749577,10.216270531092988,1729812992.9798114
130.8145420709496,1308.1454207094962,10.214381111896634,1729812992.9895878
130.9643252318923,1309.643252318923,10.212465035943953,1729812992.9998882
131.11407989589642,1311.1407989589643,10.210522067276784,1729812993.009566
131.2638056650652,1312.638056650652,10.20855196934493,1729812993.0196843
131.41350213802394,1314.1350213802393,10.20655450501822,1729812993.0299346
131.5631689099117,1315.631689099117,10.204529436598715,1729812993.0396152
131.71280557237313,1317.1280557237312,10.202476525833063,1729812993.0496366
131.86241171355056,1318.6241171355055,10.200395533925006,1729812993.0595345
132.01198691807613,1320.1198691807613,10.198286221548026,1729812993.069663
132.16153076706433,1321.6153076706432,10.196148348858154,1729812993.079657
132.3110428381045,1323.110428381045,10.193981675506915,1729812993.0895727
132.46052270525362,1324.6052270525363,10.191785960654435,1729812993.0996106
132.6099699390294,1326.099699390294,10.189560962982696,1729812993.1095953
132.75938410640336,1327.5938410640335,10.18730644070893,1729812993.1196005
132.90876477079422,1329.0876477079423,10.185022151599187,1729812993.1297388
133.05811149206156,1330.5811149206156,10.182707852982032,1729812993.1397178
133.2074238264995,1332.074238264995,10.180363301762421,1729812993.1497111
133.35670132683083,1333.5670132683083,10.177988254435698,1729812993.1594703
133.50594354220107,1335.0594354220107,10.175582467101771,1729812993.1696508
133.65515001817295,1336.5515001817294,10.17314569547943,1729812993.179655
133.80432029672104,1338.0432029672104,10.170677694920823,1729812993.1895604
133.95345391622658,1339.534539162266,10.168178220426082,1729812993.1996942
134.10255041147246,1341.0255041147248,10.165647026658108,1729812993.209637
134.25160931363862,1342.5160931363862,10.163083867957514,1729812993.2196298
134.40063015029747,1344.0063015029748,10.160488498357703,1729812993.2302842
134.54961244540962,1345.4961244540962,10.157860671600126,1729812993.2396452
134.6985557193198,1346.985557193198,10.155200141149685,1729812993.2497234
134.84745948875312,1348.474594887531,10.152506660210287,1729812993.2594662
134.99632326681132,1349.963232668113,10.149779981740558,1729812993.269635
135.14514656296953,1351.4514656296953,10.147019858469712,1729812993.2796884
135.29392888307314,1352.9392888307314,10.144226042913576,1729812993.2896476
135.44266972933482,1354.4266972933483,10.141398287390771,1729812993.299586
135.59136860033195,1355.9136860033195,10.138536344039041,1729812993.309528
135.74002499100413,1357.4002499100413,10.135639964831752,1729812993.319637
135.88863839265116,1358.8863839265116,10.132708901594528,1729812993.3297164
136.03720829293093,1360.3720829293093,10.129742906022061,1729812993.3395858
136.18573417585785,1361.8573417585785,10.126741729695066,1729812993.3497012
136.33421552180144,1363.3421552180143,10.123705124097388,1729812993.3595052
136.48265180748515,1364.8265180748515,10.120632840633267,1729812993.3696225
136.63104250598542,1366.3104250598542,10.117524630644768,1729812993.3795583
136.77938708673105,1367.7938708673105,10.114380245429345,1729812993.389589
136.92768501550282,1369.2768501550281,10.111199436257575,1729812993.3997188
137.0759357544333,1370.759357544333,10.10798195439104,1729812993.40966
137.22413876200702,1372.24138762007,10.104727551100362,1729812993.4196699
137.3722934930609,1373.722934930609,10.10143597768339,1729812993.4296215
137.5203993987849,1375.203993987849,10.098106985483549,1729812993.439554
137.66845592672288,1376.684559267229,10.094740325908317,1729812993.4496305
137.81646252077397,1378.1646252077396,10.091335750447888,1729812993.4595833
137.96441862119391,1379.644186211939,10.087893010693952,1729812993.46964
138.11232366459691,1381.1232366459692,10.084411858358653,1729812993.479556
138.26017708395761,1382.6017708395761,10.080892045293677,1729812993.4896297
138.40797830861354,1384.0797830861354,10.0773333235095,1729812993.4996514
138.55572676426758,1385.5572676426757,10.07373544519478,1729812993.509672
138.703421872991,1387.0342187299098,10.0700981627359,1729812993.5195887
138.8510630532265,1388.5106305322652,10.066421228736655,1729812993.5296507
138.99864971979187,1389.9864971979187,10.062704396038084,1729812993.5397034
139.1461812838836,1391.461812838836,10.058947417738459,1729812993.5497231
139.29365715308109,1392.9365715308109,10.055150047213397,1729812993.5595152
139.44107673135082,1394.4107673135081,10.051312038136134,1729812993.569627
139.58843941905124,1395.8843941905125,10.047433144497942,1729812993.5795522
139.73574461293757,1397.3574461293756,10.043513120628669,1729812993.5897236
139.88299170616713,1398.8299170616713,10.039551721217443,1729812993.5999956
140.03018008830497,1400.3018008830497,10.035548701333498,1729812993.609636
140.17730914532967,1401.7730914532967,10.03150381644715,1729812993.619568
140.3243782596395,1403.243782596395,10.027416822450904,1729812993.6296625
140.47138681005907,1404.7138681005908,10.0232874756807,1729812993.6396096
140.61833417184602,1406.1833417184603,10.019115532937288,1729812993.6497102
140.76521971669814,1407.6521971669813,10.014900751507753,1729812993.6594844
140.91204281276097,1409.1204281276098,10.010642889187146,1729812993.669661
141.05880282463542,1410.5880282463543,10.00634170430028,1729812993.6795547
141.20549911338594,1412.0549911338594,10.001996955723616,1729812993.6895478
141.35213103654885,1413.5213103654885,9.997608402907316,1729812993.6998067
141.4986979481412,1414.986979481412,9.9931758058974,1729812993.7096958
141.64519919866976,1416.4519919866975,9.98869892535802,1729812993.7197402
141.79163413514038,1417.9163413514038,9.984177522593896,1729812993.7296202
141.93800210106784,1419.3800210106783,9.979611359572827,1729812993.7395859
142.08430243648576,1420.8430243648577,9.975000198948354,1729812993.7496839
142.2305344779571,1422.305344779571,9.970343804082534,1729812993.759539
142.37669755858482,1423.7669755858483,9.96564193906882,1729812993.769547
142.52279100802303,1425.2279100802302,9.960894368755076,1729812993.779704
142.6688141524883,1426.688141524883,9.95610085876669,1729812993.7896032
142.81476631477145,1428.1476631477144,9.951261175529801,1729812993.7997003
142.9606468142496,1429.606468142496,9.94637508629464,1729812993.8095393
143.10645496689867,1431.0645496689867,9.941442359158977,1729812993.8196297
143.2521900853061,1432.521900853061,9.93646276309167,1729812993.8295856
143.397851478684,1433.9785147868402,9.931436067956328,1729812993.8395438
143.54343845288258,1435.4343845288258,9.926362044535058,1729812993.8497074
143.68895031040404,1436.8895031040404,9.921240464552323,1729812993.8595474
143.83438635041665,1438.3438635041666,9.916071100698904,1729812993.8696256
143.97974586876938,1439.797458687694,9.91085372665594,1729812993.8796144
144.12502815800673,1441.2502815800672,9.90558811711907,1729812993.8896985
144.27023250738392,1442.7023250738393,9.900274047822665,1729812993.8997138
144.41535820288257,1444.1535820288257,9.894911295564146,1729812993.9095602
144.56040452722658,1445.604045272266,9.88949963822839,1729812993.9195387
144.70537075989844,1447.0537075989844,9.884038854812214,1729812993.929934
144.85025617715598,1448.5025617715598,9.878528725448952,1729812993.9395518
144.9950600520493,1449.950600520493,9.872969031433083,1729812993.9496524
145.1397816544382,1451.3978165443818,9.86735955524497,1729812993.9595425
145.28442025100998,1452.8442025100999,9.861700080575647,1729812993.969659
145.42897510529747,1454.2897510529747,9.855990392351675,1729812993.9794936
145.57344547769762,1455.7344547769762,9.850230276760087,1729812993.9896302
145.71783062549028,1457.1783062549027,9.844419521273373,1729812993.9995568
145.86212980285742,1458.6212980285743,9.83855791467454,1729812994.0095518
146.0063422609028,1460.063422609028,9.83264524708223,1729812994.0196989
146.15046724767183,1461.5046724767183,9.826681309975884,1729812994.0296001
146.29450400817194,1462.9450400817195,9.820665896220978,1729812994.039601
146.4384517843933,1464.3845178439328,9.814598800094288,1729812994.0496905
146.58230981532984,1465.8230981532984,9.808479817309209,1729812994.0597153
146.72607733700073,1467.2607733700074,9.802308745041133,1729812994.069716
146.8697535824722,1468.697535824722,9.796085381952839,1729812994.0795245
147.01333778187976,1470.1333778187975,9.789809528219946,1729812994.0896327
147.1568291624506,1471.568291624506,9.78348098555638,1729812994.099728
147.30022694852678,1473.0022694852678,9.777099557239897,1729812994.109543
147.4435303615883,1474.435303615883,9.770665048137596,1729812994.1196065
147.58673862027695,1475.8673862027695,9.764177264731499,1729812994.1297183
147.72985094042025,1477.2985094042024,9.75763601514412,1729812994.1395407
147.87286653505603,1478.7286653505603,9.751041109164069,1729812994.1496277
148.0157846144571,1480.1578461445708,9.744392358271648,1729812994.1594207
148.1586043861565,1481.586043861565,9.737689575664495,1729812994.1696138
148.30132505497306,1483.0132505497306,9.730932576283193,1729812994.1796153
148.44394582303738,1484.439458230374,9.724121176836913,1729812994.1895885
148.58646588981804,1485.8646588981806,9.717255195829042,1729812994.1996431
148.7288844521484,1487.288844521484,9.710334453582803,1729812994.2096012
148.87120070425362,1488.7120070425362,9.703358772266883,1729812994.219672
149.01341383777807,1490.1341383777808,9.696327975921035,1729812994.229857
149.1555230418132,1491.5552304181322,9.689241890481673,1729812994.239563
149.29752750292573,1492.9752750292573,9.68210034380744,1729812994.2496574
149.43942640518617,1494.3942640518617,9.674903165704759,1729812994.2595453
149.58121893019782,1495.8121893019782,9.667650187953353,1729812994.2697475
149.72290425712606,1497.2290425712606,9.66034124433174,1729812994.2794845
149.86448156272803,1498.6448156272804,9.652976170642685,1729812994.2895706
150.0059500213827,1500.0595002138268,9.645554804738618,1729812994.2996466
150.14730880512127,1501.4730880512127,9.638076986547008,1729812994.3096182
150.2885570836581,1502.885570836581,9.630542558095685,1729812994.3196313
150.4296940244217,1504.296940244217,9.622951363538121,1729812994.329716
150.57071879258643,1505.7071879258642,9.615303249178647,1729812994.3396704
150.71163055110432,1507.1163055110433,9.607598063497607,1729812994.349607
150.85242846073743,1508.5242846073743,9.599835657176465,1729812994.3594835
150.99311168009044,1509.9311168009044,9.592015883122821,1729812994.3696485
151.13367936564364,1511.3367936564364,9.584138596495375,1729812994.3794668
151.27413067178645,1512.7413067178645,9.5762036547288,1729812994.3895984
151.414464750851,1514.1446475085102,9.56821091755854,1729812994.3998032
151.55468075314636,1515.5468075314636,9.560160247045522,1729812994.4096704
151.6947778269929,1516.947778269929,9.55205150760078,1729812994.4197536
151.8347551187572,1518.3475511875718,9.543884566009982,1729812994.4300811
151.97461177288722,1519.7461177288722,9.535659291457858,1729812994.4396389
152.11434693194784,1521.1434693194783,9.527375555552524,1729812994.4496593
152.25395973665672,1522.5395973665672,9.519033232349708,1729812994.4595497
152.39344932592067,1523.9344932592066,9.510632198376845,1729812994.4696357
152.53281483687206,1525.3281483687206,9.502172332657075,1729812994.4796176
152.67205540490593,1526.7205540490593,9.493653516733113,1729812994.4896433
152.81117016371726,1528.1117016371727,9.485075634690984,1729812994.4996686
152.95015824533857,1529.5015824533857,9.476438573183641,1729812994.5095367
153.08901878017798,1530.8901878017798,9.46774222145444,1729812994.5196145
153.2277508970575,1532.277508970575,9.458986471360483,1729812994.529836
153.36635372325168,1533.6635372325168,9.450171217395804,1729812994.53969
153.5048263845267,1535.048263845267,9.441296356714421,1729812994.5497715
153.64316800517966,1536.4316800517965,9.432361789153227,1729812994.559668
153.7813777080783,1537.813777080783,9.423367417254719,1729812994.569662
153.91945461470098,1539.1945461470098,9.414313146289572,1729812994.579515
154.05739784517704,1540.5739784517705,9.40519888427905,1729812994.589587
154.19520651832744,1541.9520651832745,9.396024542017221,1729812994.599602
154.3328797517058,1543.328797517058,9.386790033093028,1729812994.6095877
154.4704166616397,1544.7041666163968,9.377495273912153,1729812994.619701
154.60781636327224,1546.0781636327224,9.368140183718705,1729812994.6296344
154.74507797060411,1547.4507797060412,9.358724684616723,1729812994.6396036
154.88220059653574,1548.8220059653574,9.349248701591463,1729812994.6496115
155.01918335290992,1550.1918335290993,9.339712162530516,1729812994.659609
155.15602535055467,1551.5602535055468,9.330114998244685,1729812994.6696482
155.2927256993264,1552.927256993264,9.320457142488683,1729812994.679636
155.42928350815342,1554.2928350815341,9.3107385319816,1729812994.6895552
155.56569788507966,1555.6569788507966,9.300959106427156,1729812994.699636
155.70196793730878,1557.019679373088,9.29111880853372,1729812994.7096198
155.83809277124854,1558.3809277124853,9.28121758403413,1729812994.7195787
155.9740714925554,1559.740714925554,9.271255381705233,1729812994.7301283
156.10990320617947,1561.0990320617948,9.261232153387235,1729812994.7396696
156.24558701640976,1562.4558701640976,9.25114785400278,1729812994.7497907
156.38112202691963,1563.8112202691964,9.241002441575779,1729812994.7595198
156.5165073408125,1565.165073408125,9.230795877250008,1729812994.769679
156.65174206066794,1566.5174206066795,9.220528125307442,1729812994.77968
156.78682528858798,1567.8682528858799,9.210199153186311,1729812994.7896993
156.9217561262436,1569.217561262436,9.19980893149891,1729812994.7997203
157.05653367492155,1570.5653367492155,9.18935743404914,1729812994.8095632
157.1911570355715,1571.911570355715,9.178844637849753,1729812994.8196695
157.32562530885323,1573.2562530885323,9.16827052313934,1729812994.8298538
157.45993759518424,1574.5993759518424,9.157635073399026,1729812994.8396666
157.5940929947876,1575.940929947876,9.146938275368878,1729812994.8497324
157.72809060773986,1577.2809060773986,9.13618011906402,1729812994.8596203
157.86192953401948,1578.6192953401949,9.125360597790445,1729812994.8697438
157.99560887355517,1579.9560887355517,9.114479708160541,1729812994.8795629
158.12912772627467,1581.2912772627467,9.103537450108293,1729812994.8895795
158.26248519215372,1582.6248519215371,9.092533826904194,1729812994.8997211
158.39568037126517,1583.9568037126517,9.081468845169818,1729812994.9096081
158.52871236382833,1585.2871236382834,9.070342514892094,1729812994.9196234
158.66158027025858,1586.6158027025858,9.05915484943725,1729812994.9296267
158.79428319121706,1587.9428319121707,9.04790586556443,1729812994.9395776
158.9268202276607,1589.268202276607,9.036595583438984,1729812994.9499137
159.0591904808923,1590.5919048089231,9.025224026645407,1729812994.9595656
159.19139305261095,1591.9139305261094,9.013791222199963,1729812994.9696717
159.32342704496244,1593.2342704496245,9.002297200562943,1729812994.9796762
159.45529156059004,1594.5529156059004,8.99074199565059,1729812994.9895487
159.58698570268533,1595.8698570268532,8.979125644846667,1729812994.999937
159.71850857503912,1597.1850857503912,8.967448189013664,1729812995.009623
159.84985928209284,1598.4985928209285,8.955709672503673,1729812995.0197437
159.98103692898965,1599.8103692898965,8.943910143168848,1729812995.0295887
160.11204062162608,1601.1204062162608,8.932049652371557,1729812995.039667
160.2428694667036,1602.428694667036,8.920128254994124,1729812995.049625
160.37352257178037,1603.7352257178036,8.908146009448206,1729812995.059584
160.50399904532316,1605.0399904532314,8.896102977683812,1729812995.0697165
160.63429799675936,1606.3429799675937,8.883999225197906,1729812995.07966
160.76441853652915,1607.6441853652914,8.87183482104266,1729812995.0895555
160.8943597761377,1608.9435977613769,8.859609837833291,1729812995.0996354
161.02412082820757,1610.2412082820756,8.847324351755535,1729812995.1096346
161.15370080653125,1611.5370080653124,8.834978442572698,1729812995.119682
161.2830988261236,1612.830988261236,8.822572193632325,1729812995.1298013
161.4123140032746,1614.1231400327458,8.81010569187247,1729812995.1397054
161.54134545560203,1615.4134545560203,8.797579027827561,1729812995.149577
161.6701923021044,1616.701923021044,8.784992295633844,1729812995.1595252
161.79885366321375,1617.9885366321375,8.772345593034437,1729812995.169755
161.92732866084867,1619.2732866084866,8.759639021383967,1729812995.1796281
162.05561641846734,1620.5561641846734,8.746872685652768,1729812995.1896975
162.18371606112055,1621.8371606112055,8.734046694430708,1729812995.1996927
162.3116267155049,1623.116267155049,8.721161159930542,1729812995.209588
162.43934751001598,1624.3934751001598,8.708216197990888,1729812995.2196023
162.56687757480154,1625.6687757480154,8.695211928078738,1729812995.230069
162.69421604181477,1626.9421604181478,8.682148473291571,1729812995.2396154
162.82136204486756,1628.2136204486756,8.669025960359026,1729812995.2496033
162.94831471968382,1629.4831471968382,8.655844519644129,1729812995.2595177
163.07507320395274,1630.7507320395275,8.642604285144097,1729812995.269646
163.2016366373821,1632.016366373821,8.629305394490716,1729812995.2796767
163.32800416175164,1633.2800416175164,8.615947988950257,1729812995.2896395
163.45417492096624,1634.5417492096624,8.602532213422963,1729812995.2999294
163.58014806110933,1635.8014806110932,8.58905821644209,1729812995.3096454
163.70592273049607,1637.0592273049606,8.575526150172518,1729812995.3197064
163.8314980797266,1638.314980797266,8.561936170408881,1729812995.329686
163.9568732617393,1639.568732617393,8.548288436573296,1729812995.339592
164.08204743186386,1640.8204743186386,8.534583111712596,1729812995.3496015
164.20701974787445,1642.0701974787446,8.520820362495156,1729812995.3595724
164.33178937004283,1643.3178937004282,8.507000359207224,1729812995.3697016
164.45635546119127,1644.5635546119127,8.493123275748832,1729812995.37966
164.58071718674546,1645.8071718674546,8.479189289629241,1729812995.3896015
164.7048737147875,1647.048737147875,8.465198581961932,1729812995.3998594
164.82882421610861,1648.2882421610861,8.451151337459134,1729812995.4096215
164.9525678642618,1649.525678642618,8.437047744425898,1729812995.4196646
165.07610383561445,1650.7610383561446,8.422887994753731,1729812995.4296498
165.19943130940092,1651.9943130940092,8.408672283913743,1729812995.4395175
165.32254946777488,1653.2254946777489,8.394400810949351,1729812995.4496841
165.44545749586155,1654.4545749586155,8.380073778468521,1729812995.4595413
165.56815458180992,1655.6815458180993,8.365691392635554,1729812995.4697773
165.69063991684476,1656.9063991684475,8.351253863162407,1729812995.4795847
165.81291269531854,1658.1291269531855,8.336761403299555,1729812995.4896584
165.93497211476313,1659.3497211476313,8.322214229826388,1729812995.4998312
166.05681737594148,1660.5681737594148,8.307612563041168,1729812995.5096323
166.17844768289905,1661.7844768289906,8.292956626750492,1729812995.5197008
166.29986224301507,1662.9986224301506,8.278246648258323,1729812995.5297706
166.4210602670537,1664.210602670537,8.263482858354566,1729812995.5396895
166.54204096921498,1665.4204096921499,8.248665491303154,1729812995.5496707
166.66280356718565,1666.6280356718564,8.233794784829701,1729812995.5595868
166.7833472821896,1667.833472821896,8.218870980108692,1729812995.5696316
166.9036713390384,1669.036713390384,8.203894321750218,1729812995.579758
167.02377496618143,1670.2377496618144,8.188865057786243,1729812995.589681
167.14365739575584,1671.4365739575583,8.173783439656434,1729812995.5996847
167.26331786363633,1672.6331786363633,8.158649722193529,1729812995.6096747
167.38275560948472,1673.8275560948473,8.14346416360824,1729812995.6196437
167.50196987679922,1675.0196987679922,8.128227025473729,1729812995.6296034
167.62095991296357,1676.2095991296358,8.112938572709618,1729812995.6397328
167.73972496929582,1677.3972496929582,8.097599073565549,1729812995.6496983
167.85826430109697,1678.5826430109696,8.082208799604311,1729812995.6595194
167.97657716769928,1679.7657716769927,8.0667680256845,1729812995.6698158
168.09466283251433,1680.9466283251434,8.051277029942762,1729812995.6795106
168.21252056308091,1682.1252056308092,8.035736093775578,1729812995.6895041
168.33014963111248,1683.3014963111248,8.020145501820604,1729812995.6997561
168.44754931254442,1684.4754931254442,8.004505541937595,1729812995.7095802
168.56471888758108,1685.6471888758108,7.988816505188877,1729812995.7195814
168.6816576407424,1686.816576407424,7.973078685819385,1729812995.7297416
168.79836486091028,1687.9836486091028,7.957292381236283,1729812995.739715
168.91483984137471,1689.1483984137471,7.94145789198815,1729812995.7496846
169.03108187987948,1690.3108187987948,7.925575521743737,1729812995.7596204
169.14709027866763,1691.4709027866763,7.909645577270311,1729812995.7695909
169.2628643445266,1692.628643445266,7.893668368411564,1729812995.7796037
169.37840338883302,1693.7840338883302,7.877644208065129,1729812995.7896762
169.49370672759716,1694.9370672759715,7.861573412159655,1729812995.7997007
169.60877368150696,1696.0877368150695,7.845456299631487,1729812995.809575
169.72360357597194,1697.2360357597195,7.829293192400955,1729812995.8196352
169.83819574116652,1698.381957411665,7.813084415348214,1729812995.829796
169.9525495120731,1699.525495120731,7.796830296288728,1729812995.8395514
170.0666642285247,1700.666642285247,7.780531165948335,1729812995.849594
170.18053923524738,1701.8053923524737,7.76418735793792,1729812995.8595533
170.29417388190203,1702.9417388190202,7.747799208727706,1729812995.8696673
170.40756752312603,1704.0756752312604,7.731367057621157,1729812995.879529
170.52071951857442,1705.2071951857442,7.714891246728487,1729812995.889745
170.6336292329606,1706.336292329606,7.698372120939809,1729812995.899693
170.74629603609677,1707.4629603609676,7.681810027897899,1729812995.9097145
170.85871930293385,1708.5871930293386,7.665205317970588,1729812995.9196603
170.97089841360105,1709.7089841360105,7.648558344222805,1729812995.9298089
171.08283275344505,1710.8283275344504,7.631869462388242,1729812995.9395885
171.19452171306867,1711.9452171306866,7.615139030840658,1729812995.949709
171.3059646883692,1713.0596468836918,7.5983674105648555,1729812995.9595582
171.41716108057622,1714.1716108057622,7.581554965127286,1729812995.9696136
171.5281102962891,1715.281102962891,7.56470206064632,1729812995.9795077
171.63881174751393,1716.3881174751393,7.547809065762183,1729812995.9895687
171.74926485170005,1717.4926485170004,7.530876351606557,1729812995.9996078
171.85946903177617,1718.5946903177617,7.513904291771844,1729812996.009555
171.96942371618604,1719.6942371618604,7.496893262280124,1729812996.0196934
172.0791283389236,1720.791283389236,7.479843641551767,1729812996.029612
172.1885823395676,1721.885823395676,7.462755810373763,1729812996.0397174
172.297785163316,1722.97785163316,7.445630151867728,1729812996.0496755
172.40673626101963,1724.0673626101964,7.428467051457605,1729812996.059629
172.51543508921546,1725.1543508921545,7.411266896837071,1729812996.0696814
172.62388111015954,1726.2388111015955,7.394030077936664,1729812996.0796227
172.73207379185916,1727.3207379185917,7.376756986890588,1729812996.0896268
172.84001260810481,1728.4001260810483,7.359448018003292,1729812996.0996664
172.94769703850142,1729.4769703850143,7.342103567715716,1729812996.1095777
173.05512656849928,1730.5512656849928,7.324724034571316,1729812996.1196132
173.16230068942426,1731.6230068942425,7.307309819181783,1729812996.1300437
173.2692188985078,1732.692188985078,7.289861324192551,1729812996.1398208
173.37588069891606,1733.7588069891606,7.272378954247998,1729812996.1497216
173.48228559977886,1734.8228559977886,7.2548631159564545,1729812996.1595545
173.58843311621789,1735.8843311621788,7.237314217854929,1729812996.169757
173.69432276937445,1736.9432276937446,7.219732670373626,1729812996.1796532
173.79995408643683,1737.9995408643683,7.202118885800231,1729812996.189648
173.90532660066685,1739.0532660066685,7.184473278243959,1729812996.1997156
174.01043985142618,1740.104398514262,7.166796263599406,1729812996.2096324
174.11529338420195,1741.1529338420196,7.149088259510184,1729812996.219689
174.21988675063182,1742.198867506318,7.131349685332341,1729812996.2296383
174.3242195085286,1743.242195085286,7.113580962097612,1729812996.2396524
174.42829122190435,1744.2829122190435,7.0957825124764495,1729812996.2496364
174.53210146099372,1745.3210146099373,7.077954760740889,1729812996.2596192
174.635649802277,1746.3564980227698,7.060098132727223,1729812996.269706
174.73893582850246,1747.3893582850246,7.042213055798526,1729812996.2795918
174.8419591287083,1748.4195912870832,7.024299958806988,1729812996.289639
174.94471929824377,1749.4471929824376,7.006359272056101,1729812996.299645
175.04721593879,1750.4721593879,6.988391427262711,1729812996.3095355
175.14944865838018,1751.4944865838017,6.970396857518885,1729812996.3196023
175.2514170714191,1752.514170714191,6.952375997253685,1729812996.3296044
175.35312079870226,1753.5312079870228,6.934329282194779,1729812996.3396049
175.45455946743434,1754.5455946743434,6.916257149329934,1729812996.3497455
175.55573271124706,1755.5573271124706,6.898160036868405,1729812996.359555
175.65664017021663,1756.5664017021663,6.880038384202186,1729812996.3696418
175.75728149088044,1757.5728149088045,6.861892631867181,1729812996.379577
175.85765632625328,1758.5765632625328,6.84372322150426,1729812996.3895626
175.957764335843,1759.57764335843,6.825530595820242,1729812996.3996968
176.05760518566555,1760.5760518566556,6.807315198548765,1729812996.4096017
176.1571785482595,1761.571785482595,6.789077474411106,1729812996.419609
176.2564841026999,1762.564841026999,6.770817869076911,1729812996.4295747
176.35552153461163,1763.5552153461163,6.752536829124881,1729812996.4396434
176.45429053618216,1764.5429053618216,6.734234802003361,1729812996.4496577
176.55279080617376,1765.5279080617377,6.715912235990939,1729812996.4597416
176.65102204993505,1766.5102204993505,6.697569580156935,1729812996.4696317
176.748983979412,1767.4898397941201,6.679207284321898,1729812996.4797044
176.84667631315847,1768.4667631315847,6.660825799018067,1729812996.4896472
176.94409877634592,1769.4409877634594,6.642425575449776,1729812996.4997199
177.04125110077283,1770.4125110077282,6.624007065453893,1729812996.509701
177.13813302487327,1771.3813302487326,6.605570721460203,1729812996.519574
177.23474429372513,1772.3474429372513,6.587116996451814,1729812996.5294619
177.33108465905758,1773.3108465905757,6.568646343925551,1729812996.5398154
177.42715387925804,1774.2715387925805,6.550159217852378,1729812996.5497022
177.5229517193786,1775.229517193786,6.531656072637817,1729812996.5596752
177.61847795114173,1776.1847795114172,6.513137363082396,1729812996.5696957
177.71373235294553,1777.1373235294552,6.494603544342143,1729812996.5795114
177.8087147098684,1778.087147098684,6.476055071889097,1729812996.5896382
177.90342481367307,1779.0342481367306,6.457492401471864,1729812996.5998502
177.99786246281005,1779.9786246281005,6.438915989076235,1729812996.609632
178.0920274624206,1780.9202746242058,6.4203262908858445,1729812996.619598
178.18591962433894,1781.8591962433893,6.401723763242902,1729812996.6296089
178.27953876709415,1782.7953876709416,6.383108862609002,1729812996.6396062
178.37288471591125,1783.7288471591125,6.364482045525979,1729812996.6495483
178.46595730271184,1784.6595730271183,6.34584376857688,1729812996.6596148
178.55875636611407,1785.5875636611406,6.3271944883469935,1729812996.6697156
178.6512817514322,1786.512817514322,6.3085346613850115,1729812996.6795952
178.74353331067545,1787.4353331067546,6.289864744164241,1729812996.6896
178.83551090254628,1788.3551090254628,6.271185193043978,1729812996.6996775
178.9272143924382,1789.272143924382,6.252496464230955,1729812996.7096028
179.01864365243304,1790.1864365243305,6.233799013740929,1729812996.7196023
179.10979856129742,1791.0979856129743,6.215093297360371,1729812996.7295978
179.200679004479,1792.0067900447903,6.196379770608333,1729812996.7396934
179.29128487410188,1792.9128487410187,6.177658888698392,1729812996.749666
179.3816160689616,1793.816160689616,6.158931106500805,1729812996.7595408
179.47167249451957,1794.7167249451957,6.140196878504743,1729812996.76957
179.5614540628969,1795.614540628969,6.121456658780741,1729812996.7796404
179.65096069286776,1796.5096069286776,6.102710900943283,1729812996.7895603
179.7401923098521,1797.401923098521,6.083960058113539,1729812996.7997942
179.82914884590784,1798.2914884590784,6.065204582882305,1729812996.8096454
179.91783023972266,1799.1783023972266,6.046444927273111,1729812996.8195872
180.00623643660506,1800.0623643660506,6.027681542705494,1729812996.8296463
180.09436738847495,1800.9436738847494,6.008914879958486,1729812996.839665
180.18222305385376,1801.8222305385375,5.990145389134294,1729812996.849627
180.269803397854,1802.69803397854,5.97137351962216,1729812996.8595412
180.35710839216824,1803.5710839216824,5.952599720062445,1729812996.869751
180.4441380150576,1804.4413801505762,5.93382443831091,1729812996.8795354
180.5308922513398,1805.3089225133979,5.915048121403245,1729812996.8896158
180.61737109237646,1806.1737109237647,5.896271215519761,1729812996.8996162
180.70357453606022,1807.035745360602,5.87749416595037,1729812996.909599
180.789502586801,1807.8950258680102,5.858717417059753,1729812996.9195817
180.87515525551208,1808.7515525551207,5.83994141225279,1729812996.9296842
180.96053255959544,1809.6053255959544,5.821166593940205,1729812996.9395883
181.0456345229266,1810.456345229266,5.802393403504474,1729812996.949519
181.13046117583926,1811.3046117583926,5.783622281265996,1729812996.9595206
181.21501255510898,1812.1501255510898,5.764853666449475,1729812996.9695995
181.29928870393678,1812.9928870393678,5.746087997150612,1729812996.9797084
181.3832896719321,1813.8328967193208,5.727325710303031,1729812996.989603
181.46701551509514,1814.6701551509514,5.708567241645459,1729812996.9998007
181.55046629579903,1815.5046629579901,5.689813025689223,1729812997.009536
181.63364208277122,1816.3364208277121,5.671063495685988,1729812997.0195582
181.7165429510746,1817.165429510746,5.65231908359578,1729812997.0296795
181.79916898208808,1817.9916898208808,5.63358022005531,1729812997.039736
181.88152026348675,1818.8152026348675,5.614847334346553,1729812997.0497003
181.96359688922146,1819.6359688922146,5.5961208543656635,1729812997.0595663
182.0453989594982,1820.453989594982,5.577401206592159,1729812997.0697527
182.12692658075667,1821.2692658075666,5.558688816058392,1729812997.079523
182.20817986564882,1822.0817986564882,5.539984106319357,1729812997.089595
182.2891589330166,1822.891589330166,5.521287499422792,1729812997.099703
182.3698639078695,1823.6986390786951,5.502599415879563,1729812997.1096597
182.4502949213615,1824.502949213615,5.483920274634411,1729812997.1197724
182.53045211076773,1825.3045211076774,5.465250493036979,1729812997.1298573
182.61033561946067,1826.1033561946067,5.446590486813165,1729812997.1396987
182.6899455968859,1826.899455968859,5.427940670036814,1729812997.1496596
182.76928219853744,1827.6928219853744,5.409301455101708,1729812997.1594486
182.84834558593272,1828.4834558593273,5.390673252693919,1729812997.169616
182.92713592658714,1829.2713592658715,5.372056471764459,1729812997.1796055
183.0056533939882,1830.0565339398822,5.353451519502295,1729812997.1896725
183.08389816756934,1830.8389816756935,5.33485880130768,1729812997.1996925
183.1618704326832,1831.618704326832,5.316278720765826,1729812997.2096016
183.2395703805747,1832.395703805747,5.297711679620934,1729812997.2196581
183.31699820835362,1833.1699820835363,5.279158077750553,1729812997.229736
183.39415411896695,1833.9415411896696,5.260618313140287,1729812997.239583
183.47103832117065,1834.7103832117066,5.242092781858853,1729812997.2496488
183.5476510295012,1835.4765102950118,5.223581878033493,1729812997.2595918
183.62399246424684,1836.2399246424684,5.205085993825752,1729812997.2697022
183.70006285141832,1837.0006285141833,5.186605519407561,1729812997.2796006
183.77586242271943,1837.7586242271943,5.168140842937746,1729812997.2896485
183.85139141551707,1838.5139141551708,5.149692350538836,1729812997.2997172
183.9266500728111,1839.266500728111,5.131260426274268,1729812997.309568
184.0016386432038,1840.016386432038,5.112845452125941,1729812997.3195434
184.07635738086898,1840.76357380869,5.094447807972126,1729812997.3298974
184.15080654552088,1841.508065455209,5.076067871565753,1729812997.3395765
184.2249864023826,1842.249864023826,5.057706018513064,1729812997.3495996
184.29889722215438,1842.988972221544,5.039362622252617,1729812997.35965
184.3725392809815,1843.725392809815,5.021038054034673,1729812997.3696222
184.4459128604218,1844.459128604218,5.002732682900943,1729812997.379613
184.5190182474131,1845.190182474131,4.9844468756647275,1729812997.389588
184.5918557342402,1845.918557342402,4.966180996891391,1729812997.399718
184.6644256185016,1846.644256185016,4.947935408879235,1729812997.409645
184.736728203076,1847.3672820307602,4.929710471640727,1729812997.4195747
184.80876379608853,1848.0876379608853,4.911506542884138,1729812997.4300919
184.8805327108766,1848.805327108766,4.89332397799549,1729812997.4395814
184.95203526595566,1849.5203526595565,4.8751631300209395,1729812997.4495895
185.02327178498467,1850.2327178498467,4.857024349649516,1729812997.4594915
185.09424259673114,1850.9424259673115,4.838907985196195,1729812997.4696784
185.1649480350362,1851.649480350362,4.820814382585433,1729812997.4795094
185.23538843877924,1852.3538843877923,4.802743885334983,1729812997.4895494
185.3055641518424,1853.055641518424,4.7846968345401395,1729812997.4996378
185.37547552307475,1853.7547552307476,4.76667356885837,1729812997.5097191
185.44512290625647,1854.4512290625648,4.748674424494275,1729812997.5196688
185.51450666006252,1855.1450666006253,4.730699735184951,1729812997.5300906
185.58362714802624,1855.8362714802624,4.712749832185722,1729812997.539728
185.65248473850284,1856.5248473850284,4.694825044256275,1729812997.5496984
185.72107980463252,1857.2107980463252,4.676925697647104,1729812997.5595915
185.78941272430353,1857.8941272430352,4.659052116086392,1729812997.569658
185.85748388011493,1858.5748388011493,4.641204620767231,1729812997.5795527
185.9252936593393,1859.252936593393,4.623383530335228,1729812997.5896103
185.99284245388512,1859.9284245388512,4.605589160876461,1729812997.599736
186.06013066025912,1860.6013066025912,4.587821825905855,1729812997.6095598
186.1271586795284,1861.271586795284,4.570081836355862,1729812997.6196294
186.19392691728234,1861.9392691728235,4.5523695005655584,1729812997.6296713
186.26043578359446,1862.6043578359445,4.534685124270112,1729812997.6396205
186.32668569298409,1863.2668569298407,4.517029010590571,1729812997.6496341
186.3926770643778,1863.9267706437781,4.499401460024058,1729812997.6595535
186.45841032107094,1864.5841032107094,4.481802770434334,1729812997.6696315
186.5238858906887,1865.238858906887,4.464233237042684,1729812997.679604
186.58910420514727,1865.8910420514726,4.446693152419218,1729812997.6896458
186.65406570061498,1866.5406570061498,4.429182806474496,1729812997.6996124
186.71877081747303,1867.1877081747302,4.411702486451505,1729812997.70967
186.78322000027623,1867.8322000027624,4.394252476918031,1729812997.7195816
186.8474136977138,1868.474136977138,4.376833059759378,1729812997.7295945
186.9113523625698,1869.113523625698,4.359444514171398,1729812997.7396255
186.97503645168362,1869.7503645168363,4.342087116653926,1729812997.749598
187.0384664259104,1870.384664259104,4.324761141004562,1729812997.7595482
187.10164275008123,1871.0164275008124,4.307466858312759,1729812997.7695868
187.16456589296337,1871.6456589296336,4.290204536954306,1729812997.779582
187.22723632722045,1872.2723632722045,4.2729744425861425,1729812997.789584
187.28965452937243,1872.8965452937243,4.255776838141484,1729812997.7997005
187.3518209797556,1873.5182097975558,4.238611983825357,1729812997.8095865
187.41373616248254,1874.1373616248254,4.221480137110409,1729812997.819645
187.475400565402,1874.75400565402,4.204381552733082,1729812997.8298657
187.53681468005868,1875.3681468005868,4.187316482690131,1729812997.8396587
187.597979001653,1875.97979001653,4.1702851762354545,1729812997.8496742
187.65889402900078,1876.5889402900077,4.153287879877289,1729812997.8595283
187.7195602644931,1877.1956026449311,4.136324837375691,1729812997.8697002
187.77997821405586,1877.7997821405586,4.119396289740358,1729812997.8795664
187.8401483871093,1878.4014838710932,4.102502475228795,1729812997.8896039
187.9000712965278,1879.0007129652781,4.085643629344792,1729812997.899723
187.95974745859942,1879.5974745859942,4.068819984837208,1729812997.9096682
188.0191773929854,1880.191773929854,4.052031771699064,1729812997.9197059
188.0783616226798,1880.7836162267981,4.035279217166996,1729812997.9295866
188.13730067396912,1881.3730067396912,4.018562545720967,1729812997.9395142
188.19599507639177,1881.9599507639177,4.001881979084316,1729812997.949624
188.25444536269765,1882.5444536269765,3.9852377362241036,1729812997.959684
188.3126520688078,1883.126520688078,3.9686300333517783,1729812997.9697044
188.370615733774,1883.70615733774,3.9520590839241168,1729812997.979383
188.4283368997383,1884.283368997383,3.935525098644465,1729812997.9896533
188.48581611189272,1884.8581611189272,3.919028285464308,1729812997.999693
188.54305391843891,1885.430539184389,3.9025688495850925,1729812998.0096498
188.6000508705479,1886.000508705479,3.886146993460356,1729812998.0197
188.6568075223197,1886.568075223197,3.869762916798135,1729812998.0295973
188.7133244307432,1887.133244307432,3.8534168165636826,1729812998.0396335
188.76960215565592,1887.6960215565591,3.837108886982418,1729812998.0497575
188.82564125970387,1888.2564125970387,3.8208393195432127,1729812998.0597138
188.8814423083015,1888.814423083015,3.8046083030019,1729812998.0696163
188.93700586959167,1889.3700586959167,3.788416023385091,1729812998.0796468
188.9923325144057,1889.923325144057,3.7722626639942236,1729812998.0895934
189.0474228162233,1890.474228162233,3.7561484054099177,1729812998.0998924
189.10227735113304,1891.0227735113303,3.7400734254965844,1729812998.1095793
189.15689669779226,1891.5689669779226,3.7240378994072483,1729812998.1196625
189.21128143738764,1892.1128143738765,3.7080419995887066,1729812998.129775
189.26543215359538,1892.6543215359538,3.6920858957868496,1729812998.1396556
189.3193494325418,1893.193494325418,3.6761697550523262,1729812998.149642
189.37303386276386,1893.7303386276385,3.6602937417463792,1729812998.1595109
189.42648603516983,1894.2648603516982,3.6444580175469525,1729812998.1696434
189.47970654299993,1894.7970654299993,3.6286627414550496,1729812998.1797018
189.5326959817873,1895.326959817873,3.6129080698013283,1729812998.1896408
189.5854549493188,1895.854549493188,3.5971941562529013,1729812998.1998444
189.6379840455962,1896.379840455962,3.581521151820408,1729812998.2096
189.6902838727972,1896.902838727972,3.5658892048652655,1729812998.2195468
189.74235503523673,1897.4235503523673,3.5502984611071886,1729812998.22985
189.7941981393283,1897.941981393283,3.5347490636319314,1729812998.2396731
189.84581379354552,1898.4581379354552,3.519241152899191,1729812998.2497113
189.89720260838368,1898.9720260838367,3.503774866750798,1729812998.2595985
189.9483651963215,1899.483651963215,3.488350340419056,1729812998.2697392
189.99930217178294,1899.9930217178294,3.472967706535332,1729812998.279673
190.05001415109922,1900.5001415109923,3.457627095138842,1729812998.2896316
190.1005017524709,1901.005017524709,3.442328633685622,1729812998.299781
190.15076559593015,1901.5076559593015,3.4270724470577107,1729812998.3095918
190.20080630330318,1902.0080630330317,3.4118586575725303,1729812998.319696
190.25062449817264,1902.5062449817265,3.3966873849924317,1729812998.329728
190.30022080584044,1903.0022080584044,3.381558746534483,1729812998.3396523
190.34959585329045,1903.4959585329045,3.3664728568803746,1729812998.3496363
190.39875026915152,1903.9875026915151,3.3514298281865615,1729812998.3596
190.44768468366055,1904.4768468366055,3.3364297700945587,1729812998.3696935
190.49639972862585,1904.9639972862585,3.3214727897414136,1729812998.3797522
190.54489603739046,1905.4489603739046,3.306558991770344,1729812998.389767
190.59317424479576,1905.9317424479577,3.2916884783415608,1729812998.3999333
190.64123498714525,1906.4123498714525,3.276861349143263,1729812998.4096375
190.6890789021684,1906.890789021684,3.2620777014027524,1729812998.4196768
190.73670662898482,1907.3670662898483,3.2473376298977614,1729812998.429778
190.7841188080684,1907.8411880806839,3.2326412269678775,1729812998.4396257
190.83131608121172,1908.3131608121173,3.217988582526175,1729812998.4496377
190.87829909149076,1908.7829909149077,3.2033797840709806,1729812998.459582
190.9250684832295,1909.250684832295,3.1888149166977513,1729812998.4696238
190.97162490196493,1909.7162490196492,3.17429406311114,1729812998.4795039
191.01796899441217,1910.1796899441217,3.1598173036371797,1729812998.489595
191.0641014084298,1910.641014084298,3.1453847162356023,1729812998.499686
191.11002279298518,1911.1002279298518,3.130996376512278,1729812998.5096385
191.1557337981203,1911.557337981203,3.116652357731839,1729812998.5196831
191.20123507491758,1912.0123507491758,3.1023527308303596,1729812998.5296307
191.24652727546578,1912.4652727546577,3.0880975644281943,1729812998.5395696
191.29161105282637,1912.9161105282637,3.0738869248429497,1729812998.549665
191.3364870609999,1913.364870609999,3.0597208761025563,1729812998.559586
191.38115595489262,1913.8115595489262,3.0455994799584376,1729812998.5696247
191.42561839028323,1914.2561839028324,3.0315227958988284,1729812998.5795715
191.46987502378997,1914.6987502378997,3.0174908811621846,1729812998.589583
191.51392651283777,1915.1392651283777,3.003503790750684,1729812998.5998619
191.55777351562566,1915.5777351562565,2.989561577443843,1729812998.609729
191.60141669109439,1916.014166910944,2.975664291812243,1729812998.619696
191.6448566988942,1916.4485669889418,2.9618119822313176,1729812998.629871
191.6880941993528,1916.880941993528,2.9480046948952916,1729812998.639709
191.73112985344375,1917.3112985344374,2.934242473831155,1729812998.6496675
191.77396432275464,1917.7396432275464,2.9205253609127304,1729812998.6596298
191.8165982694559,1918.165982694559,2.906853395874875,1729812998.6696346
191.8590323562696,1918.590323562696,2.8932266163276896,1729812998.6795535
191.9012672464384,1919.0126724643842,2.8796450577708788,1729812998.6895983
191.94330360369494,1919.4330360369495,2.8661087536081373,1729812998.6997168
191.98514209223123,1919.8514209223122,2.852617735161628,1729812998.7096086
192.02678337666836,1920.2678337666837,2.839172031686524,1729812998.719574
192.0682281220264,1920.682281220264,2.8257716703856293,1729812998.7296631
192.1094769936945,1921.0947699369449,2.8124166764240615,1729812998.7395642
192.15053065740125,1921.5053065740126,2.7991070729439755,1729812998.74966
192.1913897791852,1921.913897791852,2.785842881079379,1729812998.7596848
192.23205502536555,1922.3205502536555,2.772624119970984,1729812998.7696273
192.27252706251338,1922.7252706251338,2.7594508067811265,1729812998.779513
192.31280655742253,1923.1280655742253,2.7463229567087026,1729812998.7896478
192.35289417708128,1923.5289417708127,2.7332405830042115,1729812998.7999787
192.39279058864386,1923.9279058864386,2.720203696984788,1729812998.8096325
192.43249645940233,1924.3249645940232,2.7072123080493142,1729812998.8196092
192.4720124567587,1924.720124567587,2.6942664236935725,1729812998.8296227
192.5113392481973,1925.1133924819728,2.6813660495254013,1729812998.839654
192.5504775012571,1925.504775012571,2.6685111892799203,1729812998.8496463
192.58942788350473,1925.8942788350473,2.6557018448348018,1729812998.8595362
192.6281910625073,1926.2819106250731,2.6429380162255205,1729812998.8696291
192.66676770580565,1926.6676770580566,2.6302197016606783,1729812998.8796706
192.70515848088777,1927.0515848088778,2.6175468975373555,1729812998.8897276
192.74336405516246,1927.4336405516246,2.6049195984564397,1729812998.8997347
192.78138509593322,1927.8138509593323,2.5923377972380415,1729812998.9096978
192.81922227037234,1928.1922227037235,2.5798014849368727,1729812998.919598
192.85687624549527,1928.5687624549528,2.5673106508576797,1729812998.9299552
192.89434768813516,1928.9434768813517,2.554865282570665,1729812998.9396179
192.93163726491758,1929.3163726491757,2.5424653659269474,1729812998.9496453
192.9687456422357,1929.687456422357,2.530110885074018,1729812998.9595678
193.00567348622533,1930.0567348622533,2.517801822471193,1729812998.9696069
193.04242146274055,1930.4242146274055,2.505538158905094,1729812998.9795983
193.0789902373293,1930.789902373293,2.4933198735051363,1729812998.989647
193.11538047520932,1931.1538047520933,2.481146943758989,1729812999.000009
193.15159284124437,1931.5159284124436,2.469019345528065,1729812999.009532
193.18762799992052,1931.8762799992053,2.456937053062992,1729812999.0196352
193.2234866153228,1932.234866153228,2.4449000390190783,1729812999.0296288
193.259169351112,1932.59169351112,2.432908274471794,1729812999.0396893
193.29467687050175,1932.9467687050173,2.4209617289322143,1729812999.049677
193.33000983623575,1933.3000983623574,2.409060370362491,1729812999.05963
193.36516891056536,1933.6516891056535,2.39720416519126,1729812999.069713
193.40015475522728,1934.0015475522728,2.3853930783290833,1729812999.079627
193.43496803142153,1934.3496803142152,2.3736270731838554,1729812999.089591
193.46960939978965,1934.6960939978965,2.3619061116761744,1729812999.0997806
193.50407952039305,1935.0407952039304,2.3502301542547412,1729812999.1096385
193.53837905269174,1935.3837905269174,2.3385991599116895,1729812999.1196198
193.57250865552308,1935.7250865552307,2.327013086197921,1729812999.1297119
193.60646898708097,1936.0646898708096,2.3154718892384194,1729812999.1396868
193.64026070489513,1936.4026070489513,2.3039755237475097,1729812999.1497233
193.67388446581057,1936.7388446581058,2.2925239430441122,1729812999.1595902
193.70734092596746,1937.0734092596745,2.281117099066978,1729812999.1696398
193.740630740781,1937.40630740781,2.2697549423898584,1729812999.1797001
193.77375456492172,1937.7375456492173,2.258437422236679,1729812999.18974
193.8067130522958,1938.067130522958,2.2471644864966516,1729812999.199728
193.83950685602585,1938.3950685602586,2.2359360817393776,1729812999.209779
193.87213662843163,1938.7213662843164,2.22475215322988,1729812999.2196243
193.90460302101124,1939.0460302101123,2.2136126449436313,1729812999.2299836
193.93690668442235,1939.3690668442237,2.2025174995815275,1729812999.2397168
193.9690482684638,1939.690482684638,2.1914666585848197,1729812999.2497752
194.00102842205735,1940.0102842205733,2.180460062149998,1729812999.2596412
194.0328477932295,1940.328477932295,2.1694976492436266,1729812999.2698812
194.06450702909387,1940.6450702909387,2.1585793576171737,1729812999.2798784
194.09600677583344,1940.9600677583344,2.1477051238217504,1729812999.28962
194.1273476786832,1941.2734767868321,2.1368748832228084,1729812999.29965
194.15853038191304,1941.5853038191303,2.126088570014823,1729812999.3096244
194.1895555288107,1941.895555288107,2.1153461172358687,1729812999.3198352
194.22042376166507,1942.2042376166507,2.1046474567821916,1729812999.3297677
194.2511357217497,1942.511357217497,2.0939925194227245,1729812999.3396063
194.28169204930634,1942.8169204930634,2.083381234813502,1729812999.3496253
194.31209338352897,1943.1209338352896,2.0728135315120992,1729812999.359649
194.34234036254784,1943.4234036254784,2.0622893369919355,1729812999.3696368
194.37243362341377,1943.7243362341378,2.0518085776565664,1729812999.3795934
194.40237380208268,1944.0237380208268,2.041371178853919,1729812999.3901012
194.43216153340032,1944.3216153340031,2.030977064890439,1729812999.4000819
194.4617974510872,1944.617974510872,2.020626159045201,1729812999.409663
194.4912821877237,1944.912821877237,2.0103183835839635,1729812999.419599
194.52061637473548,1945.2061637473548,2.000053659773129,1729812999.4298813
194.54980064237898,1945.4980064237898,1.9898319078936746,1729812999.439668
194.57883561972716,1945.7883561972717,1.9796530472549962,1729812999.449683
194.60772193465544,1946.0772193465546,1.969516996208717,1729812999.459714
194.63646021382795,1946.3646021382795,1.9594236721624005,1729812999.4697216
194.66505108268373,1946.6505108268373,1.9493729915931963,1729812999.4796405
194.69349516542346,1946.9349516542345,1.9393648700614508,1729812999.489649
194.72179308499605,1947.2179308499606,1.9293992222242133,1729812999.4998062
194.7499454630857,1947.4994546308571,1.9194759618486978,1729812999.5096166
194.77795292009898,1947.7795292009898,1.9095950018256582,1729812999.5196164
194.8058160751522,1948.0581607515219,1.8997562541827238,1729812999.5295975
194.83353554605895,1948.3353554605897,1.8899596300976098,1729812999.5395868
194.86111194931783,1948.6111194931782,1.8802050399112984,1729812999.549707
194.88854590010033,1948.8854590010033,1.8704923931411548,1729812999.55961
194.91583801223896,1949.1583801223896,1.8608215984939358,1729812999.5696075
194.94298889821562,1949.4298889821562,1.8511925638787394,1729812999.5796857
194.96999916914996,1949.6999916914997,1.8416051964198905,1729812999.589632
194.99686943478815,1949.9686943478814,1.8320594024697412,1729812999.5997105
195.02360030349178,1950.2360030349178,1.8225550876214003,1729812999.6096134
195.05019238222675,1950.5019238222676,1.8130921567213614,1729812999.6196055
195.0766462765527,1950.7664627655272,1.8036705138821256,1729812999.6299076
195.1029625906123,1951.0296259061229,1.794290062494647,1729812999.639665
195.12914192712086,1951.2914192712085,1.7849507052407896,1729812999.649691
195.15518488735614,1951.5518488735615,1.7756523441056506,1729812999.6596158
195.18109207114836,1951.8109207114835,1.7663948803898437,1729812999.669618
195.2068640768702,1952.0686407687022,1.7571782147216615,1729812999.6795588
195.2325015014273,1952.325015014273,1.7480022470691976,1729812999.6896489
195.25800494024855,1952.5800494024857,1.7388668767523638,1729812999.6996841
195.28337498727697,1952.8337498727697,1.7297720024548502,1729812999.7096345
195.30861223496035,1953.0861223496036,1.7207175222359732,1729812999.719842
195.33371727424242,1953.3371727424242,1.711703333542494,1729812999.729657
195.35869069455396,1953.5869069455396,1.7027293332202804,1729812999.7396543
195.3835330838042,1953.835330838042,1.6937954175259629,1729812999.7498267
195.40824502837228,1954.0824502837227,1.6849014821384634,1729812999.7597294
195.43282711309902,1954.3282711309903,1.6760474221704689,1729812999.7695642
195.45727992127877,1954.5727992127877,1.6672331321797964,1729812999.7796717
195.48160403465138,1954.8160403465138,1.6584585061806907,1729812999.789728
195.50580003339445,1955.0580003339446,1.6497234376550454,1729812999.7999754
195.52986849611565,1955.2986849611566,1.641027819563539,1729812999.8096542
195.55380999984527,1955.5380999984527,1.6323715443566682,1729812999.8196378
195.57762512002887,1955.7762512002887,1.6237545039857322,1729812999.8297088
195.60131443052015,1956.0131443052014,1.6151765899136938,1729812999.8395925
195.6248785035739,1956.248785035739,1.6066376931259905,1729812999.8496046
195.64831790983925,1956.4831790983926,1.5981377041412541,1729812999.859634
195.67163321835278,1956.7163321835278,1.5896765130219253,1729812999.86968
195.69482499653222,1956.9482499653222,1.5812540093848417,1729812999.8795946
195.71789381016993,1957.1789381016993,1.5728700824116517,1729812999.889751
195.7408402234267,1957.4084022342668,1.5645246208592232,1729812999.9005098
195.76366479882563,1957.6366479882563,1.5562175130699467,1729812999.909621
195.7863680972463,1957.863680972463,1.5479486469819301,1729812999.9195876
195.80895067791894,1958.0895067791894,1.5397179101391432,1729812999.9296634
195.83141309841875,1958.3141309841876,1.531525189701445,1729812999.939684
195.85375591466044,1958.5375591466045,1.5233703724545586,1729812999.949752
195.8759796808929,1958.759796808929,1.5152533448199543,1729812999.9596183
195.89808494969404,1958.9808494969404,1.5071739928646357,1729812999.9695957
195.92007227196567,1959.2007227196566,1.499132202310828,1729812999.979643
195.9419421969286,1959.419421969286,1.491127858545636,1729812999.9896617
195.9636952721179,1959.636952721179,1.4831608466305637,1729812999.9996045
195.98533204337815,1959.8533204337814,1.4752310513109945,1729813000.0095878
196.00685305485914,1960.0685305485913,1.4673383570255423,1729813000.0197258
196.0282588490113,1960.282588490113,1.4594826479153467,1729813000.029685
196.04954996658165,1960.4954996658166,1.4516638078332926,1729813000.0397105
196.07072694660957,1960.7072694660956,1.4438817203531142,1729813000.0497088
196.09179032642285,1960.9179032642285,1.4361362687784416,1729813000.0597143
196.112740641634,1961.12740641634,1.4284273361517927,1729813000.0696962
196.13357842613635,1961.3357842613636,1.4207548052633774,1729813000.0796218
196.15430421210064,1961.5430421210065,1.413118558659943,1729813000.089656
196.1749185299715,1961.749185299715,1.4055184786534811,1729813000.0999527
196.19542190846417,1961.9542190846416,1.39795444732981,1729813000.1095662
196.21581487456123,1962.1581487456124,1.3904263465571622,1729813000.1197164
196.2360979535096,1962.3609795350962,1.3829340579946363,1729813000.1297133
196.25627166881767,1962.5627166881768,1.3754774631005668,1729813000.1396606
196.2763365422523,1962.7633654225228,1.3680564431408113,1729813000.149761
196.29629309383623,1962.9629309383622,1.3606708791969924,1729813000.1596134
196.31614184184548,1963.1614184184548,1.353320652174614,1729813000.169571
196.3358833028069,1963.358833028069,1.3460056428111224,1729813000.1796522
196.3555179914958,1963.555179914958,1.3387257316838737,1729813000.1897783
196.37504642093367,1963.7504642093368,1.3314807992180322,1729813000.2024877
196.3944691023862,1963.944691023862,1.3242707256943662,1729813000.2097294
196.41378654536115,1964.1378654536115,1.3170953912569905,1729813000.2197685
196.43299925760647,1964.3299925760648,1.3099546759210225,1729813000.2303216
196.4521077451086,1964.521077451086,1.3028484595801464,1729813000.239742
196.4711125120907,1964.7111251209071,1.2957766220140892,1729813000.2497342
196.49001406101115,1964.9001406101115,1.2887390428960765,1729813000.2597086
196.50881289256208,1965.0881289256208,1.2817356018001318,1729813000.2696917
196.527509505668,1965.2750950566801,1.2747661782083322,1729813000.279711
196.54610439748464,1965.4610439748465,1.2678306515179978,1729813000.289672
196.56459806339765,1965.6459806339765,1.26092890104879,1729813000.299742
196.58299099702174,1965.8299099702174,1.2540608060497371,1729813000.3097289
196.60128369019964,1966.0128369019963,1.2472262457061705,1729813000.3196895
196.61947663300128,1966.194766330013,1.2404250991465835,1729813000.3296797
196.63757031372313,1966.3757031372313,1.2336572454494545,1729813000.3398535
196.6555652188874,1966.555652188874,1.2269225636499206,1729813000.3497405
196.6734618332417,1966.734618332417,1.2202209327464706,1729813000.359645
196.6912606397585,1966.912606397585,1.2135522317074487,1729813000.3697765
196.70896211963472,1967.0896211963473,1.2069163394775702,1729813000.379661
196.7265667522916,1967.265667522916,1.20031313498436,1729813000.389712
196.74407501537448,1967.4407501537448,1.1937424971444512,1729813000.4009202
196.7614873847527,1967.6148738475272,1.1872043048698755,1729813000.4097333
196.77880433451975,1967.7880433451974,1.1806984370742422,1729813000.419634
196.7960263369932,1967.9602633699321,1.1742247726788593,1729813000.4298131
196.81315386271507,1968.1315386271508,1.1677831906187786,1729813000.439745
196.83018738045197,1968.3018738045198,1.1613735698487746,1729813000.4497137
196.84712735719563,1968.4712735719563,1.1549957893492406,1729813000.4597425
196.86397425816324,1968.6397425816324,1.1486497281320078,1729813000.469758
196.88072854679803,1968.8072854679804,1.1423352652461167,1729813000.479681
196.89739068476993,1968.9739068476993,1.1360522797835033,1729813000.4896958
196.91396113197627,1969.1396113197627,1.1298006508845946,1729813000.499656
196.93044034654253,1969.3044034654254,1.1235802577438738,1729813000.5096154
196.94682878482325,1969.4682878482326,1.1173909796153536,1729813000.5197086
196.963126901403,1969.63126901403,1.1112326958179741,1729813000.5296607
196.97933514909738,1969.7933514909737,1.1051052857409482,1729813000.5395768
196.99545397895412,1969.9545397895413,1.0990086288490142,1729813000.54976
197.0114838402543,1970.114838402543,1.092942604687658,1729813000.5597422
197.02742518051357,1970.2742518051357,1.0869070928882296,1729813000.569678
197.0432784454835,1970.4327844548352,1.0809019731730194,1729813000.5795891
197.05904407915304,1970.5904407915305,1.0749271253602535,1729813000.5896463
197.07472252374987,1970.7472252374987,1.0689824293690071,1729813000.5996528
197.09031421974208,1970.903142197421,1.0630677652241056,1729813000.609706
197.10581960583974,1971.0581960583975,1.057183013060894,1729813000.619644
197.12123911899658,1971.2123911899657,1.0513280531299865,1729813000.6297748
197.13657319441177,1971.3657319441177,1.0455027658019285,1729813000.639711
197.15182226553173,1971.5182226553175,1.0397070315718215,1729813000.649809
197.16698676405204,1971.6698676405204,1.0339407310638302,1729813000.6595974
197.18206711991937,1971.8206711991936,1.028203745035701,1729813000.669689
197.1970637613335,1971.9706376133352,1.0224959543831522,1729813000.6794858
197.21197711474954,1972.1197711474954,1.0168172401442463,1729813000.689541
197.22680760487984,1972.2680760487983,1.0111674835036402,1729813000.6996372
197.2415556546964,1972.4155565469641,1.005546565796874,1729813000.7096403
197.2562216854331,1972.562216854331,0.9999543685144808,1729813000.7196035
197.27080611658795,1972.7080611658794,0.9943907733061444,1729813000.7298539
197.28530936592557,1972.8530936592556,0.9888556619847141,1729813000.7396805
197.29973184947966,1972.9973184947967,0.9833489165301977,1729813000.749631
197.31407398155537,1973.1407398155536,0.9778704190936879,1729813000.75966
197.32833617473204,1973.2833617473204,0.9724200520012624,1729813000.7696612
197.34251883986576,1973.4251883986576,0.9669976977577343,1729813000.7796426
197.35662238609194,1973.5662238609193,0.9616032390504462,1729813000.7896783
197.3706472208282,1973.706472208282,0.9562365587529741,1729813000.8001304
197.38459374977708,1973.8459374977708,0.9508975399287224,1729813000.8097048
197.39846237692885,1973.9846237692884,0.9455860658345355,1729813000.819686
197.41225350456446,1974.1225350456446,0.9403020199242257,1729813000.8297272
197.42596753325847,1974.2596753325847,0.9350452858520083,1729813000.8396802
197.43960486188197,1974.3960486188198,0.9298157474759411,1729813000.8496826
197.4531658876057,1974.531658876057,0.924613288861292,1729813000.8595297
197.46665100590312,1974.6665100590312,0.9194377942838131,1729813000.8696527
197.4800606105535,1974.8006061055348,0.9142891482330054,1729813000.8796716
197.49339509364515,1974.9339509364515,0.9091672354153094,1729813000.889549
197.50665484557865,1975.0665484557865,0.9040719407572578,1729813000.8997164
197.51984025507008,1975.1984025507008,0.8990031494085472,1729813000.9096673
197.53295170915436,1975.3295170915435,0.8939607467450948,1729813000.9196367
197.54598959318864,1975.4598959318864,0.8889446183720179,1729813000.9295967
197.55895429085564,1975.5895429085563,0.8839546501265517,1729813000.9396496
197.57184618416719,1975.7184618416718,0.8789907280809598,1729813000.9495878
197.5846656534676,1975.846656534676,0.8740527385453366,1729813000.959605
197.59741307743732,1975.9741307743732,0.8691405680704251,1729813000.9696543
197.6100888330964,1976.100888330964,0.8642541034503041,1729813000.9794633
197.62269329580815,1976.2269329580815,0.8593932317251242,1729813000.9897568
197.63522683928278,1976.3522683928277,0.8545578401836956,1729813000.9996977
197.64768983558108,1976.4768983558108,0.8497478163661069,1729813001.009595
197.66008265511815,1976.6008265511814,0.8449630480662503,1729813001.019621
197.67240566666717,1976.7240566666717,0.8402034233343113,1729813001.0296388
197.68465923736315,1976.8465923736314,0.8354688304792067,1729813001.0396178
197.69684373270684,1976.9684373270684,0.8307591580710135,1729813001.0496426
197.70895951656848,1977.0895951656848,0.8260742949432655,1729813001.059605
197.7210069511918,1977.2100695119182,0.8214141301953192,1729813001.0696437
197.73298639719795,1977.3298639719794,0.8167785531945783,1729813001.0795732
197.74489821358935,1977.4489821358934,0.8121674535787012,1729813001.0896587
197.7567427577538,1977.5674275775382,0.8075807212578042,1729813001.099669
197.76852038546852,1977.6852038546851,0.8030182464165695,1729813001.1095736
197.7802314509041,1977.802314509041,0.7984799195163185,1729813001.1195967
197.79187630662864,1977.9187630662864,0.7939656312970652,1729813001.129729
197.8034553036119,1978.0345530361192,0.7894752727795308,1729813001.139616
197.81496879122946,1978.1496879122947,0.7850087352670564,1729813001.1497276
197.82641711726674,1978.2641711726674,0.7805659103475503,1729813001.1595247
197.83780062792343,1978.3780062792343,0.7761466898953547,1729813001.1696742
197.84911966781752,1978.4911966781751,0.7717509660730507,1729813001.1795645
197.8603745799897,1978.6037457998968,0.7673786313332877,1729813001.1896358
197.87156570590753,1978.7156570590753,0.7630295784204905,1729813001.2002356
197.8826933854698,1978.826933854698,0.7587037003726039,1729813001.2096405
197.89375795701082,1978.9375795701083,0.7544008905227536,1729813001.2197185
197.90475975730487,1979.0475975730487,0.7501210425008712,1729813001.22967
197.91569912157047,1979.1569912157047,0.7458640502352755,1729813001.2396586
197.92657638347478,1979.2657638347478,0.7416298079542479,1729813001.2496347
197.93739187513813,1979.3739187513813,0.737418210187548,1729813001.2595701
197.94814592713837,1979.4814592713838,0.7332291517678698,1729813001.269634
197.95883886851533,1979.5883886851534,0.7290625278322967,1729813001.279632
197.96947102677535,1979.6947102677536,0.7249182338237209,1729813001.2896976
197.98004272789578,1979.8004272789578,0.7207961654921914,1729813001.2996316
197.99055429632946,1979.9055429632947,0.7166962188962483,1729813001.3095517
198.00100605500933,1980.0100605500934,0.7126182904042374,1729813001.3197005
198.01139832535293,1980.1139832535293,0.7085622766955514,1729813001.3296683
198.02173142726704,1980.2173142726704,0.7045280747618666,1729813001.339653
198.0320056791522,1980.3200567915221,0.7005155819083296,1729813001.3496041
198.04222139790744,1980.4222139790745,0.6965246957547419,1729813001.359615
198.05237889893476,1980.5237889893476,0.6925553142366344,1729813001.36966
198.0624784961439,1980.6247849614392,0.6886073356064192,1729813001.3796573
198.07252050195697,1980.7252050195698,0.6846806584344031,1729813001.3896327
198.08250522731308,1980.8250522731307,0.6807751816098396,1729813001.3996935
198.0924329816731,1980.9243298167312,0.6768908043419114,1729813001.4096632
198.10230407302438,1981.0230407302438,0.6730274261606856,1729813001.4196298
198.11211880788534,1981.1211880788533,0.6691849469180625,1729813001.4299483
198.12187749131036,1981.2187749131035,0.6653632667886783,1729813001.4397123
198.1315804268944,1981.315804268944,0.661562286270743,1729813001.4496949
198.14122791677786,1981.4122791677787,0.6577819061869271,1729813001.4596245
198.15082026165132,1981.5082026165132,0.6540220276851273,1729813001.4696815
198.16035776076023,1981.6035776076023,0.650282552239262,1729813001.4796183
198.16984071190987,1981.6984071190986,0.646563381650039,1729813001.4895298
198.17926941147002,1981.7926941147002,0.6428644180456499,1729813001.4996078
198.1886441543798,1981.886441543798,0.6391855638824627,1729813001.5095181
198.19796523415258,1981.9796523415257,0.6355267219457205,1729813001.5195575
198.20723294288064,1982.0723294288064,0.6318877953501286,1729813001.5296488
198.2164475712402,1982.164475712402,0.6282686875405145,1729813001.5396082
198.22560940849613,1982.2560940849612,0.6246693022923687,1729813001.549662
198.23471874250689,1982.3471874250688,0.6210895437124159,1729813001.5597317
198.24377585972937,1982.4377585972936,0.6175293162391505,1729813001.5696537
198.25278104522374,1982.5278104522374,0.6139885246433135,1729813001.5794697
198.2617345826584,1982.617345826584,0.6104670740284001,1729813001.58967
198.27063675431475,1982.7063675431475,0.6069648698310769,1729813001.599683
198.2794878410922,1982.794878410922,0.6034818178216338,1729813001.6096814
198.288288122513,1982.88288122513,0.6000178241043849,1729813001.6197011
198.29703787672716,1982.9703787672715,0.5965727951180096,1729813001.6301122
198.30573738051737,1983.0573738051737,0.5931466376359457,1729813001.639575
198.31438690930392,1983.1438690930393,0.589739258766694,1729813001.6496587
198.3229867371496,1983.2298673714959,0.5863505659541123,1729813001.659627
198.3315371367646,1983.315371367646,0.5829804669777204,1729813001.6696947
198.34003837951155,1983.4003837951154,0.5796288699529349,1729813001.679624
198.34849073541028,1983.4849073541027,0.5762956833313105,1729813001.689631
198.35689447314286,1983.5689447314285,0.5729808159007604,1729813001.6997154
198.36524986005853,1983.6524986005852,0.569684176785734,1729813001.7095628
198.3735571621786,1983.735571621786,0.5664056754473873,1729813001.7196155
198.38181664420148,1983.818166442015,0.5631452216837286,1729813001.7297673
198.39002856950748,1983.9002856950747,0.559902725629727,1729813001.739635
198.39819320016386,1983.9819320016386,0.5566780977574507,1729813001.7497842
198.40631079692974,1984.0631079692976,0.5534712488761223,1729813001.7596314
198.4143816192611,1984.143816192611,0.5502820901321809,1729813001.7696176
198.4224059253156,1984.224059253156,0.5471105330093263,1729813001.7795835
198.4303839719576,1984.303839719576,0.5439564893285568,1729813001.7895937
198.43831601476325,1984.3831601476325,0.5408198712481543,1729813001.7997816
198.44620230802514,1984.4620230802514,0.5377005912636567,1729813001.8096113
198.45404310475746,1984.5404310475747,0.5345985622078445,1729813001.819613
198.46183865670093,1984.6183865670093,0.5315136972506832,1729813001.8297305
198.46958921432764,1984.6958921432765,0.5284459098992212,1729813001.839666
198.47729502684612,1984.7729502684613,0.5253951139975425,1729813001.8496835
198.48495634220615,1984.8495634220615,0.5223612237266025,1729813001.8596606
198.4925734071038,1984.925734071038,0.519344153604158,1729813001.8696854
198.50014646698637,1985.0014646698637,0.5163438184845707,1729813001.8796523
198.50767576605722,1985.0767576605722,0.5133601335586729,1729813001.8896697
198.51516154728083,1985.1516154728083,0.5103930143535792,1729813001.8997736
198.52260405238763,1985.2260405238762,0.5074423767324888,1729813001.9096525
198.53000352187902,1985.3000352187903,0.5045081368944729,1729813001.9195838
198.5373601950322,1985.373601950322,0.50159021137424,1729813001.9297917
198.5446743099051,1985.446743099051,0.498688517041903,1729813001.9396281
198.55194610334138,1985.5194610334138,0.49580297110270777,1729813001.9496295
198.55917581097526,1985.5917581097526,0.4929334910967612,1729813001.9595819
198.56636366723643,1985.6636366723642,0.49007999489872744,1729813001.9696016
198.57350990535502,1985.7350990535501,0.48724240071754543,1729813001.9795828
198.58061475736645,1985.8061475736645,0.4844206270960648,1729813001.9897268
198.5876784541163,1985.8767845411628,0.48161459291074216,1729813001.9997916
198.5947012252652,1985.947012252652,0.47882421737128744,1729813002.0096588
198.6016832992938,1986.016832992938,0.4760494200202857,1729813002.0198965
198.60862490350755,1986.0862490350755,0.47329012073282406,1729813002.0297592
198.6155262640416,1986.155262640416,0.4705462397160901,1729813002.0397055
198.62238760586564,1986.2238760586565,0.46781769750898483,1729813002.0497434
198.62920915278886,1986.2920915278887,0.4651044149816873,1729813002.0597599
198.63599112746465,1986.3599112746465,0.4624063133352124,1729813002.0696392
198.64273375139558,1986.4273375139558,0.4597233141009952,1729813002.079617
198.64943724493816,1986.4943724493814,0.45705533914038987,1729813002.0896366
198.65610182730768,1986.5610182730768,0.4544023106442453,1729813002.09973
198.6627277165831,1986.627277165831,0.45176415113238455,1729813002.1095808
198.66931512971178,1986.6931512971178,0.44914078345311814,1729813002.1196454
198.67586428251434,1986.7586428251434,0.44653213078275733,1729813002.1298773
198.68237538968944,1986.8237538968945,0.4439381166250652,1729813002.1396933
198.6888486648186,1986.888486648186,0.44135866481075225,1729813002.1497033
198.69528432037103,1986.9528432037102,0.4387936994969185,1729813002.159588
198.70168256770825,1987.0168256770826,0.43624314516648155,1729813002.1696641
198.708043617089,1987.0804361708902,0.4337069266276793,1729813002.179703
198.71436767767403,1987.1436767767404,0.43118496901343206,1729813002.1897385
198.7206549575307,1987.2065495753072,0.4286771977807672,1729813002.2001178
198.72690566363792,1987.2690566363792,0.4261835387102576,1729813002.2096357
198.73312000189065,1987.3312000189067,0.42370391790537176,1729813002.2196114
198.73929817710487,1987.3929817710487,0.4212382617919158,1729813002.229889
198.74544039302214,1987.4544039302214,0.4187864971173444,1729813002.2396293
198.75154685231436,1987.5154685231437,0.4163485509501691,1729813002.2496998
198.75761775658847,1987.5761775658848,0.41392435067929945,1729813002.2596483
198.76365330639112,1987.6365330639112,0.4115138240134052,1729813002.2696967
198.7696537012134,1987.696537012134,0.4091168989802395,1729813002.2797277
198.77561913949543,1987.7561913949544,0.40673350392595686,1729813002.2897105
198.7815498186311,1987.815498186311,0.4043635675144682,1729813002.299653
198.78744593497265,1987.8744593497265,0.40200701872672695,1729813002.30968
198.7933076838354,1987.9330768383538,0.39966378686004667,1729813002.3196635
198.79913525950226,1987.9913525950226,0.39733380152737474,1729813002.3297985
198.80492885522847,1988.0492885522847,0.39501699265660306,1729813002.3396208
198.81068866324608,1988.1068866324608,0.3927132904898486,1729813002.349713
198.81641487476872,1988.1641487476872,0.3904226255827127,1729813002.359582
198.822107679996,1988.22107679996,0.3881449288035367,1729813002.3696241
198.82776726811824,1988.2776726811824,0.3858801313326915,1729813002.379562
198.8333938273209,1988.3339382732088,0.38362816466179595,1729813002.3895504
198.8389875447892,1988.389875447892,0.381388960592976,1729813002.3997128
198.84454860671278,1988.4454860671278,0.37916245123811165,1729813002.409557
198.85007719829,1988.5007719829,0.3769485690180233,1729813002.4197218
198.85557350373261,1988.555735037326,0.3747472466617364,1729813002.4296985
198.86103770627025,1988.6103770627026,0.37255841720568383,1729813002.4396482
198.86646998815488,1988.6646998815488,0.37038201399291715,1729813002.4496543
198.87187053066535,1988.7187053066534,0.3682179706723109,1729813002.4595582
198.87723951411178,1988.7723951411178,0.36606622119774,1729813002.469686
198.88257711784013,1988.8257711784013,0.3639266998273162,1729813002.4795406
198.88788352023656,1988.8788352023655,0.36179934112252254,1729813002.4895687
198.8931588987319,1988.9315889873192,0.35968407994742513,1729813002.499663
198.89840342980614,1988.9840342980615,0.3575808514678397,1729813002.5096989
198.90361728899268,1989.0361728899268,0.3554895911504933,1729813002.519665
198.90880065088285,1989.0880065088286,0.3534102347622089,1729813002.5300844
198.91395368913035,1989.1395368913036,0.3513427183690546,1729813002.5395613
198.9190765764555,1989.190765764555,0.34928697833547495,1729813002.5496404
198.92416948464967,1989.2416948464966,0.3472429513234684,1729813002.5596638
198.92923258457964,1989.2923258457963,0.3452105742917241,1729813002.5696764
198.93426604619188,1989.3426604619187,0.3431897844947497,1729813002.579712
198.93927003851698,1989.3927003851697,0.3411805194820311,1729813002.5895858
198.94424472967384,1989.4424472967385,0.3391827170971301,1729813002.5997026
198.94919028687406,1989.4919028687405,0.3371963154768477,1729813002.6095643
198.95410687642618,1989.5410687642618,0.33522125305031103,1729813002.6197767
198.95899466374,1989.5899466373999,0.333257468538119,1729813002.6297028
198.96385381333076,1989.6385381333075,0.33130490095144693,1729813002.6396308
198.96868448882356,1989.6868448882356,0.3293634895911478,1729813002.6495965
198.97348685295734,1989.7348685295733,0.3274331740468551,1729813002.6596181
198.97826106758933,1989.7826106758932,0.3255138941961321,1729813002.6697857
198.98300729369916,1989.8300729369917,0.323605590203507,1729813002.67972
198.98772569139305,1989.8772569139305,0.32170820251960996,1729813002.6895785
198.992416419908,1989.9241641990802,0.31982167188025457,1729813002.6996706
198.99707963761603,1989.9707963761603,0.31794593930553716,1729813002.7096918
199.00171550202816,1990.0171550202817,0.31608094609890613,1729813002.7197268
199.0063241697988,1990.063241697988,0.31422663384626837,1729813002.7300181
199.01090579672965,1990.1090579672964,0.3123829444150389,1729813002.73964
199.01546053777395,1990.1546053777395,0.3105498199532616,1729813002.7497911
199.01998854704055,1990.1998854704057,0.30872720288864464,1729813002.7597063
199.024489977798,1990.24489977798,0.3069150359276528,1729813002.769728
199.02896498247858,1990.2896498247858,0.30511326205458544,1729813002.7796845
199.03341371268243,1990.3341371268243,0.3033218245306245,1729813002.7895665
199.03783631918154,1990.3783631918154,0.3015406668929249,1729813002.799748
199.04223295192384,1990.4223295192382,0.29976973295366427,1729813002.8097103
199.0466037600372,1990.466037600372,0.2980089667990907,1729813002.8195584
199.05094889183337,1990.5094889183338,0.29625831278860815,1729813002.829831
199.05526849481208,1990.5526849481207,0.2945177155538169,1729813002.83961
199.05956271566495,1990.5956271566495,0.29278711999760076,1729813002.8496313
199.06383170027948,1990.6383170027948,0.2910664712931269,1729813002.8595963
199.06807559374295,1990.6807559374295,0.28935571488294876,1729813002.869658
199.07229454034646,1990.7229454034646,0.2876547964780397,1729813002.8796365
199.07648868358876,1990.7648868358876,0.28596366205681967,1729813002.8895748
199.08065816618017,1990.8065816618018,0.2842822578642491,1729813002.9000287
199.08480313004654,1990.8480313004654,0.2826105304108467,1729813002.9095693
199.08892371633308,1990.8892371633308,0.28094842647172846,1729813002.9195673
199.0930200654082,1990.930200654082,0.2792958930856607,1729813002.9297686
199.09709231686745,1990.9709231686745,0.27765287755412593,1729813002.939631
199.10114060953723,1991.0114060953722,0.2760193274403332,1729813002.9496534
199.10516508147873,1991.0516508147873,0.27439519056827677,1729813002.9596815
199.10916586999173,1991.0916586999174,0.2727804150217751,1729813002.969648
199.11314311161834,1991.1314311161834,0.2711749491434955,1729813002.9796257
199.1170969421468,1991.1709694214678,0.2695787415340093,1729813002.9899151
199.12102749661526,1991.2102749661526,0.2679917410508449,1729813002.9998345
199.12493490931556,1991.2493490931556,0.26641389680747884,1729813003.009744
199.12881931379692,1991.2881931379693,0.26484515817241927,1729813003.0196047
199.13268084286972,1991.3268084286972,0.26328547476821995,1729813003.0298207
199.1365196286091,1991.365196286091,0.26173479647051756,1729813003.0395758
199.14033580235883,1991.4033580235882,0.2601930734070884,1729813003.049654
199.14412949473487,1991.4412949473488,0.2586602559568537,1729813003.0595858
199.14790083562906,1991.4790083562907,0.2571362947489274,1729813003.0696669
199.15164995421281,1991.5164995421283,0.2556211406616623,1729813003.079559
199.1553769789407,1991.553769789407,0.25411474482166774,1729813003.0897105
199.1590820375541,1991.590820375541,0.2526170586028734,1729813003.0997128
199.16276525708489,1991.6276525708488,0.25112803362553116,1729813003.1096087
199.16642676385888,1991.6642676385889,0.24964762175526445,1729813003.1196787
199.17006668349956,1991.7006668349954,0.24817577510211997,1729813003.129735
199.17368514093158,1991.736851409316,0.24671244601957454,1729813003.1396983
199.17728226038435,1991.7728226038435,0.2452575871035937,1729813003.1496463
199.18085816539553,1991.8085816539553,0.24381115119165464,1729813003.1595223
199.1844129788146,1991.8441297881461,0.24237309136179064,1729813003.169707
199.1879468228064,1991.879468228064,0.24094336093164237,1729813003.181196
199.1914598188545,1991.914598188545,0.23952191345745966,1729813003.1968715
199.19495208776488,1991.9495208776489,0.23810870273318485,1729813003.199695
199.19842374966925,1991.9842374966925,0.23670368278944742,1729813003.2097545
199.20187492402857,1992.0187492402856,0.2353068078926367,1729813003.2216232
199.20530572963648,1992.0530572963648,0.2339180325439284,1729813003.2312577
199.20871628462274,1992.0871628462273,0.23253731147833612,1729813003.2401671
199.21210670645664,1992.1210670645664,0.23116459966373248,1729813003.2497551
199.21547711195038,1992.1547711195037,0.2297998522999095,1729813003.2595491
199.21882761726246,1992.1882761726247,0.22844302481762468,1729813003.2696686
199.22215833790113,1992.2215833790115,0.22709407287764705,1729813003.2795036
199.22546938872765,1992.2546938872765,0.22575295236977488,1729813003.2896445
199.22876088395967,1992.2876088395967,0.22441961941191735,1729813003.2996933
199.23203293717458,1992.3203293717459,0.223094030349121,1729813003.3096097
199.23528566131282,1992.352856613128,0.2217761417526284,1729813003.3195243
199.23851916868117,1992.3851916868116,0.22046591041893115,1729813003.3297052
199.24173357095603,1992.4173357095603,0.21916329336880025,1729813003.339576
199.2449289791867,1992.4492897918672,0.21786824784637637,1729813003.3496473
199.24810550379874,1992.4810550379875,0.21658073131819477,1729813003.3595936
199.25126325459703,1992.5126325459703,0.21530070147223312,1729813003.3696306
199.25440234076916,1992.5440234076916,0.2140281162169949,1729813003.3796918
199.25752287088858,1992.5752287088858,0.2127629336805591,1729813003.3895967
199.26062495291782,1992.6062495291783,0.2115051122096262,1729813003.3997421
199.26370869421172,1992.637086942117,0.21025461036859106,1729813003.4096918
199.26677420152052,1992.6677420152052,0.20901138693859778,1729813003.4196234
199.26982158099315,1992.6982158099315,0.20777540091661606,1729813003.4297464
199.27285093818026,1992.7285093818025,0.20654661151448017,1729813003.4396944
199.2758623780374,1992.758623780374,0.20532497815800077,1729813003.4497564
199.2788560049282,1992.788560049282,0.2041104604859897,1729813003.4596229
199.28183192262742,1992.818319226274,0.20290301834935043,1729813003.469753
199.28479023432405,1992.8479023432405,0.20170261181014737,1729813003.4796705
199.28773104262442,1992.877310426244,0.2005092011406714,1729813003.489624
199.29065444955523,1992.9065444955522,0.19932274682253925,1729813003.499635
199.2935605565667,1992.935605565667,0.19814320954573972,1729813003.5096107
199.2964494645354,1992.964494645354,0.19697055020772936,1729813003.5197036
199.29932127376762,1992.9932127376762,0.19580472991253017,1729813003.5300043
199.30217608400204,1993.0217608400203,0.19464570996977038,1729813003.5395787
199.30501399441295,1993.0501399441296,0.1934934518937944,1729813003.5495691
199.30783510361312,1993.0783510361312,0.19234791740276413,1729813003.5595858
199.31063950965688,1993.1063950965688,0.19120906841772445,1729813003.5697546
199.313427310043,1993.1342731004302,0.19007686706169202,1729813003.5802698
199.3161986017177,1993.161986017177,0.18895127565876713,1729813003.5895875
199.31895348107753,1993.1895348107753,0.1878322567332117,1729813003.5996885
199.32169204397232,1993.2169204397233,0.18671977300854692,1729813003.6096232
199.32441438570808,1993.2441438570809,0.1856137874066598,1729813003.6196024
199.3271206010499,1993.271206010499,0.18451426304690954,1729813003.629668
199.32981078422486,1993.2981078422486,0.18342116324522173,1729813003.6395535
199.33248502892488,1993.3248502892488,0.18233445151317873,1729813003.6495807
199.33514342830952,1993.3514342830952,0.18125409155714756,1729813003.659615
199.33778607500892,1993.3778607500892,0.18018004727739523,1729813003.6696453
199.34041306112658,1993.4041306112658,0.1791122827671846,1729813003.6795776
199.34302447824217,1993.4302447824216,0.17805076231188266,1729813003.6896567
199.34562041741438,1993.4562041741437,0.17699545038810072,1729813003.6997464
199.34820096918364,1993.4820096918363,0.17594631166278496,1729813003.709744
199.35076622357496,1993.5076622357496,0.17490331099236556,1729813003.7196443
199.3533162701007,1993.5331627010069,0.17386641342185427,1729813003.7296908
199.35585119776323,1993.5585119776324,0.1728355841839918,1729813003.7395616
199.35837109505783,1993.5837109505783,0.17181078869835964,1729813003.749584
199.36087604997527,1993.6087604997529,0.17079199257050248,1729813003.7596056
199.3633661500046,1993.633661500046,0.16977916159109874,1729813003.7695997
199.36584148213578,1993.6584148213578,0.16877226173505455,1729813003.7796476
199.3683021328625,1993.683021328625,0.16777125916067248,1729813003.7896976
199.37074818818476,1993.7074818818476,0.1667761202087562,1729813003.7996433
199.37317973361155,1993.7317973361155,0.1657868114017863,1729813003.8095639
199.3755968541635,1993.755968541635,0.16480329944304095,1729813003.819581
199.3779996343755,1993.779996343755,0.1638255512157646,1729813003.829638
199.3803881582994,1993.803881582994,0.16285353378230283,1729813003.839639
199.38276250950662,1993.8276250950662,0.16188721438326048,1729813003.849654
199.38512277109058,1993.8512277109057,0.16092656043663112,1729813003.8596432
199.3874690256695,1993.874690256695,0.15997153953701726,1729813003.8696766
199.3898013553889,1993.898013553889,0.159022119454728,1729813003.879536
199.39211984192414,1993.9211984192414,0.1580782681349654,1729813003.8896334
199.39442456648302,1993.9442456648303,0.1571399536969843,1729813003.899746
199.3967156098083,1993.967156098083,0.15620714443326633,1729813003.909685
199.39899305218015,1993.9899305218014,0.15527980880867964,1729813003.9196672
199.4012569734188,1994.0125697341882,0.15435791545968314,1729813003.9299183
199.40350745288703,1994.0350745288702,0.1534414331934525,1729813003.9396572
199.40574456949253,1994.0574456949253,0.1525303309870879,1729813003.9496307
199.40796840169048,1994.0796840169048,0.15162457798679163,1729813003.9596555
199.41017902748607,1994.1017902748606,0.15072414350705976,1729813003.9696434
199.4123765244368,1994.123765244368,0.14982899702983665,1729813003.9796684
199.4145609696551,1994.145609696551,0.148939108203744,1729813003.9895859
199.4167324398106,1994.167324398106,0.14805444684324065,1729813003.999638
199.4188910111327,1994.188910111327,0.14717498292784092,1729813004.0095751
199.42103675941289,1994.210367594129,0.14630068660127626,1729813004.0196064
199.4231697600071,1994.2316976000711,0.1454315281707278,1729813004.0294986
199.42529008783825,1994.2529008783824,0.14456747810602344,1729813004.0397015
199.42739781739843,1994.2739781739842,0.14370850703883675,1729813004.0495875
199.42949302275142,1994.2949302275142,0.14285458576188403,1729813004.0596108
199.43157577753496,1994.3157577753495,0.14200568522814627,1729813004.0697398
199.4336461549631,1994.336461549631,0.14116177655007867,1729813004.079575
199.43570422782852,1994.3570422782852,0.14032283099883258,1729813004.0895748
199.43775006850487,1994.3775006850487,0.13948882000346685,1729813004.099591
199.43978374894905,1994.3978374894905,0.13865971515017683,1729813004.109625
199.44180534070355,1994.4180534070356,0.13783548818150215,1729813004.1196206
199.4438149148987,1994.438149148987,0.13701611099556288,1729813004.1297
199.44581254225488,1994.4581254225488,0.13620155564528502,1729813004.1396239
199.4477982930849,1994.477982930849,0.1353917943376456,1729813004.149923
199.44977223729614,1994.4977223729616,0.13458679943289986,1729813004.1595051
199.45173444439288,1994.5173444439288,0.13378654344381047,1729813004.16959
199.45368498347844,1994.5368498347843,0.13299099903489242,1729813004.179703
199.45562392325743,1994.5562392325744,0.13220013902166705,1729813004.1896455
199.45755133203798,1994.5755133203797,0.1314139363698964,1729813004.199873
199.45946727773392,1994.5946727773392,0.13063236419483715,1729813004.2096972
199.4613718278669,1994.6137182786692,0.12985539576047322,1729813004.2196383
199.4632650495687,1994.632650495687,0.12908300447881416,1729813004.2297385
199.4651470095832,1994.651470095832,0.12831516390909925,1729813004.2396946
199.4670177742687,1994.670177742687,0.12755184775708706,1729813004.2497
199.46887740959997,1994.6887740959996,0.12679302987433416,1729813004.2595818
199.47072598117038,1994.7072598117038,0.12603868425741183,1729813004.2697453
199.47256355419404,1994.7256355419404,0.12528878504722563,1729813004.279599
199.4743901935079,1994.743901935079,0.1245433065282534,1729813004.2896104
199.47620596357385,1994.7620596357385,0.1238022231278294,1729813004.2996302
199.47801092848078,1994.7801092848078,0.12306550941542838,1729813004.309615
199.47980515194672,1994.7980515194672,0.12233314010192664,1729813004.3195837
199.4815886973208,1994.815886973208,0.1216050900388933,1729813004.3297148
199.48336162758537,1994.8336162758537,0.12088133421788683,1729813004.3396246
199.48512400535805,1994.8512400535806,0.1201618477697356,1729813004.3498108
199.48687589289372,1994.8687589289373,0.11944660596381673,1729813004.35959
199.4886173520866,1994.8861735208661,0.11873558420736507,1729813004.3696897
199.49034844447223,1994.9034844447224,0.11802875804475377,1729813004.3795998
199.4920692312294,1994.920692312294,0.11732610315680858,1729813004.3896203
199.49377977318227,1994.9377977318227,0.11662759536011158,1729813004.3998013
199.49548013080226,1994.9548013080225,0.11593321060630124,1729813004.4096937
199.4971703642101,1994.971703642101,0.11524292498135658,1729813004.4197211
199.49885053317766,1994.9885053317767,0.11455671470494522,1729813004.4297318
199.50052069713004,1995.0052069713004,0.11387455612970931,1729813004.439545
199.50218091514745,1995.0218091514744,0.11319642574060651,1729813004.449804
199.50383124596712,1995.0383124596713,0.11252230015419407,1729813004.4596465
199.50547174798527,1995.0547174798526,0.11185215611798405,1729813004.4698749
199.50710247925895,1995.0710247925895,0.11118597050973811,1729813004.479548
199.50872349750802,1995.0872349750803,0.11052372033683155,1729813004.489683
199.51033486011698,1995.1033486011697,0.10986538273554458,1729813004.500041
199.51193662413692,1995.1193662413693,0.10921093497041567,1729813004.5095584
199.5135288462873,1995.135288462873,0.10856035443357193,1729813004.519646
199.51511158295787,1995.1511158295787,0.10791361864407001,1729813004.5297585
199.5166848902105,1995.1668489021051,0.10727070524723714,1729813004.5396578
199.5182488237811,1995.182488237811,0.10663159201401029,1729813004.5496078
199.5198034390813,1995.198034390813,0.10599625684027536,1729813004.5595317
199.5213487912004,1995.213487912004,0.10536467774624547,1729813004.5696075
199.52288493490715,1995.2288493490714,0.10473683287576996,1729813004.5796309
199.5244119246515,1995.244119246515,0.10411270049573573,1729813004.5896056
199.52592981456652,1995.2592981456653,0.1034922589953976,1729813004.5998945
199.52743865847003,1995.2743865847003,0.10287548688571746,1729813004.6096241
199.5289385098665,1995.289385098665,0.10226236279878698,1729813004.619603
199.53042942194872,1995.3042942194872,0.10165286548714014,1729813004.6296375
199.5319114475997,1995.319114475997,0.10104697382314576,1729813004.6396668
199.53338463939423,1995.3338463939422,0.10044466679836261,1729813004.6496387
199.53484904960075,1995.3484904960076,0.09984592352293553,1729813004.6595738
199.53630473018308,1995.3630473018306,0.09925072322496298,1729813004.6696403
199.53775173280204,1995.3775173280203,0.09865904524985758,1729813004.679591
199.53919010881728,1995.3919010881727,0.0980708690597617,1729813004.6895883
199.5406199092889,1995.406199092889,0.09748617423289907,1729813004.6998322
199.54204118497918,1995.420411849792,0.09690494046299925,1729813004.7096097
199.54345398635428,1995.4345398635428,0.09632714755864213,1729813004.7196076
199.54485836358586,1995.4485836358585,0.09575277544269312,1729813004.7296352
199.5462543665528,1995.462543665528,0.09518180415167599,1729813004.7397223
199.54764204484286,1995.4764204484286,0.09461421383517432,1729813004.7495985
199.54902144775426,1995.4902144775426,0.09404998475522752,1729813004.7596154
199.55039262429742,1995.503926242974,0.09348909728575883,1729813004.7696562
199.5517556231965,1995.517556231965,0.0929315319119447,1729813004.7796273
199.5531104928911,1995.5311049289112,0.09237726922965883,1729813004.7895865
199.55445728153785,1995.5445728153786,0.09182628994485043,1729813004.7996938
199.55579603701193,1995.5579603701194,0.0912785748729864,1729813004.809736
199.55712680690883,1995.5712680690883,0.09073410493846701,1729813004.8195837
199.5584496385458,1995.584496385458,0.09019286117401648,1729813004.829756
199.55976457896352,1995.5976457896352,0.08965482472013775,1729813004.839682
199.5610716749276,1995.610716749276,0.08911997682450667,1729813004.8496943
199.5623709729302,1995.6237097293022,0.08858829884144803,1729813004.8596926
199.5636625191916,1995.6366251919162,0.08805977223130668,1729813004.8696182
199.56494635966163,1995.6494635966164,0.08753437855990576,1729813004.8796172
199.56622254002133,1995.6622254002132,0.08701209949801025,1729813004.8897643
199.56749110568447,1995.6749110568446,0.08649291682072302,1729813004.8998153
199.568752101799,1995.6875210179899,0.08597681240692878,1729813004.9096549
199.5700055732486,1995.7000557324861,0.08546376823877189,1729813004.9196467
199.5712515646543,1995.712515646543,0.084953766401063,1729813004.929571
199.5724901203757,1995.724901203757,0.0844467890807391,1729813004.9395952
199.57372128451277,1995.7372128451277,0.08394281856633767,1729813004.949634
199.57494510090712,1995.7494510090712,0.08344183724741583,1729813004.9595914
199.57616161314357,1995.7616161314356,0.08294382761402985,1729813004.9696665
199.57737086455163,1995.7737086455163,0.08244877225617031,1729813004.9796007
199.57857289820683,1995.7857289820683,0.08195665386324158,1729813004.9901388
199.57976775693237,1995.7976775693237,0.08146745522353427,1729813004.9997768
199.58095548330036,1995.8095548330036,0.08098115922365323,1729813005.0097237
199.5821361196334,1995.8213611963338,0.08049774884803795,1729813005.0196083
199.5833097080059,1995.8330970800591,0.080017207178387,1729813005.0297766
199.58447629024568,1995.8447629024568,0.07953951739315535,1729813005.0396392
199.58563590793509,1995.8563590793508,0.07906466276701962,1729813005.0496693
199.58678860241267,1995.8678860241266,0.07859262667037548,1729813005.0596025
199.58793441477445,1995.8793441477446,0.07812339256879752,1729813005.069703
199.58907338587534,1995.8907338587533,0.07765694402252243,1729813005.0795329
199.59020555633052,1995.902055563305,0.07719326468595333,1729813005.0896087
199.59133096651678,1995.9133096651678,0.07673233830712511,1729813005.0996535
199.5924496565739,1995.924496565739,0.07627414872721594,1729813005.1096659
199.5935616664061,1995.935616664061,0.07581867988004809,1729813005.1196103
199.59466703568322,1995.946670356832,0.07536591579153729,1729813005.1296456
199.59576580384223,1995.9576580384223,0.07491584057923262,1729813005.1396496
199.59685801008845,1995.9685801008845,0.07446843845180673,1729813005.1495984
199.59794369339696,1995.9794369339695,0.0740236937085531,1729813005.1594687
199.59902289251386,1995.9902289251386,0.07358159073889936,1729813005.1695812
199.6000956459576,1996.000956459576,0.07314211402189741,1729813005.1796477
199.60116199202028,1996.0116199202027,0.07270524812576873,1729813005.189714
199.60222196876902,1996.0222196876903,0.07227097770738389,1729813005.1997232
199.60327561404716,1996.0327561404715,0.07183928751179358,1729813005.2096758
199.60432296547563,1996.0432296547563,0.07141016237172415,1729813005.2196147
199.60536406045412,1996.0536406045412,0.07098358720711928,1729813005.2296934
199.60639893616246,1996.0639893616246,0.0705595470246746,1729813005.2396529
199.60742762956184,1996.0742762956183,0.07013802691732252,1729813005.249593
199.60845017739607,1996.0845017739607,0.06971901206378284,1729813005.2595844
199.60946661619283,1996.0946661619282,0.06930248772809378,1729813005.2701209
199.6104769822649,1996.1047698226491,0.06888843925912169,1729813005.2795691
199.61148131171146,1996.1148131171146,0.06847685209013477,1729813005.2896812
199.61247964041922,1996.1247964041922,0.06806771173829673,1729813005.2999578
199.6134720040637,1996.1347200406371,0.06766100380421747,1729813005.3097155
199.61445843811052,1996.1445843811052,0.06725671397152844,1729813005.3196666
199.61543897781644,1996.1543897781644,0.06685482800635867,1729813005.3297327
199.61641365823073,1996.1641365823073,0.06645533175693508,1729813005.3396275
199.61738251419624,1996.1738251419624,0.06605821115310284,1729813005.3495777
199.6183455803507,1996.183455803507,0.06566345220589909,1729813005.3595798
199.61930289112783,1996.1930289112784,0.0652710410070626,1729813005.3696764
199.62025448075855,1996.2025448075856,0.06488096372863594,1729813005.3796391
199.6212003832721,1996.2120038327212,0.06449320662247515,1729813005.3895352
199.62214063249732,1996.2214063249733,0.06410775601985363,1729813005.399683
199.62307526206365,1996.2307526206364,0.06372459833098965,1729813005.4095254
199.62400430540242,1996.2400430540242,0.06334372004461997,1729813005.419562
199.62492779574794,1996.2492779574793,0.06296510772756825,1729813005.4298422
199.62584576613858,1996.2584576613858,0.06258874802429915,1729813005.439766
199.62675824941803,1996.2675824941803,0.062214627656511534,1729813005.449541
199.62766527823632,1996.2766527823633,0.06184273342268909,1729813005.4596264
199.628566885051,1996.2856688505099,0.061473052197677513,1729813005.4697251
199.62946310212817,1996.2946310212817,0.06110557093226532,1729813005.4795818
199.63035396154376,1996.3035396154376,0.06074027665276105,1729813005.4896033
199.63123949518442,1996.3123949518442,0.06037715646056341,1729813005.4997752
199.63211973474876,1996.3211973474877,0.0600161975317669,1729813005.5095553
199.63299471174838,1996.3299471174837,0.05965738711671775,1729813005.5196552
199.633864457509,1996.3386445750898,0.05930071253961777,1729813005.5296423
199.63472900317143,1996.3472900317142,0.05894616119811047,1729813005.53973
199.63558837969282,1996.355883796928,0.05859372056287071,1729813005.5495362
199.63644261784754,1996.3644261784752,0.0582433781771855,1729813005.559665
199.63729174822834,1996.3729174822834,0.057895121656579174,1729813005.5696409
199.6381358012474,1996.3813580124738,0.05754893868837818,1729813005.579677
199.63897480713734,1996.3897480713736,0.057204817031327404,1729813005.5897174
199.63980879595232,1996.3980879595233,0.0568627445151727,1729813005.599722
199.640637797569,1996.4063779756902,0.05652270904030032,1729813005.6096156
199.64146184168763,1996.4146184168762,0.056184698577296355,1729813005.6196492
199.64228095783304,1996.4228095783303,0.0558487011666039,1729813005.629914
199.64309517535565,1996.4309517535567,0.05551470491807364,1729813005.6401393
199.64390452343255,1996.4390452343255,0.05518269801063347,1729813005.6497023
199.64470903106846,1996.4470903106846,0.05485266869186389,1729813005.6596968
199.64550872709668,1996.455087270967,0.054524605277607274,1729813005.6698742
199.64630364018018,1996.4630364018017,0.05419849615162853,1729813005.6796954
199.64709379881253,1996.4709379881253,0.05387432976519946,1729813005.689726
199.64787923131894,1996.4787923131894,0.053552094636715064,1729813005.6996477
199.64865996585715,1996.4865996585715,0.053231779351336495,1729813005.7096133
199.64943603041849,1996.4943603041847,0.052913372560610905,1729813005.7197297
199.6502074528288,1996.502074528288,0.052596862982093096,1729813005.729603
199.6509742607494,1996.509742607494,0.05228223939897603,1729813005.7396035
199.65173648167806,1996.5173648167806,0.05196949065973022,1729813005.7495928
199.65249414294996,1996.5249414294997,0.05165860567772185,1729813005.7596104
199.6532472717386,1996.5324727173859,0.051349573430855666,1729813005.7697208
199.65399589505677,1996.5399589505678,0.05104238296121799,1729813005.779674
199.65474003975748,1996.5474003975748,0.050737023374696544,1729813005.7897198
199.65547973253493,1996.5547973253492,0.05043348384063584,1729813005.7996397
199.65621499992534,1996.5621499992535,0.05013175359147126,1729813005.809692
199.65694586830793,1996.5694586830793,0.049831821922379116,1729813005.8197045
199.65767236390585,1996.5767236390584,0.04953367819093557,1729813005.829792
199.65839451278705,1996.5839451278705,0.04923731181673474,1729813005.839655
199.65911234086528,1996.5911234086527,0.04894271228105651,1729813005.8495743
199.6598258739008,1996.5982587390079,0.048649869126502376,1729813005.8597207
199.66053513750145,1996.6053513750146,0.04835877195668992,1729813005.8696766
199.6612401571235,1996.612401571235,0.048069410435846005,1729813005.8796308
199.66194095807245,1996.6194095807246,0.0477817742885297,1729813005.889604
199.66263756550404,1996.6263756550404,0.04749585329924144,1729813005.8999836
199.663330004425,1996.63330004425,0.04721163731209266,1729813005.909599
199.66401829969402,1996.6401829969402,0.04692911623049312,1729813005.9196167
199.66470247602254,1996.6470247602253,0.04664828001678856,1729813005.9296267
199.66538255797565,1996.6538255797564,0.046369118691940936,1729813005.9396124
199.66605856997296,1996.6605856997296,0.04609162233518915,1729813005.9495957
199.66673053628938,1996.6673053628938,0.04581578108371154,1729813005.959674
199.66739848105604,1996.6739848105603,0.04554158513232742,1729813005.9696553
199.6680624282611,1996.680624282611,0.04526902473313299,1729813005.9796913
199.66872240175056,1996.6872240175055,0.04499809019519396,1729813005.9897768
199.66937842522916,1996.6937842522916,0.04472877188423119,1729813005.9996667
199.67003052226113,1996.7003052226114,0.044461060222272475,1729813006.009704
199.67067871627106,1996.7067871627105,0.04419494568735771,1729813006.0196402
199.67132303054467,1996.7132303054468,0.043930418813206695,1729813006.0297072
199.6719634882297,1996.719634882297,0.043667470188917146,1729813006.0396113
199.67260011233662,1996.7260011233661,0.0434060904586272,1729813006.0497046
199.67323292573954,1996.7323292573953,0.04314627032121876,1729813006.0596476
199.67386195117692,1996.7386195117692,0.042888000529999526,1729813006.0698142
199.67448721125237,1996.7448721125238,0.04263127189239213,1729813006.079757
199.67510872843553,1996.7510872843554,0.042376075269641045,1729813006.08962
199.67572652506274,1996.7572652506274,0.04212240157646796,1729813006.099647
199.67634062333786,1996.7634062333786,0.04187024178081955,1729813006.1097324
199.6769510453331,1996.7695104533311,0.04161958690352641,1729813006.1196196
199.67755781298973,1996.7755781298974,0.041370428018002836,1729813006.129618
199.67816094811883,1996.7816094811883,0.04112275624996975,1729813006.1396563
199.6787604724021,1996.787604724021,0.04087656277713492,1729813006.149649
199.67935640739265,1996.7935640739265,0.0406318388289123,1729813006.159551
199.67994877451565,1996.7994877451565,0.04038857568610055,1729813006.169718
199.68053759506918,1996.8053759506918,0.040146764680618285,1729813006.1795983
199.6811228902249,1996.8112289022492,0.039906397195195065,1729813006.189653
199.6817046810289,1996.817046810289,0.03966746466309068,1729813006.1997406
199.68228298840222,1996.8228298840222,0.03942995856779319,1729813006.2095864
199.68285783314184,1996.8285783314184,0.03919387044274891,1729813006.2195976
199.68342923592127,1996.8342923592127,0.03895919187107644,1729813006.2298117
199.68399721729125,1996.8399721729124,0.03872591448524154,1729813006.2396603
199.68456179768057,1996.8456179768057,0.03849402996684581,1729813006.2496939
199.6851229973967,1996.8512299739668,0.03826353004628025,1729813006.2596037
199.68568083662655,1996.8568083662653,0.03803440650248546,1729813006.269813
199.68623533543715,1996.8623533543714,0.037806651162640814,1729813006.2796545
199.68678651377638,1996.8678651377638,0.0375802559019317,1729813006.2895625
199.68733439147366,1996.8733439147366,0.03735521264322628,1729813006.2998288
199.6878789882406,1996.8787898824062,0.0371315133568374,1729813006.309669
199.6884203236718,1996.8842032367181,0.036909150060234874,1729813006.3196788
199.6889584172454,1996.889584172454,0.03668811481778078,1729813006.3298318
199.6894932883239,1996.8949328832389,0.03646839974045768,1729813006.3396313
199.69002495615467,1996.9002495615468,0.03624999698558795,1729813006.3495424
199.69055343987085,1996.9055343987086,0.03603289875660465,1729813006.359662
199.69107875849187,1996.9107875849186,0.03581709730274596,1729813006.369687
199.6916009309241,1996.916009309241,0.035602584918795865,1729813006.3796556
199.6921199759616,1996.9211997596158,0.035389353944863866,1729813006.3896456
199.69263591228673,1996.9263591228673,0.03517739676607767,1729813006.3998446
199.69314875847087,1996.9314875847087,0.03496670581233985,1729813006.4096532
199.69365853297495,1996.9365853297495,0.034757273558079116,1729813006.4196982
199.69416525415025,1996.9416525415024,0.03454909252199101,1729813006.4299214
199.6946689402389,1996.946689402389,0.03434215526675899,1729813006.4395313
199.69516960937463,1996.9516960937462,0.03413645439885016,1729813006.449628
199.69566727958338,1996.9566727958338,0.033931982568211505,1729813006.459616
199.69616196878385,1996.9616196878385,0.033728732468051414,1729813006.4697304
199.69665369478832,1996.9665369478832,0.0335266968345892,1729813006.4795642
199.69714247530308,1996.9714247530308,0.03332586844678154,1729813006.4895637
199.69762832792915,1996.9762832792915,0.03312624012610221,1729813006.4996457
199.69811127016288,1996.9811127016287,0.032927804736291644,1729813006.509602
199.6985913193966,1996.985913193966,0.03273055518311352,1729813006.5197198
199.69906849291917,1996.9906849291917,0.03253448441409368,1729813006.5296035
199.69954280791663,1996.9954280791662,0.032339585418308725,1729813006.5396116
199.70001428147282,1997.0001428147282,0.032145851226126676,1729813006.5495596
199.70048293056993,1997.0048293056993,0.03195327490896893,1729813006.5596159
199.70094877208916,1997.0094877208917,0.031761849579086454,1729813006.5695772
199.70141182281125,1997.0141182281125,0.0315715683893093,1729813006.5796285
199.70187209941716,1997.0187209941716,0.03138242453282636,1729813006.58957
199.70232961848853,1997.0232961848853,0.031194411242922437,1729813006.599864
199.7027843965084,1997.027843965084,0.031007521792793535,1729813006.6096373
199.70323644986172,1997.0323644986172,0.030821749495278605,1729813006.6197414
199.70368579483593,1997.0368579483593,0.030637087702641064,1729813006.6296842
199.70413244762153,1997.0413244762153,0.030453529806337865,1729813006.6395888
199.7045764243127,1997.045764243127,0.03027106923680989,1729813006.6497574
199.70501774090783,1997.0501774090783,0.03008969946323148,1729813006.6597102
199.70545641331006,1997.0545641331005,0.029909413993295497,1729813006.6697876
199.70589245732788,1997.0589245732788,0.029730206373007273,1729813006.679684
199.70632588867568,1997.0632588867568,0.02955207018643946,1729813006.6897395
199.70675672297432,1997.0675672297432,0.029374999055520656,1729813006.6996474
199.70718497575166,1997.0718497575167,0.029198986639815128,1729813006.709644
199.70761066244313,1997.0761066244313,0.0290240266363061,1729813006.719753
199.70803379839222,1997.0803379839222,0.02885011277916305,1729813006.729718
199.7084543988511,1997.084543988511,0.028677238839569408,1729813006.7396944
199.70887247898114,1997.0887247898113,0.028505398625459644,1729813006.7495553
199.70928805385336,1997.0928805385336,0.02833458598132388,1729813006.7596202
199.70970113844908,1997.0970113844908,0.028164794788007153,1729813006.7697766
199.7101117476604,1997.101117476604,0.027996018962494484,1729813006.7796926
199.71051989629072,1997.1051989629073,0.0278282524576835,1729813006.7896233
199.7109255990553,1997.1092559905528,0.02766148926218548,1729813006.7996843
199.71132887058167,1997.1132887058166,0.02749572340013351,1729813006.8096318
199.71172972541035,1997.1172972541035,0.027330948930963994,1729813006.819667
199.71212817799517,1997.1212817799517,0.02716715994918928,1729813006.8296595
199.7125242427039,1997.125242427039,0.02700435058423778,1729813006.8396997
199.71291793381866,1997.1291793381865,0.026842515000212397,1729813006.8496563
199.7133092655365,1997.133092655365,0.02668164739571821,1729813006.8596523
199.71369825196996,1997.1369825196996,0.026521742003656423,1729813006.8696876
199.7140849071474,1997.140849071474,0.0263627930909881,1729813006.879605
199.71446924501362,1997.144692450136,0.026204794958588518,1729813006.8896875
199.71485127943035,1997.1485127943035,0.02604774194102688,1729813006.899615
199.7152310241767,1997.1523102417668,0.02589162840636028,1729813006.9097285
199.71560849294966,1997.1560849294965,0.025736448755959596,1729813006.9201295
199.7159836993646,1997.1598369936462,0.025582197424289244,1729813006.9297295
199.7163566569558,1997.163566569558,0.025428868878745514,1729813006.9396546
199.71672737917677,1997.1672737917677,0.02527645761943098,1729813006.9495988
199.7170958794009,1997.1709587940088,0.02512495817901239,1729813006.960656
199.71746217092183,1997.1746217092184,0.024974365122477304,1729813006.969831
199.717826266954,1997.1782626695401,0.024824673046961787,1729813006.9817731
199.71818818063306,1997.1818818063307,0.024675876581601197,1729813006.9900277
199.71854792501634,1997.1854792501633,0.024527970387286824,1729813006.999777
199.71890551308334,1997.1890551308334,0.024380949156522003,1729813007.0096815
199.71926095773617,1997.1926095773617,0.0242348076132054,1729813007.0196252
199.7196142718,1997.196142718,0.02408954051249068,1729813007.0297976
199.71996546802356,1997.1996546802357,0.023945142640564465,1729813007.0396245
199.72031455907955,1997.2031455907954,0.02380160881447757,1729813007.0495803
199.7206615575651,1997.206615575651,0.02365893388197271,1729813007.0595145
199.72100647600226,1997.2100647600225,0.023517112721301525,1729813007.0700023
199.72134932683832,1997.2134932683832,0.023376140241030963,1729813007.0795527
199.72169012244643,1997.2169012244644,0.023236011379902943,1729813007.0897143
199.7220288751259,1997.220288751259,0.023096721106612317,1729813007.099676
199.72236559710265,1997.2236559710266,0.022958264419673635,1729813007.1095757
199.72270030052977,1997.2270030052978,0.022820636347218648,1729813007.1196787
199.7230329974878,1997.2303299748778,0.022683831946834654,1729813007.1298325
199.72336369998519,1997.2336369998518,0.022547846305392194,1729813007.139535
199.72369241995884,1997.2369241995884,0.022412674538881627,1729813007.1495526
199.7240191692744,1997.2401916927442,0.022278311792212402,1729813007.1595876
199.72434395972675,1997.2434395972675,0.022144753239072723,1729813007.169662
199.72466680304035,1997.2466680304035,0.022011994081771458,1729813007.1796603
199.72498771086975,1997.2498771086975,0.021880029551039182,1729813007.189643
199.7253066948,1997.253066948,0.02174885490587719,1729813007.2002268
199.72562376634696,1997.2562376634696,0.02161846543338697,1729813007.2096
199.72593893695782,1997.2593893695782,0.021488856448620974,1729813007.219661
199.72625221801147,1997.2625221801147,0.021360023294396124,1729813007.2296956
199.72656362081887,1997.2656362081887,0.021231961341146355,1729813007.2396076
199.7268731566235,1997.268731566235,0.02110466598676275,1729813007.2496376
199.72718083660172,1997.2718083660172,0.020978132656424786,1729813007.2595813
199.72748667186323,1997.2748667186324,0.020852356802451122,1729813007.2697225
199.7277906734514,1997.277906734514,0.020727333904118406,1729813007.279615
199.7280928523437,1997.280928523437,0.020603059467524498,1729813007.289579
199.72839321945207,1997.2839321945207,0.020479529025430376,1729813007.2995372
199.7286917856233,1997.2869178562332,0.020356738137094932,1729813007.309577
199.72898856163948,1997.2898856163947,0.020234682388125758,1729813007.319723
199.72928355821833,1997.2928355821832,0.020113357390322828,1729813007.3297153
199.72957678601355,1997.2957678601356,0.01999275878151152,1729813007.3396354
199.7298682556153,1997.298682556153,0.0198728822254165,1729813007.349574
199.73015797755045,1997.3015797755045,0.01975372341149828,1729813007.3596272
199.73044596228308,1997.3044596228308,0.019635278054789818,1729813007.3697107
199.7307322202148,1997.307322202148,0.019517541895770374,1729813007.3797755
199.73101676168508,1997.3101676168508,0.019400510700186113,1729813007.389538
199.7312995969717,1997.312995969717,0.019284180258931083,1729813007.3996685
199.731580736291,1997.31580736291,0.019168546387880236,1729813007.4095829
199.7318601897984,1997.318601897984,0.019053604927763312,1729813007.4196846
199.7321379675886,1997.3213796758862,0.018939351743983646,1729813007.429606
199.73241407969613,1997.3241407969613,0.01882578272652402,1729813007.4395664
199.73268853609548,1997.3268853609547,0.018712893789744167,1729813007.4495056
199.73296134670164,1997.3296134670163,0.018600680872284836,1729813007.4595342
199.73323252137035,1997.3323252137036,0.018489139936899046,1729813007.4699616
199.73350206989852,1997.3350206989853,0.018378266970334844,1729813007.4797268
199.73377000202453,1997.3377000202454,0.018268057983163,1729813007.4895775
199.7340363274286,1997.3403632742861,0.018158509009657986,1729813007.4998436
199.73430105573317,1997.3430105573316,0.018049616107645217,1729813007.5095978
199.73456419650313,1997.3456419650313,0.017941375358378475,1729813007.5196192
199.7348257592463,1997.348257592463,0.01783378286639603,1729813007.5297408
199.73508575341367,1997.3508575341366,0.017726834759376753,1729813007.5396082
199.73534418839978,1997.3534418839977,0.017620527188006885,1729813007.549528
199.73560107354305,1997.3560107354306,0.017514856325866357,1729813007.5597353
199.73585641812613,1997.3585641812613,0.017409818369254704,1729813007.569688
199.7361102313762,1997.3611023137619,0.017305409537082705,1729813007.5796895
199.73636252246527,1997.3636252246527,0.01720162607074449,1729813007.5896072
199.73661330051064,1997.3661330051063,0.017098464233964772,1729813007.5996919
199.7368625745751,1997.368625745751,0.0169959203126816,1729813007.6095977
199.73711035366725,1997.3711035366725,0.016893990614902488,1729813007.6196225
199.73735664674192,1997.373566467419,0.016792671470608478,1729813007.6297026
199.73760146270038,1997.3760146270038,0.01669195923157296,1729813007.639645
199.73784481039075,1997.3784481039074,0.01659185027128529,1729813007.649647
199.73808669860827,1997.3808669860828,0.01649234098478558,1729813007.6596425
199.73832713609562,1997.3832713609563,0.01639342778855457,1729813007.6698015
199.73856613154322,1997.3856613154321,0.016295107120375074,1729813007.679747
199.73880369358957,1997.3880369358958,0.016197375439228945,1729813007.6896937
199.73903983082155,1997.3903983082155,0.01610022922515142,1729813007.6996527
199.7392745517747,1997.3927455177472,0.016003664979112098,1729813007.7095964
199.73950786493356,1997.3950786493356,0.015907679222897708,1729813007.7195826
199.73973977873194,1997.3973977873195,0.01581226849899664,1729813007.7296612
199.73997030155329,1997.3997030155329,0.015717429370439073,1729813007.7396038
199.7401994417309,1997.4019944173092,0.015623158420722372,1729813007.7495596
199.74042720754827,1997.4042720754826,0.015529452253660092,1729813007.7596073
199.74065360723938,1997.406536072394,0.01543630749329139,1729813007.7696934
199.740878648989,1997.40878648989,0.015343720783721149,1729813007.7797127
199.74110234093297,1997.4110234093296,0.015251688789038265,1729813007.789757
199.74132469115847,1997.4132469115848,0.015160208193173541,1729813007.7997553
199.74154570770438,1997.4154570770438,0.015069275699807316,1729813007.8096247
199.74176539856148,1997.4176539856148,0.01497888803222025,1729813007.8196242
199.7419837716728,1997.4198377167281,0.014889041933204505,1729813007.8298006
199.7422008349339,1997.422008349339,0.01479973416494651,1729813007.8397315
199.74241659619307,1997.4241659619306,0.014710961508888398,1729813007.849682
199.7426310632517,1997.426310632517,0.014622720765649855,1729813007.859567
199.74284424386462,1997.4284424386462,0.014535008754898437,1729813007.8697464
199.74305614574018,1997.4305614574018,0.014447822315209247,1729813007.8796651
199.74326677654068,1997.4326677654067,0.014361158304004529,1729813007.889509
199.74347614388262,1997.4347614388262,0.01427501359741512,1729813007.8996117
199.74368425533692,1997.4368425533692,0.014189385090161433,1729813007.9096434
199.74389111842925,1997.4389111842925,0.014104269695471738,1729813007.9196677
199.7440967406403,1997.440967406403,0.014019664344940064,1729813007.9296231
199.74430112940598,1997.44301129406,0.01393556598843737,1729813007.9395933
199.74450429211777,1997.4450429211777,0.013851971593996093,1729813007.9497097
199.7447062361229,1997.4470623612292,0.01376887814772132,1729813007.9595187
199.7449069687247,1997.4490696872472,0.013686282653657567,1729813007.9696274
199.7451064971828,1997.4510649718281,0.01360418213370529,1729813007.9796696
199.74530482871342,1997.4530482871342,0.01352257362749476,1729813007.9896789
199.7455019704896,1997.4550197048961,0.0134414541922937,1729813007.9996452
199.74569792964155,1997.4569792964155,0.013360820902895365,1729813008.0096998
199.74589271325672,1997.4589271325672,0.013280670851526177,1729813008.0196588
199.74608632838024,1997.4608632838024,0.013201001147744473,1729813008.0297143
199.7462787820151,1997.462787820151,0.013121808918317934,1729813008.0396373
199.7464700811224,1997.464700811224,0.013043091307134769,1729813008.0506837
199.74666023262154,1997.4666023262153,0.012964845475106013,1729813008.059635
199.74684924339059,1997.4684924339058,0.012887068600064278,1729813008.0697622
199.74703712026644,1997.4703712026644,0.012809757876658945,1729813008.0796773
199.7472238700451,1997.472238700451,0.01273291051625669,1729813008.0896952
199.74740949948193,1997.4740949948193,0.01265652374684556,1729813008.0997498
199.74759401529187,1997.4759401529186,0.012580594812931944,1729813008.1096961
199.7477774241497,1997.477774241497,0.012505120975442874,1729813008.1197584
199.7479597326902,1997.479597326902,0.0124300995116301,1729813008.1296499
199.74814094750852,1997.4814094750852,0.012355527714995485,1729813008.1396427
199.74832107516036,1997.4832107516036,0.012281402895157778,1729813008.1495907
199.74850012216217,1997.4850012216216,0.01220772237776735,1729813008.1595147
199.7486780949914,1997.486780949914,0.012134483504433358,1729813008.16974
199.74885500008673,1997.4885500008672,0.012061683632611842,1729813008.1797523
199.74903084384837,1997.4903084384837,0.01198932013550802,1729813008.1895938
199.7492056326382,1997.492056326382,0.01191739040199813,1729813008.1997793
199.74937937278,1997.4937937278,0.01184589183651752,1729813008.209692
199.74955207055976,1997.4955207055975,0.011774821858987816,1729813008.2196994
199.74972373222585,1997.4972373222586,0.01170417790471212,1729813008.229744
199.7498943639892,1997.4989436398919,0.01163395742428086,1729813008.239648
199.75006397202364,1997.5006397202364,0.011564157883506065,1729813008.2496228
199.75023256246598,1997.5023256246598,0.011494776763293468,1729813008.2596786
199.75040014141638,1997.5040014141637,0.011425811559596322,1729813008.269753
199.75056671493843,1997.5056671493844,0.011357259783280393,1729813008.2796962
199.75073228905947,1997.5073228905947,0.0112891189600689,1729813008.289649
199.75089686977077,1997.5089686977076,0.011221386630441255,1729813008.2996364
199.7510604630277,1997.510604630277,0.011154060349544248,1729813008.309664
199.75122307475002,1997.5122307475,0.011087137687126325,1729813008.319799
199.75138471082204,1997.5138471082205,0.011020616227415014,1729813008.3296509
199.75154537709287,1997.5154537709286,0.01095449356906364,1729813008.3396862
199.7517050793766,1997.517050793766,0.010888767325041182,1729813008.3496876
199.7518638234525,1997.518638234525,0.01082343512256656,1729813008.359758
199.7520216150653,1997.5202161506531,0.01075849460300915,1729813008.3698742
199.7521784599253,1997.521784599253,0.010693943421819507,1729813008.3796391
199.7523343637086,1997.5233436370859,0.010629779248435223,1729813008.389685
199.75248933205737,1997.5248933205737,0.010565999766195655,1729813008.399853
199.75264337058,1997.5264337058,0.01050260267227443,1729813008.4097333
199.75279648485125,1997.5279648485125,0.01043958567757819,1729813008.419654
199.75294868041257,1997.5294868041258,0.010376946506684415,1729813008.4296582
199.75309996277224,1997.5309996277224,0.010314682897745509,1729813008.4397275
199.7532503374055,1997.5325033740548,0.010252792602403527,1729813008.4495723
199.75339980975485,1997.5339980975486,0.010191273385747546,1729813008.4595728
199.75354838523023,1997.5354838523024,0.010130123026176885,1729813008.4696214
199.75369606920916,1997.5369606920915,0.010069339315365577,1729813008.4795313
199.75384286703698,1997.5384286703697,0.010008920058171777,1729813008.489734
199.753988784027,1997.53988784027,0.00994886307254006,1729813008.4996448
