0.008949225271156562,0.08949225271156562,0.6101730635491667,1729814220.8525164
0.0179493865070216,0.179493865070216,0.6136459623408836,1729814220.8598974
0.027000759687110958,0.2700075968711096,0.6171376778750066,1729814220.8695993
0.03610362212601946,0.36103622126019463,0.6206483011794408,1729814220.8796675
0.04525825247802484,0.4525825247802484,0.624177923595995,1729814220.8896186
0.05446493074168447,0.5446493074168447,0.6277266367798913,1729814220.8996706
0.06372393826442536,0.6372393826442536,0.6312945326993049,1729814220.9095957
0.07303555774712629,0.7303555774712629,0.634881703634828,1729814220.9195502
0.08240007324869225,0.8240007324869225,0.6384882421789471,1729814220.929602
0.09181777019062075,0.9181777019062075,0.6421142412354854,1729814220.9396074
0.10128893536155946,1.0128893536155945,0.645759794019017,1729814220.9497838
0.11081385692185505,1.1081385692185506,0.6494249940542585,1729814220.9597528
0.12039282440809207,1.2039282440809207,0.6531099351753984,1729814220.969877
0.1300261287376231,1.300261287376231,0.6568147115254981,1729814220.9797015
0.1397140622130879,1.397140622130879,0.660539417555744,1729814220.9897366
0.14945691852692253,1.4945691852692253,0.6642841480247512,1729814220.9997046
0.1592549927658573,1.592549927658573,0.6680489979978301,1729814221.0097368
0.16910858141540364,1.6910858141540364,0.6718340628461974,1729814221.0196252
0.17901798236432906,1.7901798236432906,0.6756394382461928,1729814221.0295637
0.18898349490912011,1.8898349490912012,0.6794652201784352,1729814221.0396857
0.1990054197584326,1.990054197584326,0.6833115049269776,1729814221.0496082
0.20908405903752908,2.090840590375291,0.6871783890784198,1729814221.0596054
0.21921971629270257,2.192197162927026,0.6910659695209891,1729814221.06989
0.22941269649568713,2.294126964956871,0.6949743434436215,1729814221.0797255
0.23966330604805322,2.396633060480532,0.6989036083349423,1729814221.0896394
0.24997185278558917,2.4997185278558915,0.7028538619823099,1729814221.0995889
0.26033864598266687,2.6033864598266687,0.7068252024707473,1729814221.1101675
0.27076399635659243,2.7076399635659243,0.7108177281819039,1729814221.1196873
0.2812482160719401,2.812482160719401,0.7148315377929386,1729814221.129699
0.2917916187448705,2.9179161874487045,0.7188667302754113,1729814221.139597
0.3023945194474308,3.023945194474308,0.7229234048941013,1729814221.1497903
0.3130572347118386,3.130572347118386,0.7270016612058499,1729814221.1596417
0.3237800825347468,3.237800825347468,0.731101599058291,1729814221.1698928
0.3345633823814909,3.345633823814909,0.7352233185886441,1729814221.179612
0.3454074551903164,3.454074551903164,0.7393669202223727,1729814221.1895921
0.3563126233765879,3.563126233765879,0.7435325046719126,1729814221.1996615
0.3672792108369778,3.672792108369778,0.7477201729352789,1729814221.2096958
0.37830754295363417,3.783075429536342,0.7519300262946917,1729814221.2196736
0.3893979465983282,3.893979465983282,0.7561621663151261,1729814221.2297027
0.40055075013658037,4.005507501365804,0.7604166948428859,1729814221.2396708
0.4117662834317641,4.117662834317641,0.7646937140040866,1729814221.2495902
0.4230448778491874,4.230448778491874,0.768993326203119,1729814221.259691
0.4343868662601512,4.343868662601512,0.7733156341210929,1729814221.2700596
0.4457925830459844,4.457925830459844,0.7776607407142155,1729814221.27962
0.45726236410205456,4.572623641020545,0.7820287492121711,1729814221.2896945
0.46879654684175426,4.687965468417542,0.7864197631164267,1729814221.299625
0.4803954702004622,4.803954702004622,0.7908338861985265,1729814221.3097243
0.49205947463947813,4.920594746394781,0.7952712224983067,1729814221.319523
0.5037889021499322,5.037889021499322,0.7997318763221533,1729814221.329702
0.5155840962566672,5.155840962566672,0.8042159522411307,1729814221.3397064
0.5274454020220928,5.274454020220928,0.8087235550891194,1729814221.3496647
0.5393731660500124,5.393731660500124,0.8132547899609073,1729814221.359722
0.5513677364894214,5.513677364894214,0.8178097622102467,1729814221.369806
0.563429463038276,5.63429463038276,0.8223885774478632,1729814221.3796751
0.5755586969472319,5.755586969472319,0.8269913415394037,1729814221.3896518
0.5877557910233536,5.877557910233536,0.8316181606033848,1729814221.3997004
0.6000210996337916,6.000210996337916,0.8362691410090879,1729814221.4096363
0.6123549787094286,6.123549787094285,0.8409443893743671,1729814221.4195776
0.6247577857484935,6.247577857484935,0.8456440125634892,1729814221.4297695
0.6372298798201422,6.372298798201422,0.8503681176848705,1729814221.439747
0.649771621568005,6.49771621568005,0.8551168120887997,1729814221.4496822
0.6623833732137003,6.623833732137003,0.8598902033651286,1729814221.459766
0.675065498560313,6.75065498560313,0.864688399340863,1729814221.4697704
0.6878183629958374,6.878183629958374,0.8695115080777882,1729814221.4796875
0.7006423334965851,7.006423334965851,0.874359637869982,1729814221.489708
0.7135377786305545,7.135377786305544,0.8792328972413241,1729814221.4997728
0.7265050685607641,7.265050685607641,0.8841313949429452,1729814221.5097008
0.7395445750485481,7.3954457504854805,0.8890552399506355,1729814221.5196326
0.7526566714568115,7.526566714568115,0.89400454146218,1729814221.5297139
0.7658417327532474,7.658417327532474,0.8989794088947012,1729814221.5397005
0.7791001355135139,7.791001355135139,0.9039799518819163,1729814221.549837
0.7924322579243694,7.924322579243695,0.9090062802713377,1729814221.5596426
0.8058384797867676,8.058384797867676,0.9140585041214557,1729814221.569715
0.8193191825189087,8.193191825189087,0.9191367336988645,1729814221.579906
0.8328747491592495,8.328747491592495,0.9242410794753291,1729814221.5897024
0.8465055643694683,8.465055643694683,0.929371652124803,1729814221.5996363
0.8602120144373866,8.602120144373867,0.9345285625204227,1729814221.6097112
0.8739944872798446,8.739944872798446,0.939711921731406,1729814221.6197112
0.887853372445532,8.87853372445532,0.9449218410199507,1729814221.6297567
0.9017890611177709,9.017890611177709,0.9501584318380367,1729814221.6407216
0.915801946117253,9.158019461172529,0.9554218058242203,1729814221.6496315
0.9298924219047271,9.29892421904727,0.9607120748003422,1729814221.6597497
0.944060884583639,9.44060884583639,0.966029350768195,1729814221.670114
0.9583077319027208,9.583077319027208,0.9713737459061538,1729814221.6796575
0.9726333632585306,9.726333632585305,0.9767453725657298,1729814221.6896667
0.9870381796979405,9.870381796979405,0.9821443432680799,1729814221.6996777
1.0015225839205733,10.015225839205733,0.9875707707004804,1729814221.7097037
1.0160869802811852,10.160869802811852,0.9930247677127035,1729814221.7198386
1.0307317747919966,10.307317747919967,0.9985064473134007,1729814221.729605
1.0454573751249674,10.454573751249674,1.0040159226663719,1729814221.7396638
1.0602641906140176,10.602641906140175,1.0095533070868126,1729814221.749957
1.0751526322571916,10.751526322571916,1.0151187140375104,1729814221.7596834
1.090123112718766,10.90123112718766,1.0207122571249496,1729814221.7696517
1.1051760463313005,11.051760463313006,1.0263340500954137,1729814221.77964
1.1203118490976283,11.203118490976284,1.031984206830962,1729814221.789689
1.1355309386927894,11.355309386927894,1.0376628413454363,1729814221.799585
1.150833734465903,11.50833734465903,1.0433700677803082,1729814221.8096619
1.1662206574419778,11.662206574419777,1.0491060004005608,1729814221.819636
1.1816921303236632,11.816921303236631,1.0548707535904687,1729814221.829546
1.1972485774929342,11.972485774929343,1.0606644418492988,1729814221.8397906
1.2128904250127164,12.128904250127164,1.0664871797870046,1729814221.8495107
1.2286181006284431,12.286181006284432,1.0723390821198244,1729814221.8597105
1.2444320337695505,12.444320337695505,1.0782202636658085,1729814221.8697386
1.2603326555509036,12.603326555509035,1.0841308393403495,1729814221.8796213
1.276320398774157,12.76320398774157,1.090070924151543,1729814221.8896644
1.2923956979290474,12.923956979290473,1.0960406331956325,1729814221.899746
1.3085589891946163,13.085589891946164,1.1020400816522387,1729814221.9097629
1.324810710440364,13.248107104403639,1.1080693847796461,1729814221.9197474
1.341151301227332,13.41151301227332,1.114128657909956,1729814221.9297276
1.3575812028091145,13.575812028091146,1.1202180164442315,1729814221.939736
1.3741008581327974,13.741008581327973,1.1263375758475196,1729814221.9496925
1.3907107118398223,13.907107118398223,1.1324874516438534,1729814221.9596539
1.4074112102667784,14.074112102667783,1.1386677594111874,1729814221.9696288
1.4242028014461172,14.242028014461173,1.144878614776242,1729814221.979684
1.4410859351067915,14.410859351067915,1.1511201334093102,1729814221.9896362
1.4580610626748176,14.580610626748175,1.1573924310189885,1729814221.9996707
1.4751286372737586,14.751286372737587,1.1636956233468336,1729814222.0096471
1.4922891137251286,14.922891137251286,1.170029826161984,1729814222.0199044
1.509542948548717,15.09542948548717,1.1763951552556808,1729814222.0296838
1.526890599962832,15.26890599962832,1.1827917264357197,1729814222.0397353
1.5443325278844602,15.443325278844602,1.189219655520897,1729814222.0496752
1.5618691939293465,15.618691939293466,1.195679058335304,1729814222.059646
1.5795010614119862,15.795010614119862,1.2021700507025923,1729814222.0699894
1.5972285953455343,15.972285953455343,1.2086927484402203,1729814222.0799732
1.6150522624416281,16.150522624416283,1.215247267353518,1729814222.0896635
1.6329725311101226,16.329725311101228,1.221833723229799,1729814222.0996904
1.650989871458738,16.50989871458738,1.2284522318323454,1729814222.1098452
1.6691047552926181,16.691047552926182,1.235102908894299,1729814222.1196232
1.6873176561137981,16.87317656113798,1.2417858701125681,1729814222.1296866
1.705629049120582,17.05629049120582,1.2485012311415649,1729814222.1397753
1.7240394112068276,17.240394112068277,1.2552491075869459,1729814222.1499093
1.742549220961137,17.42549220961137,1.2620296149992563,1729814222.159636
1.761158958665956,17.61158958665956,1.2688428688674904,1729814222.169688
1.7798691062965737,17.798691062965737,1.27568898461261,1729814222.1797032
1.7986801475200302,17.986801475200302,1.2825680775809538,1729814222.1897156
1.8175925676939242,18.175925676939244,1.2894802630376223,1729814222.19963
1.8366068538651223,18.366068538651223,1.296425656159742,1729814222.2096338
1.8557234947683703,18.557234947683703,1.3034043720296957,1729814222.2196832
1.8749429808248022,18.74942980824802,1.3104165256282585,1729814222.22963
1.894265804140349,18.94265804140349,1.3174622318276648,1729814222.239751
1.9136924585040436,19.136924585040436,1.3245416053846164,1729814222.249662
1.9332234393862224,19.332234393862223,1.3316547609331917,1729814222.2597187
1.9528592439366224,19.528592439366225,1.3388018129776988,1729814222.2697334
1.9726003709823716,19.726003709823715,1.3459828758854606,1729814222.2797601
1.992447321025873,19.924473210258732,1.353198063879501,1729814222.289631
2.01240059624258,20.1240059624258,1.3604474910311872,1729814222.2996562
2.032460700478663,20.32460700478663,1.3677312712527734,1729814222.309634
2.052628139248565,20.52628139248565,1.3750495182898785,1729814222.3197072
2.072903419732447,20.729034197324474,1.3824023457138932,1729814222.3296442
2.0932870507735193,20.932870507735192,1.3897898669143,1729814222.339627
2.1137795428752595,21.137795428752597,1.3972121950909486,1729814222.349646
2.1343814081985184,21.343814081985183,1.4046694432461841,1729814222.3596673
2.155093160558505,21.55093160558505,1.4121617241769997,1729814222.3698125
2.17591531542166,21.7591531542166,1.419689150467039,1729814222.3796415
2.1968483899024065,21.968483899024065,1.4272518344785337,1729814222.389675
2.2178929027597842,22.178929027597842,1.4348498883441974,1729814222.399603
2.239049374393964,22.39049374393964,1.4424834239589999,1729814222.4096985
2.260318326842637,22.603183268426367,1.450152552971905,1729814222.4196205
2.2817002837772864,22.817002837772865,1.4578573867775095,1729814222.429616
2.3031957704993324,23.031957704993324,1.4655980365075927,1729814222.4397094
2.3248053139361513,23.248053139361513,1.4733746130226166,1729814222.4497364
2.346529442636972,23.465294426369717,1.4811872269031447,1729814222.4597075
2.3683686867686418,23.68368686768642,1.4890359884411553,1729814222.4696763
2.390323578111268,23.90323578111268,1.4969210076313157,1729814222.4795687
2.4123946500537263,24.123946500537265,1.5048423941621512,1729814222.4896371
2.43458243758904,24.3458243758904,1.5128002574071655,1729814222.4996645
2.4568874773096288,24.568874773096287,1.5207947064158251,1729814222.5098474
2.479310307402424,24.793103074024238,1.5288258499045473,1729814222.5197196
2.501851467643848,25.01851467643848,1.5368937962475429,1729814222.5296257
2.5245114993946616,25.245114993946615,1.5449986534676168,1729814222.5396874
2.5472909455946735,25.472909455946734,1.55314052922689,1729814222.549848
2.570190350757313,25.70190350757313,1.5613195308174064,1729814222.5596907
2.593210260964064,25.93210260964064,1.569535765151728,1729814222.5698447
2.6163512238587585,26.163512238587586,1.5777893387533812,1729814222.579691
2.6396137886417304,26.396137886417304,1.5860803577472702,1729814222.5896556
2.662998506063828,26.629985060638283,1.5944089278500233,1729814222.5996227
2.6865059284202832,26.865059284202832,1.6027751543602087,1729814222.609691
2.710136609544433,27.10136609544433,1.6111791421485127,1729814222.6195621
2.7338911048013013,27.338911048013014,1.6196209956478385,1729814222.6295533
2.7577699710810304,27.577699710810304,1.6281008188433195,1729814222.6396728
2.7817737667921674,27.817737667921673,1.6366187152622473,1729814222.6496139
2.805903051854798,28.05903051854798,1.6451747879639413,1729814222.6597207
2.830158387693536,28.30158387693536,1.6537691395295255,1729814222.669751
2.8545403372303557,28.545403372303557,1.662401872051633,1729814222.679847
2.879049464877278,28.790494648772782,1.6710730871240511,1729814222.6896338
2.9036863365288994,29.036863365288994,1.6797828858312365,1729814222.6995437
2.9284515195547662,29.284515195547662,1.688531368737823,1729814222.7098048
2.9533455827915986,29.533455827915986,1.6973186358780314,1729814222.719664
2.9783690965353506,29.783690965353507,1.706144786744937,1729814222.729672
3.003522632533118,30.03522632533118,1.7150099202797808,1729814222.7396672
3.0288067639748855,30.288067639748853,1.7239141348611,1729814222.7496097
3.0542220654851127,30.54222065485113,1.7328575282938374,1729814222.7596607
3.079769113114162,30.79769113114162,1.7418401977983582,1729814222.7696047
3.1054484843295613,31.05448484329561,1.750862239999415,1729814222.7796452
3.131260758007106,31.31260758007106,1.7599237509149745,1729814222.7896848
3.157206514421795,31.572065144217948,1.7690248259450734,1729814222.7996166
3.1832863352386007,31.832863352386006,1.7781655598604964,1729814222.8096504
3.2095008035030768,32.095008035030766,1.7873460467914335,1729814222.819654
3.235850503631792,32.35850503631792,1.7965663802160716,1729814222.8296866
3.2623360214026005,32.62336021402601,1.8058266529490965,1729814222.8399398
3.2889579439447405,32.8895794394474,1.8151269571301,1729814222.849515
3.315716859728762,33.15716859728762,1.8244673842119632,1729814222.859621
3.342613358556284,33.42613358556284,1.8338480249491405,1729814222.8698833
3.369648031549575,33.69648031549575,1.843268969385851,1729814222.8797123
3.396821471140968,33.96821471140968,1.8527303068442642,1729814222.8895915
3.4241342710620897,34.2413427106209,1.8622321259125354,1729814222.8995945
3.4515870263329216,34.51587026332922,1.871774514432832,1729814222.9096406
3.4791803332506825,34.791803332506824,1.881357559489259,1729814222.91964
3.5069147893785315,35.06914789378531,1.8909813473957418,1729814222.9296465
3.5347909935340924,35.34790993534092,1.900645963683796,1729814222.9396486
3.5628095457777995,35.628095457777995,1.9103514930902847,1729814222.9498632
3.590971047401061,35.90971047401061,1.9200980195450665,1729814222.959644
3.619276100914241,36.19276100914241,1.9298856261585986,1729814222.969864
3.6477253100344598,36.4772531003446,1.9397143952094613,1729814222.979667
3.676319279673207,36.76319279673207,1.9495844081318385,1729814222.9895947
3.7050586159237744,37.050586159237746,1.959495745502893,1729814222.9997807
3.7339439260484992,37.339439260484994,1.9694484870301274,1729814223.0096185
3.762975818465823,37.62975818465823,1.9794427115386466,1729814223.0196052
3.7921549027371624,37.921549027371626,1.9894784969583725,1729814223.0296197
3.8214817895535904,38.2148178955359,1.999555920311198,1729814223.0397384
3.8509570907223303,38.509570907223306,2.009675057698053,1729814223.0495615
3.8805814191530574,38.80581419153057,2.0198359842859697,1729814223.05971
3.91035538884401,39.103553888440096,2.0300387742950123,1729814223.069622
3.94027961486791,39.4027961486791,2.040283500985219,1729814223.0796185
3.970354713357688,39.703547133576876,2.050570236643435,1729814223.0897021
4.000581301492018,40.005813014920186,2.0608990525701207,1729814223.0996327
4.030959997480655,40.309599974806545,2.0712700190660724,1729814223.1097355
4.061491420549576,40.61491420549576,2.081683205419126,1729814223.11959
4.0921761909259295,40.921761909259295,2.092138679890785,1729814223.12964
4.123014929822787,41.23014929822787,2.102636509702779,1729814223.139588
4.1540082594236925,41.54008259423692,2.113176761023616,1729814223.1496398
4.1851568028670165,41.851568028670165,2.1237594989550272,1729814223.1596065
4.216461184230113,42.16461184230113,2.134384787518413,1729814223.1695995
4.2479220285132735,42.47922028513273,2.1450526896412017,1729814223.1795924
4.279539961623483,42.79539961623483,2.155763267143187,1729814223.189634
4.31131561035797,43.1131561035797,2.1665165807227966,1729814223.1996589
4.343249602387561,43.432496023875615,2.1773126899433235,1729814223.2096932
4.37534256623983,43.7534256623983,2.188151653219129,1729814223.2195747
4.40759513128204,44.0759513128204,2.199033527801771,1729814223.2295933
4.440007927703888,44.400079277038884,2.209958369766116,1729814223.2395756
4.472581586500043,44.72581586500043,2.2209262339963853,1729814223.2495637
4.505316739452474,45.05316739452474,2.231937174172187,1729814223.2596595
4.538214019112582,45.38214019112581,2.2429912427544982,1729814223.2697628
4.571274058783115,45.71274058783115,2.2540884909716086,1729814223.2797682
4.604497492499887,46.044974924998876,2.2652289688050082,1729814223.2896976
4.637884955013282,46.37884955013283,2.27641272497529,1729814223.29958
4.671437081769553,46.71437081769553,2.2876398069279693,1729814223.3097606
4.705154508891911,47.05154508891911,2.2989102608192997,1729814223.3196204
4.739037873161412,47.39037873161412,2.310224131502034,1729814223.3296177
4.773087811997625,47.73087811997625,2.321581462511194,1729814223.339618
4.8073049634390985,48.07304963439098,2.33298229604977,1729814223.3497005
4.841689966123612,48.416899661236116,2.3444266729744125,1729814223.3597188
4.876243459268223,48.76243459268223,2.355914632781116,1729814223.3696787
4.910966082649096,49.10966082649096,2.367446213590841,1729814223.379622
4.945858476581126,49.45858476581126,2.3790214521351523,1729814223.3897557
4.980921281897352,49.80921281897352,2.390640383741805,1729814223.3997211
5.016155139928152,50.16155139928152,2.4023030423203453,1729814223.40964
5.0515606924802325,50.51560692480233,2.414009460347648,1729814223.4195795
5.087138581815406,50.87138581815406,2.4257596688535026,1729814223.4295747
5.1228894506291525,51.228894506291525,2.437553697406101,1729814223.4398477
5.15881394202897,51.5881394202897,2.4493915740976053,1729814223.4496934
5.194912699512515,51.94912699512515,2.461273325529641,1729814223.4597876
5.23118636694553,52.3118636694553,2.473198976798791,1729814223.4696062
5.2676355885395525,52.67635588539552,2.485168551482113,1729814223.4796107
5.304261008829419,53.0426100882942,2.4971820716226043,1729814223.4896278
5.341063272650554,53.41063272650554,2.509239557714726,1729814223.4995954
5.37804302511604,53.780430251160396,2.5213410286898617,1729814223.5096395
5.415200911593483,54.15200911593483,2.5334865019017982,1729814223.5198715
5.452537577681662,54.52537577681662,2.545675993112244,1729814223.5296085
5.490053669186965,54.90053669186965,2.557909516476296,1729814223.5396674
5.5277498320996115,55.277498320996116,2.5701870845279506,1729814223.5497203
5.565626712569664,55.65626712569664,2.5825087081656113,1729814223.5596416
5.603684956882828,56.03684956882829,2.5948743966375964,1729814223.5696342
5.64192521143604,56.4192521143604,2.6072841575276735,1729814223.5796556
5.680348122712835,56.80348122712835,2.619737996740608,1729814223.5897744
5.718954337258519,57.18954337258519,2.632235918487704,1729814223.5996633
5.757744501655112,57.57744501655112,2.644777925272413,1729814223.6096876
5.796719262496092,57.967192624960916,2.6573640178758877,1729814223.6196134
5.835879266360924,58.358792663609236,2.6699941953426443,1729814223.6297467
5.875225159789376,58.75225159789376,2.682668454966173,1729814223.6397004
5.914757589255631,59.147575892556304,2.6953867922746424,1729814223.6496737
5.95447720114218,59.5447720114218,2.7081492010165586,1729814223.6597176
5.994384641713518,59.94384641713518,2.720955673146536,1729814223.669628
6.03448055708962,60.3448055708962,2.7338061988110356,1729814223.6798441
6.0747655932192135,60.74765593219213,2.74670076633417,1729814223.6897123
6.115240395852845,61.152403958528446,2.759639362203557,1729814223.699613
6.155905610515735,61.559056105157346,2.7726219710561786,1729814223.7097013
6.1967618824804305,61.967618824804305,2.7856485756643057,1729814223.719716
6.237809856739251,62.378098567392506,2.7987191569214813,1729814223.7296793
6.279050177976525,62.79050177976525,2.8118336938285067,1729814223.7396147
6.32048349054063,63.2048349054063,2.824992163479534,1729814223.750234
6.3621104384158205,63.6211043841582,2.838194541048148,1729814223.7597153
6.40393166519386,64.0393166519386,2.8514407997735836,1729814223.770012
6.445947814045445,64.45947814045445,2.8647309109468937,1729814223.7796607
6.488159527691433,64.88159527691434,2.8780648438972882,1729814223.7899501
6.53056744837387,65.3056744837387,2.891442565978468,1729814223.7996218
6.573172217826811,65.73172217826811,2.9048640425550163,1729814223.8097095
6.615974477246956,66.15974477246957,2.9183292369889147,1729814223.8197079
6.658974867264075,66.58974867264075,2.931838110626072,1729814223.8296456
6.702174027911246,67.02174027911246,2.9453906227829627,1729814223.8400817
6.745572598594892,67.45572598594892,2.9589867307333044,1729814223.8497648
6.78917121806463,67.8917121806463,2.972626389694864,1729814223.8598151
6.832970524382921,68.32970524382921,2.986309552816288,1729814223.8698437
6.876971154894533,68.76971154894532,3.0000361711640693,1729814223.8796813
6.921173746195812,69.21173746195812,3.0138061937095433,1729814223.8897345
6.965578934103767,69.65578934103766,3.02761956731603,1729814223.8997629
7.010187353624956,70.10187353624956,3.041476236726016,1729814223.9100878
7.054999638924206,70.54999638924205,3.055376144548487,1729814223.9196644
7.100016423293125,71.00016423293125,3.069319231246279,1729814223.9296262
7.145238339118452,71.45238339118453,3.0833054351236253,1729814223.9397657
7.1906660178502095,71.9066601785021,3.0973346923137104,1729814223.95026
7.236300089969681,72.36300089969681,3.1114069367664,1729814223.9596424
7.282141184957213,72.82141184957213,3.1255221002360543,1729814223.9696884
7.3281899312598355,73.28189931259836,3.139680112269418,1729814223.979648
7.374446956258707,73.74446956258707,3.15388090019371,1729814223.9896903
7.420912886236389,74.20912886236388,3.1681243891047286,1729814223.999714
7.467588346343947,74.67588346343948,3.182410501855144,1729814224.0096657
7.514473960567882,75.14473960567882,3.1967391590428873,1729814224.0199854
7.561570351696886,75.61570351696886,3.211110278999688,1729814224.029698
7.608878141288447,76.08878141288447,3.2255237777796895,1729814224.0397134
7.656397949635274,76.56397949635274,3.239979569148253,1729814224.0496192
7.704130395731565,77.04130395731565,3.254477564570867,1729814224.059783
7.75207609723912,77.5207609723912,3.2690176732021827,1729814224.0699005
7.800235670453283,78.00235670453283,3.2835998018752246,1729814224.0796678
7.848609730268742,78.48609730268743,3.2982238550907006,1729814224.0896592
7.897198890145162,78.97198890145162,3.3128897350065145,1729814224.099727
7.9460037620726744,79.46003762072675,3.327597341427343,1729814224.1096816
7.995024956537212,79.95024956537212,3.3423465717944643,1729814224.119668
8.044263082485699,80.44263082485699,3.35713732117566,1729814224.1297164
8.093718747291094,80.93718747291094,3.3719694822553326,1729814224.1396444
8.143392556717288,81.43392556717288,3.386842945324725,1729814224.149885
8.193285114883869,81.9328511488387,3.401757598272372,1729814224.1596646
8.243397024230742,82.43397024230742,3.4167133265746568,1729814224.1700156
8.293728885482611,82.93728885482611,3.4317100132865876,1729814224.179741
8.344281297613342,83.44281297613342,3.446747539032697,1729814224.1896982
8.395054857810175,83.95054857810175,3.4618257819981784,1729814224.1995916
8.446050161437824,84.46050161437824,3.476944617920128,1729814224.210235
8.497267802002447,84.97267802002447,3.4921039200790425,1729814224.2195556
8.548708371115493,85.48708371115494,3.5073035592904533,1729814224.2295935
8.600372458457425,86.00372458457426,3.522543403896753,1729814224.2397044
8.652260651741338,86.52260651741338,3.5378233197592435,1729814224.2496185
8.70437353667645,87.0437353667645,3.553143170250343,1729814224.2596412
8.756711696931484,87.56711696931484,3.568502816246008,1729814224.2698352
8.809275714097957,88.09275714097957,3.583902116118354,1729814224.2796013
8.862066167653339,88.62066167653339,3.5993409257284785,1729814224.2897308
8.915083634924128,89.15083634924129,3.614819098419482,1729814224.2996936
8.968328691048821,89.68328691048822,3.63033648500972,1729814224.3097222
9.021801908940784,90.21801908940785,3.645892933786235,1729814224.3198185
9.075503859251038,90.75503859251037,3.66148829049843,1729814224.3295946
9.129435110330947,91.29435110330947,3.677122398351954,1729814224.339674
9.183596228194824,91.83596228194824,3.692795098002798,1729814224.3501668
9.237987776482456,92.37987776482456,3.7085062275516343,1729814224.359707
9.29261031642154,92.92610316421539,3.724255622538351,1729814224.3695948
9.347464406790051,93.47464406790051,3.7400431159368637,1729814224.3796065
9.402550603878536,94.02550603878537,3.7558685381501054,1729814224.3896146
9.457869461452338,94.57869461452339,3.7717317170053004,1729814224.3995757
9.513421530713746,95.13421530713745,3.787632477749445,1729814224.4096045
9.569207360264095,95.69207360264095,3.803570643045048,1729814224.4195745
9.625227496065799,96.25227496065799,3.8195460329661,1729814224.4296458
9.68148248140433,96.8148248140433,3.835558464994296,1729814224.4397
9.73797285685015,97.37972856850149,3.8516077540155225,1729814224.449665
9.794699160220583,97.94699160220583,3.867693712316579,1729814224.459656
9.85166192654166,98.5166192654166,3.883816149582157,1729814224.46956
9.908861688009905,99.08861688009905,3.8999748728920753,1729814224.4795706
9.966298973954103,99.66298973954103,3.916169686718809,1729814224.4896436
10.02397431079702,100.23974310797018,3.932400392925219,1729814224.4996831
10.081888222017097,100.81888222017098,3.9486667907626023,1729814224.5096571
10.140041228110132,101.40041228110132,3.9649686768690096,1729814224.5197494
10.198433846550921,101.98433846550921,3.9813058452677845,1729814224.5296376
10.2570665917549,102.570665917549,3.9976780873664346,1729814224.539638
10.315939975039756,103.15939975039755,4.014085191955745,1729814224.5496004
10.375054504587055,103.75054504587055,4.030526945209199,1729814224.559747
10.434410685403838,104.34410685403839,4.047003130682636,1729814224.5695765
10.494009019284231,104.94009019284232,4.063513529314245,1729814224.5796978
10.553850004771059,105.53850004771058,4.080057919424819,1729814224.589707
10.613934137117463,106.13934137117462,4.0966360767182834,1729814224.5996866
10.674261908248532,106.74261908248532,4.113247774282558,1729814224.609629
10.734833806722955,107.34833806722955,4.129892782590676,1729814224.6196017
10.795650317694683,107.95650317694682,4.146570869502225,1729814224.6295679
10.85671192287463,108.56711922874631,4.163281800265052,1729814224.6399872
10.918019100492396,109.18019100492396,4.180025337517323,1729814224.649752
10.97957232525802,109.7957232525802,4.196801241289823,1729814224.6596527
11.04137206832379,110.4137206832379,4.213609269008619,1729814224.6698499
11.103418797246066,111.03418797246066,4.230449175498002,1729814224.6798394
11.165712975947184,111.65712975947184,4.24732071298372,1729814224.6896763
11.228255064677388,112.28255064677387,4.264223631096575,1729814224.699641
11.291045519976828,112.91045519976828,4.281157676876277,1729814224.7096715
11.354084794637625,113.54084794637626,4.298122594775662,1729814224.7195733
11.417373337665985,114.17373337665985,4.315118126665181,1729814224.7295656
11.480911594244406,114.80911594244405,4.332144011837757,1729814224.7397559
11.544700005693942,115.44700005693942,4.34919998701392,1729814224.7497046
11.608739009436562,116.08739009436562,4.366285786347303,1729814224.7596316
11.67302903895758,116.7302903895758,4.383401141430426,1729814224.7698321
11.737570523768184,117.37570523768184,4.400545781300831,1729814224.7797296
11.802363889368063,118.02363889368064,4.417719432447543,1729814224.7897453
11.86740955720812,118.6740955720812,4.43492181881785,1729814224.7997835
11.9327079446533,119.327079446533,4.452152661824421,1729814224.8098018
11.99825946494553,119.98259464945531,4.469411680352763,1729814224.8198473
12.064064527166762,120.64064527166762,4.486698590768995,1729814224.82965
12.130123536202142,121.30123536202142,4.504013106927974,1729814224.8397052
12.196436892703305,121.96436892703305,4.521354940181749,1729814224.8496022
12.263004993051794,122.63004993051794,4.538723799388352,1729814224.8597455
12.329828229322615,123.29828229322615,4.556119390920945,1729814224.8697975
12.39690698924793,123.9690698924793,4.573541418677272,1729814224.8796117
12.464241656180894,124.64241656180894,4.590989584089491,1729814224.889625
12.53183260905965,125.3183260905965,4.608463586134327,1729814224.8996806
12.59968022237146,125.9968022237146,4.6259631213435695,1729814224.9096625
12.667784866117007,126.67784866117006,4.643487883814919,1729814224.919623
12.736146905774865,127.36146905774865,4.661037565223175,1729814224.9296
12.804766702266125,128.04766702266124,4.678611854831783,1729814224.9396799
12.87364461191921,128.7364461191921,4.6962104395047,1729814224.9497142
12.94278098643485,129.4278098643485,4.713833003718633,1729814224.9597957
13.012176172851266,130.12176172851267,4.73147922957562,1729814224.9700327
13.081830513509527,130.81830513509527,4.7491487968159385,1729814224.9796255
13.1517443460191,131.517443460191,4.766841382831403,1729814224.9896066
13.221918003223614,132.21918003223612,4.784556662678967,1729814224.9997814
13.292351813166814,132.92351813166815,4.802294309094706,1729814225.0098073
13.363046099058733,133.63046099058732,4.820053992508144,1729814225.0198746
13.434001179242081,134.3400117924208,4.837835381056899,1729814225.029814
13.505217367158844,135.05217367158843,4.8556381406017355,1729814225.0397604
13.576694971317123,135.76694971317121,4.873461934741921,1729814225.0496356
13.648434295258191,136.48434295258193,4.891306424830936,1729814225.059647
13.72043563752379,137.2043563752379,4.909171269992565,1729814225.0697765
13.792699291623675,137.92699291623674,4.927056127137292,1729814225.0796614
13.86522554600339,138.6522554600339,4.944960650979092,1729814225.0897026
13.93801468401231,139.3801468401231,4.9628844940525285,1729814225.0996828
14.011066983871931,140.1106698387193,4.980827306730229,1729814225.1096575
14.084382718644418,140.84382718644417,4.998788737240688,1729814225.1196134
14.157962156201434,141.57962156201432,5.016768431686442,1729814225.129682
14.23180555919322,142.3180555919322,5.034766034062555,1729814225.1396582
14.305913185017966,143.05913185017965,5.052781186275489,1729814225.1497371
14.380285285791464,143.80285285791464,5.070813528162288,1729814225.1596296
14.454922108317035,144.54922108317035,5.088862697510121,1729814225.169822
14.529823894055763,145.29823894055764,5.106928330076179,1729814225.179619
14.604990879097015,146.04990879097014,5.125010059607874,1729814225.189685
14.680423294129263,146.80423294129264,5.143107517863426,1729814225.1996648
14.756121364411221,147.56121364411223,5.161220334632767,1729814225.2097137
14.832085309743288,148.3208530974329,5.179348137758774,1729814225.2195807
14.908315344439304,149.08315344439305,5.197490553158863,1729814225.2296634
14.984811677298632,149.84811677298632,5.2156472048468965,1729814225.2398245
15.061574511578568,150.61574511578567,5.233817714955446,1729814225.2497127
15.138604044967082,151.38604044967082,5.252001703758351,1729814225.2595658
15.215900469555882,152.15900469555882,5.270198789693664,1729814225.269682
15.293463971813843,152.93463971813844,5.288408589386868,1729814225.2797048
15.37129473256076,153.7129473256076,5.306630717674464,1729814225.2896688
15.44939292694146,154.4939292694146,5.324864787627843,1729814225.2996244
15.527758724400277,155.27758724400277,5.343110410577532,1729814225.3096573
15.60639228865587,156.06392288655871,5.361367196137714,1729814225.3195467
15.685293777676417,156.85293777676418,5.3796347522310874,1729814225.3296664
15.76446334365518,157.6446334365518,5.397912685114048,1729814225.3396919
15.843901132986431,158.43901132986431,5.416200599402164,1729814225.3496532
15.923607286241776,159.23607286241776,5.434498098095995,1729814225.359738
16.00358193814684,160.0358193814684,5.452804782607181,1729814225.3695948
16.08382521755836,160.8382521755836,5.471120252784876,1729814225.3795881
16.164337247441654,161.64337247441654,5.489444106942455,1729814225.389684
16.245118144848494,162.45118144848493,5.5077759418845424,1729814225.3995805
16.326168020895377,163.26168020895378,5.52611535293433,1729814225.4096482
16.407486980742206,164.07486980742206,5.544461933961192,1729814225.4196372
16.489075123571375,164.89075123571376,5.562815277408591,1729814225.42966
16.570932542567267,165.70932542567266,5.581174974322283,1729814225.4397423
16.653059324896176,166.53059324896176,5.59954061437879,1729814225.4497614
16.735455551686645,167.35455551686644,5.617911785914181,1729814225.4596639
16.818121298010226,168.18121298010226,5.636288075953102,1729814225.469693
16.901056632862687,169.01056632862688,5.654669070238114,1729814225.4796822
16.984261619145634,169.84261619145633,5.673054353259283,1729814225.489615
17.067736313648584,170.67736313648584,5.6914435082840376,1729814225.499668
17.15148076703147,171.5148076703147,5.709836117387327,1729814225.509706
17.235495023807598,172.354950238076,5.72823176148198,1729814225.5196202
17.319779122327056,173.19779122327054,5.746630020349381,1729814225.5295973
17.40433309476057,174.0433309476057,5.765030472670368,1729814225.5397243
17.489156967083822,174.89156967083824,5.783432696056401,1729814225.5497541
17.574250759062217,175.74250759062215,5.801836267080945,1729814225.5596647
17.65961448423614,176.5961448423614,5.8202407613111315,1729814225.5702584
17.745248149906647,177.45248149906647,5.838645753339655,1729814225.5796437
17.831151757121656,178.31151757121657,5.85705081681686,1729814225.5896673
17.917325300662593,179.17325300662594,5.875455524483125,1729814225.5995762
18.003768769031527,180.03768769031527,5.893859448201414,1729814225.6096938
18.090482144438788,180.9048214443879,5.912262158990084,1729814225.6198764
18.17746540279105,181.77465402791051,5.930663227055905,1729814225.6297123
18.264718513679924,182.64718513679924,5.949062221827262,1729814225.6400082
18.35224144037103,183.52241440371031,5.967458711987615,1729814225.6497214
18.440034139793575,184.40034139793573,5.985852265509123,1729814225.659718
18.52809656253039,185.2809656253039,6.004242449686477,1729814225.669763
18.616428652808526,186.16428652808526,6.022628831170936,1729814225.6796715
18.705030348490293,187.05030348490294,6.041010976004529,1729814225.6896286
18.79390158106484,187.9390158106484,6.0593884496544765,1729814225.6997058
18.883042275640236,188.83042275640236,6.077760817047749,1729814225.7099938
18.97245235093604,189.7245235093604,6.096127642605833,1729814225.7196388
19.062131719276426,190.62131719276425,6.114488490279644,1729814225.7297244
19.152080286583764,191.52080286583765,6.132842923584621,1729814225.7397754
19.242297952372777,192.42297952372778,6.151190505635956,1729814225.7497065
19.33278460974517,193.3278460974517,6.169530799183996,1729814225.759672
19.42354014538481,194.23540145384808,6.187863366649788,1729814225.769877
19.514564439553425,195.14564439553425,6.2061877701607555,1729814225.7797546
19.605857366086813,196.05857366086812,6.2245035715865376,1729814225.7897358
19.697418792391588,196.97418792391588,6.2428103325749165,1729814225.7996924
19.789248579442464,197.89248579442466,6.261107614587918,1729814225.8098524
19.881346581780054,198.81346581780053,6.279394978937998,1729814225.8196912
19.97371264750921,199.7371264750921,6.297671986824358,1729814225.8297033
20.0663466182979,200.663466182979,6.3159381993693735,1729814225.8398144
20.159248329376613,201.59248329376612,6.334193177655103,1729814225.8496392
20.25241760953831,202.5241760953831,6.352436482759932,1729814225.8597207
20.345854281138894,203.45854281138895,6.3706676757952705,1729814225.8697157
20.439558160098258,204.39558160098258,6.388886317942354,1729814225.8795946
20.53352905590183,205.3352905590183,6.407091970489129,1729814225.8896358
20.62776677160269,206.2776677160269,6.4252841948672055,1729814225.8996432
20.722271103824212,207.22271103824212,6.443462552688879,1729814225.9100037
20.817041842763267,208.17041842763268,6.4616266057842,1729814225.9197352
20.912078772193958,209.12078772193956,6.479775916238133,1729814225.9297101
21.0073816694719,210.073816694719,6.497910046427736,1729814225.9396198
21.102950305539057,211.02950305539056,6.516028559059401,1729814225.9498637
21.198784444929114,211.98784444929115,6.534131017206106,1729814225.9596944
21.294883845773402,212.948838457734,6.552216984344745,1729814225.969857
21.391248259807373,213.91248259807372,6.57028602439343,1729814225.9795663
21.487877432377612,214.87877432377613,6.5883377017488645,1729814225.9896271
21.584771102449412,215.84771102449412,6.606371581323686,1729814225.999548
21.681929002614883,216.81929002614882,6.624387228583838,1729814226.0096831
21.779350859101616,217.79350859101615,6.642384209585946,1729814226.0197453
21.8770363917819,218.770363917819,6.660362091014675,1729814226.0296888
21.974985314182476,219.74985314182476,6.678320440220086,1729814226.0397987
22.073197333494843,220.73197333494844,6.696258825254962,1729814226.0496354
22.171672150586115,221.71672150586116,6.714176814912135,1729814226.059805
22.27040946001042,222.7040946001042,6.732073978761743,1729814226.06987
22.369408950020848,223.69408950020846,6.749949887188495,1729814226.0796006
22.46867030258194,224.6867030258194,6.767804111428856,1729814226.0895598
22.568193193382736,225.68193193382737,6.785636223608213,1729814226.0998018
22.667977291850338,226.67977291850337,6.803445796777953,1729814226.109744
22.768022261164056,227.68022261164054,6.821232404952508,1729814226.1196213
22.868327758270055,228.68327758270055,6.838995623146322,1729814226.1295745
22.968893433896582,229.68893433896582,6.85673502741074,1729814226.139648
23.069718932569693,230.6971893256969,6.874450194870813,1729814226.1499553
23.17080389262956,231.70803892629561,6.89214070376203,1729814226.1596544
23.27214794624728,232.72147946247281,6.9098061334669545,1729814226.169555
23.373750719442242,233.73750719442242,6.927446064551734,1729814226.1796148
23.475611832100014,234.75611832100014,6.945060078802551,1729814226.1895914
23.577730897990783,235.77730897990784,6.962647759261924,1729814226.1996832
23.68010752478829,236.80107524788292,6.9802086902649085,1729814226.2096827
23.782741314089343,237.82741314089344,6.997742457475163,1729814226.219572
23.885631861433804,238.85631861433805,7.0152486479209,1729814226.2295914
23.98877875632515,239.8877875632515,7.032726850030685,1729814226.2405682
24.09218158225152,240.9218158225152,7.050176653669101,1729814226.2496035
24.195839916707303,241.95839916707303,7.067597650172268,1729814226.259691
24.29975333121524,242.9975333121524,7.084989432383186,1729814226.269702
24.403921391349034,244.03921391349033,7.102351594686961,1729814226.2797585
24.508343656756498,245.08343656756497,7.1196837330458065,1729814226.289781
24.61301968118318,246.13019681183178,7.136985445033928,1729814226.2997353
24.717949012496515,247.17949012496516,7.154256329872191,1729814226.3098774
24.8231311927105,248.23131192710497,7.171495988462618,1729814226.3196454
24.928565758010834,249.28565758010834,7.188704023422693,1729814226.3296382
25.03425223878059,250.3425223878059,7.205880039119484,1729814226.339709
25.14019015962636,251.4019015962636,7.22302364170353,1729814226.350235
25.246379039404932,252.4637903940493,7.240134439142553,1729814226.3596754
25.352818391250405,253.52818391250406,7.257212041254946,1729814226.3696046
25.45950772260184,254.5950772260184,7.274256059743036,1729814226.3796816
25.566446535231357,255.66446535231358,7.291266108226122,1729814226.3895912
25.673634325272758,256.7363432527276,7.308241802273294,1729814226.399618
25.781070583250578,257.8107058325058,7.325182759436006,1729814226.4097283
25.888754794109644,258.88754794109644,7.342088599280418,1729814226.4196637
25.996686437245096,259.96686437245097,7.358958943419468,1729814226.4296644
26.104864986532867,261.0486498653287,7.375793415544729,1729814226.439661
26.21328991036064,262.1328991036064,7.39259164145797,1729814226.4495893
26.32196067165925,263.2196067165925,7.409353249102481,1729814226.459714
26.43087672793456,264.3087672793456,7.4260778685941276,1729814226.469671
26.540037531299763,265.40037531299765,7.442765132252112,1729814226.4797533
26.64944252850815,266.4944252850815,7.459414674629486,1729814226.4896474
26.759091160986323,267.5909116098632,7.476026132543359,1729814226.499595
26.86898286486783,268.6898286486783,7.49259914510482,1729814226.5097566
26.979117071027257,269.7911707102726,7.509133353748589,1729814226.51972
27.089493205114717,270.8949320511472,7.525628402262335,1729814226.5296147
27.20011068759081,272.00110687590814,7.542083936815723,1729814226.539686
27.310968933761973,273.1096893376197,7.558499605989137,1729814226.5496125
27.42206735381624,274.2206735381624,7.574875060802108,1729814226.5596912
27.533405352859443,275.33405352859444,7.591209954741395,1729814226.5703626
27.64498233095181,276.4498233095181,7.607503943788786,1729814226.5796795
27.756797683144942,277.5679768314494,7.623756686448535,1729814226.589656
27.86885079951923,278.6885079951923,7.639967843774506,1729814226.599645
27.98114106522162,279.8114106522162,7.6561370793969585,1729814226.609698
28.093667860503807,280.9366786050381,7.672264059548995,1729814226.6196926
28.206430560760783,282.0643056076078,7.688348453092696,1729814226.6296709
28.31942853656977,283.1942853656977,7.704389931544871,1729814226.639834
28.432661153729544,284.32661153729543,7.720388169102489,1729814226.6496713
28.5461277733001,285.461277733001,7.736342842667738,1729814226.659707
28.659827751642688,286.5982775164269,7.752253631872742,1729814226.6696267
28.77376044046022,287.73760440460217,7.768120219103907,1729814226.6795883
28.887925186838007,288.8792518683801,7.783942289525902,1729814226.6897044
29.00232133328487,290.0232133328487,7.7997195311052865,1729814226.6996894
29.116948217774553,291.1694821777455,7.815451634633752,1729814226.7096324
29.23180517378751,292.3180517378751,7.8311382937509935,1729814226.7196286
29.346891530353002,293.46891530353,7.8467792049672065,1729814226.7296414
29.46220661209152,294.6220661209152,7.862374067685203,1729814226.7397118
29.57774973925753,295.7774973925753,7.877922584222137,1729814226.7501154
29.693520227782532,296.93520227782534,7.8934244598308565,1729814226.7598102
29.80951738931842,298.0951738931842,7.908879402720856,1729814226.769585
29.925740531281146,299.25740531281144,7.924287124078834,1729814226.779618
30.042188956894694,300.42188956894694,7.939647338088868,1729814226.7897167
30.158861965235317,301.58861965235315,7.9549597619521775,1729814226.7997413
30.275758851276084,302.75758851276083,7.970224115906505,1729814226.8097272
30.39287890593168,303.92878905931684,7.985440123245073,1729814226.8197002
30.510221416103516,305.10221416103514,8.000607510335156,1729814226.829622
30.627785664725046,306.2778566472505,8.01572600663623,1729814226.839617
30.745570930807418,307.4557093080742,8.03079534471772,1729814226.8496146
30.86357648948531,308.6357648948531,8.045815260276347,1729814226.8596458
30.981801612063073,309.8180161206307,8.06078549215304,1729814226.8696308
31.10024556606106,311.00245566061056,8.075705782349445,1729814226.8796046
31.218907615262232,312.1890761526223,8.09057587604403,1729814226.889735
31.337787019758995,313.37787019758997,8.105395521607733,1729814226.89964
31.456883036000228,314.56883036000227,8.120164470619251,1729814226.9096737
31.57619491683855,315.7619491683855,8.134882477879842,1729814226.9196644
31.6957219115778,316.957219115778,8.149549301427752,1729814226.9296799
31.81546326602072,318.1546326602072,8.164164702552196,1729814226.9397929
31.935418222516837,319.35418222516836,8.178728445806916,1729814226.9497218
32.05558602001052,320.55586020010526,8.19324029902333,1729814226.959714
32.175965894089266,321.7596589408927,8.207700033323224,1729814226.9701457
32.296557077032105,322.96557077032105,8.222107423131042,1729814226.9796627
32.417358797858235,324.17358797858236,8.236462246185734,1729814226.9898067
32.53837028237581,325.3837028237581,8.25076428355218,1729814226.9996736
32.65959075323086,326.5959075323086,8.265013319632178,1729814227.0097103
32.781019429956395,327.81019429956393,8.279209142175016,1729814227.0195768
32.902655529021665,329.02655529021666,8.29335154228759,1729814227.0296085
33.024498263881526,330.24498263881526,8.307440314444113,1729814227.0396495
33.146546845025966,331.46546845025966,8.321475256495376,1729814227.049593
33.268800480029775,332.68800480029773,8.335456169677586,1729814227.059718
33.391258373602305,333.91258373602307,8.349382858620782,1729814227.0699103
33.51391972763738,335.1391972763738,8.363255131356789,1729814227.0796597
33.636783741263265,336.36783741263264,8.37707279932677,1729814227.0897496
33.759849610892815,337.59849610892815,8.39083567738834,1729814227.0996392
33.88311653027366,338.8311653027366,8.404543583822244,1729814227.1097476
34.006583690538505,340.065836905385,8.418196340338598,1729814227.1200502
34.13025028025551,341.30250280255507,8.431793772082715,1729814227.1296637
34.25411548547876,342.54115485478764,8.445335707640501,1729814227.1397626
34.3781784897988,343.781784897988,8.458821979043401,1729814227.1503248
34.502438474393216,345.02438474393216,8.472252421772954,1729814227.1595533
34.62689461807733,346.2689461807733,8.485626874764877,1729814227.1695998
34.75154609735489,347.5154609735489,8.498945180412761,1729814227.1796587
34.87639208646884,348.76392086468843,8.512207184571324,1729814227.1895852
35.00143175745213,350.01431757452133,8.52541273655924,1729814227.1996174
35.12666428017856,351.26664280178557,8.538561689161549,1729814227.2096405
35.25208882241362,352.5208882241362,8.55165389863165,1729814227.2196958
35.37770454986542,353.7770454986542,8.564689224692865,1729814227.2296822
35.50351062623559,355.0351062623559,8.577667530539586,1729814227.239642
35.62950621327017,356.2950621327017,8.590588682838012,1729814227.2497802
35.75569047081058,357.5569047081058,8.603452551726473,1729814227.2596896
35.8820625568445,358.82062556844505,8.61625901081532,1729814227.269616
36.008621627556835,360.08621627556835,8.629007937186428,1729814227.2796035
36.13536683738056,361.3536683738056,8.641699211392275,1729814227.2895844
36.26229733904765,362.6229733904765,8.654332717454617,1729814227.2996278
36.38941228363991,363.8941228363991,8.666908342862756,1729814227.3096871
36.51671082063983,365.1671082063983,8.67942597857141,1729814227.319658
36.64419209798132,366.4419209798132,8.691885518998166,1729814227.3296824
36.771855262100516,367.7185526210052,8.704286862020552,1729814227.339677
36.89969945798644,368.99699457986446,8.7166299089727,1729814227.3497198
37.027723829231675,370.2772382923167,8.728914564641622,1729814227.3596342
37.15592751808289,371.5592751808289,8.741140737263084,1729814227.369619
37.28430966549142,372.84309665491423,8.7533083385171,1729814227.3796618
37.41286941116367,374.1286941116367,8.76541728352303,1729814227.3896723
37.54160589361149,375.4160589361149,8.777467490834312,1729814227.399623
37.67051825020246,376.7051825020246,8.789458882432777,1729814227.4096675
37.799605617210105,377.996056172101,8.801391383722624,1729814227.4196658
37.92886712986395,379.28867129863954,8.813264923523997,1729814227.4296057
38.05830192239957,380.58301922399573,8.82507943406619,1729814227.4399462
38.187909128108444,381.87909128108447,8.836834850980487,1729814227.4496427
38.317687879387776,383.1768787938778,8.848531113292635,1729814227.459682
38.44763730779013,384.4763730779013,8.860168163414949,1729814227.4695914
38.57775654407302,385.7775654407302,8.871745947138054,1729814227.4797487
38.708044718248296,387.08044718248294,8.883264413622287,1729814227.4896884
38.838500959631446,388.3850095963145,8.89472351538871,1729814227.499732
38.96912439689076,389.69124396890766,8.906123208309813,1729814227.509702
39.09991415809634,390.9991415809634,8.917463451599835,1729814227.519636
39.23086937076895,392.3086937076895,8.928744207804758,1729814227.5296717
39.36198916192875,393.6198916192875,8.939965442791964,1729814227.5396168
39.49327265814383,394.9327265814383,8.951127125739536,1729814227.549815
39.62471898557864,396.24718985578636,8.962229229125242,1729814227.5596704
39.756327270042185,397.56327270042186,8.973271728715185,1729814227.57007
39.8880966370361,398.88096637036097,8.98425460355212,1729814227.5796714
40.02002621180253,400.2002621180253,8.995177835943457,1729814227.5896595
40.15211511937183,401.5211511937183,9.006041411448939,1729814227.5996315
40.28436248461007,402.84362484610074,9.016845318868004,1729814227.6097386
40.41676743226638,404.16767432266386,9.027589550226846,1729814227.6197286
40.54932908702008,405.4932908702008,9.038274100765147,1729814227.6297247
40.68204657352757,406.8204657352757,9.048898968922533,1729814227.63978
40.81491901646914,408.1491901646914,9.059464156324701,1729814227.6496737
40.94794554059541,409.4794554059541,9.06996966776928,1729814227.6596234
41.0811252707737,410.81125270773697,9.080415511211374,1729814227.6696317
41.21445733203407,412.1445733203407,9.090801697748828,1729814227.6797652
41.347940849615256,413.4794084961526,9.101128241607219,1729814227.689589
41.48157494901025,414.8157494901025,9.111395160124546,1729814227.6996512
41.615358756011794,416.15358756011796,9.121602473735672,1729814227.710042
41.7492913967575,417.49291396757496,9.131750205956466,1729814227.7197685
41.88337199777484,418.8337199777484,9.141838383367697,1729814227.7295446
42.017599686025854,420.1759968602585,9.151867035598656,1729814227.7396297
42.15197358895161,421.51973588951614,9.161836195310528,1729814227.7496538
42.286492834516444,422.86492834516446,9.171745898179497,1729814227.7596838
42.42115655125188,424.21156551251886,9.18159618287961,1729814227.7696953
42.55596386830041,425.5596386830041,9.191387091065396,1729814227.7795925
42.69091391545889,426.90913915458896,9.201118667354226,1729814227.789638
42.826005823221784,428.26005823221783,9.210790959308465,1729814227.7998173
42.96123872282404,429.61238722824044,9.220404017417357,1729814227.809663
43.09661174628379,430.96611746283793,9.229957895078712,1729814227.8196547
43.23212402644472,432.3212402644472,9.23945264858035,1729814227.8295305
43.36777469701819,433.67774697018194,9.248888337081327,1729814227.8396642
43.503562892625055,435.0356289262505,9.258265022592946,1729814227.8496752
43.63948774883722,436.3948774883722,9.267582769959564,1729814227.8596573
43.77554840221892,437.7554840221892,9.276841646839182,1729814227.8696723
43.91174399036767,439.11743990367665,9.286041723683834,1729814227.879613
44.048073651954994,440.48073651954996,9.295183073719784,1729814227.889671
44.18453652676679,441.84536526766794,9.304265772927517,1729814227.8996587
44.32113175574344,443.21131755743437,9.31328990002156,1729814227.9097068
44.4578584810196,444.578584810196,9.322255536430093,1729814227.9196858
44.59471584596372,445.9471584596372,9.331162766274401,1729814227.929624
44.73170299521721,447.3170299521721,9.340011676348132,1729814227.9397354
44.86881907473337,448.68819074733375,9.348802356096396,1729814227.9497685
45.00606323181592,450.0606323181592,9.357534897594698,1729814227.9597
45.14343461515731,451.4343461515731,9.366209395527688,1729814227.9702303
45.280932374876635,452.80932374876636,9.374825947167775,1729814227.979638
45.41855566255731,454.1855566255731,9.383384652353573,1729814227.9897165
45.556303631284365,455.5630363128437,9.391885613468203,1729814227.9996595
45.69417543568145,456.9417543568145,9.400328935417443,1729814228.0096684
45.83217023194752,458.3217023194752,9.408714725607748,1729814228.019625
45.97028717789318,459.70287177893175,9.417043093924116,1729814228.0295863
46.1085254329767,461.085254329767,9.425314152707832,1729814228.039667
46.24688415833973,462.4688415833973,9.433528016734092,1729814228.0496335
46.38536251684267,463.8536251684267,9.44168480318948,1729814228.0596833
46.52395967309968,465.2395967309968,9.44978463164934,1729814228.0695646
46.66267479351341,466.6267479351341,9.457827624055039,1729814228.0796335
46.80150704630935,468.0150704630935,9.465813904691098,1729814228.0895765
46.940455601569845,469.40455601569846,9.473743600162233,1729814228.099626
47.079519631267836,470.79519631267834,9.481616839370288,1729814228.1096473
47.218698309300166,472.1869830930017,9.489433753491063,1729814228.1195743
47.357990811520594,473.57990811520597,9.497194475951062,1729814228.1295938
47.49739631577249,474.97396315772494,9.504899142404131,1729814228.139657
47.63691400192114,476.3691400192114,9.512547890708026,1729814228.1496704
47.77654305188572,477.76543051885716,9.520140860900892,1729814228.1597416
47.91628264967093,479.16282649670933,9.527678195177659,1729814228.169973
48.05613198139831,480.5613198139831,9.53516003786638,1729814228.1797059
48.196090235337124,481.96090235337124,9.542586535404475,1729814228.1895785
48.336156601935,483.36156601935,9.549957836314936,1729814228.1995602
48.47633027384815,484.76330273848146,9.557274091182443,1729814228.2097416
48.616610445971226,486.16610445971224,9.564535452629443,1729814228.220045
48.756996315466914,487.56996315466915,9.571742075292162,1729814228.2295887
48.89748708179507,488.9748708179507,9.578894115796574,1729814228.2400863
49.03808194674156,490.3808194674156,9.585991732734323,1729814228.249622
49.178780114446766,491.78780114446766,9.59303508663859,1729814228.2597399
49.31958079143366,493.19580791433657,9.600024339959942,1729814228.269632
49.4604831866356,494.604831866356,9.606959657042134,1729814228.2797186
49.601486511423744,496.0148651142374,9.613841204097872,1729814228.2895844
49.74258997963409,497.4258997963409,9.620669149184568,1729814228.2996342
49.88379280759418,498.8379280759418,9.627443662180053,1729814228.3096929
50.02509421414947,500.2509421414947,9.63416491475828,1729814228.3196056
50.16649342068926,501.66493420689255,9.64083308036501,1729814228.3295991
50.30798965117237,503.0798965117237,9.647448334193475,1729814228.339666
50.449582132152415,504.49582132152415,9.654010853160049,1729814228.3501227
50.59127009280268,505.9127009280268,9.66052081587989,1729814228.3596513
50.733052764940716,507.33052764940714,9.666978402642606,1729814228.369696
50.87492938305253,508.7492938305253,9.673383795387895,1729814228.3796191
51.01689918431643,510.1689918431643,9.679737177681215,1729814228.3896213
51.158961408626496,511.589614086265,9.686038734689438,1729814228.3996918
51.30111529861575,513.0111529861575,9.692288653156533,1729814228.4096308
51.443360099678884,514.4336009967889,9.698487121379252,1729814228.4196544
51.58569505999471,515.8569505999471,9.704634329182838,1729814228.4296076
51.72811943054821,517.2811943054821,9.710730467896761,1729814228.4396706
51.87063246515225,518.7063246515224,9.716775730330458,1729814228.449632
52.013233420468914,520.1323342046892,9.722770310749118,1729814228.4597957
52.15592155603052,521.5592155603052,9.728714404849494,1729814228.4696937
52.298696134260254,522.9869613426025,9.734608209735743,1729814228.479705
52.44155642049245,524.4155642049245,9.740451923895304,1729814228.4898217
52.58450168299254,525.8450168299254,9.746245747174813,1729814228.49956
52.72753119297662,527.2753119297662,9.75198988075607,1729814228.509688
52.87064422463071,528.7064422463071,9.75768452713204,1729814228.5195646
53.013840055129585,530.1384005512958,9.763329890082899,1729814228.5296662
53.157117964655356,531.5711796465536,9.76892617465215,1729814228.539564
53.30047723641561,533.0047723641561,9.774473587122767,1729814228.5500484
53.44391715666126,534.4391715666126,9.779972334993417,1729814228.5597034
53.587437014704015,535.8743701470402,9.785422626954725,1729814228.5695899
53.73103610293354,537.3103610293354,9.79082467286561,1729814228.5795324
53.874713716834194,538.747137168342,9.796178683729677,1729814228.5895846
54.01846915500154,540.1846915500154,9.80148487167169,1729814228.5996478
54.16230171915839,541.6230171915839,9.806743449914094,1729814228.6097627
54.306210714170604,543.0621071417061,9.811954632753622,1729814228.6197102
54.45019544806245,544.5019544806245,9.817118635537975,1729814228.6297703
54.594255232031735,545.9425523203173,9.822235674642574,1729814228.6396213
54.7383893804645,547.3838938046449,9.827305967447396,1729814228.6495285
54.88259721094943,548.8259721094943,9.83232973231388,1729814228.6596637
55.026878044291905,550.268780442919,9.837307188561935,1729814228.6695855
55.17123120452775,551.7123120452775,9.842238556447015,1729814228.6795921
55.315656018936565,553.1565601893657,9.847124057137288,1729814228.6896079
55.460151818054825,554.6015181805483,9.851963912690904,1729814228.699679
55.60471793568859,556.0471793568859,9.856758346033338,1729814228.7097015
55.74935370892589,557.4935370892589,9.861507580934843,1729814228.719781
55.89405847814877,558.9405847814877,9.866211841987989,1729814228.7295954
56.03883158704507,560.3883158704507,9.870871354585297,1729814228.7396898
56.18367238261977,561.8367238261977,9.87548634489699,1729814228.7498128
56.32858021520612,563.2858021520611,9.880057039848824,1729814228.7596982
56.47355443847637,564.7355443847637,9.884583667100035,1729814228.7697875
56.618594409452236,566.1859440945224,9.889066455021394,1729814228.7796173
56.763699488514966,567.6369948851496,9.89350563267336,1729814228.7896388
56.90886903941519,569.0886903941519,9.897901429784344,1729814228.7997034
57.05410242928235,570.5410242928235,9.902254076729086,1729814228.809662
57.19939902863392,571.9939902863392,9.906563804507147,1729814228.8196428
57.344758211384196,573.4475821138419,9.910830844721511,1729814228.829644
57.490179354852884,574.9017935485289,9.915055429557297,1729814228.8398368
57.6356618397733,576.356618397733,9.919237791760594,1729814228.849681
57.781205050300294,577.812050503003,9.923378164617418,1729814228.8596768
57.92680837401787,579.2680837401787,9.927476781932782,1729814228.8696604
58.07247120194648,580.7247120194647,9.931533878009885,1729814228.8796225
58.21819292855003,582.1819292855004,9.93554968762943,1729814228.8896706
58.3639729517426,583.6397295174261,9.939524446029065,1729814228.8996677
58.50981067289483,585.0981067289483,9.943458388882942,1729814228.9096744
58.655705496840014,586.5570549684002,9.947351752281408,1729814228.9195595
58.80165683187993,588.0165683187993,9.951204772710827,1729814228.929634
58.947664089790344,589.4766408979034,9.955017687033521,1729814228.9397068
59.09372668582623,590.9372668582623,9.958790732467845,1729814228.9496062
59.23984403872671,592.3984403872671,9.962524146568393,1729814228.9596992
59.38601557071967,593.8601557071967,9.966218167206339,1729814228.969655
59.53224070752617,595.3224070752617,9.969873032549907,1729814228.9796047
59.678518878364464,596.7851887836447,9.973488981044971,1729814228.9897592
59.82484951595381,598.248495159538,9.977066251395794,1729814228.999667
59.971232056517984,599.7123205651799,9.98060508254591,1729814229.0097225
60.11766593978851,601.176659397885,9.98410571365912,1729814229.019636
60.2641506090076,602.6415060900761,9.98756838410066,1729814229.0296514
60.41068551093085,604.1068551093085,9.99099333341846,1729814229.0397878
60.55727009582964,605.5727009582963,9.994380801324596,1729814229.0496705
60.70390381749326,607.0390381749327,9.997731027676831,1729814229.0597067
60.85058613323082,608.5058613323082,10.001044252460332,1729814229.0695722
60.997316503872796,609.973165038728,10.004320715769508,1729814229.079711
61.144094393772406,611.4409439377241,10.00756065779,1729814229.0896833
61.29091927080667,612.9091927080667,10.010764318780803,1729814229.0997412
61.43779060637723,614.3779060637722,10.01393193905654,1729814229.109875
61.58470787541091,615.8470787541091,10.017063758969874,1729814229.1196294
61.73167055636003,617.3167055636003,10.02016001889406,1729814229.129574
61.87867813120241,618.7867813120241,10.02322095920565,1729814229.1396577
62.025730085441225,620.2573008544123,10.026246820267337,1729814229.1496987
62.172825908104514,621.7282590810452,10.029237842410938,1729814229.1597004
62.31996509174449,623.199650917445,10.03219426592053,1729814229.1696181
62.4671471324366,624.671471324366,10.035116331015738,1729814229.1796699
62.614371529778325,626.1437152977833,10.038004277835139,1729814229.1896722
62.76163778688776,627.6163778688776,10.040858346419853,1729814229.1997583
62.90894541040195,629.0894541040195,10.043678776697249,1729814229.2100534
63.056293910474956,630.5629391047496,10.046465808464804,1729814229.2196915
63.203682800775766,632.0368280077577,10.04921968137412,1729814229.2297227
63.35111159848587,633.5111159848587,10.051940634915075,1729814229.2397065
63.498579824296705,634.985798242967,10.054628908400122,1729814229.2496138
63.64608700240678,636.4608700240678,10.057284740948742,1729814229.2596803
63.79363266051865,637.9363266051864,10.059908371472035,1729814229.270095
63.941216329835626,639.4121632983563,10.062500038657467,1729814229.2796824
64.08883754505828,640.8883754505828,10.06505998095375,1729814229.2896986
64.23649584438071,642.3649584438072,10.06758843655589,1729814229.299642
64.38419076948662,643.8419076948662,10.070085643390355,1729814229.3098788
64.53192186554516,645.3192186554516,10.072551839100411,1729814229.3199575
64.67968868120653,646.7968868120653,10.0749872610316,1729814229.3296678
64.82749076859746,648.2749076859745,10.07739214621735,1729814229.3396947
64.97532768331637,649.7532768331637,10.079766731364757,1729814229.3496733
65.1231989844284,651.231989844284,10.082111252840486,1729814229.3601463
65.27110423446022,652.7110423446022,10.084425946656836,1729814229.369688
65.41904299939465,654.1904299939465,10.086711048457945,1729814229.3797524
65.56701484866497,655.6701484866496,10.08896679350614,1729814229.389759
65.71501935514922,657.1501935514923,10.09119341666843,1729814229.3998497
65.86305609516417,658.6305609516417,10.093391152403147,1729814229.4096308
66.01112464845913,660.1112464845913,10.095560234746731,1729814229.4195426
66.15922459820958,661.5922459820957,10.097700897300662,1729814229.4296205
66.30735553101056,663.0735553101056,10.099813373218522,1729814229.439655
66.45551703686999,664.5551703686999,10.101897895193224,1729814229.449644
66.60370870920167,666.0370870920167,10.10395469544436,1729814229.4596694
66.75193014481815,667.5193014481815,10.105984005705707,1729814229.469657
66.90018094392347,669.0018094392348,10.10798605721287,1729814229.479667
67.04846071010564,670.4846071010564,10.109961080691065,1729814229.489618
67.19676905032898,671.9676905032898,10.111909306343048,1729814229.4997087
67.3451055749263,673.4510557492629,10.11383096383718,1729814229.5099106
67.49346989759084,674.9346989759084,10.115726282295636,1729814229.5196104
67.64186163536817,676.4186163536817,10.117595490282747,1729814229.5295608
67.79028040864777,677.9028040864778,10.119438815793494,1729814229.5396497
67.93872584115454,679.3872584115454,10.121256486242121,1729814229.5496504
68.08719755994011,680.8719755994011,10.12304872845091,1729814229.5597756
68.235695195374,682.35695195374,10.12481576863907,1729814229.5698092
68.38421838113464,683.8421838113464,10.12655783241178,1729814229.5796843
68.53276675420014,685.3276675420013,10.12827514474936,1729814229.589639
68.68133995483902,686.8133995483902,10.129967929996578,1729814229.5997036
68.82993762660072,688.2993762660072,10.131636411852094,1729814229.6096847
68.978559416306,689.78559416306,10.133280813358038,1729814229.6197002
69.1272049740371,691.272049740371,10.134901356889717,1729814229.629718
69.27587395312784,692.7587395312785,10.136498264145464,1729814229.6398318
69.42456601015357,694.2456601015357,10.13807175613661,1729814229.6495998
69.57328080492091,695.7328080492091,10.139622053177588,1729814229.659786
69.72201800045741,697.2201800045741,10.141149374876179,1729814229.6695936
69.87077726300103,698.7077726300104,10.142653940123871,1729814229.679642
70.0195582619895,700.195582619895,10.144135967086362,1729814229.6895888
70.16836067004954,701.6836067004954,10.14559567319418,1729814229.6995933
70.31718416298594,703.1718416298594,10.147033275133438,1729814229.7099285
70.46602841977051,704.6602841977051,10.148448988836714,1729814229.7197032
70.6148931225309,706.1489312253091,10.149843029474052,1729814229.7296524
70.76377795653927,707.6377795653927,10.151215611444098,1729814229.7397804
70.91268261020086,709.1268261020086,10.152566948365353,1729814229.7496517
71.06160677504242,710.6160677504242,10.153897253067546,1729814229.759672
71.21055014570054,712.1055014570054,10.155206737583145,1729814229.770036
71.35951241990976,713.5951241990977,10.156495613138972,1729814229.7796524
71.50849329849073,715.0849329849074,10.15776409014795,1729814229.789706
71.6574924853381,716.5749248533809,10.159012378200963,1729814229.7996728
71.80650968740832,718.0650968740832,10.160240686058845,1729814229.8096604
71.95554461470742,719.5554461470742,10.161449221644478,1729814229.8196547
72.10459698027854,721.0459698027854,10.162638192035011,1729814229.8296883
72.25366650018947,722.5366650018947,10.163807803454196,1729814229.83971
72.40275289351996,724.0275289351996,10.164958261264838,1729814229.849678
72.55185588234905,725.5185588234905,10.166089769961363,1729814229.8596325
72.70097519174217,727.0097519174217,10.167202533162497,1729814229.8696578
72.85011054973826,728.5011054973826,10.168296753604057,1729814229.8796208
72.99926168733661,729.9926168733662,10.169372633131855,1729814229.889627
73.14842833848381,731.4842833848381,10.170430372694721,1729814229.8997424
73.29761024006044,732.9761024006043,10.171470172337614,1729814229.9096906
73.4468071318677,734.468071318677,10.172492231194875,1729814229.919647
73.59601875661401,735.9601875661401,10.173496747483554,1729814229.929661
73.74524485990143,737.4524485990144,10.174483918496874,1729814229.9397795
73.894485190212,738.9448519021199,10.175453940597773,1729814229.9496253
74.04373949889401,740.4373949889401,10.176407009212582,1729814229.9597042
74.19300754014822,741.9300754014821,10.177343318824779,1729814229.969768
74.34228907101387,743.4228907101386,10.178263062968863,1729814229.9796035
74.4915838513547,744.915838513547,10.17916643422433,1729814229.9897087
74.6408916438449,746.408916438449,10.18005362420974,1729814229.999634
74.79021221395485,747.9021221395485,10.180924823576902,1729814230.0097265
74.93954532993693,749.3954532993694,10.181780222005129,1729814230.0196898
75.08889076281113,750.8889076281114,10.182620008195633,1729814230.0296538
75.23824828635064,752.3824828635064,10.183444369865976,1729814230.0397747
75.38761767706734,753.8761767706734,10.184253493744652,1729814230.0498106
75.53699871419722,755.3699871419723,10.185047565565737,1729814230.0597289
75.68639117968571,756.8639117968571,10.18582677006365,1729814230.0696044
75.83579485817296,758.3579485817296,10.18659129096801,1729814230.079693
75.98520953697899,759.8520953697898,10.187341310998566,1729814230.0896592
76.13463500608884,761.3463500608884,10.18807701186024,1729814230.0997176
76.28407105813763,762.8407105813762,10.188798574238259,1729814230.1097114
76.43351748839547,764.3351748839547,10.18950617779335,1729814230.1197002
76.58297409475243,765.8297409475243,10.190200001157066,1729814230.1295547
76.73244067770337,767.3244067770337,10.190880221927163,1729814230.1395977
76.88191704033265,768.8191704033266,10.191547016663085,1729814230.149735
77.03140298829894,770.3140298829894,10.192200560881522,1729814230.1596096
77.18089832981974,771.8089832981974,10.192841029052067,1729814230.1696787
77.33040287565606,773.3040287565607,10.193468594592941,1729814230.1797552
77.4799164390969,774.7991643909689,10.194083429866811,1729814230.1897006
77.62943883594367,776.2943883594368,10.194685706176688,1729814230.1996799
77.7789698844947,777.789698844947,10.195275593761904,1729814230.2096417
77.92850940552945,779.2850940552945,10.195853261794168,1729814230.2198083
78.0780572222929,780.780572222929,10.196418878373704,1729814230.229628
78.22761316047969,782.2761316047969,10.196972610525469,1729814230.239672
78.37717704821839,783.7717704821839,10.197514624195435,1729814230.2495897
78.52674871605551,785.2674871605551,10.198045084246965,1729814230.2596934
78.67632799693969,786.7632799693969,10.198564154457252,1729814230.2698238
78.82591472620562,788.2591472620562,10.199071997513833,1729814230.2795954
78.97550874155809,789.7550874155809,10.199568775011185,1729814230.2895544
79.1251098830558,791.251098830558,10.200054647447377,1729814230.299628
79.27471799309536,792.7471799309536,10.200529774220808,1729814230.3096633
79.42433291639504,794.2433291639504,10.200994313627008,1729814230.3196838
79.57395449997854,795.7395449997854,10.201448422855513,1729814230.3296678
79.72358259315875,797.2358259315876,10.201892257986799,1729814230.3396757
79.87321704752146,798.7321704752146,10.202325973989295,1729814230.3496346
80.02285771690896,800.2285771690896,10.202749724716451,1729814230.3596268
80.17250445740368,801.7250445740367,10.203163662903883,1729814230.3698003
80.32215712731171,803.2215712731171,10.203567940166574,1729814230.3796566
80.47181558714641,804.7181558714641,10.203962706996139,1729814230.389595
80.6214796996118,806.2147969961179,10.204348112758158,1729814230.399607
80.77114932958605,807.7114932958605,10.204724305689567,1729814230.4096577
80.92082434410491,809.2082434410491,10.20509143289611,1729814230.4196563
81.07050461234503,810.7050461234503,10.20544964034985,1729814230.4296257
81.22019000560734,812.2019000560733,10.20579907288674,1729814230.439615
81.36988039730032,813.6988039730032,10.206139874204256,1729814230.4497104
81.51957566292333,815.1957566292333,10.20647218685908,1729814230.4597201
81.66927568004975,816.6927568004975,10.206796152264847,1729814230.4696548
81.81898032831026,818.1898032831026,10.207111910689935,1729814230.4797568
81.96868948937599,819.6868948937599,10.207419601255326,1729814230.4896867
82.11840304694165,821.1840304694165,10.20771936193251,1729814230.4997478
82.26812088670863,822.6812088670863,10.208011329541442,1729814230.509852
82.41784289636813,824.1784289636813,10.208295639748554,1729814230.5197124
82.56756896558416,825.6756896558416,10.208572427064823,1729814230.5297475
82.7172989859766,827.172989859766,10.208841824843871,1729814230.5397391
82.86703285110417,828.6703285110417,10.209103965280137,1729814230.549757
83.01677045644745,830.1677045644744,10.209358979407087,1729814230.5597918
83.16651169939175,831.6651169939175,10.209606997095465,1729814230.5696578
83.31625647921011,833.1625647921011,10.209848147051604,1729814230.5797102
83.46600469704616,834.6600469704616,10.210082556815772,1729814230.5896628
83.615756255897,836.15756255897,10.210310352760574,1729814230.5996618
83.76551106059603,837.6551106059603,10.210531660089385,1729814230.6097064
83.91526901779582,839.1526901779582,10.210746602834838,1729814230.619766
84.06503003595091,840.6503003595092,10.210955303857352,1729814230.6296477
84.21479402530055,842.1479402530055,10.211157884843695,1729814230.6396973
84.36456089785152,843.6456089785152,10.211354466305604,1729814230.6496043
84.51433056736084,845.1433056736084,10.211545167578418,1729814230.6596274
84.66410294931853,846.6410294931853,10.211730106819786,1729814230.6695476
84.8138779609303,848.138779609303,10.211909401008386,1729814230.6796317
84.96365552110024,849.6365552110024,10.212083165942692,1729814230.6896338
85.11343555041347,851.1343555041346,10.21225151623978,1729814230.6996262
85.26321797111886,852.6321797111887,10.212414565334168,1729814230.7096026
85.4130027071116,854.130027071116,10.212572425476692,1729814230.7196822
85.56278968391587,855.6278968391587,10.212725207733417,1729814230.7296867
85.7125788286674,857.125788286674,10.212873021984585,1729814230.7396188
85.86237007009615,858.6237007009615,10.213015976923593,1729814230.749726
86.01216333850877,860.1216333850878,10.213154180056005,1729814230.7596488
86.16195856577127,861.6195856577127,10.213287737698598,1729814230.7696483
86.31175568529152,863.1175568529152,10.21341675497844,1729814230.7796373
86.46155463200176,864.6155463200176,10.213541335831987,1729814230.789707
86.61135534234121,866.1135534234121,10.213661583004239,1729814230.7995944
86.7611577542385,867.611577542385,10.213777598047884,1729814230.8096573
86.91096180709421,869.1096180709421,10.213889481322514,1729814230.8196867
87.06076744176336,870.6076744176336,10.213997331993834,1729814230.8296928
87.21057460053788,872.1057460053788,10.214101248032923,1729814230.8398507
87.36038322712909,873.6038322712909,10.214201326215505,1729814230.8496335
87.51019326665012,875.1019326665012,10.214297662121254,1729814230.8596191
87.66000466559842,876.6000466559842,10.214390350133128,1729814230.8696487
87.80981737183814,878.0981737183813,10.214479483436719,1729814230.879709
87.9596313345826,879.5963133458259,10.214565154019635,1729814230.8896167
88.10944650437668,881.0944650437668,10.2146474526709,1729814230.8995953
88.25926283307928,882.5926283307928,10.21472646898038,1729814230.9095538
88.40908027384565,884.0908027384564,10.214802291338232,1729814230.919543
88.55889878110985,885.5889878110985,10.214875006934374,1729814230.9295883
88.70871831056712,887.0871831056712,10.214944701757974,1729814230.9396424
88.85853881915627,888.5853881915626,10.215011460596966,1729814230.9495976
89.008360265042,890.0836026504201,10.215075367037576,1729814230.959712
89.15818260759735,891.5818260759736,10.21513650346388,1729814230.9697194
89.30800580738602,893.0800580738603,10.215194951057372,1729814230.9796672
89.45782982614473,894.5782982614473,10.215250789796553,1729814230.9897058
89.60765462676557,896.0765462676557,10.215304098456537,1729814230.9997308
89.75748017327832,897.5748017327833,10.215354954608678,1729814231.009671
89.90730643083288,899.0730643083288,10.215403434620212,1729814231.0196483
90.05713336568145,900.5713336568145,10.21544961365391,1729814231.029612
90.20696094516103,902.0696094516103,10.215493565667757,1729814231.0397406
90.35678913767562,903.5678913767562,10.215535363414642,1729814231.0496554
90.5066179126786,905.0661791267861,10.215575078442054,1729814231.0596325
90.65644724065504,906.5644724065504,10.215612781091814,1729814231.0697412
90.80627709310399,908.0627709310398,10.215648540499789,1729814231.079737
90.9561074425208,909.5610744252081,10.215682424595657,1729814231.0896866
91.10593826237945,911.0593826237946,10.215714500102655,1729814231.0996883
91.25576952711482,912.5576952711482,10.215744832537352,1729814231.109868
91.40560121210501,914.0560121210501,10.21577348620943,1729814231.1196237
91.5554332936536,915.5543329365361,10.215800524221494,1729814231.1297398
91.70526574897201,917.0526574897201,10.215826008468854,1729814231.1397374
91.85509855616172,918.5509855616172,10.215849999639364,1729814231.1496618
92.0049316941966,920.049316941966,10.215872557213237,1729814231.1596167
92.15476514290518,921.5476514290517,10.215893739462892,1729814231.1698089
92.30459888295294,923.0459888295295,10.215913603452796,1729814231.1795683
92.4544328958246,924.544328958246,10.215932205039316,1729814231.189679
92.60426716380636,926.0426716380636,10.215949598870596,1729814231.1996124
92.75410166996822,927.5410166996822,10.215965838386426,1729814231.2095642
92.90393639814626,929.0393639814625,10.215980975818118,1729814231.2198272
93.05377133292485,930.5377133292485,10.215995062188405,1729814231.2295995
93.20360645961902,932.0360645961903,10.216008147311335,1729814231.239867
93.35344176425666,933.5344176425666,10.216020279792172,1729814231.2495995
93.50327723356078,935.0327723356078,10.216031507027314,1729814231.2598205
93.65311285493183,936.5311285493183,10.216041875204203,1729814231.2697067
93.80294861642997,938.0294861642997,10.216051429301256,1729814231.2796712
93.95278450675727,939.5278450675727,10.216060213087788,1729814231.289573
94.10262051524003,941.0262051524003,10.216068269123951,1729814231.2996042
94.25245663181104,942.5245663181104,10.216075638760675,1729814231.3096573
94.40229284699184,944.0229284699184,10.216082362139607,1729814231.319667
94.55212915187495,945.5212915187495,10.216088478193068,1729814231.329546
94.7019655381062,947.019655381062,10.216094024644,1729814231.3395846
94.85180199786691,948.5180199786691,10.216099038005936,1729814231.3497236
95.00163852385624,950.0163852385624,10.216103553582945,1729814231.3597426
95.15147510927339,951.514751092734,10.216107605469611,1729814231.3695934
95.30131174779984,953.0131174779984,10.216111226551,1729814231.3796651
95.4511484335817,954.5114843358169,10.216114448502623,1729814231.3897023
95.60098516121187,956.0098516121186,10.216117301790423,1729814231.399629
95.75082192571236,957.5082192571235,10.216119815670748,1729814231.4096632
95.90065872251655,959.0065872251655,10.21612201819033,1729814231.4196963
96.05049554745142,960.5049554745142,10.216123936186268,1729814231.4297082
96.2003323967198,962.003323967198,10.216125595286012,1729814231.4397442
96.35016926688267,963.5016926688268,10.216127019907358,1729814231.4496465
96.5000061548414,965.000061548414,10.21612823325842,1729814231.4596393
96.64984305782,966.4984305782,10.216129257337636,1729814231.469703
96.79967997334735,967.9967997334735,10.216130112933751,1729814231.4796677
96.94951689923955,969.4951689923955,10.216130819625812,1729814231.4897058
97.09935383358209,970.9935383358209,10.216131395783165,1729814231.4996688
97.2491907747121,972.4919077471211,10.216131858565442,1729814231.5096476
97.39902772120071,973.9902772120071,10.216132223922562,1729814231.5195808
97.54886467183518,975.4886467183518,10.216132506594734,1729814231.529551
97.69870162560125,976.9870162560125,10.21613272011244,1729814231.5396512
97.84853858166535,978.4853858166535,10.216132876796447,1729814231.5499313
97.9983755393569,979.983755393569,10.216132987757794,1729814231.5595996
98.1482124981505,981.482124981505,10.216133062897798,1729814231.5696316
98.29804945764826,982.9804945764827,10.216133110908057,1729814231.5796058
98.447886417562,984.4788641756201,10.216133139270433,1729814231.5895517
98.59772337769554,985.9772337769555,10.216133154257072,1729814231.59961
98.74756033792696,987.4756033792696,10.216133160930386,1729814231.6095672
98.89739729819082,988.9739729819082,10.21613316314307,1729814231.6196523
99.04723425846049,990.4723425846049,10.216133163538085,1729814231.6296287
99.19707121873031,991.9707121873032,10.21613316354867,1729814231.6396604
99.34690817899794,993.4690817899793,10.216133163398336,1729814231.6496305
99.49674513924651,994.9674513924651,10.216133162100869,1729814231.6595972
99.64658209942704,996.4658209942704,10.216133157460328,1729814231.6695378
99.79641905944051,997.9641905944051,10.216133146071048,1729814231.6796737
99.94625601912027,999.4625601912027,10.216133123317634,1729814231.6896334
100.0960929782142,1000.960929782142,10.21613308337497,1729814231.6995597
100.24592993636702,1002.4592993636702,10.216133019208211,1729814231.7098503
100.39576689310252,1003.9576689310252,10.216132922572784,1729814231.7197032
100.54560384780582,1005.4560384780582,10.216132784014397,1729814231.7297204
100.69544079970565,1006.9544079970565,10.216132592869025,1729814231.7396343
100.84527774785658,1008.4527774785658,10.216132337262929,1729814231.7499108
100.9951146911213,1009.9511469112131,10.21613200411264,1729814231.759722
101.14495162815285,1011.4495162815285,10.216131579124971,1729814231.7695951
101.2947885573769,1012.9478855737691,10.216131046797013,1729814231.7796922
101.44462547697402,1014.4462547697402,10.216130390416144,1729814231.7896826
101.5944623848619,1015.944623848619,10.216129592060026,1729814231.7997127
101.7442992786776,1017.442992786776,10.216128632596616,1729814231.8096473
101.89413615575988,1018.9413615575988,10.216127491684162,1729814231.8197384
102.04397301313139,1020.4397301313139,10.216126147771215,1729814231.8296645
102.19380984748096,1021.9380984748096,10.21612457809664,1729814231.8400142
102.34364665514583,1023.4364665514584,10.216122758689613,1729814231.8496678
102.49348343209394,1024.9348343209394,10.216120664369642,1729814231.8597314
102.64332017390616,1026.4332017390616,10.216118268746573,1729814231.8696156
102.79315687575858,1027.9315687575859,10.216115544220603,1729814231.8796418
102.94299353240474,1029.4299353240474,10.2161124619823,1729814231.8895736
103.0928301381579,1030.9283013815789,10.216108992012614,1729814231.8996558
103.24266668687328,1032.4266668687328,10.216105103082901,1729814231.9097872
103.39250317193037,1033.9250317193037,10.216100762754946,1729814231.919648
103.54233958621516,1035.4233958621517,10.216095937380983,1729814231.9296546
103.69217592210236,1036.9217592210236,10.216090592103727,1729814231.9396958
103.84201217143774,1038.4201217143775,10.216084690856405,1729814231.9496322
103.99184832552034,1039.9184832552035,10.216078196362787,1729814231.959575
104.14168437508472,1041.4168437508472,10.216071070137229,1729814231.969647
104.29152031028327,1042.9152031028327,10.216063272484709,1729814231.9795213
104.44135612066844,1044.4135612066843,10.216054762500878,1729814231.9896836
104.59119179517502,1045.9119179517502,10.216045498072107,1729814231.9996507
104.74102732210238,1047.4102732210238,10.216035435875549,1729814232.0096154
104.89086268909676,1048.9086268909678,10.216024531379183,1729814232.0196574
105.04069788313353,1050.4069788313354,10.216012738841897,1729814232.0296633
105.19053289049947,1051.9053289049948,10.216000011313549,1729814232.0399733
105.34036769677499,1053.40367696775,10.215986300635043,1729814232.0496852
105.49020228681647,1054.9020228681647,10.215971557438417,1729814232.0596328
105.64003664473849,1056.4003664473848,10.215955731146927,1729814232.0696707
105.78987075389608,1057.898707538961,10.215938769975144,1729814232.0796804
105.93970459686706,1059.3970459686707,10.215920620929058,1729814232.0896745
106.08953815543425,1060.8953815543425,10.215901229806185,1729814232.0995953
106.23937141056781,1062.393714105678,10.215880541195688,1729814232.1099656
106.38920434240745,1063.8920434240745,10.215858498478502,1729814232.1195548
106.53903693024476,1065.3903693024477,10.21583504382747,1729814232.1296592
106.68886915250548,1066.8886915250548,10.215810118207479,1729814232.139695
106.83870098673178,1068.3870098673178,10.215783661375626,1729814232.1496253
106.98853240956456,1069.8853240956455,10.215755611881367,1729814232.1596093
107.13836339672574,1071.3836339672573,10.215725907066696,1729814232.16963
107.28819392300052,1072.8819392300052,10.215694483066331,1729814232.1795638
107.43802396221975,1074.3802396221975,10.215661274807893,1729814232.1896465
107.58785348724213,1075.8785348724214,10.215626216012131,1729814232.1996737
107.7376824699366,1077.376824699366,10.215589239193122,1729814232.2097313
107.8875108811646,1078.875108811646,10.215550275658508,1729814232.2197397
108.03733869076238,1080.3733869076239,10.215509255509733,1729814232.229665
108.18716586752333,1081.8716586752334,10.215466107642301,1729814232.2396586
108.3369923791803,1083.369923791803,10.21542075974604,1729814232.249591
108.48681819238789,1084.8681819238789,10.215373138305388,1729814232.2596624
108.63664327270479,1086.3664327270478,10.215323168599683,1729814232.2696989
108.78646758457613,1087.8646758457612,10.215270774703477,1729814232.279634
108.9362910913158,1089.362910913158,10.215215879486866,1729814232.2895858
109.08611375508877,1090.8611375508876,10.215158404615824,1729814232.2996764
109.23593553689349,1092.359355368935,10.215098270552572,1729814232.309719
109.38575639654415,1093.8575639654416,10.215035396555939,1729814232.3196588
109.53557629265315,1095.3557629265315,10.214969700681772,1729814232.3296127
109.68539518261333,1096.8539518261334,10.214901099783335,1729814232.339618
109.83521302258049,1098.352130225805,10.214829509511741,1729814232.3497167
109.98502976745563,1099.8502976745563,10.214754844316404,1729814232.359659
110.1348453708674,1101.348453708674,10.214677017445501,1729814232.369622
110.28465978515447,1102.8465978515446,10.214595940946467,1729814232.3795943
110.43447296134796,1104.3447296134796,10.214511525666497,1729814232.389743
110.5842848491538,1105.842848491538,10.214423681253084,1729814232.3996527
110.73409539693515,1107.3409539693514,10.214332316154564,1729814232.4096253
110.88390455169483,1108.8390455169483,10.214237337620695,1729814232.4196467
111.03371225905776,1110.3371225905776,10.214138651703252,1729814232.429655
111.1835184632534,1111.835184632534,10.214036163256651,1729814232.4397154
111.33332310709817,1113.3332310709816,10.213929775938592,1729814232.4496207
111.4831261319779,1114.831261319779,10.21381939221073,1729814232.459702
111.63292747783038,1116.329274778304,10.21370491333938,1729814232.4698575
111.78272708312772,1117.8272708312772,10.213586239396218,1729814232.479553
111.93252488485896,1119.3252488485896,10.213463269259053,1729814232.4898953
112.08232081851249,1120.823208185125,10.213335900612593,1729814232.499629
112.23211481805855,1122.3211481805854,10.21320402994925,1729814232.5095718
112.38190681593183,1123.8190681593182,10.213067552569973,1729814232.5195148
112.53169674301395,1125.3169674301396,10.212926362585115,1729814232.529558
112.68148452861605,1126.8148452861606,10.212780352915324,1729814232.5396385
112.83127010046132,1128.3127010046132,10.212629415292463,1729814232.549698
112.98105338466759,1129.810533846676,10.212473440260576,1729814232.559653
113.13083430572993,1131.3083430572992,10.212312317176861,1729814232.5696607
113.28061278650326,1132.8061278650325,10.212145934212709,1729814232.579596
113.43038874818492,1134.3038874818492,10.211974178354739,1729814232.5896873
113.58016211029744,1135.8016211029744,10.211796935405902,1729814232.599631
113.72993279067104,1137.2993279067105,10.211614089986599,1729814232.6095772
113.87970070542642,1138.7970070542642,10.211425525535835,1729814232.6195776
114.02946576895737,1140.2946576895736,10.211231124312432,1729814232.6297345
114.17922789391353,1141.7922789391353,10.211030767396243,1729814232.639989
114.32898699118313,1143.2898699118314,10.210824334689438,1729814232.6496046
114.47874296987564,1144.7874296987563,10.210611704917806,1729814232.659663
114.62849573730468,1146.2849573730468,10.21039275563211,1729814232.6696184
114.77824519897067,1147.7824519897067,10.210167363209482,1729814232.679566
114.92799125854371,1149.2799125854372,10.20993540285484,1729814232.6896274
115.07773381784644,1150.7773381784643,10.20969674860238,1729814232.6995776
115.22747277683679,1152.274727768368,10.209451273317079,1729814232.7097855
115.37720803359096,1153.7720803359095,10.209198848696264,1729814232.7195804
115.52693948428625,1155.2693948428625,10.20893934527121,1729814232.7295578
115.676667023184,1156.76667023184,10.208672632408794,1729814232.739757
115.82639054261254,1158.2639054261253,10.208398578313194,1729814232.749782
115.97610993295018,1159.7610993295018,10.208117050027619,1729814232.7597058
116.12582508260817,1161.2582508260816,10.207827913436118,1729814232.7695806
116.27553587801377,1162.7553587801376,10.207531033265402,1729814232.7795475
116.42524220359326,1164.2524220359326,10.207226273086743,1729814232.789615
116.57494394175504,1165.7494394175503,10.206913495317906,1729814232.7995956
116.72464097287276,1167.2464097287277,10.206592561225145,1729814232.8096611
116.87433317526845,1168.7433317526845,10.206263330925243,1729814232.8195755
117.02402042519566,1170.2402042519566,10.205925663387596,1729814232.829654
117.17370259682271,1171.737025968227,10.205579416436379,1729814232.8398247
117.32337956221589,1173.2337956221588,10.205224446752734,1729814232.8496377
117.47305119132277,1174.7305119132277,10.204860609877038,1729814232.85968
117.62271735195546,1176.2271735195545,10.204487760211206,1729814232.8695376
117.77237790977397,1177.7237790977397,10.204105751021078,1729814232.879617
117.92203272826954,1179.2203272826955,10.203714434438835,1729814232.8896275
118.07168166874816,1180.7168166874815,10.203313661465494,1729814232.899766
118.22132459031387,1182.2132459031386,10.202903281973455,1729814232.9097927
118.37096134985238,1183.7096134985238,10.202483144709115,1729814232.9196148
118.52059180201448,1185.2059180201447,10.202053097295535,1729814232.929606
118.6702157991997,1186.702157991997,10.20161298623517,1729814232.9397364
118.81983319153984,1188.1983319153985,10.201162656912679,1729814232.9500897
118.96944382688268,1189.6944382688268,10.200701953597777,1729814232.9597092
119.1190475507756,1191.190475507756,10.200230719448163,1729814232.9697201
119.26864420644941,1192.686442064494,10.199748796512518,1729814232.979607
119.41823363480204,1194.1823363480203,10.19925602573357,1729814232.9896317
119.5678156743824,1195.678156743824,10.198752246951214,1729814232.9996254
119.71739016137427,1197.1739016137426,10.198237298905717,1729814233.00963
119.86695692958017,1198.6695692958017,10.197711019240987,1729814233.019612
120.0165158104054,1200.165158104054,10.197173244507916,1729814233.0297089
120.16606663284199,1201.66066632842,10.196623810167782,1729814233.0398061
120.31560922345281,1203.1560922345282,10.196062550595753,1729814233.0497622
120.4651434063557,1204.651434063557,10.195489299084429,1729814233.0596328
120.61466900320758,1206.1466900320759,10.194903887847484,1729814233.0696914
120.76418583318879,1207.641858331888,10.19430614802338,1729814233.0796666
120.91369371298728,1209.1369371298729,10.19369590967915,1729814233.089652
121.06319245678299,1210.6319245678299,10.193073001814263,1729814233.0997162
121.21268187623224,1212.1268187623223,10.192437252364575,1729814233.1097045
121.36216178045221,1213.6216178045222,10.191788488206349,1729814233.1196294
121.51163197600545,1215.1163197600545,10.19112653516036,1729814233.129762
121.66109226688442,1216.6109226688443,10.190451217996081,1729814233.1396968
121.81054245449623,1218.1054245449623,10.189762360435962,1729814233.1498096
121.95998233764723,1219.5998233764724,10.189059785159772,1729814233.159653
122.10941171252787,1221.0941171252787,10.18834331380905,1729814233.1695797
122.2588303726975,1222.588303726975,10.187612766991615,1729814233.1797328
122.4082381090693,1224.082381090693,10.186867964286192,1729814233.1895723
122.55763470989521,1225.576347098952,10.186108724247108,1729814233.1995857
122.70701996075104,1227.0701996075104,10.18533486440907,1729814233.2096064
122.85639364452153,1228.5639364452154,10.18454620129206,1729814233.2196362
123.00575554138558,1230.0575554138559,10.183742550406286,1729814233.2296119
123.15510542880148,1231.5510542880147,10.182923726257258,1729814233.2399194
123.30444308149228,1233.0444308149229,10.182089542350932,1729814233.2496696
123.45376827143119,1234.5376827143118,10.181239811198957,1729814233.2596633
123.60308076782708,1236.0308076782708,10.180374344324026,1729814233.2697663
123.75238033711007,1237.5238033711007,10.1794929522653,1729814233.2796028
123.90166674291714,1239.0166674291713,10.178595444583955,1729814233.2897117
124.05093974607794,1240.5093974607794,10.177681629868808,1729814233.2997026
124.20019910460054,1242.0019910460055,10.176751315742045,1729814233.3098764
124.34944457365738,1243.4944457365739,10.175804308865057,1729814233.3195567
124.49867590557125,1244.9867590557124,10.17484041494437,1729814233.3296912
124.64789284980138,1246.4789284980138,10.173859438737674,1729814233.3398151
124.79709515292963,1247.9709515292964,10.172861184059963,1729814233.3498433
124.94628255864673,1249.4628255864673,10.171845453789773,1729814233.35982
125.09545480773863,1250.9545480773863,10.17081204987552,1729814233.369646
125.24461163807301,1252.44611638073,10.16976077334196,1729814233.3797104
125.39375278458574,1253.9375278458574,10.168691424296732,1729814233.3896317
125.54287797926762,1255.428779792676,10.167603801937029,1729814233.3995647
125.69198695115104,1256.9198695115103,10.16649770455637,1729814233.4096186
125.84107942629689,1258.410794262969,10.165372929551479,1729814233.419613
125.99015512778149,1259.9015512778149,10.164229273429267,1729814233.429559
126.13921377568364,1261.3921377568365,10.163066531813955,1729814233.4397511
126.28825508707179,1262.882550870718,10.161884499454267,1729814233.4495687
126.43727877599127,1264.3727877599126,10.16068297023077,1729814233.4596436
126.58628455345173,1265.8628455345174,10.159461737163316,1729814233.4696746
126.73527212741456,1267.3527212741456,10.158220592418587,1729814233.4796457
126.88424120278053,1268.8424120278053,10.156959327317788,1729814233.4896626
127.0331914813775,1270.331914813775,10.155677732344413,1729814233.499632
127.18212266194826,1271.8212266194826,10.154375597152171,1729814233.5097368
127.33103444013841,1273.310344401384,10.153052710573002,1729814233.5196776
127.47992650848454,1274.7992650848455,10.151708860625222,1729814233.5295804
127.62879855640232,1276.287985564023,10.150343834521797,1729814233.539674
127.77765027017485,1277.7765027017485,10.148957418678716,1729814233.5499315
127.92648133294111,1279.264813329411,10.147549398723516,1729814233.5596356
128.07529142468448,1280.7529142468447,10.146119559503898,1729814233.5696895
128.2240802222215,1282.2408022222148,10.144667685096495,1729814233.57958
128.37284739919056,1283.7284739919055,10.143193558815746,1729814233.5897577
128.52159262604107,1285.2159262604107,10.141696963222905,1729814233.5996363
128.6703155700223,1286.7031557002229,10.140177680135167,1729814233.6096885
128.81901589517278,1288.1901589517279,10.138635490634938,1729814233.6196232
128.9676932623096,1289.676932623096,10.137070175079211,1729814233.629616
129.1163473290179,1291.1634732901791,10.135481513109086,1729814233.6396112
129.26497774964056,1292.6497774964057,10.133869283659418,1729814233.6496177
129.41358417526789,1294.135841752679,10.132233264968592,1729814233.6596863
129.5621662537276,1295.621662537276,10.130573234588423,1729814233.6696808
129.71072362957503,1297.1072362957502,10.128888969394206,1729814233.6796365
129.8592559440831,1298.5925594408309,10.127180245594868,1729814233.68966
130.00776283523288,1300.0776283523287,10.125446838743295,1729814233.6996155
130.15624393770412,1301.5624393770413,10.123688523746752,1729814233.7095973
130.30469888286584,1303.0469888286584,10.121905074877466,1729814233.7196374
130.4531272987672,1304.531272987672,10.120096265783323,1729814233.7295785
130.6015288101286,1306.015288101286,10.118261869498722,1729814233.739623
130.74990303833266,1307.4990303833265,10.116401658455551,1729814233.74966
130.89824960141576,1308.9824960141575,10.1145154044943,1729814233.759601
131.04656811405937,1310.4656811405937,10.112602878875325,1729814233.7695913
131.19485818758176,1311.9485818758176,10.11066385229023,1729814233.779613
131.34311942992983,1313.4311942992983,10.108698094873413,1729814233.7896678
131.49135144567114,1314.9135144567115,10.106705376213727,1729814233.799585
131.63955383598602,1316.3955383598602,10.104685465366295,1729814233.809796
131.78772619865998,1317.8772619866,10.102638130864467,1729814233.8195887
131.93586812807615,1319.3586812807616,10.10056314073191,1729814233.8295572
132.08397921520807,1320.8397921520807,10.098460262494845,1729814233.8396544
132.23205904761258,1322.3205904761257,10.096329263194423,1729814233.8496056
132.38010720942276,1323.8010720942275,10.094169909399252,1729814233.8595912
132.52812328134135,1325.2812328134135,10.091981967218052,1729814233.8697891
132.6761068406341,1326.761068406341,10.089765202312465,1729814233.879749
132.82405746112343,1328.2405746112343,10.087519379910013,1729814233.8897254
132.97197471318222,1329.7197471318223,10.085244264817183,1729814233.8995907
133.11985816372788,1331.198581637279,10.082939621432674,1729814233.909672
133.26770737621655,1332.6770737621655,10.080605213760778,1729814233.9196882
133.41552191063747,1334.1552191063747,10.078240805424917,1729814233.9296446
133.56330132350766,1335.6330132350765,10.075846159681308,1729814233.939721
133.7110451678667,1337.110451678667,10.0734210394328,1729814233.9496422
133.85875299327176,1338.5875299327176,10.070965207242827,1729814233.9597049
134.00642434579285,1340.0642434579286,10.068478425349532,1729814233.9696677
134.15405876800818,1341.540587680082,10.065960455680028,1729814233.9796798
134.30165579899992,1343.0165579899992,10.063411059864801,1729814233.9896405
134.44921497434996,1344.4921497434996,10.060829999252272,1729814233.9996386
134.59673582613607,1345.9673582613607,10.058217034923496,1729814234.0097132
134.74421788292818,1347.4421788292818,10.055571927707007,1729814234.0196805
134.89166066978484,1348.9166066978485,10.052894438193825,1729814234.0295947
135.03906370825,1350.3906370825002,10.050184326752591,1729814234.040073
135.18642651635005,1351.8642651635005,10.047441353544864,1729814234.0497296
135.33374860859084,1353.3374860859085,10.04466527854056,1729814234.0596418
135.4810294959552,1354.810294959552,10.041855861533538,1729814234.0696113
135.6282686859006,1356.282686859006,10.039012862157334,1729814234.0795705
135.775465682357,1357.75465682357,10.03613603990104,1729814234.0895832
135.92261998572502,1359.2261998572503,10.03322515412534,1729814234.0996978
136.06973109287418,1360.697310928742,10.030279964078678,1729814234.1097157
136.21679849714158,1362.1679849714158,10.027300228913589,1729814234.1196306
136.36382168833075,1363.6382168833075,10.024285707703156,1729814234.1296196
136.51080015271066,1365.1080015271066,10.021236159457644,1729814234.1395938
136.6577333730151,1366.5773337301512,10.018151343141247,1729814234.1497762
136.80462082844224,1368.0462082844224,10.015031017689006,1729814234.1596577
136.9514619946544,1369.5146199465441,10.01187494202386,1729814234.1696966
137.09825634377825,1370.9825634377826,10.00868287507385,1729814234.1796663
137.24500334440498,1372.4500334440497,10.005454575789454,1729814234.1896892
137.391702461591,1373.91702461591,10.002189803161087,1729814234.1996207
137.53835315685873,1375.3835315685874,9.998888316236737,1729814234.2097292
137.68495488819778,1376.8495488819779,9.99554987413973,1729814234.219588
137.83150711006618,1378.315071100662,9.992174236086663,1729814234.2296574
137.97800927339216,1379.7800927339217,9.988761161405462,1729814234.2398028
138.12446082557597,1381.2446082557597,9.985310409553593,1729814234.2497854
138.27086121049203,1382.7086121049203,9.981821740136404,1729814234.259634
138.41720986849143,1384.1720986849143,9.978294912925616,1729814234.2696834
138.56350623640463,1385.6350623640465,9.97472968787796,1729814234.2796147
138.7097497475444,1387.097497475444,9.971125825153932,1729814234.289703
138.85593983170918,1388.5593983170918,9.967483085136708,1729814234.2996342
139.0020759151865,1390.0207591518651,9.963801228451194,1729814234.309661
139.14815742075692,1391.481574207569,9.960080015983204,1729814234.3196235
139.29418376769806,1392.9418376769806,9.956319208898776,1729814234.3295863
139.44015437178908,1394.4015437178907,9.95251856866364,1729814234.3396504
139.58606864531527,1395.8606864531525,9.948677857062794,1729814234.3498518
139.73192599707306,1397.3192599707306,9.94479683622024,1729814234.3596582
139.87772583237532,1398.7772583237531,9.940875268618829,1729814234.369705
140.02346755305683,1400.2346755305684,9.93691291712026,1729814234.3795662
140.16915055748026,1401.6915055748027,9.932909544985199,1729814234.3896809
140.3147742405422,1403.147742405422,9.928864915893515,1729814234.3996587
140.46033799367964,1404.6033799367965,9.92477879396467,1729814234.409579
140.60584120487675,1406.0584120487674,9.920650943778224,1729814234.4195452
140.75128325867192,1407.5128325867192,9.916481130394454,1729814234.4296544
140.89666353616505,1408.9666353616506,9.912269119375123,1729814234.4397223
141.04198141502533,1410.4198141502534,9.908014676804349,1729814234.4496493
141.18723626949912,1411.8723626949914,9.903717569309615,1729814234.4596143
141.33242747041825,1413.3242747041825,9.899377564082878,1729814234.4697528
141.47755438520863,1414.7755438520862,9.894994428901827,1729814234.4797914
141.6226163778991,1416.2261637789911,9.890567932151226,1729814234.4898207
141.76761280913075,1417.6761280913074,9.886097842844404,1729814234.4996078
141.91254303616634,1419.1254303616633,9.881583930644831,1729814234.5098755
142.05740641290024,1420.5740641290024,9.87702596588784,1729814234.519752
142.20220228986852,1422.0220228986852,9.872423719602427,1729814234.5296295
142.34693001425958,1423.4693001425958,9.867776963533178,1729814234.5396378
142.4915889299248,1424.915889299248,9.863085470162314,1729814234.5497327
142.63617837738983,1426.3617837738982,9.858349012731823,1729814234.5596645
142.78069769386596,1427.8069769386595,9.853567365265706,1729814234.5695877
142.925146213262,1429.25146213262,9.848740302592322,1729814234.5796149
143.06952326619628,1430.6952326619628,9.843867600366849,1729814234.589737
143.2138281800093,1432.138281800093,9.838949035093824,1729814234.5997212
143.35806027877632,1433.5806027877632,9.833984384149785,1729814234.6096246
143.50221888332058,1435.0221888332057,9.828973425806021,1729814234.619584
143.6463033112268,1436.463033112268,9.823915939251403,1729814234.6296666
143.79031287685487,1437.9031287685486,9.818811704615307,1729814234.6397748
143.9342468913541,1439.3424689135409,9.81366050299063,1729814234.6497304
144.07810466267753,1440.7810466267754,9.808462116456887,1729814234.6596277
144.22188549559692,1442.2188549559692,9.80321632810341,1729814234.6697352
144.3655886917178,1443.655886917178,9.797922922052598,1729814234.6796565
144.50921354949494,1445.0921354949494,9.792581683483279,1729814234.6897008
144.65275936424828,1446.5275936424828,9.787192398654124,1729814234.699748
144.79622542817904,1447.9622542817904,9.781754854927163,1729814234.7096918
144.9396110303863,1449.3961103038628,9.776268840791342,1729814234.7196546
145.08291545688377,1450.8291545688376,9.770734145886179,1729814234.7296588
145.22613799061716,1452.2613799061717,9.765150561025473,1729814234.7396688
145.36927791148167,1453.6927791148169,9.759517878221084,1729814234.7497003
145.5123344963399,1455.123344963399,9.753835890706764,1729814234.7596433
145.65530701904015,1456.5530701904015,9.74810439296207,1729814234.7697132
145.79819475043504,1457.9819475043505,9.74232318073631,1729814234.7796054
145.94099695840052,1459.4099695840052,9.73649205107257,1729814234.7896526
146.08371290785507,1460.8371290785508,9.730610802331762,1729814234.7996113
146.22634186077957,1462.2634186077958,9.72467923421675,1729814234.8096201
146.36888307623715,1463.6888307623715,9.718697147796503,1729814234.8196073
146.51133581039375,1465.1133581039376,9.712664345530305,1729814234.8296816
146.6536993165387,1466.536993165387,9.70658063129199,1729814234.839667
146.795972845106,1467.95972845106,9.70044581039423,1729814234.849627
146.93815564369567,1469.3815564369565,9.694259689612851,1729814234.8595822
147.0802469570955,1470.802469570955,9.688022077211171,1729814234.869647
147.2222460273034,1472.2224602730341,9.68173278296439,1729814234.879614
147.36415209354982,1473.6415209354982,9.675391618183983,1729814234.8896224
147.50596439232066,1475.0596439232067,9.668998395742117,1729814234.899643
147.6476821573805,1476.476821573805,9.662552930096098,1729814234.9096181
147.78930461979627,1477.8930461979626,9.656055037312834,1729814234.91958
147.93083100796113,1479.3083100796114,9.649504535093298,1729814234.9295564
148.07226054761887,1480.7226054761886,9.642901242797,1729814234.9396687
148.21359246188854,1482.1359246188854,9.636244981466488,1729814234.9496217
148.35482597128956,1483.5482597128955,9.629535573851813,1729814234.9598517
148.49596029376704,1484.9596029376703,9.62277284443503,1729814234.9696596
148.6369946447176,1486.3699464471758,9.61595661945467,1729814234.9796047
148.77792823701546,1487.7792823701545,9.609086726930213,1729814234.989654
148.91876028103897,1489.1876028103898,9.602162996686552,1729814234.9996123
149.05948998469736,1490.5948998469737,9.595185260378425,1729814235.0097399
149.20011655345803,1492.0011655345802,9.588153351514858,1729814235.019607
149.34063919037402,1493.4063919037403,9.58106710548355,1729814235.0296843
149.481057096112,1494.81057096112,9.573926359575262,1729814235.0396636
149.6213694689805,1496.213694689805,9.566730953008152,1729814235.049608
149.7615755049585,1497.615755049585,9.5594807269521,1729814235.059705
149.90167439772446,1499.0167439772447,9.552175524552966,1729814235.0696383
150.04166533868568,1500.4166533868568,9.544815190956841,1729814235.0796416
150.18154751700789,1501.8154751700788,9.537399573334218,1729814235.0896504
150.32132011964543,1503.2132011964543,9.52992852090414,1729814235.0996962
150.46098233137155,1504.6098233137154,9.522401884958278,1729814235.1097143
150.60053333480917,1506.0053333480917,9.514819518884966,1729814235.1196585
150.73997231046204,1507.3997231046203,9.507181278193167,1729814235.12963
150.87929843674613,1508.7929843674613,9.499487020536366,1729814235.139657
151.01851089002147,1510.1851089002148,9.491736605736408,1729814235.149602
151.15760884462432,1511.5760884462431,9.483929895807263,1729814235.1596856
151.29659147289956,1512.9659147289956,9.476066754978696,1729814235.1702964
151.43545794523368,1514.3545794523368,9.46814704971988,1729814235.1796494
151.57420743008788,1515.7420743008788,9.460170648762901,1729814235.1897726
151.71283909403164,1517.1283909403164,9.452137423126189,1729814235.1995993
151.85135210177657,1518.5135210177657,9.444047246137847,1729814235.2096043
151.98974561621063,1519.8974561621062,9.435899993458886,1729814235.219572
152.1280187984327,1521.2801879843269,9.427695543106358,1729814235.2296352
152.26617080778746,1522.6617080778747,9.419433775476378,1729814235.239915
152.40420080190066,1524.0420080190065,9.411114573367035,1729814235.2497017
152.54210793671461,1525.4210793671461,9.402737822001203,1729814235.259681
152.67989136652412,1526.7989136652411,9.394303409049204,1729814235.2696242
152.81755024401272,1528.1755024401273,9.38581122465138,1729814235.2796304
152.95508372028922,1529.5508372028921,9.377261161440511,1729814235.2896278
153.0924909449246,1530.9249094492461,9.368653114564115,1729814235.2996309
153.2297710659892,1532.2977106598921,9.359986981706607,1729814235.3097878
153.36692323009026,1533.6692323009026,9.351262663111314,1729814235.3196235
153.50394658240978,1535.0394658240978,9.342480061602352,1729814235.3295856
153.64084026674266,1536.4084026674266,9.33363908260635,1729814235.3396034
153.7776034255352,1537.776034255352,9.324739634174014,1729814235.3497636
153.91423519992395,1539.1423519992395,9.31578162700154,1729814235.3596315
154.05073472977475,1540.5073472977474,9.306764974451863,1729814235.3695831
154.18710115372218,1541.8710115372219,9.297689592575734,1729814235.3796093
154.3233336092093,1543.233336092093,9.28855540013263,1729814235.3895946
154.4594312325277,1544.5943123252769,9.279362318611485,1729814235.3997335
154.59539315885772,1545.9539315885772,9.27011027225124,1729814235.4096572
154.73121852230926,1547.3121852230927,9.260799188061213,1729814235.4197397
154.86690645596258,1548.669064559626,9.251428995841273,1729814235.4297273
155.00245609190952,1550.0245609190952,9.241999628201823,1729814235.439639
155.1378665612951,1551.3786656129512,9.232511020583583,1729814235.4496381
155.27313699435928,1552.7313699435927,9.222963111277169,1729814235.459554
155.40826652047897,1554.0826652047897,9.213355841442473,1729814235.469559
155.5432542682105,1555.432542682105,9.203689155127822,1729814235.479571
155.67809936533217,1556.7809936533217,9.193962999288923,1729814235.4896626
155.81280093888725,1558.1280093888724,9.184177323807589,1729814235.499654
155.94735811522713,1559.4735811522714,9.174332081510245,1729814235.509734
156.08177002005476,1560.8177002005477,9.164427228186186,1729814235.5195603
156.2160357784684,1562.160357784684,9.154462722605635,1729814235.5296972
156.35015451500558,1563.5015451500558,9.144438526537515,1729814235.5395982
156.48412535368732,1564.8412535368732,9.134354604767038,1729814235.5496724
156.61794741806267,1566.1794741806266,9.124210925112994,1729814235.559577
156.75161983125344,1567.5161983125345,9.11400745844481,1729814235.5696225
156.88514171599917,1568.8514171599918,9.103744178699367,1729814235.5796301
157.01851219470237,1570.1851219470236,9.093421062897534,1729814235.5896652
157.15173038947398,1571.5173038947398,9.083038091160454,1729814235.5996485
157.28479542217914,1572.8479542217915,9.072595246725554,1729814235.609759
157.417706414483,1574.1770641448302,9.062092515962279,1729814235.619619
157.55046248789702,1575.5046248789702,9.05152988838757,1729814235.6295896
157.68306276382526,1576.8306276382527,9.040907356681036,1729814235.6396465
157.81550636361104,1578.1550636361103,9.030224916699849,1729814235.649683
157.9477924085837,1579.477924085837,9.01948256749336,1729814235.6596577
158.0799200201057,1580.799200201057,9.00868031131742,1729814235.6697006
158.21188831961982,1582.118883196198,8.997818153648378,1729814235.6795874
158.34369642869657,1583.4369642869658,8.986896103196823,1729814235.689647
158.47534346908188,1584.7534346908187,8.975914171920978,1729814235.6996977
158.60682856274488,1586.0682856274489,8.964872375039816,1729814235.7097104
158.7381508319259,1587.381508319259,8.953770731045836,1729814235.7195704
158.86930939918474,1588.6930939918475,8.942609261717555,1729814235.7296057
159.00030338744895,1590.0030338744896,8.931387992131643,1729814235.739593
159.13113192006242,1591.3113192006242,8.920106950674763,1729814235.7496428
159.26179412083408,1592.6179412083409,8.908766169055067,1729814235.7596178
159.39228911408688,1593.9228911408688,8.897365682313362,1729814235.769606
159.52261602470662,1595.2261602470662,8.885905528833943,1729814235.7797022
159.65277397819136,1596.5277397819136,8.874385750355092,1729814235.7896929
159.7827621007006,1597.8276210070062,8.862806391979214,1729814235.7996767
159.91257951910487,1599.1257951910486,8.85116750218266,1729814235.8096824
160.04222536103526,1600.4222536103525,8.839469132825164,1729814235.819588
160.17169875493332,1601.7169875493332,8.827711339158952,1729814235.829651
160.30099883010075,1603.0099883010075,8.815894179837482,1729814235.8396785
160.43012471674956,1604.3012471674956,8.804017716923832,1729814235.84967
160.55907554605213,1605.5907554605212,8.79208201589872,1729814235.8596377
160.6878504501915,1606.878504501915,8.780087145668153,1729814235.8696218
160.81644856241164,1608.1644856241164,8.768033178570711,1729814235.879613
160.94486901706796,1609.4486901706796,8.755920190384469,1729814235.889704
161.07311094967778,1610.731109496778,8.74374826033352,1729814235.8996055
161.20117349697108,1612.0117349697107,8.731517471094145,1729814235.9096045
161.32905579694108,1613.2905579694107,8.719227908800574,1729814235.919542
161.45675698889514,1614.5675698889513,8.706879663050385,1729814235.9296525
161.58427621350558,1615.8427621350556,8.694472826909509,1729814235.939576
161.7116126128606,1617.1161261286059,8.682007496916835,1729814235.949656
161.83876533051534,1618.3876533051534,8.669483773088443,1729814235.9597194
161.9657335115429,1619.657335115429,8.656901758921416,1729814235.9695535
162.09251630258547,1620.9251630258545,8.644261561397277,1729814235.9795446
162.21911285190535,1622.1911285190536,8.631563290985007,1729814235.9896116
162.34552230943635,1623.4552230943634,8.618807061643686,1729814235.999574
162.47174382683488,1624.7174382683488,8.60599299082469,1729814236.0096781
162.5977765575312,1625.977765575312,8.593121199473522,1729814236.0195525
162.72361965678073,1627.2361965678074,8.580191812031202,1729814236.029646
162.8492722817153,1628.4927228171528,8.56720495643527,1729814236.039718
162.9747335913944,1629.747335913944,8.554160764120354,1729814236.0497205
163.10000274685663,1631.0000274685663,8.54105937001834,1729814236.0598145
163.22507891117084,1632.2507891117084,8.52790091255811,1729814236.069702
163.34996124948745,1633.4996124948746,8.514685533664872,1729814236.0796657
163.47464892908968,1634.7464892908968,8.501413378759068,1729814236.0896983
163.5991411194449,1635.991411194449,8.48808459675486,1729814236.0996993
163.72343699225573,1637.2343699225573,8.474699340058175,1729814236.1096175
163.84753572151126,1638.4753572151126,8.461257764564357,1729814236.1196318
163.9714364835382,1639.7143648353822,8.447760029655363,1729814236.1297023
164.09513845705197,1640.9513845705196,8.434206298196552,1729814236.1396654
164.2186408232077,1642.186408232077,8.420596736533021,1729814236.1497314
164.3419427656512,1643.419427656512,8.406931514485544,1729814236.1595714
164.46504347056995,1644.6504347056996,8.39321080534605,1729814236.1698647
164.5879421267439,1645.879421267439,8.379434785872679,1729814236.1795628
164.71063792559622,1647.106379255962,8.365603636284412,1729814236.189575
164.83313006124388,1648.3313006124388,8.351717540255256,1729814236.199576
164.95541773054842,1649.5541773054842,8.337776684908013,1729814236.209805
165.0775001331663,1650.775001331663,8.323781260807579,1729814236.2197132
165.19937647159932,1651.9937647159932,8.309731461953852,1729814236.2295964
165.32104595124494,1653.2104595124495,8.295627485774169,1729814236.2396119
165.44250778044628,1654.4250778044627,8.281469533115319,1729814236.249658
165.5637611705423,1655.637611705423,8.267257808235133,1729814236.25982
165.6848053359177,1656.848053359177,8.252992518793617,1729814236.2697623
165.80563949405254,1658.0563949405255,8.23867387584365,1729814236.2797039
165.926262865572,1659.26262865572,8.224302093821269,1729814236.2896066
166.04667467429576,1660.4667467429576,8.209877390535487,1729814236.2996073
166.16687414728742,1661.6687414728742,8.195399987157701,1729814236.3097847
166.2868605149035,1662.8686051490351,8.180870108210641,1729814236.3196096
166.4066330108426,1664.066330108426,8.166287981556911,1729814236.3297634
166.52619087219406,1665.2619087219407,8.151653838387068,1729814236.3396225
166.6455333394867,1666.455333394867,8.136967913207284,1729814236.3496027
166.76465965673717,1667.6465965673717,8.122230443826574,1729814236.3596523
166.88356907149827,1668.8356907149828,8.107441671343585,1729814236.3698506
167.00226083490696,1670.0226083490697,8.092601840132959,1729814236.3795955
167.1207342017322,1671.207342017322,8.07771119783127,1729814236.3895693
167.2389884304226,1672.3898843042261,8.062769995322515,1729814236.3996174
167.35702278315384,1673.5702278315384,8.047778486723198,1729814236.4096756
167.4748365258758,1674.748365258758,8.032736929366969,1729814236.4195507
167.59242892835954,1675.9242892835955,8.01764558378886,1729814236.4295387
167.70979926424408,1677.0979926424409,8.002504713709074,1729814236.439646
167.82694681108282,1678.2694681108283,7.987314586016362,1729814236.4496307
167.9438708503897,1679.4387085038968,7.972075470750983,1729814236.4597514
168.06057066768523,1680.6057066768522,7.956787641087252,1729814236.469624
168.17704555254224,1681.7704555254224,7.941451373315648,1729814236.4797192
168.29329479863122,1682.9329479863122,7.926066946824533,1729814236.4896226
168.40931770376557,1684.0931770376556,7.9106346440814415,1729814236.4996653
168.5251135699464,1685.251135699464,7.895154750613968,1729814236.509679
168.64068170340718,1686.4068170340718,7.879627554990244,1729814236.5197287
168.75602141465802,1687.5602141465802,7.864053348799017,1729814236.5296884
168.87113201852966,1688.7113201852967,7.848432426629313,1729814236.5397398
168.98601283421723,1689.8601283421724,7.8327650860497124,1729814236.5496895
169.10066318532355,1691.0066318532356,7.817051627587208,1729814236.5596657
169.21508239990231,1692.150823999023,7.801292354705704,1729814236.569739
169.32926981050073,1693.2926981050073,7.785487573784075,1729814236.5796328
169.44322475420202,1694.4322475420201,7.769637594093885,1729814236.58958
169.5569465726675,1695.569465726675,7.753742727776683,1729814236.599645
169.67043461217833,1696.7043461217831,7.737803289820932,1729814236.6096003
169.78368822367688,1697.8368822367688,7.72181959803856,1729814236.6197133
169.89670676280787,1698.9670676280787,7.705791973041131,1729814236.6296597
170.00948958995906,1700.0948958995905,7.689720738215635,1729814236.6397986
170.12203607030153,1701.2203607030153,7.673606219699923,1729814236.6496036
170.23434557382973,1702.3434557382973,7.657448746357768,1729814236.6596322
170.34641747540107,1703.4641747540106,7.64124864975357,1729814236.6695848
170.45825115477513,1704.5825115477512,7.625006264126683,1729814236.6795475
170.56984599665256,1705.6984599665257,7.608721926365421,1729814236.6895714
170.68120139071348,1706.8120139071348,7.5923959759806765,1729814236.6996348
170.7923167316556,1707.923167316556,7.576028755079228,1729814236.7097492
170.9031914192319,1709.031914192319,7.5596206083366715,1729814236.7196383
171.01382485828785,1710.1382485828785,7.54317188297004,1729814236.7296343
171.12421645879837,1711.2421645879838,7.526682928710068,1729814236.7396438
171.23436563590417,1712.3436563590417,7.510154097773143,1729814236.7498558
171.3442718099479,1713.4427180994792,7.493585744832929,1729814236.7597125
171.45393440650972,1714.539344065097,7.476978226991647,1729814236.7696629
171.56335285644246,1715.6335285644245,7.460331903751077,1729814236.7796428
171.67252659590645,1716.7252659590645,7.443647136983209,1729814236.7895613
171.7814550664038,1717.814550664038,7.426924290900623,1729814236.7995772
171.8901377148123,1718.9013771481232,7.410163732026537,1729814236.809655
171.99857399341892,1719.985739934189,7.393365829164568,1729814236.8195248
172.10676335995268,1721.0676335995267,7.376530953368217,1729814236.8296306
172.21470527761736,1722.1470527761735,7.359659477910033,1729814236.839757
172.32239921512343,1723.2239921512341,7.342751778250519,1729814236.8496356
172.4298446467198,1724.2984464671981,7.325808232006765,1729814236.8595722
172.53704105222494,1725.3704105222494,7.30882921892078,1729814236.8696663
172.6439879170576,1726.4398791705758,7.291815120827588,1729814236.8796227
172.75068473226693,1727.5068473226693,7.2747663216230345,1729814236.8897073
172.85713099456243,1728.5713099456243,7.257683207231373,1729814236.8996792
172.96332620634303,1729.6332620634303,7.240566165572555,1729814236.9097092
173.06926987572598,1730.6926987572597,7.223415586529311,1729814236.9196012
173.1749615165751,1731.749615165751,7.206231861913973,1729814236.929616
173.28040064852868,1732.804006485287,7.189015385435074,1729814236.9396443
173.38558679702663,1733.8558679702664,7.171766552663701,1729814236.9497643
173.49051949333747,1734.9051949333748,7.154485760999653,1729814236.9596314
173.5951982745846,1735.951982745846,7.137173409637345,1729814236.9698396
173.69962268377205,1736.9962268377205,7.11982989953153,1729814236.9796083
173.8037922698099,1738.037922698099,7.102455633362806,1729814236.9896894
173.90770658753897,1739.0770658753897,7.08505101550292,1729814236.999558
174.01136519775523,1740.1136519775523,7.067616451979879,1729814237.0096714
174.11476766723348,1741.147676672335,7.050152350442876,1729814237.0195718
174.21791356875065,1742.1791356875065,7.032659120127026,1729814237.0295799
174.32080248110856,1743.2080248110856,7.015137171817945,1729814237.039797
174.42343398915608,1744.234339891561,6.997586917816123,1729814237.0496361
174.5258076838109,1745.258076838109,6.980008771901178,1729814237.0596213
174.6279231620807,1746.279231620807,6.962403149295912,1729814237.069675
174.72978002708362,1747.2978002708362,6.944770466630236,1729814237.0795612
174.8313778880686,1748.313778880686,6.927111141904957,1729814237.0896475
174.9327163604348,1749.327163604348,6.909425594455404,1729814237.0996614
175.0337950657507,1750.337950657507,6.891714244914932,1729814237.1100256
175.13461363177257,1751.3461363177257,6.873977515178301,1729814237.119618
175.23517169246244,1752.3517169246245,6.8562158283649275,1729814237.1296248
175.33546888800558,1753.3546888800558,6.838429608782036,1729814237.1397216
175.43550486482724,1754.3550486482723,6.820619281887675,1729814237.1498978
175.53527927560913,1755.3527927560913,6.802785274253669,1729814237.1596446
175.63479177930515,1756.3479177930515,6.784928013528439,1729814237.1696136
175.7340420411566,1757.3404204115661,6.767047928399751,1729814237.1795752
175.83302973270696,1758.3302973270697,6.749145448557392,1729814237.1895692
175.93175453181595,1759.3175453181595,6.7312210046557475,1729814237.1996422
176.03021612267318,1760.3021612267319,6.713275028276319,1729814237.2096012
176.12841419581116,1761.2841419581116,6.695307951890189,1729814237.2195842
176.22634844811788,1762.2634844811787,6.677320208820409,1729814237.2296093
176.32401858284862,1763.2401858284861,6.659312233204344,1729814237.2397056
176.42142430963747,1764.2142430963747,6.641284459955986,1729814237.2495458
176.51856534450806,1765.1856534450806,6.623237324728208,1729814237.2598531
176.61544140988394,1766.1544140988394,6.605171263875009,1729814237.2695735
176.71205223459825,1767.1205223459824,6.587086714413702,1729814237.279566
176.80839755390286,1768.0839755390286,6.568984113987117,1729814237.2896428
176.9044771094771,1769.044771094771,6.550863900825777,1729814237.299762
177.00029064943575,1770.0029064943576,6.5327265137100605,1729814237.3096802
177.09583792833652,1770.9583792833653,6.514572391932377,1729814237.3195512
177.19111870718706,1771.9111870718707,6.49640197525934,1729814237.329549
177.28613275345137,1772.8613275345137,6.4782157038939605,1729814237.3396413
177.3808798410556,1773.808798410556,6.460014018437848,1729814237.3497853
177.47535975039335,1774.7535975039336,6.441797359853454,1729814237.3599494
177.5695722683305,1775.695722683305,6.423566169426323,1729814237.3696465
177.6635171882092,1776.635171882092,6.405320888727409,1729814237.3796291
177.7571943098517,1777.571943098517,6.387061959575417,1729814237.389696
177.85060343956337,1778.5060343956338,6.368789823999201,1729814237.3997808
177.94374439013515,1779.4374439013516,6.350504924200213,1729814237.4096596
178.03661698084562,1780.366169808456,6.332207702515023,1729814237.4196193
178.12922103746246,1781.2922103746246,6.313898601377905,1729814237.429606
178.22155639224323,1782.2155639224322,6.295578063283485,1729814237.4397316
178.31362288393578,1783.1362288393577,6.277246530749491,1729814237.449595
178.40542035777804,1784.0542035777803,6.258904446279582,1729814237.4596167
178.49694866549723,1784.9694866549723,6.240552252326251,1729814237.4696379
178.58820766530863,1785.8820766530862,6.222190391253856,1729814237.4796455
178.6791972219137,1786.791972219137,6.2038193053017325,1729814237.4896822
178.76991720649772,1787.6991720649771,6.185439436547422,1729814237.499621
178.86036749672687,1788.6036749672687,6.167051226870035,1729814237.5096014
178.95054797674476,1789.5054797674475,6.148655117913696,1729814237.519663
179.04045853716855,1790.4045853716855,6.130251551051165,1729814237.5295835
179.13009907508433,1791.3009907508433,6.111840967347536,1729814237.5396245
179.21946949404216,1792.1946949404216,6.093423807524129,1729814237.549603
179.30856970405037,1793.0856970405036,6.075000511922482,1729814237.5596035
179.39739962156963,1793.9739962156964,6.0565715204685375,1729814237.5698543
179.48595916950623,1794.8595916950624,6.038137272636926,1729814237.5796547
179.57424827720493,1795.7424827720492,6.019698207415465,1729814237.5897758
179.66226688044136,1796.6226688044137,6.001254763269792,1729814237.5997946
179.75001492141385,1797.5001492141384,5.982807378108173,1729814237.6096935
179.83749234873468,1798.374923487347,5.964356489246497,1729814237.6195638
179.92469911742091,1799.2469911742091,5.945902533373436,1729814237.6296482
180.01163518888467,1800.1163518888466,5.92744594651582,1729814237.639771
180.09830053092296,1800.9830053092296,5.908987164004167,1729814237.6497085
180.18469511770695,1801.8469511770695,5.8905266204384334,1729814237.6598048
180.2708189297707,1802.7081892977071,5.8720647496539495,1729814237.6696682
180.35667195399952,1803.5667195399951,5.853601984687592,1729814237.6797574
180.44225418361773,1804.4225418361773,5.83513875774413,1729814237.6897488
180.52756561817597,1805.2756561817596,5.8166755001627966,1729814237.6996422
180.61260626353803,1806.1260626353803,5.798212642384106,1729814237.7096393
180.69737613186717,1806.9737613186717,5.779750613916858,1729814237.719628
180.78187524161197,1807.8187524161197,5.7612898433053985,1729814237.7296124
180.86610361749175,1808.6610361749174,5.742830758097114,1729814237.7396958
180.95006129048141,1809.5006129048143,5.724373784810129,1729814237.7496865
181.03374829779594,1810.3374829779593,5.7059193489013005,1729814237.7597337
181.11716468287432,1811.1716468287432,5.687467874734412,1729814237.769751
181.20031049536303,1812.0031049536303,5.669019785548641,1729814237.779604
181.28318579109916,1812.8318579109916,5.650575503427292,1729814237.7897027
181.3657906320929,1813.6579063209292,5.632135449266746,1729814237.7995589
181.44812508650986,1814.4812508650987,5.61370004274573,1729814237.809677
181.53018922865252,1815.3018922865251,5.595269702294792,1729814237.8196135
181.61198313894164,1816.1198313894165,5.576844845066104,1729814237.8296216
181.6935069038971,1816.9350690389708,5.558425886903504,1729814237.839902
181.77476061611813,1817.7476061611812,5.540013242312812,1729814237.849628
181.8557443742634,1818.557443742634,5.521607324432454,1729814237.8596
181.93645828303042,1819.3645828303042,5.503208545004357,1729814237.8696394
182.01690245313472,1820.169024531347,5.484817314345122,1729814237.879603
182.0970770012885,1820.9707700128852,5.466434041317499,1729814237.8896344
182.1769820501789,1821.7698205017891,5.448059133302152,1729814237.899606
182.25661772844583,1822.5661772844583,5.429692996169736,1729814237.9097269
182.3359841706594,1823.3598417065941,5.411336034253245,1729814237.9195971
182.41508151729707,1824.1508151729706,5.3929886503207,1729814237.9295979
182.49390991472015,1824.9390991472014,5.374651245548104,1729814237.9396327
182.57246951515017,1825.7246951515017,5.35632421949275,1729814237.9497714
182.65076047664476,1826.5076047664477,5.338007970066805,1729814237.9596663
182.72878296307303,1827.2878296307304,5.319702893511213,1729814237.9696655
182.80653714409078,1828.0653714409077,5.301409384369947,1729814237.9795618
182.8840231951152,1828.840231951152,5.283127835464537,1729814237.9896274
182.9612412972992,1829.6124129729922,5.264858637868958,1729814237.9996686
183.0381916375056,1830.381916375056,5.24660218088481,1729814238.0096622
183.11487440828049,1831.1487440828048,5.228358852016836,1729814238.0196226
183.1912898078267,1831.912898078267,5.2101290369488,1729814238.0295706
183.26743803997675,1832.6743803997674,5.191913119519642,1729814238.0395744
183.3433193141654,1833.433193141654,5.1737114817000025,1729814238.0496016
183.4189338454019,1834.189338454019,5.155524503569066,1729814238.0595539
183.49428185424193,1834.9428185424194,5.137352563291747,1729814238.0695558
183.56936356675922,1835.6936356675922,5.119196037096234,1729814238.0796268
183.64417921451675,1836.4417921451675,5.101055299251811,1729814238.0896418
183.7187290345378,1837.187290345378,5.082930722047108,1729814238.099656
183.79301326927649,1837.9301326927648,5.064822675768613,1729814238.1098282
183.86703216658816,1838.6703216658816,5.0467315286795875,1729814238.1196034
183.9407859796994,1839.407859796994,5.02865764699929,1729814238.1296613
184.01427496717773,1840.1427496717772,5.010601394882565,1729814238.1396403
184.08749939290104,1840.8749939290103,4.99256313439978,1729814238.1497421
184.16045952602673,1841.6045952602672,4.974543225517105,1729814238.1595879
184.2331556409606,1842.331556409606,4.956542026077145,1729814238.1696093
184.30558801732536,1843.0558801732536,4.938559891779913,1729814238.1795766
184.37775693992901,1843.77756939929,4.920597176164185,1729814238.189604
184.4496626987328,1844.496626987328,4.902654230589165,1729814238.199567
184.52130558881902,1845.2130558881902,4.884731404216541,1729814238.209719
184.59268591035854,1845.9268591035855,4.866829043992873,1729814238.2195377
184.66380396857807,1846.6380396857808,4.84894749463235,1729814238.2295415
184.7346600737271,1847.346600737271,4.831087098599876,1729814238.2400973
184.80525454104475,1848.0525454104475,4.81324819609455,1729814238.249619
184.87558769072626,1848.7558769072625,4.795431125033471,1729814238.2596495
184.94565984788932,1849.4565984788933,4.777636221035904,1729814238.2695813
185.01547134254008,1850.1547134254008,4.759863817407812,1729814238.279548
185.08502250953907,1850.8502250953907,4.742114245126736,1729814238.2896485
185.1543136885668,1851.543136885668,4.724387832827035,1729814238.2996187
185.22334522408914,1852.2334522408914,4.706684906785479,1729814238.3097014
185.29211746532263,1852.9211746532264,4.689005790907193,1729814238.319691
185.36063076619945,1853.6063076619944,4.6713508067119776,1729814238.3297043
185.42888548533216,1854.2888548533215,4.653720273320942,1729814238.3396087
185.4968819859785,1854.9688198597848,4.636114507443555,1729814238.3497584
185.56462063600563,1855.6462063600563,4.618533823364975,1729814238.3596692
185.6321018078546,1856.321018078546,4.600978532933807,1729814238.3697836
185.6993258785043,1856.993258785043,4.583448945550151,1729814238.3795686
185.7662932294354,1857.662932294354,4.565945368154052,1729814238.3895824
185.83300424659416,1858.3300424659415,4.5484681052142735,1729814238.3996468
185.89945932035593,1858.9945932035594,4.5310174587174155,1729814238.4096394
185.9656588454887,1859.6565884548868,4.513593728157424,1729814238.41962
186.0316032211163,1860.316032211163,4.496197210525404,1729814238.4296792
186.09729285068164,1860.9729285068165,4.478828200299788,1729814238.4397945
186.1627281419096,1861.627281419096,4.461486989436903,1729814238.449652
186.22790950677003,1862.2790950677004,4.444173867361796,1729814238.4596536
186.2928373614404,1862.928373614404,4.426889120959487,1729814238.4696732
186.3575121262685,1863.575121262685,4.409633034566511,1729814238.4796107
186.42193422573482,1864.2193422573482,4.392405889962832,1729814238.4896197
186.4861040884151,1864.861040884151,4.375207966364093,1729814238.4996502
186.5500221469425,1865.500221469425,4.358039540414198,1729814238.5097353
186.61368883796982,1866.1368883796981,4.340900886178224,1729814238.5196214
186.67710460213155,1866.7710460213154,4.323792275135701,1729814238.5295985
186.7402698840059,1867.402698840059,4.306713976174202,1729814238.539599
186.80318513207666,1868.0318513207667,4.289666255583266,1729814238.5496325
186.86585079869502,1868.65850798695,4.272649377048664,1729814238.559718
186.9282673400413,1869.282673400413,4.255663601646998,1729814238.5696507
186.99043521608658,1869.9043521608658,4.238709187840616,1729814238.579646
187.0523548905544,1870.523548905544,4.2217863914728575,1729814238.5896418
187.11402683088212,1871.1402683088213,4.204895465763627,1729814238.5996537
187.1754515081825,1871.754515081825,4.188036661305297,1729814238.6096675
187.23662939720504,1872.3662939720502,4.1712102260589194,1729814238.6195748
187.2975609762974,1872.975609762974,4.154416405350763,1729814238.6296573
187.35824672736666,1873.5824672736667,4.137655441869149,1729814238.6396167
187.41868713584063,1874.1868713584063,4.120927575661649,1729814238.6496246
187.478882690629,1874.78882690629,4.104233044132533,1729814238.6596
187.53883388408468,1875.3883388408467,4.087572082040586,1729814238.6696267
187.5985412119648,1875.9854121196481,4.070944921497184,1729814238.6796582
187.658005173392,1876.58005173392,4.05435179196472,1729814238.6896367
187.71722627081553,1877.1722627081554,4.037792920255288,1729814238.6996922
187.77620500997224,1877.7620500997225,4.021268530529707,1729814238.7098181
187.8349418998479,1878.349418998479,4.004778844296837,1729814238.719601
187.8934374526381,1878.934374526381,3.988324080413153,1729814238.7297246
187.95169218370947,1879.5169218370947,3.9719044550826847,1729814238.7396393
188.00970661156072,1880.097066115607,3.955520181857164,1729814238.7498362
188.06748125778375,1880.6748125778377,3.9391714716365396,1729814238.759708
188.12501664702486,1881.2501664702486,3.922858532669726,1729814238.7696226
188.18231330694573,1881.8231330694573,3.9065815705556384,1729814238.7796273
188.23937176818467,1882.3937176818467,3.8903407882445578,1729814238.7897344
188.2961925643178,1882.9619256431781,3.874136386039713,1729814238.799709
188.3527762318202,1883.527762318202,3.857968561599166,1729814238.8098462
188.4091233100272,1884.0912331002721,3.8418375099379976,1729814238.8196337
188.46523434109565,1884.6523434109565,3.8257434234306915,1729814238.8296194
188.52110986996513,1885.2110986996513,3.8096864918138698,1729814238.8399165
188.57675044431946,1885.7675044431946,3.793666902189244,1729814238.8495793
188.63215661454802,1886.3215661454801,3.777684839026822,1729814238.8596742
188.68732893370716,1886.8732893370716,3.7617404841683992,1729814238.869814
188.74226795748183,1887.4226795748182,3.7458340168313233,1729814238.8796291
188.796974244147,1887.96974244147,3.7299656136124364,1729814238.889657
188.85144835452942,1888.5144835452943,3.7141354484923674,1729814238.8997052
188.9056908519692,1889.0569085196921,3.6983436928399938,1729814238.9096532
188.95970230228167,1889.5970230228168,3.682590515417191,1729814238.9197261
189.01348327371917,1890.1348327371918,3.6668760823838094,1729814238.9297261
189.06703433693298,1890.6703433693297,3.6512005573028707,1729814238.9397163
189.12035606493527,1891.2035606493528,3.6355641011460538,1729814238.9495916
189.17344903306122,1891.734490330612,3.6199668722993614,1729814238.959694
189.2263138189312,1892.263138189312,3.6044090265690416,1729814238.969772
189.27895100241298,1892.7895100241299,3.5888907171877227,1729814238.9796622
189.3313611655841,1893.313611655841,3.5734120948207915,1729814238.9895768
189.3835448926943,1893.835448926943,3.557973307572972,1729814238.999735
189.43550277012804,1894.3550277012805,3.5425745009951415,1729814239.009654
189.48723538636725,1894.8723538636725,3.5272158180913413,1729814239.0196247
189.53874333195395,1895.3874333195395,3.5118973993260134,1729814239.029645
189.5900271994532,1895.900271994532,3.4966193826314393,1729814239.0397706
189.64108758341604,1896.4108758341604,3.481381903415393,1729814239.049726
189.69192508034254,1896.9192508034255,3.466185094568983,1729814239.0596044
189.74254028864513,1897.4254028864514,3.451029086474711,1729814239.0698204
189.79293380861182,1897.9293380861182,3.4359140070146994,1729814239.0795686
189.84310624236966,1898.4310624236966,3.4208399815791415,1729814239.089838
189.89305819384833,1898.9305819384833,3.4058071330749353,1729814239.0996451
189.9427902687439,1899.427902687439,3.390815581934495,1729814239.1098728
189.99230307448258,1899.9230307448258,3.375865446124748,1729814239.1196349
190.04159722018477,1900.4159722018476,3.360956841156309,1729814239.1296751
190.09067331662914,1900.9067331662914,3.346089880092854,1729814239.1396914
190.13953197621686,1901.3953197621686,3.3312646735606437,1729814239.1496015
190.18817381293601,1901.8817381293602,3.31648132975823,1729814239.1595736
190.2365994423262,1902.365994423262,3.3017399544663384,1729814239.169795
190.28480948144306,1902.8480948144306,3.287040651057877,1729814239.1795576
190.3328045488233,1903.328045488233,3.2723835205081837,1729814239.1896174
190.38058526444954,1903.8058526444954,3.2577686614053416,1729814239.1995904
190.4281522497155,1904.281522497155,3.2431961699607283,1729814239.2096357
190.47550612739133,1904.7550612739133,3.2286661400196675,1729814239.2196994
190.52264752158902,1905.2264752158903,3.2141786630722633,1729814239.2295687
190.56957705772803,1905.6957705772802,3.199733828264338,1729814239.2396646
190.61629536250106,1906.1629536250107,3.1853317224085913,1729814239.2495813
190.66280306384007,1906.6280306384008,3.170972429995807,1729814239.2596264
190.7091007908823,1907.091007908823,3.1566560332062608,1729814239.269667
190.75518917393657,1907.5518917393656,3.1423826119212404,1729814239.2796688
190.80106884444976,1908.0106884444976,3.1281522437347196,1729814239.2898164
190.8467404349734,1908.4674043497341,3.113965003965119,1729814239.299653
190.89220457913058,1908.9220457913057,3.0998209656672344,1729814239.3097296
190.9374619115827,1909.3746191158268,3.085720199644258,1729814239.319604
190.98251306799685,1909.8251306799684,3.071662774459954,1729814239.3296852
191.0273586850131,1910.2735868501309,3.0576487564509005,1729814239.3396657
191.07199940021187,1910.7199940021187,3.0436782097388884,1729814239.3496983
191.11643585208182,1911.1643585208183,3.029751196243443,1729814239.3597865
191.1606686799876,1911.606686799876,3.0158677756943764,1729814239.3696365
191.20469852413797,1912.0469852413796,3.0020280056445543,1729814239.37966
191.2485260255541,1912.485260255541,2.9882319414826677,1729814239.3896513
191.29215182603795,1912.9215182603796,2.9744796364461603,1729814239.3996825
191.33557656814097,1913.3557656814096,2.9607711416342415,1729814239.4097526
191.37880089513283,1913.7880089513283,2.947106506020975,1729814239.4196553
191.42182545097054,1914.2182545097055,2.933485776468504,1729814239.429662
191.4646508802677,1914.646508802677,2.9199089977403094,1729814239.4397304
191.5072778282638,1915.072778282638,2.9063762125145693,1729814239.4496171
191.54970694079387,1915.4970694079386,2.8928874613976374,1729814239.4595973
191.59193886425837,1915.9193886425837,2.87944278293757,1729814239.4697406
191.63397424559312,1916.3397424559312,2.8660422136377157,1729814239.4796119
191.67581373223956,1916.7581373223957,2.8526857879704117,1729814239.48964
191.71745797211508,1917.1745797211508,2.839373538390743,1729814239.4996123
191.75890761358374,1917.5890761358373,2.8261054953503715,1729814239.5097506
191.80016330542705,1918.0016330542705,2.8128816873114157,1729814239.5196168
191.84122569681494,1918.4122569681494,2.799702140760415,1729814239.5295608
191.88209543727712,1918.8209543727712,2.786566880222346,1729814239.539644
191.92277317667435,1919.2277317667435,2.773475928274702,1729814239.5496075
191.96325956517023,1919.6325956517023,2.7604293055616216,1729814239.5595295
192.003555253203,1920.03555253203,2.7474270308080886,1729814239.5699136
192.04366089145753,1920.4366089145753,2.734469120834147,1729814239.579651
192.08357713083774,1920.8357713083774,2.7215555905692153,1729814239.5896213
192.12330462243892,1921.2330462243892,2.7086864530664085,1729814239.5996554
192.16284401752057,1921.6284401752057,2.6958617195169188,1729814239.6095533
192.20219596747916,1922.0219596747916,2.6830813992644265,1729814239.619749
192.24136112382135,1922.4136112382134,2.670345499819586,1729814239.6295812
192.28034013813732,1922.803401381373,2.657654026874492,1729814239.6396985
192.3191336620742,1923.1913366207418,2.6450069843172184,1729814239.6497066
192.35774234730997,1923.5774234730998,2.6324043742464083,1729814239.6596737
192.3961668455273,1923.961668455273,2.6198461969858204,1729814239.6696274
192.43440780838782,1924.3440780838782,2.6073324510990012,1729814239.679742
192.4724658875065,1924.724658875065,2.594863133403889,1729814239.6896079
192.51034173442625,1925.1034173442624,2.5824382389875025,1729814239.6996222
192.54803600059273,1925.4803600059272,2.5700577612206343,1729814239.709818
192.58554933732944,1925.8554933732944,2.5577216917725547,1729814239.7196715
192.62288239581295,1926.2288239581294,2.545430020625737,1729814239.729746
192.66003582704838,1926.6003582704839,2.533182736090601,1729814239.7396302
192.69701028184505,1926.9701028184504,2.5209798248202686,1729814239.7496457
192.73380641079254,1927.3380641079254,2.508821271825335,1729814239.7596529
192.77042486423662,1927.704248642366,2.4967070604886077,1729814239.7696834
192.8068662922557,1928.068662922557,2.484637172579929,1729814239.7795842
192.84313134463738,1928.431313446374,2.4726115882709374,1729814239.7896578
192.87922067085526,1928.7922067085526,2.4606302861498586,1729814239.7995725
192.91513492004583,1929.1513492004583,2.4486932432362645,1729814239.809715
192.9508747409858,1929.508747409858,2.436800434995912,1729814239.8196566
192.9864407820694,1929.864407820694,2.4249518353554658,1729814239.8296835
193.02183369128616,1930.2183369128616,2.4131474167173312,1729814239.8398995
193.05705411619869,1930.570541161987,2.401387149974366,1729814239.849642
193.09210270392074,1930.9210270392075,2.389671004524687,1729814239.8597045
193.12698010109557,1931.2698010109557,2.3779989482863932,1729814239.8696158
193.16168695387438,1931.6168695387437,2.366370947712313,1729814239.8796492
193.19622390789507,1931.9622390789507,2.354786967804724,1729814239.8896575
193.23059160826122,1932.3059160826122,2.3432469721300633,1729814239.899647
193.26479069952114,1932.6479069952115,2.331750922833608,1729814239.9096384
193.29882182564737,1932.9882182564736,2.3202987806541673,1729814239.9195964
193.33268563001616,1933.3268563001616,2.3088905049386996,1729814239.929608
193.36638275538732,1933.6638275538733,2.297526053656969,1729814239.9396942
193.39991384388426,1933.9991384388427,2.2862053834161378,1729814239.9499023
193.4332795369742,1934.332795369742,2.2749284494753335,1729814239.959643
193.46648047544852,1934.6648047544852,2.2636952057602064,1729814239.9696615
193.49951729940358,1934.9951729940358,2.252505604877472,1729814239.9796562
193.53239064822145,1935.3239064822146,2.2413595981293684,1729814239.9896572
193.5651011605511,1935.651011605511,2.2302571355281398,1729814239.9996493
193.5976494742896,1935.976494742896,2.2191981658104423,1729814240.0096383
193.63003622656365,1936.3003622656365,2.2081826364517694,1729814240.0197542
193.66226205371132,1936.622620537113,2.1972104936807755,1729814240.0296557
193.69432759126394,1936.9432759126394,2.186281682493619,1729814240.039808
193.7262334739283,1937.2623347392828,2.175396146668233,1729814240.049672
193.75798033556885,1937.5798033556885,2.164553828778561,1729814240.05959
193.7895688091904,1937.895688091904,2.153754670208772,1729814240.0697186
193.82099952692082,1938.209995269208,2.142998611167415,1729814240.0796688
193.85227311999395,1938.5227311999395,2.132285590701522,1729814240.0896125
193.8833902187329,1938.833902187329,2.1216155467106956,1729814240.0996614
193.91435145253328,1939.1435145253329,2.1109884159611108,1729814240.1096718
193.94515744984687,1939.4515744984687,2.1004041340995157,1729814240.1195464
193.97580883816542,1939.7580883816543,2.0898626356671466,1729814240.1297736
194.00630624400455,1940.0630624400455,2.079363854113603,1729814240.1395788
194.03665029288803,1940.3665029288802,2.068907721810695,1729814240.149835
194.06684160933213,1940.6684160933214,2.0584941700661963,1729814240.1596143
194.09688081683026,1940.9688081683025,2.0481231291375908,1729814240.1699035
194.12676853783768,1941.2676853783769,2.03779452824572,1729814240.1796482
194.1565053937566,1941.5650539375658,2.027508295588439,1729814240.1896427
194.18609200492125,1941.8609200492124,2.0172643583541197,1729814240.1997013
194.21552899058346,1942.1552899058347,2.00706264273522,1729814240.2096903
194.24481696889805,1942.4481696889804,1.9969030739416642,1729814240.219664
194.2739565569087,1942.739565569087,1.9867855762142945,1729814240.2297106
194.30294837053398,1943.0294837053398,1.9767100728381675,1729814240.2398953
194.3317930245535,1943.3179302455349,1.9666764861558133,1729814240.2496967
194.36049113259415,1943.6049113259414,1.9566847375804575,1729814240.2596428
194.3890433071169,1943.8904330711691,1.9467347476091945,1729814240.2696762
194.4174501594034,1944.174501594034,1.9368264358360119,1729814240.279545
194.44571229954286,1944.4571229954286,1.926959720964866,1729814240.2895746
194.4738303364194,1944.738303364194,1.9171345208226136,1729814240.2996013
194.50180487769921,1945.0180487769921,1.9073507523719038,1729814240.309967
194.5296365298181,1945.2963652981812,1.8976083317240129,1729814240.319621
194.55732589796924,1945.5732589796924,1.8879071741515887,1729814240.329637
194.58487358609096,1945.8487358609095,1.87824719410136,1729814240.3396456
194.61228019685495,1946.1228019685495,1.8686283052067545,1729814240.3496315
194.63954633165437,1946.3954633165438,1.8590504203004603,1729814240.3597412
194.6666725905924,1946.666725905924,1.8495134514269111,1729814240.369723
194.69365957247086,1946.9365957247087,1.8400173098547026,1729814240.3796082
194.7205078747789,1947.2050787477888,1.8305619060889378,1729814240.3895998
194.74721809368208,1947.4721809368207,1.8211471498835252,1729814240.3996198
194.77379082401157,1947.7379082401158,1.8117729502533575,1729814240.4096744
194.80022665925335,1948.0022665925335,1.802439215486465,1729814240.419684
194.82652619153785,1948.2652619153785,1.793145853156081,1729814240.4297483
194.85269001162956,1948.5269001162956,1.783892770132627,1729814240.439685
194.87871870891695,1948.7871870891695,1.7746798725956314,1729814240.4498556
194.90461287140252,1949.0461287140251,1.7655070660455732,1729814240.4596562
194.93037308569296,1949.3037308569296,1.7563742553156392,1729814240.4697654
194.95599993698957,1949.5599993698956,1.7472813445834483,1729814240.4796975
194.9814940090788,1949.814940090788,1.7382282373826492,1729814240.489573
195.006855884323,1950.0685588432298,1.7292148366144773,1729814240.49966
195.0320861436512,1950.3208614365121,1.720241044559221,1729814240.5096638
195.05718536655047,1950.5718536655047,1.711306762887632,1729814240.5196104
195.08215413105674,1950.8215413105675,1.702411892672193,1729814240.5296292
195.10699301374646,1951.0699301374646,1.6935563343984292,1729814240.5396485
195.13170258972812,1951.3170258972812,1.684739987976035,1729814240.5496893
195.15628343263387,1951.5628343263388,1.6759627527499508,1729814240.5596125
195.18073611461153,1951.8073611461155,1.6672245275114108,1729814240.5697563
195.20506120631651,1952.050612063165,1.6585252105088355,1729814240.57978
195.22925927690406,1952.2925927690405,1.649864699458724,1729814240.589618
195.25333089402164,1952.5333089402166,1.6412428915564103,1729814240.59971
195.27727662380144,1952.7727662380144,1.632659683486762,1729814240.609611
195.301097030853,1953.01097030853,1.6241149714348044,1729814240.6195767
195.32479267825602,1953.2479267825602,1.6156086510962677,1729814240.6295571
195.34836412755345,1953.4836412755344,1.6071406176880523,1729814240.6396863
195.37181193874454,1953.7181193874453,1.5987107659586013,1729814240.6496565
195.39513667027808,1953.951366702781,1.5903189901982036,1729814240.6597118
195.4183388790459,1954.183388790459,1.581965184249243,1729814240.6696725
195.44141912037645,1954.4141912037644,1.573649241516326,1729814240.6796067
195.46437794802847,1954.6437794802846,1.5653710549763489,1729814240.689724
195.48721591418493,1954.8721591418494,1.557130517188502,1729814240.6996324
195.50993356944699,1955.0993356944698,1.5489275203041502,1729814240.7096355
195.5325314628282,1955.3253146282818,1.5407619560766979,1729814240.719717
195.55501014174877,1955.5501014174877,1.5326337158713088,1729814240.7296038
195.57737015203008,1955.7737015203008,1.5245426906745962,1729814240.7395568
195.59961203788924,1955.9961203788926,1.5164887711041957,1729814240.7497423
195.62173634193377,1956.2173634193377,1.508471847418286,1729814240.7596817
195.64374360515652,1956.437436051565,1.5004918095250226,1729814240.7697728
195.66563436693068,1956.6563436693068,1.492548546991878,1729814240.7796493
195.68740916500488,1956.8740916500487,1.4846419490549174,1729814240.7895746
195.7090685354985,1957.090685354985,1.476771904627998,1729814240.7995944
195.730613012897,1957.3061301289702,1.4689383023118776,1729814240.8096352
195.75204313004764,1957.5204313004765,1.4611410304032486,1729814240.819847
195.77335941815488,1957.7335941815488,1.453379976903679,1729814240.8297517
195.79456240677646,1957.9456240677646,1.4456550295285233,1729814240.8396757
195.81565262381918,1958.1565262381919,1.4379660757156618,1729814240.849586
195.8366305955349,1958.366305955349,1.4303130026342548,1729814240.8597093
195.85749684651694,1958.5749684651694,1.4226956971933966,1729814240.869783
195.87825189969615,1958.7825189969615,1.4151140460506106,1729814240.8796558
195.89889627633752,1958.9889627633752,1.4075679356203985,1729814240.889662
195.91943049603665,1959.1943049603665,1.4000572520825945,1729814240.899675
195.93985507671644,1959.3985507671644,1.3925818813907054,1729814240.9096878
195.96017053462393,1959.6017053462392,1.3851417092801672,1729814240.9195669
195.9803773843272,1959.803773843272,1.3777366212764737,1729814240.9297101
196.0004761387124,1960.004761387124,1.3703665027032959,1729814240.9396536
196.0204673089809,1960.204673089809,1.3630312386904813,1729814240.9496093
196.0403514046466,1960.403514046466,1.3557307141819959,1729814240.9597492
196.06012893353326,1960.6012893353327,1.3484648139437614,1729814240.9696538
196.0798004017721,1960.798004017721,1.3412334225714606,1729814240.9796655
196.0993663137993,1960.9936631379928,1.3340364244981988,1729814240.9896376
196.11882717235378,1961.1882717235378,1.326873704002167,1729814240.9996638
196.1381834784751,1961.381834784751,1.31974514521417,1729814241.0096638
196.1574357315013,1961.574357315013,1.3126506321250908,1729814241.0196621
196.176584429067,1961.76584429067,1.3055900485933105,1729814241.0296636
196.1956300671016,1961.956300671016,1.2985632783520071,1729814241.0396864
196.2145731398275,1962.145731398275,1.2915702050163997,1729814241.0497248
196.23341413975854,1962.3341413975854,1.2846107120909338,1729814241.05972
196.25215355769834,1962.5215355769833,1.2776846829763493,1729814241.069578
196.27079188273905,1962.7079188273906,1.2707920009767293,1729814241.079597
196.28932960225995,1962.8932960225995,1.2639325493064224,1729814241.089591
196.30776720192625,1963.0776720192625,1.257106211096912,1729814241.0996299
196.32610516568795,1963.2610516568795,1.2503128694036267,1729814241.1096396
196.34434397577883,1963.4434397577884,1.2435524072126551,1729814241.1195934
196.36248411271555,1963.6248411271554,1.2368247074474017,1729814241.1295755
196.38052605529683,1963.8052605529683,1.230129652975154,1729814241.1395674
196.39847028060274,1963.9847028060274,1.2234671266135948,1729814241.1496396
196.416317263994,1964.1631726399398,1.216837011137206,1729814241.1596093
196.43406747911146,1964.3406747911147,1.2102391892836757,1729814241.1696723
196.45172139787573,1964.5172139787574,1.2036735437601493,1729814241.179609
196.4692794904867,1964.6927949048672,1.1971399572494612,1729814241.189724
196.48674222542343,1964.8674222542343,1.1906383124162716,1729814241.1997492
196.50411006944378,1965.0411006944378,1.1841684919131439,1729814241.2095547
196.52138348758447,1965.2138348758447,1.1777303783865396,1729814241.2195804
196.53856294316103,1965.3856294316101,1.1713238544827853,1729814241.2296379
196.55564889776784,1965.5564889776783,1.1649488028538955,1729814241.2396934
196.5726418112784,1965.726418112784,1.1586051061633988,1729814241.2496352
196.5895421418455,1965.895421418455,1.1522926470920336,1729814241.2596004
196.60635034590157,1966.0635034590157,1.146011308343437,1729814241.2695842
196.62306687815914,1966.2306687815912,1.1397609726497067,1729814241.2796671
196.63969219161126,1966.3969219161127,1.1335415227769492,1729814241.289683
196.65622673753214,1966.5622673753214,1.127352841530706,1729814241.2996976
196.6726709654778,1966.726709654778,1.121194811761373,1729814241.309634
196.6890253232868,1966.8902532328682,1.1150673163694826,1729814241.3197358
196.70529025708106,1967.0529025708106,1.1089702383109874,1729814241.3295813
196.7214662112667,1967.214662112667,1.102903460602435,1729814241.339646
196.73755362853504,1967.3755362853503,1.0968668663260932,1729814241.3496032
196.7535529498637,1967.5355294986368,1.0908603386350049,1729814241.359797
196.7694646145176,1967.694646145176,1.0848837607579906,1729814241.3696024
196.78528906005025,1967.8528906005024,1.0789370160045444,1729814241.379843
196.80102672230487,1968.0102672230487,1.0730199877697395,1729814241.3896794
196.81667803541586,1968.1667803541586,1.0671325595390109,1729814241.3996685
196.8322434318101,1968.322434318101,1.0612746148928835,1729814241.41001
196.84772334220847,1968.4772334220847,1.0554460375116606,1729814241.4196088
196.86311819562732,1968.6311819562732,1.04964671118002,1729814241.4295628
196.87842841938016,1968.7842841938016,1.0438765197915807,1729814241.4398074
196.89365443907917,1968.9365443907918,1.038135347353376,1729814241.4497187
196.90879667863715,1969.0879667863715,1.0324230779903083,1729814241.4596622
196.92385556026906,1969.2385556026907,1.026739595949459,1729814241.4696398
196.9388315044941,1969.388315044941,1.0210847856044751,1729814241.479591
196.95372493013744,1969.5372493013745,1.015458531459742,1729814241.4896197
196.9685362543324,1969.6853625433241,1.0098607181546122,1729814241.4996865
196.9832658925223,1969.8326589252229,1.0042912304675025,1729814241.5100408
196.99791425846266,1969.9791425846265,0.9987499533200073,1729814241.5197682
197.01248176422334,1970.1248176422334,0.9932367717808586,1729814241.529696
197.02696882019075,1970.2696882019075,0.9877515710699101,1729814241.5395796
197.04137583507014,1970.4137583507013,0.9822942365620311,1729814241.5497153
197.0557032158879,1970.5570321588789,0.976864653790922,1729814241.5596359
197.06995136799395,1970.6995136799396,0.9714627084529337,1729814241.569828
197.08412069506426,1970.8412069506426,0.9660882864107532,1729814241.579661
197.0982115991032,1970.982115991032,0.9607412736970933,1729814241.589583
197.11222448044617,1971.1222448044618,0.9554215565183146,1729814241.5995712
197.12615973776226,1971.2615973776226,0.9501290212579712,1729814241.6096125
197.14001776805677,1971.4001776805676,0.9448635544803079,1729814241.6196208
197.15379896667397,1971.5379896667398,0.9396250429337372,1729814241.6296158
197.16750372729987,1971.6750372729987,0.9344133735542155,1729814241.639686
197.18113244196502,1971.8113244196502,0.9292284334686063,1729814241.6496882
197.19468550104733,1971.9468550104734,0.9240701099979358,1729814241.6596146
197.20816329327496,1972.0816329327497,0.9189382906606636,1729814241.6696184
197.22156620572932,1972.2156620572932,0.913832863175869,1729814241.6796143
197.23489462384794,1972.3489462384794,0.9087537154663636,1729814241.689569
197.24814893142766,1972.4814893142766,0.9037007356618105,1729814241.6996083
197.2613295106276,1972.613295106276,0.8986738121017084,1729814241.709668
197.27443674197232,1972.7443674197232,0.8936728333384274,1729814241.7195547
197.28747100435496,1972.8747100435496,0.8886976881400959,1729814241.7295756
197.30043267504047,1973.0043267504047,0.8837482654935258,1729814241.739726
197.31332212966885,1973.1332212966886,0.8788244546070108,1729814241.7496698
197.32613974225845,1973.2613974225844,0.873926144913143,1729814241.7596166
197.33888588520927,1973.3888588520927,0.869053226071528,1729814241.769613
197.35156092930637,1973.5156092930638,0.8642055879714932,1729814241.7797024
197.36416524372325,1973.6416524372326,0.8593831207347062,1729814241.7895906
197.3766991960253,1973.766991960253,0.854585714717808,1729814241.7995782
197.3891631521733,1973.891631521733,0.8498132605149185,1729814241.8096018
197.4015574765269,1974.015574765269,0.8450656489601756,1729814241.8196418
197.41388253184823,1974.1388253184823,0.8403427711301703,1729814241.829604
197.42613867930547,1974.2613867930547,0.8356445183463788,1729814241.8396788
197.43832627847644,1974.3832627847644,0.8309707821774979,1729814241.8497317
197.4504456873523,1974.504456873523,0.8263214544418063,1729814241.859562
197.46249726234126,1974.6249726234125,0.8216964272094185,1729814241.8696418
197.47448135827224,1974.7448135827224,0.8170955928045232,1729814241.8796554
197.4863983283987,1974.8639832839872,0.8125188438075857,1729814241.8896282
197.4982485244024,1974.9824852440242,0.8079660730574851,1729814241.8996377
197.51003229639724,1975.1003229639723,0.8034371736536159,1729814241.9099011
197.52174999293302,1975.2174999293302,0.7989320389579657,1729814241.9196784
197.53340196099947,1975.3340196099948,0.7944505625971428,1729814241.92967
197.54498854603003,1975.4498854603003,0.7899926384643365,1729814241.9395945
197.55651009190586,1975.5651009190588,0.7855581607212809,1729814241.9496503
197.56796694095982,1975.6796694095983,0.7811470238001281,1729814241.9596348
197.57935943398041,1975.7935943398043,0.7767591224053316,1729814241.9696493
197.5906879102158,1975.906879102158,0.7723943515154439,1729814241.979654
197.60195270737785,1976.0195270737786,0.7680526063849389,1729814241.9895813
197.61315416164632,1976.1315416164632,0.7637337825459121,1729814241.999683
197.6242926076728,1976.242926076728,0.7594377758097874,1729814242.0096798
197.6353683785849,1976.353683785849,0.7551644822690069,1729814242.0197067
197.64638180599042,1976.463818059904,0.7509137982986431,1729814242.029665
197.65733321998147,1976.5733321998146,0.7466856205579859,1729814242.0397594
197.66822294913868,1976.6822294913868,0.7424798459921071,1729814242.0495992
197.67905132053545,1976.7905132053545,0.7382963718333706,1729814242.0596006
197.68981865974212,1976.898186597421,0.7341350956029082,1729814242.0699837
197.70052529083029,1977.0052529083027,0.7299959151120696,1729814242.0796754
197.71117153637704,1977.1117153637704,0.7258787284638271,1729814242.089606
197.72175771746927,1977.2175771746927,0.7217834340541593,1729814242.0996163
197.732284153708,1977.32284153708,0.7177099305733752,1729814242.109754
197.74275116321272,1977.427511632127,0.7136581170074365,1729814242.1196883
197.75315906262568,1977.5315906262567,0.709627892639211,1729814242.129668
197.76350816711638,1977.6350816711638,0.7056191570497188,1729814242.1396337
197.77379879038585,1977.7379879038585,0.7016318101193388,1729814242.1496036
197.78403124467113,1977.8403124467113,0.6976657520289724,1729814242.1596508
197.79420584074964,1977.9420584074965,0.6937208832611834,1729814242.1697311
197.8043228879437,1978.043228879437,0.6897971046013034,1729814242.1796603
197.81438269412487,1978.1438269412488,0.6858943171385008,1729814242.1895666
197.82438556571853,1978.2438556571853,0.6820124222668451,1729814242.1996515
197.8343318077083,1978.343318077083,0.6781513216862962,1729814242.2096713
197.8442217236406,1978.4422172364061,0.6743109174036814,1729814242.2195518
197.85405561562908,1978.5405561562907,0.6704911117336654,1729814242.2297428
197.8638337843592,1978.6383378435921,0.6666918072996542,1729814242.239769
197.8735565290928,1978.7355652909282,0.6629129070347031,1729814242.2498014
197.88322414767262,1978.8322414767263,0.6591543141823497,1729814242.2596574
197.89283693652686,1978.9283693652687,0.6554159322974666,1729814242.2700193
197.90239519067373,1979.0239519067372,0.6516976652470483,1729814242.2795935
197.91189920372614,1979.1189920372613,0.6479994172110193,1729814242.289625
197.92134926789618,1979.2134926789618,0.644321092682927,1729814242.299635
197.93074567399984,1979.3074567399983,0.6406625964707076,1729814242.3096874
197.94008871146153,1979.4008871146152,0.6370238336973408,1729814242.3196547
197.9493786683188,1979.4937866831879,0.6334047098015472,1729814242.329635
197.95861583122687,1979.5861583122687,0.6298051305383965,1729814242.3396502
197.9678004854634,1979.678004854634,0.6262250019799389,1729814242.3497443
197.97693291493312,1979.769329149331,0.6226642305157732,1729814242.3596501
197.9860134021724,1979.860134021724,0.6191227228536207,1729814242.3697977
197.99504222835404,1979.9504222835403,0.6156003860198258,1729814242.379683
198.00401967329188,1980.0401967329187,0.612097127359909,1729814242.3896928
198.01294601544555,1980.1294601544555,0.6086128545390193,1729814242.3996973
198.0218215319251,1980.218215319251,0.6051474755423858,1729814242.4097369
198.0306464984957,1980.306464984957,0.6017008986757759,1729814242.4196491
198.03942118958244,1980.3942118958244,0.5982730325658985,1729814242.429691
198.04814587827494,1980.4814587827493,0.5948637861607768,1729814242.4395878
198.0568208363321,1980.568208363321,0.591473068730106,1729814242.449586
198.06544633418682,1980.6544633418682,0.5881007898656201,1729814242.4596562
198.07402264095077,1980.7402264095076,0.5847468594813929,1729814242.4695966
198.08255002441908,1980.8255002441908,0.5814111878141166,1729814242.4796107
198.09102875107507,1980.9102875107508,0.5780936854233982,1729814242.4898138
198.09945908609504,1980.9945908609504,0.5747942631919873,1729814242.4996364
198.10784129335292,1981.0784129335293,0.5715128323260157,1729814242.5096393
198.1161756354251,1981.1617563542509,0.5682493043552104,1729814242.5195994
198.12446237359518,1981.2446237359518,0.5650035911330715,1729814242.5296035
198.13270176785863,1981.3270176785863,0.5617756048370091,1729814242.5396388
198.14089407692768,1981.4089407692768,0.5585652579685523,1729814242.550004
198.14903955823596,1981.4903955823595,0.5553724633534014,1729814242.559738
198.15713846794327,1981.5713846794326,0.5521971341415715,1729814242.5696626
198.16519106094043,1981.6519106094042,0.549039183807474,1729814242.5796633
198.1731975908539,1981.731975908539,0.5458985261499614,1729814242.5896661
198.1811583100507,1981.811583100507,0.542775075292407,1729814242.5995846
198.189073469643,1981.8907346964302,0.5396687456826748,1729814242.60961
198.19694331949302,1981.9694331949302,0.5365794520931886,1729814242.6197302
198.2047681082177,1982.047681082177,0.5335071096208754,1729814242.6297011
198.2125480831935,1982.125480831935,0.5304516336871512,1729814242.6397667
198.22028349056114,1982.2028349056113,0.5274129400378922,1729814242.6497624
198.2279745752304,1982.279745752304,0.5243909447433304,1729814242.65973
198.23562158088484,1982.3562158088484,0.5213855641980001,1729814242.6697361
198.2432247499865,1982.4322474998648,0.5183967151206208,1729814242.6797092
198.25078432378078,1982.5078432378077,0.5154243145540136,1729814242.6896832
198.25830054230107,1982.5830054230107,0.512468279864913,1729814242.6996634
198.2657736443736,1982.6577364437362,0.5095285287438707,1729814242.709729
198.27320386762213,1982.7320386762212,0.5066049792050482,1729814242.7195628
198.28059144847265,1982.8059144847266,0.503697549586062,1729814242.7295482
198.2879366221582,1982.8793662215821,0.5008061585477723,1729814242.7395809
198.29523962272367,1982.9523962272367,0.4979307250740732,1729814242.7497513
198.3025006830303,1983.025006830303,0.49507116847164956,1729814242.75957
198.30972003476063,1983.0972003476063,0.4922274083697673,1729814242.7696543
198.31689790842316,1983.1689790842315,0.48939936471998213,1729814242.7797067
198.32403453335706,1983.2403453335705,0.48658695779587835,1729814242.789604
198.3311301377369,1983.3113013773689,0.4837901081927669,1729814242.7996309
198.33818494857732,1983.3818494857733,0.48100873682741363,1729814242.8097255
198.34519919173783,1983.4519919173783,0.4782427649376999,1729814242.8195992
198.35217309192745,1983.5217309192744,0.4754921140822941,1729814242.8296127
198.3591068727094,1983.591068727094,0.47275670614031395,1729814242.8396158
198.36600075650583,1983.6600075650583,0.47003646331098214,1729814242.8496573
198.37285496460254,1983.7285496460254,0.46733130811321577,1729814242.859614
198.37966971715358,1983.7966971715357,0.46464116338528183,1729814242.8695588
198.38644523318595,1983.8644523318594,0.46196595228439574,1729814242.8796568
198.39318173060434,1983.9318173060433,0.4593055982863128,1729814242.8896005
198.39987942619572,1983.9987942619573,0.4566600251848911,1729814242.8997085
198.40653853563404,1984.0653853563404,0.4540291570916726,1729814242.909658
198.41315927348487,1984.1315927348487,0.45141291843544384,1729814242.919624
198.41974185321,1984.1974185321,0.44881123396176226,1729814242.9296138
198.42628648717223,1984.2628648717223,0.44622402873251876,1729814242.9396012
198.4327933866398,1984.3279338663979,0.4436512281254139,1729814242.949857
198.4392627617911,1984.3926276179109,0.44109275783352087,1729814242.9597278
198.4456948217194,1984.456948217194,0.4385485438647454,1729814242.9696312
198.4520897744373,1984.520897744373,0.4360185125413232,1729814242.979637
198.45844782688138,1984.5844782688139,0.4335025904993064,1729814242.989631
198.46476918491683,1984.6476918491683,0.43100070468802554,1729814242.9996054
198.47105405334202,1984.71054053342,0.42851278236955115,1729814243.0097828
198.47730263589304,1984.7730263589303,0.4260387511181307,1729814243.0197992
198.48351513524835,1984.8351513524835,0.4235785388196398,1729814243.029651
198.48969175303327,1984.8969175303328,0.4211320736709905,1729814243.0396373
198.49583268982454,1984.9583268982453,0.41869928417957536,1729814243.0496597
198.50193814515492,1985.0193814515492,0.4162800991626583,1729814243.059778
198.5080083175177,1985.080083175177,0.4138744477467722,1729814243.0695815
198.51404340437117,1985.1404340437116,0.4114822593671186,1729814243.079603
198.5200436021432,1985.200436021432,0.4091034637669442,1729814243.0896816
198.52600910623576,1985.2600910623576,0.4067379909969333,1729814243.0997028
198.53194011102937,1985.3194011102937,0.40438577141454357,1729814243.1097806
198.5378368098876,1985.378368098876,0.40204673568336813,1729814243.1196642
198.54369939516164,1985.4369939516164,0.3997208147725104,1729814243.1295843
198.5495280581946,1985.495280581946,0.39740793995588075,1729814243.1395888
198.5553229893261,1985.553229893261,0.3951080428115692,1729814243.1497242
198.56108437789672,1985.6108437789671,0.39282105522115285,1729814243.1595845
198.56681241225237,1985.6681241225237,0.3905469093690066,1729814243.1696205
198.57250727974878,1985.7250727974879,0.3882855377416228,1729814243.1796684
198.57816916675586,1985.7816916675586,0.38603687312692014,1729814243.1897311
198.58379825866223,1985.8379825866223,0.3838008486135245,1729814243.1996202
198.58939473987945,1985.8939473987946,0.3815773975900474,1729814243.2096808
198.5949587938466,1985.9495879384658,0.37936645374441125,1729814243.2196448
198.60049060303444,1986.0049060303445,0.37716795106306766,1729814243.2296214
198.60599034895003,1986.0599034895004,0.37498182383031353,1729814243.2396536
198.61145821214083,1986.1145821214084,0.3728080066275219,1729814243.2496126
198.61689437219925,1986.1689437219925,0.37064643433242606,1729814243.25957
198.62229900776688,1986.2229900776688,0.36849704211833445,1729814243.269553
198.62767229653886,1986.2767229653887,0.3663597654534023,1729814243.279664
198.63301441526815,1986.3301441526814,0.3642345400998501,1729814243.2895734
198.63832553976985,1986.3832553976986,0.3621213021132139,1729814243.2996075
198.64360584492553,1986.4360584492554,0.36001998784156375,1729814243.3098981
198.64885550468745,1986.4885550468744,0.35793053392471674,1729814243.3196096
198.65407469208284,1986.5407469208285,0.3558528772934644,1729814243.3296459
198.65926357921822,1986.5926357921821,0.353786955168782,1729814243.3396213
198.66442233728353,1986.6442233728353,0.35173270506101706,1729814243.3496678
198.66955113655646,1986.6955113655647,0.3496900647691217,1729814243.3596134
198.67465014640666,1986.7465014640666,0.3476589723798178,1729814243.3695977
198.67971953529988,1986.7971953529989,0.34563936626679603,1729814243.3796096
198.68475947080225,1986.8475947080224,0.3436311850899181,1729814243.38957
198.68977011958438,1986.8977011958439,0.34163436779437295,1729814243.3996136
198.69475164742562,1986.9475164742562,0.33964885360988295,1729814243.4096293
198.69970421921818,1986.9970421921817,0.33767458204985457,1729814243.4196546
198.70462799897126,1987.0462799897127,0.3357114929105489,1729814243.4297142
198.7095231498152,1987.0952314981519,0.3337595262702575,1729814243.4396098
198.71438983400566,1987.1438983400567,0.3318186224884745,1729814243.4496138
198.71922821292762,1987.1922821292762,0.32988872220499954,1729814243.4596183
198.7240384470996,1987.2403844709959,0.3279697663391705,1729814243.4695747
198.72882069617762,1987.2882069617763,0.32606169608894153,1729814243.4795876
198.7335751189594,1987.335751189594,0.32416445293007823,1729814243.4896517
198.73830187338837,1987.3830187338835,0.32227797861528384,1729814243.4997685
198.74300111655765,1987.4300111655766,0.32040221517332523,1729814243.509731
198.74767300471422,1987.4767300471422,0.3185371049081944,1729814243.5195138
198.7523176932628,1987.5231769326278,0.316682590398224,1729814243.5296443
198.75693533677003,1987.5693533677004,0.31483861449523975,1729814243.539687
198.76152608896828,1987.6152608896828,0.31300512032363703,1729814243.5497136
198.7660901027598,1987.660901027598,0.31118205127958487,1729814243.5597146
198.77062753022054,1987.7062753022053,0.30936935103007746,1729814243.5698996
198.77513852260427,1987.7513852260427,0.3075669635120939,1729814243.5795715
198.77962323034643,1987.7962323034644,0.30577483293169583,1729814243.5896096
198.78408180306806,1987.8408180306806,0.30399290376314103,1729814243.599677
198.78851438957975,1987.8851438957975,0.30222112074801655,1729814243.6096413
198.79292113788551,1987.9292113788551,0.3004594288943363,1729814243.6199224
198.79730219518675,1987.9730219518674,0.29870777347564403,1729814243.6295872
198.80165770788605,1988.0165770788606,0.2969661000301269,1729814243.6397405
198.80598782159115,1988.0598782159113,0.2952343543597131,1729814243.6496608
198.81029268111865,1988.1029268111865,0.29351248252916773,1729814243.6596193
198.81457243049803,1988.1457243049804,0.29180043086522045,1729814243.6697714
198.81882721297532,1988.1882721297532,0.2900981459556349,1729814243.6797085
198.823057171017,1988.2305717101701,0.2884055746483203,1729814243.6896455
198.82726244631385,1988.2726244631385,0.2867226640504239,1729814243.6996646
198.83144317978457,1988.3144317978458,0.28504936152741256,1729814243.70956
198.83559951157972,1988.3559951157972,0.28338561470219337,1729814243.7195973
198.83973158108543,1988.3973158108543,0.2817313714541776,1729814243.7296307
198.84383952692713,1988.4383952692713,0.28008657991837826,1729814243.7396045
198.8479234869733,1988.4792348697329,0.2784511884845007,1729814243.7497418
198.85198359833913,1988.5198359833912,0.27682514579603645,1729814243.7595873
198.8560199973904,1988.560199973904,0.27520840074934694,1729814243.769591
198.860032819747,1988.60032819747,0.27360090249272884,1729814243.7795968
198.86402220028666,1988.6402220028665,0.27200260042552427,1729814243.7896132
198.86798827314865,1988.6798827314865,0.27041344419720237,1729814243.7997139
198.87193117173746,1988.7193117173747,0.2688333837064196,1729814243.809595
198.87585102872634,1988.7585102872636,0.2672623691001228,1729814243.8195062
198.87974797606103,1988.7974797606103,0.26570035077262344,1729814243.8295388
198.88362214496328,1988.8362214496328,0.2641472793646902,1729814243.839667
198.88747366593458,1988.8747366593457,0.2626031057626126,1729814243.8496962
198.8913026687596,1988.9130266875961,0.2610677810972828,1729814243.8597147
198.89510928250988,1988.9510928250988,0.25954125674328776,1729814243.869969
198.89889363554732,1988.9889363554732,0.2580234843179874,1729814243.8796825
198.9026558555278,1989.026558555278,0.2565144156805712,1729814243.8897011
198.9063960694046,1989.0639606940458,0.25501400293115783,1729814243.8996482
198.910114403432,1989.10114403432,0.2535221984098819,1729814243.9097326
198.91381098316884,1989.1381098316883,0.25203895469595783,1729814243.9195538
198.91748593348188,1989.1748593348188,0.2505642246067421,1729814243.9296703
198.92113937854938,1989.2113937854938,0.2490979611968538,1729814243.9396684
198.9247714418645,1989.247714418645,0.24764011775721362,1729814243.9498198
198.92838224623878,1989.283822462388,0.24619064781415934,1729814243.959757
198.93197191380565,1989.3197191380566,0.24474950512849358,1729814243.9698439
198.93554056602372,1989.3554056602372,0.2433166436945673,1729814243.979666
198.9390883236803,1989.390883236803,0.24189201773938973,1729814243.9896731
198.94261530689474,1989.4261530689473,0.2404755817216604,1729814243.9996884
198.94612163512184,1989.4612163512184,0.2390672903308897,1729814244.0096157
198.9496074271552,1989.496074271552,0.23766709848646994,1729814244.0196774
198.95307280113065,1989.5307280113066,0.2362749613367534,1729814244.029712
198.95651787452945,1989.5651787452946,0.2348908342581144,1729814244.0398514
198.9599427641818,1989.5994276418178,0.23351467285407357,1729814244.0496778
198.96334758627,1989.6334758627,0.232146432954351,1729814244.0595942
198.96673245633187,1989.6673245633187,0.2307860706139444,1729814244.0697439
198.97009748926396,1989.7009748926396,0.2294335421122533,1729814244.0796208
198.97344279932489,1989.7344279932488,0.22808880395211806,1729814244.089635
198.97676850013855,1989.7676850013854,0.22675181285893165,1729814244.0996656
198.9800747046974,1989.8007470469738,0.22542252577972843,1729814244.109611
198.9833615253657,1989.833615253657,0.22410089988226578,1729814244.1195595
198.9866290738827,1989.866290738827,0.22278689255410034,1729814244.1295695
198.98987746136595,1989.8987746136595,0.22148046140170696,1729814244.1396067
198.99310679831433,1989.9310679831433,0.22018156424954438,1729814244.149715
198.99631719461138,1989.9631719461138,0.21889015913915988,1729814244.1596434
198.9995087595284,1989.995087595284,0.2176062043282816,1729814244.1696446
199.00268160172763,1990.0268160172764,0.21632965828990902,1729814244.1796157
199.0058358292654,1990.058358292654,0.21506047971141773,1729814244.189664
199.00897154959526,1990.0897154959525,0.21379862749363565,1729814244.1996374
199.01208886957107,1990.1208886957106,0.21254406074996557,1729814244.209688
199.0151878954501,1990.1518789545012,0.21129673880546496,1729814244.2198
199.01826873289622,1990.1826873289622,0.21005662119597024,1729814244.2296584
199.0213314869828,1990.213314869828,0.20882366766717486,1729814244.23964
199.02437626219594,1990.2437626219594,0.2075978381737429,1729814244.2497017
199.02740316243745,1990.2740316243744,0.20637909287842615,1729814244.2596378
199.03041229102791,1990.3041229102791,0.20516739215114232,1729814244.2696724
199.03340375070968,1990.3340375070968,0.20396269656810095,1729814244.2796774
199.03637764364987,1990.3637764364987,0.20276496691091173,1729814244.289689
199.03933407144345,1990.3933407144345,0.20157416416570872,1729814244.2995906
199.04227313511612,1990.4227313511612,0.20039024952223206,1729814244.3095913
199.04519493512737,1990.4519493512737,0.19921318437297164,1729814244.319613
199.04809957137337,1990.4809957137336,0.1980429303122595,1729814244.32972
199.05098714319,1990.5098714319001,0.19687944913542066,1729814244.3396323
199.05385774935573,1990.5385774935573,0.19572270283783344,1729814244.3496609
199.0567114880945,1990.567114880945,0.19457265361412657,1729814244.35965
199.0595484570787,1990.595484570787,0.19342926385724124,1729814244.3699934
199.0623687534321,1990.623687534321,0.19229249615758737,1729814244.3796172
199.06517247373262,1990.6517247373263,0.19116231330215006,1729814244.3896677
199.06795971401525,1990.6795971401525,0.19003867827364584,1729814244.3996253
199.07073056977495,1990.7073056977495,0.1889215542496221,1729814244.409603
199.07348513596946,1990.7348513596946,0.1878109046016061,1729814244.4195864
199.07622350702212,1990.7622350702213,0.1867066928942347,1729814244.4296136
199.07894577682472,1990.7894577682473,0.18560888288439448,1729814244.4395897
199.08165203874026,1990.8165203874025,0.1845174385203443,1729814244.449652
199.0843423856058,1990.843423856058,0.18343232394088926,1729814244.4597151
199.0870169097352,1990.8701690973521,0.18235350347448365,1729814244.4696853
199.08967570292194,1990.8967570292193,0.18128094163838893,1729814244.4797258
199.09231885644178,1990.9231885644178,0.18021460313784066,1729814244.4897091
199.09494646105563,1990.9494646105563,0.17915445286516385,1729814244.4996226
199.09755860701216,1990.9755860701216,0.17810045589893808,1729814244.5096073
199.10015538405062,1991.0015538405062,0.17705257750316084,1729814244.5195725
199.1027368814035,1991.027368814035,0.17601078312637886,1729814244.5296006
199.10530318779922,1991.0530318779922,0.1749750384008586,1729814244.5396013
199.1078543914648,1991.078543914648,0.17394530914174244,1729814244.5497394
199.11039058012858,1991.1039058012857,0.17292156134621917,1729814244.5596716
199.11291184102288,1991.1291184102288,0.1719037611926606,1729814244.5700703
199.1154182608865,1991.154182608865,0.17089187503980097,1729814244.579637
199.11790992596764,1991.1790992596764,0.16988586942594286,1729814244.5895743
199.12038692202617,1991.2038692202618,0.1688857110680424,1729814244.5996082
199.1228493343365,1991.228493343365,0.16789136686096495,1729814244.609622
199.12529724769013,1991.2529724769013,0.16690280387662182,1729814244.6196682
199.12773074639813,1991.2773074639813,0.1659199893631318,1729814244.629596
199.1301499142938,1991.3014991429382,0.16494289074402713,1729814244.6396437
199.13255483473526,1991.3255483473527,0.1639714756174293,1729814244.6495962
199.13494559060786,1991.3494559060787,0.16300571175522482,1729814244.659653
199.13732226432688,1991.373222643269,0.16204556710226226,1729814244.6702416
199.13968493783995,1991.3968493783996,0.16109100977551738,1729814244.679679
199.1420336926296,1991.4203369262962,0.16014200806332046,1729814244.689808
199.1443686097158,1991.443686097158,0.15919853042450893,1729814244.6996734
199.1466897696583,1991.4668976965831,0.15826054548765112,1729814244.7096794
199.14899725255933,1991.4899725255932,0.15732802205024332,1729814244.7196991
199.15129113806583,1991.5129113806584,0.15640092907788916,1729814244.7295556
199.15357150537213,1991.5357150537213,0.15547923570353572,1729814244.7397156
199.15583843322221,1991.5583843322222,0.15456291122663157,1729814244.7497864
199.15809199991227,1991.5809199991227,0.15365192511238424,1729814244.7596993
199.160332283293,1991.60332283293,0.15274624699093242,1729814244.7697577
199.16255936077215,1991.6255936077214,0.15184584665659284,1729814244.7797136
199.16477330931681,1991.6477330931682,0.15095069406703598,1729814244.7897274
199.16697420545586,1991.6697420545586,0.15006075934253116,1729814244.7997196
199.16916212528227,1991.6916212528226,0.14917601276515957,1729814244.809705
199.17133714445555,1991.7133714445554,0.14829642477804517,1729814244.8199205
199.17349933820407,1991.7349933820406,0.1474219659845588,1729814244.829707
199.1756487813273,1991.756487813273,0.1465526071475598,1729814244.8396251
199.17778554819836,1991.7778554819836,0.14568831918864267,1729814244.849621
199.17990971276606,1991.7990971276606,0.14482907318733074,1729814244.8596234
199.18202134855747,1991.8202134855746,0.14397484038035313,1729814244.869666
199.18412052868,1991.8412052868002,0.14312559216083653,1729814244.8795896
199.18620732582386,1991.8620732582385,0.14228130007759465,1729814244.8897088
199.18828181226417,1991.8828181226418,0.14144193583434128,1729814244.8997388
199.19034405986332,1991.903440598633,0.14060747128893714,1729814244.9100354
199.19239414007322,1991.9239414007322,0.13977787845265088,1729814244.919632
199.1944321239375,1991.944321239375,0.13895312948940775,1729814244.9297087
199.19645808209376,1991.9645808209375,0.13813319671502033,1729814244.9395888
199.19847208477577,1991.9847208477577,0.13731805259648167,1729814244.949632
199.20047420181572,1992.0047420181572,0.1365076697511871,1729814244.9598799
199.20246450264634,1992.0246450264633,0.13570202094622386,1729814244.9697342
199.20444305630315,1992.0444305630315,0.1349010790976266,1729814244.9795702
199.2064099314266,1992.064099314266,0.13410481726962975,1729814244.9896176
199.20836519626425,1992.0836519626425,0.1333132086739568,1729814244.9996188
199.21030891867295,1992.1030891867294,0.13252622666909386,1729814245.0096846
199.2122411661209,1992.1224116612088,0.13174384475951517,1729814245.0196497
199.21416200568981,1992.141620056898,0.13096603659504003,1729814245.0296786
199.21607150407712,1992.1607150407713,0.13019277597005297,1729814245.039733
199.217969727598,1992.1796972759798,0.1294240368228039,1729814245.0496538
199.21985674218743,1992.1985674218743,0.12865979323468513,1729814245.0596566
199.2217326134024,1992.217326134024,0.12790001942953677,1729814245.0699544
199.2235974064239,1992.235974064239,0.12714468977293092,1729814245.0795436
199.225451186059,1992.25451186059,0.1263937787714451,1729814245.0895917
199.22729401674295,1992.2729401674294,0.12564726107199253,1729814245.0995731
199.22912596254122,1992.2912596254123,0.12490511146108152,1729814245.109636
199.23094708715146,1992.3094708715146,0.12416730486413674,1729814245.119538
199.23275745390563,1992.3275745390563,0.12343381634482076,1729814245.1295717
199.23455712577197,1992.3455712577197,0.12270462110430391,1729814245.1396515
199.23634616535702,1992.36346165357,0.12197969448058932,1729814245.1497526
199.23812463490756,1992.3812463490756,0.1212590119478183,1729814245.159634
199.23989259631267,1992.3989259631267,0.12054254911561313,1729814245.169649
199.24165011110568,1992.4165011110567,0.11983028172836474,1729814245.1796231
199.24339724046618,1992.4339724046617,0.1191221856645488,1729814245.1896188
199.24513404522185,1992.4513404522186,0.11841823693604892,1729814245.1997383
199.24686058585056,1992.4686058585055,0.1177184116875225,1729814245.2096906
199.2485769224822,1992.485769224822,0.11702268619566181,1729814245.2197933
199.25028311490064,1992.5028311490064,0.11633103686858459,1729814245.2296488
199.25197922254569,1992.519792225457,0.11564344024512008,1729814245.2396874
199.25366530451493,1992.5366530451493,0.11495987299418364,1729814245.249662
199.25534141956567,1992.5534141956566,0.1142803119140805,1729814245.259694
199.25700762611683,1992.5700762611682,0.11360473393186621,1729814245.2697277
199.25866398225077,1992.5866398225075,0.11293311610267875,1729814245.2797065
199.2603105457152,1992.6031054571522,0.1122654356091044,1729814245.2897224
199.2619473739251,1992.619473739251,0.11160166976049912,1729814245.2997682
199.26357452396437,1992.6357452396437,0.11094179599235798,1729814245.309741
199.26519205258793,1992.6519205258794,0.11028579186567922,1729814245.3197486
199.26680001622336,1992.6680001622335,0.10963363506627322,1729814245.3296323
199.26839847097278,1992.6839847097278,0.10898530340418877,1729814245.3396816
199.26998747261473,1992.6998747261473,0.10834077481302562,1729814245.349722
199.27156707660586,1992.7156707660586,0.10770002734930384,1729814245.3596325
199.2731373380828,1992.7313733808278,0.10706303919185278,1729814245.3697724
199.27469831186386,1992.7469831186386,0.10642978864116803,1729814245.3796997
199.27625005245093,1992.7625005245093,0.1058002541187879,1729814245.3896883
199.2777926140312,1992.777926140312,0.10517441416666462,1729814245.399703
199.27932605047883,1992.7932605047883,0.1045522474465248,1729814245.4096365
199.2808504153568,1992.808504153568,0.10393373273928863,1729814245.4195452
199.2823657619186,1992.8236576191862,0.1033188489444179,1729814245.4295318
199.28387214311002,1992.8387214311,0.10270757507933514,1729814245.4395957
199.28536961157076,1992.8536961157076,0.10209989027876287,1729814245.449563
199.28685821963626,1992.8685821963627,0.10149577379415864,1729814245.4596503
199.28833801933934,1992.8833801933934,0.10089520499308624,1729814245.4698007
199.28980906241188,1992.8980906241188,0.10029816335861708,1729814245.4796574
199.29127140028652,1992.9127140028652,0.0997046284887333,1729814245.489668
199.2927250840984,1992.927250840984,0.09911458009573804,1729814245.499682
199.29417016468676,1992.9417016468676,0.0985279980056124,1729814245.5097752
199.29560669259658,1992.9560669259658,0.09794486215747722,1729814245.51965
199.29703471808025,1992.9703471808025,0.09736515260297485,1729814245.5295768
199.2984542910993,1992.9845429109928,0.09678884950569189,1729814245.5396283
199.29986546132588,1992.9986546132589,0.09621593314055521,1729814245.5500216
199.30126827814453,1993.0126827814454,0.09564638389325641,1729814245.5598178
199.30266279065367,1993.0266279065368,0.09508018225967985,1729814245.5701144
199.30404904766732,1993.0404904766733,0.09451730884532883,1729814245.5796874
199.3054270977166,1993.054270977166,0.09395774436470927,1729814245.589744
199.30679698905138,1993.0679698905137,0.0934014696408163,1729814245.5996687
199.30815876964186,1993.0815876964186,0.09284846560452142,1729814245.6097572
199.30951248718014,1993.0951248718015,0.0922987132940094,1729814245.6196856
199.31085818908176,1993.1085818908175,0.09175219385422406,1729814245.6296258
199.31219592248726,1993.1219592248726,0.09120888853629983,1729814245.639638
199.31352573426378,1993.1352573426377,0.09066877869700574,1729814245.6496675
199.31484767100653,1993.1484767100653,0.09013184579817879,1729814245.6596832
199.3161617790404,1993.161617790404,0.08959807140617326,1729814245.6696796
199.31746810442147,1993.1746810442146,0.08906743719129406,1729814245.6796432
199.3187666929384,1993.187666929384,0.08853992492726914,1729814245.6896198
199.32005759011412,1993.2005759011413,0.08801551649068817,1729814245.6996596
199.32134084120722,1993.213408412072,0.0874941938604572,1729814245.710031
199.32261649121347,1993.2261649121347,0.0869759391172622,1729814245.7196171
199.32388458486733,1993.2388458486732,0.08646073444302194,1729814245.7296517
199.32514516664338,1993.2514516664337,0.08594856212034085,1729814245.7395687
199.32639828075784,1993.2639828075785,0.0854394045319975,1729814245.7497194
199.32764397116998,1993.2764397116998,0.0849332441603814,1729814245.7595704
199.3288822815836,1993.2888228158358,0.08443006358699034,1729814245.769641
199.33011325544845,1993.3011325544844,0.08392984549188687,1729814245.7796118
199.3313369359618,1993.3133693596178,0.08343257265317061,1729814245.789644
199.33255336606962,1993.3255336606962,0.08293822794644545,1729814245.7995813
199.33376258846823,1993.3376258846824,0.08244679434432922,1729814245.8097208
199.3349646456056,1993.349646456056,0.08195825491591191,1729814245.8196316
199.3361595796828,1993.361595796828,0.08147259282624941,1729814245.829632
199.33734743265538,1993.3734743265538,0.08098979133582351,1729814245.8396177
199.33852824623477,1993.3852824623477,0.08050983380007115,1729814245.8495884
199.33970206188968,1993.397020618897,0.0800327036688373,1729814245.85969
199.3408689208474,1993.4086892084742,0.07955838448590069,1729814245.8696134
199.34202886409534,1993.4202886409535,0.0790868598884551,1729814245.8796642
199.34318193238218,1993.4318193238219,0.07861811360658533,1729814245.8896928
199.34432816621938,1993.4432816621938,0.07815212946280359,1729814245.8996396
199.34546760588248,1993.4546760588248,0.07768889137153612,1729814245.909709
199.3466002914124,1993.466002914124,0.07722838333862936,1729814245.9196894
199.34772626261685,1993.4772626261683,0.07677058946085791,1729814245.9296796
199.3488455590716,1993.488455590716,0.0763154939254147,1729814245.939659
199.34995822012183,1993.4995822012183,0.07586308100946515,1729814245.9497468
199.35106428488345,1993.5106428488346,0.07541333507963022,1729814245.9596982
199.35216379224434,1993.5216379224435,0.0749662405914926,1729814245.9695957
199.3532567808657,1993.532567808657,0.07452178208914906,1729814245.9796343
199.35434328918336,1993.5434328918336,0.07407994420471664,1729814245.989663
199.35542335540904,1993.5542335540904,0.0736407116578548,1729814245.9996567
199.35649701753158,1993.564970175316,0.07320406925526624,1729814246.0096936
199.3575643133183,1993.5756431331831,0.07277000189029192,1729814246.0196033
199.3586252803162,1993.586252803162,0.07233849454236219,1729814246.0296974
199.35967995585324,1993.5967995585324,0.07190953227658992,1729814246.0397305
199.36072837703958,1993.6072837703957,0.07148310024326787,1729814246.0497403
199.36177058076882,1993.6177058076883,0.07105918367742281,1729814246.0596488
199.36280660371926,1993.6280660371926,0.07063776789835363,1729814246.069707
199.36383648235508,1993.6383648235508,0.0702188383091642,1729814246.079649
199.36486025292766,1993.6486025292766,0.06980238039633702,1729814246.0895948
199.36587795147662,1993.6587795147661,0.06938837972921452,1729814246.0996752
199.36688961383126,1993.6688961383127,0.0689768219596314,1729814246.109659
199.36789527561157,1993.6789527561157,0.06856769282138875,1729814246.1196373
199.3688949722295,1993.688949722295,0.06816097812985444,1729814246.1295688
199.36988873889018,1993.6988873889018,0.06775666378151368,1729814246.139605
199.37087661059306,1993.7087661059306,0.0673547357534876,1729814246.1496928
199.3718586221331,1993.718586221331,0.06695518010314427,1729814246.1596043
199.37283480810189,1993.7283480810188,0.06655798296762083,1729814246.1696699
199.37380520288892,1993.7380520288891,0.06616313056341494,1729814246.1796267
199.37476984068266,1993.7476984068267,0.06577060918593358,1729814246.1896133
199.37572875547173,1993.7572875547173,0.06538040520905786,1729814246.1996617
199.37668198104606,1993.7668198104607,0.06499250508472909,1729814246.2096653
199.377629550998,1993.77629550998,0.06460689534248698,1729814246.2196748
199.37857149872343,1993.7857149872343,0.06422356258910011,1729814246.2295687
199.37950785742296,1993.7950785742296,0.06384249350809701,1729814246.2399719
199.38043866010304,1993.8043866010303,0.06346367485935933,1729814246.2496336
199.38136393957697,1993.8136393957698,0.06308709347868491,1729814246.2596922
199.38228372846612,1993.822837284661,0.06271273627740936,1729814246.2696698
199.38319805920102,1993.8319805920103,0.06234059024195848,1729814246.2796826
199.3841069640224,1993.841069640224,0.06197064243342898,1729814246.289578
199.38501047498232,1993.8501047498232,0.06160287998720482,1729814246.2997015
199.38590862394523,1993.8590862394522,0.06123729011253265,1729814246.3096476
199.38680144258905,1993.8680144258906,0.06087386009211859,1729814246.3197298
199.38768896240626,1993.8768896240626,0.06051257728171788,1729814246.3296597
199.388571214705,1993.88571214705,0.06015342910974053,1729814246.3396761
199.38944823061001,1993.8944823061001,0.059796403076826765,1729814246.3496547
199.3903200410638,1993.903200410638,0.05944148675548644,1729814246.3596203
199.3911866768277,1993.911866768277,0.05908866778968158,1729814246.3699224
199.39204816848275,1993.9204816848273,0.0587379338944054,1729814246.3795843
199.39290454643094,1993.9290454643094,0.058389272855341234,1729814246.3896785
199.39375584089612,1993.9375584089612,0.05804267252843798,1729814246.3996336
199.39460208192503,1993.9460208192504,0.05769812083952286,1729814246.4096832
199.39544329938838,1993.9544329938838,0.057355605783930175,1729814246.4196386
199.39627952298179,1993.9627952298179,0.057015115426090945,1729814246.4296489
199.39711078222686,1993.9711078222686,0.0566766378991741,1729814246.4395878
199.39793710647214,1993.9793710647214,0.056340161404686784,1729814246.449717
199.3987585248941,1993.987585248941,0.056005674212110224,1729814246.4597998
199.39957506649822,1993.995750664982,0.05567316465852312,1729814246.4697301
199.4003867601198,1994.003867601198,0.05534262114820021,1729814246.4796777
199.40119363442517,1994.0119363442518,0.05501403215228007,1729814246.489675
199.40199571791248,1994.019957179125,0.05468738620834768,1729814246.4996157
199.40279303891273,1994.0279303891273,0.05436267192009869,1729814246.5097237
199.40358562559078,1994.0358562559077,0.05403987795696996,1729814246.519699
199.4043735059462,1994.043735059462,0.05371899305374339,1729814246.529666
199.40515670781437,1994.0515670781438,0.05340000601022088,1729814246.539684
199.40593525886726,1994.0593525886725,0.05308290569083707,1729814246.5497506
199.40670918661453,1994.0670918661453,0.052767681024311175,1729814246.5596025
199.4074785184044,1994.0747851840438,0.052454321003272186,1729814246.5700011
199.40824328142452,1994.0824328142453,0.052142814683921346,1729814246.579689
199.409003502703,1994.09003502703,0.05183315118565912,1729814246.5896895
199.4097592091093,1994.097592091093,0.05152531969076368,1729814246.5996964
199.41051042735512,1994.1051042735512,0.05121930944400366,1729814246.609771
199.41125718399533,1994.1125718399533,0.05091510975229174,1729814246.6196802
199.41199950542887,1994.1199950542887,0.05061270998437384,1729814246.6296287
199.41273741789965,1994.1273741789964,0.05031209957044536,1729814246.6400375
199.41347094749744,1994.1347094749744,0.0500132680018226,1729814246.6496234
199.41420012015882,1994.1420012015883,0.049716204830610566,1729814246.659703
199.414924961668,1994.14924961668,0.04942089966933172,1729814246.6697698
199.4156454976577,1994.156454976577,0.049127342190616874,1729814246.6796064
199.41636175361006,1994.1636175361007,0.04883552212684816,1729814246.6896029
199.41707375485754,1994.1707375485753,0.04854542926984817,1729814246.6995904
199.41778152658367,1994.1778152658367,0.048257053470517564,1729814246.7097113
199.41848509382405,1994.1848509382405,0.04797038463853487,1729814246.719588
199.4191844814671,1994.1918448146712,0.04768541274199589,1729814246.729707
199.41987971425502,1994.1987971425501,0.04740212780710462,1729814246.7396357
199.4205708167845,1994.205708167845,0.047120519917849935,1729814246.7496762
199.42125781350768,1994.212578135077,0.04684057921565565,1729814246.7596796
199.42194072873295,1994.2194072873294,0.04656229589909455,1729814246.7696795
199.42261958662576,1994.2261958662575,0.046285660223529534,1729814246.7795658
199.42329441120947,1994.2329441120946,0.04601066250082231,1729814246.789691
199.42396522636616,1994.2396522636616,0.04573729309900654,1729814246.7995808
199.4246320558375,1994.246320558375,0.045465542441969875,1729814246.8096
199.42529492322547,1994.2529492322547,0.04519540100913422,1729814246.8196628
199.42595385199328,1994.259538519933,0.04492685933515017,1729814246.8296568
199.42660886546608,1994.2660886546607,0.04465990800958086,1729814246.8399682
199.4272599868318,1994.2725998683181,0.04439453767661239,1729814246.8496494
199.427907239142,1994.27907239142,0.04413073903470566,1729814246.859639
199.42855064531255,1994.2855064531254,0.043868502836329926,1729814246.869749
199.4291902281245,1994.291902281245,0.04360781988762885,1729814246.879567
199.42982601022482,1994.2982601022482,0.04334868104814693,1729814246.889675
199.43045801412723,1994.3045801412723,0.0430910772304991,1729814246.8996372
199.43108626221292,1994.3108626221292,0.04283499940008295,1729814246.9099045
199.43171077673136,1994.3171077673137,0.04258043857478744,1729814246.9196093
199.43233157980103,1994.3233157980103,0.042327385824676655,1729814246.9296215
199.4329486934102,1994.329486934102,0.04207583227172873,1729814246.9396322
199.4335621394177,1994.335621394177,0.04182576908950186,1729814246.9500933
199.43417193955364,1994.3417193955363,0.04157718750286965,1729814246.9601262
199.4347781154202,1994.3477811542018,0.041330078787713775,1729814246.9697814
199.4353806884923,1994.353806884923,0.04108443427065578,1729814246.9796362
199.43597968011846,1994.3597968011845,0.0408402453287533,1729814246.9896111
199.43657511152142,1994.3657511152142,0.040597503389214085,1729814246.9995844
199.43716700379892,1994.3716700379891,0.04035619992912598,1729814247.0095813
199.43775537792442,1994.3775537792442,0.04011632647515495,1729814247.0195365
199.43834025474786,1994.3834025474785,0.039877874603280405,1729814247.0296328
199.4389216549963,1994.389216549963,0.039640835938502095,1729814247.0396311
199.43949959927474,1994.3949959927475,0.03940520215457366,1729814247.049613
199.4400741080667,1994.400741080667,0.03917096497371486,1729814247.0597699
199.4406452017351,1994.406452017351,0.03893811616634868,1729814247.0695899
199.44121290052271,1994.4121290052271,0.03870664755081177,1729814247.0798197
199.44177722455316,1994.4177722455315,0.038476550993109315,1729814247.0896943
199.44233819383138,1994.4233819383137,0.03824781840660241,1729814247.099588
199.44289582824442,1994.4289582824442,0.038020441751784206,1729814247.1096385
199.4434501475621,1994.434501475621,0.03779441303597264,1729814247.1195722
199.44400117143766,1994.4400117143766,0.03756972431307415,1729814247.12958
199.44454891940856,1994.4454891940857,0.03734636768330124,1729814247.1396453
199.445093410897,1994.45093410897,0.03712433529291137,1729814247.1498067
199.44563466521066,1994.4563466521067,0.03690361933395647,1729814247.159645
199.44617270154345,1994.4617270154345,0.03668421204400052,1729814247.1696243
199.446707538976,1994.4670753897599,0.03646610570587616,1729814247.1796074
199.44723919647646,1994.4723919647645,0.036249292647427156,1729814247.1896393
199.44776769290112,1994.4776769290113,0.03603376524125612,1729814247.1995628
199.44829304699505,1994.4829304699506,0.03581951590443677,1729814247.2096426
199.4488152773927,1994.488152773927,0.035606537098302526,1729814247.219641
199.44933440261866,1994.4933440261866,0.03539482132818361,1729814247.2296083
199.44985044108824,1994.4985044108826,0.03518436114312995,1729814247.2397642
199.45036341110807,1994.5036341110808,0.03497514913568378,1729814247.2496336
199.4508733308768,1994.508733308768,0.03476717794163808,1729814247.259715
199.45138021848567,1994.5138021848566,0.034560440239771895,1729814247.2696168
199.4518840919192,1994.518840919192,0.034354928751608727,1729814247.2795656
199.45238496905574,1994.5238496905574,0.034150636241187415,1729814247.2897415
199.45288286766822,1994.5288286766822,0.03394755551480633,1729814247.2996802
199.4533778054246,1994.5337780542459,0.03374567942076223,1729814247.3097396
199.45386979988854,1994.5386979988853,0.03354500084915135,1729814247.3195968
199.45435886852013,1994.5435886852013,0.03334551273161357,1729814247.3296
199.45484502867632,1994.5484502867632,0.03314720804106419,1729814247.3395963
199.4553282976116,1994.553282976116,0.032950079791512765,1729814247.3497484
199.45580869247863,1994.5580869247863,0.03275412103778952,1729814247.3597643
199.45628623032877,1994.5628623032876,0.03255932487531976,1729814247.3697202
199.45676092811274,1994.5676092811275,0.03236568443989296,1729814247.3796859
199.45723280268115,1994.5723280268114,0.03217319290743359,1729814247.3897588
199.45770187078512,1994.577018707851,0.03198184349377198,1729814247.399728
199.45816814907684,1994.5816814907685,0.03179162945440095,1729814247.4097753
199.45863165411015,1994.5863165411015,0.031602544084271544,1729814247.4196665
199.45909240234116,1994.5909240234116,0.03141458071756564,1729814247.429606
199.45955041012874,1994.5955041012874,0.03122773272743662,1729814247.4396482
199.46000569373518,1994.6000569373518,0.03104199352582815,1729814247.4496021
199.4604582693267,1994.6045826932668,0.030857356563225524,1729814247.459665
199.46090815297396,1994.6090815297396,0.030673815328444265,1729814247.4696712
199.4613553606528,1994.6135536065278,0.030491363348422285,1729814247.479665
199.46179990824456,1994.6179990824455,0.030309994187955214,1729814247.4896667
199.4622418115368,1994.6224181153682,0.030129701449536528,1729814247.4996543
199.46268108622382,1994.6268108622382,0.029950478773115963,1729814247.5097077
199.46311774790715,1994.6311774790715,0.029772319835881023,1729814247.5196655
199.46355181209614,1994.6355181209615,0.029595218352034935,1729814247.5296345
199.4639832942085,1994.639832942085,0.0294191680725977,1729814247.539569
199.46441220957084,1994.6441220957083,0.02924416278519648,1729814247.5498104
199.46483857341912,1994.6483857341912,0.029070196313840002,1729814247.5597186
199.4652624008993,1994.652624008993,0.028897262518737366,1729814247.5697007
199.46568370706783,1994.6568370706782,0.028725355296061794,1729814247.5796745
199.46610250689213,1994.6610250689214,0.028554468577739245,1729814247.589657
199.46651881525113,1994.6651881525113,0.028384596331279655,1729814247.5996804
199.46693264693587,1994.6693264693588,0.028215732559546014,1729814247.609665
199.4673440166499,1994.673440166499,0.0280478713005341,1729814247.6196406
199.46775293900978,1994.6775293900978,0.027881006627205496,1729814247.6296053
199.4681594285458,1994.6815942854578,0.027715132647277985,1729814247.6397045
199.46856349970219,1994.685634997022,0.027550243502992844,1729814247.6496956
199.46896516683785,1994.6896516683785,0.02738633337096208,1729814247.6596398
199.46936444422673,1994.6936444422672,0.027223396461941052,1729814247.6696544
199.46976134605842,1994.6976134605843,0.02706142702065084,1729814247.6797996
199.47015588643853,1994.7015588643853,0.026900419325545544,1729814247.689779
199.47054807938932,1994.7054807938932,0.02674036768867194,1729814247.6996043
199.47093793885003,1994.7093793885003,0.026581266455419028,1729814247.7097445
199.47132547867753,1994.7132547867752,0.02642311000438302,1729814247.7197087
199.47171071264668,1994.7171071264668,0.026265892747120434,1729814247.7296727
199.47209365445087,1994.7209365445087,0.026109609127998867,1729814247.7395356
199.4724743177025,1994.7247431770252,0.0259542536239874,1729814247.7498639
199.4728527159334,1994.7285271593341,0.025799820744468294,1729814247.7596073
199.47322886259542,1994.7322886259542,0.02564630503106824,1729814247.769584
199.4736027710607,1994.7360277106072,0.025493701057439866,1729814247.7795756
199.4739744546224,1994.739744546224,0.025342003429117854,1729814247.7896445
199.47434392649492,1994.7434392649493,0.025191206783289788,1729814247.7995784
199.47471119981452,1994.747111998145,0.02504130578865227,1729814247.8096368
199.47507628763972,1994.7507628763972,0.024892295145199528,1729814247.8195908
199.47543920295175,1994.7543920295175,0.02474416958405823,1729814247.829561
199.47579995865505,1994.7579995865503,0.024596923867311604,1729814247.839786
199.4761585675776,1994.7615856757761,0.024450552787791624,1729814247.8496437
199.4765150424716,1994.765150424716,0.02430505116895465,1729814247.8595612
199.47686939601363,1994.7686939601363,0.024160413864648733,1729814247.8697062
199.4772216408053,1994.772216408053,0.024016635758960847,1729814247.879598
199.47757178937368,1994.7757178937368,0.023873711766053463,1729814247.8896263
199.47791985417157,1994.7791985417157,0.023731636829967373,1729814247.899762
199.47826584757814,1994.7826584757813,0.02359040592447248,1729814247.909611
199.47860978189925,1994.7860978189924,0.023450014052870616,1729814247.9195774
199.4789516693679,1994.789516693679,0.02331045624783923,1729814247.9296255
199.47929152214465,1994.7929152214465,0.023171727571267953,1729814247.9396124
199.4796293523181,1994.7962935231812,0.023033823114063212,1729814247.9498856
199.4799651719053,1994.799651719053,0.022896737996009664,1729814247.9595878
199.480298992852,1994.80298992852,0.022760467365580128,1729814247.9695995
199.48063082703337,1994.8063082703336,0.022625006399800585,1729814247.9796336
199.48096068625418,1994.8096068625418,0.02249035030403701,1729814247.9895988
199.4812885822493,1994.8128858224932,0.02235649431187281,1729814247.9995785
199.48161452668413,1994.8161452668412,0.022223433684925853,1729814248.0096517
199.48193853115495,1994.8193853115495,0.022091163712692152,1729814248.0196254
199.4822606071894,1994.822606071894,0.02195967971236823,1729814248.0297172
199.4825807662468,1994.825807662468,0.02182897702871256,1729814248.0396307
199.4828990197186,1994.828990197186,0.021699051033885697,1729814248.049657
199.48321537892878,1994.8321537892878,0.021569897127276194,1729814248.0598352
199.48352985513426,1994.8352985513427,0.0214415107353354,1729814248.0699022
199.4838424595253,1994.838424595253,0.02131388731144601,1729814248.079611
199.4841532032258,1994.8415320322579,0.021187022335737327,1729814248.0897243
199.48446209729377,1994.8446209729377,0.021060911314975117,1729814248.099613
199.48476915272175,1994.8476915272176,0.02093554978234491,1729814248.109591
199.48507438043714,1994.8507438043714,0.020810933297354284,1729814248.119617
199.48537779130257,1994.8537779130256,0.020687057445639256,1729814248.1297271
199.48567939611632,1994.8567939611632,0.020563917838838153,1729814248.1396601
199.48597920561272,1994.8597920561272,0.020441510114428185,1729814248.1497881
199.48627723046243,1994.8627723046243,0.020319829935572686,1729814248.1595664
199.48657348127293,1994.8657348127292,0.020198872990989658,1729814248.1696572
199.4868679685888,1994.8686796858879,0.020078634994788347,1729814248.1796365
199.48716070289217,1994.8716070289217,0.019959111686318254,1729814248.1896458
199.487451694603,1994.87451694603,0.01984029883002525,1729814248.1997042
199.48774095407958,1994.8774095407957,0.0197221922153219,1729814248.2096694
199.4880284916187,1994.880284916187,0.019604787656409828,1729814248.2195864
199.4883143174562,1994.883143174562,0.01948808099217314,1729814248.2296088
199.4885984417672,1994.885984417672,0.019372068086004335,1729814248.2397747
199.48888087466653,1994.8888087466653,0.019256744825672856,1729814248.2497087
199.48916162620907,1994.8916162620908,0.019142107123200747,1729814248.2596102
199.4894407063901,1994.8944070639009,0.01902815091467791,1729814248.2698162
199.4897181251456,1994.897181251456,0.01891487216015375,1729814248.279644
199.48999389235271,1994.899938923527,0.01880226684351105,1729814248.2897038
199.49026801782998,1994.9026801782998,0.018690330972281233,1729814248.2996414
199.49054051133774,1994.9054051133774,0.018579060577557316,1729814248.3096678
199.4908113825785,1994.908113825785,0.018468451713812728,1729814248.3195748
199.4910806411972,1994.9108064119719,0.018358500458789395,1729814248.3296368
199.49134829678155,1994.9134829678155,0.01824920291336629,1729814248.339686
199.49161435886253,1994.9161435886253,0.018140555201415554,1729814248.3496165
199.4918788369145,1994.9187883691452,0.01803255346964794,1729814248.359767
199.4921417403557,1994.921417403557,0.017925193887529334,1729814248.3697822
199.49240307854848,1994.9240307854848,0.017818472647101347,1729814248.3795185
199.49266286079967,1994.9266286079967,0.017712385962856958,1729814248.389728
199.49292109636096,1994.9292109636096,0.017606930071651705,1729814248.3996527
199.4931777944291,1994.931777944291,0.017502101232502953,1729814248.4096184
199.49343296414636,1994.9343296414636,0.017397895726531276,1729814248.4197247
199.49368661460073,1994.9368661460073,0.017294309856770385,1729814248.4296339
199.49393875482636,1994.9393875482635,0.01719133994809785,1729814248.4396696
199.49418939380374,1994.9418939380373,0.017088982347043258,1729814248.4496613
199.49443854046015,1994.9443854046015,0.01698723342173314,1729814248.4596198
199.49468620366991,1994.9468620366993,0.01688608956169735,1729814248.4695897
199.4949323922547,1994.949323922547,0.0167855471777838,1729814248.4795754
199.49517711498385,1994.9517711498384,0.01668560270202346,1729814248.4900432
199.49542038057467,1994.9542038057466,0.016586252587507788,1729814248.4996529
199.49566219769278,1994.9566219769279,0.016487493308269707,1729814248.5096602
199.49590257495237,1994.9590257495238,0.016389321359152165,1729814248.5197005
199.4961415209165,1994.961415209165,0.016291733255690888,1729814248.5296874
199.4963790440975,1994.963790440975,0.016194725534006027,1729814248.5396845
199.4966151529571,1994.966151529571,0.016098294750642284,1729814248.549847
199.49684985590693,1994.9684985590693,0.016002437482508514,1729814248.5596826
199.49708316130864,1994.9708316130864,0.01590715032670187,1729814248.5697577
199.49731507747427,1994.9731507747426,0.015812429900420755,1729814248.5795503
199.49754561266656,1994.9754561266654,0.015718272840851144,1729814248.5895844
199.49777477509917,1994.9777477509917,0.015624675805031574,1729814248.5999997
199.4980025729371,1994.9800257293712,0.015531635469758998,1729814248.6095457
199.49822901429687,1994.9822901429686,0.015439148531432467,1729814248.6195958
199.4984541072468,1994.984541072468,0.01534721170598563,1729814248.6296566
199.49867785980734,1994.9867785980734,0.015255821728739294,1729814248.6396446
199.49890027995139,1994.9890027995139,0.015164975354317933,1729814248.6496177
199.49912137560443,1994.9912137560443,0.015074669356495152,1729814248.6597466
199.499341154645,1994.99341154645,0.014984900528138612,1729814248.669662
199.49955962490486,1994.9955962490485,0.014895665681034176,1729814248.6796212
199.49977679416924,1994.9977679416925,0.014806961645821959,1729814248.689724
199.4999926701772,1994.999926701772,0.014718785271871981,1729814248.6997087
199.50020726062183,1995.0020726062185,0.014631133427163379,1729814248.709735
199.50042057315062,1995.0042057315063,0.014544002998193806,1729814248.7196898
199.5006326153656,1995.006326153656,0.014457390889860422,1729814248.7296305
199.50084339482368,1995.0084339482369,0.014371294025351533,1729814248.7396388
199.50105291903694,1995.0105291903694,0.014285709346041786,1729814248.749769
199.50126119547286,1995.0126119547285,0.014200633811390917,1729814248.759897
199.50146823155458,1995.0146823155458,0.014116064398819406,1729814248.7697313
199.50167403466116,1995.0167403466116,0.014031998103632093,1729814248.7797456
199.50187861212788,1995.018786121279,0.013948431938888506,1729814248.789663
199.50208197124644,1995.0208197124643,0.013865362935305159,1729814248.799664
199.50228411926528,1995.0228411926528,0.013782788141161406,1729814248.8097513
199.50248506338977,1995.0248506338976,0.013700704622180426,1729814248.8195803
199.5026848107825,1995.0268481078251,0.013619109461449286,1729814248.8296998
199.50288336856357,1995.0288336856356,0.013537999759298147,1729814248.8397357
199.50308074381078,1995.0308074381078,0.013457372633206122,1729814248.8496702
199.50327694355988,1995.0327694355988,0.013377225217685806,1729814248.8598704
199.50347197480488,1995.0347197480487,0.013297554664221112,1729814248.8696678
199.50366584449824,1995.0366584449825,0.0132183581411216,1729814248.8795953
199.50385855955113,1995.0385855955114,0.01313963283345676,1729814248.8896236
199.50405012683368,1995.0405012683368,0.013061375942951203,1729814248.8997433
199.5042405531752,1995.0424055317521,0.01298358468787808,1729814248.9095428
199.5044298453645,1995.044298453645,0.012906256302961383,1729814248.91965
199.50461801015007,1995.0461801015008,0.012829388039292455,1729814248.9295373
199.50480505424025,1995.0480505424025,0.0127529771642092,1729814248.9395885
199.5049909843036,1995.049909843036,0.012677020961232133,1729814248.9500518
199.50517580696902,1995.05175806969,0.01260151672995602,1729814248.959666
199.5053595288261,1995.053595288261,0.012526461785946852,1729814248.969809
199.50554215642524,1995.0554215642524,0.01245185346066724,1729814248.979564
199.50572369627798,1995.0572369627798,0.01237768910135384,1729814248.9897544
199.50590415485715,1995.0590415485715,0.012303966070944528,1729814248.9996884
199.50608353859715,1995.0608353859716,0.012230681747998462,1729814249.0097017
199.50626185389413,1995.0626185389413,0.012157833526568185,1729814249.0197823
199.50643910710627,1995.0643910710628,0.012085418816153437,1729814249.029587
199.506615304554,1995.06615304554,0.012013435041571485,1729814249.0397077
199.50679045252016,1995.0679045252016,0.011941879642875408,1729814249.0496085
199.50696455725028,1995.0696455725028,0.011870750075291925,1729814249.0596874
199.50713762495283,1995.0713762495284,0.011800043809100602,1729814249.0700867
199.50730966179933,1995.0730966179933,0.011729758329545037,1729814249.0797627
199.50748067392468,1995.0748067392467,0.011659891136784895,1729814249.0897222
199.5076506674273,1995.0765066742729,0.011590439745752024,1729814249.0996556
199.5078196483694,1995.078196483694,0.0115214016861096,1729814249.1097014
199.5079876227772,1995.0798762277718,0.01145277450214377,1729814249.119546
199.50815459664105,1995.0815459664104,0.011384555752671277,1729814249.129685
199.50832057591577,1995.0832057591579,0.01131674301097374,1729814249.1396132
199.50848556652076,1995.0848556652077,0.011249333864694622,1729814249.1498346
199.50864957434027,1995.0864957434028,0.011182325915775282,1729814249.1596634
199.50881260522357,1995.0881260522356,0.011115716780346618,1729814249.169597
199.50897466498517,1995.0897466498518,0.011049504088663342,1729814249.1796103
199.50913575940507,1995.0913575940508,0.010983685485016936,1729814249.1896029
199.50929589422887,1995.0929589422888,0.010918258627641508,1729814249.1996014
199.5094550751681,1995.0945507516808,0.010853221188653395,1729814249.209579
199.50961330790022,1995.0961330790024,0.010788570853937474,1729814249.219704
199.5097705980691,1995.097705980691,0.010724305323122296,1729814249.2296476
199.509926951285,1995.09926951285,0.010660422309423767,1729814249.2396984
199.51008237312482,1995.100823731248,0.01059691953963271,1729814249.2497106
199.51023686913234,1995.1023686913234,0.01053379475398697,1729814249.259586
199.5103904448184,1995.103904448184,0.010471045706127002,1729814249.2695916
199.51054310566107,1995.1054310566108,0.01040867016299818,1729814249.2795982
199.5106948571059,1995.106948571059,0.0103466659047744,1729814249.2896576
199.51084570456604,1995.1084570456603,0.01028503072477105,1729814249.2996414
199.51099565342247,1995.1099565342247,0.01022376242939882,1729814249.3096602
199.5111447090242,1995.1114470902419,0.010162858838050015,1729814249.3196805
199.51129287668843,1995.1129287668844,0.010102317783052372,1729814249.3297014
199.51144016170076,1995.1144016170076,0.010042137109567806,1729814249.3396823
199.51158656931543,1995.1158656931543,0.009982314675540893,1729814249.349824
