0.017958188406360574,0.17958188406360573,1.2244191540265073,1729821052.9685183
0.03601857479862817,0.36018574798628167,1.231387182683739,1729821052.9694722
0.05418168468840326,0.5418168468840325,1.2383910415959347,1729821052.9797258
0.07244804563970521,0.724480456397052,1.2454308707004271,1729821052.9896803
0.09081818726931144,0.9081818726931145,1.2525068099576755,1729821052.9995966
0.10929264124698823,1.0929264124698823,1.259618999343874,1729821053.0097618
0.12787194129561275,1.2787194129561275,1.2667675788435373,1729821053.0196576
0.14655662319118357,1.4655662319118357,1.2739526884419012,1729821053.029768
0.1653472247627204,1.653472247627204,1.2811744681173574,1729821053.0397003
0.18424428589204933,1.8424428589204933,1.28843305783366,1729821053.0496697
0.2032483485134739,2.032483485134739,1.2957285975321353,1729821053.059584
0.2223599566133298,2.223599566133298,1.3030612271237496,1729821053.0695853
0.24157965622942218,2.4157965622942217,1.3104310864811017,1729821053.079675
0.26090799545034354,2.6090799545034353,1.3178383154302855,1729821053.0896072
0.2803455244146719,2.8034552441467193,1.325283053742722,1729821053.0996478
0.29989279531004676,2.9989279531004676,1.3327654411268268,1729821053.109631
0.31955036237212164,3.1955036237212164,1.340285617219613,1729821053.1196039
0.3393187818833927,3.393187818833927,1.3478437215782035,1729821053.1296294
0.3591986121719002,3.591986121719002,1.355439893671206,1729821053.1396878
0.3791904136098035,3.791904136098035,1.3630742728700591,1729821053.149663
0.39929474861182646,3.9929474861182648,1.3707469984402065,1729821053.1596808
0.41951218163357235,4.195121816335724,1.3784582095321989,1729821053.169711
0.43984327916970734,4.398432791697074,1.3862080451727357,1729821053.179708
0.4602886097520097,4.602886097520097,1.3939966442555152,1729821053.189664
0.4808487439472854,4.808487439472854,1.401824145532104,1729821053.1997242
0.5015242543551462,5.015242543551462,1.4096906876025903,1729821053.2096393
0.5223157156056509,5.2231571560565095,1.4175964089062054,1729821053.2196336
0.5432237043568061,5.432237043568061,1.425541447711839,1729821053.2296402
0.5642487992919275,5.642487992919275,1.4335259421084077,1729821053.2396488
0.585391581116858,5.85391581116858,1.4415500299951889,1729821053.2496507
0.6066526325570419,6.066526325570419,1.4496138490719757,1729821053.2597024
0.6280325383544549,6.280325383544549,1.457717536829212,1729821053.2695994
0.6495318852643857,6.495318852643857,1.4658612305379348,1729821053.2795482
0.67115126205207,6.7115126205207,1.474045067239687,1729821053.2897093
0.6928912594891752,6.928912594891752,1.4822691837363005,1729821053.2997787
0.7147524703501326,7.147524703501325,1.4905337165795585,1729821053.3096604
0.7367354894083172,7.367354894083173,1.49883880206077,1729821053.3196034
0.7588409134320732,7.588409134320732,1.5071845762002338,1729821053.3294935
0.7810693411805827,7.810693411805827,1.515571174736615,1729821053.3397572
0.803421373399578,8.034213733995779,1.5239987331161933,1729821053.349751
0.8258976128168934,8.258976128168934,1.5324673864819962,1729821053.3597252
0.8484986641378581,8.484986641378581,1.5409772696628865,1729821053.3696868
0.8712251340405248,8.712251340405249,1.54952851716246,1729821053.3796222
0.894077631170736,8.94077631170736,1.5581212631478936,1729821053.389625
0.9170567661370247,9.170567661370248,1.5667556414386796,1729821053.3996687
0.9401631515053479,9.401631515053479,1.5754317854952538,1729821053.4096663
0.9633974017936519,9.633974017936518,1.5841498284074786,1729821053.4197698
0.9867601334662672,9.867601334662673,1.5929099028830906,1729821053.4296012
1.0102519649281325,10.102519649281325,1.6017121412359527,1729821053.439717
1.0338735165188448,10.33873516518845,1.6105566753743128,1729821053.449629
1.0576254105065355,10.576254105065354,1.6194436367888274,1729821053.459566
1.0815082710815693,10.815082710815693,1.6283731565405821,1729821053.4696422
1.1055227243500663,11.055227243500664,1.6373453652489571,1729821053.4796665
1.1296693983272434,11.296693983272434,1.6463603930793669,1729821053.4896934
1.1539489229305766,11.539489229305765,1.6554183697309641,1729821053.5001154
1.1783619299727786,11.783619299727786,1.6645194244241628,1729821053.509614
1.2029090531545932,12.029090531545933,1.6736636858880702,1729821053.5196304
1.2275909280574047,12.275909280574046,1.6828512823478698,1729821053.529619
1.2524081921356587,12.524081921356586,1.6920823415119992,1729821053.5396647
1.2773614847090948,12.773614847090949,1.7013569905593107,1729821053.5497198
1.3024514469547892,13.024514469547892,1.7106753561260737,1729821053.5598543
1.3276787218990038,13.276787218990037,1.720037564292892,1729821053.5696187
1.3530439544088437,13.530439544088438,1.7294437405714875,1729821053.579617
1.3785477911837183,13.785477911837184,1.7388940098914203,1729821053.5898275
1.404190880746606,14.04190880746606,1.7483884965866627,1729821053.5996313
1.4299738734351208,14.299738734351209,1.7579273243820959,1729821053.6101916
1.4558974213923794,14.558974213923793,1.7675106163798722,1729821053.6197083
1.4819621785576662,14.819621785576661,1.7771384950457074,1729821053.6296525
1.508168800656896,15.08168800656896,1.786811082195027,1729821053.6397872
1.5345179451928719,15.345179451928718,1.7965284989790353,1729821053.6657586
1.5610102714353375,15.610102714353376,1.8062908658706869,1729821053.6660848
1.5876464404108217,15.876464404108217,1.8160983026505013,1729821053.6700182
1.6144271148922738,16.144271148922737,1.825950928392353,1729821053.6797898
1.641352959388489,16.41352959388489,1.8358488614490858,1729821053.6899335
1.6684246401333211,16.684246401333212,1.8457922194380556,1729821053.7019255
1.6956428250746818,16.956428250746818,1.855781119226589,1729821053.7109187
1.7230081838633244,17.230081838633243,1.8658156769172782,1729821053.719672
1.7505213878414123,17.505213878414125,1.8758960078332487,1729821053.7296412
1.7781831100308678,17.78183110030868,1.8860222265032638,1729821053.739629
1.8059940251215019,18.059940251215018,1.8961944466467608,1729821053.749599
1.8339548094589235,18.339548094589237,1.9064127811587914,1729821053.7597392
1.8620661410322255,18.620661410322256,1.916677342094812,1729821053.7696762
1.8903286994614465,18.903286994614465,1.9269882406554428,1729821053.7796023
1.9187431659848087,19.187431659848087,1.937345587171083,1729821053.7896514
1.9473102234457262,19.47310223445726,1.94774949108644,1729821053.7996743
1.9760305562795877,19.760305562795878,1.9582000609449528,1729821053.8097193
2.0049048505003073,20.04904850500307,1.9686974043731373,1729821053.8196306
2.0339337936866455,20.339337936866457,1.9792416280648135,1729821053.8298745
2.063118074968297,20.631180749682972,1.9898328377652374,1729821053.839608
2.0924583850117444,20.924583850117443,2.0004711382551745,1729821053.8496838
2.1219554160058762,21.219554160058763,2.0111566333348057,1729821053.8596163
2.151609861647369,21.51609861647369,2.0218894258076405,1729821053.8696504
2.1814224171258316,21.814224171258317,2.0326696174642214,1729821053.8796384
2.2113937791087075,22.113937791087075,2.0434973090658355,1729821053.889597
2.2415246457259395,22.415246457259393,2.054372600328084,1729821053.8998935
2.27181571655439,22.7181571655439,2.065295589904376,1729821053.9095829
2.3022676926020194,23.022676926020193,2.0762663753693067,1729821053.919743
2.3328812762918174,23.328812762918176,2.087285053202014,1729821053.9297035
2.363657171445492,23.63657171445492,2.0983517187693588,1729821053.9396462
2.3945960832669075,23.945960832669076,2.1094664663090983,1729821053.9497416
2.4256987183252763,24.25698718325276,2.120629388912909,1729821053.95985
2.4569657845381,24.569657845381002,2.1318405785093946,1729821053.9696503
2.4883979911538594,24.883979911538596,2.143100125846934,1729821053.979699
2.5199960487344524,25.199960487344523,2.154408120476515,1729821053.9897192
2.551760669137379,25.517606691373793,2.1657646507344444,1729821053.999609
2.5836925654976723,25.836925654976724,2.1771698037249942,1729821054.009637
2.6157924522095715,26.157924522095716,2.1886236653029707,1729821054.0195825
2.64806104490794,26.4806104490794,2.200126320056211,1729821054.0295975
2.680499060449425,26.80499060449425,2.211677851287976,1729821054.0397654
2.71310721689336,27.1310721689336,2.2232783409993226,1729821054.0497131
2.745886233482402,27.45886233482402,2.234927869871343,1729821054.0597022
2.7788368306229136,27.78836830622914,2.2466265172473614,1729821054.0705974
2.8119597298650802,28.119597298650802,2.258374361115089,1729821054.0797918
2.845255653882763,28.45255653882763,2.2701714780886446,1729821054.0897768
2.878725326453089,28.787253264530893,2.282017943390559,1729821054.0997245
2.912369472435778,29.12369472435778,2.29391383083371,1729821054.1097164
2.946188817752198,29.46188817752198,2.305859212803168,1729821054.1197667
2.980184089364161,29.80184089364161,2.3178541602379985,1729821054.1295357
3.014356015252443,30.14356015252443,2.329898742613003,1729821054.1401296
3.0487053243950433,30.487053243950434,2.3419930279203998,1729821054.149608
3.083232746745167,30.83232746745167,2.3541370826514294,1729821054.159688
3.117939013208942,31.179390132089424,2.3663309717779457,1729821054.1697423
3.152824855622865,31.528248556228647,2.378574758733902,1729821054.1796641
3.1878910067309687,31.878910067309686,2.3908685053968357,1729821054.1896482
3.223138200161727,32.23138200161727,2.4032122720692533,1729821054.199734
3.2585671704046777,32.585671704046774,2.4156061174600234,1729821054.2098892
3.294178652786777,32.94178652786777,2.428050098665655,1729821054.2196248
3.3299733834484764,33.29973383448476,2.440544271151613,1729821054.230191
3.3659520993195238,33.65952099319524,2.453088688733499,1729821054.2398503
3.4021155380944923,34.021155380944926,2.46568340355829,1729821054.2496674
3.438464438208028,34.38464438208028,2.478328466085448,1729821054.2596126
3.474999538809824,34.74999538809824,2.4910239250680712,1729821054.2695506
3.5117215797393158,35.11721579739316,2.503769827533943,1729821054.279601
3.5486313015001,35.486313015001,2.516566218766605,1729821054.28973
3.585729445234071,35.85729445234071,2.5294131422863666,1729821054.2996488
3.623016752695285,36.23016752695285,2.542310639831311,1729821054.309619
3.660493966223538,36.60493966223538,2.555258751338248,1729821054.3197076
3.698161828717669,36.98161828717669,2.56825751492367,1729821054.3297682
3.736021083608583,37.360210836085834,2.5813069668646706,1729821054.3397722
3.7740724748319927,37.74072474831993,2.5944071415798637,1729821054.3496103
3.8123167468008794,38.123167468008795,2.6075580716102786,1729821054.360129
3.8507546443776755,38.507546443776754,2.620759787600222,1729821054.3696258
3.889386912846166,38.89386912846166,2.634012318278171,1729821054.379643
3.928214297883107,39.282142978831075,2.64731569043762,1729821054.389733
3.967237545529568,39.67237545529568,2.6606699289179465,1729821054.399667
4.006457402161987,40.064574021619876,2.674075056585271,1729821054.4101722
4.045874614462952,40.45874614462952,2.687531094313292,1729821054.4197748
4.085489929391695,40.85489929391695,2.701038060964172,1729821054.4299483
4.125304094154312,41.25304094154312,2.7145959733693923,1729821054.4400725
4.165317856173695,41.65317856173695,2.72820484631061,1729821054.4496765
4.205531963059194,42.05531963059194,2.741864692500571,1729821054.4597623
4.245947162575983,42.45947162575983,2.755575522563986,1729821054.4697075
4.286564202614166,42.86564202614166,2.7693373450184593,1729821054.4795835
4.327383831157584,43.27383831157584,2.7831501662554166,1729821054.489665
4.368406796252359,43.68406796252359,2.7970139905210862,1729821054.5000753
4.409633845975149,44.09633845975149,2.8109288198974367,1729821054.5096657
4.451065728401125,44.51065728401125,2.8248946542832494,1729821054.5197728
4.492703191571676,44.92703191571677,2.838911491375118,1729821054.5299618
4.5345469834618335,45.345469834618335,2.8529793266485743,1729821054.539698
4.576597851947413,45.765978519474125,2.8670981533391604,1729821054.5496254
4.618856544771892,46.188565447718915,2.8812679624236264,1729821054.559641
4.661323809513,46.61323809513,2.895488742601132,1729821054.5696447
4.704000393549042,47.04000393549042,2.9097604802744934,1729821054.5796442
4.746887044024943,47.46887044024943,2.924083159531496,1729821054.5897179
4.78998450781802,47.8998450781802,2.938456762126255,1729821054.5996609
4.833293531503485,48.33293531503485,2.9528812674606257,1729821054.6098607
4.87681486131967,48.7681486131967,2.967356652565714,1729821054.6197515
4.92054924313299,49.205492431329894,2.981882892083391,1729821054.6296692
4.964497422402625,49.64497422402624,2.996459958247926,1729821054.6397023
5.008660144144945,50.086601441449446,3.0110878208676697,1729821054.6496234
5.05303815289766,50.5303815289766,3.025766447306811,1729821054.6596146
5.097632192683706,50.97632192683706,3.040495802467243,1729821054.669735
5.142443006974868,51.42443006974868,3.055275848770451,1729821054.679598
5.187471338655133,51.87471338655133,3.070106546139554,1729821054.6896367
5.232717929983788,52.32717929983788,3.084987851981385,1729821054.6996746
5.278183522558253,52.781835225582526,3.0999197211687113,1729821054.7096977
5.323868857276653,53.238688572766534,3.114902106022493,1729821054.719783
5.369774674300135,53.69774674300135,3.1299349562943126,1729821054.7306654
5.415901713014926,54.15901713014926,3.145018219148846,1729821054.7396488
5.462250711994136,54.62250711994136,3.160151839146481,1729821054.749656
5.508822408959309,55.0882240895931,3.1753357582260326,1729821054.7596593
5.555617540741725,55.55617540741725,3.1905699156875933,1729821054.769661
5.60263684324344,56.026368432434396,3.2058542481754744,1729821054.779673
5.649881051398095,56.498810513980956,3.2211886896612922,1729821054.7896438
5.697350899131466,56.97350899131466,3.2365731714271755,1729821054.799664
5.745047119321774,57.450471193217744,3.2520076220491125,1729821054.8096356
5.792970443759753,57.92970443759753,3.2674919673804297,1729821054.8196504
5.841121603108476,58.41121603108476,3.283026130535407,1729821054.8297408
5.889501326862948,58.895013268629484,3.298610031873028,1729821054.839686
5.938110343309455,59.381103433094545,3.3142435889809203,1729821054.8496332
5.986949379484683,59.86949379484683,3.3299267166593847,1729821054.8595922
6.03601916113461,60.3601916113461,3.3456593269056434,1729821054.8696017
6.085320412673162,60.85320412673162,3.361441328898205,1729821054.8796432
6.1348538571406435,61.348538571406436,3.377272628981417,1729821054.8895938
6.18462021616195,61.8462021616195,3.393153130650176,1729821054.900302
6.234620209904552,62.34620209904552,3.409082734534815,1729821054.9095883
6.284854557036261,62.84854557036261,3.425061338386172,1729821054.919589
6.335323974682781,63.35323974682781,3.4410888370608355,1729821054.929644
6.386029178385049,63.860291783850485,3.4571651225065807,1729821054.939871
6.436970882056356,64.36970882056356,3.4732900837479814,1729821054.9497135
6.488149797939268,64.88149797939269,3.4894636068722438,1729821054.959605
6.539566636562344,65.39566636562344,3.5056855750152023,1729821054.96967
6.591222106696637,65.91222106696637,3.5219558683475567,1729821054.9796808
6.6431169153120155,66.43116915312015,3.53827436406129,1729821054.99051
6.695251767533272,66.95251767533273,3.55464093635631,1729821054.9997356
6.747627366596054,67.47627366596055,3.571055456427289,1729821055.0096524
6.800244413802592,68.00244413802592,3.5875177924507566,1729821055.0196276
6.853103608477248,68.53103608477248,3.6040278095723943,1729821055.029756
6.9062056479218805,69.06205647921881,3.6205853698945507,1729821055.039624
6.959551227371031,69.59551227371031,3.637190332464006,1729821055.049662
7.013141039946929,70.13141039946929,3.653842553259988,1729821055.0596318
7.066975776614334,70.66975776614333,3.6705418851823834,1729821055.0695958
7.121056126135197,71.21056126135197,3.6872881780402462,1729821055.0797234
7.175382775023167,71.75382775023168,3.704081278540535,1729821055.0896587
7.229956407497932,72.29956407497932,3.720921030277079,1729821055.0996833
7.284777705439399,72.84777705439399,3.7378072737198664,1729821055.1096656
7.339847348341728,73.39847348341728,3.754739846204525,1729821055.1197193
7.395166013267205,73.95166013267205,3.771718581922139,1729821055.1297634
7.450734374799985,74.50734374799984,3.7887433119092773,1729821055.1396575
7.506553104999676,75.06553104999676,3.805813864038339,1729821055.149639
7.5626228733547975,75.62622873354798,3.822930063008168,1729821055.1596575
7.618944346736101,76.18944346736102,3.840091730334936,1729821055.1695676
7.67551818934976,76.7551818934976,3.857298684343359,1729821055.1798203
7.732345062690438,77.32345062690439,3.8745507401581616,1729821055.1896923
7.789425625494235,77.89425625494235,3.891847709695856,1729821055.199688
7.846760533691515,78.46760533691514,3.9091894016568345,1729821055.2097225
7.90435044035963,79.0435044035963,3.9265756215177596,1729821055.2196755
7.962195995675525,79.62195995675525,3.944006171524265,1729821055.2297974
8.020297846868251,80.20297846868252,3.9614808506839587,1729821055.2395947
8.078656638171376,80.78656638171375,3.978999454759779,1729821055.2496924
8.137273010775303,81.37273010775303,3.9965617762636603,1729821055.2595665
8.196147602779497,81.96147602779497,4.014167604450482,1729821055.2695386
8.255281049144637,82.55281049144637,4.031816725312432,1729821055.2795787
8.314673981644681,83.14673981644681,4.049508921573651,1729821055.2895427
8.374327028818863,83.74327028818863,4.067243972685203,1729821055.2998295
8.434240815923618,84.34240815923617,4.0850216548204505,1729821055.3097136
8.494415964884446,84.94415964884446,4.102841740870727,1729821055.3196516
8.55485309424772,85.5485309424772,4.120704000441383,1729821055.3296854
8.615552819132434,86.15552819132434,4.138608199848179,1729821055.3396416
8.67651575118191,86.7651575118191,4.156554102114043,1729821055.3497496
8.737742498515463,87.37742498515462,4.174541466966198,1729821055.3596282
8.799233665680024,87.99233665680023,4.192570050833643,1729821055.3696415
8.860989853601739,88.60989853601738,4.210639606845028,1729821055.3796391
8.92301165953753,89.23011659537529,4.22874988482688,1729821055.38962
8.98529967702665,89.85299677026649,4.24690063130222,1729821055.399613
9.047854495842216,90.47854495842216,4.265091589489563,1729821055.4096267
9.110676701942733,91.10676701942734,4.283322499302316,1729821055.4195924
9.173766877423615,91.73766877423616,4.301593097348536,1729821055.4296215
9.237125600468708,92.37125600468708,4.319903116931108,1729821055.4395838
9.300753445301826,93.00753445301825,4.338252288048324,1729821055.449649
9.364650982138295,93.64650982138295,4.356640337394825,1729821055.4596295
9.428818777136518,94.28818777136519,4.375066988363009,1729821055.469638
9.493257392349573,94.93257392349574,4.393531961044772,1729821055.4796493
9.557967385676834,95.57967385676834,4.412034972233742,1729821055.4895372
9.622949310815633,96.22949310815633,4.4305757354278406,1729821055.4996762
9.688203717212973,96.88203717212973,4.449153960832344,1729821055.5096276
9.75373115001728,97.5373115001728,4.467769355363306,1729821055.5195377
9.819532150030222,98.19532150030221,4.486421622651427,1729821055.5295668
9.885607253658584,98.85607253658584,4.505110463046356,1729821055.539767
9.951956992866217,99.51956992866216,4.523835573621395,1729821055.5495772
10.01858189512606,100.1858189512606,4.542596648178691,1729821055.5596862
10.085482483372243,100.85482483372243,4.561393377254787,1729821055.5696878
10.152659275952281,101.52659275952281,4.580225448126674,1729821055.5797014
10.220112786579367,102.20112786579367,4.59909254481826,1729821055.5896604
10.287843524284753,102.87843524284753,4.617994348107269,1729821055.5996952
10.35585199337025,103.5585199337025,4.6369305355326285,1729821055.6097238
10.424138693360842,104.24138693360842,4.655900781402243,1729821055.6196365
10.49270411895742,104.9270411895742,4.6749047568012765,1729821055.6296926
10.561548759989636,105.61548759989635,4.693942129600853,1729821055.63962
10.630673101368908,106.30673101368907,4.7130125644672285,1729821055.6497324
10.700077623041546,107.00077623041545,4.7321157228714155,1729821055.6597028
10.769762799942043,107.69762799942043,4.751251263099257,1729821055.6696188
10.839729101946514,108.39729101946514,4.770418840261984,1729821055.6795356
10.90997699382629,109.0997699382629,4.789618106307222,1729821055.6895506
10.980506935201692,109.80506935201691,4.808848710030454,1729821055.699635
11.051319380495977,110.51319380495977,4.828110297086976,1729821055.7096229
11.122414778889457,111.22414778889457,4.847402510004303,1729821055.7196114
11.193793574273817,111.93793574273818,4.866724988195034,1729821055.7296875
11.265456205206625,112.65456205206625,4.886077367970221,1729821055.739626
11.337403104866048,113.37403104866048,4.905459282553194,1729821055.749628
11.40963470100577,114.0963470100577,4.924870362093847,1729821055.7596247
11.482151415910135,114.82151415910135,4.94431023368342,1729821055.7696018
11.554953666349508,115.54953666349508,4.9637785213697425,1729821055.7797043
11.628041863535874,116.28041863535873,4.9832748461729715,1729821055.7895718
11.701416413078661,117.01416413078661,5.002798826101801,1729821055.7997637
11.775077714940826,117.75077714940826,5.022350076170132,1729821055.8096726
11.849026163395175,118.49026163395175,5.041928208414251,1729821055.8196046
11.923262146980957,119.23262146980957,5.061532831910477,1729821055.8297312
11.99778604846071,119.9778604846071,5.08116355279328,1729821055.839711
12.072598244777394,120.72598244777394,5.100819974273898,1729821055.8496692
12.147699107011789,121.47699107011789,5.12050169665943,1729821055.8596382
12.223089000340195,122.23089000340195,5.140208317372397,1729821055.8696563
12.298768283992414,122.98768283992415,5.15993943097081,1729821055.8797185
12.374737311210042,123.74737311210042,5.179694629168697,1729821055.889629
12.450996429205064,124.50996429205064,5.199473500857126,1729821055.8996973
12.527545979118763,125.27545979118763,5.219275632125703,1729821055.909646
12.604386295980957,126.04386295980957,5.239100606284555,1729821055.9196208
12.681517708669563,126.81517708669563,5.258948003886782,1729821055.9299412
12.758940539870498,127.58940539870497,5.278817402751416,1729821055.9396245
12.836655106037917,128.36655106037915,5.29870837798683,1729821055.9496272
12.914661717354814,129.14661717354815,5.3186205020146335,1729821055.9596353
12.992960677693972,129.92960677693972,5.3385533445940645,1729821055.9696066
13.071552284579274,130.71552284579275,5.358506472846821,1729821055.9795697
13.150436829147399,131.50436829147398,5.37847945128241,1729821055.9896681
13.229614596109878,132.29614596109877,5.398471841823946,1729821055.9996214
13.309085863715556,133.09085863715555,5.418483203834416,1729821056.0096629
13.38885090371343,133.8885090371343,5.438513094143429,1729821056.0196416
13.46890998131589,134.68909981315892,5.458561067074448,1729821056.0296218
13.549263355162376,135.49263355162375,5.478626674472446,1729821056.0396023
13.629911277283428,136.2991127728343,5.498709465732082,1729821056.049651
13.71085399306518,137.1085399306518,5.518808987826293,1729821056.0598595
13.792091741214259,137.9209174121426,5.538924785335387,1729821056.069596
13.873624753723128,138.7362475372313,5.559056400476557,1729821056.0796998
13.95545325583587,139.5545325583587,5.57920337313389,1729821056.0898526
14.037577466014413,140.37577466014415,5.599365240888803,1729821056.1001701
14.119997595905213,141.19997595905213,5.6195415390509496,1729821056.1096706
14.202713850306386,142.02713850306387,5.639731800689555,1729821056.1197124
14.285726427135328,142.85726427135327,5.659935556665208,1729821056.1296682
14.369035517396783,143.69035517396784,5.680152335662121,1729821056.1395648
14.45264130515141,144.5264130515141,5.700381664220776,1729821056.149577
14.536543967484821,145.3654396748482,5.720623066771062,1729821056.1596296
14.620743674477122,146.20743674477123,5.740876065665804,1729821056.169674
14.705240589172945,147.05240589172945,5.761140181214764,1729821056.1796117
14.790034867551988,147.90034867551987,5.781414931719017,1729821056.189604
14.875126658500067,148.75126658500068,5.801699833505804,1729821056.1996436
14.960516103780682,149.60516103780682,5.821994400963766,1729821056.2096088
15.046203338007107,150.46203338007106,5.842298146578605,1729821056.2196207
15.132188488615007,151.3218848861501,5.862610580969161,1729821056.2299097
15.218471675835598,152.184716758356,5.882931212923895,1729821056.2396636
15.305053012669337,153.05053012669336,5.903259549437757,1729821056.2496579
15.391932604860166,153.91932604860165,5.9235950957494845,1729821056.2596571
15.479110550870308,154.79110550870308,5.94393735537927,1729821056.269583
15.566586941855615,155.66586941855616,5.964285830166823,1729821056.2795346
15.654361861641492,156.54361861641493,5.9846400203098105,1729821056.2895057
15.742435386699379,157.42435386699378,6.004999424402693,1729821056.2999017
15.830807586123811,158.3080758612381,6.025363539475932,1729821056.309615
15.919478521610062,159.19478521610063,6.045731861035536,1729821056.319555
16.00844824743237,160.0844824743237,6.066103883103023,1729821056.3296697
16.097716810422757,160.97716810422756,6.08647909825569,1729821056.3398383
16.187284249950444,161.87284249950443,6.10685699766727,1729821056.3496432
16.277150597901866,162.77150597901866,6.127237071148926,1729821056.3596325
16.367315878661287,163.67315878661287,6.147618807190578,1729821056.3695478
16.45778010909205,164.5778010909205,6.1680016930025765,1729821056.379584
16.548543298518403,165.48543298518405,6.188385214557706,1729821056.3896048
16.63960544870799,166.39605448707988,6.208768856633506,1729821056.3996654
16.73096655385493,167.3096655385493,6.229152102854913,1729821056.4096603
16.822626600563556,168.22626600563555,6.249534435737226,1729821056.4197335
16.914585567832763,169.14585567832762,6.269915336729342,1729821056.4296978
17.006843427041012,170.06843427041014,6.290294286257337,1729821056.4395783
17.099400141931973,170.99400141931972,6.310670763768309,1729821056.4496372
17.192255668600808,171.92255668600808,6.331044247774498,1729821056.45963
17.285409955481114,172.85409955481114,6.351414215897737,1729821056.469574
17.378862943332525,173.78862943332524,6.3717801449141,1729821056.4796863
17.47261456522896,174.72614565228957,6.3921415107988775,1729821056.489647
17.566664746547538,175.66664746547536,6.412497788771785,1729821056.4997096
17.661013404958176,176.61013404958175,6.432848453342413,1729821056.509463
17.755660450413828,177.55660450413828,6.453192978355944,1729821056.5195885
17.85060578514143,178.50605785141428,6.473530837039085,1729821056.529597
17.94584930363349,179.45849303633491,6.493861502046243,1729821056.53967
18.041390892640393,180.41390892640393,6.514184445505918,1729821056.5497239
18.137230431163353,181.3723043116335,6.534499139067302,1729821056.5597491
18.233367790448078,182.3336779044808,6.554805053947101,1729821056.569633
18.329802833979123,183.29802833979124,6.575101660976546,1729821056.5796494
18.426535417474916,184.26535417474918,6.595388430648575,1729821056.5896971
18.5235653888835,185.235653888835,6.61566483316525,1729821056.5996828
18.620892588378965,186.20892588378965,6.635930338485292,1729821056.6097367
18.718516848358565,187.18516848358564,6.656184416371826,1729821056.6195574
18.816437993440573,188.16437993440573,6.676426536440245,1729821056.629861
18.914655840462803,189.14655840462802,6.6966561682062755,1729821056.639702
19.013170198481863,190.13170198481862,6.716872781134129,1729821056.6495767
19.111980868773102,191.11980868773102,6.737075844684839,1729821056.6596925
19.211087644831277,192.11087644831278,6.757264828364687,1729821056.6696136
19.310490312371932,193.10490312371934,6.777439201773762,1729821056.679688
19.41018864933348,194.1018864933348,6.797598434654633,1729821056.6896002
19.510182425880018,195.10182425880018,6.8177419969411055,1729821056.6996193
19.610471404404834,196.10471404404834,6.837869358807102,1729821056.7096481
19.71105533953466,197.11055339534659,6.857979990715575,1729821056.7196221
19.81193397813463,198.1193397813463,6.878073363467547,1729821056.7296517
19.913107059313944,199.13107059313944,6.898148948251193,1729821056.7396843
20.014574314432284,200.14574314432284,6.918206216690963,1729821056.7495525
20.116335467106925,201.16335467106924,6.9382446408967935,1729821056.75968
20.21839023322058,202.18390233220578,6.958263693513326,1729821056.7697003
20.320738320929955,203.20738320929956,6.978262847769171,1729821056.7795506
20.42337943067506,204.23379430675058,6.998241577526188,1729821056.7897017
20.526313255189194,205.26313255189194,7.018199357328773,1729821056.799696
20.629539479509695,206.29539479509697,7.038135662453181,1729821056.8096468
20.733057780989395,207.33057780989395,7.058049968956799,1729821056.819672
20.83686782930879,208.3686782930879,7.0779417537274325,1729821056.8296623
20.94096928648895,209.4096928648895,7.097810494532572,1729821056.8398066
21.045361806905145,210.45361806905146,7.117655670068616,1729821056.849784
21.150045037301183,211.50045037301183,7.137476760010049,1729821056.859736
21.255018616804485,212.55018616804483,7.157273245058586,1729821056.869621
21.36028217694186,213.6028217694186,7.1770446069922516,1729821056.8796535
21.465835341656014,214.65835341656015,7.1967903287143855,1729821056.8896637
21.571677727322783,215.71677727322782,7.216509894302568,1729821056.8997126
21.67780894276905,216.7780894276905,7.236202789057484,1729821056.909627
21.784228589291427,217.84228589291428,7.255868499551661,1729821056.91952
21.89093626067559,218.9093626067559,7.275506513678123,1729821056.9296958
21.997931543216385,219.97931543216384,7.295116320698916,1729821056.939664
22.105214015738603,221.05214015738602,7.314697411293533,1729821056.9496272
22.212783249618486,222.12783249618485,7.334249277607191,1729821056.959609
22.320638808805917,223.20638808805916,7.35377141329897,1729821056.9695437
22.428780249847346,224.28780249847347,7.373263313589802,1729821056.9796076
22.53720712190938,225.37207121909378,7.392724475310316,1729821056.989576
22.645918966803105,226.45918966803106,7.412154396948494,1729821056.9996984
22.754915319009083,227.54915319009083,7.431552578697175,1729821057.0096524
22.864195705703054,228.64195705703054,7.450918522501347,1729821057.0196774
22.973759646782323,229.73759646782324,7.470251732105277,1729821057.029693
23.083606654892836,230.83606654892836,7.489551713099414,1729821057.03962
23.193736235456953,231.93736235456953,7.508817972967084,1729821057.0496092
23.304147886701873,233.04147886701872,7.5280500211309915,1729821057.0596764
23.41484109968878,234.14841099688778,7.547247368999444,1729821057.069616
23.525815358342612,235.25815358342612,7.566409530012394,1729821057.0796518
23.637070139482557,236.37070139482557,7.585536019687194,1729821057.0896668
23.748604912853175,237.48604912853176,7.6046263556641165,1729821057.0997372
23.8604191411562,238.604191411562,7.623680057751613,1729821057.1096551
23.972512280083,239.72512280082998,7.642696647971287,1729821057.1196826
24.08488377834769,240.8488377834769,7.661675650602617,1729821057.129681
24.197533077720912,241.97533077720914,7.680616592227355,1729821057.139705
24.310459613064225,243.10459613064225,7.699519001773655,1729821057.1496348
24.423662812365183,244.23662812365183,7.718382410559889,1729821057.1597593
24.53714209677302,245.37142096773022,7.737206352338164,1729821057.169623
24.65089688063498,246.5089688063498,7.755990363337491,1729821057.1797
24.764926571533277,247.64926571533277,7.774733982306655,1729821057.189529
24.87923057032267,248.7923057032267,7.793436750556739,1729821057.1995497
24.993808271168657,249.93808271168658,7.812098212003299,1729821057.2095966
25.10865906158631,251.0865906158631,7.8307179132081925,1729821057.2195714
25.223782322479664,252.23782322479664,7.849295403421055,1729821057.229585
25.33917742818177,253.3917742818177,7.867830234620405,1729821057.239688
25.4548437464953,254.548437464953,7.886321961554372,1729821057.2496407
25.57078063873376,255.7078063873376,7.904770141781042,1729821057.2598224
25.686987459763294,256.86987459763293,7.923174335708437,1729821057.2696881
25.803463558045063,258.03463558045064,7.941534106634063,1729821057.2796745
25.9202082756782,259.202082756782,7.959849020784098,1729821057.2896428
26.03722094844332,260.3722094844332,7.978118647352125,1729821057.2997134
26.15450090584662,261.54500905846623,7.9963425585374965,1729821057.309657
26.27204747116452,262.7204747116452,8.014520329583235,1729821057.3195524
26.389859961488835,263.8985996148883,8.032651538813534,1729821057.3296952
26.507937687772532,265.07937687772534,8.050735767670814,1729821057.3395932
26.626279954875987,266.26279954875986,8.068772600752318,1729821057.3497093
26.744886061613787,267.4488606161379,8.086761625846297,1729821057.359971
26.86375530080206,268.63755300802063,8.104702433967708,1729821057.3696449
26.98288695930632,269.8288695930632,8.122594619393466,1729821057.379554
27.102280318089807,271.02280318089805,8.140437779697223,1729821057.3896403
27.22193465226235,272.21934652262354,8.158231515783688,1729821057.3996165
27.34184923112973,273.4184923112973,8.175975431922447,1729821057.409846
27.462023318243492,274.6202331824349,8.193669135781326,1729821057.4196956
27.5824561714513,275.82456171451304,8.21131223845924,1729821057.4297729
27.70314704294772,277.03147042947717,8.228904354518562,1729821057.4396758
27.82409517932547,278.24095179325474,8.246445102017002,1729821057.4495842
27.94529982162718,279.4529982162718,8.26393410253895,1729821057.459882
28.066760205397532,280.6676020539753,8.28137098122634,1729821057.4696627
28.18847556073591,281.8847556073591,8.29875536680899,1729821057.4796894
28.310445112349445,283.10445112349447,8.316086891634415,1729821057.489632
28.432668079606508,284.3266807960651,8.33336519169713,1729821057.4996803
28.555143676590628,285.55143676590626,8.350589906667414,1729821057.5096257
28.677871112154804,286.77871112154804,8.36776067991955,1729821057.5195863
28.80084958997625,288.00849589976247,8.38487715855952,1729821057.5298445
28.924078308611513,289.24078308611513,8.401938993452175,1729821057.5397112
29.04755646155201,290.4755646155201,8.418945839247835,1729821057.549651
29.171283237279912,291.71283237279914,8.435897354408374,1729821057.5596366
29.295257819324434,292.95257819324434,8.452793201232723,1729821057.569624
29.419479386318468,294.19479386318466,8.469633045881842,1729821057.5797026
29.543947112055598,295.439471120556,8.486416558403112,1729821057.5895562
29.66866016554744,296.6866016554744,8.50314341275419,1729821057.5996804
29.793617711081335,297.93617711081333,8.519813286826272,1729821057.6096208
29.91881890827838,299.18818908278377,8.536425862466823,1729821057.6196334
30.044262912151765,300.44262912151765,8.552980825501692,1729821057.62974
30.16994887316546,301.6994887316546,8.569477865756701,1729821057.639619
30.295875937293168,302.9587593729317,8.585916677078629,1729821057.6496305
30.422043246077617,304.2204324607762,8.602296957355628,1729821057.6596248
30.54844993669011,305.4844993669011,8.618618408537055,1729821057.6697006
30.675095141990372,306.75095141990374,8.634880736652729,1729821057.6796477
30.80197799058669,308.01977990586687,8.65108365183161,1729821057.6896284
30.929097606896278,309.2909760689628,8.667226868319867,1729821057.7001076
31.056453111205926,310.5645311120593,8.68331010449839,1729821057.7095246
31.18404361973289,311.8404361973289,8.699333082899694,1729821057.7196808
31.31186824468603,313.1186824468603,8.71529553022424,1729821057.729674
31.43992609432716,314.3992609432716,8.731197177356174,1729821057.7397437
31.568216273032636,315.68216273032635,8.747037759378449,1729821057.7496722
31.69673788135515,316.96737881355153,8.762817015587382,1729821057.7597365
31.825490016085737,318.25490016085735,8.778534689506603,1729821057.7695782
31.954471770315962,319.5447177031596,8.794190528900415,1729821057.7795274
32.083682233500305,320.83682233500303,8.809784285786554,1729821057.789652
32.21312049151874,322.13120491518737,8.82531571644836,1729821057.7996716
32.342785626739435,323.42785626739436,8.840784581446353,1729821057.8096898
32.472676718081686,324.72676718081686,8.85619064562921,1729821057.8196752
32.60279284107892,326.02792841078923,8.871533678144148,1729821057.8297744
32.73313306794192,327.33133067941924,8.88681345244672,1729821057.8395956
32.86369646762213,328.6369646762213,8.90202974631,1729821057.8496122
32.99448210587509,329.9448210587509,8.917182341833197,1729821057.8595726
33.12548904532406,331.2548904532406,8.932271025449651,1729821057.869647
33.256716345523614,332.56716345523614,8.94729558793427,1729821057.8797047
33.38816306302349,333.8816306302349,8.96225582441033,1729821057.8896909
33.51982825143243,335.1982825143243,8.977151534355725,1729821057.899828
33.65171096148211,336.5171096148211,8.99198252160862,1729821057.9095862
33.783810241091196,337.838102410912,9.006748594372489,1729821057.9196117
33.91612513542942,339.16125135429417,9.021449565220607,1729821057.9297528
34.04865468698173,340.4865468698173,9.036085251099925,1729821057.9396787
34.18139793561248,341.81397935612483,9.050655473334386,1729821057.9496334
34.314353918629685,343.14353918629683,9.065160057627637,1729821057.9598324
34.44752167084927,344.47521670849267,9.07959883406518,1729821057.9697175
34.58090022465936,345.8090022465936,9.093971637115944,1729821057.979652
34.714488610084594,347.14488610084595,9.108278305633268,1729821057.9896638
34.84828585485043,348.4828585485043,9.122518682855329,1729821057.999677
34.98229098444746,349.82290984447457,9.136692616404986,1729821058.0095859
35.1165030221957,351.165030221957,9.150799958289072,1729821058.0196111
35.25092098930888,352.50920989308884,9.164840564897107,1729821058.029496
35.38554390495868,353.85543904958683,9.178814296999452,1729821058.03966
35.52037078633897,355.2037078633897,9.192721019744912,1729821058.049712
35.65540064872997,356.5540064872997,9.206560602657776,1729821058.0596228
35.79063250556237,357.9063250556237,9.220332919634304,1729821058.0696661
35.9260653684814,359.26065368481403,9.234037848938666,1729821058.0796082
36.061698247410824,360.6169824741082,9.247675273198343,1729821058.0895333
36.19753015061684,361.9753015061684,9.261245079398963,1729821058.099711
36.33356008477197,363.33560084771966,9.274747158878629,1729821058.1095972
36.469787055018735,364.69787055018736,9.288181407321682,1729821058.119566
36.60621006503335,366.0621006503335,9.301547724751954,1729821058.1295834
36.74282811708926,367.4282811708926,9.31484601552548,1729821058.1397798
36.879640212120535,368.79640212120535,9.328076188322697,1729821058.14957
37.01664534978519,370.16645349785193,9.341238156140106,1729821058.1598666
37.15384252852838,371.5384252852838,9.354331836281444,1729821058.1696165
37.29123074564539,372.91230745645396,9.36735715034832,1729821058.1796715
37.428808997344575,374.2880899734457,9.380314024230362,1729821058.189686
37.56657627881005,375.66576278810044,9.393202388094853,1729821058.1996794
37.704531584264295,377.04531584264294,9.406022176375862,1729821058.2096665
37.842673907030594,378.4267390703059,9.418773327762906,1729821058.2197185
37.98100223959523,379.8100223959523,9.431455785189096,1729821058.2297783
38.11951557366955,381.19515573669554,9.444069495818812,1729821058.239651
38.25821290025188,382.58212900251874,9.456614411034906,1729821058.2496185
38.39709320968913,383.9709320968913,9.469090486425412,1729821058.2599688
38.53615549173834,385.3615549173834,9.481497681769806,1729821058.2696898
38.6753987356279,386.753987356279,9.493835961024791,1729821058.2796476
38.81482193011862,388.1482193011862,9.506105292309627,1729821058.2896702
38.954424063564545,389.54424063564545,9.518305647891006,1729821058.2997084
39.09420412397357,390.94204123973566,9.53043700416748,1729821058.3097796
39.2341610990678,392.34161099067796,9.542499341653444,1729821058.319542
39.37429397634367,393.7429397634367,9.554492644962687,1729821058.3296607
39.51460174313184,395.1460174313184,9.566416902791502,1729821058.3396444
39.6550833866568,396.550833866568,9.578272107901375,1729821058.349715
39.79573789409623,397.95737894096226,9.590058257101257,1729821058.3597083
39.9365642526401,399.365642526401,9.60177535122941,1729821058.3695905
40.07756144954953,400.7756144954953,9.613423395134852,1729821058.3795912
40.21872847221526,402.18728472215264,9.6250023976584,1729821058.3895824
40.360064308216,403.60064308216005,9.636512371613302,1729821058.3996449
40.501567945376344,405.0156794537634,9.647953333765487,1729821058.40961
40.64323837182445,406.4323837182445,9.659325304813436,1729821058.4195845
40.78507457604945,407.85074576049453,9.670628309367649,1729821058.4300537
40.927075546958505,409.2707554695851,9.681862375929763,1729821058.439646
41.06924027393354,410.69240273933536,9.693027536871284,1729821058.449627
41.21156774688771,412.1156774688771,9.704123828411968,1729821058.4597156
41.35405695632152,413.54056956321523,9.715151290597829,1729821058.4697015
41.49670689337861,414.9670689337861,9.726109967278825,1729821058.479601
41.6395165499012,416.395165499012,9.736999906086167,1729821058.4896767
41.782484918485245,417.82484918485244,9.747821158409312,1729821058.4996035
41.92561099253517,419.25610992535167,9.758573779372623,1729821058.5096855
42.06889376631833,420.6889376631833,9.769257827811684,1729821058.5197206
42.212332235019105,422.1233223501911,9.779873366249321,1729821058.52975
42.355925394792564,423.55925394792564,9.790420460871298,1729821058.539794
42.499672242817894,424.99672242817894,9.800899181501695,1729821058.549627
42.64357177735136,426.4357177735136,9.81130960157801,1729821058.5596316
42.78762299777893,427.8762299777893,9.821651798125947,1729821058.5696511
42.93182490466856,429.3182490466856,9.831925851733917,1729821058.5795777
43.07617649982202,430.7617649982202,9.84213184652727,1729821058.58963
43.220676786326436,432.20676786326436,9.852269870142237,1729821058.5995607
43.36532476860536,433.65324768605365,9.862340013699615,1729821058.6096456
43.51011945246952,435.1011945246952,9.872342371778176,1729821058.619603
43.65505984516711,436.5505984516711,9.882277042387836,1729821058.6299095
43.80014495543374,438.00144955433734,9.892144126942553,1729821058.6396391
43.94537379354195,439.45373793541944,9.901943730232999,1729821058.6495864
44.09074537135033,440.9074537135033,9.911675960398991,1729821058.65966
44.23625870235225,442.3625870235225,9.92134092890168,1729821058.6695857
44.38191280172415,443.8191280172415,9.930938750495526,1729821058.6795557
44.5277066863734,445.277066863734,9.940469543200054,1729821058.6896312
44.673639374985825,446.7363937498583,9.949933428271386,1729821058.6997674
44.81970988807272,448.19709888072725,9.959330530173583,1729821058.709661
44.96591724801748,449.65917248017485,9.968660976549774,1729821058.7195551
45.112260479121815,451.1226047912181,9.977924898193105,1729821058.729557
45.25873860765149,452.58738607651486,9.987122429017482,1729821058.7398627
45.40535066188169,454.0535066188169,9.996253706028149,1729821058.7497401
45.55209567214194,455.5209567214194,10.005318869292083,1729821058.7597604
45.69897267086053,456.9897267086053,10.014318061908225,1729821058.7697887
45.84598069260858,458.4598069260858,10.023251429977545,1729821058.7796926
45.99311877414362,459.9311877414362,10.032119122572949,1729821058.7895563
46.140385954452725,461.4038595445272,10.040921291709042,1729821058.7996414
46.287781274795236,462.87781274795236,10.049658092311736,1729821058.8097074
46.43530377874498,464.3530377874498,10.058329682187733,1729821058.819744
46.5829525122321,465.829525122321,10.066936221993867,1729821058.8296893
46.73072652358439,467.3072652358439,10.075477875206316,1729821058.839713
46.8786248635682,468.786248635682,10.083954808089711,1729821058.849695
47.02664658542887,470.2664658542887,10.092367189666104,1729821058.8597658
47.17479074493074,471.7479074493074,10.100715191683857,1729821058.8696182
47.32305640039664,473.2305640039664,10.108998988586404,1729821058.8795733
47.47144261274698,474.71442612746984,10.117218757480925,1729821058.889732
47.61994844553838,476.19948445538375,10.12537467810694,1729821058.8998778
47.768572965001745,477.68572965001744,10.133466932804794,1729821058.909546
47.917315240080036,479.17315240080035,10.141495706484086,1729821058.919602
48.06617434246542,480.6617434246542,10.149461186592006,1729821058.9297557
48.215149346636075,482.15149346636076,10.157363563081617,1729821058.939655
48.36423932989241,483.64239329892416,10.165203028380065,1729821058.9496446
48.51344337239297,485.1344337239297,10.17297977735673,1729821058.959691
48.66276055718971,486.6276055718971,10.180694007291345,1729821058.9695585
48.81218997026293,488.12189970262926,10.188345917842035,1729821058.9795814
48.96173070055565,489.6173070055565,10.195935711013345,1729821058.989612
49.11138184000759,491.1138184000759,10.203463591124217,1729821058.999633
49.26114248358863,492.6114248358863,10.210929764775942,1729821059.0097911
49.411011729331804,494.110117293318,10.218334440820081,1729821059.0197008
49.56098867836585,495.6098867836585,10.225677830326372,1729821059.0297318
49.71107243494727,497.11072434947266,10.23296014655062,1729821059.0398283
49.86126210649189,498.6126210649189,10.240181604902581,1729821059.049656
50.01155680360604,500.1155680360604,10.247342422913825,1729821059.0596983
50.16195564011715,501.6195564011715,10.25444282020562,1729821059.0695763
50.31245773310395,503.12457733103946,10.261483018456815,1729821059.079568
50.463062202926174,504.63062202926176,10.26846324137172,1729821059.0895789
50.6137681732538,506.137681732538,10.275383714648019,1729821059.0997894
50.764574771095816,507.6457477109582,10.28224466594469,1729821059.1096442
50.915481126828496,509.15481126828496,10.289046324849949,1729821059.1195736
51.066486374223246,510.66486374223246,10.295788922849237,1729821059.129686
51.21758965047397,512.1758965047397,10.302472693293218,1729821059.1397147
51.36879009622393,513.6879009622394,10.309097871365836,1729821059.1498325
51.52008685559219,515.2008685559219,10.315664694052394,1729821059.1597536
51.67147907619955,516.7147907619956,10.322173400107705,1729821059.1696372
51.82296590919405,518.2296590919406,10.328624230024262,1729821059.179643
51.974546509275974,519.7454650927598,10.335017426000494,1729821059.1896305
52.126220034722415,521.2622003472242,10.341353231909057,1729821059.1997244
52.27798564741137,522.7798564741137,10.347631893265211,1729821059.2096791
52.429842512845354,524.2984251284536,10.353853657195236,1729821059.21968
52.58178980017458,525.8178980017458,10.360018772404953,1729821059.2296662
52.73382668221967,527.3382668221967,10.36612748914829,1729821059.2397099
52.88595233549388,528.8595233549388,10.372180059195953,1729821059.2497811
53.0381659402249,530.3816594022489,10.378176735804153,1729821059.2596626
53.19046668037618,531.9046668037619,10.384117773683451,1729821059.2696426
53.342853743667824,533.4285374366782,10.390003428967669,1729821059.279531
53.49532632159697,534.9532632159697,10.395833959182902,1729821059.2896597
53.6478836094578,536.478836094578,10.40160962321664,1729821059.2999237
53.80052480636103,538.0052480636103,10.40733068128697,1729821059.309724
53.95324911525299,539.5324911525299,10.412997394911903,1729821059.3218558
54.10605574293421,541.0605574293421,10.418610026878797,1729821059.3338056
54.25894390007764,542.5894390007763,10.424168841213895,1729821059.3398943
54.41191280124634,544.1191280124634,10.429674103151976,1729821059.355871
54.56496166491076,545.6496166491077,10.435126079106132,1729821059.3630064
54.718089713465616,547.1808971346561,10.440525036637654,1729821059.3697987
54.87129617324624,548.7129617324624,10.445871244426051,1729821059.3808222
55.02458027454458,550.2458027454459,10.451164972239194,1729821059.3896077
55.177941251624716,551.7794125162471,10.45640649090359,1729821059.3996518
55.33137834273795,553.3137834273795,10.461596072274782,1729821059.4096892
55.48489079013746,554.8489079013747,10.466733989207903,1729821059.4195752
55.63847784009256,556.3847784009256,10.471820515528346,1729821059.4297762
55.792138742902466,557.9213874290247,10.476855926002594,1729821059.4396214
55.945872752909686,559.4587275290969,10.481840496309184,1729821059.4497616
56.09967912851298,560.9967912851298,10.486774503009814,1729821059.4597373
56.25355713217989,562.5355713217989,10.491658223520611,1729821059.4696283
56.40750603045885,564.0750603045885,10.496491936083546,1729821059.4795573
56.561525093990866,565.6152509399087,10.501275919737985,1729821059.4895983
56.715613597520836,567.1561359752084,10.506010454292436,1729821059.500685
56.869770819908375,568.6977081990838,10.510695820296405,1729821059.5097237
57.0239960441383,570.239960441383,10.515332299012456,1729821059.5197349
57.17828855733067,571.7828855733067,10.519920172388403,1729821059.5297198
57.332647650750424,573.3264765075043,10.524459723029683,1729821059.5397003
57.48707261981665,574.8707261981665,10.52895123417189,1729821059.5496085
57.6415627641114,576.415627641114,10.533394989653482,1729821059.5597556
57.79611738738814,577.9611738738814,10.537791273888645,1729821059.56955
57.95073579757982,579.5073579757982,10.542140371840356,1729821059.5796783
58.10541730680647,581.0541730680648,10.546442568993585,1729821059.5895958
58.26016123138257,582.6016123138256,10.550698151328703,1729821059.5995893
58.41496689182381,584.1496689182381,10.554907405295054,1729821059.610319
58.56983361285367,585.6983361285368,10.559070617784702,1729821059.6195984
58.7247607234095,587.2476072340951,10.56318807610637,1729821059.6297271
58.87974755664825,588.7974755664825,10.56726006795955,1729821059.6396453
59.034793449951806,590.347934499518,10.571286881408808,1729821059.6496851
59.18989774493202,591.8989774493202,10.57526880485826,1729821059.6598334
59.345059787435275,593.4505978743528,10.579206127026245,1729821059.6696181
59.500278927546745,595.0027892754674,10.58309913692018,1729821059.6796398
59.655554519594254,596.5555451959425,10.586948123811611,1729821059.6896358
59.810885922151805,598.1088592215181,10.590753377211435,1729821059.6999075
59.966272498042706,599.662724980427,10.594515186845339,1729821059.7095833
60.1217136143424,601.217136143424,10.598233842629408,1729821059.719574
60.277208642380856,602.7720864238086,10.601909634645946,1729821059.7297099
60.4327569577447,604.327569577447,10.605542853119465,1729821059.7396955
60.588357940278925,605.8835794027892,10.609133788392894,1729821059.7496307
60.744010974088276,607.4401097408828,10.61268273090397,1729821059.759808
60.89971544753831,608.9971544753831,10.61618997116183,1729821059.7696288
61.055470753256124,610.5547075325612,10.619655799723793,1729821059.7796338
61.21127628813067,612.1127628813067,10.623080507172352,1729821059.7895825
61.36713145331284,613.6713145331283,10.626464384092348,1729821059.7997465
61.523035654215136,615.2303565421514,10.62980772104836,1729821059.8096225
61.67898830051108,616.7898830051108,10.633110808562282,1729821059.8196287
61.83498880613421,618.3498880613421,10.636373937091106,1729821059.8323956
61.99103658927687,619.9103658927687,10.639597397004897,1729821059.8397763
62.14713107238853,621.4713107238854,10.642781478564984,1729821059.849676
62.303271682173985,623.0327168217399,10.64592647190234,1729821059.8601754
62.45945784959102,624.5945784959101,10.649032666996161,1729821059.8698013
62.615689009847934,626.1568900984794,10.652100353652658,1729821059.8797572
62.77196460240069,627.7196460240069,10.655129821484044,1729821059.889932
62.92828407094976,629.2828407094976,10.658121359887721,1729821059.9018044
63.084646863436646,630.8464686343665,10.661075258025674,1729821059.910336
63.24105243204016,632.4105243204017,10.663991804804068,1729821059.9200592
63.39750023317239,633.9750023317239,10.666871288853034,1729821059.9307697
63.55398972747429,635.5398972747429,10.669713998506682,1729821059.9396863
63.710520379811115,637.1052037981111,10.67252022178329,1729821059.9496696
63.86709165926749,638.6709165926749,10.675290246365718,1729821059.9613283
64.02370303914216,640.2370303914216,10.678024359582,1729821059.9698625
64.18035399694259,641.8035399694259,10.680722848386166,1729821059.9801726
64.33704401437909,643.3704401437909,10.683385999339238,1729821059.9897335
64.49377257735888,644.9377257735888,10.68601409859045,1729821060.0009458
64.65053917597973,646.5053917597972,10.688607431858651,1729821060.0103981
64.80734330452334,648.0734330452334,10.691166284413928,1729821060.0199535
64.96418446144858,649.6418446144858,10.693690941059412,1729821060.0300927
65.1210621493843,651.2106214938431,10.696181686113292,1729821060.042262
65.277975875122,652.77975875122,10.698638803391033,1729821060.049892
65.43492514960818,654.3492514960817,10.701062576187788,1729821060.059854
65.59190948793645,655.9190948793645,10.703453287261002,1729821060.0698402
65.74892840933941,657.4892840933942,10.705811218813238,1729821060.082119
65.90598143718027,659.0598143718028,10.70813665247517,1729821060.0899265
66.06306809894417,660.6306809894418,10.7104298692888,1729821060.1007206
66.22018792622934,662.2018792622935,10.712691149690857,1729821060.1116889
66.37734045473799,663.7734045473799,10.714920773496392,1729821060.1198778
66.5345252242669,665.345252242669,10.717119019882581,1729821060.1318402
66.6917417786979,666.9174177869791,10.719286167372712,1729821060.1409085
66.84898966598801,668.4898966598802,10.721422493820365,1729821060.1499763
67.0062684381594,670.062684381594,10.723528276393791,1729821060.1613479
67.16357765128907,671.6357765128907,10.725603791560488,1729821060.1707935
67.32091686549845,673.2091686549845,10.727649315071956,1729821060.180671
67.47828564494253,674.7828564494253,10.729665121948651,1729821060.190161
67.63568355779907,676.3568355779908,10.731651486465132,1729821060.2004373
67.79311017625734,677.9311017625735,10.733608682135399,1729821060.2115967
67.95056507650682,679.5056507650681,10.735536981698399,1729821060.2196732
68.10804783872557,681.0804783872557,10.737436657103753,1729821060.2301164
68.26555804706847,682.6555804706846,10.73930797949764,1729821060.239943
68.42309528965524,684.2309528965524,10.741151219208888,1729821060.2508945
68.58065915855825,685.8065915855825,10.742966645735235,1729821060.2610981
68.7382492497901,687.382492497901,10.74475452772978,1729821060.2697651
68.89586516329109,688.9586516329109,10.746515132987623,1729821060.2801166
69.05350650291639,690.5350650291639,10.748248728432676,1729821060.2898538
69.2111728764231,692.1117287642311,10.749955580104658,1729821060.3004441
69.36886389545711,693.6886389545712,10.751635953146275,1729821060.3125052
69.52657917553971,695.2657917553971,10.753290111790573,1729821060.3197966
69.68431833605409,696.8431833605409,10.754918319348473,1729821060.334407
69.84208100023167,698.4208100023168,10.756520838196478,1729821060.339827
69.99986679513815,699.9986679513814,10.758097929764556,1729821060.349617
70.15767535165949,701.5767535165949,10.759649854524204,1729821060.3596838
70.31550630448771,703.1550630448771,10.761176871976671,1729821060.3696778
70.47335929210642,704.7335929210642,10.762679240641372,1729821060.3796394
70.63123395677631,706.3123395677632,10.764157218044454,1729821060.3896222
70.7891299445204,707.8912994452039,10.765611060707544,1729821060.3996894
70.9470469051091,709.4704690510911,10.767041024136653,1729821060.4096317
71.10498449204525,711.0498449204524,10.76844736281127,1729821060.4197297
71.2629423625488,712.629423625488,10.76983033017359,1729821060.4296424
71.42092017754153,714.2092017754153,10.771190178617937,1729821060.4396148
71.57891760163149,715.7891760163149,10.772527159480322,1729821060.4495986
71.73693430309729,717.3693430309729,10.77384152302819,1729821060.4596322
71.89496995387235,718.9496995387235,10.77513351845031,1729821060.4695816
72.05302422952889,720.5302422952889,10.776403393846827,1729821060.47953
72.21109680926182,722.1109680926181,10.777651396219477,1729821060.489698
72.36918737587251,723.6918737587251,10.778877771461952,1729821060.4998271
72.52729561575241,725.272956157524,10.78008276435043,1729821060.5096908
72.68542121886647,726.8542121886646,10.781266618534252,1729821060.5196493
72.84356387873652,728.4356387873652,10.782429576526747,1729821060.5297165
73.00172329242446,730.0172329242446,10.783571879696224,1729821060.5398471
73.15989916051535,731.5989916051535,10.784693768257096,1729821060.5496922
73.31809118710036,733.1809118710037,10.785795481261166,1729821060.559638
73.47629907975958,734.7629907975959,10.786877256589051,1729821060.5697067
73.63452254954471,736.3452254954472,10.787939330941764,1729821060.5795794
73.79276131096165,737.9276131096165,10.788981939832423,1729821060.5897982
73.95101508195297,739.5101508195297,10.790005317578116,1729821060.5997252
74.10928358388024,741.0928358388024,10.79100969729191,1729821060.609592
74.26756654150626,742.6756654150626,10.791995310874986,1729821060.6195788
74.42586368297714,744.2586368297714,10.79296238900893,1729821060.630002
74.58417473980435,745.8417473980435,10.793911161148143,1729821060.639574
74.7424994468466,747.4249944684659,10.79484185551241,1729821060.6496954
74.90083754229158,749.0083754229158,10.795754699079575,1729821060.659921
75.05918876763774,750.5918876763774,10.796649917578383,1729821060.6697161
75.21755286767572,752.1755286767573,10.797527735481422,1729821060.679737
75.37592959046998,753.7592959046998,10.798388375998215,1729821060.6895895
75.53431868734005,755.3431868734004,10.799232061068436,1729821060.6996927
75.6927199128419,756.9271991284189,10.800059011355247,1729821060.709597
75.85113302474905,758.5113302474905,10.800869446238776,1729821060.7196012
76.0095577840337,760.095577840337,10.801663583809706,1729821060.7296174
76.16799395484774,761.6799395484775,10.802441640862993,1729821060.739635
76.32644130450362,763.2644130450362,10.8032038328917,1729821060.7496543
76.48489960345515,764.8489960345514,10.803950374080967,1729821060.759794
76.6433686252783,766.433686252783,10.804681477302081,1729821060.7697604
76.80184814665178,768.0184814665178,10.805397354106672,1729821060.7796702
76.96033794733762,769.6033794733762,10.806098214721034,1729821060.7896435
77.1188378101617,771.188378101617,10.806784268040541,1729821060.799636
77.27734752099404,772.7734752099404,10.807455721624194,1729821060.8095284
77.43586686872925,774.3586686872925,10.808112781689275,1729821060.8196938
77.59439564526666,775.9439564526666,10.808755653106099,1729821060.8300886
77.75293364549057,777.5293364549057,10.809384539392903,1729821060.8396523
77.91148066725032,779.1148066725032,10.809999642710814,1729821060.8496215
78.07003651134029,780.7003651134029,10.810601163858935,1729821060.859897
78.22860098147989,782.2860098147988,10.811189302269542,1729821060.8695974
78.3871738842934,783.8717388429341,10.811764256003373,1729821060.879685
78.54575502928986,785.4575502928986,10.812326221745032,1729821060.8895967
78.70434422884276,787.0434422884275,10.812875394798475,1729821060.8996902
78.8629412981697,788.629412981697,10.813411969082617,1729821060.9097095
79.0215460553121,790.215460553121,10.813936137127024,1729821060.9198706
79.1801583211147,791.8015832111471,10.814448090067703,1729821060.929601
79.33877791920507,793.3877791920507,10.814948017642987,1729821060.939738
79.49740467597306,794.9740467597305,10.815436108189518,1729821060.9496174
79.65603842055017,796.5603842055018,10.815912548638321,1729821060.9595964
79.81467898478893,798.1467898478893,10.816377524510965,1729821060.9696925
79.97332620324207,799.7332620324207,10.81683121991582,1729821060.9796567
80.13197991314185,801.3197991314184,10.817273817544393,1729821060.989621
80.29063995437916,802.9063995437916,10.817705498667767,1729821060.9995906
80.44930616948265,804.4930616948266,10.818126443133112,1729821061.009779
80.60797840359783,806.0797840359783,10.818536829360276,1729821061.019722
80.76665650446601,807.6665650446602,10.818936834338489,1729821061.0296662
80.92534032240337,809.2534032240337,10.8193266336231,1729821061.039673
81.0840297102798,810.8402971027979,10.81970640133245,1729821061.0496316
81.2427245234978,812.427245234978,10.820076310144776,1729821061.0595937
81.40142461997135,814.0142461997135,10.820436531295218,1729821061.0695655
81.56012986010467,815.6012986010467,10.820787234572913,1729821061.079569
81.71884010677095,817.1884010677095,10.821128588318125,1729821061.0896153
81.87755522529113,818.7755522529113,10.821460759419491,1729821061.0998
82.03627508341249,820.3627508341249,10.82178391331132,1729821061.1095243
82.19499955128734,821.9499955128733,10.822098213970962,1729821061.1196644
82.35372850145157,823.5372850145156,10.822403823916256,1729821061.1298695
82.51246180880325,825.1246180880325,10.822700904203034,1729821061.1396253
82.6711993505811,826.711993505811,10.822989614422713,1729821061.1496162
82.82994100634303,828.2994100634303,10.823270112699939,1729821061.15971
82.98868665794458,829.8868665794458,10.823542555690297,1729821061.1696277
83.1474361895173,831.4743618951729,10.823807098578088,1729821061.1795504
83.30618948744718,833.0618948744718,10.824063895074172,1729821061.1896417
83.46494644035303,834.6494644035304,10.82431309741387,1729821061.1996243
83.62370693906473,836.2370693906473,10.82455485635493,1729821061.209721
83.78247087660162,837.8247087660162,10.824789321175539,1729821061.219624
83.9412381481507,839.412381481507,10.825016639672416,1729821061.2297559
84.10000865104493,841.0000865104494,10.82523695815895,1729821061.2395935
84.25878228474141,842.5878228474141,10.825450421463383,1729821061.2496014
84.41755895079959,844.1755895079959,10.825657172927075,1729821061.2596762
84.57633855285941,845.7633855285941,10.825857354402796,1729821061.2696576
84.7351209966195,847.351209966195,10.826051106253091,1729821061.2796385
84.89390618981523,848.9390618981522,10.826238567348682,1729821061.2896156
85.05269404219688,850.5269404219688,10.82641987506693,1729821061.3001432
85.21148446550764,852.1148446550764,10.826595165290346,1729821061.3097012
85.37027737346173,853.7027737346173,10.826764572405144,1729821061.3197327
85.52907268172241,855.2907268172241,10.82692822929985,1729821061.3296921
85.68787030787996,856.8787030787996,10.82708626736395,1729821061.3395915
85.84667017142972,858.4667017142972,10.827238816486584,1729821061.349566
86.00547219375007,860.0547219375006,10.827386005055297,1729821061.359752
86.16427629808034,861.6427629808034,10.827527959954814,1729821061.3695776
86.3230824094988,863.230824094988,10.82766480656587,1729821061.3795662
86.48189045490055,864.8189045490055,10.827796668764083,1729821061.38951
86.64070036297548,866.4070036297549,10.827923668918853,1729821061.3996053
86.7995120641861,867.995120641861,10.828045927892317,1729821061.4095726
86.95832549074545,869.5832549074545,10.828163565038336,1729821061.4197066
87.11714057659496,871.1714057659497,10.828276698201519,1729821061.429749
87.27595725738232,872.7595725738231,10.828385443716279,1729821061.4396145
87.43477547043926,874.3477547043926,10.828489916405934,1729821061.4495296
87.59359515475947,875.9359515475946,10.828590229581842,1729821061.4596279
87.75241625097631,877.5241625097631,10.82868649504256,1729821061.4696214
87.91123870134068,879.1123870134068,10.82877882307304,1729821061.4796362
88.07006244969877,880.7006244969876,10.828867322443875,1729821061.4895744
88.22888744146987,882.2888744146986,10.828952100410538,1729821061.4996827
88.3877136236241,883.877136236241,10.829033262712697,1729821061.50962
88.54654094466021,885.465409446602,10.829110913573517,1729821061.519618
88.7053693545833,887.053693545833,10.82918515569903,1729821061.5295923
88.86419880488258,888.6419880488257,10.829256090277493,1729821061.5396428
89.02302924850906,890.2302924850906,10.82932381697881,1729821061.549692
89.18186063985334,891.8186063985333,10.829388433953959,1729821061.5596783
89.34069293472325,893.4069293472326,10.829450037834444,1729821061.5696557
89.49952609032161,894.9952609032161,10.829508723731786,1729821061.579511
89.6583600652239,896.583600652239,10.829564585237021,1729821061.589587
89.81719481935599,898.17194819356,10.829617714420236,1729821061.599621
89.97603031397178,899.7603031397177,10.829668201830115,1729821061.609708
90.13486651163089,901.3486651163089,10.829716136493522,1729821061.6196167
90.29370337617637,902.9370337617637,10.829761605915085,1729821061.6297383
90.45254087271232,904.5254087271232,10.829804696076817,1729821061.6395772
90.61137896758159,906.1137896758158,10.829845491437752,1729821061.6497192
90.77021762834342,907.7021762834341,10.829884074933593,1729821061.6597195
90.92905682375108,909.2905682375108,10.829920527976393,1729821061.6697102
91.08789652372957,910.8789652372957,10.829954930454235,1729821061.6796408
91.2467366993532,912.4673669935321,10.829987360730948,1729821061.6895435
91.40557732282328,914.0557732282327,10.830017895645822,1729821061.699748
91.5644183674457,915.6441836744569,10.830046610513351,1729821061.7096753
91.72325980760861,917.2325980760861,10.830073579122992,1729821061.7196417
91.88210161876007,918.8210161876008,10.830098873738923,1729821061.7297063
92.04094377738562,920.4094377738562,10.830122565099833,1729821061.739734
92.19978626098592,921.9978626098591,10.830144722418718,1729821061.749739
92.35862904805438,923.5862904805438,10.830165413382685,1729821061.7597191
92.51747211805478,925.1747211805479,10.83018470415278,1729821061.7696652
92.67631545139888,926.7631545139888,10.830202659363815,1729821061.779606
92.835159029424,928.35159029424,10.830219342124215,1729821061.7895327
92.99400283437073,929.9400283437074,10.830234814015872,1729821061.7996862
93.15284684936042,931.5284684936041,10.830249135094013,1729821061.8096197
93.31169105837284,933.1169105837284,10.83026236388707,1729821061.8196156
93.4705354462238,934.7053544622381,10.830274557396562,1729821061.8298192
93.62937999854276,936.2937999854275,10.830285771097,1729821061.8395705
93.78822470175035,937.8822470175035,10.830296058935774,1729821061.8495936
93.94706954303608,939.4706954303608,10.830305473333073,1729821061.8595977
94.10591451033588,941.0591451033588,10.830314065181792,1729821061.8695881
94.2647595923097,942.647595923097,10.83032188384746,1729821061.8795261
94.42360477831913,944.2360477831913,10.830328977168175,1729821061.8899267
94.58245005840497,945.8245005840497,10.830335391454529,1729821061.8997593
94.74129542326486,947.4129542326486,10.830341171489561,1729821061.9095576
94.90014086423082,949.0014086423082,10.830346360528697,1729821061.9196408
95.05898637324691,950.5898637324691,10.830351000299709,1729821061.929704
95.21783194284679,952.1783194284678,10.830355131002666,1729821061.939647
95.37667756613129,953.766775661313,10.8303587913099,1729821061.9495885
95.53552323674606,955.3552323674605,10.830362018365975,1729821061.9597251
95.69436894885911,956.9436894885911,10.830364847787648,1729821061.9695687
95.85321469713843,958.5321469713842,10.830367313663853,1729821061.9795945
96.01206047672956,960.1206047672956,10.830369448555668,1729821061.9897313
96.17090628323321,961.709062832332,10.830371283496302,1729821061.9997387
96.32975211268284,963.2975211268284,10.830372847991072,1729821062.009548
96.48859796152223,964.8859796152224,10.830374170017393,1729821062.019573
96.6474438265831,966.4744382658309,10.830375276024759,1729821062.0295823
96.80628970506268,968.0628970506268,10.830376190934736,1729821062.0396214
96.96513559450132,969.6513559450132,10.830376938140954,1729821062.0496886
97.12398149276004,971.2398149276004,10.830377539509094,1729821062.059727
97.28282739799816,972.8282739799816,10.830378015376887,1729821062.0696096
97.4416733086509,974.4167330865091,10.830378384554104,1729821062.0797002
97.60051922340692,976.0051922340692,10.830378664322556,1729821062.0895936
97.75936514118594,977.5936514118594,10.830378870436089,1729821062.0996387
97.91821106111634,979.1821106111634,10.830379017120585,1729821062.1096456
98.07705698251273,980.7705698251273,10.83037911707395,1729821062.1195757
98.23590290485353,982.3590290485354,10.830379181466126,1729821062.1296458
98.39474882775862,983.9474882775862,10.830379219939083,1729821062.139651
98.55359475096682,985.5359475096682,10.830379240606815,1729821062.1495533
98.71244067431361,987.1244067431361,10.83037925005535,1729821062.1596646
98.87128659770862,988.7128659770862,10.830379253342738,1729821062.1696668
99.03013252111325,990.3013252111325,10.83037925399906,1729821062.179626
99.18897844451827,991.8897844451827,10.830379254026425,1729821062.1898866
99.34782436792143,993.4782436792143,10.830379253898966,1729821062.199728
99.506670291305,995.06670291305,10.830379252562848,1729821062.209619
99.66551621461338,996.6551621461338,10.830379247436259,1729821062.2195942
99.82436213773069,998.2436213773069,10.830379234409419,1729821062.2297113
99.98320806045838,999.8320806045838,10.83037920784457,1729821062.239602
100.1420539824928,1001.420539824928,10.830379160575987,1729821062.2497182
100.30089990340278,1003.0089990340277,10.830379083909971,1729821062.2596116
100.45974582260725,1004.5974582260725,10.830378967624851,1729821062.2696397
100.61859173935278,1006.1859173935278,10.830378799970982,1729821062.279671
100.77743765269123,1007.7743765269123,10.830378567670754,1729821062.289827
100.93628356145732,1009.3628356145732,10.830378255918584,1729821062.2996066
101.09512946424617,1010.9512946424617,10.83037784838092,1729821062.309707
101.25397535939096,1012.5397535939096,10.830377327196247,1729821062.319572
101.41282124494049,1014.1282124494048,10.830376672975092,1729821062.3296402
101.57166711863675,1015.7166711863675,10.830375864800013,1729821062.3397474
101.73051297789256,1017.3051297789256,10.830374880225623,1729821062.349664
101.8893588197691,1018.893588197691,10.830373695278585,1729821062.3596342
102.04820464095356,1020.4820464095355,10.830372284457619,1729821062.3696163
102.20705043773667,1022.0705043773667,10.830370620733518,1729821062.3797839
102.36589620599034,1023.6589620599034,10.83036867554915,1729821062.389624
102.52474194114524,1025.2474194114525,10.83036641881948,1729821062.3997004
102.68358763816836,1026.8358763816836,10.830363818931572,1729821062.4096038
102.84243329154064,1028.4243329154065,10.83036084274462,1729821062.4195354
103.00127889523455,1030.0127889523455,10.830357455589956,1729821062.4297593
103.16012444269164,1031.6012444269163,10.830353621271085,1729821062.4396932
103.31896992680022,1033.1896992680022,10.830349302063695,1729821062.4496698
103.47781533987286,1034.7781533987286,10.830344458715699,1729821062.459767
103.63666067362405,1036.3666067362406,10.830339050447265,1729821062.4697022
103.79550591914776,1037.9550591914776,10.830333034950847,1729821062.4796054
103.95435106689504,1039.5435106689504,10.830326368391237,1729821062.4895153
104.11319610665163,1041.1319610665164,10.8303190054056,1729821062.4998026
104.27204102751551,1042.7204102751552,10.830310899103534,1729821062.5096917
104.43088581787457,1044.3088581787456,10.830302001067118,1729821062.5196261
104.58973046538412,1045.8973046538413,10.83029226135098,1729821062.5298748
104.74857495694458,1047.4857495694457,10.83028162848237,1729821062.5396113
104.90741927867901,1049.0741927867903,10.830270049461221,1729821062.5496726
105.06626341591075,1050.6626341591075,10.830257469760245,1729821062.5596566
105.22510735314098,1052.25107353141,10.83024383332501,1729821062.5696235
105.38395107402637,1053.8395107402637,10.830229082574046,1729821062.579685
105.54279456135666,1055.4279456135666,10.830213158398951,1729821062.5895867
105.70163779703228,1057.0163779703228,10.830196000164495,1729821062.5996058
105.86048076204192,1058.6048076204193,10.830177545708748,1729821062.609681
106.0193234364402,1060.193234364402,10.83015773134322,1729821062.6195319
106.17816579932526,1061.7816579932526,10.830136491852992,1729821062.6297617
106.33700782881634,1063.3700782881633,10.830113760496873,1729821062.6395934
106.49584950203143,1064.9584950203143,10.83008946900757,1729821062.6497009
106.6546907950649,1066.546907950649,10.830063547591855,1729821062.659737
106.81353168296508,1068.1353168296507,10.830035924930758,1729821062.6695585
106.97237213971194,1069.7237213971193,10.83000652817977,1729821062.6796446
107.13121213819466,1071.3121213819466,10.82997528296905,1729821062.6896806
107.29005165018931,1072.9005165018932,10.829942113403659,1729821062.699981
107.44889064633648,1074.4889064633649,10.8299069420638,1729821062.7096224
107.60772909611887,1076.0772909611887,10.829869690005076,1729821062.7196457
107.76656696783901,1077.66566967839,10.82983027675876,1729821062.7296202
107.92540422859683,1079.2540422859684,10.829788620332087,1729821062.7396412
108.08424084426738,1080.8424084426738,10.829744637208563,1729821062.7496943
108.24307677947843,1082.4307677947843,10.829698242348277,1729821062.7596028
108.40191199758817,1084.0191199758817,10.82964934918826,1729821062.769624
108.56074646066287,1085.6074646066286,10.829597869642827,1729821062.7796059
108.71958012945451,1087.1958012945452,10.82954371410397,1729821062.7895715
108.87841296337855,1088.7841296337856,10.829486791441754,1729821062.7996168
109.03724492049152,1090.3724492049153,10.829427009004736,1729821062.8096592
109.19607595746876,1091.9607595746877,10.82936427262041,1729821062.819666
109.35490602958211,1093.5490602958212,10.829298486595672,1729821062.8296936
109.51373509067761,1095.1373509067762,10.829229553717308,1729821062.839676
109.67256309315323,1096.7256309315324,10.829157375252505,1729821062.8496377
109.83138998793655,1098.3138998793654,10.829081850949386,1729821062.8595788
109.99021572446253,1099.9021572446254,10.829002879037573,1729821062.86963
110.14904025065123,1101.4904025065123,10.828920356228776,1729821062.8797507
110.30786351288555,1103.0786351288555,10.828834177717411,1729821062.8895872
110.46668545598901,1104.66685455989,10.828744237181233,1729821062.8997982
110.62550602320349,1106.2550602320348,10.828650426782016,1729821062.9096484
110.78432515616701,1107.84325156167,10.828552637166247,1729821062.919643
110.94314279489154,1109.4314279489154,10.828450757465863,1729821062.9296625
111.10195887774076,1111.0195887774075,10.828344675299006,1729821062.9400024
111.26077334140787,1112.6077334140787,10.828234276770825,1729821062.9497988
111.41958612089347,1114.1958612089347,10.828119446474291,1729821062.9596941
111.57839714948334,1115.7839714948334,10.82800006749107,1729821062.9696107
111.7372063587263,1117.372063587263,10.82787602139241,1729821062.9795973
111.89601367841206,1118.9601367841206,10.827747188240068,1729821062.9895763
112.05481903654912,1120.548190365491,10.827613446587286,1729821062.9996
112.21362235934265,1122.1362235934266,10.827474673479792,1729821063.0096304
112.37242357117238,1123.7242357117238,10.827330744456836,1729821063.0197263
112.53122259457052,1125.3122259457052,10.82718153355228,1729821063.0297503
112.69001935019976,1126.9001935019976,10.827026913295711,1729821063.0397122
112.84881375683112,1128.4881375683112,10.826866754713617,1729821063.0496454
113.007605731322,1130.07605731322,10.826700927330577,1729821063.059639
113.16639518859415,1131.6639518859415,10.826529299170518,1729821063.0696967
113.32518204161165,1133.2518204161165,10.826351736758012,1729821063.0795283
113.48396620135901,1134.83966201359,10.826168105119596,1729821063.0897398
113.64274757681913,1136.4274757681912,10.825978267785178,1729821063.099669
113.80152607495145,1138.0152607495145,10.825782086789452,1729821063.1096876
113.96030160066998,1139.6030160066998,10.825579422673384,1729821063.119617
114.11907405682145,1141.1907405682146,10.825370134485741,1729821063.129622
114.27784334416343,1142.7784334416342,10.825154079784665,1729821063.1395876
114.4366093613425,1144.3660936134252,10.824931114639314,1729821063.1497068
114.59537200487247,1145.9537200487248,10.824701093631536,1729821063.1597028
114.75413116911251,1147.5413116911252,10.824463869857606,1729821063.169618
114.91288674624546,1149.1288674624545,10.824219294930025,1729821063.1797128
115.07163862625606,1150.7163862625607,10.823967218979364,1729821063.189606
115.23038669690926,1152.3038669690927,10.823707490656167,1729821063.1998613
115.38913084372855,1153.8913084372855,10.823439957132917,1729821063.2099278
115.54787094997425,1155.4787094997425,10.823164464106057,1729821063.2196507
115.70660689662199,1157.06606896622,10.822880855798076,1729821063.2296915
115.86533856234104,1158.6533856234105,10.822588974959645,1729821063.239612
116.02406582347278,1160.2406582347278,10.822288662871838,1729821063.2496378
116.18278855400922,1161.8278855400922,10.821979759348393,1729821063.2595775
116.34150662557145,1163.4150662557145,10.82166210273805,1729821063.26964
116.50021990738823,1165.0021990738824,10.821335529926962,1729821063.2796073
116.65892826627456,1166.5892826627455,10.820999876341158,1729821063.2895498
116.81763156661032,1168.1763156661032,10.820654975949083,1729821063.299617
116.97632967031888,1169.7632967031886,10.820300661264213,1729821063.3095975
117.13502243684587,1171.3502243684588,10.819936763347735,1729821063.3196058
117.29370972313788,1172.9370972313789,10.819563111811298,1729821063.3296106
117.45239138362122,1174.5239138362122,10.819179534819847,1729821063.3397284
117.6110672701808,1176.110672701808,10.818785859094515,1729821063.3497343
117.76973723213895,1177.6973723213896,10.818381909915614,1729821063.3596818
117.92840111623438,1179.2840111623439,10.817967511125687,1729821063.3696449
118.08705876660107,1180.8705876660108,10.817542485132643,1729821063.3797007
118.24571002474735,1182.4571002474736,10.817106652912978,1729821063.389943
118.4043547295349,1184.043547295349,10.816659834015066,1729821063.3996117
118.56299271715788,1185.6299271715789,10.816201846562546,1729821063.4101484
118.72162382112208,1187.2162382112208,10.815732507257785,1729821063.4195871
118.88024787222412,1188.8024787222412,10.815251631385427,1729821063.429676
119.03886469853072,1190.388646985307,10.814759032816031,1729821063.4395814
119.19747412535801,1191.97474125358,10.814254524009801,1729821063.4496868
119.3560759752509,1193.560759752509,10.813737916020392,1729821063.4599044
119.51467006796251,1195.1467006796252,10.813209018498826,1729821063.4696548
119.67325622043366,1196.7325622043365,10.812667639697485,1729821063.479754
119.8318342467724,1198.318342467724,10.8121135864742,1729821063.4896524
119.99040395823364,1199.9040395823365,10.811546664296445,1729821063.4997365
120.1489651631988,1201.489651631988,10.810966677245617,1729821063.5096035
120.30751766715555,1203.0751766715555,10.810373428021414,1729821063.5195317
120.46606127267765,1204.6606127267764,10.809766717946317,1729821063.529617
120.62459577940476,1206.2459577940476,10.809146346970175,1729821063.5397503
120.78312098402239,1207.831209840224,10.80851211367488,1729821063.5495532
120.94163668024194,1209.4163668024194,10.807863815279154,1729821063.5598705
121.10014265878075,1211.0014265878076,10.807201247643446,1729821063.5696058
121.25863870734226,1212.5863870734227,10.806524205274924,1729821063.5796318
121.41712461059622,1214.1712461059622,10.80583248133257,1729821063.589693
121.57560015015902,1215.7560015015902,10.805125867632412,1729821063.5995657
121.73406510457407,1217.3406510457407,10.804404154652827,1729821063.6095726
121.89251924929223,1218.9251924929224,10.803667131539994,1729821063.6196096
122.05096235665239,1220.509623566524,10.802914586113422,1729821063.6296852
122.20939419586205,1222.0939419586205,10.802146304871634,1729821063.6396751
122.36781453297809,1223.6781453297808,10.801362072997927,1729821063.649704
122.52622313088752,1225.2622313088752,10.80056167436628,1729821063.6597085
122.68461974928837,1226.8461974928837,10.79974489154736,1729821063.669636
122.8430041446707,1228.430041446707,10.798911505814669,1729821063.6796765
123.00137607029762,1230.0137607029762,10.798061297150783,1729821063.6896105
123.15973527618648,1231.5973527618648,10.797194044253747,1729821063.699669
123.3180815090901,1233.180815090901,10.796309524543572,1729821063.7096694
123.47641451247817,1234.7641451247816,10.79540751416887,1729821063.719695
123.63473402651863,1236.3473402651862,10.794487788013605,1729821063.7296238
123.79303978805929,1237.9303978805929,10.793550119703982,1729821063.740014
123.95133153060947,1239.5133153060947,10.79259428161547,1729821063.7497592
124.10960898432171,1241.0960898432172,10.791620044879942,1729821063.7596521
124.26787187597371,1242.6787187597372,10.790627179392956,1729821063.769674
124.42611992895027,1244.2611992895027,10.789615453821181,1729821063.7795897
124.58435286322538,1245.8435286322538,10.78858463560994,1729821063.7895887
124.74257039534439,1247.4257039534439,10.7875344909909,1729821063.7995837
124.9007722384064,1249.007722384064,10.786464784989905,1729821063.809773
125.05895810204663,1250.5895810204663,10.785375281434936,1729821063.8197649
125.21712769241897,1252.1712769241897,10.784265742964234,1729821063.8298137
125.37528071217868,1253.7528071217869,10.783135931034536,1729821063.8397129
125.53341686046517,1255.3341686046517,10.781985605929487,1729821063.8496547
125.69153583288492,1256.9153583288492,10.780814526768173,1729821063.8596346
125.84963732149454,1258.4963732149454,10.779622451513822,1729821063.8696797
126.00772101478393,1260.0772101478392,10.778409136982624,1729821063.8796673
126.16578659765958,1261.6578659765958,10.777174338852745,1729821063.8900476
126.32383375142804,1263.2383375142804,10.775917811673443,1729821063.89979
126.4818621537795,1264.818621537795,10.774639308874375,1729821063.9096267
126.63987147877148,1266.3987147877149,10.77333858277504,1729821063.9196885
126.7978613968127,1267.978613968127,10.772015384594381,1729821063.92997
126.9558315746471,1269.5583157464712,10.77066946446054,1729821063.9399586
127.11378167533796,1271.1378167533796,10.769300571420779,1729821063.9495409
127.2717113582522,1272.717113582522,10.76790845345156,1729821063.959645
127.42962027904484,1274.2962027904484,10.766492857468767,1729821063.9696994
127.58750808964358,1275.8750808964357,10.765053529338125,1729821063.9795983
127.74537443823357,1277.4537443823356,10.763590213885742,1729821063.9897153
127.90321896924232,1279.0321896924231,10.762102654908851,1729821063.999596
128.06104132332473,1280.6104132332473,10.760590595186695,1729821064.00963
128.2188411373484,1282.1884113734839,10.759053776491582,1729821064.0197194
128.37661804437892,1283.7661804437892,10.757491939600126,1729821064.0297632
128.53437167366553,1285.3437167366553,10.755904824304631,1729821064.039671
128.69210165062682,1286.9210165062682,10.754292169424666,1729821064.0496614
128.84980759683663,1288.4980759683663,10.752653712818804,1729821064.059669
129.00748913001007,1290.0748913001007,10.75098919139653,1729821064.0697985
129.16514586398992,1291.6514586398991,10.749298341130341,1729821064.079779
129.32277740873295,1293.2277740873294,10.747580897067994,1729821064.0898175
129.48038337029655,1294.8038337029654,10.745836593344954,1729821064.0996206
129.6379633508256,1296.3796335082561,10.744065163197016,1729821064.1096697
129.79551694853942,1297.9551694853942,10.742266338973085,1729821064.1196504
129.95304375771892,1299.530437577189,10.74043985214817,1729821064.1297834
130.11054336869404,1301.1054336869404,10.738585433336533,1729821064.1396258
130.26801536783128,1302.6801536783128,10.736702812305031,1729821064.1496985
130.4254593375215,1304.2545933752149,10.734791717986635,1729821064.1595526
130.5828748561678,1305.828748561678,10.73285187849414,1729821064.169708
130.74026149817385,1307.4026149817385,10.730883021134057,1729821064.179781
130.89761883393217,1308.9761883393217,10.728884872420693,1729821064.1896322
131.05494642981273,1310.5494642981273,10.726857158090413,1729821064.1996386
131.21224384815176,1312.1224384815175,10.724799603116095,1729821064.2097182
131.36951064724073,1313.6951064724074,10.722711931721776,1729821064.2197611
131.5267463813157,1315.2674638131568,10.720593867397476,1729821064.2300239
131.6839506005466,1316.839506005466,10.71844513291423,1729821064.2396624
131.8411228510271,1318.411228510271,10.716265450339302,1729821064.2496932
131.99826267476436,1319.9826267476437,10.714054541051588,1729821064.2596877
132.1553696096692,1321.553696096692,10.711812125757216,1729821064.2697399
132.31244318954654,1323.1244318954655,10.709537924505351,1729821064.2835393
132.4694829440859,1324.6948294408592,10.707231656704169,1729821064.2904563
132.62648839885236,1326.2648839885237,10.704893041137053,1729821064.3028176
132.78345907527745,1327.8345907527746,10.70252179597897,1729821064.311638
132.94039449065062,1329.4039449065062,10.700117638813055,1729821064.3196588
133.0972941581108,1330.972941581108,10.697680286647376,1729821064.3300848
133.25415758663812,1332.5415758663812,10.695209455931911,1729821064.3397415
133.41098428104604,1334.1098428104603,10.692704862575729,1729821064.3498442
133.56777374197372,1335.6777374197372,10.690166221964349,1729821064.3597226
133.7245254658785,1337.245254658785,10.687593248977318,1729821064.3696957
133.88123894502877,1338.8123894502878,10.684985658005983,1729821064.379676
134.03791366749712,1340.3791366749713,10.682343162971456,1729821064.3896208
134.19454911715366,1341.9454911715366,10.679665477342796,1729821064.3996477
134.35114477365968,1343.511447736597,10.676952314155379,1729821064.4096584
134.50770011246155,1345.0770011246154,10.674203386029474,1729821064.4196258
134.66421460478495,1346.6421460478496,10.67141840518902,1729821064.4299026
134.82068771762923,1348.2068771762922,10.668597083480613,1729821064.4397316
134.9771189137623,1349.771189137623,10.665739132392684,1729821064.4496288
135.13350765171555,1351.3350765171554,10.662844263074886,1729821064.4598765
135.2898533857792,1352.898533857792,10.659912186357687,1729821064.4695663
135.44615556599794,1354.4615556599795,10.65694261277216,1729821064.4797127
135.6024136381668,1356.024136381668,10.653935252569974,1729821064.4896762
135.75862704382737,1357.5862704382737,10.650889815743607,1729821064.4997768
135.91479522026427,1359.1479522026427,10.647806012046734,1729821064.5096483
136.07091760050193,1360.7091760050193,10.64468355101484,1729821064.519641
136.2269936133018,1362.269936133018,10.641522141986028,1729821064.529771
136.38302268315965,1363.8302268315965,10.638321494122032,1729821064.5410013
136.53900423030333,1365.3900423030334,10.635081316429432,1729821064.5498757
136.69493767069082,1366.9493767069082,10.631801317781068,1729821064.5596845
136.8508224160086,1368.5082241600862,10.628481206937671,1729821064.5695853
137.00665787367032,1370.0665787367031,10.625120692569677,1729821064.579624
137.16244344681573,1371.6244344681572,10.621719483279248,1729821064.589569
137.3181785343101,1373.1817853431012,10.618277287622517,1729821064.59963
137.47386253074384,1374.7386253074385,10.614793814131993,1729821064.609657
137.62949482643245,1376.2949482643244,10.611268771339205,1729821064.6196332
137.78507480741686,1377.8507480741687,10.607701867797529,1729821064.6295798
137.94060185546417,1379.4060185546416,10.604092812105208,1729821064.6395998
138.0960753480685,1380.960753480685,10.600441312928588,1729821064.6496346
138.25149465845243,1382.5149465845243,10.596747079025542,1729821064.6595745
138.4068591555687,1384.068591555687,10.59300981926909,1729821064.6696074
138.5621682041022,1385.6216820410218,10.589229242671227,1729821064.679643
138.71742116447234,1387.1742116447235,10.585405058406927,1729821064.6896188
138.87261739283588,1388.7261739283588,10.581536975838373,1729821064.6996
139.02775624108995,1390.2775624108995,10.577624704539348,1729821064.7095885
139.18283705687557,1391.8283705687556,10.573667954319845,1729821064.719558
139.33785918358146,1393.3785918358146,10.569666435250848,1729821064.729624
139.49282196034824,1394.9282196034824,10.565619857689336,1729821064.7397013
139.64772472207295,1396.4772472207296,10.561527932303433,1729821064.7496295
139.80256679941405,1398.0256679941406,10.557390370097789,1729821064.7596886
139.95734751879672,1399.5734751879672,10.553206882439126,1729821064.7696905
140.1120662024185,1401.120662024185,10.54897718108197,1729821064.7796018
140.2667221682554,1402.667221682554,10.544700978194586,1729821064.7895668
140.4213147300683,1404.213147300683,10.540377986385073,1729821064.799621
140.5758431974099,1405.758431974099,10.536007918727663,1729821064.8097897
140.73030687563184,1407.3030687563185,10.531590488789186,1729821064.8196273
140.8847050658923,1408.8470506589229,10.527125410655723,1729821064.8296273
141.0390370651641,1410.3903706516412,10.52261239895943,1729821064.8396564
141.1933021662431,1411.9330216624307,10.518051168905544,1729821064.8496995
141.34749965775686,1413.4749965775686,10.513441436299564,1729821064.8597276
141.50162882417405,1415.0162882417405,10.508782917574594,1729821064.8696072
141.6556889458139,1416.5568894581388,10.504075329818876,1729821064.8796144
141.80967929885628,1418.0967929885628,10.49931839080347,1729821064.8895247
141.96359915535217,1419.6359915535218,10.494511819010112,1729821064.8997846
142.11744778323435,1421.1744778323437,10.489655333659243,1729821064.9096608
142.2712244463288,1422.712244463288,10.484748654738192,1729821064.919677
142.42492840436628,1424.2492840436628,10.479791503029512,1729821064.9296432
142.57855891299445,1425.7855891299446,10.474783600139492,1729821064.939542
142.73211522379034,1427.3211522379033,10.46972466852682,1729821064.9495583
142.8855965842733,1428.855965842733,10.464614431531388,1729821064.9598193
143.03900223791828,1430.390022379183,10.459452613403256,1729821064.969718
143.1923314241698,1431.9233142416979,10.454238939331777,1729821064.9795759
143.34558337845587,1433.4558337845588,10.448973135474844,1729821064.9896002
143.49875733220287,1434.9875733220288,10.443654928988302,1729821064.9996076
143.6518525128505,1436.518525128505,10.438284048055486,1729821065.0096262
143.80486814386728,1438.0486814386727,10.432860221916913,1729821065.0195599
143.9578034447666,1439.578034447666,10.42738318090009,1729821065.0299973
144.11065763112293,1441.1065763112292,10.421852656449476,1729821065.0395858
144.26342991458884,1442.6342991458885,10.41626838115655,1729821065.049641
144.4161195029121,1444.161195029121,10.410630088790036,1729821065.0597928
144.56872559995347,1445.6872559995347,10.40493751432622,1729821065.0696142
144.72124740570484,1447.2124740570484,10.399190393979405,1729821065.0795643
144.87368411630786,1448.7368411630787,10.393388465232492,1729821065.0896387
145.02603492407297,1450.2603492407297,10.387531466867651,1729821065.0996013
145.17829901749892,1451.7829901749892,10.381619138997124,1729821065.1096952
145.33047558129266,1453.3047558129265,10.37565122309412,1729821065.1196387
145.4825637963899,1454.8256379638992,10.36962746202384,1729821065.1295853
145.63456283997593,1456.3456283997593,10.363547600074558,1729821065.139687
145.7864718855068,1457.864718855068,10.357411382988849,1729821065.1496124
145.93829010273134,1459.3829010273134,10.35121855799488,1729821065.1599932
146.09001665771325,1460.9001665771325,10.344968873837795,1729821065.1696167
146.2416507128539,1462.416507128539,10.338662080811194,1729821065.179594
146.3931914269154,1463.9319142691538,10.332297930788684,1729821065.1896694
146.54463795504435,1465.4463795504435,10.325876177255529,1729821065.1996307
146.6959894487959,1466.959894487959,10.319396575340338,1729821065.2097964
146.84724505615827,1468.4724505615827,10.312858881846866,1729821065.2196085
146.9984039215779,1469.984039215779,10.306262855285848,1729821065.2296429
147.1494651859848,1471.494651859848,10.29960825590691,1729821065.2396255
147.30042798681868,1473.0042798681868,10.292894845730544,1729821065.2496753
147.45129145805527,1474.5129145805527,10.28612238858012,1729821065.2597268
147.6020547302333,1476.020547302333,10.279290650113959,1729821065.2696118
147.75271693048185,1477.5271693048185,10.272399397857452,1729821065.279605
147.90327718254824,1479.0327718254823,10.265448401235215,1729821065.289579
148.05373460682634,1480.5373460682633,10.258437431603285,1729821065.2997358
148.20408832038535,1482.0408832038536,10.251366262281334,1729821065.309601
148.3543374369991,1483.543374369991,10.24423466858493,1729821065.3196115
148.50448106717576,1485.0448106717577,10.237042427857817,1729821065.3296688
148.65451831818814,1486.5451831818814,10.229789319504189,1729821065.3396735
148.80444829410428,1488.0444829410428,10.222475125021012,1729821065.349633
148.9542700958187,1489.5427009581872,10.215099628030323,1729821065.3597226
149.10398282108403,1491.0398282108404,10.207662614311559,1729821065.3697991
149.25358556454304,1492.5358556454305,10.20016387183386,1729821065.379636
149.40307741776138,1494.0307741776137,10.192603190788383,1729821065.389549
149.5524574692605,1495.524574692605,10.184980363620593,1729821065.3995113
149.70172480455125,1497.0172480455126,10.177295185062544,1729821065.409658
149.85087850616793,1498.5087850616792,10.169547452165137,1729821065.4196107
149.99991765370268,1499.9991765370269,10.161736964330341,1729821065.4297287
150.14884132384051,1501.4884132384052,10.1538635233434,1729821065.4395967
150.2976485903947,1502.976485903947,10.145926933404978,1729821065.4497879
150.44633852434265,1504.4633852434265,10.137927001163284,1729821065.4596543
150.59491019386238,1505.9491019386237,10.129863535746134,1729821065.4696677
150.74336266436922,1507.4336266436922,10.121736348792961,1729821065.4796438
150.8916949985532,1508.916949985532,10.113545254486766,1729821065.48965
151.0399062564168,1510.399062564168,10.105290069586005,1729821065.4997168
151.18799549531317,1511.8799549531318,10.0969706134564,1729821065.5096707
151.3359617699849,1513.359617699849,10.088586708102685,1729821065.5196402
151.4838041326031,1514.838041326031,10.080138178200256,1729821065.5298376
151.6315216328071,1516.315216328071,10.071624851126733,1729821065.539569
151.77911331774456,1517.7911331774455,10.063046556993447,1729821065.549604
151.92657823211192,1519.2657823211193,10.054403128676794,1729821065.5597186
152.07391541819553,1520.7391541819552,10.045694401849524,1729821065.5695734
152.22112391591304,1522.2112391591304,10.036920215011879,1729821065.5795317
152.3682027628554,1523.682027628554,10.028080409522643,1729821065.589579
152.51515099432913,1525.1515099432913,10.01917482963005,1729821065.5996096
152.6619676433993,1526.619676433993,10.01020332250257,1729821065.6097443
152.80865174093262,1528.0865174093262,10.00116573825956,1729821065.6197395
152.95520231564137,1529.5520231564137,9.99206193000178,1729821065.629672
153.10161839412746,1531.0161839412744,9.98289175384173,1729821065.639523
153.247899000927,1532.4789900092699,9.973655068933882,1729821065.6496036
153.39404315855546,1533.9404315855545,9.964351737504709,1729821065.6596568
153.54004988755312,1535.4004988755312,9.954981624882569,1729821065.6696408
153.685918206531,1536.85918206531,9.945544599527418,1729821065.6796772
153.83164713221723,1538.3164713221722,9.936040533060329,1729821065.6895967
153.97723567950382,1539.7723567950381,9.926469300292837,1729821065.6997201
154.12268286149393,1541.2268286149392,9.916830779256099,1729821065.7096634
154.26798768954947,1542.6798768954948,9.907124851229835,1729821065.7196388
154.41314917333915,1544.1314917333916,9.89735140077109,1729821065.7296076
154.55816632088707,1545.5816632088706,9.887510315742768,1729821065.7396224
154.70303813862148,1547.0303813862147,9.877601487341957,1729821065.7496789
154.8477636314242,1548.4776363142419,9.867624810128028,1729821065.7596016
154.99234180268027,1549.9234180268027,9.857580182050508,1729821065.7696207
155.1367716543282,1551.3677165432819,9.847467504476718,1729821065.7795722
155.2810521869103,1552.810521869103,9.837286682219155,1729821065.7895942
155.42518239962382,1554.2518239962383,9.827037623562648,1729821065.7996545
155.5691612903721,1555.691612903721,9.81672024029125,1729821065.8097618
155.7129878558164,1557.1298785581641,9.806334447714853,1729821065.8196197
155.85666109142795,1558.5666109142794,9.795880164695566,1729821065.8297062
156.00017999154042,1560.0017999154043,9.785357313673785,1729821065.839628
156.1435435494028,1561.435435494028,9.774765820694014,1729821065.8496165
156.28675075723265,1562.8675075723265,9.764105615430378,1729821065.8597758
156.42980060626965,1564.2980060626965,9.753376631211847,1729821065.869725
156.57269208682965,1565.7269208682965,9.742578805047174,1729821065.8797054
156.71542418835892,1567.1542418835893,9.731712077649506,1729821065.889684
156.85799589948888,1568.5799589948888,9.720776393460696,1729821065.8997257
157.0004062080912,1570.0040620809118,9.709771700675297,1729821065.9095545
157.142654101333,1571.4265410133298,9.698697951264224,1729821065.9195216
157.2847385657328,1572.847385657328,9.68755510099809,1729821065.9296315
157.42665858721645,1574.2665858721646,9.676343109470206,1729821065.9395838
157.5684131511736,1575.6841315117358,9.66506194011923,1729821065.9496663
157.71000124251432,1577.1000124251432,9.653711560251478,1729821065.9597447
157.85142184572632,1578.5142184572633,9.642291941062863,1729821065.9696753
157.9926739449321,1579.926739449321,9.630803057660493,1729821065.9795732
158.13375652394683,1581.3375652394684,9.619244889083879,1729821065.9895432
158.27466856633617,1582.7466856633619,9.60761741832578,1729821065.999711
158.4154090554747,1584.154090554747,9.595920632352676,1729821066.0096266
158.55597697460433,1585.5597697460435,9.58415452212483,1729821066.0196195
158.69637130689333,1586.9637130689332,9.57231908261598,1729821066.0295439
158.83659103549536,1588.3659103549535,9.56041431283263,1729821066.0395756
158.97663514360892,1589.7663514360893,9.548440215832924,1729821066.0496693
159.11650261453707,1591.1650261453706,9.536396798745123,1729821066.0596125
159.2561924317474,1592.561924317474,9.524284072785658,1729821066.069622
159.3957035789322,1593.957035789322,9.512102053276767,1729821066.079631
159.53503504006895,1595.3503504006894,9.499850759663701,1729821066.0896938
159.67418579948108,1596.7418579948107,9.487530215531509,1729821066.0996153
159.81315484189886,1598.1315484189886,9.475140448621353,1729821066.1096585
159.95194115252067,1599.5194115252068,9.462681490846418,1729821066.11969
160.0905437170743,1600.905437170743,9.450153378307348,1729821066.1295779
160.2289615218787,1602.2896152187868,9.437556151307245,1729821066.1395726
160.3671935539057,1603.6719355390571,9.424889854366175,1729821066.1495368
160.5052388008423,1605.0523880084231,9.412154536235256,1729821066.1598701
160.64309625115266,1606.4309625115266,9.399350249910231,1729821066.1696994
160.78076489414067,1607.8076489414068,9.386477052644594,1729821066.1795864
160.9182437200126,1609.182437200126,9.373535005962223,1729821066.1896577
161.0555317199399,1610.5553171993988,9.360524175669536,1729821066.1996412
161.1926278861221,1611.926278861221,9.347444631867138,1729821066.2097938
161.32953121185008,1613.2953121185008,9.334296448960997,1729821066.219608
161.46624069156928,1614.6624069156928,9.321079705673105,1729821066.2296772
161.6027553209432,1616.027553209432,9.307794485051634,1729821066.2395875
161.73907409691694,1617.3907409691694,9.294440874480589,1729821066.2496426
161.875196017781,1618.7519601778101,9.281018965688947,1729821066.2598639
162.0111200832351,1620.1112008323512,9.267528854759263,1729821066.2695758
162.14684529445213,1621.4684529445212,9.253970642135782,1729821066.2796218
162.28237065414223,1622.8237065414223,9.240344432631995,1729821066.2896712
162.417695166617,1624.17695166617,9.226650335437682,1729821066.2997265
162.55281783785378,1625.5281783785379,9.21288846412542,1729821066.309623
162.68773767556004,1626.8773767556004,9.19905893665654,1729821066.3196032
162.82245368923776,1628.2245368923777,9.185161875386546,1729821066.3297453
162.95696489024803,1629.5696489024804,9.171197407070006,1729821066.3395798
163.09127029187556,1630.9127029187557,9.157165662864859,1729821066.349579
163.22536890939338,1632.2536890939339,9.143066778336205,1729821066.3598242
163.3592597601275,1633.592597601275,9.128900893459512,1729821066.3695836
163.49294186352157,1634.9294186352156,9.114668152623267,1729821066.3795497
163.6264142412018,1636.264142412018,9.100368704631087,1729821066.3895514
163.75967591704153,1637.5967591704152,9.086002702703222,1729821066.3995833
163.89272591722622,1638.9272591722622,9.071570304477536,1729821066.4096
164.0255632703181,1640.255632703181,9.057071672009876,1729821066.4196215
164.158187007321,1641.58187007321,9.04250697177389,1729821066.4296799
164.29059616174524,1642.9059616174525,9.02787637466026,1729821066.4396706
164.42278976967222,1644.2278976967223,9.013180055975356,1729821066.449669
164.55476686981928,1645.5476686981929,8.99841819543931,1729821066.4597387
164.68652650360434,1646.8652650360434,8.983590977183505,1729821066.469586
164.8180677152106,1648.180677152106,8.96869858974747,1729821066.479653
164.94938955165105,1649.4938955165105,8.953741226075202,1729821066.489622
165.08049106283318,1650.8049106283318,8.938719083510883,1729821066.4997041
165.21137130162325,1652.1137130162324,8.923632363794013,1729821066.50959
165.34202932391074,1653.4202932391074,8.90848127305395,1729821066.5196166
165.47246418867272,1654.724641886727,8.89326602180386,1729821066.5296648
165.60267495803797,1656.0267495803796,8.87798682493405,1729821066.53963
165.7326606973511,1657.326606973511,8.862643901704725,1729821066.5496292
165.8624204752365,1658.624204752365,8.847237475738142,1729821066.559639
165.99195336366222,1659.9195336366222,8.83176777501016,1729821066.569614
166.12125843800374,1661.2125843800372,8.816235031841192,1729821066.5796127
166.25033477710738,1662.5033477710738,8.800639482886552,1729821066.5895934
166.37918146335394,1663.7918146335394,8.784981369126223,1729821066.5996573
166.50779758272182,1665.0779758272183,8.769260935853984,1729821066.6096785
166.63618222485022,1666.3618222485022,8.753478432665968,1729821066.6195195
166.76433448310192,1667.6433448310192,8.737634113448607,1729821066.6298373
166.89225345462623,1668.9225345462623,8.721728236365982,1729821066.639635
167.01993824042134,1670.1993824042133,8.705761063846545,1729821066.6495838
167.1473879453968,1671.4738794539678,8.689732862569285,1729821066.6597254
167.27460167843552,1672.746016784355,8.673643903449252,1729821066.6696231
167.4015785524558,1674.015785524558,8.657494461622504,1729821066.679545
167.52831768447294,1675.2831768447295,8.641284816430451,1729821066.6896029
167.6548181956607,1676.548181956607,8.625015251403584,1729821066.6997125
167.7810792114125,1677.810792114125,8.608686054244638,1729821066.7096384
167.90709986140232,1679.0709986140232,8.592297516811138,1729821066.7196014
168.0328792796454,1680.328792796454,8.575849935097342,1729821066.7294903
168.1584166045587,1681.5841660455872,8.559343609215615,1729821066.7401323
168.28371097902087,1682.8371097902086,8.542778843377198,1729821066.74959
168.4087615504322,1684.087615504322,8.526155945872388,1729821066.7598608
168.5335674707741,1685.335674707741,8.509475229050128,1729821066.7695699
168.65812789666836,1686.5812789666836,8.492737009297018,1729821066.779547
168.78244198943597,1687.8244198943596,8.475941607015741,1729821066.789684
168.9065089151558,1689.065089151558,8.459089346602903,1729821066.7995644
169.03032784472273,1690.3032784472273,8.442180556426297,1729821066.8096616
169.15389795390567,1691.5389795390568,8.425215568801601,1729821066.8195517
169.27721842340503,1692.7721842340502,8.408194719968481,1729821066.8299823
169.40028843890994,1694.0028843890993,8.39111835006615,1729821066.8395572
169.52310719115508,1695.2310719115508,8.373986803108341,1729821066.8496377
169.64567387597714,1696.4567387597713,8.356800426957724,1729821066.8596509
169.76798769437085,1697.6798769437085,8.339559573299761,1729821066.8697057
169.8900478525447,1698.9004785254472,8.322264597616009,1729821066.8796613
170.0118535619762,1700.118535619762,8.30491585915686,1729821066.8895755
170.13340403946674,1701.3340403946675,8.287513720913752,1729821066.8998463
170.25469850719603,1702.5469850719603,8.270058549590805,1729821066.9097059
170.37573619277617,1703.7573619277618,8.252550715575937,1729821066.91972
170.49651632930522,1704.9651632930522,8.234990592911446,1729821066.9297316
170.61703815542037,1706.1703815542037,8.217378559264043,1729821066.9395602
170.73730091535066,1707.3730091535067,8.19971499589437,1729821066.9496868
170.85730385896917,1708.5730385896918,8.182000287625987,1729821066.959709
170.97704624184493,1709.7704624184494,8.164234822813857,1729821066.9696388
171.09652732529415,1710.9652732529414,8.146418993312283,1729821066.979593
171.21574637643107,1712.1574637643107,8.128553194442379,1729821066.9896626
171.3347026682184,1713.347026682184,8.110637824959012,1729821066.999638
171.4533954795171,1714.533954795171,8.092673287017238,1729821067.0097022
171.57182409513578,1715.7182409513578,8.074659986138277,1729821067.019657
171.68998780587964,1716.8998780587963,8.056598331174978,1729821067.0297925
171.80788590859865,1718.0788590859866,8.038488734276795,1729821067.0396304
171.92551770623555,1719.2551770623554,8.020331610854317,1729821067.049556
172.0428825078731,1720.4288250787308,8.002127379543303,1729821067.0596757
172.15997962878077,1721.5997962878077,7.983876462168262,1729821067.0696218
172.2768083904611,1722.768083904611,7.965579283705572,1729821067.0796409
172.39336812069524,1723.9336812069523,7.947236272246167,1729821067.0895824
172.50965815358822,1725.0965815358823,7.928847858957752,1729821067.0997717
172.62567782961338,1726.2567782961337,7.910414478046591,1729821067.1095703
172.74142649565647,1727.4142649565647,7.891936566718875,1729821067.1195507
172.85690350505902,1728.5690350505902,7.873414565141646,1729821067.1296535
172.97210821766123,1729.7210821766123,7.854848916403317,1729821067.1396291
173.0870399998442,1730.8703999984418,7.836240066473779,1729821067.1496422
173.20169822457154,1732.0169822457156,7.817588464164094,1729821067.1596012
173.31608227143062,1733.160822714306,7.798894561085812,1729821067.1696703
173.43019152667284,1734.3019152667284,7.780158811609879,1729821067.1795948
173.54402538325365,1735.4402538325367,7.7613816728251654,1729821067.1896336
173.65758324087173,1736.5758324087174,7.742563604496637,1729821067.1996603
173.77086450600757,1737.7086450600757,7.723705069023132,1729821067.2095997
173.88386859196157,1738.8386859196157,7.704806531394812,1729821067.219525
173.9965949188914,1739.9659491889138,7.685868459150231,1729821067.2299638
174.10904291384864,1741.0904291384863,7.666891322333072,1729821067.2396986
174.22121201081507,1742.2121201081507,7.647875593448557,1729821067.2496192
174.33310165073794,1743.3310165073794,7.6288217474195115,1729821067.2599103
174.4447112815649,1744.447112815649,7.6097302615421265,1729821067.2696767
174.5560403582781,1745.560403582781,7.590601615441396,1729821067.2796695
174.66708834292768,1746.6708834292767,7.571436291026264,1729821067.2895057
174.7778547046647,1747.778547046647,7.5522347724444545,1729821067.2997887
174.88833891977316,1748.8833891977315,7.532997546037041,1729821067.309648
174.99854047170163,1749.9854047170163,7.51372510029272,1729821067.31963
175.10845885109399,1751.0845885109397,7.494417925801824,1729821067.3296962
175.21809355581962,1752.1809355581963,7.475076515210067,1729821067.3397412
175.32744409100286,1753.2744409100287,7.455701363172035,1729821067.349539
175.43650996905177,1754.3650996905176,7.436292966304447,1729821067.3595924
175.5452907096862,1755.4529070968622,7.416851823139159,1729821067.3695703
175.65378583996528,1756.5378583996528,7.397378434075967,1729821067.3794987
175.76199489431397,1757.6199489431397,7.3778733013351685,1729821067.38954
175.8699174145492,1758.6991741454922,7.358336928909925,1729821067.3995736
175.97755294990515,1759.7755294990516,7.338769822518434,1729821067.4096622
176.08490105705772,1760.8490105705773,7.31917248955588,1729821067.4196641
176.1919613001486,1761.919613001486,7.299545439046256,1729821067.4297953
176.29873325080828,1762.9873325080828,7.27988918159395,1729821067.4395978
176.40521648817867,1764.0521648817867,7.260204229335218,1729821067.449698
176.51141059893476,1765.1141059893475,7.24049109588947,1729821067.4598777
176.61731517730564,1766.1731517730564,7.2207502963104195,1729821067.4695911
176.72292982509492,1767.2292982509493,7.20098234703712,1729821067.4796333
176.82825415170024,1768.2825415170023,7.181187765844817,1729821067.489592
176.93328777413214,1769.3328777413215,7.161367071795753,1729821067.4996428
177.03803031703228,1770.3803031703228,7.141520785189804,1729821067.5095692
177.1424814126908,1771.4248141269081,7.121649427515049,1729821067.519598
177.24664070106311,1772.4664070106312,7.101753521398237,1729821067.529579
177.3505078297857,1773.505078297857,7.081833590555173,1729821067.5396373
177.45408245419156,1774.5408245419158,7.06189015974104,1729821067.5496075
177.55736423732463,1775.5736423732465,7.041923754700638,1729821067.55963
177.66035284995354,1776.6035284995355,7.021934902118587,1729821067.5696185
177.7630479705847,1777.630479705847,7.001924129569487,1729821067.5795236
177.86544928547463,1778.6544928547462,6.981891965468029,1729821067.5895548
177.96755648864155,1779.6755648864155,6.961838939019079,1729821067.5996764
178.0693692818762,1780.693692818762,6.941765580167764,1729821067.6097836
178.170887374752,1781.70887374752,6.921672419549529,1729821067.6195824
178.27211048463445,1782.7211048463446,6.901559988440205,1729821067.6296184
178.37303833668977,1783.7303833668977,6.8814288187060795,1729821067.6395586
178.47367066389282,1784.7367066389281,6.861279442754003,1729821067.649645
178.5740072070343,1785.740072070343,6.8411123934815,1729821067.659911
178.67404771472724,1786.7404771472725,6.820928204226938,1729821067.6695967
178.7737919434127,1787.737919434127,6.800727408719731,1729821067.679692
178.87323965736485,1788.7323965736484,6.780510541030601,1729821067.6895616
178.9723906286951,1789.7239062869512,6.760278135521897,1729821067.69959
179.07124463735585,1790.7124463735586,6.740030726798009,1729821067.7095687
179.1698014711431,1791.698014711431,6.719768849655834,1729821067.7196324
179.26806092569873,1792.6806092569873,6.699493039035351,1729821067.729613
179.36602280451177,1793.6602280451177,6.679203829970297,1729821067.73961
179.46368691891908,1794.6368691891907,6.658901757538935,1729821067.7495787
179.56105308810527,1795.6105308810527,6.638587356814956,1729821067.7607682
179.65812113910198,1796.5812113910197,6.6182611628185,1729821067.7696395
179.7548909067863,1797.548909067863,6.597923710467295,1729821067.7796028
179.85136223387858,1798.5136223387858,6.577575534527969,1729821067.7896547
179.94753497093947,1799.4753497093948,6.557217169567491,1729821067.79962
180.04340897636638,1800.434089763664,6.536849149904779,1729821067.8097298
180.13898411638903,1801.3898411638902,6.516472009562463,1729821067.8196945
180.23426026506445,1802.3426026506445,6.496086282218836,1729821067.8297303
180.3292373042712,1803.292373042712,6.475692501159988,1729821067.839626
180.42391512370298,1804.2391512370298,6.455291199232132,1729821067.8495762
180.51829362086139,1805.182936208614,6.434882908794111,1729821067.859647
180.61237270104814,1806.1237270104814,6.4144681616701495,1729821067.8696117
180.70615227735658,1807.0615227735657,6.394047489102776,1729821067.8797402
180.79963227066233,1807.9963227066232,6.373621421705996,1729821067.8896828
180.8928126096135,1808.9281260961347,6.353190489418708,1729821067.8995924
180.98569323062006,1809.8569323062006,6.332755221458319,1729821067.9095597
181.07827407784262,1810.7827407784262,6.312316146274628,1729821067.9196038
181.17055510318048,1811.7055510318048,6.291873791503974,1729821067.9297588
181.262536266259,1812.6253626625899,6.271428683923615,1729821067.9395845
181.35421753441634,1813.5421753441633,6.250981349406399,1729821067.9496763
181.44559888268958,1814.455988826896,6.230532312875709,1729821067.9596894
181.53668029380015,1815.3668029380015,6.210082098260666,1729821067.9696362
181.62746175813848,1816.2746175813847,6.189631228451641,1729821067.9796824
181.71794327374823,1817.1794327374823,6.169180225256069,1729821067.989588
181.80812484630977,1818.0812484630976,6.148729609354542,1729821067.9997213
181.89800648912288,1818.9800648912287,6.128279900257217,1729821068.0097039
181.9875882230891,1819.875882230891,6.10783161626057,1729821068.0196972
182.0768700766932,1820.7687007669322,6.08738527440442,1729821068.0296774
182.16585208598423,1821.6585208598422,6.06694139042932,1729821068.0397298
182.25453429455567,1822.5453429455567,6.046500478734266,1729821068.0496821
182.34291675352534,1823.4291675352533,6.026063052334757,1729821068.0597794
182.43099952151437,1824.3099952151438,6.0056296228211705,1729821068.0696495
182.51878266462572,1825.1878266462572,5.985200700317545,1729821068.0796278
182.60626625642206,1826.0626625642205,5.964776793440661,1729821068.0896657
182.69345037790313,1826.9345037790313,5.944358409259537,1729821068.0996544
182.78033511748242,1827.8033511748242,5.923946053255245,1729821068.109568
182.86692057096323,1828.6692057096323,5.903540229281135,1729821068.1195889
182.9532068415143,1829.532068415143,5.883141439523446,1729821068.1298862
183.03919403964474,1830.3919403964474,5.862750184462264,1729821068.1396117
183.12488228317852,1831.2488228317852,5.842366962832889,1729821068.1495442
183.21027169722822,1832.1027169722822,5.821992271587616,1729821068.1596193
183.29536241416835,1832.9536241416836,5.801626605857878,1729821068.1696987
183.38015457360814,1833.8015457360814,5.781270458916835,1729821068.179664
183.4646483223637,1834.646483223637,5.760924322142325,1729821068.1895971
183.5488438144297,1835.4884381442969,5.740588684980267,1729821068.1995738
183.63274121095048,1836.3274121095048,5.720264034908468,1729821068.209719
183.71634068019074,1837.1634068019075,5.699950857400841,1729821068.2195525
183.79964239750547,1837.9964239750548,5.679649635892067,1729821068.2303913
183.8826465453097,1838.8264654530972,5.659360851742688,1729821068.2395425
183.96535331304756,1839.6535331304756,5.639084984204591,1729821068.2496428
184.04776289716065,1840.4776289716065,5.618822510386985,1729821068.2597451
184.12987550105638,1841.2987550105638,5.598573905222805,1729821068.2696373
184.21169133507541,1842.1169133507542,5.57833964143553,1729821068.2796476
184.29321061645885,1842.9321061645885,5.5581201895064725,1729821068.2896993
184.37443356931482,1843.744335693148,5.537916017642523,1729821068.2997713
184.45536042458465,1844.5536042458466,5.517727591744337,1729821068.309686
184.53599142000866,1845.3599142000867,5.497555375374987,1729821068.3196201
184.61632680009134,1846.1632680009134,5.4773998297290625,1729821068.3298614
184.69636681606622,1846.963668160662,5.457261413602236,1729821068.3396876
184.7761117258602,1847.761117258602,5.4371405833613125,1729821068.3496869
184.85556179405754,1848.5556179405753,5.417037792914714,1729821068.3596807
184.93471729186334,1849.3471729186333,5.396953493683465,1729821068.369674
185.01357849706667,1850.1357849706667,5.3768881345726225,1729821068.3795772
185.09214569400325,1850.9214569400324,5.356842161943201,1729821068.3895576
185.1704191735177,1851.7041917351771,5.336816019584566,1729821068.3996115
185.24839923292546,1852.4839923292548,5.3168101486872965,1729821068.409592
185.32608617597427,1853.2608617597427,5.296824987816548,1729821068.4195948
185.4034803128053,1854.034803128053,5.276860972885873,1729821068.4296515
185.48058195991385,1854.8058195991384,5.256918537131528,1729821068.4396396
185.55739144010974,1855.5739144010975,5.236998111087293,1729821068.449691
185.6339090824773,1856.339090824773,5.21710012255973,1729821068.459633
185.71013522233497,1857.1013522233497,5.197224996603969,1729821068.469573
185.78607020119475,1857.8607020119475,5.177373155499956,1729821068.4795327
185.86171436672095,1858.6171436672093,5.15754501872919,1729821068.489547
185.93706807268893,1859.3706807268893,5.137741002951969,1729821068.4996355
186.01213167894343,1860.1213167894343,5.117961521985112,1729821068.5096185
186.08690555135644,1860.8690555135645,5.098206986780148,1729821068.5195773
186.1613900617849,1861.6139006178491,5.078477805402051,1729821068.5296702
186.2355855880282,1862.355855880282,5.058774383008411,1729821068.539717
186.30949251378493,1863.0949251378493,5.0390971218291165,1729821068.549623
186.38311122860995,1863.8311122860996,5.019446421146543,1729821068.5598102
186.45644212787076,1864.5644212787076,4.999822677276222,1729821068.5696084
186.52948561270367,1865.2948561270366,4.980226283547965,1729821068.5796034
186.6022420899698,1866.0224208996979,4.960657630287546,1729821068.58966
186.67471197221076,1866.7471197221075,4.941117104798824,1729821068.5996883
186.74689567760402,1867.4689567760402,4.921605091346357,1729821068.6097536
186.8187936299181,1868.187936299181,4.902121971138545,1729821068.6196568
186.8904062584676,1868.904062584676,4.882668122311215,1729821068.6297696
186.96173399806779,1869.6173399806778,4.8632439199117075,1729821068.6396434
187.03277728898908,1870.3277728898909,4.843849735883464,1729821068.6497498
187.10353657691135,1871.0353657691135,4.824485939051093,1729821068.6598015
187.174012312878,1871.74012312878,4.805152895105918,1729821068.6697192
187.24420495324972,1872.442049532497,4.785850966591987,1729821068.6797385
187.31411495965816,1873.1411495965815,4.766580512892616,1729821068.6897223
187.38374279895942,1873.8374279895943,4.747341890217366,1729821068.6996677
187.45308894318725,1874.5308894318725,4.728135451589513,1729821068.7095835
187.5221538695062,1875.221538695062,4.708961546834017,1729821068.7196841
187.59093806016452,1875.9093806016451,4.689820522565929,1729821068.7296195
187.6594420024469,1876.594420024469,4.670712722179306,1729821068.7395895
187.72766618862713,1877.2766618862713,4.651638485836567,1729821068.7496145
187.79561111592045,1877.9561111592045,4.632598150458344,1729821068.7596934
187.863277286436,1878.6327728643598,4.613592049713816,1729821068.7696042
187.93066520712884,1879.3066520712885,4.594620514011449,1729821068.7795196
187.99777538975215,1879.9777538975216,4.575683870490263,1729821068.7896638
188.06460835080907,1880.6460835080907,4.556782443011529,1729821068.7996318
188.1311646115045,1881.3116461150448,4.537916552150926,1729821068.8098502
188.19744469769685,1881.9744469769685,4.5190865151911765,1729821068.8196464
188.26344913984963,1882.6344913984963,4.500292646115099,1729821068.8297338
188.32917847298293,1883.2917847298293,4.481535255599161,1729821068.839731
188.39463323662486,1883.9463323662485,4.462814651007427,1729821068.849629
188.45981397476288,1884.598139747629,4.444131136386009,1729821068.859766
188.52472123579508,1885.247212357951,4.425485012457901,1729821068.869557
188.58935557248137,1885.8935557248137,4.406876576618308,1729821068.8796709
188.65371754189454,1886.5371754189455,4.388306122930382,1729821068.8896558
188.71780770537146,1887.1780770537146,4.369773942121408,1729821068.899562
188.78162662846395,1887.8162662846396,4.351280321579395,1729821068.9096136
188.84517488088994,1888.4517488088995,4.33282554535015,1729821068.9195695
188.90845303648425,1889.0845303648425,4.314409894134703,1729821068.9295692
188.97146167314958,1889.7146167314959,4.296033645287225,1729821068.9396007
189.03420137280742,1890.342013728074,4.277697072813317,1729821068.949628
189.09667272134885,1890.9667272134884,4.259400447368731,1729821068.9597347
189.15887630858543,1891.5887630858542,4.241144036258514,1729821068.9696357
189.22081272820012,1892.2081272820012,4.222928103436547,1729821068.9797528
189.28248257769795,1892.8248257769794,4.204752909505466,1729821068.9896111
189.34388645835708,1893.4388645835706,4.186618711717056,1729821068.9996915
189.40502497517954,1894.0502497517955,4.1685257639729505,1729821069.009769
189.46589873684212,1894.658987368421,4.150474316825791,1729821069.0196807
189.52650835564734,1895.2650835564734,4.132464617480771,1729821069.0297027
189.58685444747425,1895.8685444747425,4.114496909797515,1729821069.039687
189.6469376317296,1896.4693763172959,4.096571434292421,1729821069.049655
189.70675853129862,1897.0675853129862,4.078688428141288,1729821069.0598
189.76631777249622,1897.6631777249622,4.060848125182418,1729821069.0696487
189.82561598501806,1898.2561598501807,4.043050755920006,1729821069.079645
189.8846538018917,1898.8465380189168,4.025296547527931,1729821069.089572
189.94343185942773,1899.4343185942773,4.0075857238539205,1729821069.0996678
190.00195079717125,1900.0195079717125,3.989918505424054,1729821069.1097052
190.06021125785298,1900.6021125785298,3.972295109447632,1729821069.1195667
190.11821388734091,1901.1821388734093,3.954715749822399,1729821069.1296494
190.17595933459165,1901.7595933459165,3.9371806371400826,1729821069.1396024
190.23344825160214,1902.3344825160214,3.91968997869233,1729821069.149583
190.29068129336127,1902.9068129336129,3.9022439784769203,1729821069.1596582
190.3476591178017,1903.4765911780169,3.8848428372043573,1729821069.1696527
190.40438238575172,1904.043823857517,3.8674867523047833,1729821069.1795144
190.4608517608873,1904.608517608873,3.8501759179351893,1729821069.1896272
190.51706790968413,1905.1706790968412,3.8329105249869757,1729821069.1996632
190.57303150136985,1905.7303150136986,3.815690761093826,1729821069.209687
190.62874320787645,1906.2874320787646,3.798516810639894,1729821069.2196977
190.6842037037927,1906.842037037927,3.7813888547682657,1729821069.230176
190.73941366631664,1907.3941366631664,3.7643070713897684,1729821069.23973
190.7943737752085,1907.9437377520849,3.747271635192078,1729821069.2496662
190.84908471274343,1908.4908471274343,3.730282717649075,1729821069.2596974
190.90354716366457,1909.0354716366458,3.713340487030533,1729821069.2696567
190.9577618151361,1909.577618151361,3.696445108412079,1729821069.2797287
191.01172935669672,1910.1172935669672,3.6795967436854538,1729821069.2896566
191.06545048021292,1910.6545048021292,3.6627955515689967,1729821069.2998157
191.11892587983272,1911.189258798327,3.6460416876184727,1729821069.3097882
191.17215625193938,1911.721562519394,3.6293353042381105,1729821069.3197067
191.22514229510543,1912.2514229510543,3.6126765506919423,1729821069.3296664
191.27788471004664,1912.7788471004665,3.5960655731153723,1729821069.3397946
191.33038419957646,1913.3038419957645,3.579502514527033,1729821069.34959
191.38264146856037,1913.8264146856036,3.5629875148408514,1729821069.3598044
191.4346572238706,1914.346572238706,3.546520710878406,1729821069.3697023
191.48643217434093,1914.8643217434094,3.530102236381481,1729821069.3796365
191.53796703072172,1915.379670307217,3.5137322220248937,1729821069.389655
191.58926250563505,1915.8926250563504,3.4974107954295244,1729821069.3996716
191.64031931353023,1916.4031931353022,3.481138081175616,1729821069.409627
191.69113817063933,1916.9113817063933,3.4649142008162377,1729821069.4196954
191.74171979493303,1917.4171979493303,3.4487392728910207,1729821069.4296477
191.7920649060766,1917.920649060766,3.432613412940076,1729821069.4396994
191.8421742253861,1918.4217422538609,3.416536733518134,1729821069.4497178
191.8920484757848,1918.920484757848,3.4005093442089107,1729821069.4598384
191.9416883817599,1919.4168838175988,3.3845313516396223,1729821069.4697616
191.99109466931927,1919.9109466931927,3.3686028594957635,1729821069.4795625
192.0402680659486,1920.402680659486,3.352723968536001,1729821069.4896512
192.08920930056865,1920.8920930056865,3.336894776607351,1729821069.499725
192.13791910349286,1921.3791910349287,3.321115378660445,1729821069.5096326
192.18639820638495,1921.8639820638496,3.3053858667650298,1729821069.519637
192.23464734221702,1922.3464734221702,3.289706330125645,1729821069.5297012
192.28266724522769,1922.8266724522769,3.27407685509744,1729821069.5397022
192.33045865088056,1923.3045865088056,3.2584975252021904,1729821069.549622
192.37802229582294,1923.7802229582294,3.2429684211444556,1729821069.5596097
192.42535891784473,1924.2535891784473,3.227489620827889,1729821069.56964
192.47246925583755,1924.7246925583754,3.212061199371729,1729821069.5797212
192.51935404975418,1925.1935404975418,3.196683229127422,1729821069.589704
192.56601404056823,1925.6601404056823,3.181355779695396,1729821069.5996697
192.61244997023402,1926.1244997023402,3.1660789179419693,1729821069.609652
192.6586625816467,1926.586625816467,3.150852708016398,1729821069.619742
192.70465261860267,1927.0465261860268,3.135677211368079,1729821069.6298294
192.75042082576027,1927.5042082576028,3.120552486763847,1729821069.639596
192.79596794860072,1927.9596794860072,3.1054785903054096,1729821069.649621
192.84129473338913,1928.4129473338912,3.090455575446911,1729821069.6596055
192.8864019271361,1928.864019271361,3.075483493012629,1729821069.6695905
192.93129027755933,1929.3129027755933,3.0605623912147433,1729821069.6796744
192.9759605330456,1929.759605330456,3.0456923156712294,1729821069.6896348
193.02041344261292,1930.2041344261293,3.030873309423886,1729821069.6998663
193.06464975587312,1930.6464975587312,3.016105412956442,1729821069.7096243
193.10867022299453,1931.0867022299453,3.001388664212736,1729821069.7196589
193.152475594665,1931.52475594665,2.986723098615034,1729821069.7296646
193.19606662205516,1931.9606662205515,2.972108749082418,1729821069.7396839
193.23944405678208,1932.3944405678208,2.957545646049259,1729821069.7496452
193.28260865087296,1932.8260865087295,2.9430338174837702,1729821069.759747
193.32556115672938,1933.2556115672937,2.928573288906658,1729821069.769661
193.36830232709153,1933.6830232709153,2.9141640834098066,1729821069.7796338
193.41083291500297,1934.1083291500297,2.899806221675104,1729821069.789685
193.45315367377552,1934.5315367377552,2.885499721993251,1729821069.7996354
193.4952653569545,1934.952653569545,2.871244600282713,1729821069.8097017
193.5371687182841,1935.371687182841,2.857040870108664,1729821069.8197076
193.57886451167334,1935.7886451167335,2.842888542702064,1729821069.8296838
193.62035349116195,1936.2035349116195,2.8287876269787118,1729821069.8396482
193.66163641088676,1936.6163641088676,2.8147381295584024,1729821069.8496227
193.70271402504827,1937.0271402504827,2.80074005478411,1729821069.8597202
193.7435870878776,1937.4358708787759,2.78679340474124,1729821069.8696241
193.78425635360358,1937.8425635360359,2.772898179276871,1729821069.8796659
193.82472257642033,1938.2472257642032,2.7590543760190878,1729821069.8895514
193.86498651045488,1938.6498651045488,2.7452619903963145,1729821069.8997743
193.90504890973523,1939.0504890973523,2.731521015656683,1729821069.909615
193.94491052815863,1939.4491052815863,2.717831442887465,1729821069.9196653
193.98457211946024,1939.8457211946024,2.704193261034489,1729821069.9296849
194.02403443718197,1940.2403443718197,2.6906064569215724,1729821069.939651
194.06329823464162,1940.6329823464162,2.677071015270008,1729821069.9496834
194.10236426490238,1941.0236426490237,2.663586918718047,1729821069.9597428
194.1412332807425,1941.4123328074252,2.650154147840394,1729821069.9696503
194.1799060346254,1941.799060346254,2.6367726811677104,1729821069.980045
194.21838327866982,1942.183832786698,2.6234424952061532,1729821069.9896653
194.25666576462064,1942.5666576462063,2.6101635644568555,1729821069.9996185
194.29475424381954,1942.9475424381953,2.5969358614354734,1729821070.0096574
194.33264946717634,1943.3264946717634,2.5837593566917,1729821070.019603
194.3703521851403,1943.703521851403,2.5706340188287635,1729821070.0296006
194.40786314767195,1944.0786314767195,2.5575598145229703,1729821070.039614
194.44518310421515,1944.4518310421515,2.5445367085431654,1729821070.049602
194.48231280366926,1944.8231280366927,2.531564663770225,1729821070.0596495
194.5192529943619,1945.1925299436189,2.5186436412165607,1729821070.0697148
194.5560044240217,1945.560044240217,2.505773600045525,1729821070.0797546
194.59256783975152,1945.9256783975152,2.4929544975908753,1729821070.089707
194.6289439880019,1946.289439880019,2.4801862893761806,1729821070.099663
194.66513361454483,1946.6513361454483,2.467468929134218,1729821070.109643
194.7011374644477,1947.011374644477,2.4548023688262974,1729821070.1196656
194.73695628204763,1947.3695628204764,2.4421865586616205,1729821070.1296132
194.77259081092606,1947.7259081092607,2.429621447116582,1729821070.1396399
194.80804179388363,1948.0804179388363,2.4171069809540286,1729821070.1496062
194.84330997291528,1948.4330997291527,2.404643105242479,1729821070.1597013
194.87839608918577,1948.7839608918578,2.3922297633753358,1729821070.1695824
194.91330088300532,1949.1330088300533,2.379866897089996,1729821070.1796193
194.9480250938056,1949.480250938056,2.3675544464869924,1729821070.1897233
194.98256946011605,1949.8256946011606,2.3552923500490595,1729821070.1996279
195.01693471954042,1950.169347195404,2.3430805446601175,1729821070.2097661
195.05112160873352,1950.5112160873352,2.330918965624263,1729821070.2196949
195.08513086337848,1950.8513086337848,2.3188075466846803,1729821070.2299244
195.11896321816397,1951.1896321816398,2.3067462200424993,1729821070.2396874
195.15261940676197,1951.5261940676196,2.2947349163756163,1729821070.2496595
195.18610016180565,1951.8610016180564,2.2827735648574263,1729821070.2596004
195.21940621486763,1952.1940621486763,2.2708620931755386,1729821070.2696447
195.2525382964384,1952.5253829643839,2.2590004275503945,1729821070.2796772
195.28549713590505,1952.8549713590505,2.247188492753849,1729821070.2896595
195.31828346153046,1953.1828346153045,2.2354262121276802,1729821070.299715
195.3508980004324,1953.508980004324,2.22371350760202,1729821070.309668
195.3833414785632,1953.8334147856322,2.2120502997137423,1729821070.3196266
195.41561462068958,1954.1561462068958,2.2004365076247803,1729821070.3296623
195.4477181503727,1954.477181503727,2.1888720491403424,1729821070.339644
195.4796527899486,1954.7965278994861,2.1773568407270867,1729821070.3496668
195.51141926050875,1955.1141926050875,2.165890797531234,1729821070.3595796
195.54301828188102,1955.4301828188102,2.1544738333965627,1729821070.3695617
195.57445057261083,1955.7445057261084,2.1431058608823603,1729821070.3795323
195.60571684994252,1956.0571684994252,2.1317867912812973,1729821070.3894665
195.6368178298011,1956.368178298011,2.120516534637205,1729821070.3996208
195.66775422677412,1956.6775422677413,2.109294999762798,1729821070.4096758
195.69852675409396,1956.9852675409397,2.0981220942572767,1729821070.4196632
195.72913612362024,1957.2913612362024,2.0869977245238998,1729821070.4297624
195.75958304582252,1957.5958304582252,2.0759217957874183,1729821070.4396226
195.7898682297633,1957.898682297633,2.064894212111464,1729821070.4495444
195.81999238308123,1958.1999238308122,2.0539148764158517,1729821070.4597058
195.8499562119746,1958.4995621197459,2.0429836904937586,1729821070.46975
195.87976042118504,1958.7976042118503,2.032100555028845,1729821070.4796457
195.90940571398153,1959.0940571398153,2.0212653696122826,1729821070.489653
195.9388927921446,1959.3889279214459,2.0104780327597007,1729821070.4996173
195.96822235595081,1959.6822235595082,1.9997384419280015,1729821070.5096264
195.9973951041575,1959.973951041575,1.9890464935321353,1729821070.5197523
196.0264117339877,1960.264117339877,1.9784020829617353,1729821070.5297244
196.05527294111528,1960.5527294111528,1.9678051045977059,1729821070.5397067
196.0839794196506,1960.839794196506,1.9572554518286802,1729821070.5497231
196.11253186212602,1961.1253186212602,1.9467530170673806,1729821070.5596483
196.14093095948186,1961.4093095948188,1.9362976917669004,1729821070.5697045
196.1691774010526,1961.691774010526,1.9258893664368903,1729821070.579721
196.1972718745532,1961.972718745532,1.9155279306596311,1729821070.5896602
196.22521506606586,1962.2521506606586,1.9052132731060185,1729821070.5997548
196.25300766002678,1962.5300766002679,1.89494528155143,1729821070.6097193
196.2806503392133,1962.806503392133,1.8847238428915203,1729821070.6197305
196.30814378473124,1963.0814378473124,1.8745488431578865,1729821070.6297112
196.3354886760024,1963.3548867600239,1.8644201675336545,1729821070.6396437
196.3626856907524,1963.626856907524,1.854337700368954,1729821070.6496649
196.38973550499864,1963.8973550499863,1.844301325196283,1729821070.6599271
196.4166387930386,1964.166387930386,1.8343109247457727,1729821070.6696122
196.44339622743823,1964.4339622743823,1.8243663809603747,1729821070.6796565
196.47000847902063,1964.7000847902063,1.8144675750108918,1729821070.689594
196.496476216855,1964.96476216855,1.8046143873109495,1729821070.6996722
196.5228001082457,1965.228001082457,1.7948066975318424,1729821070.709703
196.54898081872156,1965.4898081872157,1.7850443846172661,1729821070.7197027
196.5750190120255,1965.750190120255,1.77532732679797,1729821070.7297559
196.60091535010426,1966.0091535010426,1.7656554016062804,1729821070.7395895
196.62667049309826,1966.2667049309825,1.7560284858905186,1729821070.749608
196.65228509933198,1966.5228509933197,1.7464464558293402,1729821070.7596552
196.67775982530415,1966.7775982530416,1.7369091869458932,1729821070.7695897
196.7030953256785,1967.030953256785,1.7274165541219721,1729821070.779574
196.72829225327442,1967.2829225327441,1.7179684316119763,1729821070.789533
196.75335125905806,1967.5335125905806,1.7085646930568172,1729821070.7997203
196.77827299213354,1967.7827299213354,1.6992052114976657,1729821070.8096578
196.80305809973424,1968.0305809973424,1.6898898593896297,1729821070.8195798
196.82770722721455,1968.2770722721455,1.6806185086153276,1729821070.8296044
196.85222101804155,1968.5222101804154,1.6713910304983086,1729821070.8397233
196.8766001137871,1968.7660011378712,1.6622072958164091,1729821070.8500652
196.90084515411996,1969.0084515411995,1.6530671748149617,1729821070.8600578
196.9249567767982,1969.2495677679822,1.6439705372199471,1729821070.869759
196.9489356176618,1969.489356176618,1.6349172522509674,1729821070.87961
196.97278231062532,1969.7278231062533,1.6259071886341738,1729821070.8896189
196.996497487671,1969.9649748767101,1.6169402146150267,1729821070.9000256
197.02008177884179,1970.200817788418,1.6080161979709962,1729821070.9095721
197.04353581223464,1970.4353581223463,1.5991350060241318,1729821070.919674
197.06686021399412,1970.6686021399412,1.5902965056535168,1729821070.9296846
197.090055608306,1970.9005560830599,1.581500563307606,1729821070.9396186
197.11312261739113,1971.1312261739113,1.572747045016503,1729821070.9497209
197.13606186149957,1971.3606186149957,1.564035816404048,1729821070.9597228
197.15887395890473,1971.5887395890472,1.5553667426998574,1729821070.9696686
197.18155952589774,1971.8155952589773,1.5467396887512281,1729821070.979633
197.20411917678206,1972.0411917678207,1.5381545190349621,1729821070.9896255
197.22655352386823,1972.2655352386823,1.5296110976690303,1729821070.9996831
197.24886317746876,1972.4886317746877,1.5211092884241628,1729821071.009792
197.27104874589318,1972.7104874589318,1.512648954735325,1729821071.019642
197.29311083544331,1972.931108354433,1.5042299597130944,1729821071.0296087
197.31505005040867,1973.1505005040867,1.4958521661548962,1729821071.039658
197.33686699306202,1973.3686699306202,1.4875154365561682,1729821071.0497048
197.35856226365513,1973.5856226365513,1.4792196331213896,1729821071.0596547
197.38013646041466,1973.8013646041466,1.4709646177750129,1729821071.0696406
197.4015901795382,1974.015901795382,1.4627502521722908,1729821071.0796335
197.4229240151905,1974.2292401519048,1.4545763977099915,1729821071.0896611
197.4441385594998,1974.441385594998,1.4464429155370118,1729821071.099605
197.46523440255442,1974.6523440255442,1.4383496665648474,1729821071.1096542
197.48621213239932,1974.862121323993,1.4302965114780415,1729821071.1195815
197.507072335033,1975.07072335033,1.4222833107444215,1729821071.1296036
197.5278155944045,1975.278155944045,1.4143099246253223,1729821071.1397705
197.54844249241043,1975.4844249241044,1.4063762131856157,1729821071.14976
197.5689536088923,1975.689536088923,1.3984820363037178,1729821071.15973
197.58934952163386,1975.8934952163386,1.3906272536814468,1729821071.1696646
197.60963080635878,1976.096308063588,1.3828117248537621,1729821071.1796703
197.6297980367282,1976.297980367282,1.375035309198453,1729821071.1896858
197.64985178433867,1976.4985178433867,1.3672978659456598,1729821071.199706
197.66979261872007,1976.6979261872007,1.359599254187331,1729821071.2097542
197.68962110733372,1976.8962110733373,1.3519393328865617,1729821071.219657
197.70933781557065,1977.0933781557064,1.3443179608868592,1729821071.2297924
197.72894330674998,1977.2894330674999,1.3367349969212539,1729821071.2397268
197.74843814211744,1977.4843814211745,1.3291902996213354,1729821071.2497156
197.76782288084394,1977.6782288084394,1.321683727526195,1729821071.2595742
197.78709808002444,1977.8709808002443,1.3142151390912646,1729821071.2696948
197.8062642946768,1978.062642946768,1.3067843926970406,1729821071.2796545
197.82532207774082,1978.2532207774082,1.2993913466577114,1729821071.2895603
197.8442719800774,1978.4427198007738,1.292035859229686,1729821071.2999446
197.86311455046774,1978.6311455046775,1.2847177886200454,1729821071.3095524
197.8818503356129,1978.818503356129,1.2774369929948692,1729821071.3195984
197.90047988013316,1979.0047988013316,1.2701933304874347,1729821071.329603
197.91900372656775,1979.1900372656776,1.262986659206411,1729821071.339567
197.93742241537456,1979.3742241537457,1.255816837243839,1729821071.349619
197.95573648493004,1979.5573648493005,1.2486837226831193,1729821071.359591
197.9739464715292,1979.739464715292,1.2415871736068267,1729821071.3696418
197.99205290938562,1979.9205290938562,1.2345270481044741,1729821071.3796675
198.01005633063184,1980.1005633063185,1.2275032042801604,1729821071.3896725
198.02795726531951,1980.2795726531951,1.2205155002601176,1729821071.3996696
198.04575624141992,1980.4575624141992,1.2135637942001898,1729821071.4096324
198.06345378482447,1980.6345378482447,1.206647944293194,1729821071.4196684
198.08105041934544,1980.8105041934546,1.1997678087762091,1729821071.429593
198.09854666671663,1980.9854666671663,1.1929232459377177,1729821071.4396503
198.11594304659425,1981.1594304659425,1.1861141141247442,1729821071.44961
198.13324007655794,1981.3324007655795,1.1793402717498234,1729821071.4596465
198.1504382721117,1981.504382721117,1.1726015772979101,1729821071.4695938
198.1675381466852,1981.6753814668518,1.1658978893332224,1729821071.4796364
198.18454021163492,1981.8454021163493,1.1592290665059286,1729821071.489626
198.20144497624563,1982.0144497624563,1.1525949675587954,1729821071.5001757
198.2182529477317,1982.182529477317,1.1459954513337545,1729821071.5095878
198.2349646312388,1982.349646312388,1.1394303767783347,1729821071.5196354
198.25158052984543,1982.5158052984543,1.1328996029520484,1729821071.5296404
198.26810114456467,1982.6810114456466,1.1264029890326492,1729821071.5397534
198.28452697434608,1982.845269743461,1.1199403943223816,1729821071.549642
198.30085851607754,1983.0085851607755,1.1135116782540235,1729821071.5597365
198.31709626458726,1983.1709626458726,1.1071167003969569,1729821071.5696044
198.3332407126459,1983.332407126459,1.1007553204631018,1729821071.5797234
198.34929235096874,1983.4929235096874,1.0944273983127522,1729821071.589614
198.36525166821792,1983.6525166821793,1.0881327939603578,1729821071.5995858
198.3811191510048,1983.811191510048,1.0818713675802138,1729821071.6097155
198.39689528389243,1983.9689528389245,1.0756429795120637,1729821071.6196277
198.41258054939792,1984.1258054939792,1.0694474902666107,1729821071.6297567
198.4281754279952,1984.281754279952,1.0632847605309932,1729821071.639634
198.44368039811758,1984.4368039811757,1.0571546511740904,1729821071.6497273
198.4590959361605,1984.5909593616052,1.0510570232518566,1729821071.6596062
198.47442251648442,1984.7442251648442,1.0449917380124871,1729821071.6696174
198.4896606114176,1984.896606114176,1.0389586569015572,1729821071.6795838
198.50481069125917,1985.0481069125917,1.0329576415670543,1729821071.6896195
198.51987322428212,1985.1987322428213,1.0269885538643537,1729821071.6996167
198.53484867673646,1985.3484867673646,1.021051255861086,1729821071.7095315
198.54973751285232,1985.4973751285231,1.0151456098419702,1729821071.7195632
198.5645401948433,1985.645401948433,1.0092714783135444,1729821071.7296526
198.5792571829097,1985.7925718290971,1.0034287240088124,1729821071.7396944
198.59388893524203,1985.9388893524203,0.9976172098918344,1729821071.7496214
198.60843590802432,1986.0843590802433,0.9918367991622529,1729821071.7599032
198.6228985554377,1986.228985554377,0.9860873552597064,1729821071.7695367
198.63727732966407,1986.3727732966408,0.9803687418682124,1729821071.779686
198.6515726808896,1986.5157268088958,0.9746808229204341,1729821071.7895215
198.66578505730854,1986.6578505730854,0.969023462601938,1729821071.799659
198.67991490512696,1986.7991490512695,0.9633965253552902,1729821071.80987
198.6939626685666,1986.939626685666,0.9577998758841958,1729821071.8198464
198.70792878986867,1987.0792878986867,0.9522333791574437,1729821071.8296418
198.72181370929795,1987.2181370929795,0.9466969004129052,1729821071.8396142
198.73561786514665,1987.3561786514665,0.94119030516135,1729821071.8496466
198.74934169373856,1987.4934169373855,0.9357134591902793,1729821071.8597097
198.7629856294331,1987.6298562943311,0.9302662285676523,1729821071.869802
198.7765501046295,1987.765501046295,0.9248484796455497,1729821071.8796651
198.79003554977112,1987.9003554977112,0.9194600790638007,1729821071.889607
198.80344239334954,1988.0344239334954,0.9141008937534537,1729821071.899786
198.81677106190904,1988.1677106190905,0.9087707909403137,1729821071.909689
198.83002198005087,1988.3002198005088,0.9034696381483166,1729821071.9196563
198.84319557043776,1988.4319557043775,0.8981973032028677,1729821071.9297867
198.8562922537983,1988.562922537983,0.8929536542341346,1729821071.9395545
198.86931244893157,1988.6931244893158,0.8877385596802413,1729821071.9497633
198.88225657271155,1988.8225657271155,0.8825518882904281,1729821071.959675
198.8951250400919,1988.951250400919,0.877393509128157,1729821071.969803
198.90791826411044,1989.0791826411044,0.8722632915741259,1729821071.9796848
198.92063665589396,1989.2063665589396,0.8671611053292495,1729821071.9896777
198.93328062466298,1989.3328062466298,0.8620868204175601,1729821071.9995391
198.94585057773642,1989.4585057773643,0.8570403071890461,1729821072.0096207
198.95834692053654,1989.5834692053654,0.8520214363224817,1729821072.0196307
198.9707700565937,1989.7077005659369,0.8470300788281059,1729821072.0296366
198.9831203875513,1989.831203875513,0.8420661060503577,1729821072.0396423
198.9953983131708,1989.953983131708,0.8371293896704523,1729821072.0495963
199.00760423133653,1990.0760423133652,0.8322198017089563,1729821072.059708
199.01973853806086,1990.1973853806087,0.8273372145283017,1729821072.069951
199.03180162748916,1990.3180162748915,0.8224815008352263,1729821072.079605
199.04379389190493,1990.4379389190492,0.8176525336831827,1729821072.0896602
199.05571572173488,1990.557157217349,0.8128501864746597,1729821072.099636
199.06756750555417,1990.6756750555417,0.8080743329634971,1729821072.1096053
199.07934963009143,1990.7934963009143,0.8033248472570954,1729821072.1195738
199.09106248023414,1990.9106248023413,0.7986016038186329,1729821072.1296732
199.10270643903385,1991.0270643903386,0.7939044774691649,1729821072.1396708
199.11428188771134,1991.1428188771133,0.789233343389708,1729821072.149663
199.12578920566207,1991.2578920566207,0.7845880771233035,1729821072.1596787
199.1372287704615,1991.3722877046148,0.7799685545769525,1729821072.1696148
199.14860095787031,1991.486009578703,0.775374652023557,1729821072.1795914
199.15990614184005,1991.5990614184007,0.7708062461038317,1729821072.189622
199.17114469451832,1991.711446945183,0.7662632138280782,1729821072.1996958
199.1823169862543,1991.8231698625432,0.7617454325780252,1729821072.2098784
199.19342338560432,1991.9342338560432,0.7572527801085397,1729821072.2196555
199.20446425933721,1992.0446425933721,0.7527851345492999,1729821072.2296352
199.21543997243992,1992.1543997243994,0.7483423744064578,1729821072.2397056
199.22635088812302,1992.2635088812303,0.7439243785642348,1729821072.249694
199.23719736782627,1992.3719736782627,0.7395310262864577,1729821072.2596204
199.2479797712242,1992.479797712242,0.735162197218087,1729821072.269666
199.2586984562318,1992.5869845623179,0.730817771386662,1729821072.2796562
199.26935377901003,1992.6935377901004,0.7264976292037123,1729821072.28965
199.2799460939716,1992.799460939716,0.7222016514661423,1729821072.299614
199.2904757537865,1992.904757537865,0.7179297193575537,1729821072.3095694
199.30094310938782,1993.0094310938782,0.713681714449561,1729821072.3195963
199.31134850997736,1993.1134850997737,0.7094575187029858,1729821072.3297238
199.32169230303148,1993.2169230303148,0.7052570144691143,1729821072.3395576
199.3319748343067,1993.319748343067,0.7010800844908162,1729821072.3495746
199.3421964478455,1993.421964478455,0.6969266119037066,1729821072.3597062
199.3523574859822,1993.523574859822,0.6927964802372085,1729821072.3696055
199.3624582893486,1993.6245828934861,0.6886895734156039,1729821072.3797514
199.37249919687994,1993.7249919687995,0.6846057757590164,1729821072.389596
199.38248054582056,1993.8248054582054,0.6805449719844078,1729821072.3995972
199.39240267172983,1993.9240267172981,0.6765070472064928,1729821072.4095984
199.40226590848798,1994.0226590848797,0.6724918869386255,1729821072.4196403
199.412070588302,1994.1207058830198,0.6684993770936697,1729821072.4296517
199.42181704171142,1994.2181704171142,0.6645294039847752,1729821072.439609
199.43150559759425,1994.3150559759424,0.6605818543261933,1729821072.4497705
199.44113658317292,1994.4113658317292,0.6566566152340368,1729821072.459578
199.45071032402004,1994.5071032402004,0.652753574226918,1729821072.4695725
199.46022714406445,1994.6022714406445,0.6488726192267124,1729821072.4796813
199.4696873655971,1994.696873655971,0.6450136385591286,1729821072.489692
199.47909130927698,1994.7909130927699,0.6411765209543451,1729821072.4996612
199.48843929413704,1994.8843929413704,0.6373611555475848,1729821072.5095558
199.4977316375902,1994.9773163759019,0.633567431879629,1729821072.5196488
199.5069686554352,1995.069686554352,0.6297952398973415,1729821072.5296285
199.51615066186267,1995.1615066186266,0.6260444699541513,1729821072.5396094
199.52527796946106,1995.2527796946106,0.6223150128104827,1729821072.5496492
199.5343508892226,1995.343508892226,0.6186067596341535,1729821072.5596666
199.54336973054927,1995.4336973054928,0.6149196020007722,1729821072.5696614
199.55233480125884,1995.5233480125885,0.6112534318940889,1729821072.579683
199.5612464075908,1995.612464075908,0.6076081417063034,1729821072.5896196
199.57010485421242,1995.7010485421242,0.6039836242383573,1729821072.5996737
199.57891044422468,1995.7891044422468,0.6003797727001822,1729821072.6096463
199.58766347916833,1995.8766347916833,0.5967964807109575,1729821072.6196074
199.59636425902983,1995.9636425902982,0.5932336422992756,1729821072.6296377
199.60501308224744,1996.0501308224743,0.5896911519033655,1729821072.6396503
199.61361024571718,1996.1361024571718,0.5861689043711767,1729821072.6495957
199.62215604479883,1996.2215604479884,0.5826667949605423,1729821072.6596618
199.63065077332197,1996.3065077332199,0.5791847193392624,1729821072.6696548
199.63909472359197,1996.3909472359196,0.575722573585156,1729821072.6796374
199.64748818639603,1996.4748818639603,0.5722802541861264,1729821072.689602
199.65583145100922,1996.5583145100923,0.5688576580401276,1729821072.699796
199.66412480520037,1996.6412480520037,0.5654546824551873,1729821072.7095826
199.67236853523826,1996.7236853523827,0.5620712251493821,1729821072.7196145
199.6805629258975,1996.805629258975,0.5587071842507204,1729821072.729644
199.6887082604646,1996.8870826046461,0.5553624582971083,1729821072.7396052
199.69680482074398,1996.9680482074398,0.5520369462362024,1729821072.7496507
199.7048528870639,1997.048528870639,0.5487305474253049,1729821072.7596538
199.7128527382826,1997.1285273828262,0.5454431616311844,1729821072.7698514
199.7208046517942,1997.208046517942,0.5421746890299034,1729821072.779606
199.72870890353474,1997.2870890353474,0.5389250302066085,1729821072.7896347
199.73656576798814,1997.3656576798815,0.5356940861552982,1729821072.7996492
199.74437551819227,1997.4437551819228,0.5324817582786058,1729821072.8096755
199.75213842574487,1997.5213842574487,0.5292879483874849,1729821072.8195624
199.75985476080956,1997.5985476080955,0.5261125587009489,1729821072.8296916
199.7675247921218,1997.675247921218,0.5229554918457485,1729821072.8396134
199.77514878699492,1997.7514878699492,0.5198166508560406,1729821072.8496652
199.782727011326,1997.8272701132598,0.5166959391730302,1729821072.8597643
199.79025972960187,1997.9025972960187,0.513593260644618,1729821072.8695962
199.7977472049052,1997.9774720490518,0.5105085195249818,1729821072.8796208
199.8051896989202,1998.051896989202,0.5074416204741671,1729821072.8897514
199.8125874719388,1998.1258747193879,0.5043924685576727,1729821072.8996818
199.81994078286644,1998.1994078286643,0.5013609692459909,1729821072.9097219
199.82724988922809,1998.272498892281,0.4983470284141366,1729821072.9197044
199.8345150471741,1998.3451504717411,0.49535055234116043,1729821072.929643
199.84173651148623,1998.4173651148624,0.49237144770965713,1729821072.9395528
199.84891453558342,1998.4891453558341,0.4894096216052216,1729821072.949624
199.85604937152783,1998.5604937152784,0.48646498151593753,1729821072.959707
199.8631412700306,1998.631412700306,0.4835374353317786,1729821072.9695802
199.8701904804579,1998.701904804579,0.4806268913440971,1729821072.9795077
199.8771972508366,1998.771972508366,0.47773325824497526,1729821072.9897513
199.88416182786034,1998.8416182786034,0.474856445126666,1729821072.9996572
199.89108445689527,1998.9108445689526,0.47199636148092317,1729821073.0097609
199.89796538198595,1998.9796538198595,0.469152917198424,1729821073.0197372
199.90480484586115,1999.0480484586114,0.4663260225680642,1729821073.0297341
199.91160308993972,1999.1160308993972,0.46351558827633077,1729821073.0396771
199.9183603543364,1999.183603543364,0.46072152540658784,1729821073.0496576
199.9250768778676,1999.250768778676,0.4579437454384053,1729821073.0597165
199.9317528980573,1999.3175289805731,0.455182160246827,1729821073.0696285
199.9383886511427,1999.3838865114271,0.4524366821016689,1729821073.0796065
199.94498437208006,1999.4498437208006,0.4497072236667695,1729821073.0895724
199.9515402945505,1999.5154029455052,0.4469936979992494,1729821073.0998292
199.95805665096577,1999.5805665096577,0.4442960185487167,1729821073.1095567
199.96453367247386,1999.6453367247386,0.4416140991565233,1729821073.119619
199.97097158896494,1999.7097158896495,0.43894785405497216,1729821073.1296396
199.9773706290769,1999.7737062907688,0.4362971978664739,1729821073.1397502
199.98373102020113,1999.8373102020114,0.4336620456027934,1729821073.1496372
199.9900529884883,1999.9005298848829,0.43104231266417237,1729821073.159929
199.99633675885386,1999.9633675885386,0.428437914838521,1729821073.1696463
200.0025825549839,2000.0258255498388,0.42584876830055307,1729821073.1796007
200.00879059934067,2000.0879059934068,0.4232747896109349,1729821073.1896248
200.01496111316837,2000.1496111316837,0.42071589571540435,1729821073.1997313
200.02109431649862,2000.2109431649862,0.41817200394388443,1729821073.2096293
200.0271904281562,2000.271904281562,0.4156430320096075,1729821073.219607
200.0332496657646,2000.332496657646,0.41312889800819874,1729821073.229699
200.0392722457517,2000.392722457517,0.4106295204167577,1729821073.2395449
200.04525838335522,2000.4525838335521,0.40814481809293646,1729821073.2496843
200.0512082926284,2000.512082926284,0.4056747102740247,1729821073.2596178
200.05712218644547,2000.5712218644546,0.40321911657597453,1729821073.2696238
200.0630002765073,2000.630002765073,0.40077795699247154,1729821073.2795613
200.06884277334677,2000.6884277334677,0.3983511518939612,1729821073.2895439
200.07464988633444,2000.7464988633444,0.3959386220266933,1729821073.2997415
200.08042182368396,2000.8042182368397,0.39354028851171996,1729821073.3096309
200.08615879245755,2000.8615879245756,0.3911560728439153,1729821073.3195956
200.0918609985715,2000.918609985715,0.3887858968909964,1729821073.3297095
200.09752864680158,2000.9752864680158,0.3864296828925021,1729821073.3396537
200.10316194078854,2001.0316194078855,0.384087353458784,1729821073.349728
200.10876108304353,2001.0876108304353,0.3817588315699919,1729821073.3597531
200.11432627495344,2001.1432627495344,0.37944404057501735,1729821073.369716
200.11985771678633,2001.1985771678633,0.37714290419050733,1729821073.379622
200.12535560769683,2001.2535560769684,0.37485534649979513,1729821073.3896396
200.1308201457315,2001.308201457315,0.3725812919518451,1729821073.3996224
200.13625152783413,2001.3625152783413,0.37032066536020636,1729821073.409663
200.14164994985114,2001.4164994985115,0.36807339190194,1729821073.4196982
200.14701560653683,2001.4701560653682,0.3658393971165762,1729821073.429905
200.15234869155873,2001.5234869155872,0.363618606905013,1729821073.4396203
200.15764939750284,2001.5764939750284,0.3614109475284327,1729821073.4497085
200.16291791587895,2001.6291791587896,0.3592163456072467,1729821073.4597256
200.16815443712588,2001.6815443712587,0.3570347281199603,1729821073.4697547
200.17335915061665,2001.7335915061665,0.35486602240208753,1729821073.4796054
200.17853224466378,2001.7853224466378,0.3527101561450764,1729821073.4896007
200.1836739065245,2001.836739065245,0.35056705739515415,1729821073.4996572
200.1887843224058,2001.887843224058,0.34843665455224027,1729821073.5096126
200.19386367746984,2001.9386367746984,0.34631887636882197,1729821073.5197284
200.19891215583888,2001.989121558389,0.3442136519488209,1729821073.529898
200.20392994060052,2002.0392994060053,0.3421209107464528,1729821073.5396295
200.20891721381284,2002.0891721381283,0.34004058256514547,1729821073.5496194
200.2138741565094,2002.138741565094,0.3379725975563187,1729821073.5596747
200.2188009487045,2002.188009487045,0.3359168862183307,1729821073.5697541
200.2236977693981,2002.2369776939809,0.33387337939524364,1729821073.5796
200.22856479658086,2002.2856479658085,0.33184200827574883,1729821073.5897472
200.23340220723935,2002.3340220723935,0.3298227043919607,1729821073.5997112
200.23821017736094,2002.3821017736095,0.3278153996182728,1729821073.6097338
200.24298888193877,2002.4298888193878,0.3258200261701977,1729821073.6196659
200.24773849497683,2002.4773849497683,0.32383651660321433,1729821073.6296813
200.25245918949489,2002.5245918949488,0.32186480381157423,1729821073.6396515
200.25715113753344,2002.5715113753345,0.31990482102714146,1729821073.6496892
200.26181451015867,2002.6181451015868,0.3179565018182132,1729821073.6597993
200.2664494774673,2002.664494774673,0.31601978008834564,1729821073.6696422
200.27105620859155,2002.7105620859154,0.31409459007518314,1729821073.6795704
200.27563487170403,2002.7563487170403,0.31218086634924525,1729821073.6896472
200.28018563402256,2002.8018563402256,0.31027854381276654,1729821073.6997683
200.28470866181505,2002.8470866181506,0.30838755769849946,1729821073.7096434
200.28920412040432,2002.8920412040432,0.306507843568517,1729821073.7196321
200.29367217417288,2002.936721741729,0.30463933731301907,1729821073.7296267
200.29811298656782,2002.9811298656782,0.30278197514915994,1729821073.7395918
200.30252672010542,2003.0252672010542,0.3009356936198103,1729821073.749612
200.30691353637613,2003.0691353637612,0.2991004295924097,1729821073.759677
200.31127359604912,2003.1127359604911,0.2972761202576998,1729821073.76962
200.3156070588771,2003.156070588771,0.2954627031285807,1729821073.7795577
200.319914083701,2003.19914083701,0.293660116038878,1729821073.7896287
200.3241948284547,2003.2419482845469,0.29186829714214724,1729821073.7996173
200.32844945016961,2003.2844945016961,0.29008718491045016,1729821073.8097022
200.33267810497946,2003.3267810497946,0.2883167181331573,1729821073.8195796
200.3368809481248,2003.3688094812478,0.28655683591573833,1729821073.8295877
200.34105813395766,2003.4105813395765,0.28480747767856307,1729821073.8396106
200.34520981594622,2003.4520981594621,0.28306858315565797,1729821073.8496046
200.34933614667932,2003.4933614667932,0.28134009239353375,1729821073.8596795
200.35343727787105,2003.5343727787106,0.27962194574993127,1729821073.8696196
200.3575133603653,2003.5751336036528,0.27791408389263317,1729821073.879586
200.3615645441402,2003.6156454414022,0.2762164477982435,1729821073.8896446
200.36559097831287,2003.6559097831287,0.2745289787509798,1729821073.8996599
200.3695928111436,2003.695928111436,0.272851618341435,1729821073.909764
200.37357019004057,2003.7357019004057,0.2711843084653872,1729821073.9197142
200.3775232615642,2003.775232615642,0.2695269913225776,1729821073.929739
200.38145217143162,2003.8145217143162,0.26787960941546884,1729821073.939692
200.38535706452106,2003.8535706452105,0.2662421055480565,1729821073.9496126
200.3892380848763,2003.892380848763,0.26461442282465775,1729821073.9596155
200.39309537571103,2003.9309537571103,0.26299650464866964,1729821073.9695697
200.3969290794132,2003.9692907941321,0.26138829472136293,1729821073.9796667
200.40073933754945,2004.0073933754945,0.25978973704067776,1729821073.9896243
200.40452629086934,2004.0452629086935,0.2582007758999961,1729821073.9996688
200.40829007930972,2004.0829007930972,0.2566213558869216,1729821074.009641
200.41203084199904,2004.1203084199904,0.2550514218820802,1729821074.0195422
200.41574871726158,2004.1574871726157,0.2534909190579001,1729821074.029584
200.41944384262177,2004.1944384262179,0.25193979287739665,1729821074.0396419
200.4231163548084,2004.231163548084,0.25039798909295186,1729821074.0496402
200.42676638975885,2004.2676638975886,0.24886545374511904,1729821074.0597258
200.43039408262328,2004.3039408262327,0.24734213316139353,1729821074.069739
200.4339995677689,2004.3399956776889,0.24582797395503142,1729821074.0798922
200.437582978784,2004.37582978784,0.24432292302379188,1729821074.0900555
200.44114444848228,2004.4114444848228,0.24282692754877722,1729821074.0997465
200.44468410890684,2004.4468410890684,0.24133993499321071,1729821074.109654
200.4482020913344,2004.482020913344,0.23986189310119854,1729821074.119623
200.4516985262793,2004.516985262793,0.23839274989657688,1729821074.1296058
200.45517354349772,2004.5517354349772,0.23693245368167914,1729821074.1395938
200.45862727199162,2004.5862727199162,0.23548095303612804,1729821074.1496248
200.46205984001284,2004.6205984001285,0.23403819681565785,1729821074.159759
200.46547137506718,2004.6547137506718,0.23260413415090297,1729821074.1696987
200.46886200391836,2004.6886200391837,0.23117871444618288,1729821074.179626
200.47223185259196,2004.7223185259195,0.22976188737832615,1729821074.189591
200.47558104637955,2004.7558104637956,0.22835360289549278,1729821074.199634
200.4789097098425,2004.789097098425,0.22695381121593605,1729821074.2097113
200.48221796681605,2004.8221796681605,0.22556246282685144,1729821074.2197263
200.48550594041313,2004.8550594041312,0.22417950848315094,1729821074.2296433
200.4887737530283,2004.8877375302832,0.22280489920632263,1729821074.239609
200.49202152634174,2004.9202152634175,0.2214385862832121,1729821074.2496943
200.495249381323,2004.95249381323,0.22008052126483058,1729821074.2597554
200.49845743823482,2004.9845743823482,0.21873065596518593,1729821074.2696123
200.5016458166372,2005.0164581663719,0.21738894246013352,1729821074.2795312
200.50481463539097,2005.0481463539097,0.21605533308613623,1729821074.2897382
200.50796401266174,2005.0796401266175,0.21472978043913116,1729821074.2997096
200.51109406592363,2005.1109406592363,0.21341223737335546,1729821074.3096871
200.51420491196305,2005.1420491196304,0.21210265700016329,1729821074.3196075
200.5172966668825,2005.1729666688248,0.2108009926868587,1729821074.3297312
200.5203694461042,2005.2036944610422,0.20950719805552687,1729821074.3396277
200.523423364374,2005.23423364374,0.20822122698187406,1729821074.349683
200.52645853576482,2005.2645853576482,0.20694303359406774,1729821074.3597481
200.52947507368054,2005.2947507368053,0.20567257227157298,1729821074.369736
200.53247309085964,2005.3247309085964,0.20440979764400502,1729821074.3796732
200.5354526993788,2005.3545269937879,0.20315466458994969,1729821074.389693
200.53841401065648,2005.3841401065647,0.20190712823582302,1729821074.3997107
200.54135713545674,2005.4135713545675,0.2006671439547575,1729821074.4097123
200.5442821838926,2005.442821838926,0.19943466736538695,1729821074.4196115
200.54718926542975,2005.4718926542976,0.19820965433076487,1729821074.4297779
200.5500784888902,2005.500784888902,0.19699206095719368,1729821074.4396327
200.5529499624556,2005.5294996245561,0.19578184359307016,1729821074.4495976
200.55580379367106,2005.5580379367107,0.19457895882778942,1729821074.4596527
200.55864008944837,2005.5864008944836,0.19338336349057073,1729821074.4696062
200.56145895606974,2005.6145895606974,0.19219501464936328,1729821074.479619
200.56426049919114,2005.6426049919114,0.19101386960969158,1729821074.4895997
200.56704482384586,2005.6704482384587,0.18983988591355405,1729821074.4997976
200.56981203444792,2005.6981203444793,0.18867302133826314,1729821074.50965
200.5725622347955,2005.7256223479549,0.18751323389536168,1729821074.519659
200.57529552807435,2005.7529552807434,0.18636048182949316,1729821074.529652
200.57801201686124,2005.7801201686125,0.18521472361729507,1729821074.5396857
200.5807118031273,2005.807118031273,0.1840759179662762,1729821074.5495672
200.58339498824137,2005.8339498824137,0.1829440238137171,1729821074.5597641
200.58606167297344,2005.8606167297344,0.18181900032557052,1729821074.5697124
200.58871195749794,2005.8871195749794,0.18070080689535473,1729821074.5796003
200.591345941397,2005.91345941397,0.17958940314305039,1729821074.589542
200.5939637236639,2005.939637236639,0.17848474891401167,1729821074.5995433
200.5965654027062,2005.965654027062,0.177386804277872,1729821074.609702
200.59915107634913,2005.9915107634913,0.1762955295274552,1729821074.6196082
200.60172084183876,2006.0172084183876,0.17521088517769534,1729821074.6296883
200.60427479584533,2006.0427479584532,0.17413283196455687,1729821074.6397266
200.60681303446643,2006.0681303446643,0.17306133084393316,1729821074.6496198
200.60933565323018,2006.0933565323016,0.17199634299058786,1729821074.6597164
200.61184274709845,2006.1184274709844,0.1709378297970997,1729821074.669599
200.61433441047012,2006.143344104701,0.16988575287276475,1729821074.6797101
200.61681073718407,2006.1681073718407,0.16884007404252166,1729821074.689591
200.6192718205225,2006.192718205225,0.16780075534594097,1729821074.6996548
200.62171775321394,2006.2171775321394,0.16676775903610064,1729821074.7095628
200.62414862743645,2006.2414862743644,0.16574104757858066,1729821074.719612
200.6265645348207,2006.2656453482068,0.16472058365038122,1729821074.7296207
200.62896556645293,2006.2896556645294,0.16370633013887825,1729821074.7396038
200.63135181287828,2006.3135181287828,0.1626982501408002,1729821074.749728
200.6337233641036,2006.337233641036,0.1616963069611551,1729821074.759677
200.63608030960057,2006.3608030960058,0.1607004641122075,1729821074.7695608
200.63842273830883,2006.3842273830883,0.15971068531244093,1729821074.7796073
200.64075073863884,2006.4075073863885,0.15872693448552055,1729821074.7896907
200.64306439847496,2006.4306439847496,0.15774917575926295,1729821074.7997415
200.64536380517836,2006.4536380517836,0.1567773734646164,1729821074.8096948
200.64764904559004,2006.4764904559004,0.1558114921346555,1729821074.819611
200.6499202060338,2006.4992020603381,0.1548514965035367,1729821074.829642
200.65217737231913,2006.5217737231912,0.15389735150548212,1729821074.8396022
200.65442062974412,2006.5442062974412,0.15294902227379026,1729821074.8496912
200.6566500630984,2006.566500630984,0.15200647413980561,1729821074.8596265
200.658865756666,2006.58865756666,0.15106967263194349,1729821074.8695557
200.66106779422825,2006.6106779422826,0.1501385834746597,1729821074.879777
200.66325625906663,2006.6325625906663,0.1492131725874647,1729821074.889639
200.66543123396565,2006.6543123396564,0.14829340608394304,1729821074.899652
200.6675928012156,2006.675928012156,0.1473792502707284,1729821074.9096143
200.66974104261544,2006.6974104261544,0.1464706716465639,1729821074.919591
200.6718760394756,2006.718760394756,0.14556763690127716,1729821074.9296064
200.67399787262067,2006.7399787262068,0.14467011291483167,1729821074.9396498
200.67610662239238,2006.7610662239238,0.14377806675634097,1729821074.9495432
200.6782023686521,2006.7820236865211,0.14289146568307387,1729821074.9596653
200.68028519078382,2006.8028519078382,0.14201027713953784,1729821074.9695938
200.68235516769673,2006.8235516769673,0.1411344687564594,1729821074.9795892
200.68441237782798,2006.84412377828,0.14026400834985153,1729821074.9896038
200.68645689914544,2006.8645689914545,0.13939886392005796,1729821074.9995582
200.68848880915027,2006.8848880915027,0.1385390036507833,1729821075.009658
200.69050818487975,2006.9050818487974,0.13768439590817116,1729821075.01959
200.69251510290977,2006.9251510290976,0.13683500923981107,1729821075.02962
200.69450963935762,2006.9450963935763,0.13599081237384858,1729821075.039599
200.69649186988454,2006.9649186988454,0.13515177421800828,1729821075.0496457
200.6984618696984,2006.984618696984,0.13431786385868072,1729821075.0595994
200.70041971355624,2007.0041971355624,0.13348905055996496,1729821075.0696306
200.70236547576695,2007.0236547576696,0.13266530376277863,1729821075.0796869
200.70429923019373,2007.0429923019374,0.13184659308388091,1729821075.0897303
200.70622105025677,2007.0622105025677,0.1310328883150128,1729821075.0996838
200.70813100893577,2007.0813100893577,0.13022415942192545,1729821075.1096594
200.71002917877243,2007.1002917877242,0.1294203765434937,1729821075.119631
200.711915631873,2007.1191563187301,0.12862150999080135,1729821075.1296644
200.71379043991087,2007.1379043991087,0.1278275302462547,1729821075.139673
200.71565367412893,2007.1565367412893,0.12703840796263932,1729821075.149645
200.71750540534217,2007.1750540534217,0.1262541139622425,1729821075.1598268
200.71934570394012,2007.1934570394012,0.12547461923597225,1729821075.1696093
200.72117463988928,2007.211746398893,0.12469989494242639,1729821075.1796343
200.7229922827356,2007.229922827356,0.1239299124070542,1729821075.189583
200.72479870160686,2007.2479870160687,0.12316464312123976,1729821075.1995935
200.7265939652152,2007.265939652152,0.12240405874142979,1729821075.2096128
200.72837814185942,2007.2837814185941,0.12164813108825434,1729821075.2196329
200.73015129942746,2007.3015129942746,0.12089683214564395,1729821075.229724
200.73191350539867,2007.3191350539867,0.12015013405998409,1729821075.2397153
200.7336648268463,2007.336648268463,0.11940800913924476,1729821075.2496107
200.73540533043982,2007.3540533043981,0.1186704298520852,1729821075.2598999
200.7371350824472,2007.3713508244718,0.11793736882703498,1729821075.2695942
200.73885414873732,2007.3885414873732,0.1172087988516165,1729821075.279726
200.74056259478226,2007.4056259478225,0.11648469287150831,1729821075.289566
200.7422604856596,2007.422604856596,0.11576502398968536,1729821075.299681
200.74394788605477,2007.4394788605478,0.11504976546558054,1729821075.3096676
200.7456248602632,2007.456248602632,0.11433889071424097,1729821075.3196356
200.74729147219276,2007.4729147219275,0.11363237330549303,1729821075.329802
200.74894778536589,2007.4894778536589,0.11293018696311286,1729821075.3395808
200.7505938629219,2007.5059386292191,0.11223230556398434,1729821075.3496027
200.7522297676192,2007.522297676192,0.11153870313728731,1729821075.3596196
200.75385556183753,2007.5385556183753,0.11084935386366979,1729821075.3696282
200.75547130758008,2007.554713075801,0.1101642320744326,1729821075.3795815
200.75707706647586,2007.5707706647586,0.10948331225071228,1729821075.3895848
200.75867289978174,2007.5867289978173,0.10880656902265684,1729821075.3996072
200.76025886838468,2007.6025886838468,0.10813397716862994,1729821075.4097116
200.76183503280387,2007.6183503280388,0.10746551161441686,1729821075.4196525
200.76340145319293,2007.6340145319293,0.10680114743241098,1729821075.4298296
200.76495818934197,2007.6495818934197,0.10614085984080546,1729821075.4396775
200.76650530067977,2007.6650530067977,0.10548462420282412,1729821075.4496393
200.7680428462759,2007.680428462759,0.10483241602592563,1729821075.459803
200.7695708848428,2007.695708848428,0.10418421096099528,1729821075.469697
200.7710894747379,2007.710894747379,0.10353998480159354,1729821075.4795797
200.77259867396563,2007.7259867396563,0.10289971348314786,1729821075.4895442
200.7740985401796,2007.740985401796,0.10226337308219591,1729821075.4996357
200.7755891306846,2007.755891306846,0.10163093981561111,1729821075.5096784
200.77707050243862,2007.7707050243862,0.1010023900398157,1729821075.5196104
200.77854271205487,2007.7854271205488,0.10037770025004711,1729821075.529641
200.78000581580395,2007.8000581580395,0.09975684707958343,1729821075.539657
200.78145986961565,2007.8145986961565,0.09913980729895655,1729821075.5496094
200.78290492908116,2007.8290492908116,0.09852655781525399,1729821075.5597367
200.7843410494549,2007.843410494549,0.09791707567130359,1729821075.5695922
200.7857682856566,2007.8576828565658,0.09731133804498071,1729821075.5796902
200.7871866922732,2007.871866922732,0.09670932224843731,1729821075.5895863
200.7885963235609,2007.885963235609,0.09611100572735409,1729821075.5996895
200.789997233447,2007.89997233447,0.09551636606021752,1729821075.6097765
200.7913894755319,2007.913894755319,0.09492538095760217,1729821075.619676
200.792773103091,2007.92773103091,0.09433802826139448,1729821075.6299112
200.79414816907666,2007.9414816907665,0.09375428594411062,1729821075.6395838
200.79551472612005,2007.9551472612004,0.09317413210815217,1729821075.6496758
200.79687282653308,2007.9687282653308,0.09259754498508321,1729821075.6595793
200.79822252231028,2007.982225223103,0.0920245029349197,1729821075.6695566
200.79956386513064,2007.9956386513063,0.09145498444540834,1729821075.6795635
200.80089690635953,2008.0089690635953,0.09088896813134972,1729821075.6895328
200.8022216970505,2008.022216970505,0.09032643273383811,1729821075.6996396
200.80353828794716,2008.0353828794716,0.08976735711959882,1729821075.7096112
200.804846729485,2008.04846729485,0.08921172028027236,1729821075.7196913
200.8061470717932,2008.061470717932,0.08865950133172162,1729821075.7295613
200.80743936469642,2008.0743936469642,0.08811067951334806,1729821075.7397223
200.80872365771668,2008.0872365771668,0.08756523418737927,1729821075.750055
200.8100000000751,2008.100000000751,0.08702314483820828,1729821075.7596447
200.81126844069362,2008.1126844069363,0.08648439107168826,1729821075.7695966
200.81252902819693,2008.1252902819692,0.0859489526144771,1729821075.7795424
200.8137818109141,2008.1378181091409,0.0854168093133304,1729821075.7895575
200.81502683688032,2008.1502683688032,0.08488794113444953,1729821075.7996387
200.81626415383877,2008.1626415383878,0.08436232816282085,1729821075.8096783
200.81749380924225,2008.1749380924225,0.08383995060152116,1729821075.8196046
200.81871585025493,2008.1871585025492,0.08332078877106575,1729821075.8296824
200.81993032375402,2008.1993032375403,0.08280482310875292,1729821075.8396888
200.82113727633154,2008.2113727633155,0.08229203416802633,1729821075.8497055
200.822336754296,2008.22336754296,0.08178240261778746,1729821075.8596003
200.82352880367407,2008.2352880367407,0.08127590924175088,1729821075.8695931
200.82471347021223,2008.2471347021224,0.08077253493780823,1729821075.879619
200.8258907993785,2008.258907993785,0.0802722607173888,1729821075.8896158
200.827060836364,2008.2706083636401,0.07977506770480047,1729821075.89965
200.8282236260847,2008.2822362608472,0.0792809371366151,1729821075.9095654
200.829379213183,2008.2937921318298,0.0787898503610237,1729821075.9195437
200.83052764202932,2008.3052764202932,0.07830178883719341,1729821075.9296005
200.83166895672386,2008.3166895672387,0.07781673413464751,1729821075.9396377
200.83280320109802,2008.3280320109802,0.07733466793265087,1729821075.9495761
200.83393041871616,2008.3393041871616,0.07685557201958815,1729821075.9595773
200.8350506528771,2008.350506528771,0.07637942829231192,1729821075.9696102
200.83616394661573,2008.3616394661572,0.07590621875558312,1729821075.9796195
200.83727034270458,2008.372703427046,0.07543592552140488,1729821075.9895937
200.8383698836554,2008.3836988365538,0.07496853080844523,1729821075.9995866
200.83946261172068,2008.3946261172068,0.07450401694143494,1729821076.0095203
200.84054856889523,2008.4054856889522,0.07404236635052441,1729821076.019575
200.84162779691772,2008.4162779691771,0.07358356157073664,1729821076.0296724
200.8427003372722,2008.4270033727219,0.07312758524133123,1729821076.0395732
200.84376623118956,2008.4376623118956,0.07267442010521996,1729821076.0495934
200.84482551964916,2008.4482551964916,0.0722240490083913,1729821076.0596588
200.84587824338024,2008.4587824338023,0.07177645489930995,1729821076.0696256
200.84692444286344,2008.4692444286343,0.07133162082832534,1729821076.0798993
200.8479641583323,2008.479641583323,0.07088952994710673,1729821076.0896726
200.84899742977476,2008.4899742977475,0.07045016550804462,1729821076.0996583
200.85002429693455,2008.5002429693454,0.07001351086368401,1729821076.1096454
200.85104479931272,2008.5104479931272,0.0695795494661543,1729821076.1196034
200.85205897616905,2008.5205897616904,0.06914826486660608,1729821076.1296282
200.8530668665235,2008.530668665235,0.0687196407146321,1729821076.139616
200.85406850915774,2008.5406850915774,0.06829366075770771,1729821076.1496584
200.85506394261643,2008.5506394261643,0.06787030884061351,1729821076.1598983
200.8560532052087,2008.560532052087,0.0674495689049025,1729821076.1696646
200.85703633500958,2008.5703633500957,0.06703142498833692,1729821076.1795337
200.8580133698614,2008.580133698614,0.06661586122432872,1729821076.1896114
200.85898434737516,2008.5898434737514,0.06620286184140312,1729821076.1996653
200.85994930493194,2008.5994930493193,0.06579241116262302,1729821076.2096758
200.8609082796843,2008.609082796843,0.06538449360507925,1729821076.2196856
200.86186130855756,2008.6186130855756,0.06497909367931853,1729821076.2296538
200.86280842825127,2008.6280842825126,0.0645761959888479,1729821076.2396574
200.86374967524048,2008.6374967524048,0.06417578522954848,1729821076.2496777
200.86468508577718,2008.6468508577718,0.0637778461891817,1729821076.2601357
200.86561469589154,2008.6561469589153,0.0633823637468297,1729821076.269615
200.8665385413933,2008.665385413933,0.062989322872398,1729821076.2804275
200.8674566578731,2008.6745665787312,0.06259870862606653,1729821076.2909012
200.86836908070376,2008.6836908070377,0.062210506157787004,1729821076.3004365
200.8692758450416,2008.692758450416,0.061824700706746394,1729821076.3100417
200.8701769858278,2008.701769858278,0.06144127760086071,1729821076.3214052
200.8710725377896,2008.7107253778959,0.061060222256259844,1729821076.3297775
200.87196253544155,2008.7196253544155,0.06068152017678663,1729821076.3405862
200.87284701308704,2008.7284701308704,0.060305156953478156,1729821076.3496082
200.87372600481928,2008.7372600481926,0.05993111826405417,1729821076.3597145
200.8745995445227,2008.745995445227,0.05955938987242326,1729821076.369654
200.87546766587425,2008.7546766587425,0.05918995762818724,1729821076.3795538
200.8763304023445,2008.763304023445,0.058822807466134885,1729821076.3896694
200.87718778719906,2008.7718778719907,0.05845792540575878,1729821076.399694
200.87803985349964,2008.7803985349965,0.05809529755074372,1729821076.4095871
200.87888663410544,2008.7888663410545,0.057734910088508395,1729821076.4197245
200.87972816167425,2008.7972816167426,0.05737674928968317,1729821076.4296207
200.88056446866372,2008.8056446866372,0.05702080150765354,1729821076.4396045
200.88139558733258,2008.8139558733258,0.05666705317806631,1729821076.449607
200.88222154974176,2008.8222154974176,0.05631549081834819,1729821076.4597704
200.8830423877557,2008.830423877557,0.05596610102724575,1729821076.469714
200.88385813304342,2008.8385813304342,0.05561887048432623,1729821076.479622
200.8846688170798,2008.8466881707982,0.05527378594953347,1729821076.489637
200.8854744711467,2008.854744711467,0.05493083426268697,1729821076.500546
200.88627512633406,2008.8627512633407,0.05459000234305733,1729821076.5095475
200.88707081354121,2008.870708135412,0.05425127718887246,1729821076.5195894
200.88786156347788,2008.8786156347787,0.05391464587685213,1729821076.529631
200.88864740666546,2008.8864740666545,0.053580095561788776,1729821076.539556
200.88942837343802,2008.8942837343802,0.05324761347603235,1729821076.549654
200.89020449394354,2008.9020449394354,0.05291718692909064,1729821076.5597992
200.890975798145,2008.9097579814502,0.052588803307154985,1729821076.569687
200.8917423158215,2008.917423158215,0.05226245007263308,1729821076.5796168
200.89250407656928,2008.9250407656928,0.05193811476374399,1729821076.5896745
200.89326110980306,2008.9326110980305,0.05161578499405273,1729821076.5996308
200.89401344475687,2008.9401344475687,0.05129544845200662,1729821076.6096616
200.89476111048532,2008.9476111048532,0.05097709290054808,1729821076.619666
200.8955041358646,2008.955041358646,0.05066070617662255,1729821076.6296697
200.8962425495936,2008.962425495936,0.05034627619079124,1729821076.6397147
200.89697638019499,2008.9697638019497,0.050033790926763966,1729821076.6496634
200.89770565601623,2008.9770565601623,0.04972323844099591,1729821076.6598766
200.8984304052307,2008.984304052307,0.04941460686223109,1729821076.6700099
200.8991506558387,2008.9915065583868,0.04910788439111158,1729821076.6797013
200.8998664356685,2008.9986643566851,0.04880305929973161,1729821076.689683
200.90057777237752,2009.0057777237753,0.0485001199312326,1729821076.6996977
200.90128469345308,2009.012846934531,0.04819905469935726,1729821076.7095575
200.9019872262137,2009.019872262137,0.047899852088073014,1729821076.7198107
200.90268539781,2009.0268539781,0.047602500651140356,1729821076.7296054
200.9033792352257,2009.033792352257,0.04730698901168828,1729821076.7395442
200.9040687652788,2009.040687652788,0.04701330586183061,1729821076.749737
200.90475401462228,2009.047540146223,0.0467214399622361,1729821076.759633
200.90543500974542,2009.054350097454,0.04643138014174475,1729821076.769685
200.90611177697454,2009.0611177697454,0.04614311529695214,1729821076.7797623
200.90678434247417,2009.0678434247416,0.04585663439182397,1729821076.7896755
200.90745273224795,2009.0745273224795,0.04557192645728214,1729821076.7995987
200.90811697213957,2009.0811697213958,0.04528898059080866,1729821076.8100183
200.90877708783384,2009.0877708783385,0.045007785956083235,1729821076.8195512
200.90943310485758,2009.094331048576,0.044728331782546316,1729821076.8295982
200.9100850485806,2009.1008504858062,0.044450607365043804,1729821076.8395648
200.9107329442167,2009.1073294421672,0.044174602063430934,1729821076.8495736
200.9113768168245,2009.1137681682449,0.043900305302176146,1729821076.8599982
200.91201669130842,2009.1201669130842,0.043627706570007585,1729821076.8695834
200.9126525924198,2009.126525924198,0.04335679541951698,1729821076.8798006
200.91328454475754,2009.1328454475754,0.04308756146676351,1729821076.8896198
200.91391257276928,2009.1391257276928,0.04281999439091855,1729821076.8999894
200.9145367007521,2009.1453670075211,0.042554083933887266,1729821076.9095411
200.91515695285364,2009.1515695285364,0.04228981989994984,1729821076.9196272
200.9157733530728,2009.1577335307281,0.042027192155368875,1729821076.929721
200.9163859252609,2009.163859252609,0.04176619062804121,1729821076.939773
200.9169946931223,2009.169946931223,0.041506805307101824,1729821076.9496226
200.9175996802155,2009.175996802155,0.041249026242611175,1729821076.9596233
200.91820090995392,2009.1820090995393,0.040992843545144875,1729821076.969661
200.91879840560685,2009.1879840560684,0.040738247385459725,1729821076.9795635
200.91939219030027,2009.1939219030028,0.04048522799414378,1729821076.98957
200.91998228701777,2009.1998228701777,0.04023377566122732,1729821076.9995632
200.92056871860137,2009.2056871860136,0.039983880735861344,1729821077.009687
200.9211515077524,2009.211515077524,0.03973553362595694,1729821077.0196521
200.9217306770324,2009.217306770324,0.03948872479784071,1729821077.0296912
200.9223062488639,2009.2230624886388,0.0392434447758746,1729821077.0396206
200.9228782455313,2009.2287824553132,0.03899968414216992,1729821077.0496168
200.92344668918176,2009.2344668918176,0.03875743353618588,1729821077.0596862
200.92401160182592,2009.2401160182592,0.038516683654429396,1729821077.0696988
200.92457300533883,2009.2457300533883,0.038277425250090924,1729821077.0796707
200.92513092146078,2009.2513092146078,0.03803964913272828,1729821077.089715
200.925685371798,2009.25685371798,0.0378033461678865,1729821077.0996883
200.9262363778237,2009.262363778237,0.03756850727683492,1729821077.109636
200.9267839608786,2009.2678396087858,0.03733512343616219,1729821077.1196532
200.92732814217197,2009.2732814217197,0.03710318567750803,1729821077.1296883
200.92786894278234,2009.2786894278233,0.03687268508718311,1729821077.1397078
200.92840638365828,2009.2840638365828,0.036643612805879466,1729821077.1496296
200.92894048561922,2009.2894048561923,0.036415960028324146,1729821077.159624
200.92947126935627,2009.2947126935628,0.03618971800298254,1729821077.1696525
200.9299987554329,2009.2999875543292,0.035964878031690684,1729821077.17969
200.93052296428584,2009.3052296428584,0.0357414314693959,1729821077.1896002
200.93104391622578,2009.3104391622578,0.03551936972379266,1729821077.1996043
200.93156163143814,2009.3156163143815,0.03529868425503657,1729821077.209638
200.9320761299839,2009.320761299839,0.03507936657540334,1729821077.2197645
200.93258743180027,2009.3258743180027,0.03486140824900452,1729821077.2297802
200.93309555670152,2009.3309555670153,0.034644800891455385,1729821077.2396142
200.93360052437964,2009.3360052437965,0.034429536169587105,1729821077.2495406
200.93410235440524,2009.3410235440524,0.03421560580113414,1729821077.259641
200.93460106622814,2009.3460106622815,0.03400300155440561,1729821077.2696307
200.93509667917817,2009.3509667917817,0.033791715248009946,1729821077.2796984
200.9355892124659,2009.355892124659,0.033581738750552925,1729821077.2895155
200.9360786851834,2009.3607868518338,0.03337306398032858,1729821077.2996986
200.93656511630485,2009.3656511630484,0.03316568290502786,1729821077.309664
200.93704852468744,2009.3704852468745,0.03295958754143136,1729821077.3197286
200.93752892907193,2009.3752892907194,0.03275476995511972,1729821077.3296494
200.93800634808346,2009.3800634808347,0.032551222260201906,1729821077.3396387
200.93848080023218,2009.3848080023217,0.032348936618975865,1729821077.349709
200.938952303914,2009.38952303914,0.032147905241694086,1729821077.359701
200.93942087741127,2009.3942087741127,0.03194812038625805,1729821077.3696587
200.9398865388935,2009.3988653889348,0.03174957435789849,1729821077.3796246
200.94034930641803,2009.4034930641803,0.03155225950894447,1729821077.3896472
200.94080919793072,2009.4080919793073,0.03135616823849119,1729821077.3995898
200.94126623126664,2009.4126623126663,0.031161292992165524,1729821077.4097297
200.94172042415073,2009.4172042415073,0.030967626261802716,1729821077.4197218
200.9421717941985,2009.4217179419848,0.03077516058519769,1729821077.429672
200.94262035891663,2009.4262035891663,0.030583888545822613,1729821077.4396465
200.94306613570376,2009.4306613570375,0.030393802772551548,1729821077.4496856
200.94350914185102,2009.4350914185102,0.030204895939381582,1729821077.4596195
200.9439493945428,2009.4394939454282,0.030017160765175244,1729821077.4695973
200.94438691085736,2009.4438691085736,0.029830590013369185,1729821077.479683
200.9448217077674,2009.4482170776741,0.02964517649172016,1729821077.4896526
200.94525380214085,2009.4525380214086,0.02946091305204568,1729821077.4998393
200.94568321074144,2009.4568321074144,0.029277792589938012,1729821077.5097141
200.94610995022927,2009.4610995022927,0.029095808044515503,1729821077.5197089
200.9465340371616,2009.465340371616,0.028914952398164995,1729821077.529716
200.94695548799336,2009.4695548799336,0.02873521867625939,1729821077.539638
200.9473743190778,2009.473743190778,0.028556599946917838,1729821077.5495858
200.94779054666714,2009.4779054666715,0.028379089320751727,1729821077.5596297
200.94820418691316,2009.4820418691315,0.028202679950585785,1729821077.5696843
200.94861525586785,2009.4861525586784,0.028027365031228935,1729821077.5795813
200.949023769484,2009.49023769484,0.027853137799200733,1729821077.5896547
200.9494297436158,2009.4942974361581,0.027679991532491566,1729821077.5995457
200.94983319401948,2009.4983319401947,0.02750791955030507,1729821077.6095808
200.95023413635383,2009.5023413635383,0.027336915212823665,1729821077.6196067
200.9506325861809,2009.5063258618088,0.02716697192094386,1729821077.6297784
200.95102855896653,2009.5102855896653,0.0269980831160489,1729821077.6396441
200.95142207008098,2009.5142207008098,0.026830242279728078,1729821077.6496487
200.95181313479947,2009.5181313479948,0.026663442933584913,1729821077.6596677
200.95220176830276,2009.5220176830276,0.026497678638958244,1729821077.6695564
200.9525879856778,2009.5258798567781,0.026332942996705522,1729821077.6796057
200.95297180191827,2009.5297180191826,0.026169229646936354,1729821077.6895452
200.9533532319251,2009.533532319251,0.026006532268802895,1729821077.6995814
200.9537322905071,2009.537322905071,0.025844844580242277,1729821077.7095094
200.95410899238152,2009.5410899238152,0.025684160337754558,1729821077.7196393
200.9544833521746,2009.544833521746,0.02552447333618424,1729821077.7295969
200.95485538442213,2009.5485538442213,0.025365777408439594,1729821077.7395675
200.95522510356997,2009.5522510356998,0.025208066425318587,1729821077.749579
200.95559252397467,2009.5559252397468,0.025051334295251304,1729821077.7596276
200.955957659904,2009.55957659904,0.024895574964074352,1729821077.769607
200.95632052553742,2009.5632052553742,0.024740782414799933,1729821077.7796955
200.95668113496677,2009.5668113496677,0.024586950667397356,1729821077.7895136
200.95703950219666,2009.5703950219668,0.02443407377857454,1729821077.799583
200.95739564114507,2009.5739564114506,0.02428214584154531,1729821077.809633
200.9577495656439,2009.577495656439,0.024131160985823352,1729821077.8196898
200.95810128943947,2009.5810128943947,0.02398111337697706,1729821077.8296797
200.95845082619303,2009.5845082619303,0.02383199721643059,1729821077.8396122
200.95879818948137,2009.5879818948138,0.023683806741252478,1729821077.849593
200.95914339279722,2009.591433927972,0.02353653622390517,1729821077.8596082
200.95948644954981,2009.594864495498,0.023390179972079816,1729821077.8695767
200.95982737306545,2009.5982737306545,0.023244732328445816,1729821077.8796186
200.96016617658796,2009.6016617658797,0.023100187670451855,1729821077.8896203
200.96050287327918,2009.6050287327919,0.022956540410100312,1729821077.8997805
200.96083747621955,2009.6083747621956,0.022813784993778508,1729821077.9096837
200.9611699984085,2009.6116999840851,0.022671915901986917,1729821077.9196916
200.96150045276505,2009.6150045276504,0.02253092764919351,1729821077.9296367
200.96182885212824,2009.6182885212825,0.02239081478359395,1729821077.939691
200.96215520925762,2009.6215520925762,0.02225157188690552,1729821077.9496799
200.9624795368338,2009.624795368338,0.022113193574185952,1729821077.9596984
200.9628018474589,2009.628018474589,0.021975674493609598,1729821077.9696631
200.963122153657,2009.63122153657,0.021839009326259595,1729821077.9797215
200.96344046787462,2009.6344046787463,0.021703192785971548,1729821077.9897301
200.9637568024813,2009.637568024813,0.021568219619097273,1729821077.9995835
200.96407116976997,2009.6407116976998,0.021434084604296966,1729821078.0095592
200.96438358195743,2009.6438358195744,0.021300782552373998,1729821078.0196285
200.96469405118486,2009.6469405118487,0.02116830830606531,1729821078.0297775
200.96500258951826,2009.6500258951826,0.021036656739854886,1729821078.039687
200.96530920894892,2009.6530920894893,0.02090582275976416,1729821078.049679
200.9656139213939,2009.656139213939,0.020775801303181463,1729821078.0597029
200.96591673869642,2009.6591673869643,0.02064658733864,1729821078.069784
200.96621767262639,2009.6621767262639,0.020518175865666843,1729821078.0795968
200.96651673488083,2009.6651673488082,0.020390561914576888,1729821078.089977
200.9668139370843,2009.6681393708432,0.020263740546272113,1729821078.0997632
200.9671092907894,2009.671092907894,0.020137706852078163,1729821078.1095831
200.96740280747716,2009.6740280747715,0.020012455953550723,1729821078.119663
200.96769449855745,2009.6769449855744,0.01988798300228012,1729821078.1298041
200.96798437536955,2009.6798437536954,0.01976428317973855,1729821078.1396546
200.96827244918248,2009.6827244918247,0.019641351697050946,1729821078.1497178
200.96855873119543,2009.6855873119544,0.0195191837948564,1729821078.1597033
200.96884323253826,2009.6884323253826,0.01939777474310922,1729821078.1696606
200.96912596427183,2009.6912596427183,0.019277119840899526,1729821078.1795955
200.9694069373885,2009.694069373885,0.01915721441629692,1729821078.1895278
200.96968616281256,2009.6968616281256,0.019038053826142654,1729821078.1995971
200.96996365140058,2009.6996365140058,0.01891963345588621,1729821078.2096796
200.97023941394187,2009.7023941394186,0.018801948719437855,1729821078.2195783
200.9705134611589,2009.705134611589,0.018684995058943055,1729821078.22969
200.9707858037077,2009.7078580370771,0.018568767944659892,1729821078.239614
200.97105645217832,2009.7105645217832,0.01845326287475657,1729821078.249603
200.9713254170951,2009.7132541709511,0.018338475375146213,1729821078.2596428
200.97159270891723,2009.7159270891723,0.018224400999330537,1729821078.269595
200.97185833803908,2009.7185833803908,0.018111035328224,1729821078.2796192
200.9721223147906,2009.721223147906,0.017998373969970838,1729821078.2895787
200.97238464943769,2009.7238464943769,0.017886412559811826,1729821078.2996025
200.97264535218267,2009.7264535218267,0.017775146759897775,1729821078.3095565
200.97290443316462,2009.729044331646,0.0176645722591261,1729821078.3197367
200.97316190245976,2009.7316190245976,0.017554684772979168,1729821078.3295832
200.9734177700819,2009.7341777008191,0.017445480043360884,1729821078.3395524
200.97367204598277,2009.7367204598277,0.01733695383844036,1729821078.3496635
200.97392474005238,2009.7392474005237,0.01722910195248495,1729821078.3596573
200.97417586211947,2009.7417586211945,0.017121920205707464,1729821078.369667
200.97442542195182,2009.744254219518,0.017015404444108095,1729821078.3796866
200.9746734292567,2009.746734292567,0.016909550539312757,1729821078.3896208
200.97491989368123,2009.7491989368123,0.016804354388413212,1729821078.3996766
200.97516482481262,2009.7516482481262,0.01669981191380543,1729821078.409621
200.97540823217875,2009.7540823217876,0.016595919063074116,1729821078.4196358
200.97565012524836,2009.7565012524838,0.016492671808779558,1729821078.4296494
200.97589051343155,2009.7589051343155,0.016390066148354587,1729821078.439563
200.97612940608002,2009.7612940608,0.016288098103919846,1729821078.4495802
200.9763668124875,2009.763668124875,0.016186763722155884,1729821078.4602122
200.97660274189013,2009.7660274189013,0.01608605907414329,1729821078.469616
200.97683720346674,2009.7683720346674,0.01598598025519926,1729821078.479743
200.97707020633928,2009.7707020633927,0.01588652338476393,1729821078.489665
200.9773017595731,2009.7730175957308,0.015787684606215602,1729821078.500029
200.97753187217734,2009.7753187217734,0.015689460086749984,1729821078.509622
200.97776055310533,2009.7776055310533,0.015591846017229183,1729821078.5196583
200.9779878112548,2009.779878112548,0.015494838612011175,1729821078.5296838
200.97821365546832,2009.7821365546833,0.015398434108859216,1729821078.5396814
200.9784380945337,2009.7843809453368,0.015302628768748217,1729821078.5496888
200.9786611371841,2009.786611371841,0.015207418875736844,1729821078.5598147
200.97888279209866,2009.7888279209865,0.015112800736850285,1729821078.5696526
200.97910306790263,2009.7910306790263,0.015018770681907934,1729821078.5796692
200.97932197316774,2009.7932197316775,0.014925325063388395,1729821078.5895104
200.9795395164126,2009.795395164126,0.014832460256319346,1729821078.5996366
200.9797557061029,2009.797557061029,0.014740172658110562,1729821078.60959
200.97997055065196,2009.7997055065196,0.014648458688424237,1729821078.6196637
200.98018405842078,2009.8018405842076,0.014557314789034659,1729821078.629754
200.98039623771854,2009.8039623771854,0.014466737423700304,1729821078.639629
200.9806070968029,2009.8060709680292,0.0143767230780395,1729821078.6497343
200.9808166438803,2009.808166438803,0.014287268259356334,1729821078.6596467
200.9810248871062,2009.810248871062,0.014198369496558949,1729821078.6696987
200.98123183458551,2009.8123183458551,0.01411002333999789,1729821078.6795907
200.9814374943729,2009.814374943729,0.01402222636134176,1729821078.6896887
200.98164187447298,2009.8164187447298,0.013934975153424456,1729821078.6997216
200.98184498284076,2009.8184498284077,0.013848266330165226,1729821078.7097497
200.98204682738188,2009.8204682738187,0.013762096526398149,1729821078.7197394
200.98224741595294,2009.8224741595295,0.013676462397744227,1729821078.729897
200.98244675636175,2009.8244675636174,0.013591360620501258,1729821078.7396867
200.98264485636773,2009.8264485636773,0.013506787891526595,1729821078.7496307
200.9828417236821,2009.828417236821,0.013422740928073718,1729821078.7598596
200.98303736596827,2009.8303736596827,0.013339216467708748,1729821078.7695894
200.98323179084207,2009.8323179084207,0.013256211268145246,1729821078.779694
200.9834250058721,2009.834250058721,0.013173722107164276,1729821078.789625
200.98361701857996,2009.8361701857996,0.013091745782440323,1729821078.7997162
200.9838078364406,2009.838078364406,0.013010279111480894,1729821078.8101044
200.98399746688258,2009.8399746688258,0.012929318931438227,1729821078.8195937
200.98418591728833,2009.8418591728832,0.012848862099036462,1729821078.8297362
200.98437319499448,2009.8437319499449,0.012768905490447291,1729821078.8396387
200.98455930729213,2009.8455930729212,0.012689446001147853,1729821078.8496647
200.98474426142715,2009.8474426142716,0.012610480545810598,1729821078.8595762
200.9849280646004,2009.849280646004,0.012532006058189604,1729821078.869611
200.9851107239681,2009.851107239681,0.012454019491015766,1729821078.8797212
200.98529224664193,2009.8529224664194,0.01237651781585114,1729821078.889676
200.9854726396896,2009.8547263968958,0.012299498023014332,1729821078.899763
200.9856519101348,2009.856519101348,0.012222957121408196,1729821078.9096792
200.98583006495772,2009.8583006495774,0.012146892138461207,1729821078.9197319
200.9860071110952,2009.860071110952,0.012071300119985362,1729821078.9296422
200.986183055441,2009.8618305544098,0.011996178130053603,1729821078.939706
200.98635790484605,2009.8635790484605,0.01192152325092699,1729821078.949606
200.98653166611885,2009.8653166611884,0.011847332582907266,1729821078.959696
200.98670434602556,2009.8670434602557,0.011773603244223163,1729821078.969583
200.98687595129036,2009.8687595129036,0.011700332370954025,1729821078.979587
200.98704648859567,2009.8704648859566,0.01162751711689658,1729821078.9895601
200.98721596458242,2009.8721596458242,0.01155515465345125,1729821078.999601
200.98738438585033,2009.8738438585033,0.01148324216953689,1729821079.0097067
200.98755175895818,2009.8755175895817,0.011411776871455781,1729821079.0196645
200.98771809042395,2009.8771809042396,0.011340755982792383,1729821079.0296807
200.9878833867252,2009.878833867252,0.011270176744326288,1729821079.0396464
200.98804765429927,2009.8804765429927,0.011200036413923864,1729821079.0496256
200.9882108995435,2009.882108995435,0.011130332266401477,1729821079.0598679
200.98837312881557,2009.8837312881556,0.01106106159346154,1729821079.0697398
200.98853434843363,2009.8853434843363,0.010992221703553962,1729821079.080097
200.98869456467662,2009.8869456467662,0.010923809921799754,1729821079.0895894
200.98885378378446,2009.8885378378445,0.01085582358987558,1729821079.1003015
200.98901201195838,2009.8901201195838,0.010788260065928479,1729821079.1096148
200.98916925536105,2009.8916925536105,0.010721116724437318,1729821079.1195369
200.9893255201169,2009.8932552011688,0.010654390956152393,1729821079.1301785
200.98948081231228,2009.8948081231229,0.010588080167972858,1729821079.1395893
200.98963513799583,2009.8963513799583,0.010522181782861462,1729821079.1496766
200.98978850317857,2009.8978850317858,0.010456693239718429,1729821079.1597848
200.9899409138342,2009.899409138342,0.010391611993317507,1729821079.1695652
200.9900923758993,2009.900923758993,0.010326935514185176,1729821079.1795673
200.99024289527364,2009.9024289527365,0.01026266128852249,1729821079.1896007
200.99039247782025,2009.9039247782025,0.010198786818086059,1729821079.199668
200.99054112936585,2009.9054112936585,0.010135309620118771,1729821079.209622
200.99068885570094,2009.9068885570093,0.010072227227218344,1729821079.2196722
200.99083566258,2009.9083566258,0.010009537187269824,1729821079.2297451
200.99098155572185,2009.9098155572185,0.00994723706336742,1729821079.2396872
