0.01912675232595795,0.1912675232595795,1.3040937856476202,1729821350.8977973
0.03836235087350619,0.3836235087350619,1.311515102071239,1729821350.899464
0.05770735144254947,0.5770735144254947,1.3189743138567835,1729821350.909769
0.0771623119332542,0.7716231193325419,1.3264715642035854,1729821350.9195738
0.09672779234524112,0.9672779234524111,1.3340069962559356,1729821350.9296353
0.11640435477665195,1.1640435477665196,1.3415807530944819,1729821350.9396167
0.13619256342308886,1.3619256342308885,1.3491929777275673,1729821350.9495833
0.15609298457642484,1.5609298457642484,1.3568438130824245,1729821350.959638
0.17610618662348382,1.7610618662348383,1.364533401996289,1729821350.969639
0.19623274004458913,1.9623274004458913,1.3722618872074368,1729821350.9795544
0.21647321741197822,2.1647321741197825,1.3800294113460496,1729821350.9896429
0.23682819338808267,2.3682819338808265,1.3878361169250373,1729821350.9997575
0.2572982447236719,2.5729824472367193,1.3956821463307532,1729821351.009673
0.2778839502558588,2.778839502558588,1.4035676418135599,1729821351.019602
0.29858589090596593,2.9858589090596594,1.4114927454783346,1729821351.0295792
0.31940464967725046,3.1940464967725046,1.4194575992748573,1729821351.0396597
0.3403408116524871,3.403408116524871,1.427462344988078,1729821351.0498724
0.3613949639914063,3.613949639914063,1.4355071242283004,1729821351.059719
0.38256769592798745,3.8256769592798747,1.4435920784212617,1729821351.0700924
0.403859598767604,4.0385959876760404,1.4517173487980632,1729821351.0796237
0.42527126588402064,4.252712658840206,1.4598830763850494,1729821351.0895536
0.4468032927162393,4.468032927162393,1.468089401993542,1729821351.0996435
0.46845627676519414,4.684562767651942,1.476336466209498,1729821351.1098762
0.490230817590292,4.90230817590292,1.4846244093830152,1729821351.1197152
0.5121275168057985,5.121275168057985,1.4929533716177787,1729821351.1296704
0.5341469780770669,5.3414697807706695,1.5013234927603656,1729821351.139699
0.556289807116609,5.5628980711660905,1.5097349123894372,1729821351.1495442
0.5785566116800063,5.785566116800062,1.5181877698048827,1729821351.1597748
0.6009480015616586,6.009480015616586,1.5266822040167392,1729821351.1696556
0.6234645885903711,6.234645885903712,1.5352183537341397,1729821351.1796553
0.6461069866247753,6.461069866247753,1.5437963573540192,1729821351.1895857
0.6688758115485846,6.688758115485846,1.552416352949829,1729821351.199675
0.6917716812656811,6.917716812656812,1.5610784782600438,1729821351.2095935
0.7147952156950338,7.147952156950338,1.5697828706766122,1729821351.2196918
0.7379470367654445,7.379470367654445,1.5785296672333016,1729821351.2296073
0.7612277684101216,7.612277684101216,1.587319004593882,1729821351.239718
0.7846380365610794,7.846380365610795,1.5961510190402621,1729821351.249605
0.8081784691433611,8.081784691433612,1.6050258464604643,1729821351.2597187
0.8318496960690841,8.31849696069084,1.6139436223365196,1729821351.269691
0.8556523492313063,8.556523492313064,1.622904481732237,1729821351.2795978
0.8795870624977108,8.795870624977107,1.6319085592808507,1729821351.289603
0.9036544717041085,9.036544717041085,1.6409559891725967,1729821351.2996428
0.9278552146477566,9.278552146477566,1.6500469051421303,1729821351.309619
0.9521899310804904,9.521899310804905,1.6591814404558538,1729821351.3198483
0.9766592627016687,9.766592627016687,1.6683597278991358,1729821351.3296466
1.0012638531509288,10.012638531509289,1.6775818997634198,1729821351.3396115
1.0260043480007521,10.260043480007521,1.686848087833209,1729821351.3496184
1.050881394748836,10.50881394748836,1.6961584233729465,1729821351.3598893
1.0758956428102728,10.758956428102728,1.7055130371137879,1729821351.369665
1.1010477435095318,11.010477435095318,1.7149120592402487,1729821351.3796208
1.1263383500722453,11.263383500722453,1.7243556193767735,1729821351.3896177
1.1517681176167944,11.517681176167944,1.7338438465741501,1729821351.39966
1.1773377031456955,11.773377031456956,1.7433768692958336,1729821351.4095836
1.2030477655367837,12.030477655367838,1.7529548154041668,1729821351.419618
1.2288989655341926,12.288989655341926,1.7625778121464895,1729821351.4295964
1.2548919657391286,12.548919657391286,1.7722459861411228,1729821351.4396799
1.281027430600438,12.81027430600438,1.7819594633632332,1729821351.4497187
1.3073060264049663,13.073060264049662,1.7917183691306353,1729821351.460078
1.3337284212677059,13.337284212677059,1.8015228280894466,1729821351.4696128
1.3602952851217323,13.602952851217323,1.81137296419961,1729821351.4796147
1.3870072897079277,13.870072897079277,1.821268900720375,1729821351.489709
1.4138651085644887,14.138651085644886,1.831210760195607,1729821351.499605
1.4408694170162166,14.408694170162166,1.841198664439029,1729821351.5096576
1.468020892163591,14.680208921635911,1.8512327345193147,1729821351.5199323
1.4953202128716228,14.953202128716228,1.8613130907451283,1729821351.5297723
1.5227680597584845,15.227680597584845,1.871439852649996,1729821351.5397248
1.5503651151839204,15.503651151839204,1.881613138977134,1729821351.5497253
1.5781120632374293,15.781120632374293,1.89183306766409,1729821351.5616264
1.6060095897262225,16.060095897262226,1.902099755827376,1729821351.569629
1.6340583821629546,16.340583821629547,1.9124133197469129,1729821351.579699
1.662259129753223,16.62259129753223,1.9227738748504017,1729821351.589731
1.6906125233828393,16.906125233828394,1.9331815356976194,1729821351.5997298
1.7191192556048664,17.191192556048666,1.9436364159645394,1729821351.60972
1.747780020626423,17.477800206264227,1.954138628427423,1729821351.6199443
1.7765955142952516,17.765955142952517,1.9646882849467695,1729821351.6296327
1.805566434086052,18.05566434086052,1.9752854964511628,1729821351.6396744
1.834693479086573,18.34693479086573,1.9859303729210347,1729821351.649612
1.8639773499834678,18.63977349983468,1.9966230233723228,1729821351.659656
1.8934187490479064,18.934187490479065,2.007363555840007,1729821351.669675
1.9230183801209453,19.230183801209453,2.0181520773615724,1729821351.6796076
1.952776948598654,19.52776948598654,2.0289886939603776,1729821351.6896966
1.9826951614169948,19.826951614169946,2.039873510628896,1729821351.6996326
2.012773727036457,20.12773727036457,2.0508066313119007,1729821351.7096896
2.043013355426442,20.43013355426442,2.061788158889501,1729821351.7196558
2.073414758049397,20.73414758049397,2.072818195160146,1729821351.7297456
2.103978647844703,21.039786478447027,2.0838968408234906,1729821351.7396004
2.1347057392123028,21.347057392123027,2.0950241954631736,1729821351.7497025
2.1655967479960814,21.655967479960815,2.1062003575295365,1729821351.7597468
2.1966523914669875,21.966523914669875,2.1174254243221893,1729821351.7695808
2.227873388305902,22.27873388305902,2.128699491972578,1729821351.779555
2.259260458586244,22.59260458586244,2.140022655426368,1729821351.7895486
2.2908143237563223,22.908143237563223,2.151395008425784,1729821351.7998793
2.322535706621425,23.22535706621425,2.1628166434919103,1729821351.809626
2.3544253313256465,23.544253313256466,2.174287651906799,1729821351.8195968
2.3864839233334525,23.864839233334525,2.1858081236955926,1729821351.8296492
2.4187122094109825,24.187122094109824,2.197378147608522,1729821351.8396795
2.451110917607084,24.51110917607084,2.2089978111028103,1729821351.8497236
2.483680777234084,24.83680777234084,2.2206672003245385,1729821351.8596811
2.5164225188482896,25.164225188482895,2.232386400090395,1729821351.8697462
2.5493368742302236,25.493368742302238,2.2441554938693664,1729821351.8797421
2.5824245763645863,25.824245763645862,2.255974563764353,1729821351.8895514
2.6156863594199504,26.156863594199503,2.267843690493699,1729821351.8995547
2.6491229587281815,26.491229587281815,2.2797629533726647,1729821351.9096696
2.6827351107635864,26.827351107635863,2.2917324302948203,1729821351.9197605
2.716523553121789,27.16523553121789,2.3037521977133673,1729821351.929644
2.7504890244983287,27.504890244983287,2.3158223306224035,1729821351.9397476
2.7846322646669845,27.846322646669847,2.3279429025381178,1729821351.9497635
2.8189540144578227,28.189540144578228,2.3401139854798942,1729821351.9597194
2.853455015734965,28.534550157349653,2.3523356499514194,1729821351.9696956
2.8881360113740815,28.881360113740815,2.364607964921657,1729821351.979684
2.9229977452396,29.229977452396,2.37693099780579,1729821351.9897177
2.958040962161637,29.58040962161637,2.3893048144461297,1729821351.999631
2.9932664079126496,29.932664079126496,2.40172947909295,1729821352.0097275
3.0286748291838017,30.286748291838016,2.4142050543852513,1729821352.0197794
3.0642669735610504,30.642669735610504,2.426731601331508,1729821352.030041
3.100043589500948,31.00043589500948,2.4393091792903303,1729821352.039666
3.136005426306159,31.360054263061592,2.451937845951115,1729821352.0497205
3.172153234100696,31.72153234100696,2.464617657314634,1729821352.059732
3.2084877638048637,32.08487763804864,2.477348667673564,1729821352.069932
3.2450097671099254,32.45009767109926,2.4901309295930134,1729821352.0796092
3.281719996452476,32.81719996452476,2.5029644938909574,1729821352.0896401
3.3186192049885306,33.18619204988531,2.5158494096187174,1729821352.0996325
3.355708146567327,33.55708146567327,2.5287857240412994,1729821352.1097429
3.3929875757048373,33.92987575704837,2.5417734826177942,1729821352.1199877
3.4304582475569934,34.30458247556993,2.55481272898172,1729821352.1296556
3.4681209178926227,34.681209178926224,2.5679035049212975,1729821352.1396363
3.505976343066094,35.059763430660944,2.581045850359749,1729821352.1496017
3.5440252799896763,35.44025279989676,2.594239803335578,1729821352.1598563
3.5822684861056038,35.82268486105604,2.6074853999827803,1729821352.1696455
3.6207067193578553,36.20706719357855,2.6207826745110787,1729821352.1796892
3.6593407381636407,36.59340738163641,2.6341316591861497,1729821352.1896193
3.698171301384597,36.98171301384597,2.6475323843098004,1729821352.199652
3.7371991682976957,37.371991682976955,2.6609848782001735,1729821352.2096283
3.776425098565856,37.76425098565856,2.6744891671719153,1729821352.2195706
3.815849852208272,38.15849852208272,2.6880452755163646,1729821352.2295556
3.8554741895704447,38.554741895704446,2.7016532254817336,1729821352.2396705
3.895298871293927,38.95298871293927,2.7153130372532712,1729821352.2498212
3.9353246582857757,39.35324658285776,2.7290247289334784,1729821352.2596314
3.975552311687713,39.75552311687713,2.742788316522264,1729821352.2699876
4.015982592844999,40.15982592844999,2.756603813897176,1729821352.2797065
4.056616263275013,40.566162632750135,2.770471232793622,1729821352.2897272
4.097454084635547,40.974540846355474,2.784390582785058,1729821352.2996647
4.138496818692805,41.38496818692805,2.7983618712632965,1729821352.3097634
4.179745227289117,41.79745227289117,2.812385103418763,1729821352.3199885
4.221200072310364,42.21200072310364,2.826460282220783,1729821352.3297312
4.262862115653114,42.62862115653114,2.8405874083979303,1729821352.3397415
4.304732119191466,43.04732119191466,2.8547664804183825,1729821352.349583
4.346810844743614,43.468108447436144,2.8689974944703267,1729821352.359661
4.389099054038118,43.89099054038118,2.8832804444423936,1729821352.3699024
4.431597508679889,44.31597508679889,2.8976153219041376,1729821352.379637
4.474306970115896,44.743069701158966,2.912002116086564,1729821352.3896463
4.517228199600576,45.172281996005765,2.9264408138627043,1729821352.3997097
4.5603619581609705,45.603619581609706,2.9409313997282465,1729821352.4096584
4.603709006561571,46.037090065615715,2.955473855782198,1729821352.4195874
4.647270105268889,46.47270105268889,2.9700681617076703,1729821352.4296591
4.691046014415738,46.91046014415738,2.984714294752639,1729821352.439773
4.735037493765238,47.350374937652376,2.9994122297108468,1729821352.4497902
4.779245302674543,47.79245302674543,3.014161938902735,1729821352.4599593
4.823670200058284,48.23670200058284,3.028963392156459,1729821352.4696972
4.86831294435174,48.6831294435174,3.0438165567889848,1729821352.4796026
4.913174293473733,49.13174293473733,3.05872139758726,1729821352.4896166
4.958255004789241,49.58255004789241,3.0736778767894815,1729821352.4996889
5.003555835071747,50.03555835071747,3.088685954066443,1729821352.5096545
5.04907754046531,50.49077540465311,3.103745586502972,1729821352.5196154
5.0948208764463665,50.948208764463665,3.1188567285794595,1729821352.5297008
5.1407865977852625,51.40786597785262,3.1340193321535286,1729821352.5396533
5.186975458507519,51.86975458507519,3.1492333464417483,1729821352.5496087
5.233388211854832,52.33388211854832,3.1644987180014854,1729821352.5598686
5.280025610245801,52.80025610245801,3.179815390712895,1729821352.5700998
5.326888405236406,53.26888405236406,3.1951833057609718,1729821352.57961
5.373977347480213,53.73977347480213,3.210602401617759,1729821352.5896294
5.421293186688328,54.21293186688328,3.226072614024677,1729821352.5997791
5.468836671589091,54.68836671589091,3.241593875974981,1729821352.609606
5.516608549887507,55.16608549887507,3.2571661176963214,1729821352.6196074
5.564609568224441,55.64609568224441,3.2727892666335037,1729821352.6295857
5.612840472135542,56.128404721355416,3.288463247431315,1729821352.639727
5.661302006009932,56.61302006009932,3.304187981917558,1729821352.6496434
5.709994913048643,57.09994913048643,3.3199633890861953,1729821352.659828
5.7589199352228055,57.58919935222806,3.3357893850806692,1729821352.669587
5.808077813231603,58.08077813231603,3.351665883177359,1729821352.6796541
5.857469286459978,58.57469286459978,3.3675927937692305,1729821352.6897051
5.907095092936107,59.07095092936107,3.3835700243496114,1729821352.6995738
5.956955969288633,59.56955969288633,3.399597479496182,1729821352.7097003
6.0070526507036766,60.07052650703677,3.415675060855103,1729821352.7197366
6.057385870881604,60.57385870881604,3.4318026671253477,1729821352.7296515
6.107956361993578,61.07956361993578,3.447980194043208,1729821352.739691
6.158764854637878,61.58764854637879,3.4642075343669823,1729821352.7497053
6.2098120777960055,62.098120777960055,3.480484577861884,1729821352.7596235
6.2610987587885605,62.6109875878856,3.4968112112850975,1729821352.7696705
6.312625623230914,63.12625623230914,3.5131873183711027,1729821352.77966
6.3643933949886575,63.64393394988657,3.5296127798171333,1729821352.7896006
6.416402796132851,64.16402796132851,3.546087473268909,1729821352.7998183
6.468654546895056,64.68654546895056,3.5626112733065463,1729821352.809595
6.521149365622175,65.21149365622175,3.579184051430682,1729821352.81967
6.57388796873108,65.7388796873108,3.595805676048871,1729821352.8297582
6.626871070663059,66.26871070663059,3.6124760124621473,1729821352.8397317
6.6800993838380505,66.8009938383805,3.629194922851864,1729821352.849657
6.733573618608705,67.33573618608705,3.645962266266768,1729821352.8597062
6.787294483214253,67.87294483214252,3.6627778986102784,1729821352.869809
6.841262683734187,68.41262683734188,3.679641672628074,1729821352.8797007
6.895478924041774,68.95478924041774,3.6965534378958647,1729821352.8896492
6.949943905757386,69.49943905757385,3.7135130408074786,1729821352.8996024
7.004658328201656,70.04658328201656,3.7305203245631744,1729821352.9096527
7.059622888348481,70.59622888348481,3.747575129158228,1729821352.9196913
7.114838280777843,71.14838280777843,3.764677291371781,1729821352.9297364
7.170305197628486,71.70305197628485,3.78182664475599,1729821352.9396095
7.226024328550426,72.26024328550426,3.7990230196254235,1729821352.949567
7.2819963606573195,72.8199636065732,3.8162662430467615,1729821352.9596648
7.338221978478679,73.3822197847868,3.83355613882877,1729821352.9697936
7.394701863911948,73.94701863911948,3.850892527512587,1729821352.9796793
7.451436696174436,74.51436696174436,3.868275226362272,1729821352.9896152
7.508427151755121,75.0842715175512,3.8857040493557116,1729821352.9996688
7.565673904366325,75.65673904366325,3.903178807175759,1729821353.0096624
7.623177624895261,76.23177624895261,3.920699307201763,1729821353.0195854
7.680938981355459,76.80938981355459,3.938265353501342,1729821353.0296562
7.738958638838081,77.38958638838082,3.955876746822512,1729821353.0396745
7.797237259463121,77.97237259463121,3.9735332845861557,1729821353.0496275
7.855775502330502,78.55775502330502,3.9912347608787697,1729821353.0597095
7.9145740234710695,79.1457402347107,4.008980966445597,1729821353.0696464
7.973633475797492,79.73633475797492,4.026771688684056,1729821353.0795507
8.032954509055065,80.32954509055065,4.044606711637533,1729821353.0896146
8.092537769772438,80.92537769772437,4.062485815989515,1729821353.0996656
8.152383901212248,81.52383901212248,4.080408779058086,1729821353.1097286
8.212493543321692,82.12493543321692,4.098375374790743,1729821353.1196523
8.272867332683012,82.72867332683012,4.116385373759604,1729821353.129685
8.333505902463932,83.33505902463932,4.1344385431569535,1729821353.1396043
8.394409882368024,83.94409882368024,4.152534646791203,1729821353.149559
8.455579898585025,84.55579898585026,4.170673445083146,1729821353.1595304
8.5170165737411,85.17016573741101,4.188854695062657,1729821353.1696863
8.57872052684907,85.7872052684907,4.2070781503657315,1729821353.1796298
8.64069237325859,86.4069237325859,4.225343561231929,1729821353.189569
8.702932724606312,87.02932724606312,4.243650674502193,1729821353.1999292
8.765442188766002,87.65442188766002,4.261999233617063,1729821353.2095835
8.828221369798658,88.28221369798658,4.280388978615283,1729821353.2196498
8.891270867902595,88.91270867902594,4.298819646132813,1729821353.2296174
8.954591279363527,89.54591279363527,4.317290969402247,1729821353.2396412
9.018183196504655,90.18183196504654,4.335802678252616,1729821353.2497098
9.082047207636746,90.82047207636747,4.354354499109627,1729821353.2596982
9.14618389700823,91.4618389700823,4.372946154996308,1729821353.269636
9.210593844755309,92.10593844755309,4.39157736553406,1729821353.2796474
9.275277626852084,92.75277626852085,4.410247846944147,1729821353.2896066
9.340235815060723,93.40235815060723,4.428957312049603,1729821353.299623
9.405468976881643,94.05468976881643,4.447705470277555,1729821353.3096933
9.470977675503754,94.70977675503754,4.466492027662017,1729821353.3195791
9.536762469754734,95.36762469754734,4.485316686847057,1729821353.3296604
9.602823914051365,96.02823914051365,4.504179147090474,1729821353.3396711
9.66916255834993,96.6916255834993,4.52307910426785,1729821353.3495808
9.73577894809667,97.35778948096669,4.54201625087709,1729821353.3597233
9.802673624178315,98.02673624178314,4.560990276043405,1729821353.3696487
9.869847122872706,98.69847122872706,4.580000865524724,1729821353.379594
9.937299975799487,99.37299975799488,4.599047701717575,1729821353.3896122
10.0050327098709,100.050327098709,4.618130463663434,1729821353.3996508
10.073045847242675,100.73045847242675,4.6372488270554975,1729821353.4096568
10.141339905265031,101.4133990526503,4.656402464245959,1729821353.4196024
10.209915396433788,102.09915396433787,4.675591044253737,1729821353.4296145
10.278772828341594,102.78772828341594,4.694814232772636,1729821353.439648
10.34791270362929,103.47912703629291,4.7140716921800365,1729821353.449655
10.417335519937401,104.17335519937402,4.733363081545999,1729821353.459693
10.487041769857765,104.87041769857765,4.752688056642901,1729821353.4696007
10.55703194088532,105.57031940885321,4.772046269955499,1729821353.4795964
10.62730651537004,106.2730651537004,4.791437370691487,1729821353.4895995
10.697865970469032,106.97865970469032,4.810861004792553,1729821353.499617
10.768710778098798,107.68710778098799,4.830316814945906,1729821353.5096865
10.839841404887691,108.39841404887692,4.849804440596277,1729821353.519595
10.911258312128531,109.11258312128531,4.869323517958417,1729821353.5296636
10.982961955731428,109.82961955731427,4.888873680030082,1729821353.539597
11.054952786176795,110.54952786176796,4.908454556605527,1729821353.5495749
11.127231248468567,111.27231248468567,4.928065774289447,1729821353.559931
11.199797782087634,111.99797782087634,4.947706956511448,1729821353.5697296
11.272652820945494,112.72652820945494,4.967377723541013,1729821353.5795786
11.345796793338126,113.45796793338125,4.987077692502934,1729821353.58966
11.41923012190011,114.19230121900111,5.00680647739326,1729821353.5998175
11.49295322355897,114.9295322355897,5.026563689095758,1729821353.609643
11.566966509489784,115.66966509489785,5.0463489353988304,1729821353.6196308
11.641270385070035,116.41270385070035,5.066161821012978,1729821353.6296215
11.715865249834735,117.15865249834735,5.086001947588725,1729821353.6396604
11.790751497431813,117.90751497431813,5.105868913735076,1729821353.6496937
11.865929515577788,118.65929515577788,5.125762315038438,1729821353.659639
11.941399686013717,119.41399686013717,5.145681744082086,1729821353.6696122
12.017162384461447,120.17162384461446,5.165626790466094,1729821353.6795933
12.093217980580155,120.93217980580155,5.1855970408277905,1729821353.6896837
12.169566837923211,121.69566837923212,5.205592078862701,1729821353.6996474
12.246209313895335,122.46209313895335,5.225611485346002,1729821353.7099001
12.323145759710096,123.23145759710096,5.245654838154472,1729821353.7197058
12.400376520347724,124.00376520347723,5.265721712288949,1729821353.7296364
12.477901934513273,124.77901934513272,5.285811679897272,1729821353.7396147
12.555722334595117,125.55722334595117,5.305924310297753,1729821353.7495975
12.633838046623802,126.33838046623802,5.32605917000312,1729821353.759684
12.712249390231255,127.12249390231256,5.346215822744961,1729821353.769641
12.790956678610364,127.90956678610364,5.366393829498689,1729821353.7795475
12.86996021847492,128.6996021847492,5.386592748508992,1729821353.789568
12.949260310019955,129.49260310019955,5.406812135315743,1729821353.7997596
13.028857246882454,130.28857246882455,5.427051542780481,1729821353.8096023
13.108751316102467,131.08751316102467,5.447310521113311,1729821353.8195724
13.188942798084625,131.88942798084625,5.4675886179003275,1729821353.829566
13.269431966560067,132.69431966560066,5.487885378131535,1729821353.8396459
13.350219088548773,133.50219088548772,5.508200344229239,1729821353.8497956
13.431304424322336,134.31304424322337,5.528533056076933,1729821353.8597112
13.512688227367152,135.12688227367153,5.548883051048666,1729821353.8697226
13.594370744348051,135.94370744348052,5.569249864038891,1729821353.8796022
13.676352215072379,136.7635221507238,5.5896330274928,1729821353.8895895
13.758632872454525,137.58632872454524,5.6100320714371215,1729821353.899547
13.84121294248091,138.4121294248091,5.630446523511411,1729821353.9096885
13.924092644175436,139.24092644175437,5.650875908999799,1729821353.9196188
14.007272189565422,140.0727218956542,5.671319750863219,1729821353.9296627
14.090751783647997,140.90751783647997,5.691777569772091,1729821353.9396212
14.174531624357005,141.74531624357004,5.712248884139466,1729821353.9496758
14.258611902530381,142.58611902530382,5.732733210154654,1729821353.959649
14.342992801878037,143.42992801878037,5.753230061817286,1729821353.969646
14.427674498950255,144.27674498950256,5.773738950971833,1729821353.9796274
14.512657163106592,145.12657163106593,5.794259387342567,1729821353.9895508
14.597940956485301,145.979409564853,5.81479087856901,1729821353.9995167
14.683526033973278,146.83526033973277,5.835332930241753,1729821354.0095503
14.769412543176548,147.69412543176549,5.855885045938782,1729821354.0195916
14.855600624391284,148.55600624391283,5.876446727262204,1729821354.029592
14.942090410575373,149.42090410575372,5.897017473875401,1729821354.0395882
15.028882027320527,150.28882027320526,5.9175967835406205,1729821354.0498176
15.115975592824968,151.1597559282497,5.938184152156982,1729821354.059689
15.203371217866655,152.03371217866655,5.958779073798917,1729821354.0696447
15.291069005777096,152.91069005777098,5.979381040754978,1729821354.0796218
15.379069052415732,153.79069052415733,5.999989543567104,1729821354.0896857
15.467371446144897,154.67371446144898,6.020604071070252,1729821354.0996728
15.555976267805377,155.55976267805377,6.041224110432459,1729821354.1100578
15.644883590692546,156.44883590692547,6.061849147195254,1729821354.1196122
15.734093480533113,157.34093480533113,6.082478665314488,1729821354.1296194
15.823605995462474,158.23605995462475,6.103112147201541,1729821354.139559
15.913421186002662,159.13421186002662,6.123749073764886,1729821354.1495473
16.003539095040924,160.03539095040924,6.144388924452054,1729821354.159536
16.09395975780891,160.9395975780891,6.165031177291922,1729821354.169585
16.1846832018625,161.846832018625,6.1856753089374035,1729821354.1795971
16.27570944706225,162.75709447062252,6.2063207947084535,1729821354.1895587
16.367038505554476,163.67038505554476,6.226967108635446,1729821354.1997154
16.458670381752974,164.58670381752972,6.247613723502866,1729821354.2096732
16.550605072321414,165.50605072321414,6.268260110893362,1729821354.2197144
16.642842566156343,166.42842566156344,6.288905741232112,1729821354.229656
16.735382844370875,167.35382844370875,6.309550083831491,1729821354.2396247
16.828225880279025,168.28225880279024,6.330192606936093,1729821354.2497385
16.921371639380716,169.21371639380715,6.350832777768025,1729821354.2598474
17.014820079347448,170.14820079347447,6.371470062572511,1729821354.2696373
17.108571150008647,171.08571150008646,6.392103926663795,1729821354.279595
17.202624793338686,172.02624793338686,6.412733834471318,1729821354.2896883
17.29698094344459,172.96980943444592,6.4333592495861875,1729821354.2995784
17.391639526554428,173.91639526554428,6.453979634807904,1729821354.3096168
17.486600461006383,174.86600461006384,6.474594452191358,1729821354.3196917
17.581863657238536,175.81863657238534,6.4952031630940805,1729821354.3296294
17.677429017779325,176.77429017779326,6.515805228223744,1729821354.3397381
17.77329643723872,177.7329643723872,6.536400107685914,1729821354.3496268
17.8694658023001,178.69465802300098,6.556987261031992,1729821354.3596516
17.965936991712812,179.65936991712812,6.577566147307458,1729821354.3696156
18.06270987628549,180.62709876285487,6.598136225100241,1729821354.379585
18.159784318880032,181.5978431888003,6.618696952589376,1729821354.3896122
18.257160174406334,182.57160174406334,6.639247787593817,1729821354.3998742
18.35483728981772,183.5483728981772,6.659788187621448,1729821354.4095554
18.452815504107107,184.52815504107107,6.680317609918294,1729821354.4196265
18.551094648303888,185.51094648303888,6.700835511517898,1729821354.4295611
18.649674545471534,186.49674545471532,6.721341349290867,1729821354.4396324
18.74855501070594,187.4855501070594,6.741834579994562,1729821354.4497073
18.847735851134498,188.477358511345,6.7623146603229785,1729821354.4598029
18.947216865915898,189.47216865915897,6.782781046956709,1729821354.4696443
19.046997846240664,190.46997846240663,6.803233196613101,1729821354.479599
19.147078575332433,191.47078575332432,6.823670566096503,1729821354.4896865
19.247458828449965,192.47458828449965,6.844092612348616,1729821354.499624
19.34813837288991,193.4813837288991,6.86449879249899,1729821354.5097485
19.44911696799029,194.4911696799029,6.884888563915581,1729821354.5199192
19.550394365134746,195.50394365134747,6.905261384255423,1729821354.5297155
19.65197030775753,196.5197030775753,6.925616711515355,1729821354.5397577
19.753844531349213,197.53844531349213,6.945954004082845,1729821354.5496006
19.856016763463177,198.56016763463177,6.966272720786858,1729821354.5597348
19.958486723722835,199.58486723722837,6.986572320948763,1729821354.5697663
20.0612541238296,200.612541238296,7.006852264433331,1729821354.5795329
20.164318667571596,201.64318667571595,7.0271120116997,1729821354.5895643
20.267680050833132,202.67680050833133,7.04735102385243,1729821354.5998216
20.371337961604915,203.71337961604917,7.067568762692522,1729821354.609681
20.475292079995008,204.75292079995006,7.087764690768466,1729821354.6196206
20.57954207824055,205.7954207824055,7.107938271427283,1729821354.6295435
20.68408762072021,206.8408762072021,7.128088968865567,1729821354.6396928
20.788928363967397,207.88928363967398,7.148216248180459,1729821354.6495879
20.894063956684217,208.94063956684218,7.168319575420648,1729821354.6598525
20.99949403975618,209.99494039756178,7.188398417637288,1729821354.6695862
21.105218246267633,211.05218246267634,7.208452242934879,1729821354.679589
21.211236201517973,212.11236201517974,7.228480520522099,1729821354.6896212
21.31754752303858,213.1754752303858,7.248482720762535,1729821354.6995628
21.424151820610497,214.24151820610496,7.268458315225368,1729821354.7097156
21.53104869628285,215.3104869628285,7.28840677673595,1729821354.7197323
21.63823774439202,216.38237744392018,7.308327579426296,1729821354.7296846
21.745718551581543,217.45718551581544,7.3282201987854325,1729821354.7395735
21.853490696822757,218.53490696822757,7.3480841117096976,1729821354.749571
21.96155375143616,219.6155375143616,7.367918796552837,1729821354.7599819
22.069907279113533,220.69907279113534,7.387723733176017,1729821354.7696216
22.17855083594078,221.7855083594078,7.40749840299768,1729821354.779537
22.28748397042149,222.8748397042149,7.427242289043219,1729821354.7896044
22.39670622350124,223.9670622350124,7.446954875994535,1729821354.7999482
22.506217128592606,225.06217128592607,7.466635650239377,1729821354.8095076
22.61601621160091,226.1601621160091,7.486284099920525,1729821354.8196228
22.72610299095068,227.2610299095068,7.505899714984766,1729821354.8296235
22.83647697761281,228.36476977612813,7.525481987231691,1729821354.8396392
22.94713767513247,229.4713767513247,7.545030410362248,1729821354.849656
23.058084579657685,230.58084579657685,7.564544480027104,1729821354.8596458
23.169317179968637,231.69317179968635,7.584023693874773,1729821354.8696458
23.280834957507683,232.80834957507682,7.603467551599483,1729821354.8795924
23.392637386410037,233.92637386410036,7.622875554988839,1729821354.8896291
23.50472393353519,235.0472393353519,7.642247207971183,1729821354.899621
23.617094058498978,236.17094058498978,7.661582016662729,1729821354.909689
23.72974721370637,237.29747213706372,7.680879489414393,1729821354.9198267
23.84268284438493,238.42682844384933,7.700139136858368,1729821354.9296455
23.955900388618947,239.55900388618946,7.71936047195439,1729821354.9396298
24.06939927738424,240.69399277384238,7.7385430100357055,1729821354.949646
24.18317893458365,241.8317893458365,7.757686268854746,1729821354.9597182
24.297238777083194,242.97238777083194,7.776789768628465,1729821354.969822
24.41157821474885,244.11578214748852,7.795853032083361,1729821354.9796674
24.52619665048404,245.2619665048404,7.814875584500168,1729821354.9896016
24.641093480267724,246.41093480267725,7.8338569537582,1729821354.9996448
24.756268093193178,247.56268093193177,7.852796670379357,1729821355.0096035
24.871719871507374,248.71719871507372,7.871694267571742,1729821355.019568
24.98744819065102,249.8744819065102,7.890549281272959,1729821355.0295825
25.103452419299224,251.03452419299225,7.909361250192992,1729821355.0400062
25.21973191940278,252.19731919402778,7.9281297158567305,1729821355.0496664
25.33628604623006,253.3628604623006,7.946854222646088,1729821355.059627
25.45311414840955,254.5311414840955,7.965534317841753,1729821355.0696812
25.570215567972948,255.7021556797295,7.984169551664486,1729821355.079574
25.687589640398897,256.875896403989,8.002759477316049,1729821355.0895479
25.80523569465731,258.05235694657307,8.021303651019698,1729821355.099545
25.923153053254246,259.2315305325425,8.039801632060245,1729821355.1096747
26.041341032277426,260.41341032277427,8.05825298282369,1729821355.1196306
26.15979894144227,261.59798941442267,8.076657268836419,1729821355.12966
26.278526084138527,262.78526084138525,8.09501405880394,1729821355.139689
26.397521757477477,263.9752175747748,8.113322924649186,1729821355.149603
26.516785252339663,265.1678525233966,8.131583441550323,1729821355.159515
26.63631585342318,266.3631585342318,8.149795187978123,1729821355.1697426
26.75611283929252,267.5611283929252,8.167957745732854,1729821355.1796176
26.876175482427925,268.76175482427925,8.186070699980672,1729821355.1896775
26.996503049275294,269.96503049275293,8.204133639289553,1729821355.1996875
27.11709480029658,271.1709480029658,8.222146155664714,1729821355.209623
27.237949990020734,272.37949990020735,8.240107844583534,1729821355.2197657
27.359067867095117,273.59067867095115,8.25801830502999,1729821355.2296476
27.48044767433744,274.8044767433744,8.275877139528557,1729821355.2397838
27.60208864878818,276.0208864878818,8.293683954177613,1729821355.2496302
27.723990021763466,277.23990021763467,8.311438358682313,1729821355.259725
27.846151018908472,278.4615101890847,8.329139966386935,1729821355.2695868
27.96857086025125,279.68570860251253,8.3467883943067,1729821355.2795851
28.091248760257027,280.91248760257025,8.364383263159057,1729821355.289552
28.214183927882953,282.14183927882954,8.38192419739442,1729821355.2995849
28.337375566633302,283.373755666333,8.399410825226356,1729821355.3096862
28.460822874615094,284.6082287461509,8.416842778661236,1729821355.3197653
28.58452504459415,285.84525044594153,8.434219693527325,1729821355.329729
28.708481264051574,287.08481264051574,8.451541209503299,1729821355.3395896
28.832690715240616,288.3269071524062,8.468806970146217,1729821355.349595
28.95715257524398,289.5715257524398,8.486016622918921,1729821355.3601062
29.08186601603149,290.8186601603149,8.50316981921686,1729821355.369659
29.20683020451815,292.0683020451815,8.520266214394333,1729821355.3796797
29.332044302622588,293.32044302622586,8.537305467790175,1729821355.3897128
29.457507467325872,294.5750746732587,8.55428724275283,1729821355.39978
29.583218850730663,295.8321885073066,8.571211206664868,1729821355.4096003
29.709177600120746,297.09177600120745,8.588077030966904,1729821355.4196355
29.83538285802088,298.35382858020876,8.604884391180903,1729821355.4296095
29.961833762256994,299.6183376225699,8.62163296693293,1729821355.43968
30.08852944601671,300.88529446016713,8.63832244197527,1729821355.4497523
30.21546903791018,302.1546903791018,8.654952504207966,1729821355.459688
30.342651662031205,303.42651662031204,8.671522845699759,1729821355.4697602
30.4700764380187,304.700764380187,8.68803316270839,1729821355.479586
30.597742481118413,305.9774248111841,8.704483155700354,1729821355.4895725
30.725648902244924,307.2564890224492,8.720872529369984,1729821355.4996254
30.85379480804394,308.5379480804394,8.737200992657977,1729821355.5096703
30.98217930095483,309.8217930095483,8.753468258769264,1729821355.5196376
31.110801479273423,311.10801479273425,8.769674045190303,1729821355.5297232
31.239660437215043,312.3966043721504,8.785818073705746,1729821355.5397763
31.368755264977793,313.6875526497779,8.801900070414474,1729821355.5497189
31.498085048806047,314.98085048806047,8.817919765745039,1729821355.559682
31.627648871054177,316.2764887105418,8.833876894470475,1729821355.5696993
31.75744581025048,317.5744581025048,8.849771195722496,1729821355.5795329
31.8874749411613,318.87474941161304,8.86560241300508,1729821355.5895705
32.01773533485535,320.17735334855354,8.881370294207414,1729821355.5996609
32.14822605876821,321.4822605876821,8.897074591616258,1729821355.6096332
32.278946176766986,322.7894617676699,8.912715061927633,1729821355.619586
32.409894749215155,324.0989474921515,8.928291466257956,1729821355.6295726
32.54107083303754,325.41070833037537,8.943803570154499,1729821355.639669
32.67247348178545,326.72473481785454,8.95925114360526,1729821355.64955
32.804101745701956,328.04101745701956,8.974633961048212,1729821355.659748
32.93595467178726,329.3595467178726,8.989951801379924,1729821355.669832
33.0680313038642,330.680313038642,9.005204447963575,1729821355.6796017
33.20033068264392,332.00330682643926,9.020391688636343,1729821355.6895976
33.33285184579154,333.3285184579154,9.03551331571619,1729821355.6997023
33.46559382799196,334.6559382799196,9.05056912600803,1729821355.7097743
33.598555661015794,335.9855566101579,9.065558920809268,1729821355.7197073
33.731736373785296,337.31736373785293,9.080482505914752,1729821355.7296984
33.865134992440396,338.651349924404,9.095339691621108,1729821355.7395675
33.998750540404785,339.98750540404785,9.110130292730453,1729821355.7495432
34.13258203845204,341.3258203845204,9.124854128553523,1729821355.7596889
34.26662850477179,342.6662850477179,9.13951102291218,1729821355.7695384
34.40088895503589,344.0088895503589,9.154100804141331,1729821355.7795892
34.535362402464656,345.3536240246466,9.16862330509024,1729821355.789587
34.670047857893074,346.70047857893076,9.183078363123233,1729821355.7996209
34.80494432983703,348.0494432983703,9.197465820119838,1729821355.8095834
34.9400508245595,349.400508245595,9.2117855224743,1729821355.8196537
35.075366346136796,350.753663461368,9.226037321094523,1729821355.8297248
35.210889896524705,352.108898965247,9.24022107140043,1729821355.8397214
35.34662047562465,353.4662047562465,9.254336633321728,1729821355.8496535
35.48255708134977,354.8255708134977,9.268383871295097,1729821355.8596847
35.61869870969102,356.1869870969102,9.282362654260806,1729821355.8696687
35.75504435478311,357.5504435478311,9.296272855658756,1729821355.8795788
35.891593008970474,358.9159300897047,9.310114353423943,1729821355.8895736
36.028343662873105,360.28343662873107,9.323887029981364,1729821355.8996518
36.165295305452325,361.65295305452327,9.337590772240354,1729821355.9097705
36.30244692407647,363.0244692407647,9.351225471588378,1729821355.919636
36.43979750458647,364.3979750458647,9.364791023884242,1729821355.9296553
36.57734603136133,365.7734603136133,9.378287329450782,1729821355.9397643
36.715091487383454,367.15091487383455,9.39171429306698,1729821355.9496348
36.85303285430392,368.5303285430392,9.405071823959561,1729821355.9596527
36.991169112507556,369.91169112507555,9.418359835794032,1729821355.9699461
37.12949924117792,371.29499241177916,9.4315782466652,1729821355.9795723
37.2680222183621,372.68022218362097,9.444726979087152,1729821355.989555
37.406737021035376,374.0673702103538,9.45780595998272,1729821355.9996116
37.54564262516574,375.4564262516574,9.470815120672412,1729821356.0095096
37.68473800577821,376.84738005778206,9.483754396862846,1729821356.019665
37.82402213701897,378.2402213701897,9.496623728634654,1729821356.0297623
37.96349399221938,379.6349399221938,9.509423060429892,1729821356.0396671
38.103152543959695,381.031525439597,9.522152341038957,1729821356.0496502
38.24299676413269,382.4299676413269,9.534811523586983,1729821356.0596075
38.383025624007,383.83025624006996,9.54740056551978,1729821356.0699399
38.523238094290285,385.23238094290286,9.559919428589259,1729821356.0796828
38.663633145192186,386.6363314519219,9.572368078838398,1729821356.0896213
38.80420974648699,388.0420974648699,9.584746486585725,1729821356.0996437
38.94496686757615,389.4496686757615,9.597054626409331,1729821356.1097064
39.08590347755048,390.8590347755048,9.609292477130428,1729821356.1197631
39.227018545252164,392.2701854525217,9.621460021796436,1729821356.129695
39.368311039336476,393.68311039336476,9.63355724766364,1729821356.1396756
39.509779928333245,395.09779928333245,9.645584146179381,1729821356.1496177
39.65142418070807,396.5142418070807,9.657540712963817,1729821356.159552
39.79324276492324,397.9324276492324,9.669426947791246,1729821356.1695867
39.935234649498376,399.35234649498375,9.681242854571005,1729821356.179599
40.0773988030708,400.773988030708,9.692988441327943,1729821356.1896565
40.2197341944556,402.197341944556,9.704663720182484,1729821356.1996708
40.362239792705395,403.62239792705395,9.716268707330268,1729821356.2095754
40.50491456716982,405.04914567169817,9.72780342302141,1729821356.2197273
40.64775748755466,406.47757487554657,9.739267891539324,1729821356.2296853
40.79076752398069,407.9076752398069,9.750662141179205,1729821356.2396173
40.93394364704221,409.33943647042213,9.761986204226087,1729821356.2496152
41.07728482786523,410.7728482786523,9.773240116932529,1729821356.2603018
41.2207900381653,412.20790038165296,9.78442391949595,1729821356.2696218
41.36445825030508,413.64458250305074,9.795537656035567,1729821356.27962
41.50828843735147,415.0828843735147,9.806581374569005,1729821356.289564
41.65227957313247,416.52279573132466,9.81755512698852,1729821356.2995267
41.79643063229364,417.9643063229364,9.828458969036907,1729821356.3096662
41.940740590354224,419.4074059035422,9.839292960283046,1729821356.3198116
42.085208423762886,420.85208423762884,9.850057164097121,1729821356.329702
42.22983310995311,422.29833109953114,9.86075164762552,1729821356.3396244
42.37461362739822,423.7461362739822,9.871376481765395,1729821356.3496072
42.51954895566598,425.1954895566598,9.881931741138928,1729821356.359669
42.66463807547289,426.64638075472885,9.892417504067277,1729821356.369605
42.809879968737995,428.09879968737994,9.902833852544225,1729821356.3795855
42.95527361863643,429.5527361863643,9.913180872209535,1729821356.3895783
43.10081800965244,431.0081800965244,9.923458652322015,1729821356.3996518
43.246512127632094,432.46512127632093,9.933667285732305,1729821356.4096224
43.39235495983554,433.92354959835535,9.943806868855383,1729821356.419594
43.53834549498888,435.3834549498888,9.953877501642813,1729821356.4296274
43.68448272333566,436.8448272333566,9.963879287554722,1729821356.4396503
43.83076563668787,438.30765636687875,9.973812333531532,1729821356.4497006
43.97719322847659,439.77193228476585,9.983676749965428,1729821356.459827
44.12376449380219,441.2376449380219,9.993472650671604,1729821356.469647
44.270478429484136,442.7047842948414,10.003200152859264,1729821356.4795816
44.41733403411028,444.17334034110286,10.012859377102387,1729821356.489603
44.56433030808585,445.6433030808585,10.022450447310291,1729821356.4996016
44.71146625368187,447.1146625368187,10.03197349069796,1729821356.5096745
44.85874087508325,448.5874087508325,10.041428637756173,1729821356.519695
45.006153178436364,450.06153178436364,10.050816022221436,1729821356.52975
45.15370217189623,451.53702171896225,10.06013578104571,1729821356.5396397
45.301386865673194,453.0138686567319,10.069388054365945,1729821356.5496294
45.44920627207924,454.4920627207924,10.07857298547345,1729821356.5598676
45.59715940557375,455.97159405573746,10.087690720783066,1729821356.5698307
45.745245282808895,457.45245282808895,10.096741409802185,1729821356.5796566
45.89346292267453,458.9346292267453,10.1057252050996,1729821356.5896695
46.04181134634263,460.41811346342627,10.114642262274193,1729821356.599654
46.19028957731126,461.9028957731126,10.123492739923485,1729821356.6096203
46.33889664144813,463.3889664144813,10.132276799612026,1729821356.6195977
46.487631567033596,464.87631567033594,10.14099460583966,1729821356.6296651
46.63649338480328,466.3649338480328,10.149646326009659,1729821356.6396458
46.78548112799017,467.8548112799017,10.158232130396714,1729821356.6496284
46.93459383236626,469.3459383236626,10.166752192114831,1729821356.6597767
47.083830536283735,470.83830536283733,10.175206687085101,1729821356.6696653
47.23319028071565,472.33190280715644,10.183595794003356,1729821356.6795628
47.38267210929615,473.8267210929615,10.19191969430774,1729821356.6896436
47.53227506836025,475.3227506836025,10.200178572146182,1729821356.6996064
47.681998206983046,476.8199820698305,10.208372614343766,1729821356.7098348
47.83184057701854,478.3184057701854,10.216502010370036,1729821356.7196207
47.98180123313793,479.8180123313793,10.224566952306212,1729821356.7296574
48.13187923286743,481.31879232867436,10.232567634812346,1729821356.7396417
48.282073636625626,482.82073636625626,10.2405042550944,1729821356.7495778
48.432383507760306,484.32383507760306,10.248377012871275,1729821356.75976
48.582807912584855,485.82807912584855,10.256186110341778,1729821356.769577
48.73334592041414,487.3334592041414,10.26393175215155,1729821356.779674
48.88399660359989,488.8399660359989,10.271614145359948,1729821356.7895684
49.03475903756564,490.3475903756564,10.27923349940688,1729821356.7999196
49.18563230084114,491.85632300841144,10.286790026079629,1729821356.8096087
49.33661547509631,493.3661547509631,10.294283939479632,1729821356.8196232
49.487707645174666,494.8770764517467,10.301715455989251,1729821356.8296
49.63890789912632,496.3890789912632,10.309084794238522,1729821356.8396468
49.79021532824045,497.90215328240447,10.316392175071895,1729821356.849722
49.94162902707726,499.4162902707726,10.323637821514978,1729821356.8597426
50.09314809349953,500.9314809349953,10.330821958741266,1729821356.8696938
50.244771628703596,502.447716287036,10.33794481403889,1729821356.8796358
50.396498737249885,503.96498737249885,10.345006616777368,1729821356.8895826
50.54832852709296,505.4832852709296,10.352007598374382,1729821356.8996012
50.70026010961108,507.00260109611077,10.358947992262559,1729821356.9097095
50.85229259963524,508.5229259963524,10.365828033856296,1729821356.9196393
51.00442511547778,510.0442511547778,10.372647960518602,1729821356.9296823
51.15665677896046,511.5665677896046,10.379408011527984,1729821356.9395914
51.308986715442074,513.0898671544207,10.386108428045366,1729821356.9496775
51.46141405384558,514.6141405384558,10.392749453081064,1729821356.9597309
51.61393792668473,516.1393792668473,10.399331331461791,1729821356.969582
51.76655747009024,517.6655747009024,10.405854309797736,1729821356.9795732
51.91927182383546,519.1927182383546,10.412318636449687,1729821356.9895585
52.07208013136155,520.7208013136155,10.418724561496228,1729821357.0000482
52.22498153980224,522.2498153980224,10.425072336700989,1729821357.0097163
52.377975200008024,523.7797520000802,10.43136221547998,1729821357.019543
52.53106026656992,525.3106026656992,10.437594452868998,1729821357.0295718
52.68423589784276,526.8423589784276,10.4437693054911,1729821357.0397098
52.837501255968014,528.3750125596802,10.449887031524185,1729821357.049697
52.99085550689608,529.9085550689608,10.455947890668634,1729821357.0597105
53.14429782040818,531.4429782040818,10.461952144115065,1729821357.0696993
53.29782737013769,532.9782737013769,10.467900054512176,1729821357.079552
53.45144333359113,534.5144333359112,10.47379188593468,1729821357.089568
53.605144892168546,536.0514489216855,10.479627903851348,1729821357.0995483
53.758931231183524,537.5893123118352,10.485408375093163,1729821357.1096692
53.91280153988269,539.128015398827,10.491133567821583,1729821357.1196616
54.06675501146477,540.6675501146477,10.4968037514969,1729821357.1296384
54.22079084309917,542.2079084309917,10.50241919684675,1729821357.139628
54.37490823594408,543.7490823594409,10.507980175834707,1729821357.1496217
54.529106395164206,545.2910639516421,10.513486961629031,1729821357.1597025
54.683384529947915,546.8338452994792,10.518939828571517,1729821357.1696255
54.83774185352403,548.3774185352403,10.524339052146498,1729821357.1796224
54.992177583178126,549.9217758317812,10.529684908949967,1729821357.1896107
55.14669094026838,551.4669094026838,10.534977676658832,1729821357.1998713
55.30128115024097,553.0128115024097,10.540217634000328,1729821357.2095923
55.455947442645055,554.5594744264506,10.54540506072155,1729821357.2196608
55.61068905114726,556.1068905114726,10.550540237559145,1729821357.2297008
55.76550521354578,557.6550521354578,10.555623446209157,1729821357.2396507
55.920395171783966,559.2039517178397,10.560654969297,1729821357.2497163
56.075358171963565,560.7535817196357,10.565635090347602,1729821357.2596462
56.230393464357455,562.3039346435745,10.570564093755706,1729821357.2696743
56.385500303421956,563.8550030342195,10.575442264756326,1729821357.2795975
56.54067794780875,565.4067794780875,10.58026988939535,1729821357.2895706
56.69592566037633,566.9592566037634,10.585047254500331,1729821357.2996244
56.85124270820104,568.5124270820104,10.58977464765143,1729821357.3097155
57.00662836258769,570.0662836258768,10.594452357152516,1729821357.3198435
57.16208189907975,571.6208189907975,10.599080672002465,1729821357.3296607
57.317602597469126,573.1760259746912,10.603659881866605,1729821357.3397112
57.47318974180551,574.7318974180552,10.608190277048342,1729821357.3496046
57.628842620405344,576.2884262040534,10.61267214846097,1729821357.360066
57.78456052586033,577.8456052586033,10.617105787599654,1729821357.3698208
57.94034275504558,579.4034275504557,10.62149148651359,1729821357.379587
58.09618860912731,580.9618860912731,10.625829537778353,1729821357.3895462
58.25209739357019,582.5209739357019,10.630120234468421,1729821357.3996916
58.408068418144225,584.0806841814423,10.634363870129897,1729821357.4095824
58.5641009969313,585.641009969313,10.638560738753402,1729821357.419582
58.7201944483313,587.201944483313,10.642711134747167,1729821357.4295645
58.876348095067826,588.7634809506783,10.646815352910316,1729821357.4397447
59.032561264193575,590.3256126419358,10.650873688406335,1729821357.449883
59.188833287095264,591.8883328709526,10.654886436736737,1729821357.4598534
59.34516349949821,593.4516349949821,10.658853893714916,1729821357.4697058
59.50155124147055,595.0155124147055,10.66277635544021,1729821357.4796042
59.65799585742701,596.5799585742701,10.666654118272145,1729821357.4896176
59.8144966961324,598.144966961324,10.670487478804887,1729821357.4996188
59.97105311070464,599.7105311070463,10.67427673384189,1729821357.5095975
60.12766445861748,601.2766445861748,10.678022180370741,1729821357.5196488
60.28433010170284,602.8433010170285,10.68172411553822,1729821357.529655
60.44104940615278,604.4104940615277,10.685382836625537,1729821357.539603
60.597821742521084,605.9782174252108,10.688998641023796,1729821357.5496778
60.75464648572456,607.5464648572456,10.692571826209655,1729821357.5597897
60.91152301504389,609.115230150439,10.69610268972118,1729821357.5699272
61.06845071412424,610.6845071412424,10.699591529133926,1729821357.5796146
61.22542897097541,612.2542897097541,10.7030386420372,1729821357.5895793
61.38245717797171,613.8245717797171,10.70644432601055,1729821357.5997968
61.539534731851475,615.3953473185147,10.709808878600452,1729821357.609601
61.69666103371625,616.9666103371626,10.713132597297207,1729821357.6196804
61.85383548902962,618.5383548902962,10.716415779512042,1729821357.6296234
62.01105750761571,620.1105750761571,10.71965872255443,1729821357.6397111
62.168326503657376,621.6832650365737,10.722861723609606,1729821357.6496582
62.32564189569405,623.2564189569405,10.726025079716308,1729821357.659769
62.48300310661927,624.8300310661928,10.72914908774471,1729821357.6696568
62.6404095636779,626.404095636779,10.73223404437458,1729821357.6796882
62.79786069846299,627.9786069846299,10.735280246073641,1729821357.689634
62.95535594691238,629.5535594691238,10.738287989076142,1729821357.699678
63.112894749304935,631.1289474930494,10.741257569361641,1729821357.7098281
63.27047655025655,632.7047655025655,10.744189282634007,1729821357.7196126
63.42810079871574,634.2810079871574,10.747083424300614,1729821357.729717
63.585766947959044,635.8576694795904,10.749940289451759,1729821357.739694
63.74347445558604,637.4347445558603,10.752760172840292,1729821357.7495878
63.90122278351412,639.0122278351412,10.755543368861446,1729821357.759639
64.05901139797294,640.5901139797294,10.758290171532888,1729821357.769614
64.2168397694986,642.1683976949861,10.761000874474975,1729821357.7796137
64.37470737292753,643.7470737292754,10.763675770891219,1729821357.78965
64.53261368739008,645.3261368739009,10.766315153548959,1729821357.7996414
64.69055819630388,646.9055819630388,10.768919314760257,1729821357.8096154
64.84854038736682,648.4854038736682,10.771488546362985,1729821357.819544
65.00655975254989,650.0655975254989,10.774023139702127,1729821357.8296213
65.16461578808963,651.6461578808963,10.776523385611295,1729821357.8395894
65.32270799448041,653.2270799448041,10.778989574394444,1729821357.8497431
65.48083587646633,654.8083587646634,10.781421995807804,1729821357.8596444
65.63899894303297,656.3899894303297,10.78382093904201,1729821357.8697224
65.79719670739887,657.9719670739887,10.78618669270444,1729821357.8796287
65.95542868700662,659.5542868700661,10.788519544801767,1729821357.8896291
66.11369440351388,661.1369440351388,10.7908197827227,1729821357.8995848
66.27199338278403,662.7199338278404,10.793087693220949,1729821357.9096613
66.43032515487666,664.3032515487665,10.79532356239838,1729821357.9196057
66.58868925403767,665.8868925403767,10.797527675688375,1729821357.929738
66.74708521868934,667.4708521868934,10.799700317839402,1729821357.9397078
66.9055125914199,669.055125914199,10.80184177289878,1729821357.9495504
67.0639709189732,670.639709189732,10.803952324196635,1729821357.9598289
67.22245975223778,672.2245975223778,10.806032254330088,1729821357.9696755
67.380978646236,673.8097864623601,10.808081845147608,1729821357.979622
67.53952716011281,675.3952716011281,10.810101377733579,1729821357.9896083
67.69810485712428,676.9810485712428,10.812091132393064,1729821357.9995718
67.856711304626,678.56711304626,10.814051388636763,1729821358.0095954
68.01534607406118,680.1534607406119,10.81598242516617,1729821358.01982
68.1740087409486,681.7400874094859,10.817884519858925,1729821358.029572
68.33269888487025,683.3269888487025,10.819757949754345,1729821358.0397172
68.49141608945892,684.9141608945893,10.82160299103918,1729821358.0496776
68.65015994238541,686.5015994238541,10.82341991903352,1729821358.0596902
68.80893003534564,688.0893003534563,10.82520900817693,1729821358.0699356
68.96772596404755,689.6772596404754,10.826970532014748,1729821358.079634
69.12654732819774,691.2654732819774,10.828704763184586,1729821358.0895982
69.28539373148806,692.8539373148806,10.830411973403013,1729821358.0996141
69.44426478158178,694.4426478158177,10.832092433452424,1729821358.1096606
69.60316009009979,696.0316009009979,10.833746413168098,1729821358.119735
69.7620792726065,697.620792726065,10.835374181425433,1729821358.129641
69.92102194859557,699.2102194859557,10.836976006127374,1729821358.1396608
70.07998774147545,700.7998774147545,10.83855215419201,1729821358.1495874
70.2389762785548,702.389762785548,10.840102891540363,1729821358.1596823
70.39798719102765,703.9798719102765,10.84162848308435,1729821358.1696136
70.55702011395844,705.5702011395845,10.84312919271492,1729821358.1795485
70.71607468626688,707.1607468626688,10.844605283290377,1729821358.1896276
70.8751505507126,708.751505507126,10.846057016624874,1729821358.1997292
71.03424735387975,710.3424735387975,10.847484653477068,1729821358.2096007
71.19336474616127,711.9336474616126,10.848888453538974,1729821358.2195551
71.35250238174312,713.5250238174312,10.85026867542497,1729821358.2296736
71.51165991858834,715.1165991858834,10.85162557666098,1729821358.2399743
71.67083701842087,716.7083701842087,10.85295941367382,1729821358.249721
71.83003334670933,718.3003334670933,10.854270441780718,1729821358.259639
71.98924857265058,719.8924857265058,10.855558915178998,1729821358.269594
72.14848236915314,721.4848236915315,10.856825086935928,1729821358.2795756
72.30773441282047,723.0773441282047,10.858069208978732,1729821358.289574
72.4670043839341,724.6700438393409,10.85929153208476,1729821358.2995539
72.62629196643663,726.2629196643662,10.860492305871825,1729821358.3096557
72.78559684791459,727.8559684791459,10.861671778788697,1729821358.3195956
72.94491871958115,729.4491871958115,10.862830198105751,1729821358.3304696
73.10425727625869,731.0425727625869,10.863967809905773,1729821358.3395786
73.26361221636128,732.6361221636128,10.865084859074928,1729821358.3496196
73.42298324187698,734.2298324187698,10.866181589293866,1729821358.35963
73.58237005835001,735.8237005835001,10.867258243028996,1729821358.3695323
73.74177237486286,737.4177237486286,10.868315061523901,1729821358.3796039
73.90118990401821,739.0118990401821,10.869352284790907,1729821358.3895905
74.06062236192072,740.6062236192072,10.870370151602792,1729821358.3998039
74.2200694681588,742.200694681588,10.871368899484652,1729821358.4096773
74.37953094578612,743.7953094578611,10.872348764705905,1729821358.4196205
74.53900652130311,745.3900652130311,10.873309982272435,1729821358.429593
74.69849592463835,746.9849592463835,10.874252785918886,1729821358.439719
74.85799888912975,748.5799888912975,10.875177408101095,1729821358.449579
75.01751515150572,750.1751515150572,10.87608407998865,1729821358.4596155
75.1770444518662,751.770444518662,10.87697303145761,1729821358.469558
75.33658653366356,753.3658653366356,10.877844491083334,1729821358.479733
75.49614114368347,754.9614114368347,10.878698686133472,1729821358.4896398
75.65570803202556,756.5570803202556,10.879535842561056,1729821358.4996166
75.81528695208407,758.1528695208407,10.880356184997757,1729821358.5097382
75.97487766052835,759.7487766052835,10.881159936747245,1729821358.5196068
76.13447991728334,761.3447991728334,10.881947319778691,1729821358.5296724
76.29409348550986,762.9409348550986,10.882718554720395,1729821358.5395954
76.45371813158484,764.5371813158483,10.88347386085353,1729821358.5496032
76.6133536250815,766.133536250815,10.884213456106023,1729821358.5596373
76.77299973874943,767.7299973874943,10.884937557046548,1729821358.569592
76.93265624849454,769.3265624849454,10.885646378878647,1729821358.5795314
77.09232293335893,770.9232293335892,10.886340135434967,1729821358.5896618
77.25199957550075,772.5199957550075,10.887019039171609,1729821358.5996745
77.41168596017391,774.1168596017392,10.887683301162609,1729821358.6095731
77.57138187570774,775.7138187570774,10.888333131094521,1729821358.6195693
77.73108711348654,777.3108711348654,10.888968737261113,1729821358.6296034
77.89080146792907,778.9080146792907,10.889590326558185,1729821358.6397142
78.05052473646802,780.5052473646801,10.89019810447849,1729821358.6496387
78.21025671952933,782.1025671952932,10.890792275106763,1729821358.6597269
78.36999722051145,783.6999722051145,10.891373041114864,1729821358.6696334
78.52974604576457,785.2974604576457,10.891940603757023,1729821358.6796231
78.68950300456976,786.8950300456976,10.892495162865186,1729821358.689682
78.84926790911804,788.4926790911804,10.893036916844476,1729821358.6997325
79.00904057448939,790.0904057448939,10.893566062668743,1729821358.7098417
79.16882081863167,791.6882081863167,10.894082795876221,1729821358.719614
79.32860846233955,793.2860846233955,10.894587310565282,1729821358.7296822
79.48840332923326,794.8840332923327,10.89507979939029,1729821358.73969
79.64820524573746,796.4820524573746,10.895560453557549,1729821358.7496347
79.80801404105982,798.0801404105982,10.896029462821344,1729821358.759671
79.96782954716976,799.6782954716975,10.896487015480082,1729821358.7696307
80.12765159877699,801.2765159877699,10.896933298372513,1729821358.7795835
80.28748003331009,802.8748003331009,10.897368496874051,1729821358.7895856
80.44731469089496,804.4731469089495,10.89779279489319,1729821358.7995977
80.60715541433323,806.0715541433324,10.898206374867986,1729821358.8095996
80.76700204908073,807.6700204908072,10.898609417762646,1729821358.8195624
80.92685444322574,809.2685444322574,10.8990021030642,1729821358.8296564
81.08671244746732,810.8671244746732,10.899384608779235,1729821358.8397062
81.24657591509354,812.4657591509355,10.899757111430747,1729821358.8496025
81.40644470195967,814.0644470195967,10.900119786055036,1729821358.859643
81.56631866646634,815.6631866646635,10.900472806198716,1729821358.8696525
81.72619766953765,817.2619766953766,10.900816343915771,1729821358.8796062
81.88608157459922,818.8608157459921,10.901150569764717,1729821358.8896027
82.04597024755623,820.4597024755623,10.901475652805809,1729821358.8995764
82.20586355677139,822.058635567714,10.901791760598353,1729821358.909924
82.36576137304293,823.6576137304293,10.902099059198077,1729821358.9196494
82.52566356958245,825.2566356958245,10.90239771315456,1729821358.929649
82.68557002199285,826.8557002199284,10.902687885508756,1729821358.9395814
82.84548060824609,828.4548060824609,10.902969737790578,1729821358.9495423
83.00539520866111,830.0539520866112,10.903243430016534,1729821358.9596512
83.1653137058815,831.653137058815,10.903509120687465,1729821358.9696918
83.32523598485326,833.2523598485327,10.903766966786304,1729821358.9796572
83.48516193280255,834.8516193280255,10.90401712377594,1729821358.9896882
83.6450914392133,836.450914392133,10.904259745597116,1729821358.9996052
83.8050243958049,838.0502439580491,10.904494984666407,1729821359.0095448
83.96496069650983,839.6496069650983,10.904722991874245,1729821359.0197892
84.12490023745119,841.2490023745119,10.904943916583013,1729821359.0296388
84.28484291692028,842.8484291692029,10.9051579066252,1729821359.0396955
84.44478863535421,844.4478863535421,10.905365108301591,1729821359.0497081
84.6047372953133,846.0473729531329,10.905565666379545,1729821359.060006
84.76468880145863,847.6468880145864,10.905759724091297,1729821359.0696597
84.92464306052949,849.2464306052949,10.905947423132341,1729821359.0796554
85.08459998132079,850.845999813208,10.906128903659846,1729821359.089573
85.24455947466053,852.4455947466054,10.906304304291126,1729821359.0995772
85.40452145338716,854.0452145338716,10.906473762102166,1729821359.109663
85.56448583232692,855.6448583232692,10.906637412626202,1729821359.1195982
85.72445252827127,857.2445252827127,10.906795389852329,1729821359.1296709
85.88442145995415,858.8442145995416,10.906947826224176,1729821359.1396487
86.04439254802935,860.4439254802935,10.907094852638624,1729821359.1496098
86.20436571504776,862.0436571504775,10.907236598444548,1729821359.1597128
86.36434088543467,863.6434088543467,10.907373191441643,1729821359.1696692
86.52431798546706,865.2431798546706,10.907504757879241,1729821359.1796253
86.68429694325079,866.8429694325079,10.907631422455221,1729821359.1897268
86.84427768869784,868.4427768869784,10.907753308314925,1729821359.1997383
87.0042601535036,870.0426015350359,10.907870537050124,1729821359.2097049
87.16424427112393,871.6424427112394,10.907983228698027,1729821359.219713
87.3242299767525,873.2422997675251,10.908091501740325,1729821359.2297475
87.48421720729786,874.8421720729787,10.908195473102268,1729821359.2396977
87.64420590136059,876.4420590136059,10.908295258151778,1729821359.2496614
87.80419599921053,878.0419599921054,10.908390970698612,1729821359.2597983
87.96418744276386,879.6418744276386,10.908482722993535,1729821359.2697034
88.12418017556021,881.2418017556022,10.908570625727537,1729821359.2796514
88.28417414273983,882.8417414273983,10.908654788031095,1729821359.2895775
88.44416929102061,884.4416929102061,10.908735317473441,1729821359.2995555
88.60416556867527,886.0416556867527,10.908812320061886,1729821359.3096232
88.76416292550833,887.6416292550833,10.908885900241145,1729821359.3195455
88.92416131283329,889.2416131283329,10.908956160892725,1729821359.329654
89.08416068344964,890.8416068344964,10.90902320333431,1729821359.339687
89.24416099161989,892.4416099161989,10.909087127319193,1729821359.349631
89.40416219304669,894.0416219304668,10.909148031035718,1729821359.3597047
89.56416424484979,895.6416424484979,10.909206011106768,1729821359.3696332
89.72416710554315,897.2416710554314,10.909261162589258,1729821359.3795962
89.88417073501188,898.8417073501188,10.909313578973661,1729821359.3896067
90.04417509448935,900.4417509448934,10.909363352183554,1729821359.3996944
90.20418014653414,902.0418014653415,10.909410572575197,1729821359.4095948
90.36418585500707,903.6418585500707,10.90945532893711,1729821359.4196398
90.52419218504816,905.2419218504816,10.9094977084897,1729821359.4296088
90.68419910305374,906.8419910305374,10.909537796884884,1729821359.4395988
90.84420657665328,908.4420657665328,10.90957567820574,1729821359.4496005
91.0042145746865,910.042145746865,10.90961143496619,1729821359.4598408
91.1642230671803,911.642230671803,10.90964514811067,1729821359.4696162
91.32423202532574,913.2423202532574,10.909676897013854,1729821359.4796383
91.48424142145501,914.8424142145501,10.909706759480363,1729821359.4895985
91.64425122901842,916.4425122901843,10.909734811744514,1729821359.499664
91.80426142256135,918.0426142256135,10.90976112847006,1729821359.5096486
91.96427197770122,919.6427197770122,10.909785782749983,1729821359.5196185
92.1242828711044,921.242828711044,10.909808846106248,1729821359.5296574
92.28429408046325,922.8429408046326,10.90983038848962,1729821359.5396826
92.44430558447304,924.4430558447305,10.909850478279472,1729821359.5495517
92.60431736280884,926.0431736280884,10.909869182283593,1729821359.559915
92.76432939610255,927.6432939610255,10.909886565738041,1729821359.5697117
92.92434166591981,929.2434166591981,10.909902692306977,1729821359.5796208
93.08435415473694,930.8435415473695,10.909917624082519,1729821359.5896003
93.2443668459179,932.443668459179,10.909931421584618,1729821359.5997045
93.40437972369119,934.0437972369119,10.909944143760931,1729821359.6095421
93.56439277312685,935.6439277312686,10.909955847986703,1729821359.619601
93.72440598011336,937.2440598011336,10.909966590064663,1729821359.6295831
93.88441933133454,938.8441933133454,10.90997642422493,1729821359.6395695
94.04443281424655,940.4443281424655,10.909985403124917,1729821359.6496658
94.2044464170548,942.0444641705479,10.909993577849264,1729821359.6596694
94.36446012869084,943.6446012869084,10.910000997909743,1729821359.66985
94.52447393878936,945.2447393878936,10.910007711245203,1729821359.6797416
94.68448783766506,946.8448783766506,10.91001376422151,1729821359.6896608
94.84450181628962,948.4450181628962,10.91001920163148,1729821359.6996021
95.00451586626862,950.0451586626862,10.91002406669484,1729821359.7097144
95.16452997981843,951.6452997981843,10.91002840105817,1729821359.7201118
95.32454414974316,953.2454414974316,10.91003224479488,1729821359.7296405
95.48455836941163,954.8455836941163,10.910035636405155,1729821359.7397108
95.64457263273422,956.4457263273423,10.910038612815933,1729821359.7496905
95.80458693413985,958.0458693413984,10.910041209380875,1729821359.7597215
95.96460126855287,959.6460126855287,10.910043459880338,1729821359.7696257
96.12461563137003,961.2461563137003,10.910045396521356,1729821359.7797
96.28463001843735,962.8463001843736,10.910047049937619,1729821359.789587
96.44464442602708,964.4464442602708,10.910048449189457,1729821359.799655
96.6046588508146,966.046588508146,10.910049621763823,1729821359.8095784
96.76467328985538,967.6467328985539,10.910050593574287,1729821359.8195584
96.92468774056185,969.2468774056185,10.910051388961021,1729821359.8296947
97.08470220068038,970.8470220068039,10.910052030690792,1729821359.8397532
97.24471666826817,972.4471666826817,10.91005253995696,1729821359.849658
97.40473114167017,974.0473114167016,10.910052936379458,1729821359.859655
97.56474561949601,975.6474561949601,10.91005323800481,1729821359.8696566
97.72476010059695,977.2476010059695,10.910053461306104,1729821359.8795788
97.88477458404276,978.8477458404276,10.910053621183007,1729821359.8896677
98.04478906909866,980.4478906909866,10.910053730961755,1729821359.8995821
98.20480355520225,982.0480355520225,10.910053802395149,1729821359.909592
98.36481804194042,983.6481804194043,10.910053845662564,1729821359.9197276
98.52483252902631,985.2483252902631,10.910053869369937,1729821359.9297278
98.68484701627617,986.8484701627617,10.910053880549773,1729821359.9395714
98.84486150358633,988.4486150358633,10.910053884661146,1729821359.949523
99.00487599091011,990.0487599091011,10.910053885589694,1729821359.9597015
99.16489047823474,991.6489047823474,10.91005388564762,1729821359.9696033
99.32490496555829,993.2490496555829,10.910053885573697,1729821359.9796422
99.48491945286658,994.8491945286657,10.91005388453326,1729821359.9896412
99.6449339401101,996.449339401101,10.910053880118216,1729821359.9995337
99.80494842718099,998.0494842718099,10.91005386834703,1729821360.0095665
99.96496291388986,999.6496291388986,10.910053843664741,1729821360.019619
100.12497739994282,1001.2497739994283,10.91005379894295,1729821360.0296519
100.28499188491831,1002.8499188491832,10.910053725479827,1729821360.0395868
100.44500636824411,1004.450063682441,10.910053613000107,1729821360.04972
100.60502084917417,1006.0502084917416,10.910053449655095,1729821360.0599432
100.76503532676561,1007.6503532676561,10.91005322202266,1729821360.0696054
100.92504979985561,1009.2504979985562,10.910052915107242,1729821360.079634
101.08506426703835,1010.8506426703834,10.910052512339856,1729821360.0896337
101.24507872664189,1012.450787266419,10.910051995578083,1729821360.099586
101.40509317670517,1014.0509317670517,10.910051345106089,1729821360.1095927
101.56510761495483,1015.6510761495483,10.910050539634614,1729821360.1197984
101.72512203878223,1017.2512203878223,10.910049556300983,1729821360.1296031
101.88513644522033,1018.8513644522033,10.910048370669116,1729821360.1396444
102.04515083092059,1020.4515083092059,10.91004695672953,1729821360.1497457
102.20516519212995,1022.0516519212995,10.91004528689935,1729821360.1599085
102.36517952466772,1023.6517952466772,10.91004333202232,1729821360.169606
102.5251938239025,1025.251938239025,10.910041061368815,1729821360.179605
102.68520808472911,1026.852080847291,10.910038442635857,1729821360.1895604
102.84522230154552,1028.4522230154553,10.91003544194713,1729821360.1999297
103.00523646822977,1030.0523646822976,10.910032023853008,1729821360.2096944
103.16525057811688,1031.6525057811689,10.910028151330566,1729821360.219566
103.32526462397584,1033.2526462397584,10.91002378578362,1729821360.2296019
103.48527859798644,1034.8527859798644,10.910018887042746,1729821360.23974
103.64529249171625,1036.4529249171624,10.910013413365318,1729821360.2498093
103.80530629609754,1038.0530629609755,10.91000732143555,1729821360.2596612
103.96532000140424,1039.6532000140423,10.910000566364536,1729821360.2697697
104.1253335972288,1041.253335972288,10.90999310169029,1729821360.2796385
104.28534707245917,1042.8534707245917,10.909984879377816,1729821360.2897267
104.44536041525572,1044.453604152557,10.90997584981915,1729821360.299725
104.60537361302815,1046.0537361302815,10.909965961833432,1729821360.3097322
104.76538665241243,1047.6538665241244,10.909955162666977,1729821360.3195539
104.92539951924778,1049.2539951924778,10.909943397993352,1729821360.3302326
105.08541219855353,1050.8541219855354,10.909930611913461,1729821360.3395662
105.2454246745061,1052.454246745061,10.909916746955634,1729821360.3496366
105.40543693041593,1054.0543693041593,10.909901744075734,1729821360.3597195
105.56544894870443,1055.6544894870442,10.909885542657262,1729821360.369687
105.72546071088087,1057.2546071088086,10.909868080511478,1729821360.3796253
105.88547219751938,1058.8547219751938,10.909849293877524,1729821360.3896377
106.04548338823588,1060.4548338823588,10.90982911742257,1729821360.39975
106.20549426166501,1062.0549426166501,10.90980748424195,1729821360.4095294
106.36550479543709,1063.655047954371,10.909784325859338,1729821360.4196055
106.52551496615507,1065.2551496615506,10.909759572226903,1729821360.4296422
106.68552474937148,1066.8552474937148,10.909733151725503,1729821360.439726
106.8455341195654,1068.455341195654,10.909704991164872,1729821360.4497476
107.0055430501194,1070.055430501194,10.909675015783844,1729821360.4596255
107.1655515132965,1071.655515132965,10.909643149250556,1729821360.4695976
107.32555948021721,1073.255594802172,10.909609313662699,1729821360.479543
107.48556692083636,1074.8556692083637,10.90957342954777,1729821360.489589
107.6455738039202,1076.455738039202,10.909535415863333,1729821360.4995658
107.80558009702334,1078.0558009702333,10.909495189997312,1729821360.5098445
107.9655857664657,1079.6558576646569,10.909452667768285,1729821360.519577
108.12559077730953,1081.2559077730953,10.90940776342581,1729821360.5296779
108.28559509333641,1082.855950933364,10.909360389650756,1729821360.53971
108.44559867702424,1084.4559867702424,10.909310457555664,1729821360.5496824
108.60560148952422,1086.0560148952422,10.909257876685125,1729821360.5596635
108.76560349063787,1087.6560349063786,10.909202555016167,1729821360.5695934
108.92560463879408,1089.2560463879408,10.909144398958682,1729821360.579626
109.08560489102608,1090.8560489102608,10.909083313355868,1729821360.5895755
109.2456042029485,1092.456042029485,10.90901920148468,1729821360.5997736
109.40560252873439,1094.0560252873438,10.908951965056321,1729821360.609673
109.56559982109229,1095.655998210923,10.90888150421676,1729821360.619796
109.72559603124324,1097.2559603124323,10.908807717547248,1729821360.6297064
109.88559110889788,1098.855911088979,10.908730502064902,1729821360.6396654
110.04558500223348,1100.4558500223347,10.90864975322327,1729821360.6495962
110.20557765787105,1102.0557765787105,10.908565364912958,1729821360.6597805
110.3655690208524,1103.655690208524,10.908477229462273,1729821360.6696236
110.52555903461727,1105.2555903461728,10.908385237637887,1729821360.679703
110.68554764098039,1106.855476409804,10.908289278645546,1729821360.6897252
110.84553478010861,1108.4553478010862,10.908189240130794,1729821360.6997979
111.00552039049808,1110.0552039049808,10.908085008179748,1729821360.7097208
111.16550440895132,1111.6550440895132,10.907976467319886,1729821360.7195916
111.3254867705544,1113.254867705544,10.907863500520879,1729821360.7296731
111.48546740865415,1114.8546740865415,10.907745989195456,1729821360.7397087
111.6454462548352,1116.454462548352,10.907623813200306,1729821360.749617
111.80542323889738,1118.0542323889738,10.90749685083701,1729821360.7596989
111.96539828883272,1119.6539828883272,10.907364978853014,1729821360.769569
112.1253713308028,1121.2537133080282,10.907228072442644,1729821360.779669
112.28534228911597,1122.8534228911597,10.907086005248157,1729821360.789616
112.44531108620455,1124.4531108620456,10.906938649360825,1729821360.7996585
112.60527764260215,1126.0527764260214,10.906785875322072,1729821360.8096056
112.7652418769209,1127.652418769209,10.90662755212465,1729821360.819614
112.92520370582882,1129.2520370582881,10.90646354721385,1729821360.8297272
113.08516304402711,1130.851630440271,10.906293726488766,1729821360.8397212
113.2451198042275,1132.4511980422749,10.906117954303605,1729821360.8495789
113.40507389712958,1134.050738971296,10.905936093469036,1729821360.8596423
113.56502523139824,1135.6502523139825,10.90574800525359,1729821360.8696394
113.724973713641,1137.24973713641,10.905553549385111,1729821360.8797004
113.88491924838553,1138.8491924838554,10.905352584052252,1729821360.8896604
114.04486173805698,1140.4486173805699,10.905144965906029,1729821360.8996441
114.20480108295557,1142.0480108295558,10.904930550061415,1729821360.909653
114.36473718123399,1143.64737181234,10.904709190098997,1729821360.919596
114.524669928875,1145.24669928875,10.904480738066685,1729821360.929673
114.6845992196689,1146.845992196689,10.904245044481472,1729821360.9396443
114.84452494519115,1148.4452494519114,10.904001958331259,1729821360.9495656
115.00444699478,1150.0444699478,10.903751327076721,1729821360.9597094
115.16436525551401,1151.64365255514,10.903492996653252,1729821360.9696586
115.32427961218984,1153.2427961218984,10.903226811472962,1729821360.979594
115.48418994729985,1154.8418994729986,10.902952614426722,1729821360.989602
115.64409614100985,1156.4409614100985,10.90267024688629,1729821360.999785
115.80399807113687,1158.0399807113688,10.902379548706495,1729821361.0096483
115.9638956131269,1159.638956131269,10.902080358227483,1729821361.0196216
116.12378864003271,1161.2378864003272,10.901772512277024,1729821361.0296388
116.28367702249177,1162.8367702249177,10.901455846172897,1729821361.039709
116.44356062870409,1164.4356062870409,10.90113019372534,1729821361.0496352
116.60343932441012,1166.0343932441012,10.900795387239564,1729821361.059668
116.76331297286876,1167.6331297286877,10.900451257518343,1729821361.0697098
116.92318143483536,1169.2318143483535,10.900097633864679,1729821361.0796483
117.08304456853975,1170.8304456853975,10.899734344084536,1729821361.0896208
117.24290222966431,1172.429022296643,10.899361214489643,1729821361.0995705
117.40275427132212,1174.0275427132212,10.89897806990039,1729821361.1096666
117.56260054403513,1175.6260054403513,10.898584733648788,1729821361.1197052
117.72244089571237,1177.2244089571236,10.898181027581508,1729821361.1296375
117.88227517162818,1178.8227517162818,10.897766772063008,1729821361.1396
118.0421032144006,1180.421032144006,10.897341785978735,1729821361.149708
118.20192486396962,1182.0192486396963,10.896905886738415,1729821361.159793
118.36173995757568,1183.6173995757567,10.896458890279419,1729821361.1697454
118.52154832973807,1185.2154832973806,10.896000611070226,1729821361.179598
118.68134981223344,1186.8134981223343,10.895530862113961,1729821361.1897001
118.84114423407438,1188.4114423407439,10.895049454952034,1729821361.1996288
119.00093142148805,1190.0093142148805,10.894556199667852,1729821361.2095912
119.16071119789481,1191.607111978948,10.89405090489064,1729821361.219624
119.32048338388698,1193.2048338388697,10.893533377799352,1729821361.2295742
119.48024779720762,1194.8024779720763,10.893003424126652,1729821361.2396886
119.64000425272938,1196.4000425272939,10.89246084816303,1729821361.249761
119.7997525624334,1197.997525624334,10.891905452760975,1729821361.2600188
119.95949253538828,1199.594925353883,10.891337039339282,1729821361.2696676
120.11922397772913,1201.1922397772914,10.89075540788743,1729821361.2797785
120.27894669263671,1202.7894669263671,10.890160356970075,1729821361.2896574
120.4386604803165,1204.386604803165,10.889551683731648,1729821361.2996657
120.59836513797802,1205.9836513797802,10.888929183901045,1729821361.3097062
120.75806045981412,1207.5806045981412,10.888292651796437,1729821361.3196
120.91774623698035,1209.1774623698034,10.887641880330174,1729821361.3296235
121.07742225757444,1210.7742225757445,10.886976661013804,1729821361.3396804
121.23708830661579,1212.3708830661578,10.886296783963205,1729821361.3496952
121.39674416602512,1213.967441660251,10.88560203790382,1729821361.359749
121.5563896146041,1215.563896146041,10.884892210176007,1729821361.3696604
121.7160244280152,1217.160244280152,10.884167086740508,1729821361.3797116
121.87564837876145,1218.7564837876146,10.883426452184034,1729821361.3897233
122.03526123616642,1220.3526123616641,10.882670089724959,1729821361.399667
122.19486276635422,1221.948627663542,10.881897781219138,1729821361.4096844
122.35445273222963,1223.5445273222963,10.881109307165845,1729821361.4197206
122.51403089345825,1225.1403089345827,10.880304446713838,1729821361.429594
122.67359700644681,1226.7359700644681,10.879482977667536,1729821361.4397252
122.83315082432354,1228.3315082432355,10.878644676493328,1729821361.4496067
122.99269209691863,1229.9269209691863,10.877789318326004,1729821361.4596567
123.15222057074483,1231.5222057074484,10.876916676975323,1729821361.469693
123.31173598897806,1233.1173598897806,10.876026524932698,1729821361.479587
123.47123809143822,1234.7123809143823,10.875118633378017,1729821361.4896271
123.63072661457005,1236.3072661457004,10.8741927721866,1729821361.4996908
123.79020129142407,1237.9020129142407,10.87324870993628,1729821361.5096245
123.94966185163769,1239.4966185163769,10.872286213914636,1729821361.5196426
124.10910802141638,1241.0910802141639,10.871305050126333,1729821361.5296865
124.26853952351495,1242.6853952351494,10.87030498330064,1729821361.539627
124.427956077219,1244.27956077219,10.86928577689905,1729821361.5496867
124.58735739832638,1245.8735739832637,10.868247193123064,1729821361.559719
124.74674319912887,1247.4674319912888,10.867188992922115,1729821361.5696213
124.90611318839393,1249.0611318839392,10.866110936001622,1729821361.579648
125.06546707134655,1250.6546707134655,10.865012780831208,1729821361.5896583
125.22480454965127,1252.2480454965128,10.863894284653053,1729821361.5997317
125.3841253213943,1253.841253213943,10.862755203490401,1729821361.6096158
125.54342908106577,1255.4342908106578,10.861595292156212,1729821361.61959
125.70271551954208,1257.0271551954208,10.860414304261967,1729821361.6295826
125.86198432406847,1258.6198432406848,10.859211992226639,1729821361.6401532
126.0212351782416,1260.212351782416,10.857988107285788,1729821361.6495795
126.18046776199236,1261.8046776199235,10.856742399500847,1729821361.6596346
126.33968175156879,1263.3968175156879,10.855474617768538,1729821361.6695676
126.49887681951913,1264.9887681951914,10.85418450983046,1729821361.6796718
126.658052634675,1266.58052634675,10.85287182228284,1729821361.6896071
126.81720886213482,1268.1720886213482,10.851536300586428,1729821361.6996953
126.9763451632472,1269.763451632472,10.850177689076572,1729821361.7097356
127.13546119559467,1271.3546119559467,10.84879573097346,1729821361.7199078
127.29455661297743,1272.9455661297743,10.847390168392502,1729821361.7297497
127.45363106539733,1274.5363106539733,10.845960742354913,1729821361.73966
127.61268419904195,1276.1268419904195,10.844507192798435,1729821361.7496445
127.77171565626888,1277.7171565626888,10.843029258588249,1729821361.7597275
127.93072507559019,1279.3072507559018,10.841526677528048,1729821361.7696447
128.08971209165693,1280.8971209165693,10.83999918637128,1729821361.7796667
128.24867633524403,1282.4867633524402,10.838446520832584,1729821361.7896867
128.4076174332351,1284.076174332351,10.836868415599366,1729821361.7998366
128.56653500860762,1285.6653500860762,10.835264604343587,1729821361.8096516
128.7254286804182,1287.254286804182,10.833634819733714,1729821361.8195744
128.88429806378804,1288.8429806378804,10.831978793446833,1729821361.8295949
129.04314276988856,1290.4314276988857,10.830296256180981,1729821361.8396251
129.20196240592725,1292.0196240592725,10.828586937667618,1729821361.849663
129.36075657513365,1293.6075657513366,10.82685056668431,1729821361.8596659
129.51952487674555,1295.1952487674555,10.825086871067585,1729821361.8696337
129.67826690599537,1296.7826690599536,10.823295577725972,1729821361.8796117
129.83698225409682,1298.3698225409682,10.821476412653233,1729821361.8896143
129.9956705082316,1299.956705082316,10.819629100941777,1729821361.8995953
130.15433125153638,1301.5433125153638,10.817753366796257,1729821361.9099052
130.31296406309005,1303.1296406309004,10.81584893354738,1729821361.9200127
130.471568517901,1304.71568517901,10.813915523665875,1729821361.9297287
130.63014418689482,1306.3014418689481,10.811952858776674,1729821361.9396782
130.78869063690206,1307.8869063690206,10.809960659673285,1729821361.949572
130.94720743064622,1309.4720743064622,10.807938646332348,1729821361.9597256
131.10569412673206,1311.0569412673206,10.80588653792839,1729821361.9696007
131.26415027963398,1312.6415027963399,10.803804052848793,1729821361.9795358
131.42257543968475,1314.2257543968476,10.801690908708922,1729821361.9895864
131.58096915306436,1315.8096915306437,10.799546822367489,1729821361.999615
131.73933096178922,1317.393309617892,10.797371509942089,1729821362.0096147
131.89766040370148,1318.9766040370148,10.795164686824952,1729821362.0197144
132.0559570124586,1320.5595701245861,10.79292606769888,1729821362.0299675
132.21422031752323,1322.1422031752322,10.790655366553409,1729821362.0396829
132.37244984415327,1323.7244984415327,10.788352296701136,1729821362.0498073
132.53064511339213,1325.3064511339212,10.786016570794288,1729821362.0597034
132.6888056420594,1326.888056420594,10.783647900841475,1729821362.0695972
132.84693094274158,1328.4693094274157,10.781245998224636,1729821362.0796459
133.00502052378312,1330.050205237831,10.77881057371622,1729821362.0896628
133.16307388927777,1331.6307388927776,10.776341337496545,1729821362.0996034
133.3210905390602,1333.210905390602,10.773837999171382,1729821362.1104896
133.4790699686978,1334.7906996869779,10.771300267789726,1729821362.1195943
133.6370116694827,1336.370116694827,10.768727851861799,1729821362.1296408
133.79491512842424,1337.9491512842424,10.76612045937724,1729821362.1396883
133.95277982824157,1339.5277982824157,10.763477797823514,1729821362.149625
134.11060524735657,1341.1060524735658,10.76079957420453,1729821362.1598604
134.26839085988695,1342.6839085988695,10.758085495059461,1729821362.1696067
134.42613613563987,1344.2613613563985,10.755335266481787,1729821362.179604
134.5838405401055,1345.838405401055,10.75254859413853,1729821362.1896372
134.74150353445125,1347.4150353445125,10.749725183289712,1729821362.1997724
134.89912457551594,1348.9912457551595,10.746864738808029,1729821362.209701
135.05670311580442,1350.5670311580443,10.743966965198718,1729821362.2196248
135.21423860348256,1352.1423860348254,10.74103156661965,1729821362.2295945
135.37173048237239,1353.717304823724,10.73805824690163,1729821362.2396803
135.5291781919476,1355.291781919476,10.735046709568907,1729821362.249688
135.68658116732945,1356.8658116732945,10.7319966578599,1729821362.2597494
135.84393883928269,1358.439388392827,10.728907794748126,1729821362.2695498
136.00125063421214,1360.0125063421215,10.725779822963352,1729821362.279582
136.1585159741594,1361.585159741594,10.722612445012953,1729821362.2896676
136.3157342767999,1363.1573427679991,10.719405363203478,1729821362.2995377
136.4729049554402,1364.729049554402,10.716158279662436,1729821362.3097095
136.63002741901587,1366.3002741901587,10.712870896360284,1729821362.3196123
136.78710107208926,1367.8710107208926,10.709542915132632,1729821362.3299625
136.94412531484804,1369.4412531484804,10.70617403770266,1729821362.3397307
137.10109954310383,1371.0109954310383,10.702763965703738,1729821362.349587
137.25802314829122,1372.580231482912,10.699312400702269,1729821362.3597653
137.4148955174671,1374.148955174671,10.695819044220725,1729821362.3697186
137.5717160333104,1375.717160333104,10.692283597760907,1729821362.3795857
137.72848407412206,1377.2848407412207,10.68870576282741,1729821362.3896546
137.8851990138255,1378.8519901382551,10.685085240951292,1729821362.3996904
138.04186022196737,1380.4186022196736,10.681421733713952,1729821362.4095562
138.1984670637185,1381.984670637185,10.67771494277122,1729821362.4195638
138.35501889987555,1383.5501889987554,10.673964569877647,1729821362.429575
138.51151508686257,1385.1151508686257,10.670170316911014,1729821362.439712
138.66795497673345,1386.6795497673345,10.66633188589702,1729821362.449572
138.82433791717426,1388.2433791717426,10.662448979034203,1729821362.4601061
138.98066325150617,1389.8066325150617,10.658521298719043,1729821362.469601
139.13693031868883,1391.3693031868884,10.654548547571283,1729821362.4796498
139.2931384533239,1392.931384533239,10.650530428459438,1729821362.489645
139.44928698565917,1394.4928698565918,10.646466644526512,1729821362.499636
139.6053752415929,1396.053752415929,10.642356899215908,1729821362.510005
139.7614025426786,1397.6140254267862,10.638200896297551,1729821362.5196319
139.91736820613033,1399.1736820613032,10.633998339894179,1729821362.529742
140.0732715448281,1400.732715448281,10.629748934507862,1729821362.5397668
140.22911186732387,1402.2911186732385,10.625452385046692,1729821362.549625
140.38488847784797,1403.8488847784797,10.621108396851676,1729821362.5597765
140.5406006763158,1405.4060067631578,10.616716675723817,1729821362.5696828
140.69624775833498,1406.9624775833497,10.612276927951381,1729821362.5796182
140.8518290152129,1408.5182901521289,10.60778886033736,1729821362.5897534
141.00734373396463,1410.0734373396463,10.603252180227116,1729821362.599749
141.16279119732138,1411.627911973214,10.598666595536212,1729821362.609612
141.3181706837392,1413.181706837392,10.594031814778425,1729821362.6199815
141.47348146740816,1414.7348146740817,10.589347547093933,1729821362.62975
141.62872281826202,1416.2872281826203,10.584613502277698,1729821362.640033
141.7838940019882,1417.8389400198819,10.57982939080801,1729821362.6497211
141.9389942800382,1419.389942800382,10.57499492387521,1729821362.6601396
142.09402290963854,1420.9402290963853,10.570109813410593,1729821362.6700728
142.24897914380202,1422.4897914380201,10.565173772115479,1729821362.6796682
142.40386223133942,1424.0386223133942,10.560186513490441,1729821362.6897142
142.5586714168717,1425.586714168717,10.555147751864718,1729821362.6996539
142.71340594084253,1427.1340594084254,10.55005720242578,1729821362.709912
142.86806503953133,1428.6806503953133,10.54491458124906,1729821362.7196531
143.02264794506678,1430.2264794506677,10.539719605327841,1729821362.7298195
143.1771538854407,1431.771538854407,10.534471992603303,1729821362.7397053
143.33158208452235,1433.3158208452235,10.529171461994714,1729821362.7495756
143.48593176207325,1434.8593176207326,10.523817733429805,1729821362.759831
143.64020213376244,1436.4020213376243,10.518410527875242,1729821362.7696042
143.79439241118214,1437.9439241118214,10.512949567367286,1729821362.7796395
143.94850180186393,1439.4850180186393,10.507434575042586,1729821362.7896962
144.10252950929524,1441.0252950929523,10.501865275169095,1729821362.7997134
144.25647473293654,1442.5647473293654,10.496241393177145,1729821362.8097034
144.41033666823876,1444.1033666823876,10.490562655690642,1729821362.819689
144.56411450666124,1445.6411450666124,10.484828790558401,1729821362.8296912
144.71780743569022,1447.1780743569022,10.479039526885598,1729821362.840761
144.87141463885766,1448.7141463885766,10.473194595065362,1729821362.8496041
145.02493529576066,1450.2493529576066,10.467293726810464,1729821362.8597438
145.17836858208125,1451.7836858208125,10.461336655185155,1729821362.8696613
145.3317136696067,1453.3171366960669,10.455323114637086,1729821362.8796535
145.48496972625023,1454.8496972625023,10.44925284102936,1729821362.8896327
145.6381359160723,1456.381359160723,10.44312557167269,1729821362.899678
145.79121139930223,1457.9121139930223,10.436941045357646,1729821362.909666
145.94419533236055,1459.4419533236055,10.43069900238701,1729821362.919616
146.09708686788144,1460.9708686788144,10.424399184608239,1729821362.929722
146.24988515473603,1462.4988515473603,10.418041335445992,1729821362.9396176
146.40258933805592,1464.0258933805592,10.411625199934768,1729821362.9496114
146.5551985592573,1465.551985592573,10.405150524751626,1729821362.9598613
146.7077119560655,1467.077119560655,10.398617058248968,1729821362.9695952
146.86012866254015,1468.6012866254014,10.392024550487417,1729821362.9795868
147.0124478091005,1470.1244780910051,10.38537275326875,1729821362.989688
147.1646685225517,1471.6466852255169,10.378661420168921,1729821362.9996915
147.31678992611108,1473.167899261111,10.371890306571112,1729821363.0096018
147.4688111394353,1474.688111394353,10.365059169698876,1729821363.019679
147.62073127864775,1476.2073127864776,10.358167768649318,1729821363.0295007
147.77254945636653,1477.7254945636653,10.351215864426324,1729821363.0396502
147.92426478173292,1479.2426478173293,10.344203219973839,1729821363.0496526
148.0758763604403,1480.7587636044032,10.337129600209181,1729821363.0596545
148.22738329476363,1482.2738329476363,10.329994772056404,1729821363.0696764
148.3787846835893,1483.7878468358929,10.322798504479666,1729821363.0796833
148.53007962244556,1485.3007962244556,10.315540568516644,1729821363.0896502
148.68126720353348,1486.8126720353348,10.30822073731197,1729821363.0996494
148.8323465157583,1488.323465157583,10.300838786150658,1729821363.1097171
148.98331664476132,1489.8331664476132,10.29339449249158,1729821363.1196206
149.13417667295226,1491.3417667295225,10.285887636000904,1729821363.1296535
149.2849256795421,1492.849256795421,10.278317998585576,1729821363.1397069
149.43556274057656,1494.3556274057655,10.270685364426765,1729821363.1496603
149.58608692896973,1495.8608692896973,10.262989520013306,1729821363.1595538
149.73649731453864,1497.3649731453863,10.25523025417514,1729821363.16963
149.88679296403794,1498.8679296403793,10.247407358116718,1729821363.1795874
150.03697294119522,1500.3697294119522,10.239520625450378,1729821363.1896613
150.1870363067469,1501.870363067469,10.231569852229711,1729821363.199689
150.33698211847448,1503.3698211847448,10.22355483698286,1729821363.20967
150.48680943124126,1504.8680943124125,10.215475380745799,1729821363.2199106
150.6365172970297,1506.3651729702972,10.207331287095554,1729821363.229583
150.78610476497914,1507.8610476497915,10.199122362183363,1729821363.2396517
150.935570881424,1509.3557088142402,10.1908484147678,1729821363.2495658
151.08491468993262,1510.8491468993261,10.182509256247794,1729821363.259716
151.2341352313463,1512.341352313463,10.174104700695617,1729821363.2697449
151.38323154381916,1513.8323154381917,10.165634564889764,1729821363.2796886
151.53220266285823,1515.3220266285823,10.157098668347766,1729821363.289646
151.68104762136406,1516.8104762136406,10.148496833358905,1729821363.2996244
151.82976544967192,1518.2976544967191,10.13982888501684,1729821363.309694
151.97835517559344,1519.7835517559342,10.13109465125212,1729821363.3196342
152.1268158244586,1521.268158244586,10.122293962864607,1729821363.3296273
152.2751464191583,1522.751464191583,10.113426653555756,1729821363.339736
152.42334598018746,1524.2334598018747,10.104492559960812,1729821363.3496308
152.5714135256885,1525.7141352568851,10.095491521680849,1729821363.3597596
152.71934807149523,1527.1934807149523,10.086423381314685,1729821363.3695843
152.86714863117737,1528.6714863117736,10.07728798449067,1729821363.3796499
153.0148142160854,1530.148142160854,10.068085179898315,1729821363.389663
153.16234383539592,1531.623438353959,10.05881481931976,1729821363.3996675
153.3097364961575,1533.097364961575,10.049476757661118,1729821363.4096394
153.45699120333697,1534.5699120333697,10.040070852983613,1729821363.419737
153.60410695986604,1536.0410695986604,10.030596966534574,1729821363.4295866
153.75108276668863,1537.5108276668861,10.02105496277824,1729821363.439776
153.89791762280836,1538.9791762280836,10.011444709426389,1729821363.4496078
154.04461052533676,1540.4461052533677,10.001766077468757,1729821363.4596593
154.1911604695417,1541.911604695417,9.992018941203284,1729821363.4698014
154.33756644889638,1543.3756644889638,9.982203178266145,1729821363.4796143
154.4838274551287,1544.838274551287,9.972318669661558,1729821363.4896412
154.62994247827115,1546.2994247827114,9.962365299791397,1729821363.499664
154.77591050671103,1547.7591050671103,9.952342956484571,1729821363.5101826
154.92173052724112,1549.2173052724113,9.942251531026157,1729821363.5196939
155.06740152511088,1550.6740152511088,9.932090918186331,1729821363.5297093
155.2129224840779,1552.129224840779,9.921861016249016,1729821363.5396879
155.35829238645988,1553.5829238645988,9.911561727040308,1729821363.5497062
155.503510213187,1555.0351021318702,9.90119295595663,1729821363.5597403
155.64857494385473,1556.4857494385474,9.890754611992628,1729821363.5696876
155.7934855567769,1557.9348555677689,9.880246607768793,1729821363.5796099
155.93824102903938,1559.3824102903936,9.869668859558805,1729821363.589788
156.08284033655406,1560.8284033655405,9.8590212873166,1729821363.5996647
156.22728245411315,1562.2728245411315,9.848303814703135,1729821363.6096702
156.37156635544403,1563.7156635544402,9.837516369112867,1729821363.6197724
156.51569101326425,1565.1569101326425,9.826658881699915,1729821363.6297035
156.65965539933723,1566.5965539933723,9.815731287403931,1729821363.6396618
156.803458484528,1568.0345848452798,9.804733524975621,1729821363.6496122
156.94709923885955,1569.4709923885955,9.793665537001985,1729821363.6600702
157.09057663156946,1570.9057663156946,9.782527269931188,1729821363.6696138
157.23388963116685,1572.3388963116686,9.771318674097113,1729821363.679634
157.37703720548973,1573.7703720548973,9.760039703743569,1729821363.6896749
157.5200183217628,1575.200183217628,9.74869031704814,1729821363.699719
157.66283194665527,1576.6283194665527,9.737270476145687,1729821363.7100728
157.8054770463395,1578.054770463395,9.725780147151482,1729821363.719666
157.9479525865495,1579.479525865495,9.71421930018397,1729821363.7296922
158.0902575326401,1580.902575326401,9.702587909387162,1729821363.739672
158.23239084964626,1582.3239084964625,9.690885952952632,1729821363.7496922
158.3743515023428,1583.7435150234278,9.67911341314114,1729821363.7598796
158.51613845530426,1585.1613845530426,9.667270276303853,1729821363.7696643
158.6577506729654,1586.577506729654,9.65535653290316,1729821363.7796035
158.79918711968162,1587.9918711968162,9.64337217753308,1729821363.7896845
158.94044675978998,1589.4044675978998,9.631317208939267,1729821363.7996664
159.08152855767025,1590.8152855767025,9.619191630038582,1729821363.8096616
159.22243147780654,1592.2243147780655,9.606995447938242,1729821363.8196394
159.36315448484882,1593.6315448484881,9.594728673954535,1729821363.8296888
159.50369654367512,1595.0369654367512,9.582391323631102,1729821363.8397424
159.64405661945366,1596.4405661945366,9.569983416756767,1729821363.849692
159.78423367770546,1597.8423367770547,9.557504977382926,1729821363.8598468
159.924226684367,1599.24226684367,9.544956033840473,1729821363.8698158
160.06403460585332,1600.6403460585332,9.532336618756254,1729821363.879577
160.20365640912124,1602.0365640912123,9.519646769069082,1729821363.8896782
160.3430910617328,1603.430910617328,9.506886526045248,1729821363.8996415
160.48233753191897,1604.8233753191898,9.49405593529357,1729821363.9096909
160.62139478864358,1606.2139478864358,9.481155046779953,1729821363.91967
160.76026180166738,1607.602618016674,9.468183914841457,1729821363.9296849
160.8989375416124,1608.9893754161242,9.45514259819988,1729821363.9397047
161.0374209800264,1610.374209800264,9.442031159974814,1729821363.9496317
161.17571108944762,1611.7571108944762,9.428849667696241,1729821363.9597144
161.31380684346954,1613.1380684346955,9.415598193316567,1729821363.9696662
161.45170721680603,1614.5170721680602,9.402276813222173,1729821363.979756
161.58941118535645,1615.8941118535645,9.388885608244436,1729821363.9897134
161.7269177262711,1617.2691772627109,9.375424663670227,1729821363.9997396
161.8642258180166,1618.642258180166,9.361894069251866,1729821364.0097342
162.00133444044155,1620.0133444044154,9.348293919216559,1729821364.0207255
162.1382425748424,1621.3824257484239,9.334624312275292,1729821364.0296466
162.27494920402916,1622.7494920402914,9.32088535163116,1729821364.0397396
162.41145331239153,1624.1145331239154,9.307077144987181,1729821364.0497296
162.54775388596497,1625.4775388596497,9.293199804553533,1729821364.059733
162.68384991249687,1626.8384991249686,9.279253447054232,1729821364.0695982
162.8197403815129,1628.197403815129,9.265238193733277,1729821364.0796676
162.95542428438333,1629.5542428438332,9.251154170360188,1729821364.0896852
163.09090061438948,1630.9090061438949,9.237001507235014,1729821364.0996273
163.22616836679032,1632.261683667903,9.222780339192745,1729821364.1097238
163.36122653888893,1633.6122653888892,9.20849080560715,1729821364.1198962
163.49607413009915,1634.9607413009915,9.194133050394043,1729821364.1296706
163.63071014201225,1636.3071014201225,9.179707222013963,1729821364.1396568
163.76513357846366,1637.6513357846366,9.165213473474264,1729821364.1496608
163.89934344559958,1638.9934344559958,9.15065196233061,1729821364.1598167
164.03333875194377,1640.3333875194378,9.136022850687896,1729821364.1696966
164.16711850846426,1641.6711850846425,9.121326305200554,1729821364.1796787
164.30068172864006,1643.0068172864005,9.10656249707227,1729821364.1896808
164.4340274285279,1644.340274285279,9.091731602055091,1729821364.1996477
164.56715462682894,1645.6715462682894,9.07683380044794,1729821364.2096322
164.7000623449553,1647.0006234495531,9.061869277094516,1729821364.2196045
164.83274960709684,1648.3274960709684,9.046838221380588,1729821364.22963
164.96521544028758,1649.6521544028758,9.031740827230685,1729821364.2409227
165.09745887447235,1650.9745887447234,9.016577293104156,1729821364.2496128
165.22947894257314,1652.2947894257313,9.001347821990628,1729821364.2597654
165.3612746805555,1653.6127468055552,8.986052621404848,1729821364.2696626
165.49284512749483,1654.9284512749482,8.970691903380906,1729821364.2796493
165.62418932564253,1656.2418932564253,8.955265884465835,1729821364.2896545
165.75530632049214,1657.5530632049213,8.939774785712583,1729821364.2996223
165.8861951608453,1658.861951608453,8.924218832672382,1729821364.3097618
166.01685489887757,1660.1685489887757,8.908598255386483,1729821364.3202894
166.1472845902042,1661.472845902042,8.892913288377256,1729821364.3300273
166.27748329394572,1662.7748329394572,8.87716417063869,1729821364.3396204
166.40745007279327,1664.0745007279327,8.861351145626239,1729821364.3496928
166.53718399307402,1665.3718399307402,8.845474461246077,1729821364.359746
166.66668412481621,1666.6668412481622,8.829534369843683,1729821364.369798
166.79594954181405,1667.9594954181405,8.813531128191837,1729821364.3796349
166.92497932169258,1669.2497932169258,8.797464997477972,1729821364.3896422
167.05377254597204,1670.5377254597204,8.7813362432909,1729821364.3997233
167.18232830013244,1671.8232830013244,8.765145135606925,1729821364.4096808
167.31064567367756,1673.1064567367755,8.748891948775299,1729821364.4196663
167.43872376019883,1674.3872376019883,8.732576961503094,1729821364.4296193
167.56656165743917,1675.6656165743916,8.716200456839424,1729821364.4396365
167.69415846735626,1676.9415846735626,8.699762722159036,1729821364.4495878
167.82151329618586,1678.2151329618587,8.683264049145311,1729821364.4596407
167.9486252545047,1679.486252545047,8.666704733772606,1729821364.4695632
168.07549345729308,1680.7549345729308,8.650085076288,1729821364.4796805
168.2021170239974,1682.021170239974,8.633405381192425,1729821364.4895928
168.32849507859217,1683.2849507859216,8.616665957221146,1729821364.4995925
168.45462674964182,1684.5462674964183,8.599867117323669,1729821364.5100749
168.58051117036223,1685.8051117036223,8.583009178643012,1729821364.5196695
168.70614747868188,1687.061474786819,8.566092462494364,1729821364.5297225
168.83153481730284,1688.3153481730283,8.54911729434315,1729821364.5396988
168.9566723337611,1689.5667233376112,8.532084003782465,1729821364.5496588
169.081559180487,1690.81559180487,8.514992924509937,1729821364.559918
169.20619451486493,1692.0619451486493,8.49784439430395,1729821364.5695872
169.33057749929287,1693.3057749929287,8.48063875499931,1729821364.5796683
169.45470730124154,1694.5470730124155,8.463376352462278,1729821364.5896735
169.57858309331309,1695.785830933131,8.446057536565032,1729821364.5998867
169.7022040532995,1697.022040532995,8.428682661159547,1729821364.6096535
169.82556936424066,1698.2556936424066,8.411252084050863,1729821364.6197045
169.94867821448176,1699.4867821448177,8.393766166969792,1729821364.6296148
170.0715297977306,1700.715297977306,8.376225275545046,1729821364.639692
170.1941233131143,1701.9412331311428,8.358629779274779,1729821364.6496425
170.3164579652356,1703.164579652356,8.340980051497567,1729821364.659752
170.4385329642288,1704.385329642288,8.32327646936283,1729821364.669827
170.5603475258152,1705.6034752581518,8.305519413800676,1729821364.679582
170.68190087135804,1706.8190087135804,8.2877092694912,1729821364.6895409
170.80319222791715,1708.0319222791716,8.269846424833219,1729821364.6995792
170.9242208283029,1709.242208283029,8.251931271912476,1729821364.7096767
171.04498591112994,1710.4498591112995,8.23396420646929,1729821364.7199774
171.16548672087015,1711.6548672087015,8.215945627865668,1729821364.7296848
171.28572250790543,1712.8572250790544,8.1978759390519,1729821364.7396116
171.40569252857975,1714.0569252857974,8.179755546532592,1729821364.7496374
171.52539604525077,1715.2539604525077,8.161584860332217,1729821364.7596493
171.644832326341,1716.44832326341,8.143364293960138,1729821364.7696927
171.76400064638833,1717.6400064638833,8.125094264375095,1729821364.7795906
171.8829002860961,1718.8290028609608,8.106775191949232,1729821364.7897375
172.00153053238267,1720.0153053238269,8.088407500431599,1729821364.7997675
172.11989067843044,1721.1989067843044,8.069991616911148,1729821364.809573
172.23798002373414,1722.3798002373414,8.051527971779285,1729821364.8195686
172.35579787414886,1723.5579787414886,8.033016998691902,1729821364.829591
172.47334354193728,1724.7334354193729,8.014459134530966,1729821364.8396735
172.59061634581647,1725.9061634581647,7.995854819365624,1729821364.8496935
172.707615611004,1727.07615611004,7.977204496412844,1729821364.8596675
172.8243406692636,1728.243406692636,7.958508611997635,1729821364.869688
172.94079085895004,1729.4079085895005,7.9397676155127765,1729821364.8796546
173.05696552505364,1730.5696552505365,7.920981959378155,1729821364.8896382
173.17286401924403,1731.7286401924403,7.902152098999636,1729821364.8995752
173.2884856999133,1732.884856999133,7.883278492727522,1729821364.909717
173.40382993221866,1734.0382993221865,7.8643616018146005,1729821364.9200833
173.5188960881242,1735.1889608812419,7.845401890373777,1729821364.9296992
173.63368354644243,1736.3368354644242,7.826399825335322,1729821364.939633
173.74819169287488,1737.481916928749,7.807355876403687,1729821364.9495614
173.8624199200521,1738.6241992005212,7.788270516013975,1729821364.9598644
173.97636762757313,1739.7636762757313,7.769144219288027,1729821364.9695885
174.09003422204424,1740.9003422204423,7.749977463990113,1729821364.9796088
174.203419117117,1742.0341911711698,7.730770730482282,1729821364.9897072
174.31652173352578,1743.1652173352577,7.711524501679376,1729821364.9999335
174.42934149912446,1744.2934149912446,7.692239263003652,1729821365.009525
174.5418778489226,1745.418778489226,7.672915502339114,1729821365.0196528
174.65413022512087,1746.5413022512087,7.653553709985493,1729821365.0296605
174.76609807714564,1747.6609807714565,7.634154378611909,1729821365.03998
174.87778086168333,1748.7778086168332,7.614718003210246,1729821365.0497084
174.98917804271355,1749.8917804271355,7.595245081048176,1729821365.0596838
175.10028909154187,1751.0028909154187,7.57573611162195,1729821365.0695996
175.21111348683186,1752.1111348683187,7.556191596608853,1729821365.0796196
175.3216507146363,1753.2165071463628,7.536612039819419,1729821365.0896988
175.43190026842774,1754.3190026842774,7.5169979471493615,1729821365.0996606
175.54186164912852,1755.4186164912853,7.497349826531256,1729821365.109682
175.65153436513978,1756.5153436513979,7.477668187885962,1729821365.1197238
175.76091793236998,1757.6091793236997,7.457953543073822,1729821365.1297638
175.8700118742626,1758.7001187426258,7.438206405845621,1729821365.139681
175.97881572182314,1759.7881572182314,7.41842729179333,1729821365.1495533
176.08732901364544,1760.8732901364544,7.398616718300628,1729821365.159542
176.19555129593718,1761.9555129593718,7.378775204493243,1729821365.1695905
176.30348212254472,1763.034821225447,7.358903271189083,1729821365.1796598
176.4111210549772,1764.111210549772,7.339001440848179,1729821365.1896577
176.51846766242988,1765.1846766242988,7.319070237522478,1729821365.1997287
176.62552152180672,1766.2552152180672,7.299110186805446,1729821365.2096157
176.73228221774224,1767.3228221774225,7.279121815781551,1729821365.2196038
176.83874934262275,1768.3874934262276,7.259105652975554,1729821365.2296185
176.94492249660658,1769.4492249660657,7.239062228301696,1729821365.2396936
177.05080128764385,1770.5080128764384,7.2189920730127675,1729821365.249778
177.15638533149522,1771.5638533149522,7.198895719649023,1729821365.2597518
177.26167425175015,1772.6167425175015,7.178773701987037,1729821365.269574
177.3666676798442,1773.666676798442,7.158626554988416,1729821365.2796504
177.47136525507568,1774.7136525507567,7.138454814748467,1729821365.2896366
177.5757666246215,1775.7576662462152,7.118259018444746,1729821365.2995937
177.67987144355234,1776.7987144355234,7.0980397042855845,1729821365.3096442
177.78367937484697,1777.8367937484697,7.077797411458514,1729821365.3196845
177.8871900894059,1778.8719008940589,7.057532680078658,1729821365.3296266
177.9904032660641,1779.904032660641,7.037246051137098,1729821365.3396075
178.0933185916033,1780.933185916033,7.016938066449198,1729821365.3495896
178.19593576076312,1781.9593576076313,6.996609268602912,1729821365.3596747
178.29825447625177,1782.9825447625176,6.976260200907058,1729821365.3696833
178.4002744487558,1784.002744487558,6.955891407339644,1729821365.3795936
178.50199539694918,1785.0199539694918,6.93550343249615,1729821365.3895926
178.60341704750164,1786.0341704750163,6.915096821537844,1729821365.3996854
178.7045391350861,1787.0453913508609,6.894672120140152,1729821365.40966
178.80536140238556,1788.0536140238555,6.874229874441028,1729821365.4196885
178.9058836000991,1789.0588360009908,6.853770630989382,1729821365.4296591
179.0061054869471,1790.0610548694708,6.833294936693584,1729821365.4396844
179.10602682967584,1791.0602682967583,6.812803338770005,1729821365.44957
179.2056474030612,1792.056474030612,6.792296384691646,1729821365.459743
179.3049669899117,1793.049669899117,6.771774622136856,1729821365.4696174
179.40398538107073,1794.0398538107072,6.751238598938125,1729821365.4796422
179.50270237541815,1795.0270237541815,6.730688863031004,1729821365.489689
179.60111777987092,1796.0111777987092,6.710125962403104,1729821365.4996414
179.69923140938323,1796.9923140938322,6.689550445043263,1729821365.5097153
179.79704308694573,1797.9704308694572,6.668962858890779,1729821365.5196972
179.89455264358403,1798.9455264358403,6.648363751784839,1729821365.52967
179.99175991835656,1799.9175991835657,6.627753671414068,1729821365.539633
180.08866475835157,1800.8866475835157,6.607133165266227,1729821365.549601
180.18526701868348,1801.8526701868348,6.586502780578099,1729821365.5597215
180.28156656248842,1802.8156656248843,6.565863064285523,1729821365.5695932
180.37756326091917,1803.7756326091917,6.545214562973635,1729821365.5796967
180.47325699313924,1804.7325699313924,6.524557822827273,1729821365.5895903
180.5686476463162,1805.686476463162,6.503893389581593,1729821365.5996172
180.66373511561454,1806.6373511561455,6.483221808472923,1729821365.6096075
180.75851930418744,1807.5851930418744,6.462543624189756,1729821365.6195729
180.8530001231682,1808.5300012316818,6.441859380824052,1729821365.6295536
180.94717749166057,1809.4717749166057,6.4211696218227114,1729821365.639698
181.04105133672883,1810.4105133672883,6.400474889939323,1729821365.6496387
181.13462159338675,1811.3462159338676,6.379775727186136,1729821365.6598022
181.22788820458604,1812.2788820458604,6.359072674786292,1729821365.6696029
181.3208511212041,1813.208511212041,6.338366273126352,1729821365.6796682
181.41351030203106,1814.1351030203105,6.31765706170904,1729821365.6896234
181.50586571375612,1815.058657137561,6.296945579106312,1729821365.6995585
181.59791733095327,1815.9791733095326,6.2762323629126815,1729821365.7096105
181.6896651360661,1816.896651360661,6.255517949698842,1729821365.71968
181.78110911939237,1817.8110911939236,6.234802874965627,1729821365.7296932
181.8722492790674,1818.722492790674,6.214087673098215,1729821365.7396078
181.9630856210472,1819.630856210472,6.193372877320689,1729821365.7495935
182.05361815909072,1820.5361815909073,6.172659019650922,1729821365.7598658
182.1438469147415,1821.438469147415,6.151946630855777,1729821365.7696712
182.23377191730867,1822.3377191730867,6.131236240406617,1729821365.779706
182.32339320384733,1823.2339320384733,6.110528376435214,1729821365.7895832
182.41271081913823,1824.1271081913824,6.089823565689972,1729821365.799924
182.50172481566685,1825.0172481566685,6.069122333492492,1729821365.8096607
182.59043525360187,1825.9043525360187,6.048425203694521,1729821365.8196082
182.67884220077295,1826.7884220077294,6.027732698635258,1729821365.8296971
182.7669457326479,1827.669457326479,6.007045339099044,1729821365.8397152
182.85474593230938,1828.5474593230938,5.986363644273412,1729821365.8495607
182.9422428904307,1829.4224289043068,5.965688131707536,1729821365.8596675
183.0294367052513,1830.294367052513,5.945019317271065,1729821365.8696575
183.11632748255155,1831.1632748255156,5.9243577151133415,1729821365.8796525
183.2029153356268,1832.0291533562681,5.903703837623047,1729821365.8896656
183.28920038526113,1832.8920038526112,5.8830581953882355,1729821365.8995798
183.37518275970012,1833.7518275970012,5.86242129715677,1729821365.9097
183.4608625946236,1834.6086259462359,5.841793649797214,1729821365.9196653
183.54624003311727,1835.4624003311728,5.821175758260086,1729821365.9297419
183.63131522564413,1836.3131522564413,5.800568125539579,1729821365.9396608
183.71608833001517,1837.1608833001517,5.779971252635725,1729821365.9496408
183.8005595113596,1838.005595113596,5.759385638516951,1729821365.9596374
183.88472894209454,1838.8472894209453,5.738811780083102,1729821365.9696095
183.9685968018941,1839.6859680189411,5.718250172128911,1729821365.9796038
184.052163277658,1840.52163277658,5.697701307307877,1729821365.989585
184.1354285634796,1841.3542856347958,5.677165676096678,1729821365.999579
184.21839286061353,1842.1839286061354,5.656643766759942,1729821366.0095627
184.3010563774427,1843.010563774427,5.636136065315535,1729821366.0196419
184.38341932944482,1843.8341932944481,5.615643055500319,1729821366.0296662
184.46548193915845,1844.6548193915846,5.595165218736341,1729821366.0396554
184.54724443614865,1845.4724443614864,5.574703034097512,1729821366.049704
184.62870705697193,1846.2870705697194,5.554256978276747,1729821366.059708
184.70987004514097,1847.0987004514097,5.53382752555361,1729821366.069732
184.79073365108866,1847.9073365108866,5.513415147762396,1729821366.0796623
184.8712981321318,1848.7129813213182,5.493020314260741,1729821366.0897274
184.95156375243445,1849.5156375243446,5.472643491898667,1729821366.0996296
185.03153078297046,1850.3153078297046,5.452285144988149,1729821366.1096995
185.111199501486,1851.11199501486,5.431945735273176,1729821366.1196089
185.1905701924614,1851.9057019246138,5.4116257219002755,1729821366.1296985
185.26964314707263,1852.6964314707263,5.3913255613895394,1729821366.13966
185.3484186631524,1853.484186631524,5.371045707606166,1729821366.1496572
185.4268970451507,1854.268970451507,5.350786611732483,1729821366.1595175
185.5050786040952,1855.0507860409518,5.33054872224047,1729821366.1697452
185.58296365755095,1855.8296365755095,5.310332484864791,1729821366.1796916
185.66055252958,1856.6055252958,5.2901383425763235,1729821366.1896567
185.73784555070037,1857.3784555070038,5.2699667355561814,1729821366.1998405
185.8148430578448,1858.148430578448,5.2498181011702645,1729821366.209727
185.89154539431908,1858.9154539431909,5.229692873944307,1729821366.2195623
185.96795290976004,1859.6795290976004,5.209591485539418,1729821366.2296972
186.0440659600932,1860.4406596009321,5.189514364728167,1729821366.239793
186.11988490749005,1861.1988490749004,5.169461937371125,1729821366.2496386
186.19541012032496,1861.9541012032496,5.149434626393971,1729821366.2596483
186.27064197313194,1862.7064197313193,5.129432851765063,1729821366.2697031
186.34558084656078,1863.4558084656078,5.109457030473548,1729821366.2797253
186.42022712733313,1864.2022712733315,5.089507576507982,1729821366.2897372
186.4945812081982,1864.9458120819822,5.069584900835437,1729821366.2996042
186.56864348788812,1865.6864348788813,5.049689411381145,1729821366.30989
186.64241437107296,1866.4241437107296,5.029821513008645,1729821366.3195794
186.71589426831568,1867.1589426831567,5.009981607500448,1729821366.3296664
186.7890835960266,1867.8908359602658,4.990170093539177,1729821366.3396318
186.86198277641762,1868.619827764176,4.9703873666892715,1729821366.3495882
186.93459223745631,1869.345922374563,4.950633819379155,1729821366.3600235
187.00691241281962,1870.069124128196,4.930909840883947,1729821366.3696043
187.07894374184733,1870.7894374184732,4.911215817308657,1729821366.3796577
187.15068666949546,1871.5068666949546,4.891552131571901,1729821366.3895805
187.22214164628915,1872.2214164628915,4.871919163390102,1729821366.4001782
187.29330912827558,1872.9330912827559,4.852317289262238,1729821366.409652
187.3641895769765,1873.641895769765,4.832746882455048,1729821366.4196403
187.4347834593406,1874.3478345934059,4.813208312988776,1729821366.4296308
187.5050912476958,1875.0509124769578,4.7937019476233935,1729821366.4396884
187.57511341970113,1875.7511341970112,4.77422814984533,1729821366.4496474
187.64485045829858,1876.4485045829858,4.754787279854696,1729821366.4596646
187.71430285166468,1877.1430285166468,4.735379694553025,1729821366.4696913
187.783471093162,1877.83471093162,4.716005747531481,1729821366.4796443
187.85235568129042,1878.5235568129042,4.696665789059574,1729821366.4896069
187.9209571196382,1879.2095711963818,4.677360166074362,1729821366.4995432
187.98927591683298,1879.8927591683298,4.658089222170151,1729821366.5096364
188.0573125864927,1880.573125864927,4.638853297588671,1729821366.5196965
188.12506764717622,1881.2506764717623,4.619652729209722,1729821366.529665
188.19254162233378,1881.9254162233378,4.600487850542345,1729821366.5396512
188.2597350402576,1882.597350402576,4.581358991716446,1729821366.5496616
188.3266484340321,1883.266484340321,4.562266479474877,1729821366.5596566
188.39328234148422,1883.9328234148422,4.543210637166043,1729821366.5696676
188.4596373051334,1884.596373051334,4.524191784736924,1729821366.5795908
188.52571387214175,1885.2571387214175,4.505210238726608,1729821366.589578
188.59151259426378,1885.9151259426378,4.486266312260264,1729821366.5998
188.6570340277964,1886.570340277964,4.467360315043617,1729821366.6095555
188.72227873352875,1887.2227873352876,4.448492553357827,1729821366.6195443
188.78724727669166,1887.8724727669166,4.429663330054861,1729821366.629635
188.85194022690754,1888.5194022690755,4.410872944553335,1729821366.6397104
188.91635815813984,1889.1635815813984,4.392121692834751,1729821366.6496613
188.98050164864262,1889.8050164864262,4.373409867440252,1729821366.659741
189.04437128091007,1890.4437128091008,4.354737757467758,1729821366.66958
189.10796764162595,1891.0796764162594,4.336105648569577,1729821366.6795926
189.171291321613,1891.7129132161301,4.3175138229504615,1729821366.6896074
189.23434291578246,1892.3434291578246,4.298962559366073,1729821366.6996708
189.29712302308332,1892.971230230833,4.280452133121889,1729821366.7098887
189.3596322464518,1893.5963224645182,4.261982816072539,1729821366.7195795
189.42187119276076,1894.2187119276077,4.2435548766215625,1729821366.7297263
189.48384047276897,1894.8384047276897,4.22516857972159,1729821366.73958
189.54554070107062,1895.4554070107063,4.206824186874927,1729821366.7496488
189.60697249604465,1896.0697249604464,4.188521956134569,1729821366.759813
189.66813647980428,1896.6813647980428,4.170262142105608,1729821366.7696285
189.72903327814632,1897.2903327814631,4.152044995947039,1729821366.7797086
189.78966352050082,1897.8966352050084,4.133870765373999,1729821366.7896125
189.8500278398805,1898.5002783988052,4.115739694660354,1729821366.7996655
189.91012687283032,1899.1012687283032,4.097652024641723,1729821366.8096464
189.96996125937713,1899.6996125937712,4.079607992718872,1729821366.8196063
190.02953164297935,1900.2953164297935,4.061607832861464,1729821366.8296258
190.08883867047672,1900.888386704767,4.043651775612242,1729821366.8396754
190.14788299204005,1901.4788299204006,4.025740048091544,1729821366.8498766
190.20666526112117,1902.0666526112118,4.007872874002208,1729821366.8601837
190.26518613440282,1902.6518613440282,3.990050473634844,1729821366.8696904
190.32344627174874,1903.2344627174873,3.972273063873453,1729821366.8796232
190.38144633615372,1903.814463361537,3.954540858201421,1729821366.8896604
190.4391869936939,1904.3918699369392,3.9368540667078693,1729821366.8996203
190.49666891347707,1904.9666891347706,3.9192128960943244,1729821366.909752
190.55389276759297,1905.5389276759297,3.901617549681776,1729821366.9196024
190.61085923106404,1906.1085923106405,3.8840682274180387,1729821366.92973
190.66756898179585,1906.6756898179585,3.8665651258854514,1729821366.9395816
190.724022700528,1907.2402270052798,3.8491084383089462,1729821366.9495783
190.78022107078488,1907.8022107078486,3.8316983545643875,1729821366.9599564
190.8361647788268,1908.3616477882679,3.8143350611872893,1729821366.9695785
190.89185451360103,1908.9185451360104,3.797018741381797,1729821366.979619
190.94729096669312,1909.4729096669312,3.779749575030029,1729821366.9896145
191.00247483227832,1910.0247483227831,3.7625277387017033,1729821366.9995968
191.05740680707316,1910.5740680707318,3.7453534056640483,1729821367.0095713
191.11208759028713,1911.1208759028714,3.72822674589205,1729821367.0196207
191.16651788357456,1911.6651788357456,3.7111479260789806,1729821367.0296981
191.22069839098663,1912.2069839098663,3.6941171096471987,1729821367.0397437
191.2746298189236,1912.7462981892359,3.6771344567592688,1729821367.049664
191.3283128760871,1913.283128760871,3.660200124329331,1729821367.0599682
191.38174827343275,1913.8174827343275,3.6433142660347486,1729821367.06956
191.4349367241228,1914.3493672412278,3.626477032328055,1729821367.0797062
191.487878943479,1914.87878943479,3.609688570449125,1729821367.0896485
191.54057564893571,1915.4057564893571,3.5929490244376443,1729821367.0996335
191.59302755999315,1915.9302755999315,3.576258535145809,1729821367.109709
191.64523539817074,1916.4523539817073,3.5596172402513093,1729821367.119713
191.69719988696087,1916.9719988696088,3.543025274270526,1729821367.1296759
191.7489217517827,1917.489217517827,3.526482768571991,1729821367.1396728
191.80040171993608,1918.0040171993608,3.5099898513900656,1729821367.1496089
191.85164052055595,1918.5164052055595,3.49354664783889,1729821367.1596518
191.90263888456664,1919.0263888456664,3.4771532799265272,1729821367.1696305
191.95339754463666,1919.5339754463666,3.460809866569351,1729821367.179649
192.00391723513343,1920.0391723513344,3.444516523606627,1729821367.1896505
192.0541986920785,1920.541986920785,3.4282733638153498,1729821367.1996708
192.10424265310274,1921.0424265310276,3.412080496925246,1729821367.20956
192.154049857402,1921.54049857402,3.3959380296340353,1729821367.2195504
192.20362104569264,1922.0362104569265,3.3798460656228255,1729821367.2297254
192.25295696016786,1922.5295696016788,3.363804705571789,1729821367.239663
192.30205834445357,1923.0205834445358,3.3478140471759263,1729821367.2495737
192.35092594356507,1923.5092594356506,3.331874185161141,1729821367.259648
192.39956050386365,1923.9956050386365,3.3159852113003727,1729821367.2697053
192.44796277301353,1924.4796277301352,3.3001472144300066,1729821367.2796304
192.49613349993905,1924.9613349993906,3.2843602804664083,1729821367.2895994
192.54407343478206,1925.4407343478206,3.2686244924226338,1729821367.299597
192.59178332885963,1925.9178332885963,3.252939930425318,1729821367.3097005
192.6392639346219,1926.392639346219,3.2373066717317154,1729821367.3196301
192.68651600561034,1926.8651600561034,3.221724790746897,1729821367.329657
192.7335402964161,1927.335402964161,3.2061943590410924,1729821367.339598
192.78033756263866,1927.8033756263867,3.1907154453672013,1729821367.3495615
192.82690856084488,1928.269085608449,3.1752881156784345,1729821367.3596652
192.8732540485281,1928.732540485281,3.1599124331460913,1729821367.3696136
192.91937478406766,1929.1937478406767,3.144588458177472,1729821367.3796759
192.96527152668855,1929.6527152668855,3.1293162484339336,1729821367.389597
193.01094503642153,1930.1094503642153,3.1140958588490553,1729821367.3996055
193.05639607406326,1930.5639607406326,3.098927341646936,1729821367.4097085
193.1016254011369,1931.0162540113693,3.083810746360617,1729821367.4196134
193.14663377985292,1931.4663377985291,3.0687461198505956,1729821367.429639
193.1914219730701,1931.914219730701,3.053733506323487,1729821367.4396846
193.235990744257,1932.3599074425701,3.038772947350741,1729821367.449666
193.2803408574535,1932.8034085745348,3.0238644818875033,1729821367.4596667
193.3244730772327,1933.244730772327,3.009008146291564,1729821367.4696558
193.3683881686632,1933.6838816866318,2.9942039743423785,1729821367.4796226
193.4120868972714,1934.1208689727139,2.9794519972602225,1729821367.4895704
193.45557002900443,1934.5557002900443,2.9647522437253824,1729821367.4996226
193.49883833019308,1934.9883833019308,2.9501047398974634,1729821367.5098834
193.5418925675151,1935.418925675151,2.9355095094347665,1729821367.5196016
193.58473350795887,1935.8473350795887,2.9209665735137293,1729821367.52961
193.6273619187872,1936.2736191878719,2.9064759508484603,1729821367.5396936
193.66977856750154,1936.6977856750154,2.892037657710324,1729821367.5495968
193.7119842218065,1937.1198422180648,2.8776517079475856,1729821367.5601342
193.7539796495745,1937.539796495745,2.863318113005136,1729821367.5695808
193.7957656188109,1937.957656188109,2.849036881944244,1729821367.5795662
193.83734289761927,1938.3734289761926,2.8348080214623868,1729821367.5896046
193.87871225416706,1938.7871225416707,2.820631535913123,1729821367.6003644
193.91987445665143,1939.1987445665143,2.806507427325997,1729821367.6096468
193.96083027326554,1939.6083027326554,2.7924356954265286,1729821367.619667
194.00158047216505,1940.0158047216505,2.7784163376561755,1729821367.6296597
194.04212582143484,1940.4212582143484,2.764449349192381,1729821367.6396554
194.0824670890562,1940.824670890562,2.7505347229686437,1729821367.6496565
194.12260504287414,1941.2260504287415,2.736672449694597,1729821367.6599116
194.16254045056507,1941.6254045056507,2.722862517876138,1729821367.6696093
194.20227407960482,1942.0227407960483,2.709104913835589,1729821367.6796181
194.24180669723688,1942.4180669723687,2.6953996217318257,1729821367.6896684
194.28113907044096,1942.8113907044096,2.6817466235804663,1729821367.6996357
194.32027196590184,1943.2027196590184,2.6681458992740805,1729821367.709633
194.35920614997858,1943.5920614997858,2.654597426602367,1729821367.7196708
194.39794238867395,1943.9794238867396,2.6411011812723744,1729821367.7297542
194.43648144760414,1944.3648144760414,2.6276571369286903,1729821367.7397296
194.47482409196886,1944.7482409196887,2.6142652651737035,1729821367.7496767
194.51297108652167,1945.1297108652168,2.6009255355877525,1729821367.7596803
194.5509231955406,1945.509231955406,2.5876379157493745,1729821367.7696404
194.5886811827991,1945.8868118279909,2.574402371255497,1729821367.7796872
194.62624581153727,1946.2624581153727,2.5612188657416195,1729821367.7896702
194.66361784443342,1946.6361784443343,2.5480873609019725,1729821367.7997012
194.70079804357582,1947.007980435758,2.535007816509714,1729821367.809579
194.7377871704349,1947.377871704349,2.521980190437042,1729821367.819662
194.7745859858356,1947.7458598583562,2.509004438675316,1729821367.829692
194.81119524993017,1948.1119524993017,2.4960805153551715,1729821367.8397295
194.847615722171,1948.47615722171,2.4832083727665712,1729821367.8496773
194.88384816128416,1948.8384816128416,2.470387961378855,1729821367.859718
194.91989332524275,1949.1989332524277,2.457619229860749,1729821367.8696513
194.95575197124097,1949.5575197124097,2.4449021251003455,1729821367.8796074
194.99142485566816,1949.9142485566815,2.4322365922250353,1729821367.8895519
195.02691273408337,1950.2691273408336,2.419622574621434,1729821367.8996723
195.06221636119005,1950.6221636119005,2.4070600139552067,1729821367.909829
195.09733649081116,1950.9733649081115,2.3945488501909282,1729821367.9196148
195.13227387586443,1951.3227387586444,2.3820890216118316,1729821367.9296372
195.1670292683381,1951.670292683381,2.3696804648395493,1729821367.9396236
195.20160341926672,1952.0160341926671,2.357323114853774,1729821367.9496381
195.23599707870747,1952.3599707870746,2.345016905011921,1729821367.959924
195.27021099571652,1952.7021099571652,2.332761767068654,1729821367.9695356
195.304245918326,1953.0424591832598,2.3205576311954634,1729821367.9795744
195.3381025935208,1953.381025935208,2.3084044260000636,1729821367.9896185
195.37178176721622,1953.7178176721623,2.296302078545852,1729821367.999676
195.40528418423534,1954.0528418423535,2.284250514371213,1729821368.0096407
195.43861058828713,1954.3861058828713,2.272249657508818,1729821368.0195816
195.47176172194452,1954.7176172194452,2.2602994305048196,1729821368.0296474
195.50473832662294,1955.0473832662294,2.2483997544380263,1729821368.0396554
195.53754114255906,1955.3754114255908,2.236550548938942,1729821368.0495675
195.57017090878986,1955.7017090878985,2.2247517322088197,1729821368.0596206
195.60262836313186,1956.0262836313186,2.213003221038559,1729821368.0696144
195.63491424216082,1956.3491424216081,2.2013049308276043,1729821368.079639
195.66702928119156,1956.6702928119157,2.1896567756026983,1729821368.0897818
195.69897421425804,1956.9897421425803,2.1780586680366114,1729821368.099684
195.7307497740939,1957.3074977409392,2.1665105194667995,1729821368.109611
195.76235669211306,1957.6235669211305,2.1550122399139107,1729821368.1196718
195.79379569839065,1957.9379569839066,2.1435637381002963,1729821368.1297953
195.82506752164434,1958.2506752164434,2.1321649214683984,1729821368.1397803
195.8561728892158,1958.561728892158,2.1208156961990423,1729821368.1496587
195.88711252705235,1958.8711252705234,2.109515967229655,1729821368.1597378
195.9178871596892,1959.178871596892,2.0982656382724465,1729821368.1695774
195.94849751023156,1959.4849751023157,2.0870646118323966,1729821368.179572
195.9789443003373,1959.789443003373,2.0759127892252587,1729821368.189603
196.0092282501997,1960.092282501997,2.064810070595412,1729821368.199667
196.03935007853062,1960.393500785306,2.0537563549336633,1729821368.2096384
196.06931050254371,1960.693105025437,2.042751540094884,1729821368.2196145
196.0991102379382,1960.991102379382,2.0317955228156728,1729821368.2296805
196.12874999888254,1961.2874999888254,2.020888198731781,1729821368.239685
196.15823049799866,1961.5823049799865,2.0100294623955652,1729821368.249756
196.18755244634627,1961.8755244634626,1.999219207293287,1729821368.2597291
196.2167165534075,1962.1671655340751,1.988457325862305,1729821368.269613
196.24572352707176,1962.4572352707175,1.9777437095082004,1729821368.2796373
196.2745740736208,1962.745740736208,1.9670782486217822,1729821368.2896085
196.30326889771425,1963.0326889771425,1.9564608325959996,1729821368.2996187
196.33180870237499,1963.3180870237497,1.9458913498427415,1729821368.3098989
196.36019418897519,1963.6019418897517,1.9353696878095605,1729821368.319637
196.38842605722232,1963.8842605722232,1.9248957329962697,1729821368.3297076
196.41650500514555,1964.1650500514556,1.9144693709714518,1729821368.3396058
196.44443172908228,1964.4443172908227,1.904090486388832,1729821368.3496475
196.47220692366497,1964.7220692366498,1.8937589630036027,1729821368.3597257
196.4998312818082,1964.998312818082,1.883474683688601,1729821368.3695834
196.52730549469607,1965.2730549469607,1.873237530450377,1729821368.3795474
196.5546302517695,1965.546302517695,1.863047384445157,1729821368.3896399
196.58180624071423,1965.8180624071424,1.852904125994748,1729821368.3999798
196.60883414744865,1966.0883414744865,1.842807634602274,1729821368.409521
196.6357146561121,1966.357146561121,1.832757788967815,1729821368.4196377
196.6624484490533,1966.624484490533,1.822754467003961,1729821368.429641
196.68903620681903,1966.8903620681904,1.8127975458512453,1729821368.43964
196.71547860814303,1967.1547860814303,1.802886901893459,1729821368.4496486
196.7417763299351,1967.417763299351,1.7930224107728514,1729821368.459641
196.7679300472705,1967.679300472705,1.783203947405259,1729821368.4696503
196.79394043337948,1967.9394043337948,1.7734313859950572,1729821368.4796736
196.81980815963703,1968.1980815963702,1.7637046000500676,1729821368.489605
196.84553389555296,1968.4553389555297,1.7540234623962943,1729821368.4997272
196.87111830876205,1968.7111830876206,1.7443878451926111,1729821368.5097773
196.8965620650145,1968.965620650145,1.7347976199452604,1729821368.5195806
196.9218658281666,1969.218658281666,1.7252526575223155,1729821368.529986
196.9470302601715,1969.4703026017148,1.7157528281679704,1729821368.539629
196.97205602107033,1969.7205602107033,1.7062980015167644,1729821368.5496786
196.9969437689835,1969.969437689835,1.696888046607635,1729821368.5597703
197.0216941601021,1970.216941601021,1.6875228318979194,1729821368.569618
197.04630784867956,1970.4630784867957,1.6782022252771953,1729821368.5796785
197.0707854870236,1970.7078548702361,1.6689260940810517,1729821368.5896046
197.09512772548828,1970.9512772548828,1.6596943051046904,1729821368.599724
197.1193352124662,1971.1933521246622,1.650506724616458,1729821368.609551
197.1434085943811,1971.434085943811,1.6413632183712488,1729821368.6195977
197.16734851568037,1971.6734851568037,1.63226365162379,1729821368.629628
197.19115561882805,1971.9115561882804,1.6232078891418174,1729821368.6397
197.2148305442978,1972.148305442978,1.6141957952191395,1729821368.6498022
197.23837393056613,1972.3837393056613,1.6052272336885633,1729821368.6595612
197.2617864141059,1972.617864141059,1.5963020679347637,1729821368.6696599
197.28506862937988,1972.8506862937988,1.5874201609069485,1729821368.6796596
197.3082212088345,1973.0822120883452,1.5785813751314977,1729821368.6897476
197.33124478289398,1973.3124478289396,1.5697855727244492,1729821368.699625
197.3541399799543,1973.5413997995431,1.5610326154038572,1729821368.7096817
197.37690742637776,1973.7690742637776,1.552322364502054,1729821368.7196574
197.39954774648726,1973.9954774648727,1.5436546809778062,1729821368.7297075
197.4220615625612,1974.220615625612,1.5350294254283399,1729821368.7396638
197.44444949482823,1974.4444949482822,1.5264464581012676,1729821368.7496974
197.46671216146237,1974.6671216146237,1.5179056389063796,1729821368.759831
197.4888501785782,1974.888501785782,1.5094068274273487,1729821368.7696269
197.51086416022622,1975.1086416022622,1.5009498829332864,1729821368.7796018
197.53275471838842,1975.3275471838842,1.4925346643902277,1729821368.789595
197.55452246297406,1975.5452246297407,1.4841610304725035,1729821368.7997055
197.57616800181543,1975.7616800181543,1.4758288395739183,1729821368.8097239
197.59769194066405,1975.9769194066405,1.46753794981896,1729821368.8196552
197.61909488318673,1976.1909488318674,1.4592882190737382,1729821368.8296082
197.64037743096208,1976.4037743096208,1.4510795049569531,1729821368.8396893
197.66154018347694,1976.6154018347695,1.4429116648506466,1729821368.8495643
197.68258373812313,1976.8258373812314,1.4347845559108916,1729821368.8596547
197.7035086901942,1977.0350869019421,1.4266980350783887,1729821368.8696153
197.7243156328826,1977.243156328826,1.4186519590889035,1729821368.879744
197.74500515727655,1977.4500515727655,1.4106461844836145,1729821368.8896186
197.76557785235767,1977.6557785235766,1.402680567619392,1729821368.8995714
197.7860343049981,1977.860343049981,1.3947549646788642,1729821368.9099548
197.8063750999584,1978.0637509995838,1.386869231680516,1729821368.9196546
197.826600819885,1978.26600819885,1.3790232244885456,1729821368.9297323
197.8467120453083,1978.467120453083,1.3712167988226924,1729821368.939643
197.86670935464056,1978.6670935464056,1.3634498102679342,1729821368.949632
197.88659332417413,1978.8659332417412,1.3557221142840992,1729821368.9597008
197.90636452807973,1979.0636452807973,1.3480335662153196,1729821368.9696236
197.92602353840493,1979.2602353840493,1.3403840212994163,1729821368.979623
197.94557092507264,1979.4557092507264,1.332773334677173,1729821368.9897196
197.96500725587993,1979.6500725587994,1.3252013614015223,1729821368.9997923
197.98433309649673,1979.8433309649672,1.317667956446567,1729821369.0095873
198.003549010465,1980.03549010465,1.310172974716585,1729821369.0195215
198.0226555591977,1980.2265555919769,1.3027162710548237,1729821369.0296116
198.041653301978,1980.4165330197798,1.295297700252306,1729821369.0395982
198.06054279595872,1980.6054279595874,1.287917117056431,1729821369.0498488
198.07932459616183,1980.7932459616181,1.2805743761795498,1729821369.059906
198.097999255478,1980.97999255478,1.2732693323073865,1729821369.0696108
198.11656732466628,1981.1656732466627,1.2660018401073612,1729821369.079612
198.13502935235414,1981.3502935235415,1.2587717542368755,1729821369.0896802
198.15338588503727,1981.5338588503728,1.2515789293513966,1729821369.0996542
198.17163746707968,1981.7163746707968,1.2444232201125147,1729821369.1098664
198.18978464071404,1981.8978464071404,1.2373044811959102,1729821369.11962
198.20782794604185,1982.0782794604183,1.230222567299125,1729821369.1295774
198.22576792103393,1982.2576792103393,1.223177333149359,1729821369.1397073
198.24360510153105,1982.4360510153106,1.2161686335110926,1729821369.1495733
198.26134002124442,1982.6134002124443,1.2091963231936114,1729821369.15967
198.2789732117566,1982.789732117566,1.2022602570584806,1729821369.1696718
198.29650520252235,1982.9650520252235,1.1953602900268838,1729821369.1796932
198.3139365208695,1983.139365208695,1.188496277086863,1729821369.1896749
198.33126769200018,1983.3126769200019,1.1816680733005165,1729821369.199799
198.34849923899193,1983.4849923899194,1.1748755338110208,1729821369.2096884
198.365631682799,1983.65631682799,1.1681185138496244,1729821369.2195957
198.3826655422538,1983.826655422538,1.1613968687425271,1729821369.2296457
198.39960133406825,1983.9960133406826,1.1547104539176503,1729821369.2397127
198.4164395728356,1984.1643957283559,1.1480591249113403,1729821369.24976
198.43318077103186,1984.3318077103186,1.141442737374954,1729821369.2598443
198.44982543901776,1984.4982543901776,1.1348611470814025,1729821369.2696898
198.46637408504057,1984.6637408504057,1.1283142099315335,1729821369.2796564
198.48282721523606,1984.8282721523606,1.1218017819604769,1729821369.289623
198.49918533363055,1984.9918533363054,1.1153237193438863,1729821369.2995772
198.51544894214314,1985.1544894214314,1.1088798784040983,1729821369.3097644
198.53161854058786,1985.3161854058785,1.1024701156161592,1729821369.3196614
198.547694626676,1985.47694626676,1.0960942876138469,1729821369.3296819
198.5636776960186,1985.6367769601861,1.0897522511955526,1729821369.3396049
198.57956824212891,1985.7956824212893,1.0834438633300452,1729821369.3495448
198.59536675642494,1985.9536675642494,1.077168981162235,1729821369.3599217
198.61107372823213,1986.1107372823212,1.070927462018791,1729821369.3695881
198.62668964478615,1986.2668964478617,1.0647191634136903,1729821369.379532
198.64221499123573,1986.4221499123573,1.058543943053682,1729821369.3896072
198.6576502506455,1986.576502506455,1.0524016588436589,1729821369.3997133
198.67299590399898,1986.7299590399898,1.0462921688919704,1729821369.409676
198.68825243020171,1986.8825243020171,1.0402153315156597,1729821369.4196756
198.70342030608435,1987.0342030608435,1.0341710052455597,1729821369.4295864
198.71850000640586,1987.1850000640586,1.0281590488313719,1729821369.4397032
198.73349200385678,1987.3349200385678,1.022179321246656,1729821369.4496186
198.74839676906268,1987.4839676906267,1.0162316816937165,1729821369.4598055
198.76321477058747,1987.6321477058746,1.0103159896084066,1729821369.469708
198.77794647493695,1987.7794647493695,1.00443210466489,1729821369.479607
198.7925923465624,1987.925923465624,0.9985798867803042,1729821369.4897132
198.80715284786413,1988.0715284786413,0.992759196119334,1729821369.4997478
198.82162843919525,1988.2162843919525,0.9869698930987476,1729821369.5098295
198.8360195788654,1988.360195788654,0.9812118383918045,1729821369.519629
198.85032672314458,1988.5032672314458,0.9754848929326383,1729821369.5297167
198.86455032626705,1988.6455032626704,0.9697889179205448,1729821369.5396585
198.87869084043527,1988.7869084043527,0.9641237748241704,1729821369.5496693
198.8927487158239,1988.927487158239,0.9584893253856888,1729821369.5600264
198.9067244005839,1989.067244005839,0.9528854316248521,1729821369.5696158
198.92061834084666,1989.2061834084666,0.9473119558429812,1729821369.5795918
198.93443098072814,1989.3443098072814,0.9417687606269021,1729821369.5895777
198.94816276233317,1989.4816276233316,0.9362557088528143,1729821369.599671
198.9618141257597,1989.618141257597,0.9307726636900484,1729821369.6096723
198.97538550910323,1989.7538550910324,0.9253194886048246,1729821369.6195934
198.9888773484611,1989.888773484611,0.919896047363848,1729821369.6295695
199.00229007793706,1990.0229007793705,0.9145022040379556,1729821369.6396432
199.01562412964574,1990.1562412964574,0.9091378230055747,1729821369.6496842
199.0288799337172,1990.2887993371721,0.9038027689561923,1729821369.659648
199.04205791830154,1990.4205791830154,0.8984969068937478,1729821369.6696763
199.0551585095736,1990.551585095736,0.8932201021399444,1729821369.6796746
199.06818213173761,1990.681821317376,0.8879722203374798,1729821369.6895742
199.08112920703203,1990.8112920703204,0.8827531274532725,1729821369.6995618
199.09400015573425,1990.9400015573424,0.8775626897815436,1729821369.709651
199.1067953961655,1991.067953961655,0.8724007739469202,1729821369.7196615
199.1195153446957,1991.1951534469572,0.867267246907407,1729821369.7297418
199.13216041574847,1991.3216041574847,0.8621619759573336,1729821369.7396312
199.14473102180602,1991.4473102180602,0.8570848287302408,1729821369.7497246
199.15722757341416,1991.5722757341416,0.8520356732016698,1729821369.7598367
199.16965047918745,1991.6965047918745,0.847014377691965,1729821369.7695608
199.18200014581421,1991.820001458142,0.8420208108689189,1729821369.7795367
199.1942769780617,1991.942769780617,0.8370548417504566,1729821369.7895565
199.2064813787813,1992.064813787813,0.8321163397071829,1729821369.7998023
199.2186137489136,1992.1861374891362,0.8272051744649258,1729821369.8095405
199.2306744874939,1992.3067448749389,0.822321216107206,1729821369.819545
199.2426639916572,1992.426639916572,0.8174643350776241,1729821369.8296485
199.2545826566437,1992.545826566437,0.8126344021822498,1729821369.8396115
199.26643087580408,1992.6643087580408,0.8078312885919012,1729821369.849774
199.27820904060496,1992.7820904060495,0.8030548658443917,1729821369.8596659
199.2899175406342,1992.899175406342,0.7983050058467129,1729821369.86962
199.30155676360647,1993.0155676360646,0.7935815808772007,1729821369.879553
199.31312709536857,1993.1312709536858,0.7888844635875825,1729821369.8895419
199.3246289199051,1993.246289199051,0.7842135270050616,1729821369.8995879
199.3360626193439,1993.360626193439,0.7795686445342391,1729821369.9099424
199.34742857396162,1993.4742857396163,0.7749496899591066,1729821369.9196255
199.35872716218935,1993.5872716218935,0.770356537444862,1729821369.929666
199.36995876061823,1993.6995876061824,0.7657890615398046,1729821369.9396348
199.38112374400507,1993.8112374400507,0.7612471371770586,1729821369.9495914
199.392222485278,1993.9222248527801,0.75673063967634,1729821369.95965
199.40325535554226,1994.0325535554225,0.7522394447456375,1729821369.9696872
199.4142227240858,1994.142227240858,0.7477734284828395,1729821369.9795835
199.42512495838508,1994.251249583851,0.7433324673773201,1729821369.9896631
199.43596242411087,1994.3596242411086,0.7389164383114886,1729821369.999682
199.44673548513396,1994.4673548513397,0.734525218562299,1729821370.0096054
199.457444503531,1994.57444503531,0.7301586858026714,1729821370.019612
199.46808983959042,1994.6808983959043,0.7258167181029145,1729821370.029665
199.47867185181806,1994.7867185181806,0.7214991939320741,1729821370.039646
199.48919089694326,1994.8919089694325,0.7172059921592813,1729821370.0496924
199.49964732992464,1994.9964732992464,0.7129369920549924,1729821370.0597963
199.510041503956,1995.10041503956,0.7086920732922164,1729821370.0696511
199.52037377047225,1995.2037377047225,0.7044711159477495,1729821370.0796716
199.53064447915543,1995.3064447915542,0.7002740005032657,1729821370.0896316
199.54085397794051,1995.4085397794051,0.6961006078464416,1729821370.0995607
199.55100261302152,1995.5100261302152,0.6919508192720412,1729821370.110023
199.56109072885744,1995.6109072885743,0.6878245164829022,1729821370.1196308
199.57111866817814,1995.7111866817813,0.6837215815909414,1729821370.1297262
199.5810867719906,1995.8108677199061,0.6796418971181137,1729821370.139598
199.59099537958474,1995.9099537958473,0.6755853459972649,1729821370.1496668
199.60084482853955,1996.0084482853954,0.671551811573059,1729821370.1595318
199.6106354547291,1996.1063545472912,0.6675411776027507,1729821370.169659
199.62036759232865,1996.2036759232865,0.6635533282570258,1729821370.1796005
199.63004157382068,1996.3004157382068,0.659588148120728,1729821370.1896477
199.63965773000103,1996.3965773000104,0.6556455221935686,1729821370.1997495
199.64921638998496,1996.4921638998496,0.6517253358908115,1729821370.2096295
199.6587178812132,1996.587178812132,0.6478274750439383,1729821370.2195992
199.66816252945813,1996.6816252945814,0.643951825901246,1729821370.2296555
199.67755065882994,1996.7755065882993,0.6400982751284237,1729821370.239606
199.6868825917827,1996.868825917827,0.6362667098090715,1729821370.2501721
199.69615864912046,1996.9615864912046,0.632457017445232,1729821370.259654
199.7053791500035,1997.053791500035,0.6286690859578727,1729821370.2696655
199.71454441195434,1997.1454441195433,0.6249028036872866,1729821370.2796013
199.72365475086406,1997.2365475086406,0.6211580593935584,1729821370.2897687
199.73271048099832,1997.3271048099832,0.6174347422568762,1729821370.2995954
199.74171191500363,1997.4171191500363,0.6137327418779326,1729821370.309917
199.75065936391346,1997.5065936391345,0.6100519482781928,1729821370.3197026
199.7595531371544,1997.595531371544,0.6063922519002092,1729821370.329718
199.76839354255245,1997.6839354255244,0.6027535436078648,1729821370.339681
199.77718088633904,1997.7718088633903,0.5991357146865703,1729821370.3496573
199.78591547315736,1997.8591547315737,0.5955386568435057,1729821370.359664
199.7945976060685,1997.9459760606849,0.591962262207741,1729821370.3695533
199.80322758655754,1998.0322758655755,0.5884064233303765,1729821370.3796513
199.81180571453996,1998.1180571453997,0.5848710331846871,1729821370.3896294
199.82033228836758,1998.2033228836758,0.5813559851661378,1729821370.39983
199.82880760483496,1998.2880760483497,0.5778611730925012,1729821370.409566
199.83723195918552,1998.372319591855,0.5743864912038323,1729821370.4197228
199.84560564511762,1998.4560564511762,0.5709318341624692,1729821370.429725
199.85392895479097,1998.5392895479097,0.5674970970530588,1729821370.439719
199.86220217883266,1998.6220217883265,0.5640821753824157,1729821370.4496734
199.8704256063434,1998.7042560634338,0.5606869650795177,1729821370.4600804
199.8785995249037,1998.7859952490371,0.5573113624953607,1729821370.4697142
199.88672422058013,1998.8672422058014,0.5539552644028238,1729821370.4796293
199.89479997793137,1998.9479997793137,0.5506185679965374,1729821370.4896064
199.9028270800145,1999.028270800145,0.5473011708926969,1729821370.4996285
199.91080580839116,1999.1080580839116,0.5440029711288479,1729821370.5099075
199.9187364431337,1999.1873644313368,0.5407238671636656,1729821370.5197392
199.92661926283134,1999.2661926283133,0.5374637578767136,1729821370.530997
199.93445454459643,1999.3445454459643,0.5342225425681719,1729821370.539601
199.94224256407048,1999.422425640705,0.53100012095851,1729821370.5496564
199.94998359543047,1999.4998359543047,0.5277963931882437,1729821370.5597365
199.95767791139482,1999.5767791139483,0.5246112598174961,1729821370.569639
199.96532578322976,1999.6532578322976,0.5214446218257458,1729821370.5797038
199.97292748075526,1999.7292748075527,0.5182963806113556,1729821370.5895944
199.98048327235134,1999.8048327235133,0.5151664379912373,1729821370.599744
199.9879934249641,1999.8799342496409,0.5120546962003876,1729821370.6095595
199.99545820411186,1999.9545820411186,0.5089610578914745,1729821370.6197262
200.00287787389135,2000.0287787389134,0.5058854261343613,1729821370.6296842
200.0102526969837,2000.102526969837,0.5028277044156284,1729821370.6397088
200.01758293466065,2000.1758293466064,0.49978779663809236,1729821370.6496081
200.0248688467906,2000.248688467906,0.4967656071202833,1729821370.6596828
200.0321106918447,2000.3211069184472,0.4937610405958659,1729821370.6696863
200.03930872690296,2000.3930872690296,0.49077400221315814,1729821370.6797483
200.04646320766028,2000.4646320766028,0.48780439753450056,1729821370.6897454
200.05357438843254,2000.5357438843253,0.48485213253569315,1729821370.6996663
200.06064252216265,2000.6064252216265,0.48191711360540035,1729821370.7097526
200.0676678604266,2000.676678604266,0.4789992475444955,1729821370.7196105
200.0746506534395,2000.746506534395,0.47609844156545345,1729821370.729677
200.0815911500616,2000.815911500616,0.4732146032916824,1729821370.7396193
200.08848959780428,2000.8848959780428,0.47034764075683677,1729821370.7497318
200.09534624283611,2000.953462428361,0.46749746240416323,1729821370.759698
200.10216132998883,2001.0216132998883,0.46466397708577256,1729821370.7696936
200.1089351027633,2001.089351027633,0.46184709406192903,1729821370.7797022
200.11566780333553,2001.1566780333553,0.45904672300031857,1729821370.7896416
200.1223596725626,2001.223596725626,0.4562627739753009,1729821370.7997067
200.1290109499886,2001.290109499886,0.4534951574671493,1729821370.809618
200.1356218738507,2001.356218738507,0.4507437843612867,1729821370.819697
200.14219268108488,2001.4219268108488,0.4480085659474633,1729821370.829575
200.14872360733202,2001.4872360733202,0.4452894139189998,1729821370.8396218
200.15521488694367,2001.5521488694367,0.4425862403719134,1729821370.8496475
200.16166675298808,2001.616667529881,0.439898957804163,1729821370.8598938
200.168079437256,2001.68079437256,0.4372274791147377,1729821370.8696496
200.1744531702666,2001.7445317026659,0.4345717176028363,1729821370.8797212
200.18078818127316,2001.8078818127315,0.4319315869669986,1729821370.889612
200.1870846982692,2001.870846982692,0.42930700130423505,1729821370.8997102
200.19334294799404,2001.9334294799405,0.4266978751091153,1729821370.9100142
200.19956315593885,2001.9956315593886,0.4241041232728837,1729821370.919608
200.20574554635223,2002.0574554635223,0.4215256610825251,1729821370.9297097
200.2118903422462,2002.118903422462,0.41896240421987985,1729821370.939549
200.21799776540183,2002.1799776540183,0.41641426876066356,1729821370.9496186
200.2240680363751,2002.240680363751,0.4138811711735433,1729821370.959713
200.23010137450254,2002.3010137450253,0.4113630283191978,1729821370.9696014
200.2360979979071,2002.360979979071,0.4088597574493229,1729821370.9796486
200.24205812350382,2002.4205812350383,0.40637127620567925,1729821370.9896076
200.2479819670055,2002.479819670055,0.40389750261907453,1729821370.999748
200.25386974292837,2002.5386974292837,0.40143835510839176,1729821371.0095394
200.25972166459786,2002.5972166459787,0.39899375247960167,1729821371.0195808
200.2655379441542,2002.655379441542,0.3965636139247146,1729821371.0296
200.2713187925581,2002.713187925581,0.3941478590207752,1729821371.0397182
200.27706441959634,2002.7706441959635,0.3917464077288195,1729821371.049635
200.28277503388742,2002.8277503388742,0.38935918039285555,1729821371.0597522
200.28845084288713,2002.8845084288714,0.3869860977387991,1729821371.0696092
200.29409205289417,2002.9409205289417,0.3846270808734258,1729821371.0797465
200.29969886905573,2002.9969886905574,0.3822820512833105,1729821371.089735
200.30527149537298,2003.0527149537297,0.3799509308337332,1729821371.0995913
200.31081013470668,2003.1081013470668,0.3776336417676345,1729821371.1096904
200.3163149887827,2003.1631498878269,0.37533010670449274,1729821371.119585
200.32178625819742,2003.2178625819743,0.37304024863926033,1729821371.1297452
200.32722414242335,2003.2722414242335,0.37076399094125323,1729821371.1396494
200.33262883981456,2003.3262883981456,0.3685012573530515,1729821371.1496394
200.33800054761213,2003.3800054761214,0.3662519719893571,1729821371.1596277
200.3433394619496,2003.433394619496,0.3640160593359032,1729821371.169514
200.34864577785837,2003.4864577785836,0.36179344424831017,1729821371.1797063
200.3539196892731,2003.539196892731,0.35958405195098075,1729821371.1896167
200.35916138903724,2003.5916138903724,0.3573878080359312,1729821371.1997094
200.36437106890816,2003.6437106890817,0.35520463846165784,1729821371.2096279
200.36954891956273,2003.6954891956273,0.35303446955199513,1729821371.2196004
200.37469513060256,2003.7469513060255,0.3508772279949377,1729821371.2297304
200.37980989055933,2003.7980989055932,0.34873284084151424,1729821371.2396889
200.3848933869001,2003.848933869001,0.34660123550459376,1729821371.2497241
200.3899458060326,2003.8994580603262,0.3444823397577328,1729821371.2596905
200.39496733331057,2003.9496733331057,0.34237608173399225,1729821371.269618
200.39995815303888,2003.9995815303887,0.34028238992475446,1729821371.279678
200.40491844847887,2004.0491844847886,0.3382011931785489,1729821371.2895992
200.40984840185354,2004.0984840185354,0.3361324206998586,1729821371.2996376
200.41474819435277,2004.1474819435277,0.3340760020479352,1729821371.309841
200.41961800613848,2004.196180061385,0.33203186713557864,1729821371.3195863
200.42445801634983,2004.2445801634983,0.3299999462279737,1729821371.3297167
200.42926840310832,2004.2926840310834,0.32798016994144463,1729821371.339607
200.43404934352296,2004.3404934352295,0.3259724692422954,1729821371.349632
200.43880101369538,2004.3880101369539,0.3239767754455607,1729821371.3596442
200.44352358872496,2004.4352358872495,0.32199302021379816,1729821371.3696105
200.4482172427138,2004.482172427138,0.32002113555587686,1729821371.3796184
200.45288214877195,2004.5288214877196,0.31806105382576577,1729821371.389676
200.4575184790223,2004.575184790223,0.31611270772129396,1729821371.3997214
200.46212640460564,2004.6212640460565,0.31417603028291596,1729821371.4106646
200.46670609568577,2004.6670609568578,0.3122509548925305,1729821371.419723
200.47125772145435,2004.7125772145434,0.3103374152721856,1729821371.42963
200.47578145013594,2004.7578145013595,0.30843534548288654,1729821371.439906
200.48027744899298,2004.8027744899298,0.306544679923356,1729821371.449667
200.48474588433064,2004.8474588433064,0.3046653533287711,1729821371.4597018
200.48918692150184,2004.8918692150185,0.30279730076955724,1729821371.4697292
200.49360072491206,2004.9360072491206,0.3009404576501056,1729821371.4797702
200.49798745802426,2004.9798745802425,0.29909475970757216,1729821371.4895804
200.50234728336375,2005.0234728336375,0.2972601430106008,1729821371.4995878
200.506680362523,2005.06680362523,0.2954365439580813,1729821371.511971
200.51098685616654,2005.1098685616653,0.293623899277915,1729821371.5197527
200.51526692403564,2005.1526692403563,0.2918221460257482,1729821371.5300453
200.51952072495325,2005.1952072495326,0.29003122158371974,1729821371.5397222
200.52374841682862,2005.2374841682863,0.28825106365921416,1729821371.5496216
200.52795015666217,2005.2795015666218,0.2864816102836216,1729821371.5599356
200.53212610055016,2005.3212610055016,0.2847227998110555,1729821371.5697155
200.53627640368944,2005.3627640368945,0.2829745709171161,1729821371.5797937
200.5404012203821,2005.4040122038211,0.2812368625976185,1729821371.589681
200.54450070404022,2005.4450070404023,0.27950961416735653,1729821371.6004345
200.54857500719044,2005.4857500719045,0.27779276525882723,1729821371.6100547
200.5526242814787,2005.526242814787,0.2760862558209749,1729821371.619621
200.55664867767476,2005.5664867767475,0.2743900261179282,1729821371.6298435
200.5606483456769,2005.606483456769,0.27270401672776723,1729821371.6396723
200.56462343451645,2005.6462343451644,0.271028168541227,1729821371.6500833
200.56857409236235,2005.6857409236236,0.26936242276045386,1729821371.6604624
200.57250046652575,2005.7250046652575,0.26770672089776193,1729821371.6697063
200.57640270346448,2005.7640270346449,0.26606100477434724,1729821371.6797843
200.5802809487876,2005.802809487876,0.26442521651904594,1729821371.6896567
200.5841353472599,2005.841353472599,0.26279929856707307,1729821371.6997244
200.58796604280633,2005.8796604280633,0.26118319365873655,1729821371.7108514
200.59177317851652,2005.9177317851652,0.2595768448382274,1729821371.7196684
200.59555689664916,2005.9555689664917,0.25798019545232664,1729821371.72973
200.59931733863644,2005.9931733863643,0.2563931891491582,1729821371.7399652
200.6030546450885,2006.030546450885,0.25481576987692955,1729821371.749624
200.6067689557977,2006.0676895579768,0.25324788188267044,1729821371.7601967
200.6104604097431,2006.104604097431,0.25168946971099126,1729821371.769718
200.61412914509475,2006.1412914509474,0.2501404782028147,1729821371.7797487
200.61777529921804,2006.1777529921803,0.2486008524941341,1729821371.7896035
200.62139900867794,2006.2139900867794,0.24707053801473977,1729821371.7998521
200.6250004092434,2006.250004092434,0.24554948048700576,1729821371.8096082
200.62857963589155,2006.2857963589156,0.2440376259245931,1729821371.8196445
200.632136822812,2006.3213682281198,0.24253492063122772,1729821371.829686
200.63567210341097,2006.3567210341098,0.24104131119944627,1729821371.8397384
200.63918561031565,2006.3918561031564,0.23955674450934916,1729821371.849952
200.64267747537835,2006.4267747537835,0.23808116772736776,1729821371.8598883
200.64614782968064,2006.4614782968065,0.2366145283049783,1729821371.8697038
200.64959680353755,2006.4959680353754,0.23515677397749934,1729821371.8797135
200.65302452650167,2006.5302452650167,0.23370785276284645,1729821371.8896606
200.65643112736734,2006.5643112736734,0.23226771296027993,1729821371.899695
200.65981673417474,2006.5981673417473,0.23083630314917203,1729821371.9097207
200.66318147421396,2006.6318147421396,0.22941357218776526,1729821371.9197245
200.66652547402904,2006.6652547402905,0.22799946921194492,1729821371.9297101
200.66984885942213,2006.6984885942213,0.2265939436340152,1729821371.9397542
200.67315175545744,2006.7315175545743,0.22519694514143795,1729821371.9495711
200.67643428646525,2006.7643428646525,0.22380842369563192,1729821371.9598284
200.67969657604598,2006.79696576046,0.22242832953073988,1729821371.9695807
200.6829387470741,2006.829387470741,0.2210566131523941,1729821371.9796805
200.68616092170214,2006.8616092170214,0.21969322533650848,1729821371.9897215
200.68936322136463,2006.8936322136462,0.2183381171280474,1729821371.9996912
200.692545766782,2006.92545766782,0.21699123983979307,1729821372.0095403
200.6957086779645,2006.957086779645,0.21565254505117126,1729821372.0197089
200.69885207421612,2006.9885207421612,0.2143219846070008,1729821372.0297513
200.70197607413849,2007.0197607413847,0.2129995106162874,1729821372.039634
200.70508079563461,2007.050807956346,0.21168507545101756,1729821372.0497084
200.70816635591282,2007.0816635591282,0.21037863174496474,1729821372.0597296
200.71123287149058,2007.1123287149057,0.20908013239247802,1729821372.0696316
200.71428045819826,2007.1428045819825,0.20778953054725813,1729821372.079691
200.71730923118292,2007.1730923118294,0.2065067796211797,1729821372.0896451
200.72031930491212,2007.2031930491212,0.20523183328310646,1729821372.0996141
200.72331079317766,2007.2331079317767,0.20396464545766557,1729821372.1096792
200.72628380909924,2007.2628380909923,0.20270517032406632,1729821372.1196527
200.7292384651283,2007.292384651283,0.20145336231493483,1729821372.1301572
200.73217487305163,2007.3217487305164,0.20020917611509548,1729821372.1395938
200.73509314399507,2007.3509314399507,0.19897256666040564,1729821372.1496766
200.73799338842718,2007.3799338842718,0.1977434891365708,1729821372.1598444
200.74087571616292,2007.4087571616292,0.19652189897797046,1729821372.1695526
200.74374023636722,2007.4374023636722,0.19530775186647142,1729821372.1795695
200.74658705755863,2007.4658705755862,0.1941010037302644,1729821372.1895447
200.74941628761292,2007.4941628761292,0.19290161074269685,1729821372.199645
200.7522280337666,2007.5222803376662,0.1917095293211042,1729821372.2096562
200.75502240262063,2007.5502240262063,0.19052471612564803,1729821372.2195742
200.7577995001437,2007.577995001437,0.18934712805814735,1729821372.2296433
200.76055943167609,2007.6055943167607,0.18817672226094873,1729821372.2396333
200.7633023019329,2007.633023019329,0.18701345611571663,1729821372.249847
200.76602821500768,2007.660282150077,0.18585728724234274,1729821372.2596605
200.76873727437592,2007.6873727437592,0.18470817349777535,1729821372.269614
200.77142958289843,2007.7142958289844,0.18356607297484517,1729821372.2796268
200.77410524282482,2007.7410524282482,0.18243094400117643,1729821372.2895555
200.77676435579693,2007.7676435579692,0.18130274513802513,1729821372.2996757
200.77940702285227,2007.7940702285227,0.180181435179128,1729821372.30971
200.78203334442736,2007.8203334442737,0.17906697314958864,1729821372.3197248
200.78464342036114,2007.8464342036114,0.17795931830474432,1729821372.3307967
200.7872373498983,2007.872373498983,0.17685843012904678,1729821372.339641
200.7898152316927,2007.898152316927,0.1757642683349272,1729821372.3496492
200.79237716381056,2007.9237716381056,0.17467679286168591,1729821372.3596504
200.7949232437339,2007.949232437339,0.17359596387438936,1729821372.3695724
200.7974535683638,2007.9745356836381,0.17252174176273316,1729821372.3795836
200.79996823402365,2007.9996823402366,0.17145408713994614,1729821372.389618
200.80246733646243,2008.0246733646243,0.17039296084169075,1729821372.3998082
200.80495097085793,2008.0495097085793,0.16933832392494752,1729821372.409572
200.80741923182006,2008.0741923182006,0.16829013766693857,1729821372.4195929
200.80987221339396,2008.0987221339396,0.16724836356400496,1729821372.429599
200.81231000906322,2008.1231000906323,0.16621296333054447,1729821372.4396994
200.81473271175318,2008.1473271175319,0.16518389889791907,1729821372.4495864
200.81714041383395,2008.1714041383395,0.16416113241333408,1729821372.4601247
200.8195332071236,2008.1953320712362,0.16314462623879367,1729821372.4696505
200.82191118289137,2008.2191118289138,0.16213434295003326,1729821372.4796317
200.82427443186063,2008.2427443186064,0.16113024533540932,1729821372.4896204
200.82662304421217,2008.2662304421217,0.16013229639486903,1729821372.499635
200.82895710958715,2008.2895710958715,0.15914045933884546,1729821372.509606
200.83127671709025,2008.3127671709026,0.1581546975872219,1729821372.5197034
200.8335819552927,2008.3358195529268,0.15717497476826958,1729821372.529663
200.83587291223526,2008.3587291223525,0.15620125471756952,1729821372.539608
200.83814967543137,2008.3814967543137,0.15523350147699988,1729821372.5497022
200.84041233187006,2008.4041233187006,0.15427167929366314,1729821372.559844
200.842660968019,2008.42660968019,0.15331575261883446,1729821372.5696268
200.84489566982742,2008.4489566982743,0.1523656861069349,1729821372.5796504
200.84711652272915,2008.4711652272915,0.15142144461451013,1729821372.5896788
200.8493236116455,2008.4932361164551,0.15048299319915204,1729821372.599641
200.85151702098824,2008.5151702098824,0.14955029711851653,1729821372.6096265
200.85369683466251,2008.5369683466251,0.14862332182927362,1729821372.6196237
200.8558631360697,2008.558631360697,0.14770203298607365,1729821372.6296308
200.85801600811038,2008.5801600811037,0.14678639644056846,1729821372.6397848
200.8601555331871,2008.6015553318712,0.14587637824034916,1729821372.6496413
200.8622817932074,2008.6228179320738,0.14497194462798513,1729821372.6597643
200.86439486958642,2008.6439486958643,0.14407306203996173,1729821372.6695838
200.86649484324997,2008.6649484324996,0.14317969710572465,1729821372.67963
200.86858179463718,2008.6858179463718,0.14229181664666024,1729821372.6896565
200.8706558037034,2008.7065580370338,0.14140938767510258,1729821372.699645
200.8727169499229,2008.7271694992291,0.1405323773933369,1729821372.7099457
200.87476531229174,2008.7476531229174,0.13966075319260662,1729821372.7195992
200.87680096933045,2008.7680096933045,0.13879448265214878,1729821372.7296915
200.8788239990868,2008.7882399908679,0.13793353353819926,1729821372.7396228
200.88083447913849,2008.8083447913848,0.13707787380300696,1729821372.7495415
200.88283248659596,2008.8283248659595,0.13622747158389226,1729821372.7596772
200.884818098105,2008.84818098105,0.1353822952022381,1729821372.7695887
200.88679138984946,2008.8679138984946,0.13454231316255383,1729821372.7796156
200.88875243755393,2008.8875243755392,0.13370749415150351,1729821372.789671
200.8907013164864,2008.907013164864,0.1328778070369503,1729821372.7997932
200.8926381014609,2008.926381014609,0.13205322086699534,1729821372.8095603
200.89456286684012,2008.9456286684012,0.13123370486903108,1729821372.8195908
200.896475686538,2008.96475686538,0.1304192284488086,1729821372.829594
200.89837663402244,2008.9837663402245,0.12960976118948375,1729821372.8396535
200.90026578231775,2009.0026578231775,0.12880527285065257,1729821372.8496644
200.90214320400733,2009.0214320400733,0.12800573336747734,1729821372.859637
200.90400897123615,2009.0400897123616,0.12721111284968112,1729821372.8696105
200.90586315571338,2009.0586315571338,0.1264213815807005,1729821372.879633
200.90770582871482,2009.0770582871482,0.1256365100166872,1729821372.889743
200.90953706108556,2009.0953706108555,0.12485646878564483,1729821372.8996773
200.91135692324232,2009.1135692324233,0.12408122868646965,1729821372.9096901
200.9131654851761,2009.1316548517611,0.12331076068808011,1729821372.919649
200.91496281645456,2009.1496281645457,0.1225450359284701,1729821372.9296446
200.9167489862245,2009.167489862245,0.1217840257138385,1729821372.9395502
200.91852406321433,2009.1852406321434,0.12102770151766551,1729821372.949586
200.92028811573658,2009.202881157366,0.12027603497981731,1729821372.9596791
200.92204121169016,2009.2204121169016,0.11952899790566507,1729821372.9695783
200.92378341856292,2009.2378341856293,0.1187865622651949,1729821372.9795597
200.92551480343403,2009.2551480343402,0.11804870019210911,1729821372.989694
200.9272354329763,2009.272354329763,0.1173153839829486,1729821372.9996905
200.9289453734586,2009.289453734586,0.11658658609622607,1729821373.0096512
200.9306446907482,2009.306446907482,0.1158622791515449,1729821373.0196083
200.93233345031325,2009.3233345031326,0.11514243592873585,1729821373.029721
200.93401171722488,2009.3401171722487,0.11442702936696358,1729821373.0396917
200.93567955615967,2009.3567955615968,0.11371603256390239,1729821373.0496879
200.93733703140202,2009.3733703140201,0.11300941877486759,1729821373.0597177
200.9389842068463,2009.389842068463,0.11230716141192021,1729821373.069574
200.94062114599924,2009.4062114599924,0.11160923404308187,1729821373.0795894
200.94224791198218,2009.4224791198217,0.11091561039143061,1729821373.08967
200.9438645675333,2009.438645675333,0.11022626433428906,1729821373.0996797
200.9454711750099,2009.4547117500992,0.10954116990237717,1729821373.1096718
200.94706779639068,2009.4706779639068,0.1088603012789684,1729821373.1196892
200.94865449327787,2009.4865449327788,0.10818363279907262,1729821373.1296682
200.95023132689948,2009.5023132689948,0.10751113894857633,1729821373.1396115
200.95179835811157,2009.5179835811157,0.10684279436347,1729821373.1496432
200.95335564740034,2009.5335564740035,0.10617857382896512,1729821373.1597927
200.95490325488439,2009.5490325488438,0.10551845227872514,1729821373.1695797
200.95644124031676,2009.5644124031676,0.1048624047940181,1729821373.1796083
200.95796966308728,2009.5796966308728,0.10421040660294745,1729821373.1895566
200.95948858222454,2009.5948858222455,0.10356243307958524,1729821373.199864
200.96099805639804,2009.6099805639803,0.10291845974322422,1729821373.2095466
200.96249814392044,2009.6249814392045,0.10227846225756965,1729821373.2195828
200.9639889027495,2009.639889027495,0.10164241642989369,1729821373.2297194
200.96547039049025,2009.6547039049026,0.1010102982103267,1729821373.2396832
200.96694266439712,2009.6694266439713,0.10038208369099211,1729821373.2496557
200.96840578137594,2009.6840578137594,0.0997577491052728,1729821373.2596526
200.96985979798598,2009.6985979798596,0.09913727082699397,1729821373.2696712
200.9713047704421,2009.713047704421,0.09852062536968775,1729821373.2796674
200.97274075461667,2009.7274075461667,0.09790778938577427,1729821373.2897472
200.97416780604172,2009.7416780604171,0.09729873966582803,1729821373.2997253
200.97558597991085,2009.7558597991085,0.0966934531377821,1729821373.3096676
200.97699533108127,2009.7699533108128,0.09609190686619096,1729821373.3196964
200.97839591407583,2009.7839591407583,0.09549407805145416,1729821373.3297517
200.97978778308493,2009.7978778308493,0.09489994402906143,1729821373.3396323
200.98117099196853,2009.8117099196852,0.09430948226886082,1729821373.3496087
200.9825455942581,2009.8254559425811,0.09372267037428772,1729821373.3597846
200.98391164315862,2009.8391164315863,0.09313948608162415,1729821373.369586
200.98526919155043,2009.8526919155042,0.09255990725927044,1729821373.3796287
200.9866182919912,2009.8661829199118,0.09198391190698674,1729821373.3895836
200.98795899671785,2009.8795899671786,0.09141147815518069,1729821373.399644
200.98929135764848,2009.8929135764847,0.09084258426415603,1729821373.4096606
200.9906154263842,2009.9061542638422,0.09027720862340027,1729821373.419677
200.99193125421107,2009.9193125421107,0.08971532975085461,1729821373.4296522
200.9932388921019,2009.932388921019,0.08915692629220517,1729821373.439669
200.99453839071828,2009.9453839071828,0.08860197702014583,1729821373.4496107
200.9958298004122,2009.9582980041218,0.08805046083367474,1729821373.4596734
200.99711317122805,2009.9711317122806,0.08750235675738915,1729821373.4696608
200.99838855290443,2009.9838855290443,0.0869576439407802,1729821373.4796455
200.99965599487595,2009.9965599487596,0.08641630165752412,1729821373.4896302
201.00091554627502,2010.0091554627502,0.08587830930477347,1729821373.4996042
201.00216725593373,2010.0216725593373,0.08534364640248393,1729821373.5096412
201.00341117238548,2010.034111723855,0.08481229259269663,1729821373.519588
201.004647343867,2010.0464734386699,0.08428422763888799,1729821373.5296793
201.00587581831988,2010.0587581831987,0.08375943142522724,1729821373.5396101
201.0070966433925,2010.070966433925,0.08323788395594045,1729821373.549609
201.00830986644166,2010.0830986644166,0.08271956535461955,1729821373.5597289
201.00951553453447,2010.0951553453447,0.08220445586353664,1729821373.5696645
201.01071369444992,2010.1071369444992,0.08169253584297609,1729821373.5797234
201.0119043926807,2010.1190439268069,0.08118378577057017,1729821373.589665
201.01308767543483,2010.1308767543483,0.08067818624063117,1729821373.5996614
201.01426358863748,2010.1426358863748,0.08017571796349587,1729821373.6095815
201.01543217793258,2010.1543217793258,0.07967636176486304,1729821373.6196733
201.0165934886845,2010.165934886845,0.07918009858510944,1729821373.6296084
201.01774756597973,2010.1774756597974,0.07868690947869128,1729821373.6395988
201.01889445462862,2010.1889445462862,0.07819677561345317,1729821373.6495876
201.0200341991669,2010.2003419916691,0.0777096782699922,1729821373.6598015
201.02116684385743,2010.2116684385742,0.07722559884102909,1729821373.6697466
201.02229243269176,2010.2229243269176,0.0767445188307474,1729821373.679654
201.02341100939182,2010.2341100939182,0.07626641985418958,1729821373.6896164
201.02452261741155,2010.2452261741155,0.07579128363658372,1729821373.6996565
201.02562729993838,2010.2562729993838,0.0753190920127289,1729821373.709622
201.02672509989495,2010.2672509989495,0.07484982692639841,1729821373.7196605
201.0278160599407,2010.278160599407,0.07438347042968418,1729821373.7296388
201.02890022247337,2010.2890022247336,0.07392000468236448,1729821373.7396028
201.02997762963062,2010.2997762963062,0.07345941195133365,1729821373.749635
201.03104832329163,2010.3104832329163,0.07300167460994489,1729821373.7596588
201.03211234507853,2010.3211234507853,0.07254677513741514,1729821373.7696826
201.03316973635808,2010.3316973635808,0.07209469611823716,1729821373.779579
201.03422053824312,2010.342205382431,0.07164542024154352,1729821373.7896025
201.03526479159416,2010.3526479159416,0.07119893030052049,1729821373.7999368
201.03630253702082,2010.363025370208,0.070755209191804,1729821373.8096378
201.03733381488337,2010.3733381488337,0.07031423991490238,1729821373.8196063
201.03835866529428,2010.3835866529428,0.06987600557159057,1729821373.8296204
201.03937712811967,2010.3937712811967,0.06944048936531155,1729821373.840716
201.04038924298072,2010.4038924298072,0.06900767460060253,1729821373.849639
201.04139504925533,2010.4139504925533,0.0685775446825283,1729821373.859662
201.04239458607935,2010.4239458607935,0.06815008311605952,1729821373.8695867
201.04338789234828,2010.4338789234828,0.06772527350555047,1729821373.879678
201.0443750067185,2010.443750067185,0.0673030995541013,1729821373.8895686
201.04535596760888,2010.4535596760888,0.0668835450630536,1729821373.8996027
201.0463308132021,2010.463308132021,0.06646659393136156,1729821373.9097724
201.0472995814461,2010.4729958144612,0.06605223015508388,1729821373.9196322
201.04826231005558,2010.4826231005559,0.06564043782678874,1729821373.9296908
201.04921903651325,2010.4921903651325,0.06523120113499248,1729821373.939669
201.0501697980714,2010.5016979807142,0.06482450436361598,1729821373.949613
201.05111463175317,2010.5111463175317,0.06442033189142338,1729821373.9598343
201.05205357435392,2010.5205357435393,0.06401866819148738,1729821373.9697483
201.05298666244275,2010.5298666244275,0.06361949783063858,1729821373.9796922
201.0539139323637,2010.539139323637,0.06322280546889525,1729821373.9895434
201.05483542023725,2010.5483542023726,0.06282857585895174,1729821373.9995763
201.05575116196155,2010.5575116196155,0.06243679384563139,1729821374.0096178
201.0566611932138,2010.5666119321381,0.06204744436533938,1729821374.0199468
201.0575655494517,2010.5756554945172,0.06166051244556181,1729821374.0296497
201.05846426591458,2010.5846426591459,0.06127598320428307,1729821374.0398288
201.05935737762482,2010.5935737762481,0.060893841849518626,1729821374.0496528
201.06024491938925,2010.6024491938924,0.060514073678757274,1729821374.0596874
201.0611269258003,2010.611269258003,0.060136664078422886,1729821374.069623
201.06200343123737,2010.6200343123737,0.059761598523396575,1729821374.079635
201.06287446986812,2010.6287446986812,0.05938886257647846,1729821374.0896292
201.06374007564975,2010.6374007564975,0.05901844188788319,1729821374.0995777
201.06460028233028,2010.6460028233028,0.05865032219471944,1729821374.1096904
201.0654551234498,2010.6545512344978,0.05828448932047303,1729821374.1196914
201.0663046323417,2010.6630463234171,0.05792092917453262,1729821374.1297197
201.06714884213406,2010.6714884213407,0.05755962775166923,1729821374.1397297
201.0679877857507,2010.6798778575069,0.05720057113153354,1729821374.1496694
201.0688214959125,2010.688214959125,0.05684374547816029,1729821374.1596584
201.0696500051387,2010.696500051387,0.05648913703949754,1729821374.1696002
201.07047334574807,2010.7047334574806,0.05613673214687909,1729821374.1796663
201.0712915498601,2010.712915498601,0.05578651721455019,1729821374.1896
201.0721046493962,2010.7210464939621,0.055438478739193275,1729821374.1997094
201.07291267608102,2010.7291267608102,0.055092603299427,1729821374.209589
201.07371566144346,2010.7371566144345,0.05474887755533908,1729821374.2196124
201.074513636818,2010.74513636818,0.05440728824799601,1729821374.2295928
201.07530663334586,2010.7530663334587,0.05406782219897943,1729821374.2398129
201.0760946819761,2010.7609468197609,0.053730466309910074,1729821374.2496157
201.07687781346684,2010.7687781346683,0.05339520756197169,1729821374.2596912
201.07765605838645,2010.7765605838645,0.053062033015440324,1729821374.2696402
201.07842944711467,2010.7842944711467,0.05273092980924021,1729821374.279652
201.07919800984376,2010.7919800984378,0.05240188516044464,1729821374.2896194
201.0799617765796,2010.799617765796,0.0520748863638425,1729821374.2996175
201.0807207771429,2010.807207771429,0.05174992079148355,1729821374.3098202
201.0814750411702,2010.8147504117019,0.05142697589221834,1729821374.319639
201.0822245981152,2010.822245981152,0.051106039191234576,1729821374.3296566
201.0829694772497,2010.8296947724969,0.05078709828960237,1729821374.339606
201.0837097076647,2010.8370970766468,0.05047014086385504,1729821374.3495686
201.08444531827163,2010.8444531827163,0.050155154665521895,1729821374.359673
201.08517633780335,2010.8517633780334,0.049842127520684176,1729821374.3696358
201.0859027948152,2010.859027948152,0.04953104732955049,1729821374.3801425
201.08662471768625,2010.8662471768625,0.049221902066007406,1729821374.3896255
201.08734213462014,2010.8734213462014,0.04891467977717534,1729821374.3997996
201.08805507364633,2010.8805507364632,0.04860936858300002,1729821374.4095354
201.0887635626211,2010.887635626211,0.048305956675806616,1729821374.4195733
201.0894676292286,2010.894676292286,0.04800443231986451,1729821374.4296212
201.0901673009819,2010.901673009819,0.047704783850961,1729821374.4396665
201.09086260522406,2010.9086260522406,0.04740699967601225,1729821374.4497197
201.0915535691291,2010.915535691291,0.04711106827258904,1729821374.4596539
201.09224021970311,2010.9224021970313,0.04681697818854014,1729821374.4696023
201.09292258378522,2010.9292258378523,0.04652471804155711,1729821374.479591
201.09360068804864,2010.9360068804863,0.046234276518769324,1729821374.489739
201.0942745590017,2010.9427455900168,0.04594564237631937,1729821374.5001223
201.09494422298874,2010.9494422298874,0.04565880443895276,1729821374.510181
201.09560970619134,2010.9560970619134,0.04537375159963597,1729821374.5197484
201.09627103462904,2010.9627103462904,0.04509047281910883,1729821374.5298684
201.09692823416052,2010.969282341605,0.044808957125529236,1729821374.539714
201.0975813304845,2010.975813304845,0.044529193614037954,1729821374.549809
201.09823034914075,2010.9823034914075,0.04425117144637314,1729821374.560541
201.09887531551107,2010.9887531551108,0.04397487985047954,1729821374.5699754
201.09951625482017,2010.9951625482017,0.04370030812009107,1729821374.5797162
201.10015319213676,2011.0015319213676,0.04342744561437728,1729821374.5897412
201.1007861523744,2011.0078615237442,0.04315628175752417,1729821374.602293
201.10141516029253,2011.0141516029253,0.04288680603834871,1729821374.6096435
201.1020402404973,2011.020402404973,0.04261900800992757,1729821374.619722
201.10266141744265,2011.0266141744264,0.042352877289211666,1729821374.6297023
201.1032787154311,2011.0327871543109,0.042088403556621135,1729821374.640887
201.10389215861477,2011.0389215861478,0.041825576555716726,1729821374.649708
201.10450177099628,2011.0450177099628,0.041564386092762806,1729821374.6597042
201.10510757642965,2011.0510757642965,0.04130482203641117,1729821374.6695957
201.1057095986212,2011.0570959862118,0.0410468743172836,1729821374.679654
201.1063078611305,2011.063078611305,0.04079053292762724,1729821374.6896985
201.10690238737118,2011.0690238737118,0.0405357879209256,1729821374.6997206
201.10749320061197,2011.0749320061198,0.040282629411569904,1729821374.7097144
201.10808032397742,2011.0808032397742,0.04003104757444165,1729821374.7203064
201.1086637804489,2011.0866378044889,0.039781032644607084,1729821374.7297401
201.10924359286543,2011.0924359286541,0.039532574916913976,1729821374.7400174
201.10981978392456,2011.0981978392456,0.03928566474564521,1729821374.7496789
201.11039237618323,2011.1039237618322,0.03904029254418129,1729821374.7597415
201.1109613920586,2011.109613920586,0.03879644878463617,1729821374.7696455
201.11152685382905,2011.1152685382904,0.03855412399750202,1729821374.7798254
201.11208878363482,2011.1208878363482,0.038313308771285026,1729821374.7898054
201.11264720347899,2011.12647203479,0.0380739937521839,1729821374.8026853
201.1132021352283,2011.1320213522831,0.037836169643745254,1729821374.8098164
201.113753600614,2011.13753600614,0.03759982720649235,1729821374.8196583
201.1143016212326,2011.143016212326,0.03736495725760891,1729821374.829703
201.11484621854683,2011.1484621854684,0.03713155067057494,1729821374.839756
201.1153874138863,2011.153874138863,0.03689959837487011,1729821374.849622
201.1159252284485,2011.159252284485,0.036669091355590044,1729821374.8597379
201.1164596832994,2011.164596832994,0.03644002065313545,1729821374.8695424
201.1169907993745,2011.1699079937448,0.03621237736289595,1729821374.879673
201.11751859747935,2011.1751859747935,0.03598615263487526,1729821374.889631
201.1180430982906,2011.180430982906,0.03576133767341583,1729821374.8996217
201.11856432235666,2011.1856432235666,0.03553792373684006,1729821374.9096994
201.11908229009853,2011.1908229009853,0.03531590213712699,1729821374.920369
201.11959702181056,2011.1959702181057,0.03509526423959253,1729821374.9297206
201.12010853766122,2011.2010853766124,0.03487600146257508,1729821374.9397914
201.1206168576939,2011.206168576939,0.03465810527711932,1729821374.949853
201.12112200182764,2011.2112200182764,0.03444156720664582,1729821374.9614122
201.121623989858,2011.21623989858,0.03422637882665791,1729821374.9702854
201.1221228414576,2011.2212284145762,0.03401253176437935,1729821374.9799635
201.1226185761772,2011.2261857617718,0.03380001769851981,1729821374.9897182
201.12311121344607,2011.2311121344605,0.03358882835888055,1729821374.9999976
201.12360077257307,2011.2360077257308,0.03337895552611814,1729821375.009674
201.1240872727472,2011.240872727472,0.03317039103139097,1729821375.0195684
201.1245707330384,2011.245707330384,0.032963126756069716,1729821375.0296638
201.12505117239823,2011.2505117239823,0.03275715463143891,1729821375.0397344
201.12552860966068,2011.2552860966068,0.032552466638416266,1729821375.0498755
201.1260030635428,2011.2600306354282,0.0323490548071903,1729821375.0597663
201.12647455264556,2011.2647455264555,0.03214691121699298,1729821375.069516
201.12694309545438,2011.2694309545439,0.03194602799575508,1729821375.07963
201.12740871033995,2011.2740871033996,0.031746397319841524,1729821375.0896912
201.12787141555896,2011.2787141555896,0.03154801141375119,1729821375.0997074
201.1283312292547,2011.2833122925472,0.03135086254981312,1729821375.1106815
201.12878816945792,2011.2878816945793,0.03115494304791655,1729821375.119681
201.1292422540873,2011.292422540873,0.030960245275201803,1729821375.1296697
201.12969350095034,2011.2969350095034,0.03076676164580272,1729821375.1396184
201.13014192774392,2011.3014192774392,0.030574484620535802,1729821375.1496208
201.13058755205506,2011.3058755205507,0.030383406706642635,1729821375.1596866
201.13103039136155,2011.3103039136154,0.030193520457480805,1729821375.169664
201.13147046303263,2011.3147046303263,0.030004818472271655,1729821375.1797264
201.13190778432968,2011.3190778432968,0.029817293395803635,1729821375.189708
201.13234237240684,2011.3234237240683,0.02963093791815874,1729821375.1997778
201.13277424431172,2011.3277424431171,0.02944574477446915,1729821375.2096505
201.13320341698602,2011.3320341698602,0.029261706744590388,1729821375.2196941
201.13362990726623,2011.3362990726623,0.029078816652879258,1729821375.2296424
201.1340537318842,2011.340537318842,0.028897067367883,1729821375.2396972
201.13447490746785,2011.3447490746785,0.02871645180211191,1729821375.2496889
201.1348934505418,2011.348934505418,0.02853696291174801,1729821375.2596853
201.13530937752796,2011.3530937752796,0.028358593696385714,1729821375.2695613
201.13572270474626,2011.3572270474626,0.028181337198776024,1729821375.279683
201.13613344841517,2011.3613344841517,0.028005186504542312,1729821375.2902884
201.13654162465238,2011.3654162465239,0.027830134741945844,1729821375.3005106
201.13694724947544,2011.3694724947545,0.027656175081621104,1729821375.3100445
201.13735033880235,2011.3735033880234,0.027483300736305782,1729821375.320053
201.13775090845215,2011.3775090845215,0.027311504960592092,1729821375.3305514
201.1381489741456,2011.3814897414559,0.02714078105069051,1729821375.339758
201.13854455150567,2011.3854455150567,0.026971122344136678,1729821375.3504524
201.13893765605832,2011.389376560583,0.026802522219594227,1729821375.3596816
201.1393283032329,2011.393283032329,0.026634974096554576,1729821375.3696642
201.1397165083629,2011.397165083629,0.02646847143512021,1729821375.3796818
201.14010228668647,2011.4010228668647,0.026303007735740014,1729821375.3895595
201.14048565334699,2011.40485653347,0.026138576538987213,1729821375.3996708
201.14086662339372,2011.4086662339373,0.025975171425287602,1729821375.4096074
201.14124521178235,2011.4124521178235,0.02581278601469217,1729821375.419493
201.14162143337558,2011.4162143337558,0.025651413966631953,1729821375.4299634
201.14199530294366,2011.4199530294366,0.02549104897968002,1729821375.4397478
201.14236683516498,2011.4236683516497,0.025331684791316977,1729821375.4496393
201.1427360446267,2011.427360446267,0.025173315177701827,1729821375.4602814
201.1431029458252,2011.431029458252,0.02501593395340551,1729821375.46962
201.14346755316677,2011.4346755316678,0.024859534971219066,1729821375.4796011
201.14382988096804,2011.4382988096804,0.024704112121872956,1729821375.4896624
201.14418994345658,2011.4418994345658,0.024549659333854112,1729821375.4996378
201.14454775477154,2011.4454775477154,0.02439617057316079,1729821375.5097136
201.14490332896403,2011.4490332896403,0.02424363984303257,1729821375.5195298
201.1452566799978,2011.452566799978,0.024092061183792257,1729821375.5296323
201.1456078217497,2011.4560782174972,0.023941428672582976,1729821375.539709
201.1459567680103,2011.4595676801032,0.023791736423133703,1729821375.5500162
201.14630353248432,2011.4630353248433,0.023642978585551422,1729821375.559639
201.14664812879124,2011.4664812879123,0.023495149346109745,1729821375.5697012
201.1469905704658,2011.4699057046578,0.023348242927000218,1729821375.5795994
201.14733087095846,2011.4733087095847,0.0232022535861387,1729821375.5896046
201.14766904363609,2011.476690436361,0.023057175616948644,1729821375.5998747
201.1480051017823,2011.480051017823,0.02291300334811064,1729821375.609661
201.14833905859805,2011.4833905859805,0.022769731143382987,1729821375.6195645
201.14867092720218,2011.4867092720217,0.022627353401390327,1729821375.6296797
201.14900072063185,2011.4900072063185,0.022485864555369606,1729821375.6397202
201.1493284518431,2011.493284518431,0.022345259072994228,1729821375.6497655
201.14965413371132,2011.4965413371133,0.022205531456152006,1729821375.6603534
201.14997777903173,2011.4997777903172,0.02206667624074976,1729821375.669666
201.15029940051997,2011.5029940051998,0.02192868799650194,1729821375.679589
201.15061901081248,2011.5061901081249,0.02179156132668192,1729821375.6896124
201.15093662246704,2011.5093662246704,0.021655290867983457,1729821375.699598
201.1512522479633,2011.512522479633,0.02151987129027555,1729821375.7096772
201.15156589970314,2011.5156589970316,0.021385297296398154,1729821375.7196615
201.1518775900113,2011.518775900113,0.021251563621996983,1729821375.7296715
201.1521873311358,2011.521873311358,0.021118665035271267,1729821375.7396257
201.15249513524827,2011.5249513524827,0.020986596336806773,1729821375.74961
201.15280101444472,2011.5280101444473,0.020855352359391066,1729821375.7596612
201.15310498074575,2011.5310498074575,0.0207249279677737,1729821375.7696311
201.15340704609713,2011.5340704609712,0.020595318058502787,1729821375.7796464
201.15370722237023,2011.5370722237024,0.020466517559724284,1729821375.7896094
201.1540055213625,2011.540055213625,0.02033852143099013,1729821375.7997031
201.15430195479794,2011.5430195479794,0.020211324663053976,1729821375.8097243
201.1545965343275,2011.5459653432752,0.02008492227769887,1729821375.8195972
201.1548892715296,2011.548892715296,0.019959309327527652,1729821375.829589
201.15518017791058,2011.5518017791057,0.019834480895788875,1729821375.839746
201.155469264905,2011.5546926490501,0.01971043209616541,1729821375.849762
201.15575654387632,2011.5575654387633,0.01958715807264122,1729821375.8598006
201.15604202611712,2011.5604202611712,0.019464653999254455,1729821375.869548
201.15632572284972,2011.5632572284972,0.01934291507996244,1729821375.8795578
201.1566076452265,2011.566076452265,0.01922193654840898,1729821375.8895926
201.15688780433035,2011.5688780433036,0.01910171366777691,1729821375.8995702
201.15716621117514,2011.5716621117513,0.0189822417306158,1729821375.9096599
201.1574428767061,2011.5744287670611,0.018863516058637675,1729821375.9195998
201.15771781180032,2011.5771781180033,0.01874553200253759,1729821375.9296496
201.1579910272671,2011.579910272671,0.018628284941837325,1729821375.9396675
201.15826253384833,2011.5826253384832,0.018511770284675766,1729821375.94959
201.15853234221905,2011.5853234221904,0.018395983467677457,1729821375.9596913
201.15880046298776,2011.5880046298776,0.018280919955750097,1729821375.9696746
201.15906690669686,2011.5906690669685,0.018166575241901572,1729821375.9796243
201.15933168382304,2011.5933168382303,0.01805294484708364,1729821375.9896142
201.15959480477773,2011.5959480477773,0.017940024320037384,1729821375.9995337
201.15985627990747,2011.5985627990747,0.017827809237076497,1729821376.0097136
201.16011611949432,2011.6011611949432,0.01771629520195228,1729821376.0200515
201.16037433375624,2011.6037433375623,0.017605477845688444,1729821376.0300667
201.16063093284754,2011.6063093284754,0.01749535282640169,1729821376.0432127
201.16088592685924,2011.6088592685924,0.0173859158291223,1729821376.0517964
201.16113932581945,2011.6113932581945,0.017277162565653814,1729821376.0601325
201.16139113969376,2011.6139113969375,0.017169088774397157,1729821376.0696876
201.16164137838572,2011.6164137838573,0.017061690220194325,1729821376.0802052
201.16189005173706,2011.6189005173705,0.016954962694136544,1729821376.0897336
201.16213716952822,2011.6213716952823,0.016848902013454126,1729821376.0997276
201.16238274147864,2011.6238274147863,0.016743504021306865,1729821376.1100907
201.1626267772472,2011.626267772472,0.016638764586663246,1729821376.1196222
201.16286928643254,2011.6286928643253,0.01653467960410504,1729821376.1297429
201.1631102785735,2011.631102785735,0.016431244993702965,1729821376.139601
201.1633497631494,2011.633497631494,0.016328456700833716,1729821376.149608
201.16358774958047,2011.6358774958048,0.016226310696053847,1729821376.1597857
201.16382424722826,2011.6382424722826,0.016124802974927466,1729821376.1696708
201.1640592653959,2011.6405926539592,0.01602392955784504,1729821376.1796157
201.16429281332856,2011.6429281332855,0.015923686489931033,1729821376.18964
201.1645249002137,2011.645249002137,0.015824069840836064,1729821376.1998072
201.16475553518154,2011.6475553518153,0.01572507570462145,1729821376.2097566
201.16498472730535,2011.6498472730536,0.01562670019960466,1729821376.2194612
201.16521248560184,2011.6521248560184,0.015528939468187009,1729821376.2296147
201.1654388190315,2011.6543881903149,0.015431789676723984,1729821376.2396886
201.16566373649889,2011.656637364989,0.015335247015368925,1729821376.2496507
201.1658872468531,2011.658872468531,0.015239307697950455,1729821376.2597764
201.166109358888,2011.66109358888,0.015143967961789517,1729821376.2696764
201.16633008134264,2011.6633008134263,0.015049224067573252,1729821376.2795746
201.16654942290154,2011.6654942290154,0.014955072299234207,1729821376.2896936
201.16676739219506,2011.6676739219506,0.014861508963754932,1729821376.2996066
201.16698399779975,2011.6698399779975,0.014768530391086276,1729821376.3097384
201.16719924823866,2011.6719924823865,0.014676132933944874,1729821376.3196583
201.16741315198166,2011.6741315198167,0.01458431296772078,1729821376.3296509
201.16762571744582,2011.6762571744582,0.014493066890322925,1729821376.3396642
201.16783695299569,2011.6783695299569,0.014402391122026348,1729821376.3496377
201.16804686694363,2011.6804686694363,0.014312282105346075,1729821376.3598142
201.16825546755018,2011.6825546755017,0.014222736304916328,1729821376.3696368
201.16846276302434,2011.6846276302433,0.014133750207311113,1729821376.3796313
201.1686687615239,2011.686687615239,0.014045320320958954,1729821376.3896186
201.1688734711557,2011.6887347115571,0.013957443175965256,1729821376.3997128
201.16907689997612,2011.690768999761,0.013870115324018162,1729821376.4097133
201.16927905599118,2011.6927905599118,0.01378333333822157,1729821376.4196975
201.16947994715701,2011.6947994715701,0.0136970938129779,1729821376.4295962
201.16967958138005,2011.6967958138005,0.013611393363854862,1729821376.439672
201.16987796651748,2011.6987796651747,0.013526228627473547,1729821376.4496171
201.17007511037735,2011.7007511037737,0.013441596261327238,1729821376.4597633
201.1702710207191,2011.702710207191,0.013357492943726346,1729821376.4696062
201.17046570525372,2011.7046570525372,0.013273915373599454,1729821376.4796352
201.17065917164405,2011.7065917164405,0.013190860270399174,1729821376.489545
201.17085142750514,2011.7085142750514,0.013108324373990232,1729821376.4995737
201.17104248040454,2011.7104248040455,0.01302630444449493,1729821376.5098593
201.17123233786253,2011.7123233786253,0.012944797262174124,1729821376.5195963
201.17142100735254,2011.7142100735255,0.012863799627324202,1729821376.5296648
201.17160849630125,2011.7160849630125,0.012783308360113654,1729821376.5395927
201.1717948120891,2011.717948120891,0.012703320300517351,1729821376.5495777
201.17197996205041,2011.719799620504,0.012623832308121141,1729821376.5598896
201.17216395347376,2011.7216395347375,0.012544841262072115,1729821376.5695875
201.1723467936022,2011.723467936022,0.012466344060911627,1729821376.5796227
201.1725284896336,2011.725284896336,0.012388337622474044,1729821376.5896032
201.17270904872092,2011.7270904872091,0.01231081888377128,1729821376.5996366
201.17288847797246,2011.7288847797247,0.012233784800854242,1729821376.609631
201.17306678445215,2011.7306678445216,0.012157232348708025,1729821376.6196213
201.17324397517982,2011.7324397517982,0.012081158521147106,1729821376.629715
201.17342005713152,2011.7342005713153,0.012005560330678566,1729821376.6397073
201.17359503723972,2011.7359503723972,0.011930434808386625,1729821376.6495934
201.17376892239363,2011.7376892239363,0.011855779003842049,1729821376.6597412
201.17394171943945,2011.7394171943945,0.011781589984965368,1729821376.669673
201.1741134351807,2011.741134351807,0.011707864837916748,1729821376.6801672
201.17428407637829,2011.7428407637829,0.011634600666980521,1729821376.689767
201.17445364975106,2011.7445364975106,0.011561794594479924,1729821376.6997743
201.17462216197586,2011.7462216197587,0.011489443760626106,1729821376.7098262
201.17478961968786,2011.7478961968786,0.011417545323431089,1729821376.7197142
201.1749560294808,2011.749560294808,0.01134609645859408,1729821376.7297704
201.17512139790725,2011.7512139790724,0.011275094359386006,1729821376.7396386
201.17528573147888,2011.7528573147888,0.011204536236553597,1729821376.7501054
201.1754490366667,2011.754490366667,0.011134419318198585,1729821376.7597368
201.17561131990132,2011.7561131990133,0.011064740849683563,1729821376.7695541
201.17577258757322,2011.7577258757321,0.010995498093498757,1729821376.7800848
201.17593284603294,2011.7593284603295,0.010926688329185641,1729821376.7896729
201.1760921015914,2011.760921015914,0.010858308853226806,1729821376.7999637
201.1762503605201,2011.762503605201,0.010790356978921611,1729821376.809706
201.1764076290514,2011.764076290514,0.01072283003629737,1729821376.8196816
201.17656391337871,2011.765639133787,0.010655725372004543,1729821376.8295834
201.1767192196568,2011.767192196568,0.010589040349213708,1729821376.8396664
201.176873554002,2011.7687355400199,0.010522772347517861,1729821376.8496304
201.17702692249242,2011.770269224924,0.010456918762813405,1729821376.8598516
201.17717933116825,2011.7717933116824,0.010391477007209549,1729821376.8695095
201.17733078603192,2011.7733078603192,0.010326444508944821,1729821376.8796496
201.17748129304843,2011.7748129304844,0.010261818712269832,1729821376.8897145
201.17763085814548,2011.7763085814547,0.010197597077326481,1729821376.89956
201.17777948721377,2011.7777948721377,0.010133777080105322,1729821376.909682
201.17792718610724,2011.7792718610724,0.010070356212292797,1729821376.9196715
201.17807396064322,2011.7807396064322,0.010007331981194856,1729821376.9296613
201.1782198166027,2011.782198166027,0.00994470190966057,1729821376.9396784
