0.008183135446102902,0.08183135446102902,0.5579397850984136,1729821576.8054073
0.016412847073262134,0.16412847073262132,0.5611154265894327,1729821576.8094964
0.024689388332450053,0.24689388332450052,0.5643083487892926,1729821576.8197548
0.033013013919944226,0.33013013919944223,0.5675186366049743,1729821576.8295844
0.041383979781898686,0.41383979781898683,0.5707463752551329,1729821576.8396728
0.04980254311891268,0.49802543118912684,0.5739916502699312,1729821576.8496366
0.05826896239059739,0.5826896239059739,0.5772545474908948,1729821576.859703
0.06678349732014008,0.6678349732014008,0.5805351530707443,1729821576.8697157
0.07534640889886551,0.7534640889886551,0.5838335534732031,1729821576.8794742
0.083957959390794,0.83957959390794,0.5871498354727716,1729821576.8896778
0.09261841233719634,0.9261841233719634,0.5904840861545089,1729821576.899627
0.10132803256114487,1.0132803256114487,0.5938363929137789,1729821576.9097002
0.11008708617206012,1.1008708617206011,0.597206843455941,1729821576.9196875
0.11889584057025393,1.1889584057025393,0.6005955257961104,1729821576.9298267
0.12775456445146713,1.2775456445146713,0.6040025282587904,1729821576.939695
0.1366635278114025,1.3666352781140252,0.607427939477549,1729821576.94955
0.14562300195025274,1.4562300195025273,0.610871848394678,1729821576.959597
0.1546332594772221,1.5463325947722208,0.6143343442607647,1729821576.9696238
0.16369457431504275,1.6369457431504275,0.6178155166343262,1729821576.9794426
0.17280722170448448,1.7280722170448448,0.6213154553813562,1729821576.9896297
0.18197147820885776,1.8197147820885775,0.6248342506748812,1729821576.9996355
0.19118762171850975,1.9118762171850976,0.6283719929944698,1729821577.0096762
0.20045593145531343,2.004559314553134,0.6319287731257659,1729821577.019598
0.20977668797714824,2.0977668797714824,0.6355046821599148,1729821577.029622
0.21915017318237354,2.1915017318237355,0.6390998114930624,1729821577.0396347
0.2285766703142928,2.285766703142928,0.6427142528257384,1729821577.0496213
0.23805646396560992,2.3805646396560993,0.6463480981623078,1729821577.0598292
0.24758984008287546,2.4758984008287546,0.6500014398102869,1729821577.069564
0.25717708597092426,2.5717708597092424,0.653674370379759,1729821577.079458
0.2668184902973023,2.668184902973023,0.6573669827826332,1729821577.0896974
0.27651434309668405,2.7651434309668406,0.6610793702320037,1729821577.0996864
0.28626493577527856,2.862649357752786,0.6648116262413839,1729821577.109526
0.2960705611152248,2.960705611152248,0.6685638446239603,1729821577.1195798
0.30593151327897544,3.0593151327897545,0.6723361194918183,1729821577.129666
0.31584808781366874,3.1584808781366873,0.6761285452551227,1729821577.1396089
0.3258205816554882,3.258205816554882,0.6799412166212888,1729821577.1495655
0.33584929313400974,3.3584929313400975,0.6837742285941295,1729821577.1596186
0.3459345219765352,3.4593452197653516,0.6876276764729226,1729821577.1695788
0.35607656931241294,3.5607656931241296,0.6915016558515386,1729821577.1794848
0.3662757376773444,3.662757376773444,0.695396262617455,1729821577.1896112
0.37653233101767575,3.7653233101767576,0.69931159295079,1729821577.1996615
0.38684665469467544,3.8684665469467543,0.7032477433232915,1729821577.209581
0.39721901548879623,3.9721901548879623,0.7072048104973017,1729821577.2195606
0.40764972160392116,4.076497216039211,0.7111828915246732,1729821577.2296853
0.41813908267159394,4.18139082671594,0.7151820837456806,1729821577.2396176
0.42868740975523256,4.286874097552325,0.7192024847878957,1729821577.249738
0.4392950153543258,4.392950153543258,0.7232441925650099,1729821577.2596624
0.44996221340861214,4.499622134086121,0.7273073052756476,1729821577.2696602
0.4606893193022407,4.606893193022407,0.731391921402126,1729821577.2794542
0.4714766498679141,4.714766498679141,0.7354981397092302,1729821577.2896092
0.4823245233910116,4.823245233910116,0.7396260592428763,1729821577.2996616
0.4932332596136939,4.9323325961369395,0.7437757793288404,1729821577.3096688
0.5042031797389869,5.0420317973898685,0.7479473995713426,1729821577.3196118
0.515234606434846,5.1523460643484595,0.7521410198517127,1729821577.32967
0.5263278638381986,5.263278638381986,0.7563567403269071,1729821577.3396635
0.5374832775589663,5.374832775589663,0.7605946614281112,1729821577.3496602
0.5487011746840639,5.487011746840639,0.764854883859186,1729821577.359749
0.5599818837813769,5.599818837813769,0.769137508595191,1729821577.3696322
0.5713257349037161,5.7132573490371605,0.7734426368807674,1729821577.3794403
0.5827330595927477,5.827330595927477,0.7777703702285872,1729821577.3897264
0.5942041908829007,5.942041908829006,0.7821208104176818,1729821577.4009151
0.6057394633052489,6.057394633052489,0.7864940594917882,1729821577.409652
0.6173392128913678,6.173392128913679,0.7908902197576118,1729821577.41969
0.6290037771771666,6.290037771771666,0.7953093937831119,1729821577.4306233
0.6407334952066931,6.407334952066931,0.7997516843957029,1729821577.4396183
0.6525287075359125,6.525287075359126,0.8042171946804255,1729821577.4497387
0.6643897562364588,6.643897562364588,0.8087060279780878,1729821577.4596722
0.6763169848993579,6.763169848993579,0.8132182878833727,1729821577.4695976
0.6883107386387227,6.883107386387227,0.8177540782428792,1729821577.4804099
0.7003713640954193,7.003713640954193,0.8223135031531679,1729821577.4896178
0.7124992094407029,7.124992094407029,0.8268966669587274,1729821577.4997983
0.7246946243798241,7.2469462437982415,0.8315036742499191,1729821577.5095692
0.7369579601556046,7.369579601556046,0.8361346298608701,1729821577.5196826
0.7492895695519803,7.492895695519803,0.8407896388673488,1729821577.5314991
0.7616898068975142,7.616898068975142,0.8454688065845644,1729821577.5396197
0.7741590280688748,7.741590280688748,0.8501722385649564,1729821577.5496802
0.7866975904942832,7.866975904942832,0.8549000405959322,1729821577.5596337
0.7993058531569243,7.993058531569242,0.8596523186975253,1729821577.5696716
0.811984176598325,8.11984176598325,0.8644291791200955,1729821577.5795994
0.8247329229216971,8.247329229216971,0.8692307283418965,1729821577.5896566
0.8375524557952436,8.375524557952437,0.8740570730666444,1729821577.5997405
0.8504431404554297,8.504431404554296,0.8789083202210501,1729821577.6097229
0.8634053437102155,8.634053437102155,0.883784576952269,1729821577.6196
0.8764394339422524,8.764394339422525,0.8886859506253564,1729821577.6295867
0.88954578111204,8.8954578111204,0.8936125488206321,1729821577.6396263
0.9027247567610441,9.027247567610441,0.8985644793310104,1729821577.6496236
0.9159767340147759,9.15976734014776,0.9035418501593226,1729821577.6595836
0.9293020875858292,9.293020875858293,0.9085447695155273,1729821577.669607
0.9427011937768783,9.427011937768784,0.9135733458139295,1729821577.6794384
0.9561744304836328,9.561744304836328,0.9186276876703352,1729821577.689728
0.9697221771977501,9.697221771977501,0.9237079038991243,1729821577.6996195
0.9833448150097054,9.833448150097054,0.9288141035103545,1729821577.709595
0.9970427266116171,9.970427266116172,0.9339463957067173,1729821577.719615
1.010816296300028,10.10816296300028,0.9391048898805407,1729821577.729739
1.024665909978641,10.24665909978641,0.9442896956106703,1729821577.7396
1.0385919551610088,10.385919551610087,0.9495009226593338,1729821577.74972
1.0525948209731761,10.525948209731762,0.9547386809689598,1729821577.7601957
1.0666748981562764,10.666748981562764,0.9600030806589248,1729821577.769623
1.0808325790690776,10.808325790690777,0.9652942320222819,1729821577.779559
1.0950682576904809,10.950682576904809,0.9706122455223904,1729821577.7896829
1.1093823296219685,11.093823296219686,0.9759572317895411,1729821577.7996035
1.123775192090002,11.23775192090002,0.9813293016175098,1729821577.8097086
1.1382472439483684,11.382472439483685,0.9867285659600564,1729821577.8196576
1.1527988856804743,11.527988856804743,0.9921551359273582,1729821577.8299353
1.1674305194015875,11.674305194015876,0.9976091227824333,1729821577.8396199
1.182142548861025,11.82142548861025,1.0030906379374733,1729821577.8495414
1.1969353794442865,11.969353794442865,1.0085997929501072,1729821577.8600848
1.2118094181751318,12.118094181751317,1.0141366995196779,1729821577.86967
1.226765073717604,12.267650737176039,1.0197014694833917,1729821577.8794668
1.2418027563779936,12.418027563779937,1.0252942148124435,1729821577.889726
1.2569228781067474,12.569228781067475,1.0309150476081093,1729821577.8997123
1.2721258525003167,12.721258525003167,1.0365640800977274,1729821577.9095564
1.2874120948029475,12.874120948029475,1.0422414246306793,1729821577.919675
1.3027820219084099,13.027820219084099,1.0479471936742732,1729821577.9297054
1.3182360523616676,13.182360523616676,1.0536814998096147,1729821577.939641
1.3337746063604838,13.337746063604838,1.0594444557273444,1729821577.9495566
1.3493981057569664,13.493981057569664,1.0652361742234109,1729821577.959664
1.365106974059048,13.65106974059048,1.0710567681947292,1729821577.9695702
1.3809016364319031,13.809016364319032,1.0769063506347734,1729821577.979606
1.3967825196992985,13.967825196992985,1.0827850346291448,1729821577.9896052
1.4127500523448784,14.127500523448784,1.0886929333510618,1729821577.9996023
1.4288046645133834,14.288046645133834,1.0946301600567945,1729821578.0094268
1.4449467880117994,14.449467880117995,1.100596828081032,1729821578.0197277
1.4611768563104401,14.611768563104402,1.106593050832204,1729821578.0295827
1.477495304543958,14.774953045439581,1.1126189417877153,1729821578.0396683
1.4939025695122863,14.939025695122863,1.1186746144891582,1729821578.0495796
1.5103990896815078,15.103990896815079,1.1247601825374196,1729821578.0596268
1.5269853051846538,15.269853051846539,1.130875759587775,1729821578.0696387
1.543661657822427,15.43661657822427,1.1370214593448575,1729821578.0800316
1.560428591063852,15.60428591063852,1.1431973955576296,1729821578.0895936
1.5772865500468505,15.772865500468505,1.1494036820142486,1729821578.0996847
1.594235981578739,15.942359815787391,1.1556404325368788,1729821578.1095386
1.6112773341366524,16.112773341366523,1.161907760976454,1729821578.1196804
1.6284110578678865,16.284110578678867,1.1682057812073654,1729821578.129694
1.6456376045901635,16.456376045901635,1.174534607122053,1729821578.1396866
1.6629574277918175,16.629574277918174,1.1808943526256104,1729821578.1497524
1.680370982631899,16.80370982631899,1.1872851316302557,1729821578.1595707
1.6978787259401973,16.978787259401972,1.193707058049744,1729821578.1696289
1.7154811162171806,17.154811162171807,1.2001602457937603,1729821578.1796327
1.733178613633853,17.33178613633853,1.2066448087621864,1729821578.1896076
1.7509716800315254,17.509716800315253,1.2131608608393516,1729821578.1997118
1.7688607789215025,17.688607789215027,1.2197085158881769,1729821578.2095406
1.7868463754846815,17.868463754846815,1.226287887744284,1729821578.219608
1.8049289365710646,18.049289365710646,1.2328990902100094,1729821578.2296646
1.823108930699182,18.23108930699182,1.2395422370483735,1729821578.2396228
1.8413868280554258,18.413868280554258,1.2462174419769823,1729821578.249675
1.859763100493293,18.597631004932932,1.2529248186618207,1729821578.2598956
1.8782382215325377,18.782382215325377,1.2596644807110375,1729821578.2695856
1.8968126663582285,18.968126663582286,1.2664365416686034,1729821578.279657
1.9154869118197155,19.154869118197155,1.27324111500795,1729821578.2896922
1.9342614364295,19.342614364295002,1.2800783141255105,1729821578.2996786
1.95313672036201,19.5313672036201,1.2869482523341893,1729821578.3097663
1.9721132454522774,19.721132454522774,1.2938510428567755,1729821578.3197167
1.99119149519452,19.9119149519452,1.300786798819265,1729821578.329629
2.010371954740622,20.103719547406218,1.3077556332441467,1729821578.339726
2.0296551108985166,20.296551108985167,1.314757659043591,1729821578.3496244
2.049041452130467,20.490414521304672,1.321792989012557,1729821578.3596435
2.0685314685512455,20.685314685512456,1.3288617358218615,1729821578.3696308
2.0881256519262092,20.88125651926209,1.3359640120111531,1729821578.3796027
2.1078244956692735,21.078244956692735,1.3430999299818214,1729821578.3897352
2.1276284948407778,21.276284948407778,1.3502696019898326,1729821578.3998003
2.147538146145247,21.47538146145247,1.357473140138484,1729821578.409604
2.1675539479290453,21.675539479290453,1.3647106563711193,1729821578.4196885
2.187676400177922,21.87676400177922,1.3719822624637152,1729821578.430745
2.207906004514447,22.07906004514447,1.3792880700174428,1729821578.4396598
2.2282432641953367,22.282432641953367,1.386628190451146,1729821578.449652
2.2486886841086693,22.486886841086694,1.3940027349937298,1729821578.4598227
2.2692427707709846,22.692427707709847,1.4014118146764765,1729821578.4695938
2.2899060323242737,22.899060323242736,1.4088555403253173,1729821578.479609
2.3106789785328514,23.106789785328516,1.4163340225529892,1729821578.489661
2.3315621207801143,23.315621207801144,1.4238473717511577,1729821578.499667
2.3525559720651796,23.525559720651795,1.4313956980824272,1729821578.509538
2.3736610469994104,23.736610469994105,1.4389791114722885,1729821578.5197225
2.3948778618028164,23.948778618028165,1.4465977216010386,1729821578.529661
2.4162069343003387,24.162069343003388,1.454251637895529,1729821578.5395722
2.4376487839180117,24.376487839180115,1.4619409695209469,1729821578.5495605
2.4592039316790015,24.592039316790014,1.469665825372434,1729821578.5596528
2.480872900199523,24.808729001995232,1.4774263140666792,1729821578.5696955
2.5026562136846318,25.026562136846316,1.4852225439334297,1729821578.5796444
2.524554397923887,25.245543979238867,1.4930546230069015,1729821578.589693
2.546567980286894,25.46567980286894,1.5009226590171578,1729821578.5996678
2.5686974897187125,25.686974897187124,1.5088267593813653,1729821578.6095486
2.59094345673514,25.9094345673514,1.516767031195012,1729821578.619687
2.613306413417864,26.13306413417864,1.5247435812230292,1729821578.6297095
2.63578689340948,26.357868934094803,1.5327565158908345,1729821578.6396055
2.658385431908383,26.583854319083827,1.5408059412753317,1729821578.6496456
2.6811025656635197,26.811025656635195,1.5488919630957922,1729821578.6598234
2.703938832969011,27.039388329690112,1.5570146867046755,1729821578.6696897
2.7268947736586346,27.268947736586348,1.5651742170783982,1729821578.679682
2.749970929100174,27.49970929100174,1.5733706588079932,1729821578.689614
2.7731678421896273,27.731678421896273,1.5816041160897245,1729821578.6997132
2.796486057345279,27.96486057345279,1.5898746927155805,1729821578.7096622
2.8199261205016306,28.199261205016306,1.5981824920637577,1729821578.7195914
2.84348857910319,28.434885791031903,1.6065276170890033,1729821578.7296693
2.8671739820981186,28.671739820981188,1.6149101703129278,1729821578.7396865
2.8909828799317356,28.909828799317356,1.62333025381422,1729821578.749609
2.914915824539877,29.14915824539877,1.6317879692188018,1729821578.7603443
2.938973369342109,29.389733693421093,1.6402834176898806,1729821578.7696106
2.9631560692347962,29.63156069234796,1.6488166999179774,1729821578.779494
2.987464480584019,29.87464480584019,1.657387916110817,1729821578.7896283
3.0118991612183446,30.118991612183446,1.665997165983185,1729821578.8003404
3.0364606704214476,30.364606704214477,1.6746445487467034,1729821578.8096218
3.06114956892458,30.6114956892458,1.6833301630995403,1729821578.819608
3.085966418898885,30.859664188988848,1.692054107216007,1729821578.8304176
3.110911783947564,31.10911783947564,1.7008164787361273,1729821578.8397138
3.1359862290978846,31.359862290978846,1.7096173747551044,1729821578.8496103
3.1611903207930343,31.611903207930343,1.7184568918127385,1729821578.86017
3.1865246268838185,31.865246268838185,1.727335125882742,1729821578.8697076
3.2119897166202,32.119897166202,1.7362521723619913,1729821578.8795054
3.2375861606426803,32.3758616064268,1.7452081260597239,1729821578.8896701
3.2633145309735205,32.633145309735205,1.7542030811866574,1729821578.8996952
3.2891754010078036,32.89175401007804,1.763237131344002,1729821578.9095626
3.315169345504332,33.151693455043315,1.7723103695124531,1729821578.9195995
3.3412969405763637,33.41296940576364,1.7814228880410599,1729821578.9296482
3.3675587636821858,33.67558763682186,1.790574778636095,1729821578.9396615
3.39395539361552,33.9395539361552,1.7997661323497538,1729821578.949632
3.4204874104957645,34.204874104957646,1.8089970395688844,1729821578.9596965
3.44715539575807,34.471553957580696,1.8182675900035803,1729821578.9695442
3.473959932143243,34.73959932143243,1.8275778726757124,1729821578.9795585
3.5009016036874843,35.00901603687484,1.8369279759074355,1729821578.9896567
3.5279809957119577,35.279809957119575,1.8463179873095643,1729821578.9996839
3.555198694812183,35.55198694812183,1.8557479937699433,1729821579.0095751
3.5825552888472636,35.825552888472636,1.865218081441673,1729821579.0196326
3.6100513669289347,36.10051366928935,1.874728335731365,1729821579.0296822
3.6376875194104423,36.37687519410442,1.8842788412872316,1729821579.0396647
3.665464337875244,36.65464337875244,1.8938696819871956,1729821579.0496795
3.693382415125536,36.93382415125536,1.9035009409268535,1729821579.0596893
3.721442345170602,37.21442345170602,1.913172700407452,1729821579.0695982
3.749644723214985,37.496447232149855,1.9228850419237449,1729821579.079463
3.77799014564648,37.7799014564648,1.9326380461518116,1729821579.0896525
3.806479210023946,38.06479210023946,1.9424317929367958,1729821579.1005208
3.83511251506494,38.3511251506494,1.9522663612805942,1729821579.1096225
3.863890660633167,38.638906606331666,1.9621418293294783,1729821579.1196902
3.892814247725747,38.92814247725747,1.972058274361673,1729821579.1295636
3.921883878460304,39.21883878460304,1.9820157727748344,1729821579.1397178
3.951100156061862,39.51100156061862,1.9920144000734914,1729821579.1496348
3.980463684849564,39.80463684849564,2.0020542308564493,1729821579.1596134
4.009975070223202,40.09975070223202,2.0121353388041103,1729821579.169592
4.0396349186495595,40.3963491864956,2.022257796665707,1729821579.1794457
4.069443837648564,40.69443837648564,2.0324216762465546,1729821579.1896179
4.099402435779262,40.99402435779262,2.042627048395182,1729821579.1996462
4.1295113226255875,41.29511322625588,2.0528739829904388,1729821579.2096043
4.159771108781958,41.597711087819576,2.0631625489285184,1729821579.2196162
4.190182405838665,41.90182405838665,2.0734928141099878,1729821579.229642
4.220745826367085,42.20745826367085,2.0838648454266973,1729821579.2396672
4.251461983904689,42.514619839046894,2.0942787087486603,1729821579.2496843
4.282331492939865,42.82331492939865,2.104734468910928,1729821579.2595625
4.313354968896543,43.13354968896543,2.1152321897003303,1729821579.2696877
4.344533028118627,43.445330281186266,2.1257719338422514,1729821579.2796376
4.375866287854232,43.758662878542324,2.1363537629872886,1729821579.2896304
4.4073553662397265,44.073553662397266,2.1469777376979233,1729821579.299821
4.439000882283572,44.39000882283572,2.1576439174351,1729821579.3095307
4.470803455849974,44.70803455849974,2.168352360544793,1729821579.3196113
4.502763707642331,45.02763707642331,2.179103124244517,1729821579.3295846
4.5348822591864835,45.34882259186483,2.189896264609771,1729821579.3395991
4.567159732813765,45.67159732813765,2.2007318365605015,1729821579.3496718
4.599596751643858,45.99596751643858,2.2116098938474615,1729821579.3596926
4.632193939567441,46.321939395674406,2.222530489038578,1729821579.3695343
4.66495192122864,46.64951921228641,2.2334936735052495,1729821579.3795402
4.697871322007283,46.978713220072834,2.2444994974086243,1729821579.389598
4.730952768000942,47.309527680009424,2.25554800968585,1729821579.3996572
4.764196886006783,47.64196886006783,2.266639258036259,1729821579.4095786
4.797604303503203,47.97604303503203,2.2777732889075595,1729821579.4197152
4.831175648631277,48.31175648631277,2.2889501474819736,1729821579.4298096
4.864911550175987,48.649115501759866,2.300169877662342,1729821579.4396574
4.898812637547258,48.98812637547258,2.3114325220582246,1729821579.4497328
4.9328795407607835,49.328795407607835,2.322738121971931,1729821579.459651
4.967112890418648,49.67112890418648,2.3340867173845843,1729821579.4696517
5.001513317689744,50.015133176897436,2.345478346942103,1729821579.4794354
5.036081454289983,50.36081454289983,2.356913047941196,1729821579.4897332
5.070817932462303,50.70817932462303,2.3683908563153273,1729821579.499763
5.105723384956466,51.05723384956466,2.3799118066206515,1729821579.5096157
5.140798445008652,51.40798445008652,2.391475932021955,1729821579.5196364
5.176043746320847,51.76043746320847,2.403083264278552,1729821579.5297785
5.211459923040017,52.114599230400174,2.414733833730178,1729821579.539613
5.247047609737089,52.470476097370884,2.426427669282887,1729821579.549684
5.282807441385707,52.82807441385707,2.438164798394895,1729821579.5606594
5.318740053340798,53.187400533407974,2.449945247062461,1729821579.569664
5.354846081316916,53.54846081316916,2.4617690398057435,1729821579.579418
5.39112616136639,53.9112616136639,2.473636199654606,1729821579.58962
5.427580929857254,54.27580929857254,2.4855467481344973,1729821579.5996308
5.464211023450978,54.64211023450978,2.4975007052522797,1729821579.6095695
5.501017079079984,55.01017079079985,2.509498089482038,1729821579.6196125
5.537999733924963,55.37999733924963,2.521538917750956,1729821579.629616
5.575159625391971,55.751596253919715,2.5336232054251107,1729821579.6396613
5.612497391089335,56.12497391089335,2.54575096629535,1729821579.6496105
5.650013668804335,56.50013668804335,2.5579222125631156,1729821579.6595988
5.687709096479686,56.877090964796864,2.5701369548263178,1729821579.6696057
5.725584312189816,57.25584312189816,2.582395202065188,1729821579.6795206
5.763639954116927,57.63639954116927,2.5946969616281508,1729821579.6895857
5.801876660526862,58.01876660526862,2.6070422392177446,1729821579.6995943
5.8402950697447515,58.402950697447515,2.6194310388764888,1729821579.7095253
5.878895820130465,58.78895820130465,2.63186336297284,1729821579.7197778
5.917679550053849,59.17679550053849,2.6443392121871105,1729821579.729729
5.956646897869764,59.56646897869764,2.656858585497457,1729821579.739708
5.995798501892913,59.95798501892913,2.6694214801658647,1729821579.7496927
6.035135000372463,60.35135000372463,2.6820278917241533,1729821579.7597349
6.0746570314664705,60.74657031466471,2.6946778139600336,1729821579.7696235
6.114365233216092,61.14365233216092,2.7073712389031743,1729821579.7795012
6.154260243519596,61.54260243519596,2.7201081568113117,1729821579.7895644
6.1943427001061755,61.94342700106176,2.7328885561564014,1729821579.799674
6.234613240509548,62.346132405095474,2.745712423610778,1729821579.8096619
6.275072502041362,62.75072502041362,2.7585797440333946,1729821579.8195786
6.315721121764401,63.15721121764401,2.7714905004560726,1729821579.8297443
6.356559736465581,63.56559736465581,2.7844446740697966,1729821579.8397207
6.3975889826287515,63.97588982628751,2.7974422442110902,1729821579.849622
6.438809496407301,64.388094964073,2.8104831883483796,1729821579.859906
6.480221913596555,64.80221913596554,2.823567482068484,1729821579.8695462
6.521826869605984,65.21826869605984,2.8366950990630735,1729821579.8794246
6.563624999431208,65.63624999431208,2.8498660111152696,1729821579.8897462
6.605616937625812,66.05616937625813,2.8630801880862253,1729821579.899673
6.647803318272959,66.47803318272959,2.8763375979018257,1729821579.909584
6.69018477495681,66.9018477495681,2.889638206539424,1729821579.9196422
6.7327619407337576,67.32761940733758,2.902981978014632,1729821579.929792
6.7755354481034535,67.75535448103453,2.9163688743682132,1729821579.9396944
6.8185059289796595,68.1850592897966,2.9297988556530137,1729821579.9496148
6.861674014660896,68.61674014660896,2.943271879920975,1729821579.9597137
6.90504033580091,69.0504033580091,2.9567879032102344,1729821579.9696808
6.948605522378947,69.48605522378946,2.9703468795323,1729821579.9793699
6.992370203669842,69.92370203669842,2.9839487608592843,1729821579.989715
7.036335008213924,70.36335008213923,2.9975934971112506,1729821579.9996834
7.080500563786732,70.80500563786731,3.011281036143633,1729821580.0094051
7.124867497368552,71.24867497368552,3.0250113237347276,1729821580.0195928
7.169436435113771,71.69436435113771,3.0387843035733284,1729821580.0294278
7.214208002320048,72.14208002320048,3.052599917246375,1729821580.0396569
7.259182823397311,72.59182823397312,3.066458104226783,1729821580.0497136
7.3043615218365705,73.0436152183657,3.080358801861306,1729821580.059791
7.349744720178561,73.4974472017856,3.09430194535854,1729821580.0697546
7.395333039982206,73.95333039982206,3.108287467777022,1729821580.0797513
7.441127101792913,74.41127101792912,3.122315300013416,1729821580.0895848
7.487127525110691,74.87127525110691,3.136385370790854,1729821580.099671
7.533334928358106,75.33334928358106,3.1504976066473396,1729821580.1096041
7.57974992884806,75.79749928848061,3.1646519319242983,1729821580.119688
7.6263731427514125,76.26373142751413,3.17884826875525,1729821580.1296773
7.673205185064431,76.73205185064431,3.1930865370545747,1729821580.1397433
7.72024666957608,77.2024666957608,3.207366654506426,1729821580.14967
7.767498208835153,77.67498208835153,3.2216885365537737,1729821580.1596885
7.814960414117241,78.1496041411724,3.236052096387555,1729821580.169596
7.862633895391544,78.62633895391544,3.2504572449359865,1729821580.1797454
7.910519261287532,79.10519261287531,3.2649038908539816,1729821580.1897042
7.95861711906145,79.5861711906145,3.279391940512738,1729821580.1998546
8.006928074562671,80.06928074562671,3.2939212979894266,1729821580.2095373
8.055452732199903,80.55452732199903,3.3084918650570816,1729821580.2195961
8.104191694907248,81.04191694907249,3.3231035411745817,1729821580.2297776
8.153145564110115,81.53145564110116,3.337756223476801,1729821580.2396674
8.202314939690995,82.02314939690994,3.352449806764946,1729821580.2495928
8.251700419955089,82.51700419955088,3.367184183496979,1729821580.2596316
8.301302601595811,83.0130260159581,3.38195924377828,1729821580.2696378
8.351122079660142,83.51122079660142,3.3967748753524023,1729821580.2794573
8.401159447513857,84.01159447513857,3.4116309635920365,1729821580.2896264
8.451415296806625,84.51415296806624,3.42652739149012,1729821580.2996986
8.501890217436976,85.01890217436977,3.4414640396511262,1729821580.309536
8.552584797517147,85.52584797517147,3.4564407862825326,1729821580.3196082
8.603499623337798,86.03499623337798,3.471457507186447,1729821580.3296967
8.654635279332622,86.54635279332622,3.4865140757514363,1729821580.3397787
8.70599234804282,87.0599234804282,3.50161036294451,1729821580.3496397
8.757571410081477,87.57571410081476,3.51674623730332,1729821580.3596747
8.809373044097814,88.09373044097813,3.531921564928519,1729821580.3697064
8.86139782674134,88.6139782674134,3.547136209476338,1729821580.3794808
8.913646332625895,89.13646332625895,3.5623900321513395,1729821580.3897543
8.966119134293582,89.66119134293581,3.577682891699362,1729821580.3998482
9.018816802178613,90.18816802178613,3.5930146444006907,1729821580.4095905
9.071739904571047,90.71739904571047,3.6083851440633983,1729821580.4195902
9.124889007580435,91.24889007580435,3.6237942420169236,1729821580.4307618
9.178264675099381,91.78264675099382,3.6392417871058265,1729821580.43961
9.231867468766998,92.31867468766998,3.6547276256837855,1729821580.4496248
9.285697947932299,92.85697947932299,3.670251601607782,1729821580.4605463
9.339756669617495,93.39756669617495,3.685813556232532,1729821580.4697733
9.394044188481214,93.94044188481215,3.7014133284050943,1729821580.479552
9.44856105678165,94.4856105678165,3.7170507544597506,1729821580.4897118
9.50330782433963,95.0330782433963,3.732725668213076,1729821580.499726
9.55828503850163,95.5828503850163,3.7484379009592614,1729821580.5095668
9.613493244102703,96.13493244102702,3.764187281465633,1729821580.5197182
9.668932983429361,96.6893298342936,3.7799736359684597,1729821580.5297287
9.724604796182398,97.24604796182398,3.795796788168938,1729821580.5396194
9.780509219439649,97.8050921943965,3.8116565592294642,1729821580.5496554
9.836646787618703,98.36646787618703,3.8275527677701144,1729821580.559648
9.893018032439569,98.93018032439569,3.843485229865401,1729821580.5696816
9.949623482887299,99.49623482887299,3.859453759041249,1729821580.5795095
10.006463665174564,100.06463665174564,3.8754581662722374,1729821580.5895555
10.0635391027042,100.63539102704199,3.891498259979086,1729821580.599675
10.120850316031715,101.20850316031715,3.907573846026414,1729821580.6095524
10.178397822827778,101.78397822827777,3.9236847277207363,1729821580.6196234
10.236182137840663,102.36182137840663,3.9398307058087236,1729821580.6297057
10.294203772858694,102.94203772858694,3.9560115784757524,1729821580.6396315
10.352463236672653,103.52463236672654,3.9722271413446806,1729821580.6496186
10.410961035038191,104.10961035038191,3.9884771874749174,1729821580.65966
10.469697670638213,104.69697670638213,4.004761507361765,1729821580.6696372
10.528673643045272,105.28673643045272,4.021079888936024,1729821580.6794946
10.587889448683946,105.87889448683946,4.037432117563867,1729821580.6896412
10.647345580793235,106.47345580793235,4.05381797604702,1729821580.6996238
10.70704252938895,107.0704252938895,4.070237244623188,1729821580.7096488
10.76698078122612,107.66980781226121,4.086689700966799,1729821580.7195768
10.827160819761412,108.27160819761411,4.1031751201899915,1729821580.7296145
10.887583125115565,108.87583125115566,4.119693274843941,1729821580.7396786
10.948248174035863,109.48248174035862,4.136243934920426,1729821580.7496436
11.009156439858613,110.09156439858613,4.152826867853724,1729821580.7596455
11.070308392471675,110.70308392471675,4.169441838522776,1729821580.7695723
11.131704498277015,111.31704498277016,4.186088609253662,1729821580.7794907
11.193345220153308,111.93345220153307,4.202766939822375,1729821580.7896886
11.255231017418577,112.55231017418578,4.219476587457875,1729821580.799691
11.317362345792887,113.17362345792887,4.236217306845482,1729821580.8096285
11.379739657361096,113.79739657361097,4.25298885013053,1729821580.8196387
11.442363400535656,114.42363400535656,4.269790966922372,1729821580.829652
11.505234020019483,115.05234020019483,4.286623404298647,1729821580.8396049
11.568351956768891,115.68351956768892,4.303485906809906,1729821580.8497818
11.631717647956604,116.31717647956604,4.320378216484498,1729821580.8596826
11.695331526934837,116.95331526934837,4.337300072833816,1729821580.8696017
11.759194023198459,117.5919402319846,4.3542512128578235,1729821580.8795855
11.823305562348251,118.23305562348251,4.371231371050925,1729821580.8896637
11.887666566054246,118.87666566054247,4.3882402794081266,1729821580.900287
11.952277452019164,119.52277452019163,4.405277667431546,1729821580.9095988
12.017138633941952,120.17138633941953,4.422343262137218,1729821580.9196937
12.082250521481425,120.82250521481426,4.439436788062249,1729821580.9296443
12.147613520220018,121.47613520220018,4.456557967272261,1729821580.9395816
12.21322803162765,122.1322803162765,4.473706519369198,1729821580.9495864
12.279094453025715,122.79094453025715,4.490882161499435,1729821580.9599106
12.345213177551182,123.45213177551182,4.508084608362227,1729821580.9696386
12.41158459412084,124.11584594120839,4.525313572218478,1729821580.979472
12.478209087395662,124.78209087395662,4.542568762899846,1729821580.989628
12.545087037745326,125.45087037745326,4.55984988781819,1729821580.9997337
12.612218821212853,126.12218821212852,4.577156651975319,1729821581.009592
12.679604809479416,126.79604809479416,4.594488757973103,1729821581.019652
12.747245369829297,127.47245369829298,4.611845906023921,1729821581.029654
12.81514086511499,128.1514086511499,4.629227793961416,1729821581.0396447
12.883291653722484,128.83291653722483,4.646634117251594,1729821581.0496058
12.9516980895367,129.516980895367,4.664064569004299,1729821581.0596316
13.020360521907108,130.20360521907108,4.681518839984967,1729821581.0696406
13.08927929561352,130.8927929561352,4.698996618626746,1729821581.0795214
13.158454750832071,131.58454750832072,4.71649759104297,1729821581.0897045
13.227887223101371,132.2788722310137,4.7340214410399355,1729821581.099751
13.297577043288873,132.97577043288874,4.751567850130048,1729821581.1096606
13.36752453755742,133.6752453755742,4.769136497545288,1729821581.1196437
13.437730027332004,134.37730027332003,4.786727060251039,1729821581.1296835
13.508193829266727,135.08193829266727,4.8043392129602225,1729821581.139742
13.578916255211983,135.78916255211982,4.821972628147796,1729821581.149735
13.649897612181844,136.49897612181843,4.839626976065597,1729821581.1595798
13.721138202321685,137.21138202321686,4.857301924757513,1729821581.169614
13.792638322876023,137.92638322876024,4.874997140074985,1729821581.1795661
13.864398266156595,138.64398266156596,4.89271228569287,1729821581.189609
13.936418319510672,139.3641831951067,4.910447023125625,1729821581.2000692
14.008698765289616,140.08698765289614,4.9282010117438535,1729821581.2096803
14.081239880817684,140.81239880817685,4.945973908791162,1729821581.2196047
14.154041938361082,141.5404193836108,4.9637653694013775,1729821581.2296429
14.227105205097287,142.27105205097286,4.981575046616074,1729821581.2396426
14.300429943084609,143.0042994308461,4.999402591402498,1729821581.24966
14.37401640923205,143.7401640923205,5.01724765267174,1729821581.2599084
14.447864855269406,144.47864855269407,5.035109877297323,1729821581.2695987
14.52197552771767,145.2197552771767,5.052988910134079,1729821581.2794287
14.596348667859697,145.96348667859698,5.070884394037387,1729821581.2896757
14.670984511711175,146.70984511711174,5.08879596988271,1729821581.299747
14.745883289991871,147.45883289991872,5.1067232765855,1729821581.3096194
14.821045228097184,148.21045228097182,5.124665951121424,1729821581.3195682
14.896470546069992,148.96470546069992,5.142623628546893,1729821581.3297005
14.972159458572817,149.72159458572816,5.160595942019961,1729821581.3396308
15.048112174860282,150.48112174860282,5.17858252282152,1729821581.3496115
15.124328898751909,151.2432889875191,5.19658300037683,1729821581.359693
15.20080982860521,152.0080982860521,5.214597002277387,1729821581.3696406
15.277555157289127,152.77555157289126,5.232624154303084,1729821581.3794427
15.354565072157786,153.54565072157786,5.250664080444714,1729821581.3895955
15.431839755024592,154.31839755024592,5.268716402926801,1729821581.3996782
15.509379382136668,155.0937938213667,5.28678074223072,1729821581.409672
15.587184124149625,155.87184124149624,5.304856717118142,1729821581.4196672
15.665254146102694,156.65254146102694,5.322943944654815,1729821581.4298244
15.743589607394203,157.43589607394202,5.341042040234626,1729821581.4396813
15.822190661757414,158.22190661757415,5.359150617603985,1729821581.4496052
15.901057457236726,159.01057457236726,5.3772692888865254,1729821581.4599845
15.980190136164234,159.80190136164234,5.395397664608083,1729821581.469566
16.05958883513667,160.59588835136668,5.413535353722002,1729821581.4795444
16.13925368499271,161.3925368499271,5.431681963634732,1729821581.4895813
16.21918481079068,162.1918481079068,5.449837100231727,1729821581.4997754
16.29938233178661,162.9938233178661,5.46800036790362,1729821581.5096397
16.37984636141272,163.7984636141272,5.486171369572711,1729821581.5196388
16.460577007256266,164.60577007256265,5.5043497067197436,1729821581.5305326
16.54157437103879,165.41574371038791,5.522534979410947,1729821581.5395803
16.62283854859579,166.22838548595792,5.54072678632539,1729821581.5496118
16.70436962985676,167.0436962985676,5.558924724782585,1729821581.559742
16.786167698825672,167.8616769882567,5.5771283907703975,1729821581.5696652
16.86823283356186,168.6823283356186,5.595337378973211,1729821581.579374
16.950565106161307,169.50565106161307,5.61355128280038,1729821581.5895824
17.033164582738383,170.33164582738382,5.631769694414912,1729821581.5996468
17.116031323407974,171.16031323407975,5.649992204762476,1729821581.6095862
17.199165382268063,171.99165382268063,5.668218403600621,1729821581.6196291
17.28256680738274,172.8256680738274,5.686447879528256,1729821581.6296382
17.36623564076564,173.6623564076564,5.704680220015421,1729821581.6396246
17.45017191836383,174.50171918363827,5.722915011433267,1729821581.649651
17.534375670042127,175.34375670042127,5.741151839084301,1729821581.6596167
17.618846919567886,176.18846919567886,5.75939028723287,1729821581.669592
17.70358568459621,177.0358568459621,5.77762993913589,1729821581.679374
17.78859197665564,177.88591976655638,5.795870377073792,1729821581.68967
17.873865801134276,178.73865801134275,5.814111182381726,1729821581.6999655
17.959407157266394,179.59407157266395,5.8323519354809665,1729821581.7095912
18.045216038119488,180.4521603811949,5.850592215910552,1729821581.7195773
18.13129243058181,181.3129243058181,5.868831602359137,1729821581.7296727
18.217636315350354,182.17636315350353,5.8870696726970735,1729821581.7397194
18.30424766691935,183.0424766691935,5.905306004008676,1729821581.7497568
18.391126453569182,183.91126453569183,5.923540172624721,1729821581.7602048
18.47827263735585,184.7827263735585,5.941771754155111,1729821581.769542
18.565686174100847,185.65686174100847,5.960000323521774,1729821581.7794652
18.653367013381573,186.53367013381572,5.978225454991739,1729821581.7896132
18.741315098522215,187.41315098522216,5.996446722210372,1729821581.7996635
18.829530366585114,188.29530366585115,6.014663698234843,1729821581.8095508
18.91801274836264,189.1801274836264,6.032875955567725,1729821581.8196416
19.00676216836954,190.0676216836954,6.051083066190802,1729821581.8296745
19.095778544835813,190.95778544835812,6.069284601599012,1729821581.8395984
19.185061789700057,191.85061789700057,6.087480132834587,1729821581.8497162
19.274611808603343,192.74611808603342,6.105669230521311,1729821581.8600996
19.364428500883577,193.64428500883577,6.123851464898964,1729821581.8696132
19.454511759570373,194.54511759570374,6.1420264058579,1729821581.8794286
19.544861471380443,195.44861471380443,6.160193622973766,1729821581.8896146
19.635477516713486,196.35477516713485,6.178352685542354,1729821581.899674
19.726359769648607,197.26359769648607,6.196503162614604,1729821581.9096966
19.817508097941225,198.17508097941226,6.214644623031715,1729821581.9196563
19.908922363020533,199.08922363020534,6.232776635460366,1729821581.9296067
20.000602419987437,200.0060241998744,6.250898768428096,1729821581.9396372
20.092548117613052,200.92548117613052,6.269010590358745,1729821581.9496465
20.184759298337692,201.84759298337693,6.287111669608031,1729821581.959639
20.2772357982704,202.772357982704,6.30520157449922,1729821581.9697304
20.369977447188994,203.69977447188995,6.323279873358871,1729821581.9795852
20.46298406854064,204.62984068540638,6.3413461345527065,1729821581.9895937
20.556255479442953,205.56255479442953,6.359399926521515,1729821581.999626
20.649791490685633,206.49791490685632,6.377440817817188,1729821582.0097058
20.743591906732615,207.43591906732615,6.395468377138771,1729821582.0196557
20.83765652572476,208.3765652572476,6.4134821733686245,1729821582.029428
20.93198513948308,209.31985139483078,6.431481775608614,1729821582.0396547
21.026577533512476,210.26577533512477,6.449466753216377,1729821582.0504007
21.121433487006044,211.21433487006044,6.467436675841617,1729821582.0596023
21.216552772849862,212.16552772849863,6.4853911134624465,1729821582.0696862
21.31193515762837,213.1193515762837,6.50332963642178,1729821582.080135
21.40758040163023,214.0758040163023,6.521251815463733,1729821582.08954
21.503488258854766,215.03488258854765,6.539157221770063,1729821582.099765
21.5996584770189,215.99658477018897,6.55704542699662,1729821582.109637
21.696090797564644,216.96090797564642,6.5749160033098075,1729821582.1196685
21.792784955667134,217.92784955667133,6.592768523423064,1729821582.1296341
21.889740680243175,218.89740680243176,6.610602560633323,1729821582.1396348
21.986957693960342,219.8695769396034,6.628417688857478,1729821582.1496305
22.084435713246602,220.84435713246603,6.646213482668845,1729821582.1597414
22.18217444830048,221.8217444830048,6.663989517333594,1729821582.169683
22.28017360310175,222.80173603101753,6.681745368847144,1729821582.1794362
22.378432875422675,223.78432875422675,6.699480613970573,1729821582.1897032
22.476951956839752,224.76951956839753,6.71719483026693,1729821582.1997485
22.57573053274602,225.75730532746022,6.734887596137565,1729821582.209749
22.674768282363893,226.7476828236389,6.752558490858357,1729821582.219561
22.774064878758495,227.74064878758495,6.77020709461593,1729821582.22973
22.87361998885157,228.7361998885157,6.7878329885437925,1729821582.239593
22.973433273435884,229.73433273435884,6.805435754758387,1729821582.2497435
23.073504387190177,230.73504387190178,6.823014976395113,1729821582.2596464
23.173832978694634,231.73832978694634,6.840570237644233,1729821582.2696564
23.274418690446876,232.74418690446876,6.85810112378671,1729821582.2794473
23.375261158878487,233.75261158878487,6.875607221229956,1729821582.2896526
23.476360014372062,234.76360014372062,6.893088117543469,1729821582.2997246
23.57771488127876,235.77714881278757,6.910543401494385,1729821582.3096437
23.679325377936397,236.79325377936397,6.927972663082908,1729821582.3196354
23.781191116688053,237.81191116688052,6.945375493577631,1729821582.3296049
23.883311703901178,238.83311703901177,6.962751485550733,1729821582.3396392
23.985686739987244,239.85686739987244,6.980100232913051,1729821582.3496659
24.088315819421876,240.88315819421877,6.997421330949022,1729821582.359639
24.19119853076551,241.91198530765513,7.014714376351472,1729821582.3695824
24.29433445668457,242.9433445668457,7.0319789672562845,1729821582.3794644
24.397723173973123,243.97723173973122,7.049214703276888,1729821582.3896983
24.501364253575062,245.01364253575062,7.066421185538628,1729821582.3996315
24.605257260606784,246.05257260606783,7.083598016712925,1729821582.4096797
24.709401754380362,247.09401754380363,7.100744801051302,1729821582.4195597
24.813797288427217,248.1379728842722,7.117861144419244,1729821582.4297404
24.918443410522276,249.18443410522275,7.134946654329832,1729821582.439665
25.02333966270864,250.2333966270864,7.15200093997724,1729821582.4496732
25.12848558132272,251.2848558132272,7.1690236122700295,1729821582.4597583
25.233880697019874,252.33880697019873,7.186014283864219,1729821582.4696944
25.339524534800503,253.39524534800503,7.20297256919619,1729821582.4794316
25.445416614036663,254.45416614036662,7.219898084515362,1729821582.489588
25.551556448499124,255.51556448499124,7.236790447916663,1729821582.4997444
25.6579435463849,256.579435463849,7.25364927937278,1729821582.5095336
25.764577410345275,257.64577410345277,7.2704742007661824,1729821582.5196898
25.871457537514278,258.7145753751428,7.287264835920922,1729821582.5299757
25.978583419537607,259.7858341953761,7.304020810634194,1729821582.5395398
26.085954542602046,260.8595454260205,7.320741752707665,1729821582.549625
26.193570387465307,261.9357038746531,7.337427291978541,1729821582.5597312
26.30143042948635,263.0143042948635,7.354077060350404,1729821582.569643
26.40953413865612,264.0953413865612,7.37069069182378,1729821582.5795453
26.517880979628767,265.1788097962877,7.387267822526459,1729821582.5895727
26.626470411753274,266.26470411753274,7.40380809074354,1729821582.5997486
26.73530188910554,267.3530188910554,7.420311136947195,1729821582.6096282
26.844374860520876,268.4437486052088,7.436776603826198,1729821582.6196973
26.953688769626968,269.5368876962697,7.453204136315124,1729821582.629679
27.063243054877223,270.6324305487722,7.469593381623307,1729821582.639657
27.17303714958455,271.73037149584553,7.485943989263481,1729821582.6496644
27.28307048195558,272.8307048195558,7.502255611080136,1729821582.6598492
27.393342475125248,273.93342475125246,7.518527901277578,1729821582.6696815
27.50385254719183,275.0385254719183,7.534760516447692,1729821582.6795275
27.61460011125236,276.1460011125236,7.550953115597382,1729821582.6896262
27.72558457543845,277.2558457543845,7.5671053601757166,1729821582.6996975
27.83680534295249,278.36805342952493,7.583216914100749,1729821582.7096019
27.948261812104267,279.48261812104266,7.59928744378602,1729821582.7195444
28.059953376347934,280.59953376347937,7.615316618166737,1729821582.7296312
28.171879424319382,281.7187942431938,7.631304108725633,1729821582.7395399
28.284039339873974,282.84039339873976,7.647249589518475,1729821582.7496152
28.396432502124654,283.9643250212465,7.663152737199264,1729821582.7598624
28.50905828548042,285.0905828548042,7.6790132310450705,1729821582.7696066
28.621916059685162,286.2191605968516,7.69483075298054,1729821582.7794464
28.735005189856825,287.35005189856827,7.710604987602052,1729821582.7895799
28.84832503652697,288.48325036526967,7.726335622201523,1729821582.799723
28.96187495568063,289.61874955680634,7.742022346789868,1729821582.8097615
29.075654298796554,290.75654298796553,7.75766485412008,1729821582.819573
29.189662412887728,291.8966241288773,7.773262839709982,1729821582.830334
29.303898640542275,293.03898640542275,7.788816001864596,1729821582.8397365
29.41836231996465,294.1836231996465,7.804324041698141,1729821582.8497431
29.533052785017155,295.33052785017156,7.819786663155675,1729821582.8596942
29.64796936526178,296.4796936526178,7.835203573034363,1729821582.8697257
29.763111386002326,297.6311138600233,7.8505744810043545,1729821582.8795297
29.878478168326858,298.7847816832686,7.865899099629303,1729821582.8896456
29.99406902915043,299.9406902915043,7.881177144386493,1729821582.8996694
30.109883281258114,301.0988328125811,7.896408333686582,1729821582.90961
30.22592023334829,302.2592023334829,7.911592388892959,1729821582.9195821
30.342179190076255,303.42179190076257,7.926729034340733,1729821582.9296248
30.458659452098065,304.58659452098067,7.941817997355283,1729821582.9396284
30.575360316114665,305.75360316114666,7.956859008270474,1729821582.949587
30.692281074916274,306.92281074916275,7.97185180044643,1729821582.9597354
30.80942101742702,308.0942101742702,7.9867961102869405,1729821582.969647
30.92677942874984,309.2677942874984,8.001691677256444,1729821582.9796605
31.044355590211598,310.443555902116,8.016538243896642,1729821582.9896872
31.162148779408476,311.62148779408477,8.031335555842666,1729821582.9997225
31.280158270251558,312.8015827025156,8.046083361838885,1729821583.0096858
31.398383333012667,313.9838333301267,8.06078141375427,1729821583.0196795
31.51682323437041,315.1682323437041,8.075429466597383,1729821583.0300648
31.63547723745644,316.3547723745644,8.090027278530922,1729821583.0396516
31.75434460190192,317.5434460190192,8.10457461088589,1729821583.0496361
31.873424583884198,318.73424583884196,8.119071228175331,1729821583.0596967
31.992716436173673,319.92716436173674,8.133516898107649,1729821583.0696325
32.11221940818085,321.1221940818085,8.147911391599537,1729821583.0794644
32.231932746003565,322.31932746003565,8.162254482788466,1729821583.0896788
32.35185569247442,323.51855692474425,8.17654594904477,1729821583.099685
32.47198748720837,324.71987487208366,8.19078557098332,1729821583.1095898
32.59232736665044,325.9232736665044,8.204973132474757,1729821583.1196928
32.71287456412368,327.12874564123683,8.219108420656344,1729821583.1296017
32.83362830987721,328.3362830987721,8.233191225942363,1729821583.139587
32.954587831134425,329.54587831134427,8.247221342034114,1729821583.1496077
33.07575235214134,330.7575235214134,8.261198565929492,1729821583.1595225
33.197121094215106,331.97121094215106,8.275122697932138,1729821583.1696835
33.318693275792576,333.1869327579258,8.288993541660187,1729821583.1794965
33.440468112479074,334.4046811247907,8.302810904054558,1729821583.189708
33.56244481709724,335.62444817097236,8.31657459538688,1729821583.199662
33.68462259973597,336.8462259973597,8.330284429266955,1729821583.2097304
33.80700066779951,338.0700066779951,8.343940222649811,1729821583.219657
33.929578226056584,339.29578226056583,8.35754179584235,1729821583.229671
34.05235447668969,340.5235447668969,8.371088972509563,1729821583.2396603
34.17532861934439,341.7532861934439,8.384581579680342,1729821583.249701
34.29849985117875,342.98499851178747,8.398019447752844,1729821583.259702
34.42186736691282,344.2186736691282,8.411402410499484,1729821583.2695744
34.545430358878214,345.4543035887821,8.424730305071463,1729821583.2794373
34.66918801706769,346.6918801706769,8.438002972002922,1729821583.2896895
34.79313952918485,347.9313952918485,8.451220255214652,1729821583.2996917
34.91728408069384,349.1728408069384,8.464382002017414,1729821583.3097386
35.04162085486912,350.4162085486912,8.477488063114816,1729821583.3197217
35.16614903284528,351.6614903284528,8.490538292605821,1729821583.3296213
35.29086779366684,352.9086779366684,8.503532547986804,1729821583.3396614
35.41577631433811,354.1577631433811,8.516470690153225,1729821583.3497467
35.54087376987307,355.40873769873076,8.529352583400886,1729821583.3595877
35.66615933334527,356.6615933334527,8.542178095426785,1729821583.3697128
35.79163217593767,357.91632175937673,8.554947097329562,1729821583.3795393
35.917291466992594,359.17291466992594,8.567659463609552,1729821583.3897293
36.04313637406157,360.43136374061567,8.580315072168418,1729821583.3997145
36.16916606295522,361.6916606295522,8.592913804308406,1729821583.409776
36.29537969779313,362.9537969779313,8.605455544731194,1729821583.4196365
36.421776441053666,364.2177644105367,8.617940181536339,1729821583.4297123
36.548355453623806,365.48355453623805,8.630367606219338,1729821583.439523
36.67511589484888,366.7511589484888,8.642737713669304,1729821583.449639
36.80205692258233,368.0205692258233,8.655050402166237,1729821583.459624
36.929177693235395,369.29177693235397,8.667305573377918,1729821583.4696755
37.05647736182673,370.5647736182673,8.67950313235642,1729821583.479498
37.183955082032,371.83955082032,8.691642987534232,1729821583.4896295
37.311610006233394,373.11610006233394,8.703725050720001,1729821583.4997091
37.43944128556908,374.3944128556908,8.715749237093911,1729821583.5095766
37.56744806998257,375.67448069982566,8.727715465202662,1729821583.5197046
37.69562950827201,376.95629508272015,8.739623656954103,1729821583.529653
37.82398474813944,378.23984748139435,8.751473737611475,1729821583.5396314
37.95251293623984,379.5251293623984,8.763265635787308,1729821583.549602
38.081213218230225,380.81213218230226,8.774999283436925,1729821583.5596683
38.21008473881854,382.10084738818534,8.786674615851618,1729821583.569646
38.33912664181248,383.39126641812476,8.798291571651442,1729821583.5794399
38.46833807016822,384.6833807016822,8.809850092777658,1729821583.589598
38.597718166039,385.97718166039,8.82135012448484,1729821583.600362
38.7272660708236,387.272660708236,8.832791615332601,1729821583.6095567
38.856980925214685,388.56980925214685,8.844174517177011,1729821583.619584
38.986861869247015,389.86861869247014,8.855498785161643,1729821583.6298847
39.11690804234555,391.1690804234555,8.866764377708291,1729821583.6396573
39.247118583373364,392.47118583373367,8.877971256507351,1729821583.6497183
39.37749263067946,393.7749263067946,8.889119386507868,1729821583.660185
39.50802932214639,395.08029322146393,8.90020873590726,1729821583.669721
39.63872779523776,396.38727795237764,8.911239276140698,1729821583.679469
39.76958718704556,397.69587187045556,8.922210981870187,1729821583.6895685
39.900606634337294,399.00606634337294,8.933123830973308,1729821583.6997495
40.03178527360302,400.3178527360302,8.943977804531656,1729821583.7096858
40.16312224110213,401.6312224110213,8.954772886818963,1729821583.7195885
40.29461667291,402.9461667291,8.965509065288913,1729821583.7297103
40.42626770496447,404.26267704964465,8.976186330562648,1729821583.7396576
40.55807447311206,405.5807447311206,8.986804676415977,1729821583.7496593
40.6900361131541,406.900361131541,8.997364099766294,1729821583.7596436
40.82215176089259,408.22151760892586,9.007864600659188,1729821583.769639
40.95442055217586,409.5442055217586,9.018306182254776,1729821583.7795143
41.08684162294409,410.8684162294409,9.028688850813742,1729821583.7895823
41.21941410927453,412.1941410927453,9.03901261568311,1729821583.8001583
41.35213714742658,413.52137147426583,9.049277489281707,1729821583.8096004
41.48500987388662,414.85009873886617,9.05948348708539,1729821583.8196602
41.61803142541262,416.1803142541262,9.06963062761198,1729821583.830455
41.75120093907854,417.51200939078535,9.079718932405926,1729821583.8395956
41.884517552318485,418.8451755231848,9.08974842602273,1729821583.8496368
42.01798040297065,420.1798040297065,9.099719136013094,1729821583.859637
42.15158862932098,421.51588629320986,9.109631092906817,1729821583.8696082
42.285341370146675,422.85341370146676,9.119484330196448,1729821583.8794973
42.419237764759345,424.19237764759345,9.12927888432069,1729821583.889557
42.553276953048005,425.53276953048004,9.139014794647562,1729821583.8997009
42.68745807552178,426.87458075521783,9.14869210345732,1729821583.909576
42.82178027335238,428.2178027335238,9.158310855925151,1729821583.9196234
42.956242688416275,429.56242688416273,9.167871100103644,1729821583.9296162
43.090844463336644,430.90844463336646,9.177372886905012,1729821583.9395697
43.225584741525076,432.25584741525074,9.186816270083119,1729821583.9496076
43.36046266722294,433.6046266722294,9.196201306215277,1729821583.959793
43.49547738554257,434.95477385542574,9.205528054683839,1729821583.9696426
43.6306280425081,436.306280425081,9.214796577657573,1729821583.9794204
43.76591378509607,437.6591378509607,9.224006940072838,1729821583.989591
43.90133376127572,439.01333761275725,9.233159209614564,1729821583.999625
44.03688712004906,440.3688712004906,9.242253456697036,1729821584.009469
44.17257301149057,441.7257301149057,9.251289754444473,1729821584.019711
44.30839058678669,443.0839058678669,9.26026817867144,1729821584.029631
44.44433899827498,444.4433899827498,9.269188807863074,1729821584.0401804
44.580417399482975,445.80417399482974,9.278051723155107,1729821584.049644
44.716624945166814,447.16624945166814,9.286857008313756,1729821584.0595667
44.85296079134947,448.52960791349466,9.295604749715405,1729821584.0696886
44.98942409535875,449.8942409535875,9.304295036326147,1729821584.0797682
45.126014015865,451.26014015865,9.312927959681153,1729821584.0896811
45.262729712918464,452.6272971291846,9.32150361386388,1729821584.0996664
45.39957034798632,453.9957034798632,9.330022095485146,1729821584.1095335
45.53653508398948,455.36535083989475,9.338483503662028,1729821584.119633
45.673623085339024,456.7362308533902,9.346887939996636,1729821584.1296914
45.81083351797234,458.10833517972344,9.355235508554749,1729821584.1397305
45.94816554938893,459.4816554938893,9.363526315844291,1729821584.1497126
46.08561834868592,460.8561834868592,9.371760470793705,1729821584.1596074
46.22319108659323,462.2319108659323,9.379938084730176,1729821584.1696002
46.36088293550846,463.6088293550846,9.388059271357749,1729821584.179516
46.49869306953138,464.9869306953138,9.39612414673531,1729821584.1896672
46.6366206644982,466.366206644982,9.404132829254465,1729821584.1996887
46.77466489801544,467.74664898015436,9.412085439617302,1729821584.2095685
46.91282494949345,469.1282494949345,9.419982100814051,1729821584.2196093
47.05110000017969,470.5110000017969,9.42782293810063,1729821584.2296834
47.18948923319161,471.8948923319161,9.435608078976108,1729821584.239729
47.32799183354921,473.27991833549214,9.443337653160059,1729821584.2497368
47.466606988207296,474.666069882073,9.451011792569833,1729821584.2596378
47.60533388608735,476.0533388608735,9.45863063129774,1729821584.2697494
47.74417171810912,477.44171718109124,9.466194305588148,1729821584.2794852
47.883119677221835,478.83119677221833,9.473702953814508,1729821584.2896042
48.02217695843508,480.2217695843508,9.481156716456292,1729821584.2997127
48.161342758849386,481.6134275884939,9.488555736075876,1729821584.309589
48.30061627768639,483.0061627768639,9.495900157295344,1729821584.319547
48.43999671631873,484.3999671631873,9.503190126773237,1729821584.3297317
48.579483278299584,485.79483278299585,9.510425793181238,1729821584.3396306
48.719075169391814,487.1907516939182,9.517607307180798,1729821584.349651
48.858771597596835,488.58771597596837,9.524734821399722,1729821584.3605907
48.99857177318311,489.9857177318311,9.531808490408693,1729821584.3696811
49.138474908714294,491.38474908714295,9.538828470697764,1729821584.3794222
49.27848021907703,492.78480219077034,9.545794920652805,1729821584.3896294
49.418586921508435,494.1858692150844,9.552708000531904,1729821584.399689
49.558794235623175,495.58794235623174,9.55956787244176,1729821584.409556
49.69910138344027,496.99101383440274,9.56637470031401,1729821584.4196227
49.83950758940949,498.39507589409493,9.573128649881562,1729821584.4297745
49.980012080437426,499.8001208043743,9.579829888654901,1729821584.4396539
50.120614085913225,501.20614085913223,9.586478585898348,1729821584.4496522
50.261312837733946,502.6131283773395,9.593074912606346,1729821584.4596443
50.40210757032962,504.0210757032962,9.599619041479693,1729821584.4696767
50.542997520687884,505.42997520687885,9.606111146901808,1729821584.4794426
50.68398192837835,506.8398192837835,9.612551404914951,1729821584.489698
50.82506003557656,508.25060035576564,9.618939993196472,1729821584.499693
50.96623108708765,509.66231087087647,9.625277091035045,1729821584.509592
51.10749433036958,511.0749433036958,9.631562879306914,1729821584.5196187
51.24884901555613,512.4884901555613,9.637797540452143,1729821584.5295126
51.39029439547945,513.9029439547945,9.643981258450884,1729821584.5396311
51.53182972569232,515.3182972569232,9.650114218799647,1729821584.5496318
51.673454264490026,516.7345426449002,9.656196608487607,1729821584.5596423
51.815167272931916,518.1516727293192,9.66222861597291,1729821584.5696313
51.956968014862596,519.5696801486259,9.668210431159016,1729821584.5794609
52.09885575693278,520.9885575693278,9.67414224537107,1729821584.5896158
52.2408297686198,522.408297686198,9.680024251332297,1729821584.5998325
52.38288932224774,523.8288932224774,9.685856643140426,1729821584.6095483
52.52503369300731,525.2503369300731,9.69163961624416,1729821584.6195784
52.66726215897524,526.6726215897525,9.697373367419686,1729821584.630459
52.80957400113347,528.0957400113347,9.703058094747211,1729821584.6396117
52.95196850338789,529.5196850338789,9.708693997587549,1729821584.649593
53.09444495258679,530.9444495258679,9.71428127655877,1729821584.6596484
53.23700263853898,532.3700263853898,9.719820133512874,1729821584.669608
53.37964085403153,533.7964085403153,9.725310771512538,1729821584.6794271
53.52235889484716,535.2235889484716,9.730753394807898,1729821584.6896284
53.66515605978136,536.6515605978136,9.736148208813416,1729821584.6996994
53.80803165065912,538.0803165065912,9.741495420084775,1729821584.7096238
53.9509849723513,539.509849723513,9.74679523629586,1729821584.7195969
54.094015332790725,540.9401533279073,9.752047866215795,1729821584.7296433
54.237122042987906,542.371220429879,9.757253519686051,1729821584.7396967
54.38030441704642,543.8030441704642,9.76241240759762,1729821584.7496324
54.52356177217798,545.2356177217798,9.767524741868261,1729821584.759982
54.66689342871716,546.6689342871716,9.772590735419826,1729821584.769698
54.8102987101358,548.1029871013579,9.777610602155654,1729821584.7794433
54.95377694305704,549.5377694305704,9.782584556938062,1729821584.7897081
55.0973274572691,550.973274572691,9.787512815565885,1729821584.7997878
55.240949585738655,552.4094958573866,9.792395594752136,1729821584.8095827
55.38464266462392,553.8464266462391,9.797233112101727,1729821584.8195555
55.52840603328741,555.2840603328741,9.802025586089284,1729821584.8297055
55.6722390343084,556.7223903430839,9.806773236037055,1729821584.8395576
55.81614101349497,558.1614101349497,9.811476282092904,1729821584.8496943
55.96011131989586,559.6011131989586,9.816134945208406,1729821584.8598065
56.10414930581189,561.0414930581189,9.820749447117025,1729821584.869633
56.248254326807135,562.4825432680714,9.825320010312408,1729821584.8794694
56.392425741719755,563.9242574171975,9.829846858026754,1729821584.889648
56.5366629126725,565.366629126725,9.834330214209306,1729821584.900184
56.68096520508291,566.8096520508291,9.83877030350493,1729821584.9095912
56.82533198767324,568.2533198767323,9.843167351232811,1729821584.9196813
56.969762632479984,569.6976263247998,9.847521583365243,1729821584.9296505
57.114256514863186,571.1425651486319,9.851833226506528,1729821584.9395828
57.25881301351539,572.588130135154,9.856102507872002,1729821584.9496796
57.4034315104703,574.034315104703,9.86032965526714,1729821584.959541
57.54811139111111,575.481113911111,9.864514897066805,1729821584.9695914
57.69285204417858,576.9285204417858,9.868658462194581,1729821584.9796
57.837652861778764,578.3765286177877,9.872760580102252,1729821584.989655
57.98251323939047,579.8251323939047,9.876821480749372,1729821584.9997208
58.1274325758724,581.274325758724,9.88084139458296,1729821585.0095599
58.27241027347,582.7241027347,9.884820552517324,1729821585.0197315
58.41744573782204,584.1744573782204,9.88875918591399,1729821585.0297756
58.56253837796687,585.6253837796687,9.892657526561765,1729821585.0396657
58.70768760634836,587.0768760634836,9.896515806656911,1729821585.0496616
58.85289283882166,588.5289283882166,9.900334258783458,1729821585.0597684
58.99815349465854,589.9815349465854,9.904113115893622,1729821585.0696385
59.14346899655252,591.4346899655252,9.907852611288375,1729821585.0794177
59.28883877062373,592.8883877062373,9.911552978598108,1729821585.0896394
59.43426224642341,594.3426224642341,9.915214451763458,1729821585.0999863
59.57973885693822,595.7973885693822,9.918837265016242,1729821585.1095831
59.72526803859423,597.2526803859423,9.92242165286052,1729821585.1196978
59.870849231260614,598.7084923126062,9.925967850053803,1729821585.1295733
60.01648187825311,600.1648187825311,9.929476091588382,1729821585.1396313
60.1621654263372,601.621654263372,9.932946612672794,1729821585.1496813
60.30789932573098,603.0789932573098,9.93637964871341,1729821585.15956
60.45368303010784,604.5368303010785,9.939775435296182,1729821585.1696804
60.59951599659878,605.9951599659878,9.943134208168498,1729821585.1794143
60.745397685794565,607.4539768579457,9.946456203221185,1729821585.1896617
60.891327561747524,608.9132756174753,9.949741656470657,1729821585.2002957
61.03730509197315,610.3730509197316,9.952990804041171,1729821585.2096684
61.183329747451445,611.8332974745144,9.95620388214726,1729821585.2196565
61.32940100262793,613.2940100262794,9.959381127076268,1729821585.2297535
61.475518335414534,614.7551833541454,9.962522775171042,1729821585.2396183
61.62168122719009,616.2168122719008,9.965629062812766,1729821585.2495732
61.767889162800685,617.6788916280068,9.968700226403916,1729821585.259715
61.91414163055972,619.1414163055972,9.971736502351378,1729821585.269717
62.06043812224772,620.6043812224772,9.974738127049683,1729821585.2794523
62.206778133111904,622.067781331119,9.977705336864405,1729821585.2897108
62.35316116186554,623.5316116186555,9.980638368115685,1729821585.3000617
62.49958671068703,624.9958671068704,9.98353745706189,1729821585.3096223
62.64605428521875,626.4605428521875,9.986402839883445,1729821585.31964
62.79256339456569,627.925633945657,9.989234752666766,1729821585.329675
62.939113551293836,629.3911355129384,9.992033431388359,1729821585.339725
63.08570427142833,630.8570427142832,9.994799111899066,1729821585.3495898
63.232335074451385,632.3233507445138,9.997532029908431,1729821585.3596234
63.37900548330001,633.7900548330001,10.000232420969224,1729821585.3696475
63.52571502436347,635.2571502436347,10.002900520462113,1729821585.3795779
63.672463227480534,636.7246322748053,10.005536563580458,1729821585.3896325
63.81924962593652,638.1924962593653,10.008140785315268,1729821585.3997447
63.96607375646009,639.6607375646009,10.01071342044029,1729821585.4096634
64.11293515921987,641.1293515921988,10.013254703497239,1729821585.4196298
64.25983337782083,642.5983337782083,10.015764868781185,1729821585.4302409
64.40676795930041,644.0676795930041,10.018244150326057,1729821585.439603
64.55373845412456,645.5373845412455,10.02069278189032,1729821585.449591
64.70074441618341,647.0074441618341,10.023110996942773,1729821585.4596462
64.8477854027869,648.477854027869,10.02549902864849,1729821585.469624
64.99486097466,649.9486097466,10.027857109854917,1729821585.4795012
65.141970695938,651.4197069593799,10.030185473078097,1729821585.48964
65.28911413416132,652.8911413416132,10.032484350489051,1729821585.4997466
65.43629086027033,654.3629086027033,10.034753973900278,1729821585.5096867
65.58350044859985,655.8350044859985,10.03699457475242,1729821585.5197213
65.73074247687354,657.3074247687355,10.039206384101059,1729821585.5297165
65.87801652619805,658.7801652619805,10.04138963260365,1729821585.539703
66.02532218105696,660.2532218105696,10.043544550506597,1729821585.5496542
66.17265902930463,661.7265902930462,10.04567136763248,1729821585.5595336
66.32002666215969,663.2002666215969,10.047770313367401,1729821585.5696642
66.46742467419858,664.6742467419858,10.049841616648488,1729821585.5795126
66.61485266334873,666.1485266334873,10.05188550595153,1729821585.5896885
66.76231023088155,667.6231023088155,10.053902209278752,1729821585.5996485
66.90979698140544,669.0979698140543,10.055891954146727,1729821585.6095843
67.05731252285835,670.5731252285835,10.057854967574427,1729821585.6196072
67.20485646650044,672.0485646650045,10.05979147607141,1729821585.6297212
67.35242842690636,673.5242842690636,10.061701705626152,1729821585.6397521
67.5000280219574,675.000280219574,10.063585881694499,1729821585.6496978
67.64765487283364,676.4765487283364,10.065444229188266,1729821585.6597476
67.79530860400568,677.9530860400569,10.067276972463981,1729821585.6696002
67.9429888432264,679.4298884322641,10.069084335311738,1729821585.6794672
68.09069522152247,680.9069522152247,10.070866540944206,1729821585.689664
68.23842737318571,682.3842737318571,10.072623811985764,1729821585.6996863
68.38618493576436,683.8618493576437,10.07435637046177,1729821585.7095532
68.53396755005407,685.3396755005407,10.07606443778796,1729821585.719588
68.68177486008882,686.8177486008882,10.077748234759984,1729821585.7296345
68.82960651313172,688.2960651313172,10.079407981543069,1729821585.7397246
68.97746215966556,689.7746215966556,10.08104389766181,1729821585.749781
69.12534145338329,691.2534145338328,10.082656201990105,1729821585.7597895
69.27324405117832,692.7324405117832,10.084245112741199,1729821585.7697022
69.42116961313474,694.2116961313474,10.085810847457871,1729821585.7796042
69.56911780251723,695.6911780251722,10.087353623002747,1729821585.7896335
69.71708828576106,697.1708828576106,10.08887365554873,1729821585.7996316
69.86508073246179,698.650807324618,10.090371160569575,1729821585.8096185
70.01309481536485,700.1309481536485,10.091846352830569,1729821585.8196294
70.16113021035507,701.6113021035507,10.093299446379357,1729821585.8296664
70.30918659644597,703.0918659644597,10.094730654536868,1729821585.8396387
70.457263655769,704.57263655769,10.096140189888391,1729821585.8496234
70.60536107356263,706.0536107356263,10.097528264274752,1729821585.8598056
70.7534785381613,707.534785381613,10.098895088783625,1729821585.8696144
70.9016157409842,709.016157409842,10.100240873740956,1729821585.8795245
71.04977237652403,710.4977237652404,10.10156582870252,1729821585.889645
71.19794814233558,711.9794814233558,10.102870162445585,1729821585.900317
71.34614273902413,713.4614273902413,10.104154082960697,1729821585.9097295
71.4943558702339,714.943558702339,10.105417797443586,1729821585.919633
71.64258724263617,716.4258724263617,10.106661512287195,1729821585.929677
71.79083656591743,717.9083656591743,10.107885433073804,1729821585.9396536
71.9391035527674,719.391035527674,10.1090897645673,1729821585.949651
72.08738791886691,720.8738791886691,10.110274710705532,1729821585.9596016
72.23568938287562,722.3568938287563,10.1114404745928,1729821585.9696195
72.38400766641975,723.8400766641975,10.112587258492448,1729821585.9793878
72.53234249407961,725.3234249407961,10.113715263819566,1729821585.989609
72.68069359337707,726.8069359337708,10.114824691133816,1729821585.9995995
72.82906069476287,728.2906069476287,10.115915740132348,1729821586.0094957
72.97744353160392,729.7744353160392,10.116988609642844,1729821586.019625
73.12584184017042,731.2584184017043,10.118043497616666,1729821586.0294871
73.2742553596229,732.742553596229,10.119080601122098,1729821586.0397255
73.4226838319992,734.2268383199919,10.120100116337712,1729821586.0497115
73.57112700220128,735.7112700220127,10.12110223854583,1729821586.0596063
73.71958461798204,737.1958461798204,10.122087162126093,1729821586.0696871
73.86805642993193,738.6805642993193,10.123055080549136,1729821586.0797818
74.01654219146556,740.1654219146556,10.124006186370355,1729821586.089652
74.16504165880819,741.650416588082,10.124940671223797,1729821586.099672
74.31355459098212,743.1355459098212,10.125858725816126,1729821586.109555
74.46208074979297,744.6208074979297,10.12676053992071,1729821586.1195712
74.61061989981597,746.1061989981597,10.12764630237179,1729821586.1297224
74.75917180838204,747.5917180838203,10.128516201058762,1729821586.1396015
74.90773624556388,749.0773624556389,10.12937042292055,1729821586.1496906
75.05631298416198,750.5631298416198,10.130209153940063,1729821586.159602
75.20490179969043,752.0490179969044,10.131032579138775,1729821586.1695786
75.35350247036284,753.5350247036284,10.131840882571373,1729821586.1795328
75.50211477707802,755.0211477707802,10.132634247320507,1729821586.1896057
75.65073850340566,756.5073850340566,10.133412855491642,1729821586.2001843
75.79937343557194,757.9937343557194,10.134176888207985,1729821586.209613
75.94801936244504,759.4801936244504,10.13492652560552,1729821586.219549
76.09667607552058,760.9667607552058,10.13566194682811,1729821586.229677
76.24534336890702,762.4534336890702,10.136383330022715,1729821586.2397072
76.39402103931096,763.9402103931095,10.137090852334676,1729821586.2496107
76.54270888602235,765.4270888602235,10.13778468990309,1729821586.259748
76.69140671089974,766.9140671089974,10.138465017856282,1729821586.2696173
76.84011431835532,768.4011431835531,10.13913201030735,1729821586.2794452
76.98883151533998,769.8883151533998,10.139785840349791,1729821586.2896051
77.13755811132832,771.3755811132831,10.140426680053231,1729821586.299848
77.28629391830354,772.8629391830355,10.141054700459208,1729821586.3096015
77.43503875074234,774.3503875074234,10.141670071577053,1729821586.319628
77.58379242559967,775.8379242559967,10.142272962379854,1729821586.3296304
77.73255476229353,777.3255476229353,10.14286354080049,1729821586.3396642
77.8813255826896,778.813255826896,10.14344197372774,1729821586.3496692
78.03010471108591,780.3010471108591,10.144008427002484,1729821586.3597288
78.17889197419741,781.7889197419742,10.144563065413967,1729821586.3696702
78.32768720114049,783.276872011405,10.145106052696145,1729821586.3795137
78.47649022341743,784.7649022341743,10.145637551524095,1729821586.3896759
78.62530087490084,786.2530087490085,10.146157723510516,1729821586.3997505
78.77411899181804,787.7411899181805,10.146666729202291,1729821586.4096522
78.92294441273533,789.2294441273533,10.147164728077119,1729821586.4196289
79.07177697854232,790.7177697854231,10.147651878540216,1729821586.4297113
79.22061653243611,792.2061653243611,10.148128337921102,1729821586.4397297
79.36946291990549,793.6946291990548,10.148594262470437,1729821586.4496553
79.51831598871505,795.1831598871504,10.149049807356935,1729821586.459621
79.6671755888893,796.6717558888929,10.149495126664338,1729821586.4696229
79.81604157269668,798.1604157269668,10.14993037338847,1729821586.479455
79.96491379463357,799.6491379463357,10.150355699434334,1729821586.489617
80.11379211140827,801.1379211140827,10.1507712556133,1729821586.5001895
80.2626763819249,802.626763819249,10.15117719164033,1729821586.509606
80.41156646726729,804.1156646726729,10.151573656131282,1729821586.5196896
80.56046223068279,805.6046223068279,10.15196079660027,1729821586.529634
80.70936353756612,807.0936353756612,10.15233875945708,1729821586.5396075
80.85827025544312,808.5827025544312,10.152707690004666,1729821586.5496936
81.00718225395444,810.0718225395444,10.15306773243667,1729821586.5597851
81.15609940483932,811.5609940483932,10.153419029835028,1729821586.569613
81.30502158191918,813.0502158191917,10.153761724167627,1729821586.5794723
81.45394866108124,814.5394866108124,10.154095956286014,1729821586.589593
81.60288052026218,816.0288052026217,10.154421865923153,1729821586.601003
81.75181703943163,817.5181703943163,10.154739591691259,1729821586.6096358
81.90075810057577,819.0075810057577,10.155049271079658,1729821586.61962
82.04970358768078,820.4970358768078,10.155351040452722,1729821586.6297183
82.19865338671632,821.9865338671632,10.155645035047842,1729821586.6397755
82.34760738561897,823.4760738561897,10.15593138897346,1729821586.6496434
82.49656547427568,824.9656547427569,10.156210235207148,1729821586.6595905
82.64552754450712,826.4552754450712,10.156481705593729,1729821586.6697023
82.79449349005102,827.9449349005102,10.156745930843464,1729821586.6794906
82.94346320654557,829.4346320654557,10.157003040530272,1729821586.6896143
83.09243659151267,830.9243659151266,10.15725316309,1729821586.6996977
83.24141354434123,832.4141354434123,10.157496425818737,1729821586.7095728
83.39039396627044,833.9039396627044,10.157732954871188,1729821586.7195814
83.539377760373,835.39377760373,10.157962875259068,1729821586.729782
83.68836483153834,836.8836483153834,10.158186310849562,1729821586.7396183
83.83735508645579,838.3735508645578,10.15840338436381,1729821586.7496636
83.98634843359777,839.8634843359777,10.158614217375451,1729821586.759723
84.13534478320294,841.3534478320294,10.158818930309192,1729821586.7695947
84.28434404725931,842.8434404725931,10.159017642439432,1729821586.7794638
84.43334613948737,844.3334613948737,10.159210471888914,1729821586.7895746
84.58235097532315,845.8235097532315,10.159397535627424,1729821586.7997108
84.73135847190134,847.3135847190134,10.15957894947052,1729821586.8096337
84.88036854803832,848.8036854803831,10.159754828078313,1729821586.819593
85.02938112421516,850.2938112421516,10.159925284954271,1729821586.829638
85.17839612256068,851.7839612256068,10.16009043244406,1729821586.8397226
85.32741346683447,853.2741346683447,10.160250381734425,1729821586.8496506
85.47643308240981,854.7643308240981,10.160405242852113,1729821586.8598049
85.6254548962567,856.254548962567,10.16055512466281,1729821586.8696725
85.7744788369248,857.744788369248,10.16070013487013,1729821586.8794937
85.92350483452636,859.2350483452635,10.160840380014628,1729821586.8896663
86.07253282071916,860.7253282071916,10.16097596547284,1729821586.899625
86.22156272868942,862.2156272868942,10.161106995456372,1729821586.9096026
86.3705944931347,863.7059449313471,10.161233573010993,1729821586.91968
86.5196280502468,865.196280502468,10.161355800015787,1729821586.929726
86.6686633376946,866.686633376946,10.161473777182307,1729821586.9396913
86.81770029460696,868.1770029460697,10.161587604053775,1729821586.9496489
86.96673886155561,869.6673886155561,10.16169737900431,1729821586.959591
87.11577898053788,871.1577898053788,10.161803199238166,1729821586.9696379
87.26482059495963,872.6482059495963,10.16190516078902,1729821586.9795196
87.41386364961802,874.1386364961802,10.162003358519266,1729821586.9896088
87.56290809068437,875.6290809068437,10.162097886119346,1729821586.999712
87.71195386568691,877.119538656869,10.162188836107104,1729821587.0095563
87.86100092349358,878.6100092349358,10.162276299827159,1729821587.0195858
88.01004921429487,880.1004921429487,10.162360367450304,1729821587.0296443
88.15909868958651,881.5909868958652,10.162441127972935,1729821587.0395703
88.30814930215232,883.0814930215231,10.162518669216487,1729821587.0496733
88.45720100604687,884.5720100604688,10.162593077826907,1729821587.0596724
88.60625375657837,886.0625375657837,10.162664439274142,1729821587.0696216
88.75530751029129,887.5530751029129,10.16273283785164,1729821587.079454
88.90436222494915,889.0436222494916,10.162798356675887,1729821587.0895946
89.05341785951725,890.5341785951725,10.162861077685951,1729821587.0997534
89.20247437414538,892.0247437414538,10.162921081643049,1729821587.109521
89.35153173015057,893.5153173015057,10.16297844813013,1729821587.1197
89.50058988999976,895.0058988999976,10.16303325555148,1729821587.129662
89.64964881729256,896.4964881729256,10.163085581132348,1729821587.1395745
89.79870847674388,897.9870847674388,10.16313550091857,1729821587.1496618
89.94776883416671,899.4776883416671,10.163183089776233,1729821587.1595285
90.09682985645473,900.9682985645474,10.163228421391342,1729821587.1696908
90.24589151156508,902.4589151156508,10.163271568269504,1729821587.179554
90.39495376850095,903.9495376850095,10.163312601735626,1729821587.1896887
90.54401659729437,905.4401659729438,10.163351591933633,1729821587.1996682
90.69307996898878,906.9307996898879,10.16338860782619,1729821587.2096045
90.84214385562176,908.4214385562176,10.163423717194451,1729821587.2196403
90.99120823020768,909.9120823020768,10.163456986637806,1729821587.2296584
91.14027306672037,911.4027306672037,10.16348848157365,1729821587.239579
91.28933834007579,912.8933834007579,10.163518266237165,1729821587.2496157
91.43840402611465,914.3840402611465,10.163546403681114,1729821587.2596457
91.58747010158513,915.8747010158513,10.163572955775624,1729821587.269694
91.73653654412544,917.3653654412544,10.16359798320803,1729821587.2794504
91.88560333224657,918.8560333224657,10.163621545482668,1729821587.289605
92.03467044531487,920.3467044531487,10.163643700920726,1729821587.2996829
92.1837378635347,921.837378635347,10.163664506660089,1729821587.309604
92.33280556793112,923.3280556793112,10.163684018655175,1729821587.3196323
92.48187354033246,924.8187354033246,10.163702291676815,1729821587.329638
92.63094176335302,926.3094176335302,10.163719379312113,1729821587.3396277
92.78001022037567,927.8001022037568,10.16373533396432,1729821587.3495815
92.92907889553452,929.2907889553452,10.163750206852736,1729821587.3596106
93.07814777369751,930.7814777369751,10.163764048012586,1729821587.3697572
93.22721684044906,932.2721684044906,10.163776906294933,1729821587.3795128
93.37628608207272,933.7628608207273,10.163788829366576,1729821587.389668
93.5253554855338,935.2535548553379,10.163799863709972,1729821587.3996587
93.67442503846193,936.7442503846194,10.163810054623152,1729821587.4096076
93.8234947291338,938.234947291338,10.163819446219648,1729821587.4197104
93.97256454645569,939.7256454645569,10.163828081428424,1729821587.4296339
94.12163447994612,941.2163447994612,10.163836001993818,1729821587.4397223
94.27070451971854,942.7070451971854,10.163843248475473,1729821587.449643
94.41977465646384,944.1977465646385,10.163849860248298,1729821587.4598174
94.56884488143308,945.6884488143307,10.163855875502406,1729821587.4696496
94.71791518642003,947.1791518642003,10.163861331243078,1729821587.4794195
94.86698556374384,948.6698556374383,10.163866263290723,1729821587.4896855
95.01605600623165,950.1605600623166,10.163870706280832,1729821587.4996784
95.16512650720121,951.651265072012,10.163874693663955,1729821587.5095496
95.3141970604435,953.1419706044351,10.163878257705667,1729821587.5196943
95.46326766020536,954.6326766020536,10.163881429486542,1729821587.529666
95.61233830117207,956.1233830117208,10.163884238902122,1729821587.539725
95.76140897845002,957.6140897845003,10.16388671466291,1729821587.5497618
95.9104796875493,959.104796875493,10.163888884294334,1729821587.5598614
96.05955042436634,960.5955042436633,10.163890774136744,1729821587.5695624
96.20862118516648,962.0862118516648,10.16389240934539,1729821587.5795002
96.35769196656666,963.5769196656667,10.163893813890411,1729821587.58966
96.50676276551799,965.0676276551799,10.16389501055682,1729821587.5996995
96.65583357928838,966.5583357928838,10.163896020944502,1729821587.6095693
96.80490440544514,968.0490440544514,10.163896865468201,1729821587.619645
96.95397524183764,969.5397524183763,10.163897563357512,1729821587.6296525
97.10304608657988,971.0304608657988,10.163898132656877,1729821587.639624
97.25211693803314,972.5211693803315,10.163898590225582,1729821587.6496394
97.4011877947886,974.011877947886,10.163898951737748,1729821587.6603706
97.55025865564991,975.5025865564992,10.163899231682331,1729821587.669664
97.69932951961589,976.9932951961589,10.163899443363123,1729821587.6795485
97.84840038586306,978.4840038586306,10.163899598898741,1729821587.6896267
97.99747125372832,979.9747125372833,10.163899709222632,1729821587.7003593
98.14654212269153,981.4654212269153,10.163899784083073,1729821587.7096536
98.29561299235816,982.9561299235816,10.163899832043166,1729821587.719658
98.44468386244188,984.4468386244188,10.163899860480836,1729821587.7295759
98.59375473274717,985.9375473274717,10.163899875588838,1729821587.7395976
98.742825603152,987.42825603152,10.163899882374752,1729821587.7496555
98.89189647359035,988.9189647359035,10.163899884660982,1729821587.759694
99.04096734403493,990.4096734403493,10.163899885084758,1729821587.7696009
99.1900382144797,991.900382144797,10.163899885098132,1729821587.7794645
99.33910908492255,993.3910908492255,10.16389988496799,1729821587.7896423
99.48817995534793,994.8817995534794,10.16389988377603,1729821587.799689
99.6372508257094,996.3725082570941,10.16389987941879,1729821587.8095975
99.7863216959123,997.8632169591231,10.163899868607619,1729821587.8196003
99.93539256579638,999.3539256579638,10.163899846868702,1729821587.8296247
100.08446343511834,1000.8446343511833,10.163899808543045,1729821587.8396087
100.23353430353453,1002.3353430353452,10.16389974678648,1729821587.8495944
100.38260517058353,1003.8260517058353,10.163899653569665,1729821587.8599231
100.5316760356688,1005.316760356688,10.163899519678084,1729821587.8696604
100.68074689804122,1006.8074689804122,10.163899334712045,1729821587.8794696
100.8298177567818,1008.2981775678179,10.163899087086687,1729821587.8896556
100.97888861078422,1009.7888861078422,10.163898764031977,1729821587.8997042
101.12795945873754,1011.2795945873754,10.16389835159271,1729821587.9095929
101.27703029910869,1012.7703029910869,10.163897834628514,1729821587.9196455
101.4261011301252,1014.261011301252,10.163897196813851,1729821587.929608
101.57517194975777,1015.7517194975777,10.163896420638023,1729821587.9396417
101.7242427557029,1017.242427557029,10.16389548740517,1729821587.9496768
101.87331354536549,1018.7331354536549,10.16389437723428,1729821587.9596255
102.02238431584146,1020.2238431584146,10.163893069059194,1729821587.9696746
102.1714550639004,1021.714550639004,10.163891540628608,1729821587.9794862
102.32052578596814,1023.2052578596814,10.163889768506094,1729821587.9897523
102.46959647810942,1024.6959647810943,10.163887728070089,1729821587.9996152
102.61866713601047,1026.1866713601048,10.163885393513926,1729821588.0095124
102.76773775496163,1027.6773775496163,10.163882737845837,1729821588.0196328
102.91680832984,1029.1680832984,10.163879732888967,1729821588.0294278
103.065878855092,1030.65878855092,10.163876349281395,1729821588.0396674
103.21494932471606,1032.1494932471605,10.16387255647615,1729821588.0506468
103.36401973224521,1033.6401973224522,10.163868322741232,1729821588.0596378
103.51309007072967,1035.1309007072969,10.163863615159642,1729821588.0697176
103.66216033271952,1036.6216033271953,10.163858399629394,1729821588.0796866
103.81123051024727,1038.1123051024726,10.163852640863567,1729821588.0896208
103.96030059481053,1039.6030059481054,10.163846302390315,1729821588.0999248
104.10937057735462,1041.0937057735462,10.16383934655292,1729821588.1096368
104.25844044825516,1042.5844044825517,10.163831734509825,1729821588.1195805
104.40751019730071,1044.0751019730071,10.16382342623468,1729821588.1296904
104.55657981367543,1045.5657981367542,10.163814380516389,1729821588.1396952
104.70564928594165,1047.0564928594165,10.163804554959162,1729821588.1500278
104.85471860202252,1048.5471860202251,10.16379390598258,1729821588.1596124
105.00378774918465,1050.0378774918465,10.163782388821645,1729821588.1695623
105.15285671402071,1051.528567140207,10.163769957526858,1729821588.1794286
105.30192548243208,1053.0192548243208,10.163756564964293,1729821588.1895933
105.45099403961144,1054.5099403961144,10.163742162815664,1729821588.1997342
105.60006237002548,1056.000623700255,10.163726701578428,1729821588.2096725
105.74913045739746,1057.4913045739745,10.16371013056586,1729821588.2196321
105.89819828468984,1058.9819828468985,10.163692397907166,1729821588.2296863
106.04726583408699,1060.4726583408699,10.163673450547579,1729821588.239722
106.19633308697773,1061.9633308697773,10.163653234248477,1729821588.2497358
106.34540002393807,1063.4540002393808,10.163631693587504,1729821588.2597003
106.49446662471375,1064.9446662471375,10.163608771958701,1729821588.2695742
106.64353286820297,1066.4353286820296,10.163584411572637,1729821588.2794306
106.79259873243895,1067.9259873243896,10.163558553456562,1729821588.2896056
106.94166419457265,1069.4166419457265,10.163531137454566,1729821588.299918
107.0907292308554,1070.9072923085541,10.163502102227731,1729821588.3095934
107.23979381662151,1072.3979381662152,10.16347138525433,1729821588.319652
107.38885792627099,1073.8885792627098,10.163438922829986,1729821588.330023
107.53792153325213,1075.3792153325212,10.163404650067891,1729821588.3396735
107.68698461004426,1076.8698461004426,10.163368500899002,1729821588.3496575
107.83604712814034,1078.3604712814033,10.16333040807227,1729821588.359783
107.98510905802962,1079.8510905802962,10.163290303154858,1729821588.369608
108.13417036918037,1081.3417036918036,10.163248116532404,1729821588.3795195
108.28323103002249,1082.832310300225,10.163203777409265,1729821588.389607
108.43229100793026,1084.3229100793026,10.163157213808795,1729821588.3998659
108.58135026920495,1085.8135026920495,10.163108352573623,1729821588.409556
108.73040877905756,1087.3040877905755,10.163057119365963,1729821588.4195523
108.87946650159147,1088.7946650159147,10.163003438667918,1729821588.4297287
109.02852339978517,1090.2852339978517,10.162947233781816,1729821588.4395995
109.17757943547497,1091.7757943547497,10.16288842683055,1729821588.4497857
109.32663456933764,1093.2663456933765,10.162826938757945,1729821588.4595838
109.47568876087323,1094.7568876087323,10.162762689329133,1729821588.4695795
109.62474196838767,1096.2474196838766,10.162695597130952,1729821588.479557
109.77379414897558,1097.737941489756,10.162625579572353,1729821588.4896905
109.92284525850297,1099.2284525850298,10.16255255288484,1729821588.5001762
110.07189525158999,1100.7189525159,10.162476432122913,1729821588.5095048
110.22094408159364,1102.2094408159364,10.162397131164548,1729821588.5196624
110.36999170059056,1103.6999170059057,10.162314562711675,1729821588.5297112
110.51903805935977,1105.1903805935976,10.162228638290697,1729821588.539666
110.66808310736546,1106.6808310736546,10.162139268253023,1729821588.5496151
110.81712679273971,1108.1712679273971,10.162046361775616,1729821588.5598607
110.96616906226535,1109.6616906226536,10.16194982686157,1729821588.5699441
111.11520986135866,1111.1520986135865,10.16184957034071,1729821588.5796232
111.26424913405228,1112.6424913405228,10.161745497870216,1729821588.5896182
111.41328682297791,1114.132868229779,10.161637513935267,1729821588.6004837
111.56232286934922,1115.6232286934921,10.161525521849704,1729821588.609442
111.71135721294463,1117.1135721294463,10.161409423756744,1729821588.619609
111.86038979209017,1118.6038979209018,10.161289120629684,1729821588.6296935
112.00942054364232,1120.0942054364232,10.161164512272656,1729821588.639603
112.15844940297089,1121.5844940297088,10.161035497321404,1729821588.6496797
112.30747630394187,1123.0747630394187,10.160901973244087,1729821588.659811
112.45650117890035,1124.5650117890036,10.160763836342108,1729821588.669626
112.60552395865341,1126.055239586534,10.160620981750974,1729821588.6795456
112.75454457245299,1127.5454457245298,10.160473303441188,1729821588.6896327
112.90356294797888,1129.035629479789,10.160320694219172,1729821588.6997313
113.05257901132167,1130.5257901132168,10.160163045728215,1729821588.7096817
113.2015926869656,1132.015926869656,10.160000248449457,1729821588.719609
113.35060389777165,1133.5060389777166,10.159832191702908,1729821588.7296722
113.49961256496046,1134.9961256496047,10.159658763648492,1729821588.739602
113.64861860809533,1136.4861860809533,10.159479851287138,1729821588.7496476
113.79762194506529,1137.976219450653,10.159295340461888,1729821588.7597318
113.94662249206806,1139.4662249206806,10.159105115859058,1729821588.769723
114.09562016359317,1140.9562016359316,10.15890906100942,1729821588.7795389
114.24461487240498,1142.4461487240499,10.158707058289432,1729821588.7896852
114.39360652952581,1143.9360652952582,10.158498988922503,1729821588.799714
114.54259504421901,1145.4259504421902,10.158284732980286,1729821588.8095307
114.69158032397212,1146.9158032397213,10.15806416938403,1729821588.8195977
114.84056227447998,1148.4056227447998,10.157837175905946,1729821588.8296592
114.98954079962793,1149.8954079962793,10.157603629170643,1729821588.8396883
115.13851580147501,1151.38515801475,10.157363404656573,1729821588.8496525
115.28748718023712,1152.8748718023712,10.157116376697552,1729821588.8595822
115.43645483427031,1154.364548342703,10.156862418484291,1729821588.8696694
115.58541866005399,1155.8541866005398,10.156601402065997,1729821588.8794608
115.73437855217426,1157.3437855217426,10.156333198352,1729821588.889664
115.88333440330719,1158.8333440330719,10.15605767711344,1729821588.8998091
116.03228610420213,1160.3228610420213,10.155774706984985,1729821588.9096384
116.18123354366512,1161.8123354366512,10.155484155466612,1729821588.9195223
116.33017660854222,1163.301766085422,10.155185888925418,1729821588.9295783
116.47911518370297,1164.7911518370297,10.154879772597493,1729821588.9396384
116.62804915202382,1166.2804915202382,10.154565670589841,1729821588.9500747
116.77697839437154,1167.7697839437153,10.154243445882342,1729821588.9595919
116.92590278958681,1169.2590278958683,10.153912960329773,1729821588.9696975
117.07482221446769,1170.748222144677,10.153574074663881,1729821588.9795554
117.22373654375318,1172.2373654375317,10.153226648495501,1729821588.9896011
117.37264565010685,1173.7264565010685,10.15287054031674,1729821588.9996874
117.52154940410041,1175.2154940410041,10.1525056075032,1729821589.009604
117.67044767419745,1176.7044767419745,10.152131706316267,1729821589.0195723
117.81934032673702,1178.1934032673703,10.151748691905459,1729821589.029678
117.96822722591746,1179.6822722591746,10.151356418310817,1729821589.039605
118.11710823378012,1181.1710823378012,10.150954738465368,1729821589.0495996
118.26598321019313,1182.6598321019312,10.150543504197636,1729821589.0598452
118.41485201283531,1184.148520128353,10.150122566234216,1729821589.0696325
118.56371449718,1185.6371449718,10.149691774202426,1729821589.0794659
118.71257051647899,1187.12570516479,10.149250976632974,1729821589.0896373
118.86141992174645,1188.6141992174644,10.14880002096275,1729821589.0999093
119.01026256174296,1190.1026256174296,10.148338753537624,1729821589.1096163
119.15909828295956,1191.5909828295955,10.147867019615347,1729821589.1195872
119.30792692960179,1193.0792692960179,10.147384663368499,1729821589.1296666
119.45674834357386,1194.5674834357387,10.146891527887497,1729821589.139599
119.60556236446281,1196.0556236446282,10.1463874551837,1729821589.1495843
119.75436882952272,1197.5436882952272,10.14587228619254,1729821589.1595461
119.90316757365898,1199.0316757365897,10.145345860776755,1729821589.1696038
120.05195842941261,1200.5195842941262,10.144808017729677,1729821589.1794608
120.20074122694464,1202.0074122694464,10.144258594778591,1729821589.1896014
120.34951579402052,1203.4951579402052,10.14369742858817,1729821589.2002838
120.49828195599454,1204.9828195599455,10.143124354763978,1729821589.209603
120.6470395357944,1206.470395357944,10.142539207856048,1729821589.219654
120.79578835390578,1207.9578835390578,10.141941821362536,1729821589.2296193
120.94452822835693,1209.4452822835692,10.141332027733448,1729821589.2396228
121.09325897470342,1210.9325897470342,10.140709658374442,1729821589.2496958
121.24198040601279,1212.419804060128,10.140074543650716,1729821589.2597246
121.3906923328494,1213.906923328494,10.139426512890953,1729821589.2696702
121.53939456325932,1215.3939456325932,10.138765394391378,1729821589.27951
121.68808690275517,1216.8808690275519,10.138091015419857,1729821589.2896898
121.83676915430118,1218.367691543012,10.137403202220112,1729821589.3002493
121.98544111829814,1219.8544111829815,10.13670178001599,1729821589.309623
122.1341025925686,1221.341025925686,10.135986573015835,1729821589.3195744
122.28275337234196,1222.8275337234195,10.13525740441693,1729821589.3296964
122.43139325023978,1224.3139325023978,10.134514096410031,1729821589.3396199
122.58002201626103,1225.8002201626102,10.133756470183991,1729821589.3497527
122.72863945776749,1227.2863945776749,10.132984345930451,1729821589.3601975
122.87724535946919,1228.7724535946918,10.132197542848647,1729821589.3696113
123.02583950340991,1230.258395034099,10.131395879150285,1729821589.3795514
123.17442166895283,1231.7442166895282,10.130579172064504,1729821589.3896775
123.3229916327661,1233.2299163276612,10.129747237842954,1729821589.3996844
123.47154916880865,1234.7154916880866,10.12889989176493,1729821589.4095287
123.62009404831598,1236.2009404831597,10.128036948142636,1729821589.4197092
123.76862603978604,1237.6862603978605,10.127158220326503,1729821589.429632
123.91714490896526,1239.1714490896525,10.12626352071064,1729821589.4396858
124.06565041883451,1240.656504188345,10.125352660738352,1729821589.449651
124.21414232959533,1242.1414232959532,10.124425450907763,1729821589.4598258
124.36262039865613,1243.6262039865614,10.123481700777548,1729821589.4696727
124.51108438061844,1245.1108438061844,10.12252121897274,1729821589.4795024
124.65953402726336,1246.5953402726336,10.121543813190659,1729821589.4896917
124.80796908753804,1248.0796908753805,10.120549290206926,1729821589.4996738
124.95638930754222,1249.5638930754221,10.119537455881584,1729821589.509636
125.10479443051491,1251.047944305149,10.118508115165318,1729821589.5196223
125.25318419682117,1252.5318419682117,10.117461072105783,1729821589.5296571
125.4015583439389,1254.015583439389,10.116396129854031,1729821589.5396743
125.54991660644585,1255.4991660644584,10.115313090671046,1729821589.5496387
125.6982587160066,1256.982587160066,10.114211755934377,1729821589.5596097
125.84658440135979,1258.465844013598,10.113091926144895,1729821589.569652
125.99489338830527,1259.9489338830526,10.111953400933634,1729821589.5794861
126.14318539969148,1261.4318539969147,10.110795979068756,1729821589.5896685
126.29146015540292,1262.914601554029,10.10961945846263,1729821589.5997388
126.43971737234766,1264.3971737234765,10.108423636179001,1729821589.6096978
126.58795676444505,1265.8795676444506,10.107208308440292,1729821589.6196835
126.73617804261347,1267.3617804261348,10.105973270634998,1729821589.6296701
126.88438091475818,1268.8438091475819,10.104718317325213,1729821589.6396089
127.03256508575936,1270.3256508575937,10.103443242254258,1729821589.649653
127.18073025746016,1271.8073025746016,10.102147838354423,1729821589.6598232
127.32887612865495,1273.2887612865495,10.10083189775483,1729821589.66963
127.4770023950777,1274.7700239507772,10.099495211789412,1729821589.6793897
127.62510874939036,1276.2510874939037,10.098137571005006,1729821589.6896064
127.77319488117148,1277.7319488117148,10.096758765169568,1729821589.6997447
127.92126047690488,1279.2126047690488,10.095358583280497,1729821589.7095842
128.0693052199685,1280.693052199685,10.093936813573098,1729821589.71966
128.21732879062336,1282.1732879062336,10.092493243529145,1729821589.7296271
128.3653308660026,1283.6533086600261,10.091027659885578,1729821589.7396066
128.5133111201007,1285.133111201007,10.089539848643314,1729821589.749778
128.6612692237628,1286.612692237628,10.088029595076195,1729821589.75969
128.80920484467418,1288.092048446742,10.08649668374004,1729821589.7696295
128.95711764734995,1289.5711764734995,10.084940898481833,1729821589.7796237
129.1050072931246,1291.050072931246,10.083362022449041,1729821589.7896597
129.25287344014205,1292.5287344014205,10.081759838099046,1729821589.7996757
129.4007157433456,1294.0071574334559,10.080134127208716,1729821589.8096874
129.54853385446805,1295.4853385446804,10.078484670884086,1729821589.819675
129.6963274220221,1296.9632742202211,10.07681124957019,1729821589.8296967
129.8440960912908,1298.440960912908,10.075113643061002,1729821589.8397129
129.991839504318,1299.91839504318,10.073391630509521,1729821589.8497128
130.13955729989925,1301.3955729989925,10.071644990437976,1729821589.8596249
130.28724911357267,1302.8724911357267,10.069873500748166,1729821589.869633
130.43491457760996,1304.3491457760997,10.068076938731934,1729821589.8795426
130.58255332100765,1305.8255332100766,10.06625508108177,1729821589.8895907
130.73016496947847,1307.3016496947846,10.064407703901548,1729821589.8996851
130.8777491454428,1308.777491454428,10.062534582717388,1729821589.909559
131.0253054680205,1310.253054680205,10.060635492488682,1729821589.9195611
131.17283355302257,1311.7283355302256,10.058710207619207,1729821589.930334
131.3203330129434,1313.2033301294339,10.056758501968416,1729821589.9396055
131.4678034569527,1314.678034569527,10.05478014886284,1729821589.9496183
131.61524449088813,1316.1524449088813,10.05277492110764,1729821589.9596786
131.76265571724753,1317.6265571724753,10.050742590998286,1729821589.9696145
131.91003673518182,1319.1003673518182,10.04868293033238,1729821589.9794521
132.05738714048786,1320.5738714048787,10.046595710421611,1729821589.9896085
132.2047065256014,1322.047065256014,10.044480702103852,1729821589.9996293
132.35199447959042,1323.5199447959042,10.042337675755402,1729821590.0095155
132.4992505881484,1324.9925058814842,10.040166401303349,1729821590.0196912
132.64647443358814,1326.4647443358813,10.037966648238092,1729821590.0295491
132.79366559483526,1327.9366559483526,10.035738185625991,1729821590.0403266
132.9408236474224,1329.408236474224,10.033480782122169,1729821590.0496712
133.0879481634833,1330.8794816348332,10.031194205983436,1729821590.059561
133.2350387117471,1332.3503871174712,10.02887822508137,1729821590.0696766
133.38209485753296,1333.8209485753296,10.026532606915532,1729821590.0795968
133.5291161627447,1335.291161627447,10.024157118626835,1729821590.0896525
133.67610218586591,1336.7610218586592,10.02175152701103,1729821590.099833
133.8230524819549,1338.230524819549,10.019315598532359,1729821590.1096318
133.96996660264014,1339.6996660264015,10.016849099337335,1729821590.1196997
134.1168440961158,1341.168440961158,10.014351795268675,1729821590.1296165
134.2636845071375,1342.6368450713749,10.011823451879367,1729821590.1396842
134.41048737701817,1344.1048737701817,10.009263834446884,1729821590.1497152
134.55725224362442,1345.572522436244,10.006672707987542,1729821590.1596174
134.70397864137271,1347.0397864137271,10.004049837271001,1729821590.1696272
134.85066610122612,1348.5066610122612,10.001394986834901,1729821590.1795611
134.99731415069104,1349.9731415069105,9.998707920999662,1729821590.1896286
135.14392231381427,1351.4392231381428,9.995988403883397,1729821590.1996758
135.29049011118025,1352.9049011118025,9.993236199417002,1729821590.209589
135.43701705990856,1354.3701705990857,9.990451071359356,1729821590.2195902
135.58350267365157,1355.8350267365156,9.9876327833127,1729821590.2295625
135.72994646259244,1357.2994646259244,9.984781098738118,1729821590.239567
135.8763479334432,1358.763479334432,9.981895780971204,1729821590.249647
136.02270658944326,1360.2270658944326,9.978976593237837,1729821590.2601523
136.16902193035787,1361.6902193035787,9.976023298670121,1729821590.269586
136.31529345247714,1363.1529345247714,9.973035660322456,1729821590.2795322
136.461520648615,1364.6152064861499,9.970013441187756,1729821590.2896526
136.60770300810867,1366.0770300810868,9.966956404213814,1729821590.2997196
136.75384001681817,1367.5384001681819,9.963864312319794,1729821590.309599
136.89993115712613,1368.9993115712614,9.960736928412883,1729821590.3195972
137.04597590793787,1370.4597590793787,9.957574015405072,1729821590.3298914
137.19197374468175,1371.9197374468174,9.954375336230084,1729821590.3396733
137.33792413930973,1373.3792413930973,9.951140653860438,1729821590.3496737
137.48382656029816,1374.8382656029817,9.947869731324658,1729821590.3596187
137.62968047264886,1376.2968047264885,9.944562331724622,1729821590.36968
137.7754853378905,1377.754853378905,9.94121821825304,1729821590.3797922
137.92124061408018,1379.2124061408017,9.937837154211087,1729821590.3896115
138.0669457558052,1380.6694575580518,9.934418903026163,1729821590.40043
138.21260021418524,1382.1260021418525,9.930963228269798,1729821590.409437
138.35820343687482,1383.5820343687483,9.92746989367568,1729821590.4196823
138.50375486806576,1385.0375486806574,9.923938663157838,1729821590.430686
138.6492539484902,1386.4925394849022,9.920369300828954,1729821590.4395916
138.79470011542386,1387.9470011542387,9.916761571018801,1729821590.449675
138.94009280268932,1389.4009280268933,9.913115238292828,1729821590.4596102
139.0854314406599,1390.854314406599,9.90943006747087,1729821590.4696546
139.23071545626357,1392.3071545626358,9.905705823645999,1729821590.47949
139.37594427298728,1393.7594427298727,9.901942272203495,1729821590.4896555
139.52111731088158,1395.2111731088157,9.898139178839966,1729821590.4998271
139.66623398656535,1396.6623398656534,9.89429630958257,1729821590.5096328
139.81129371323098,1398.1129371323098,9.890413430808405,1729821590.5196962
139.95629590064988,1399.5629590064987,9.886490309263985,1729821590.5297153
140.10123995517802,1401.0123995517802,9.88252671208488,1729821590.5395956
140.24612527976205,1402.4612527976205,9.878522406815456,1729821590.5496216
140.39095127394557,1403.9095127394557,9.874477161428754,1729821590.5597177
140.53571733387568,1405.3571733387569,9.870390744346485,1729821590.5696573
140.68042285230985,1406.8042285230986,9.866262924459159,1729821590.5795178
140.8250672186231,1408.250672186231,9.862093471146316,1729821590.589626
140.96964981881553,1409.6964981881551,9.857882154296902,1729821590.5996633
141.11417003551998,1411.1417003551996,9.853628744329745,1729821590.6095424
141.2586272480102,1412.5862724801023,9.849333012214148,1729821590.6195943
141.40302083220922,1414.0302083220922,9.844994729490619,1729821590.6296937
141.54735016069796,1415.4735016069797,9.840613668291692,1729821590.6395648
141.69161460272426,1416.9161460272426,9.83618960136287,1729821590.6497674
141.83581352421223,1418.3581352421222,9.831722302083687,1729821590.6597524
141.97994628777178,1419.7994628777178,9.827211544488874,1729821590.669598
142.1240122527086,1421.240122527086,9.822657103289627,1729821590.6795104
142.26801077503436,1422.6801077503435,9.818058753894999,1729821590.689654
142.41194120747724,1424.1194120747723,9.813416272433377,1729821590.6997216
142.5558028994929,1425.558028994929,9.808729435774087,1729821590.709656
142.69959519727556,1426.9959519727556,9.803998021549075,1729821590.7196844
142.8433174437695,1428.433174437695,9.799221808174712,1729821590.730706
142.986968978681,1429.86968978681,9.794400574873679,1729821590.739687
143.13054913849035,1431.3054913849035,9.78953410169696,1729821590.7496629
143.27405725646443,1432.7405725646443,9.784622169545928,1729821590.7597895
143.41749266266945,1434.1749266266945,9.779664560194522,1729821590.7696428
143.56085468398405,1435.6085468398405,9.774661056311508,1729821590.7795355
143.70414264411284,1437.0414264411284,9.769611441482851,1729821590.7896135
143.84735586360011,1438.4735586360011,9.764515500234147,1729821590.7998705
143.990493659844,1439.90493659844,9.759373018053152,1729821590.8096433
144.13355534711084,1441.3355534711084,9.754183781412403,1729821590.8196874
144.27654023655003,1442.7654023655004,9.748947577791903,1729821590.8297706
144.41944763620913,1444.1944763620913,9.743664195701891,1729821590.839579
144.56227685104926,1445.6227685104927,9.738333424705694,1729821590.8496733
144.70502718296092,1447.0502718296093,9.732955055442641,1729821590.8596275
144.8476979307801,1448.476979307801,9.727528879651056,1729821590.8696134
144.99028839030473,1449.9028839030473,9.722054690191321,1729821590.8794146
145.1327978543115,1451.327978543115,9.716532281069002,1729821590.8896165
145.2752256125729,1452.7522561257292,9.71096144745804,1729821590.9000301
145.41757095187492,1454.1757095187493,9.705341985723999,1729821590.909583
145.5598331560346,1455.5983315603462,9.699673693447387,1729821590.9196541
145.7020115059184,1457.0201150591838,9.693956369447017,1729821590.9296143
145.8441052794605,1458.4410527946052,9.688189813803431,1729821590.9397027
145.9861137516819,1459.8611375168189,9.682373827882374,1729821590.9497025
146.12803619470944,1461.2803619470944,9.676508214358314,1729821590.9598389
146.26987187779537,1462.6987187779537,9.670592777238012,1729821590.969659
146.41162006733725,1464.1162006733725,9.66462732188413,1729821590.9795249
146.55328002689822,1465.532800268982,9.65861165503888,1729821590.989644
146.6948510172275,1466.948510172275,9.652545584847715,1729821590.9996228
146.83633229628143,1468.3633229628142,9.646428920883052,1729821591.0095274
146.97772311924462,1469.7772311924462,9.640261474168016,1729821591.0196807
147.11902273855165,1471.1902273855164,9.63404305720023,1729821591.030408
147.26023040390908,1472.6023040390908,9.627773483975629,1729821591.0397012
147.40134536231767,1474.0134536231767,9.621452570012265,1729821591.0496552
147.54236685809516,1475.4236685809517,9.615080132374178,1729821591.0597317
147.68329413289922,1476.832941328992,9.608655989695256,1729821591.0696535
147.82412642575088,1478.2412642575086,9.602179962203104,1729821591.0795407
147.96486297305816,1479.6486297305817,9.595651871742938,1729821591.0896084
148.1055030086403,1481.0550300864031,9.589071541801474,1729821591.0997326
148.24604576375205,1482.4604576375204,9.582438797530827,1729821591.1095667
148.3864904671085,1483.864904671085,9.57575346577241,1729821591.1197026
148.5268363449102,1485.268363449102,9.569015375080818,1729821591.1296272
148.66708262086865,1486.6708262086865,9.562224355747723,1729821591.1396139
148.8072285162321,1488.072285162321,9.555380239825745,1729821591.1496832
148.94727324981176,1489.4727324981177,9.54848286115231,1729821591.159489
149.0872160380083,1490.8721603800832,9.5415320553735,1729821591.1696236
149.22705609483876,1492.2705609483876,9.53452765996787,1729821591.1794026
149.3667926319637,1493.667926319637,9.527469514270251,1729821591.1896133
149.5064248587149,1495.064248587149,9.520357459495525,1729821591.1997087
149.6459519821231,1496.459519821231,9.513191338762347,1729821591.2095158
149.78537320694653,1497.8537320694654,9.505970997116867,1729821591.2196505
149.92468773569922,1499.2468773569922,9.498696281556386,1729821591.2296562
150.06389476868023,1500.6389476868023,9.491367041052975,1729821591.2396064
150.2029935040028,1502.0299350400278,9.483983126577057,1729821591.249609
150.34198313762406,1503.4198313762406,9.476544391120921,1729821591.2596765
150.480862863375,1504.80862863375,9.46905068972221,1729821591.2695696
150.61963187299088,1506.1963187299089,9.461501879487313,1729821591.2794192
150.75828935614183,1507.5828935614184,9.453897819614731,1729821591.2895453
150.8968345004639,1508.968345004639,9.446238371418357,1729821591.3003361
151.0352664915905,1510.352664915905,9.438523398350688,1729821591.309632
151.17358451318398,1511.7358451318398,9.430752766025975,1729821591.3195806
151.31178774696775,1513.1178774696775,9.422926342243278,1729821591.3297136
151.4498753727587,1514.498753727587,9.415043997009455,1729821591.3396146
151.5878465684998,1515.878465684998,9.407105602562057,1729821591.3496387
151.72570051029325,1517.2570051029325,9.399111033392135,1729821591.359649
151.86343637243385,1518.6343637243385,9.391060166266957,1729821591.369658
152.00105332744266,1520.0105332744265,9.382952880252619,1729821591.3794892
152.1385505461011,1521.385505461011,9.374789056736569,1729821591.389622
152.27592719748532,1522.7592719748532,9.36656857945,1729821591.3996592
152.41318244900089,1524.131824490009,9.358291334490167,1729821591.409684
152.55031546641783,1525.5031546641783,9.34995721034255,1729821591.419684
152.68732541390594,1526.8732541390593,9.341566097902943,1729821591.4296448
152.82421145407054,1528.2421145407054,9.333117890499379,1729821591.4397361
152.96097274798836,1529.6097274798835,9.324612483913954,1729821591.449703
153.09760845524394,1530.9760845524395,9.316049776404517,1729821591.4597342
153.23411773396626,1532.3411773396626,9.307429668726206,1729821591.469587
153.37049974086557,1533.7049974086558,9.298752064152875,1729821591.4794302
153.50675363127078,1535.067536312708,9.29001686849835,1729821591.4895463
153.64287855916695,1536.4287855916696,9.281223990137553,1729821591.49968
153.77887367723312,1537.7887367723313,9.272373340027471,1729821591.5095751
153.91473813688063,1539.1473813688062,9.263464831727962,1729821591.5196812
154.05047108829143,1540.5047108829144,9.254498381422405,1729821591.529624
154.186071680457,1541.8607168045698,9.24547390793819,1729821591.5396106
154.3215390612173,1543.215390612173,9.236391332767028,1729821591.5496464
154.45687237730021,1544.5687237730021,9.227250580085093,1729821591.5597556
154.59207077436128,1545.9207077436126,9.218051576772995,1729821591.5696433
154.72713339702347,1547.2713339702345,9.208794252435546,1729821591.5794702
154.8620593889176,1548.620593889176,9.19947853942137,1729821591.5896263
154.99684789272277,1549.9684789272278,9.1901043728423,1729821591.600257
155.13149805020717,1551.3149805020716,9.180671690592591,1729821591.6095798
155.26600900226924,1552.6600900226924,9.171180433367924,1729821591.6195874
155.40037988897896,1554.0037988897896,9.161630544684218,1729821591.629723
155.5346098496195,1555.346098496195,9.15202197089623,1729821591.6396
155.66869802272916,1556.6869802272915,9.142354661215936,1729821591.6496582
155.80264354614349,1558.0264354614349,9.132628567730704,1729821591.6595938
155.93644555703779,1559.364455570378,9.122843645421243,1729821591.6696017
156.07010319196974,1560.7010319196975,9.112999852179325,1729821591.6793828
156.2036155869224,1562.036155869224,9.103097148825285,1729821591.6896658
156.33698187734743,1563.3698187734742,9.093135499125275,1729821591.699681
156.47020119820846,1564.7020119820845,9.083114869808297,1729821591.7095726
156.60327268402486,1566.0327268402486,9.073035230582974,1729821591.719602
156.73619546891567,1567.3619546891566,9.0628965541541,1729821591.7296538
156.8689686866438,1568.689686866438,9.052698816238918,1729821591.739528
157.00159147066043,1570.0159147066042,9.042441995583147,1729821591.749637
157.1340629541496,1571.3406295414961,9.03212607397676,1729821591.7596633
157.26638227007328,1572.663822700733,9.021751036269508,1729821591.7696085
157.39854855121618,1573.9854855121619,9.011316870386134,1729821591.7794998
157.5305609302313,1575.305609302313,9.000823567341378,1729821591.7896936
157.6624185396854,1576.624185396854,8.990271121254656,1729821591.7996554
157.79412051210474,1577.9412051210475,8.979659529364492,1729821591.809667
157.925665980021,1579.25665980021,8.968988792042644,1729821591.8196394
158.05705407601747,1580.5705407601747,8.958258912807965,1729821591.829684
158.18828393277545,1581.8828393277545,8.947469898339964,1729821591.8396747
158.31935468312074,1583.1935468312074,8.93662175849206,1729821591.8497055
158.45026546007034,1584.5026546007034,8.925714506304567,1729821591.859856
158.58101539687954,1585.8101539687955,8.91474815801735,1729821591.869658
158.71160362708883,1587.1160362708883,8.903722733082182,1729821591.8794804
158.84202928457134,1588.4202928457134,8.892638254174805,1729821591.889611
158.9722915035802,1589.722915035802,8.881494747206663,1729821591.9005358
159.1023894187962,1591.023894187962,8.870292241336319,1729821591.9096951
159.23232216537562,1592.3232216537563,8.85903076898056,1729821591.919611
159.36208887899807,1593.6208887899807,8.84771036582517,1729821591.9296932
159.4916886959147,1594.916886959147,8.83633107083538,1729821591.9396968
159.62112075299635,1596.2112075299635,8.824892926265985,1729821591.9496698
159.75038418778206,1597.5038418778206,8.813395977671126,1729821591.9597495
159.87947813852747,1598.7947813852747,8.801840273913731,1729821591.9696503
160.00840174425358,1600.0840174425357,8.790225867174627,1729821591.9795697
160.13715414479543,1601.3715414479543,8.778552812961289,1729821591.9895976
160.26573448085117,1602.6573448085117,8.76682117011626,1729821591.9996252
160.39414189403098,1603.9414189403099,8.755031000825202,1729821592.009495
160.52237552690622,1605.2237552690622,8.7431823706246,1729821592.01957
160.65043452305872,1606.5043452305872,8.731275348409124,1729821592.029464
160.77831802713015,1607.7831802713015,8.719310006438599,1729821592.0396225
160.90602518487142,1609.0602518487142,8.707286420344643,1729821592.0497086
161.03355514319225,1610.3355514319223,8.69520466913691,1729821592.059544
161.1609070502108,1611.609070502108,8.683064835208997,1729821592.0697153
161.2880800553034,1612.880800553034,8.670867004343947,1729821592.0796685
161.4150733091543,1614.150733091543,8.65861126571939,1729821592.0895941
161.5418859638056,1615.4188596380561,8.646297711912318,1729821592.0997436
161.66851717270708,1616.6851717270708,8.633926438903458,1729821592.1097133
161.7949660907662,1617.9496609076618,8.621497546081285,1729821592.119673
161.92123187439816,1619.2123187439815,8.60901113624563,1729821592.1304212
162.04731368157604,1620.4731368157604,8.596467315610914,1729821592.1396518
162.17321067188078,1621.7321067188077,8.583866193808978,1729821592.1495922
162.29892200655146,1622.9892200655147,8.57120788389155,1729821592.1596024
162.4244468485354,1624.244468485354,8.558492502332275,1729821592.1696494
162.5497843625385,1625.497843625385,8.545720169028389,1729821592.179447
162.6749337150753,1626.749337150753,8.532891007301968,1729821592.189581
162.79989407451936,1627.9989407451935,8.520005143900786,1729821592.1997676
162.92466461115342,1629.2466461115341,8.50706270899877,1729821592.2096002
163.04924449721975,1630.4924449721975,8.49406383619606,1729821592.2196586
163.1736329069703,1631.736329069703,8.481008662518636,1729821592.2296555
163.297829016717,1632.9782901671701,8.467897328417568,1729821592.2395794
163.42183200488194,1634.2183200488194,8.454729977767837,1729821592.249683
163.54564105204753,1635.4564105204754,8.441506757866756,1729821592.2596662
163.6692553410068,1636.6925534100678,8.428227819431976,1729821592.2696383
163.79267405681335,1637.9267405681335,8.414893316599061,1729821592.2797005
163.9158963868316,1639.158963868316,8.401503406918684,1729821592.2895806
164.03892152078672,1640.3892152078672,8.388058251353367,1729821592.299701
164.16174865081467,1641.6174865081466,8.374558014273845,1729821592.309611
164.2843769715121,1642.843769715121,8.361002863454956,1729821592.3195724
164.40680567998623,1644.0680567998625,8.347392970071182,1729821592.3296604
164.52903397590467,1645.2903397590467,8.333728508691706,1729821592.339555
164.65106106154502,1646.5106106154503,8.320009657275081,1729821592.3496366
164.77288614184465,1647.7288614184465,8.306236597163476,1729821592.3596165
164.8945084244501,1648.945084244501,8.292409513076485,1729821592.369622
165.0159271197666,1650.159271197666,8.278528593104538,1729821592.3794866
165.13714144100734,1651.3714144100734,8.264594028701849,1729821592.389605
165.25815060424284,1652.5815060424284,8.250606014678988,1729821592.399978
165.37895382844985,1653.7895382844986,8.236564749194983,1729821592.409574
165.4995503355605,1654.9955033556053,8.222470433749043,1729821592.4196103
165.61993935051115,1656.1993935051114,8.20832327317181,1729821592.4296536
165.74012010129096,1657.4012010129095,8.194123475616232,1729821592.4396703
165.8600918189907,1658.600918189907,8.179871252547974,1729821592.449618
165.97985373785104,1659.7985373785104,8.165566818735432,1729821592.4596355
166.0994050953109,1660.994050953109,8.151210392239301,1729821592.4695866
166.21874513205555,1662.1874513205555,8.136802194401747,1729821592.4794068
166.33787309206454,1663.3787309206455,8.122342449835134,1729821592.4895737
166.4567882226596,1664.567882226596,8.107831386410323,1729821592.499844
166.57548977455218,1665.7548977455217,8.093269235244582,1729821592.5096827
166.69397700189083,1666.9397700189083,8.07865623068904,1729821592.5195932
166.81224916230855,1668.1224916230854,8.063992610315745,1729821592.5296323
166.93030551696975,1669.3030551696975,8.049278614904285,1729821592.5396428
167.0481453306172,1670.481453306172,8.034514488428012,1729821592.5496683
167.16576787161844,1671.6576787161844,8.019700478039816,1729821592.5597084
167.2831724120125,1672.831724120125,8.004836834057533,1729821592.5696397
167.40035822755587,1674.0035822755588,7.9899238099488805,1729821592.5795498
167.51732459776855,1675.1732459776854,7.974961662316028,1729821592.5896568
167.6340708059798,1676.340708059798,7.9599506508797315,1729821592.599945
167.75059613937364,1677.5059613937365,7.944891038463059,1729821592.6095212
167.86689988903404,1678.6689988903404,7.929783090974716,1729821592.6196961
167.98298134999004,1679.8298134999004,7.914627077391968,1729821592.6296775
168.09883982126038,1680.988398212604,7.899423269743135,1729821592.6397035
168.2144746058981,1682.144746058981,7.884171943089719,1729821592.6495984
168.32988501103466,1683.2988501103466,7.8688733755080875,1729821592.6597295
168.44507034792397,1684.4507034792398,7.853527848070801,1729821592.6695828
168.56002993198595,1685.6002993198595,7.838135644827522,1729821592.6794426
168.67476308285003,1686.7476308285004,7.822697052785532,1729821592.6895845
168.78926912439817,1687.8926912439817,7.807212361889855,1729821592.700074
168.9035473848076,1689.035473848076,7.791681865002992,1729821592.7096732
169.01759719659344,1690.1759719659344,7.7761058578842945,1729821592.7196636
169.13141789665073,1691.3141789665074,7.760484639168904,1729821592.729597
169.24500882629644,1692.4500882629645,7.744818510346359,1729821592.7395582
169.35836933131088,1693.5836933131088,7.729107775738795,1729821592.7495823
169.471498761979,1694.71498761979,7.713352742478779,1729821592.759791
169.58439647313128,1695.8439647313128,7.697553720486777,1729821592.7695942
169.69706182418423,1696.9706182418422,7.681711022448242,1729821592.7794974
169.80949417918066,1698.0949417918066,7.665824963790337,1729821592.7896075
169.92169290682952,1699.2169290682953,7.649895862658312,1729821592.8000307
170.0336573805454,1700.336573805454,7.633924039891495,1729821592.8096266
170.14538697848772,1701.4538697848773,7.617909818998955,1729821592.819613
170.2568810835995,1702.568810835995,7.601853526134791,1729821592.8301563
170.36813908364576,1703.6813908364575,7.585755490073085,1729821592.8396761
170.47916037125162,1704.7916037125162,7.569616042182508,1729821592.849629
170.58994434394,1705.8994434394,7.55343551640059,1729821592.86014
170.70049040416885,1707.0049040416884,7.5372142492076275,1729821592.8696086
170.81079795936807,1708.1079795936807,7.520952579600296,1729821592.8795068
170.92086642197606,1709.2086642197605,7.504650849064912,1729821592.8895667
171.03069520947577,1710.3069520947577,7.488309401550367,1729821592.8996644
171.14028374443052,1711.402837444305,7.471928583440759,1729821592.9096026
171.2496314545192,1712.496314545192,7.455508743527675,1729821592.919681
171.3587377725713,1713.587377725713,7.439050232982206,1729821592.929655
171.4676021366012,1714.6760213660118,7.4225534053266085,1729821592.9396057
171.57622398984242,1715.7622398984242,7.406018616405703,1729821592.9496012
171.6846027807812,1716.846027807812,7.38944622435794,1729821592.9599462
171.7927379631897,1717.9273796318969,7.372836589586198,1729821592.9697447
171.9006289961587,1719.006289961587,7.356190074728275,1729821592.9795468
172.00827534413014,1720.0827534413015,7.33950704462711,1729821592.9895434
172.11567647692883,1721.1567647692882,7.322787866300702,1729821592.9996212
172.22283186979396,1722.2283186979396,7.306032908911783,1729821593.0096555
172.3297410034102,1723.2974100341019,7.289242543737201,1729821593.0197363
172.4364033639381,1724.364033639381,7.272417144137039,1729821593.0296476
172.54281844304435,1725.4281844304435,7.255557085523488,1729821593.0396147
172.64898573793127,1726.4898573793128,7.238662745329442,1729821593.049617
172.75490475136607,1727.5490475136608,7.221734502976878,1729821593.059768
172.86057499170954,1728.6057499170954,7.204772739844946,1729821593.0696833
172.96599597294428,1729.6599597294428,7.187777839237869,1729821593.0795202
173.07116721470246,1730.7116721470245,7.170750186352562,1729821593.089667
173.17608824229308,1731.7608824229308,7.153690168246063,1729821593.099732
173.28075858672878,1732.8075858672878,7.136598173802717,1729821593.1095204
173.38517778475222,1733.851777847522,7.119474593701154,1729821593.1196237
173.4893453788618,1734.893453788618,7.102319820381037,1729821593.1296043
173.5932609173371,1735.932609173371,7.085134248009634,1729821593.13997
173.6969239542636,1736.9692395426362,7.067918272448162,1729821593.1496208
173.80033404955722,1738.0033404955723,7.050672291217953,1729821593.1595418
173.90349076898795,1739.0349076898794,7.033396703466417,1729821593.1696336
174.00639368420337,1740.0639368420339,7.016091909932836,1729821593.179452
174.1090423727514,1741.090423727514,6.998758312913962,1729821593.1896203
174.21143641810264,1742.1143641810263,6.981396316229471,1729821593.1997418
174.31357540967227,1743.1357540967226,6.964006325187221,1729821593.2096572
174.41545894284127,1744.1545894284127,6.946588746548365,1729821593.2195609
174.5170866189773,1745.1708661897728,6.929143988492308,1729821593.2303944
174.6184580454549,1746.184580454549,6.9116724605815225,1729821593.239616
174.71957283567536,1747.1957283567535,6.894174573726202,1729821593.2496681
174.82043060908592,1748.204306090859,6.876650740148801,1729821593.2598498
174.92103099119842,1749.2103099119843,6.859101373348421,1729821593.2696805
175.0213736136076,1750.213736136076,6.841526888065111,1729821593.279444
175.1214581140088,1751.2145811400878,6.823927700244003,1729821593.2896671
175.22128413621493,1752.2128413621494,6.806304226999352,1729821593.2996619
175.32085133017333,1753.2085133017333,6.788656886578497,1729821593.3096619
175.42015935198165,1754.2015935198165,6.770986098325686,1729821593.3196864
175.51920786390355,1755.1920786390356,6.753292282645825,1729821593.3296468
175.6179965343836,1756.1799653438359,6.735575860968131,1729821593.3396828
175.71652503806192,1757.1652503806192,6.7178372557097195,1729821593.3497753
175.814793055788,1758.1479305578798,6.700076890239089,1729821593.3596208
175.91280027463415,1759.1280027463415,6.682295188839568,1729821593.3695755
176.01054638790845,1760.1054638790845,6.664492576672677,1729821593.379505
176.10803109516698,1761.0803109516698,6.646669479741449,1729821593.3896062
176.20525410222572,1762.0525410222572,6.62882632485368,1729821593.3997097
176.30221512117177,1763.0221512117178,6.61096353958515,1729821593.409611
176.39891387037406,1763.9891387037405,6.593081552242815,1729821593.4195971
176.49535007449356,1764.9535007449356,6.575180791827933,1729821593.4297044
176.59152346449292,1765.9152346449291,6.557261687999208,1729821593.4396594
176.6874337776456,1766.8743377764558,6.539324671035875,1729821593.4497159
176.78308075754435,1767.8308075754435,6.5213701718007915,1729821593.4596574
176.87846415410928,1768.7846415410927,6.503398621703527,1729821593.469623
176.97358372359537,1769.7358372359536,6.485410452663444,1729821593.4794648
177.06843922859932,1770.6843922859932,6.4674060970727645,1729821593.489575
177.163030438066,1771.63030438066,6.449385987759694,1729821593.49967
177.25735712729428,1772.573571272943,6.431350557951513,1729821593.5096753
177.35141907794244,1773.5141907794243,6.413300241237723,1729821593.5196846
177.4452160780328,1774.4521607803279,6.395235471533205,1729821593.5295908
177.53874792195595,1775.3874792195595,6.3771566830414255,1729821593.5395925
177.63201441047462,1776.3201441047463,6.359064310217692,1729821593.5497484
177.72501535072666,1777.2501535072665,6.34095878773241,1729821593.5596533
177.8177505562277,1778.177505562277,6.322840550434462,1729821593.5697923
177.91021984687333,1779.1021984687334,6.304710033314587,1729821593.5795276
178.00242304894047,1780.0242304894048,6.286567671468843,1729821593.5896468
178.09435999508852,1780.9435999508853,6.268413900062171,1729821593.5997064
178.18603052435978,1781.8603052435978,6.250249154291987,1729821593.6097412
178.27743448217942,1782.774344821794,6.23207386935189,1729821593.6196554
178.36857172035482,1783.6857172035482,6.213888480395433,1729821593.6306355
178.4594420970746,1784.594420970746,6.19569342250003,1729821593.639705
178.55004547690683,1785.5004547690683,6.177489130630905,1729821593.6497426
178.64038173079692,1786.4038173079691,6.159276039605194,1729821593.659363
178.73045073606488,1787.3045073606488,6.141054584056143,1729821593.669698
178.8202523764022,1788.202523764022,6.122825198397415,1729821593.6796303
178.90978654186804,1789.0978654186804,6.104588316787515,1729821593.6896622
178.9990531288849,1789.990531288849,6.0863443730943665,1729821593.7001452
179.08805204023398,1790.8805204023397,6.068093800860005,1729821593.7096477
179.17678318504977,1791.7678318504977,6.0498370332653995,1729821593.7196023
179.26524647881433,1792.6524647881433,6.031574503095442,1729821593.7295067
179.35344184335088,1793.5344184335088,6.01330664270407,1729821593.7397368
179.44136920681703,1794.4136920681703,5.995033883979543,1729821593.7495897
179.52902850369748,1795.2902850369746,5.976756658309888,1729821593.7596574
179.61641967479602,1796.1641967479602,5.95847539654849,1729821593.769619
179.7035426672274,1797.0354266722738,5.94019052897989,1729821593.7795737
179.79039743440833,1797.9039743440833,5.921902485285704,1729821593.7896538
179.87698393604822,1798.7698393604821,5.903611694510774,1729821593.7996109
179.96330213813928,1799.6330213813928,5.885318585029465,1729821593.8095345
180.04935201294626,1800.4935201294625,5.867023584512177,1729821593.819587
180.13513353899558,1801.3513353899557,5.848727119892036,1729821593.8296895
180.22064670106408,1802.2064670106408,5.83042961733179,1729821593.839611
180.30589149016726,1803.0589149016726,5.812131502190894,1729821593.849627
180.39086790354693,1803.9086790354693,5.793833198992832,1729821593.8596509
180.47557594465852,1804.7557594465852,5.775535131392621,1729821593.8696384
180.56001562315788,1805.6001562315787,5.7572377221445645,1729821593.8795488
180.64418695488763,1806.4418695488762,5.738941393070187,1729821593.8897166
180.7280899618629,1807.280899618629,5.720646565026417,1729821593.8996797
180.81172467225684,1808.1172467225683,5.702353657874024,1729821593.9096029
180.8950911203855,1808.950911203855,5.6840630904462355,1729821593.9197063
180.97818934669226,1809.7818934669226,5.665775280517629,1729821593.9294877
181.06101939773197,1810.6101939773198,5.647490644773269,1729821593.9401898
181.14358132615436,1811.4358132615437,5.629209598778056,1729821593.9496906
181.22587519068733,1812.2587519068734,5.610932556946372,1729821593.9595873
181.3079010561195,1813.079010561195,5.592659932511941,1729821593.9696903
181.38965899328255,1813.8965899328255,5.574392137497972,1729821593.979438
181.47114907903295,1814.7114907903297,5.556129582687539,1729821593.9896212
181.55237139623344,1815.5237139623343,5.537872677594265,1729821593.9996703
181.63332603373385,1816.3332603373385,5.51962183043322,1729821594.0095289
181.7140130863518,1817.140130863518,5.501377448092153,1729821594.0196552
181.79443265485264,1817.9443265485265,5.483139936102932,1729821594.0294492
181.8745848459293,1818.745848459293,5.464909698613331,1729821594.0396485
181.95446977218145,1819.5446977218146,5.446687138359044,1729821594.0497332
182.03408755209455,1820.3408755209455,5.428472656636014,1729821594.0596757
182.1134383100181,1821.134383100181,5.41026665327303,1729821594.0696635
182.19252217614394,1821.9252217614394,5.392069526604651,1729821594.0796452
182.27133928648385,1822.7133928648386,5.3738816734443695,1729821594.0896225
182.34988978284682,1823.4988978284682,5.355703489058115,1729821594.1005218
182.42817381281603,1824.2817381281602,5.337535367138056,1729821594.1095512
182.50619152972533,1825.0619152972533,5.319377699776666,1729821594.1196554
182.5839430926355,1825.8394309263551,5.3012308774411405,1729821594.129424
182.66142866630992,1826.6142866630992,5.283095288948077,1729821594.1396866
182.73864842119005,1827.3864842119006,5.2649713214385265,1729821594.1497035
182.81560253337054,1828.1560253337054,5.246859360353277,1729821594.1598585
182.89229118457385,1828.9229118457386,5.228759789408512,1729821594.1698194
182.96871456212466,1829.6871456212466,5.210672990571769,1729821594.1795807
183.04487285892387,1830.4487285892387,5.192599344038209,1729821594.1896288
183.12076627342222,1831.2076627342221,5.174539228207209,1729821594.1996841
183.19639500959366,1831.9639500959365,5.156493019659285,1729821594.2097266
183.2717592769083,1832.7175927690832,5.138461093133333,1729821594.2195876
183.34685929030516,1833.4685929030516,5.1204438215042,1729821594.2297232
183.42169527016438,1834.2169527016438,5.102441575760562,1729821594.2396255
183.49626744227928,1834.9626744227928,5.084454724983173,1729821594.2496595
183.57057603782815,1835.7057603782814,5.0664836363234205,1729821594.2597094
183.6446212933455,1836.446212933455,5.04852867498219,1729821594.2696476
183.71840345069327,1837.1840345069327,5.030590204189128,1729821594.2795837
183.79192275703156,1837.9192275703156,5.012668585182158,1729821594.289633
183.86517946478912,1838.6517946478912,4.994764177187415,1729821594.299676
183.93817383163355,1839.3817383163355,4.976877337399447,1729821594.3096495
184.01090612044126,1840.1090612044127,4.959008420961821,1729821594.3196125
184.0833765992671,1840.833765992671,4.941157780947998,1729821594.3298526
184.15558554131366,1841.5558554131367,4.923325768342613,1729821594.3397107
184.2275332249004,1842.2753322490041,4.905512732023055,1729821594.3496742
184.2992199334326,1842.992199334326,4.887719018741423,1729821594.3597543
184.37064595536967,1843.7064595536967,4.869944973106774,1729821594.3695915
184.4418115841937,1844.418115841937,4.852190937567778,1729821594.3795338
184.5127171183774,1845.127171183774,4.834457252395676,1729821594.389549
184.583362861352,1845.83362861352,4.8167442556675795,1729821594.3999417
184.65374912147473,1846.5374912147472,4.799052283250145,1729821594.4095733
184.72387621199627,1847.2387621199628,4.781381668783567,1729821594.4196668
184.7937444510278,1847.937444510278,4.7637327436659405,1729821594.429709
184.86335416150789,1848.633541615079,4.746105837037934,1729821594.4395976
184.9327056711692,1849.327056711692,4.7285012757678615,1729821594.4496357
185.00179931250491,1850.017993125049,4.710919384437032,1729821594.459658
185.07063542273505,1850.7063542273504,4.69336048532552,1729821594.469704
185.13921434377238,1851.392143437724,4.675824898398208,1729821594.479418
185.2075364221884,1852.0753642218842,4.658312941291248,1729821594.4896133
185.27560200917895,1852.7560200917897,4.640824929298796,1729821594.4996707
185.3434114605296,1853.4341146052961,4.623361175360156,1729821594.5096192
185.41096513658104,1854.1096513658104,4.605921990047214,1729821594.519622
185.47826340219407,1854.7826340219408,4.5885076815522705,1729821594.5296557
185.54530662671462,1855.4530662671461,4.571118555676163,1729821594.539674
185.61209518393844,1856.1209518393844,4.553754915816773,1729821594.5496144
185.6786294520757,1856.786294520757,4.536417062957854,1729821594.559676
185.74490981371554,1857.4490981371555,4.519105295658209,1729821594.569685
185.81093665579013,1858.1093665579012,4.501819910041194,1729821594.5795345
185.876710369539,1858.7671036953902,4.484561199784595,1729821594.5896297
185.94223135047295,1859.4223135047296,4.467329456110811,1729821594.5996916
186.00749999833786,1860.0749999833786,4.4501249677773895,1729821594.6096632
186.07251671707846,1860.7251671707845,4.432948021067904,1729821594.6196847
186.13728191480192,1861.372819148019,4.415798899783162,1729821594.6296937
186.20179600374126,1862.0179600374126,4.398677885232733,1729821594.639718
186.26605940021878,1862.6605940021877,4.381585256226842,1729821594.6497068
186.33007252460916,1863.3007252460916,4.36452128906857,1729821594.6601584
186.3938358013027,1863.938358013027,4.347486257546404,1729821594.6697128
186.45734965866833,1864.5734965866834,4.330480432927095,1729821594.6794956
186.5206145290164,1865.206145290164,4.313504083948855,1729821594.6896427
186.5836308485616,1865.836308485616,4.296557476814904,1729821594.6996255
186.6463990573857,1866.463990573857,4.279640875187308,1729821594.70959
186.7089195994002,1867.0891959940018,4.262754540181145,1729821594.7195654
186.77119292230876,1867.7119292230875,4.245898730359018,1729821594.729635
186.83321947756986,1868.3321947756986,4.229073701725866,1729821594.7397954
186.89499972035912,1868.9499972035912,4.212279707724111,1729821594.7496293
186.95653410953173,1869.5653410953173,4.195516999229097,1729821594.7597425
187.01782310758458,1870.1782310758458,4.178785824544859,1729821594.7696319
187.07886718061866,1870.7886718061866,4.162086429400235,1729821594.7794907
187.13966679830116,1871.3966679830116,4.1454190569452205,1729821594.7896118
187.2002224338276,1872.002224338276,4.128783947747699,1729821594.7996905
187.2605345638839,1872.605345638839,4.112181339790446,1729821594.809571
187.3206036686085,1873.206036686085,4.095611468468448,1729821594.819703
187.38043023155424,1873.8043023155424,4.079074566586511,1729821594.8297431
187.4400147396505,1874.400147396505,4.062570864357205,1729821594.839697
187.49935768316504,1874.9935768316504,4.0461005893990585,1729821594.8496568
187.55845955566596,1875.5845955566597,4.029663966735091,1729821594.8596244
187.6173208539836,1876.1732085398362,4.013261218791625,1729821594.8696713
187.67594207817254,1876.7594207817253,3.9968925653973897,1729821594.8794572
187.7343237314733,1877.343237314733,3.980558223782905,1729821594.8896463
187.79246632027443,1877.9246632027443,3.9642584085801817,1729821594.8996675
187.85037035407427,1878.5037035407427,3.9479933318226688,1729821594.90958
187.90803634544292,1879.0803634544293,3.931763202945523,1729821594.9196467
187.96546480998407,1879.6546480998406,3.915568228786119,1729821594.9296534
188.02265626629693,1880.2265626629694,3.899408613584875,1729821594.9396422
188.07961123593822,1880.7961123593823,3.883284558986332,1729821594.9497964
188.136330243384,1881.36330243384,3.8671962640405018,1729821594.959664
188.1928138159918,1881.928138159918,3.851143925204503,1729821594.9695914
188.24906248396243,1882.4906248396244,3.8351277363444507,1729821594.9794838
188.3050767803022,1883.050767803022,3.81914788873762,1729821594.989658
188.36085724078478,1883.6085724078478,3.80320457107486,1729821594.999667
188.4164044039135,1884.164044039135,3.787297969463291,1729821595.0095854
188.4717188108834,1884.717188108834,3.7714282674292368,1729821595.0195963
188.52680100554343,1885.2680100554344,3.7555956459214017,1729821595.0296547
188.5816515343587,1885.816515343587,3.739800283314335,1729821595.0395844
188.63627094637283,1886.3627094637284,3.7240423554121187,1729821595.0496187
188.6906597931702,1886.906597931702,3.7083220354523028,1729821595.060721
188.74481862883846,1887.4481862883845,3.6926394941100953,1729821595.0697505
188.798748009931,1887.9874800993098,3.676994899502779,1729821595.0795085
188.85244849542946,1888.5244849542946,3.661388417194376,1729821595.0896673
188.9059206467064,1889.0592064670639,3.645820210200539,1729821595.0997555
188.95916502748798,1889.5916502748798,3.6302904389936903,1729821595.109574
189.01218220381674,1890.1218220381675,3.614799261508353,1729821595.119631
189.06497274401445,1890.6497274401445,3.5993468331467704,1729821595.1296208
189.11753721864508,1891.1753721864509,3.58393330678467,1729821595.1396227
189.16987620047777,1891.6987620047778,3.568558832777325,1729821595.1496463
189.22199026445006,1892.2199026445005,3.5532235589657835,1729821595.159949
189.273879987631,1892.7387998763102,3.5379276306833165,1729821595.1697092
189.32554594918454,1893.2554594918454,3.522671190762098,1729821595.1793656
189.37698873033295,1893.7698873033296,3.5074543795400905,1729821595.1896315
189.42820891432027,1894.2820891432027,3.4922773348680987,1729821595.1996033
189.479207086376,1894.7920708637598,3.477140192117092,1729821595.2096057
189.5299838336788,1895.299838336788,3.4620430841856655,1729821595.2195923
189.58053974532046,1895.8053974532047,3.4469861415077303,1729821595.2296503
189.63087541226966,1896.3087541226967,3.43196949206038,1729821595.2397008
189.68099142733624,1896.8099142733624,3.4169932613719722,1729821595.2496595
189.73088838513527,1897.3088838513527,3.4020575725303623,1729821595.259711
189.7805668820515,1897.805668820515,3.3871625461913664,1729821595.26962
189.8300275162037,1898.300275162037,3.3723083005873637,1729821595.2794235
189.8792708874094,1898.792708874094,3.3574949515360895,1729821595.2896369
189.92829759714942,1899.2829759714941,3.342722612449618,1729821595.2996552
189.97710824853283,1899.7710824853284,3.3279913943435235,1729821595.3096306
190.02570344626196,1900.2570344626197,3.313301405846176,1729821595.3196287
190.07408379659745,1900.7408379659746,3.2986527532082186,1729821595.3296444
190.12224990732355,1901.2224990732354,3.284045540312237,1729821595.3396733
190.17020238771354,1901.7020238771354,3.269479868682559,1729821595.349909
190.21794184849534,1902.1794184849534,3.2549558374952094,1729821595.3596935
190.2654689018171,1902.6546890181708,3.240473543588029,1729821595.3697507
190.3127841612131,1903.127841612131,3.226033081470964,1729821595.3796046
190.35988824156985,1903.5988824156984,3.211634543336466,1729821595.3897388
190.40678175909215,1904.0678175909215,3.1972780190700774,1729821595.3999162
190.45346533126943,1904.5346533126942,3.1829635962611067,1729821595.4095821
190.49993957684228,1904.9993957684228,3.168691360213527,1729821595.4196534
190.54620511576903,1905.4620511576902,3.1544613939569026,1729821595.4296765
190.5922625691926,1905.922625691926,3.140273778257565,1729821595.4396029
190.63811255940746,1906.3811255940745,3.126128591629818,1729821595.4496312
190.68375570982676,1906.8375570982676,3.112025910347343,1729821595.459645
190.72919264494962,1907.2919264494963,3.0979658084546897,1729821595.4696589
190.77442399032864,1907.7442399032864,3.083948357778915,1729821595.4796264
190.81945037253757,1908.1945037253759,3.0699736279413155,1729821595.4896092
190.86427241913904,1908.6427241913905,3.0560416863692867,1729821595.4997377
190.90889075865266,1909.0889075865266,3.0421525983083204,1729821595.5096269
190.95330602052312,1909.533060205231,3.028306426834065,1729821595.519677
190.99751883508856,1909.9751883508857,3.014503232864549,1729821595.5296881
191.0415298335492,1910.415298335492,3.0007430751724606,1729821595.539664
191.08533964793588,1910.8533964793587,2.987026010397543,1729821595.5496771
191.12894891107916,1911.2894891107917,2.97335209305913,1729821595.560433
191.1723582565782,1911.7235825657822,2.9597213755687064,1729821595.5696702
191.21556831877024,1912.1556831877024,2.946133908242643,1729821595.579603
191.25857973269984,1912.5857973269985,2.932589739314935,1729821595.5896196
191.30139313408876,1913.0139313408877,2.9190889149501253,1729821595.6003418
191.34400915930556,1913.4400915930555,2.9056314792562143,1729821595.6096497
191.38642844533584,1913.8642844533583,2.8922174742977576,1729821595.6196673
191.42865162975232,1914.2865162975231,2.878846940108937,1729821595.6296036
191.47067935068534,1914.7067935068535,2.8655199147068022,1729821595.6396706
191.51251224679342,1915.1251224679343,2.852236434104523,1729821595.649709
191.55415095723407,1915.5415095723406,2.838996532324757,1729821595.6597276
191.5955961216348,1915.955961216348,2.825800241413057,1729821595.669636
191.63684838006435,1916.3684838006434,2.812647591451378,1729821595.6794465
191.67790837300402,1916.7790837300402,2.799538610571599,1729821595.6896365
191.71877674131935,1917.1877674131933,2.7864733249691835,1729821595.6997244
191.75945412623184,1917.5945412623184,2.773451758916804,1729821595.7095444
191.79994116929106,1917.9994116929106,2.7604739347781257,1729821595.7196345
191.8402385123467,1918.402385123467,2.7475398730215503,1729821595.7296453
191.88034679752113,1918.8034679752113,2.734649592234096,1729821595.7395647
191.9202666671819,1919.2026666718189,2.72180310913526,1729821595.749718
191.95999876391457,1919.5999876391456,2.709000438590975,1729821595.7596102
191.99954373049582,1919.9954373049582,2.6962415936275943,1729821595.7696
192.03890220986656,1920.3890220986657,2.6835265854459096,1729821595.7794943
192.07807484510545,1920.7807484510545,2.67085542343522,1729821595.7895954
192.11706227940246,1921.1706227940247,2.6582281151874487,1729821595.799692
192.15586515603277,1921.5586515603277,2.6456446665112794,1729821595.8095953
192.19448411833082,1921.9448411833082,2.633105081446342,1729821595.8196394
192.23291980966454,1922.3291980966453,2.6206093622774085,1729821595.829652
192.27117287340982,1922.7117287340982,2.6081575095486387,1729821595.840171
192.30924395292527,1923.0924395292527,2.5957495220778575,1729821595.8496125
192.34713369152703,1923.4713369152703,2.5833853969708174,1729821595.8596306
192.38484273246385,1923.8484273246386,2.5710651296355276,1729821595.8696103
192.4223717188925,1924.2237171889249,2.558788713796607,1729821595.879455
192.45972129385316,1924.5972129385316,2.5465561415095954,1729821595.8895733
192.4968921002453,1924.968921002453,2.5343674031753634,1729821595.8996928
192.53388478080353,1925.3388478080353,2.5222224875544668,1729821595.9095745
192.57069997807372,1925.706999780737,2.5101213817815533,1729821595.9196322
192.60733833438942,1926.0733833438942,2.498064071379783,1729821595.9296057
192.64380049184848,1926.4380049184847,2.4860505402752264,1729821595.9396179
192.68008709228974,1926.8008709228975,2.474080770811288,1729821595.9496648
192.71619877727008,1927.1619877727007,2.4621547437631386,1729821595.959724
192.75213618804165,1927.5213618804164,2.4502724383521426,1729821595.9697232
192.78789996552925,1927.8789996552925,2.4384338322602823,1729821595.9795184
192.823490750308,1928.23490750308,2.4266389016445955,1729821595.9896834
192.85890918258113,1928.5890918258112,2.4148876211515904,1729821595.9997008
192.89415590215813,1928.9415590215813,2.4031799639316893,1729821596.009455
192.9292315484329,1929.292315484329,2.3915159016536074,1729821596.019695
192.96413676036238,1929.6413676036238,2.3798954045187997,1729821596.0294573
192.99887217644505,1929.9887217644505,2.3683184412758185,1729821596.0406942
193.0334384347,1930.334384347,2.356784979234735,1729821596.0496273
193.06783617264597,1930.6783617264596,2.345294984281479,1729821596.0596454
193.10206602728067,1931.0206602728067,2.3338484208922208,1729821596.0696461
193.13612863506035,1931.3612863506035,2.322445252147688,1729821596.079649
193.1700246318795,1931.700246318795,2.3110854397475022,1729821596.0896919
193.20375465305082,1932.0375465305083,2.299768944024471,1729821596.0998085
193.2373193332854,1932.373193332854,2.288495723958883,1729821596.10964
193.27071930667307,1932.7071930667307,2.277265737192749,1729821596.119672
193.303955206663,1933.03955206663,2.2660789400440335,1729821596.1296344
193.3370276660445,1933.370276660445,2.254935287520872,1729821596.1397257
193.36993731692792,1933.6993731692792,2.2438347333357425,1729821596.1497362
193.40268479072597,1934.0268479072597,2.232777229919623,1729821596.1595953
193.43527071813511,1934.3527071813512,2.2217627284361128,1729821596.169648
193.46769572911717,1934.6769572911717,2.2107911787955,1729821596.179532
193.49996045288106,1934.9996045288106,2.199862529668829,1729821596.1894953
193.53206551786496,1935.3206551786498,2.188976728501943,1729821596.1997786
193.56401155171852,1935.6401155171852,2.1781337215294285,1729821596.2096303
193.5957991812852,1935.957991812852,2.167333453788585,1729821596.2196045
193.627429032585,1936.2742903258502,2.156575869133339,1729821596.2296271
193.65890173079734,1936.5890173079733,2.1458609102481048,1729821596.2397158
193.690217900244,1936.9021790024399,2.1351885186616086,1729821596.249747
193.72137816437242,1937.2137816437244,2.124558634760685,1729821596.2597234
193.75238314573926,1937.5238314573926,2.1139711978040263,1729821596.2697134
193.78323346599385,1937.8323346599384,2.103426145935854,1729821596.2795208
193.81392974586223,1938.1392974586222,2.0929234161996173,1729821596.2896214
193.84447260513107,1938.4447260513107,2.082462944551551,1729821596.299735
193.87486266263204,1938.7486266263204,2.0720446658742744,1729821596.3097072
193.90510053622617,1939.0510053622618,2.061668513990289,1729821596.3196921
193.93518684278857,1939.3518684278856,2.0513344216754237,1729821596.3296328
193.96512219819317,1939.6512219819317,2.041042320672268,1729821596.3395708
193.9949072172979,1939.949072172979,2.0307921417035284,1729821596.3496647
194.02454251392982,1940.2454251392983,2.020583814485318,1729821596.3596718
194.0540287008706,1940.540287008706,2.0104172677404306,1729821596.3696392
194.0833663898421,1940.833663898421,2.000292429211512,1729821596.3794353
194.1125561914923,1941.125561914923,1.9902092256742328,1729821596.3896654
194.14159871538115,1941.4159871538116,1.9801675829503398,1729821596.3996463
194.1704945699669,1941.704945699669,1.9701674259207205,1729821596.4095788
194.19924436259242,1941.9924436259244,1.9602086785383395,1729821596.4197044
194.2278486994718,1942.278486994718,1.950291263841176,1729821596.4297335
194.2563081856771,1942.563081856771,1.9404151039650652,1729821596.4396029
194.2846234251254,1942.846234251254,1.9305801201564772,1729821596.4496405
194.3127950205658,1943.127950205658,1.9207862327852676,1729821596.4596436
194.3408235735668,1943.408235735668,1.9110333613573292,1729821596.4697077
194.36870968450393,1943.6870968450394,1.901321424527214,1729821596.4794126
194.39645395254723,1943.9645395254724,1.891650340110647,1729821596.489573
194.42405697564934,1944.2405697564934,1.8820200250970287,1729821596.4999266
194.4515193505334,1944.515193505334,1.8724303956618402,1729821596.5096414
194.4788416726814,1944.788416726814,1.8628813671789834,1729821596.519609
194.50602453632257,1945.0602453632257,1.853372854233077,1729821596.5304863
194.533068534422,1945.33068534422,1.8439047706316454,1729821596.5396762
194.55997425866934,1945.5997425866935,1.8344770294172785,1729821596.5497453
194.5867422994679,1945.867422994679,1.8250895428797302,1729821596.5596595
194.6133732459236,1946.1337324592362,1.8157422225678945,1729821596.569608
194.63986768583453,1946.3986768583454,1.8064349793017658,1729821596.5795133
194.66622620568015,1946.6622620568014,1.797167723184312,1729821596.589677
194.69244939061116,1946.9244939061116,1.7879403636132767,1729821596.599672
194.7185378244392,1947.185378244392,1.7787528092928926,1729821596.6096447
194.744492089627,1947.4449208962699,1.7696049682455839,1729821596.619603
194.77031276727828,1947.7031276727828,1.760496747823502,1729821596.6297352
194.79600043712844,1947.9600043712844,1.7514280547200953,1729821596.639637
194.8215556775348,1948.215556775348,1.7423987949815163,1729821596.6496432
194.84697906546737,1948.4697906546737,1.733408874018005,1729821596.6596346
194.87227117649965,1948.7227117649966,1.7244581966152128,1729821596.669656
194.89743258479973,1948.9743258479973,1.7155466669454014,1729821596.679578
194.92246386312135,1949.2246386312136,1.7066741885786008,1729821596.6895766
194.94736558279527,1949.4736558279528,1.6978406644936963,1729821596.699636
194.9721383137208,1949.7213831372078,1.68904599708944,1729821596.7096832
194.99678262435734,1949.9678262435734,1.6802900881953593,1729821596.7196357
195.0212990817163,1950.212990817163,1.6715728390826405,1729821596.7293973
195.04568825135308,1950.456882513531,1.6628941504748993,1729821596.7397382
195.06995069735908,1950.6995069735908,1.6542539225588704,1729821596.749632
195.09408698235407,1950.9408698235407,1.6456520549950624,1729821596.7602906
195.11809766747862,1951.1809766747863,1.6370884469282951,1729821596.769634
195.14198331238669,1951.4198331238667,1.6285629969981943,1729821596.7795
195.16574447523834,1951.6574447523835,1.6200756033495707,1729821596.7896013
195.18938171269264,1951.8938171269265,1.6116261636427605,1729821596.7996588
195.21289557990073,1952.1289557990074,1.6032145750638906,1729821596.8099027
195.236286630499,1952.36286630499,1.5948407343350168,1729821596.8195956
195.25955541660244,1952.5955541660244,1.5865045377242573,1729821596.8297195
195.28270248879812,1952.8270248879812,1.578205881055767,1729821596.8397064
195.30572839613885,1953.0572839613885,1.5699446597197269,1729821596.849621
195.32863368613687,1953.2863368613687,1.5617207686821781,1729821596.8595734
195.35141890475794,1953.5141890475793,1.5535341024948344,1729821596.869717
195.37408459641523,1953.7408459641524,1.5453845553047532,1729821596.8795135
195.39663130396363,1953.9663130396364,1.5372720208640138,1729821596.8896859
195.41905956869408,1954.190595686941,1.5291963925392529,1729821596.899683
195.44136993032805,1954.4136993032805,1.5211575633211303,1729821596.9095836
195.46356292701213,1954.6356292701214,1.513155425833753,1729821596.9196362
195.48563909531285,1954.8563909531285,1.50518987234399,1729821596.929505
195.50759897021152,1955.0759897021153,1.4972607947707206,1729821596.9396524
195.5294430850993,1955.294430850993,1.489368084693996,1729821596.9496374
195.55117197177236,1955.5117197177237,1.4815116333641405,1729821596.959667
195.57278616042717,1955.7278616042718,1.4736913317107585,1729821596.9696379
195.5942861796559,1955.942861796559,1.4659070703516703,1729821596.979539
195.61567255644204,1956.1567255644204,1.4581587396017794,1729821596.9897385
195.636945816156,1956.3694581615598,1.450446229481853,1729821596.9996696
195.65810648255098,1956.5810648255097,1.4427694297272207,1729821597.009638
195.67915507775894,1956.7915507775892,1.435128229796406,1729821597.0195892
195.70009212228658,1957.0009212228658,1.427522518879687,1729821597.0296614
195.72091813501163,1957.2091813501163,1.4199521859075541,1729821597.0396698
195.74163363317908,1957.4163363317907,1.4124171195591049,1729821597.0496426
195.7622391323976,1957.622391323976,1.40491720827039,1729821597.0597105
195.78273514663624,1957.8273514663624,1.3974523402426473,1729821597.0696824
195.80312218822093,1958.0312218822091,1.3900224034504478,1729821597.0796633
195.82340076783137,1958.2340076783137,1.3826272856498156,1729821597.0895956
195.84357139449793,1958.4357139449794,1.3752668743862269,1729821597.0997417
195.86363457559867,1958.6363457559867,1.3679410570025676,1729821597.109622
195.88359081685647,1958.8359081685646,1.360649720646975,1729821597.119656
195.90344062233635,1959.0344062233635,1.3533927522806386,1729821597.129438
195.92318449444272,1959.2318449444272,1.3461700386855049,1729821597.139641
195.94282293391703,1959.4282293391702,1.338981466471942,1729821597.1496162
195.9623564398352,1959.6235643983518,1.3318269220862553,1729821597.159533
195.9817855096054,1959.817855096054,1.3247062918182233,1729821597.1696408
196.0011106389659,1960.011106389659,1.3176194618084849,1729821597.1796682
196.02033232198295,1960.2033232198296,1.3105663180558795,1729821597.1896162
196.03945105104873,1960.3945105104872,1.3035467464247215,1729821597.1996408
196.05846731687964,1960.5846731687964,1.296560632651992,1729821597.2104928
196.07738160851443,1960.7738160851443,1.2896078623544436,1729821597.2195892
196.09619441331256,1960.9619441331256,1.2826883210356548,1729821597.229649
196.11490621695265,1961.1490621695266,1.2758018940929996,1729821597.2396858
196.13351750343102,1961.3351750343102,1.2689484668245483,1729821597.249722
196.15202875506034,1961.5202875506034,1.2621279244358834,1729821597.2596364
196.17044045246837,1961.7044045246837,1.2553401520468745,1729821597.2696314
196.18875307459678,1961.8875307459678,1.2485850346983294,1729821597.279565
196.20696709870012,1962.0696709870012,1.2418624573586334,1729821597.28957
196.22508300034485,1962.2508300034485,1.2351723049302605,1729821597.2996616
196.24310125340844,1962.4310125340844,1.2285144622562636,1729821597.3095605
196.2610223300786,1962.610223300786,1.2218888141266606,1729821597.3195875
196.2788467008526,1962.788467008526,1.2152952452847656,1729821597.3294172
196.29657483453676,1962.9657483453675,1.208733640433429,1729821597.3397255
196.31420719824575,1963.1420719824575,1.2022038842412246,1729821597.3496459
196.3317442574024,1963.317442574024,1.195705861348603,1729821597.3597426
196.34918647573718,1963.4918647573718,1.1892394563738828,1729821597.3696077
196.36653431528816,1963.6653431528816,1.1828045539192629,1729821597.3797648
196.38378823640065,1963.8378823640064,1.1764010385767185,1729821597.3895812
196.4009486977273,1964.009486977273,1.1700287949338608,1729821597.3996167
196.41801615622805,1964.1801615622805,1.1636877075796739,1729821597.409667
196.43499106717024,1964.3499106717024,1.1573776611102562,1729821597.4195979
196.45187388412884,1964.5187388412885,1.1510985401344338,1729821597.4296339
196.4686650589866,1964.686650589866,1.1448502292793328,1729821597.439626
196.48536504193456,1964.8536504193455,1.1386326131959161,1729821597.4495509
196.50197428147234,1965.0197428147235,1.1324455765643626,1729821597.4596674
196.51849322440876,1965.1849322440876,1.126289004099497,1729821597.4696026
196.53492231586233,1965.3492231586233,1.120162780556059,1729821597.479381
196.55126199926198,1965.5126199926199,1.1140667907339554,1729821597.489598
196.56751271634778,1965.6751271634778,1.1080009194834477,1729821597.4997103
196.58367490717168,1965.836749071717,1.101965051710239,1729821597.5095837
196.59974901009858,1965.9974901009857,1.0959590723805674,1729821597.519708
196.61573546180705,1966.1573546180705,1.0899828665261189,1729821597.5294836
196.63163469729056,1966.3163469729056,1.0840363192490332,1729821597.5396233
196.64744714985852,1966.4744714985852,1.0781193157266915,1729821597.549717
196.66317325113744,1966.6317325113744,1.0722317412165512,1729821597.559651
196.67881343107211,1966.788134310721,1.0663734810608516,1729821597.5696433
196.69436811792707,1966.9436811792707,1.0605444206913321,1729821597.5795293
196.70983773828786,1967.0983773828787,1.0547444456337973,1729821597.5896733
196.7252227170625,1967.252227170625,1.0489734415126768,1729821597.5997488
196.74052347748304,1967.4052347748304,1.0432312940555302,1729821597.6098678
196.75574044110706,1967.5574044110706,1.0375178890974683,1729821597.6195455
196.77087402781942,1967.7087402781942,1.031833112585511,1729821597.629691
196.78592465583387,1967.8592465583388,1.0261768505829099,1729821597.6397388
196.80089274169484,1968.0089274169484,1.0205489892733879,1729821597.6496718
196.8157787002793,1968.1577870027932,1.0149494149653484,1729821597.6599967
196.83058294479866,1968.3058294479865,1.0093780140959914,1729821597.6696882
196.84530588680062,1968.453058868006,1.0038346732353935,1729821597.6795118
196.85994793617127,1968.5994793617126,0.9983192790905426,1729821597.689654
196.87450950113714,1968.7450950113714,0.9928317185092772,1729821597.7002604
196.8889909882673,1968.889909882673,0.9873718784842072,1729821597.709587
196.9033928024756,1969.0339280247558,0.9819396461565613,1729821597.719584
196.91771534702278,1969.1771534702277,0.9765349088199478,1729821597.7294693
196.9319590235189,1969.319590235189,0.9711575539241593,1729821597.7395809
196.94612423192567,1969.4612423192566,0.9658074690787894,1729821597.7496367
196.96021137055865,1969.6021137055866,0.960484542056887,1729821597.7598422
196.97422083608998,1969.7422083609,0.9551886607985529,1729821597.7697582
196.98815302355072,1969.8815302355072,0.9499197134144217,1729821597.7794924
197.00200832633342,1970.0200832633343,0.9446775881891472,1729821597.789603
197.01578713619475,1970.1578713619474,0.9394621735848161,1729821597.799615
197.02948984325812,1970.2948984325812,0.9342733582443112,1729821597.809808
197.0431168360164,1970.431168360164,0.9291110309946133,1729821597.8195937
197.0566685013347,1970.566685013347,0.9239750808500786,1729821597.8296816
197.0701452244531,1970.701452244531,0.9188653970155971,1729821597.8397326
197.08354738898956,1970.8354738898956,0.9137818688898203,1729821597.8496974
197.0968753769427,1970.9687537694272,0.9087243860682004,1729821597.8597417
197.11012956869487,1971.1012956869488,0.9036928383460778,1729821597.8697453
197.12331034301502,1971.23310343015,0.8986871157216885,1729821597.879539
197.1364180770618,1971.3641807706178,0.8937071083991053,1729821597.8895504
197.1494531463865,1971.4945314638649,0.8887527067911427,1729821597.8998184
197.16241592493628,1971.624159249363,0.8838238015222504,1729821597.9096303
197.17530678505727,1971.7530678505727,0.8789202834312806,1729821597.9195952
197.18812609749776,1971.8812609749775,0.8740420435742773,1729821597.9295008
197.20087423141138,1972.0087423141138,0.8691889732271707,1729821597.9399364
197.21355155436044,1972.1355155436045,0.8643609638884722,1729821597.9496284
197.22615843231915,1972.2615843231915,0.8595579072818782,1729821597.95962
197.23869522967706,1972.3869522967707,0.8547796953588587,1729821597.9696162
197.25116230924235,1972.5116230924234,0.8500262203011757,1729821597.9794688
197.26356003224527,1972.6356003224528,0.8452973745233758,1729821597.9896376
197.2758887583416,1972.758887583416,0.8405930506752344,1729821597.9996524
197.28814884561615,1972.8814884561616,0.8359131416441481,1729821598.00973
197.30034065058624,1973.0034065058624,0.8312575405574925,1729821598.0196207
197.31246452820528,1973.1246452820528,0.8266261407849149,1729821598.0295064
197.32452083186638,1973.2452083186638,0.8220188359406193,1729821598.0396137
197.33650991340588,1973.3650991340587,0.8174355198855738,1729821598.0496323
197.3484321231071,1973.4843212310711,0.8128760867297138,1729821598.0596373
197.360287809704,1973.60287809704,0.80834043083405,1729821598.06965
197.37207732038488,1973.7207732038487,0.8038284468127794,1729821598.0796838
197.38380100079607,1973.8380100079607,0.7993400295353399,1729821598.0896833
197.3954591950458,1973.9545919504578,0.7948750741284338,1729821598.099718
197.40705224570792,1974.0705224570793,0.7904334759779927,1729821598.1096988
197.4185804938258,1974.1858049382581,0.7860151307311045,1729821598.1196191
197.43004427891617,1974.3004427891617,0.7816199342979231,1729821598.129635
197.44144393897295,1974.4144393897295,0.777247782853498,1729821598.1397297
197.4527798104712,1974.527798104712,0.7728985728396256,1729821598.1496623
197.46405222837112,1974.640522283711,0.7685722009666001,1729821598.1596484
197.4752615261219,1974.752615261219,0.76426856421496,1729821598.1695828
197.48640803566576,1974.8640803566577,0.7599875598371724,1729821598.1794662
197.497492087442,1974.97492087442,0.7557290853593428,1729821598.1895933
197.50851401039097,1975.0851401039097,0.7514930385827898,1729821598.1996138
197.5194741319582,1975.194741319582,0.7472793175856665,1729821598.20961
197.5303727780984,1975.303727780984,0.7430878207244915,1729821598.2195911
197.5412102732797,1975.412102732797,0.738918446635688,1729821598.2296789
197.55198694048752,1975.5198694048752,0.73477109423705,1729821598.2397459
197.56270310122906,1975.6270310122907,0.7306456627292088,1729821598.2496471
197.5733590755372,1975.733590755372,0.7265420515970145,1729821598.2596633
197.58395518197486,1975.8395518197485,0.722460160610932,1729821598.2696567
197.594491737639,1975.94491737639,0.7183998898283774,1729821598.2794576
197.6049690581651,1976.049690581651,0.7143611395950518,1729821598.2896466
197.61538745773123,1976.1538745773123,0.7103438105461755,1729821598.30041
197.6257472490624,1976.2574724906242,0.7063478036077515,1729821598.3095248
197.63604874343483,1976.3604874343482,0.7023730199977769,1729821598.3196306
197.64629225068015,1976.4629225068015,0.6984193612274221,1729821598.3295527
197.65647807918987,1976.5647807918986,0.6944867291021715,1729821598.339682
197.66660653591964,1976.6660653591964,0.690575025722937,1729821598.349627
197.67667792639358,1976.7667792639359,0.6866841534871315,1729821598.3599625
197.68669255470869,1976.8669255470868,0.6828140150897428,1729821598.3697
197.6966507235392,1976.9665072353919,0.678964513524329,1729821598.3794963
197.70655273414096,1977.0655273414095,0.6751355520840163,1729821598.3897321
197.71639888635585,1977.1639888635584,0.6713270343624731,1729821598.3996856
197.72618947861622,1977.2618947861622,0.6675388642548312,1729821598.4096878
197.73592480794932,1977.3592480794932,0.6637709459585799,1729821598.4196212
197.7456051699817,1977.456051699817,0.6600231839744466,1729821598.4296472
197.7552308589438,1977.552308589438,0.6562954831072427,1729821598.439617
197.76480216767425,1977.6480216767425,0.6525877484666469,1729821598.4497426
197.77431938762444,1977.7431938762445,0.6488998854680541,1729821598.4596112
197.78378280886307,1977.8378280886307,0.6452317998332826,1729821598.4696755
197.79319272008053,1977.9319272008051,0.6415833975913219,1729821598.4796433
197.8025494085935,1978.025494085935,0.637954585079036,1729821598.4896295
197.8118531603495,1978.118531603495,0.6343452689418547,1729821598.499834
197.8211042599313,1978.211042599313,0.6307553561344021,1729821598.5097094
197.83030299056165,1978.3030299056165,0.6271847539211488,1729821598.5197027
197.8394496341076,1978.394496341076,0.6236333698769694,1729821598.529553
197.84854447108535,1978.4854447108535,0.6201011118877786,1729821598.5396688
197.8575877806645,1978.575877806645,0.6165878881510127,1729821598.5496778
197.86657984067287,1978.6657984067288,0.6130936071762156,1729821598.5600095
197.875520927601,1978.75520927601,0.6096181777854883,1729821598.5696394
197.88441131660673,1978.8441131660672,0.6061615091139969,1729821598.5794854
197.8932512815198,1978.9325128151982,0.6027235106104061,1729821598.5896606
197.90204109484648,1979.0204109484648,0.5993040920373107,1729821598.5995655
197.91078102777416,1979.1078102777417,0.5959031634716534,1729821598.609703
197.919471350176,1979.19471350176,0.5925206353050725,1729821598.6196177
197.92811233061545,1979.2811233061545,0.5891564182442859,1729821598.629633
197.93670423635103,1979.3670423635103,0.5858104233114374,1729821598.6396832
197.94524733334083,1979.4524733334083,0.5824825618443721,1729821598.6496851
197.9537418862472,1979.537418862472,0.5791727454969613,1729821598.65962
197.96218815844142,1979.6218815844143,0.5758808862393567,1729821598.6695712
197.97058641200823,1979.7058641200824,0.5726068963582303,1729821598.679443
197.97893690775064,1979.7893690775063,0.5693506884570403,1729821598.6895733
197.9872399051944,1979.872399051944,0.5661121754561704,1729821598.7005832
197.99549566259282,1979.9549566259282,0.5628912705931906,1729821598.709635
198.0037044369313,1980.0370443693128,0.5596878874229545,1729821598.71966
198.011866483932,1980.11866483932,0.5565019398177955,1729821598.729574
198.01998205805864,1980.1998205805864,0.5533333419676238,1729821598.7397385
198.02805141252097,1980.2805141252097,0.5501820083800353,1729821598.7497184
198.03607479927948,1980.3607479927948,0.5470478538803962,1729821598.7597055
198.04405246905014,1980.4405246905014,0.5439307936119415,1729821598.769691
198.05198467130901,1980.5198467130901,0.5408307430357691,1729821598.7795653
198.05987165429693,1980.5987165429692,0.5377476179309197,1729821598.7896774
198.0677136650241,1980.6771366502408,0.534681334394342,1729821598.799832
198.07551094927481,1980.755109492748,0.531631808840936,1729821598.809787
198.08326375161215,1980.8326375161214,0.52859895800349,1729821598.8195624
198.09097231538257,1980.9097231538258,0.5255826989326642,1729821598.8296816
198.09863688272063,1980.9863688272062,0.5225829489969089,1729821598.8395476
198.10625769455356,1981.0625769455355,0.5195996258823992,1729821598.8496983
198.11383499060602,1981.1383499060603,0.5166326475929526,1729821598.8597345
198.12136900940467,1981.2136900940468,0.5136819324499107,1729821598.869649
198.12885998828293,1981.2885998828292,0.5107473990920144,1729821598.879623
198.13630816338554,1981.3630816338555,0.5078289664752496,1729821598.8897402
198.1437137696732,1981.4371376967322,0.5049265538727012,1729821598.8997228
198.15107704092736,1981.5107704092736,0.502040080874401,1729821598.9096413
198.1583982097547,1981.583982097547,0.49916946738709767,1729821598.919616
198.16567750759182,1981.6567750759182,0.49631463363406736,1729821598.9295268
198.17291516470993,1981.7291516470993,0.4934755001549198,1729821598.9396374
198.18011141021947,1981.8011141021948,0.4906519878053479,1729821598.9497247
198.1872664720747,1981.872664720747,0.4878440177568577,1729821598.959694
198.19438057707836,1981.9438057707837,0.48505151149653214,1729821598.9696376
198.2014539508863,1982.014539508863,0.48227439082675394,1729821598.9794185
198.20848681801206,1982.0848681801206,0.47951257786491075,1729821598.9896593
198.21547940183157,1982.1547940183157,0.47676599504309136,1729821598.9996202
198.22243192458762,1982.2243192458764,0.47403456510775177,1729821599.009612
198.22934460739464,1982.2934460739464,0.4713182111194292,1729821599.0195837
198.23621767024318,1982.3621767024317,0.46861685645234585,1729821599.0297413
198.2430513320045,1982.430513320045,0.46593042479407165,1729821599.03971
198.24984581043526,1982.4984581043527,0.4632588401451865,1729821599.049632
198.256601322182,1982.56601322182,0.46060202681886464,1729821599.0597157
198.2633180827858,1982.6331808278578,0.4579599094404663,1729821599.0695846
198.26999630668675,1982.6999630668674,0.4553324129471821,1729821599.079696
198.27663620722868,1982.7663620722867,0.452719462587575,1729821599.0897033
198.28323799666356,1982.8323799666355,0.4501209839211593,1729821599.0996904
198.2898018861561,1982.898018861561,0.44753690281796876,1729821599.1096978
198.29632808578842,1982.9632808578842,0.44496714545811633,1729821599.11971
198.30281680456434,1983.0281680456435,0.44241163833128594,1729821599.1297092
198.30926825041416,1983.0926825041415,0.4398703082363151,1729821599.1395872
198.31568263019906,1983.1568263019906,0.43734308228067276,1729821599.1495924
198.32206014971564,1983.2206014971564,0.4348298878799777,1729821599.1595767
198.32840101370044,1983.2840101370043,0.43233065275748706,1729821599.1696057
198.33470542583447,1983.3470542583448,0.4298453049435884,1729821599.1794863
198.34097358874763,1983.4097358874762,0.4273737727752649,1729821599.189666
198.3472057040233,1983.472057040233,0.4249159848955748,1729821599.1999497
198.35340197220276,1983.5340197220276,0.42247187025307964,1729821599.2096224
198.35956259278962,1983.5956259278962,0.42004135810132004,1729821599.219693
198.3656877642544,1983.656877642544,0.41762437799824914,1729821599.2296364
198.3717776840389,1983.717776840389,0.4152208598056215,1729821599.2396793
198.3778325485607,1983.778325485607,0.412830733688462,1729821599.2496028
198.3838525532175,1983.838525532175,0.4104539301144352,1729821599.2596712
198.3898378923917,1983.898378923917,0.4080903798532698,1729821599.2696927
198.3957887594547,1983.957887594547,0.4057400139761529,1729821599.2794316
198.4017053467713,1984.0170534677131,0.40340276385509766,1729821599.289587
198.4075878457043,1984.075878457043,0.4010785611623251,1729821599.2996838
198.41343644661865,1984.1343644661865,0.3987673378696228,1729821599.3096197
198.4192513388859,1984.1925133888592,0.39646902624773217,1729821599.3197048
198.42503271088873,1984.2503271088872,0.39418355886567324,1729821599.3297567
198.4307807500251,1984.3078075002509,0.3919108685901018,1729821599.339717
198.43649564271269,1984.3649564271268,0.38965088858463437,1729821599.3497014
198.44217757439333,1984.4217757439333,0.3874035523092103,1729821599.3596685
198.44782672953724,1984.4782672953725,0.38516879351936373,1729821599.3695834
198.45344329164735,1984.5344329164734,0.38294654626557323,1729821599.3794749
198.45902744326366,1984.5902744326368,0.3807367448925816,1729821599.38961
198.46457936596755,1984.6457936596755,0.3785393240386532,1729821599.3996608
198.470099240386,1984.7009924038598,0.3763542186349169,1729821599.409608
198.47558724619597,1984.7558724619598,0.3741813639046394,1729821599.419646
198.48104356212863,1984.8104356212864,0.37202069536248095,1729821599.429661
198.48646836597365,1984.8646836597366,0.3698721488138186,1729821599.4396293
198.49186183458337,1984.9186183458337,0.3677356603539699,1729821599.4496458
198.49722414387713,1984.9722414387713,0.3656111663675019,1729821599.4596596
198.5025554688455,1985.0255546884548,0.363498603527471,1729821599.4696715
198.5078559835544,1985.0785598355442,0.36139790879465705,1729821599.4794974
198.5131258611495,1985.131258611495,0.3593090194168389,1729821599.4896424
198.51836527386016,1985.1836527386015,0.3572318729280304,1729821599.4996843
198.52357439300386,1985.2357439300386,0.3551664071477183,1729821599.509688
198.52875338899025,1985.2875338899025,0.3531125601800791,1729821599.5196836
198.53390243132532,1985.339024313253,0.3510702704132149,1729821599.5296903
198.53902168861558,1985.3902168861557,0.34903947651840417,1729821599.5395913
198.54411132857217,1985.4411132857217,0.3470201174492664,1729821599.5496
198.54917151801504,1985.4917151801505,0.3450121324410236,1729821599.559632
198.55420242287704,1985.5420242287705,0.3430154610096774,1729821599.569621
198.559204208208,1985.59204208208,0.3410300429512225,1729821599.5796025
198.56417703817885,1985.6417703817885,0.33905581834085075,1729821599.5895658
198.56912107608576,1985.6912107608578,0.3370927275321569,1729821599.6002736
198.57403648435408,1985.7403648435409,0.33514071115628097,1729821599.6095536
198.57892342454252,1985.7892342454252,0.3331997101211708,1729821599.619712
198.58378205734712,1985.8378205734712,0.33126966561070104,1729821599.629559
198.58861254260538,1985.8861254260537,0.32935051908389523,1729821599.639709
198.59341503930014,1985.9341503930013,0.3274422122740588,1729821599.649833
198.59818970556373,1985.9818970556373,0.3255446871879992,1729821599.6596565
198.60293669868187,1986.0293669868188,0.32365788610517,1729821599.6697533
198.60765617509773,1986.0765617509774,0.321781751576832,1729821599.6795304
198.61234829041584,1986.1234829041584,0.31991622642523465,1729821599.6896644
198.6170131994061,1986.170131994061,0.31806125374275807,1729821599.6996417
198.62165105600772,1986.2165105600773,0.31621677689107264,1729821599.7098835
198.62626201333316,1986.2626201333317,0.31438273950029894,1729821599.719693
198.630846223672,1986.30846223672,0.31255908546814615,1729821599.7296667
198.6354038384949,1986.354038384949,0.31074575895908607,1729821599.7396917
198.63993500845757,1986.3993500845756,0.30894270440347205,1729821599.7498043
198.64443988340452,1986.4443988340452,0.30714986649668097,1729821599.7596304
198.648918612373,1986.48918612373,0.30536719019826597,1729821599.7697322
198.65337134359686,1986.5337134359686,0.3035946207310949,1729821599.7795613
198.65779822451043,1986.5779822451043,0.3018321035804816,1729821599.7896373
198.6621994017523,1986.621994017523,0.3000795844933104,1729821599.7996733
198.6665750211692,1986.6657502116918,0.29833700947718134,1729821599.8096232
198.67092522781974,1986.7092522781973,0.2966043247995187,1729821599.819739
198.67525016597827,1986.7525016597826,0.29488147698672007,1729821599.8294163
198.6795499791386,1986.7954997913862,0.293168412823277,1729821599.8397005
198.68382481001794,1986.8382481001795,0.2914650793508975,1729821599.8498232
198.68807480056037,1986.8807480056037,0.28977142386760013,1729821599.8602479
198.6923000919409,1986.9230009194089,0.2880873939268791,1729821599.8696864
198.69650082456894,1986.9650082456894,0.2864129373367805,1729821599.8795235
198.7006771380922,1987.0067713809221,0.28474800215905693,1729821599.8896463
198.70482917140035,1987.0482917140034,0.2830925367082595,1729821599.8996298
198.70895706262866,1987.0895706262866,0.28144648955084284,1729821599.909631
198.7130609491617,1987.130609491617,0.2798098095042998,1729821599.9196475
198.7171409676371,1987.171409676371,0.2781824456362787,1729821599.9296212
198.72119725394913,1987.2119725394914,0.2765643472636472,1729821599.9396956
198.72522994325226,1987.2522994325227,0.2749554639516485,1729821599.9496737
198.72923916996498,1987.29239169965,0.273355745513006,1729821599.9598086
198.73322506777325,1987.3322506777324,0.27176514200699087,1729821599.969625
198.7371877696342,1987.371877696342,0.27018360373858696,1729821599.9795408
198.7411274077797,1987.4112740777969,0.2686110812575353,1729821599.9896514
198.74504411371984,1987.4504411371984,0.2670475253574902,1729821599.9996707
198.74893801824672,1987.4893801824671,0.2654928870750921,1729821600.0095413
198.75280925143772,1987.5280925143772,0.26394711768907575,1729821600.019672
198.75665794265927,1987.5665794265929,0.2624101687193998,1729821600.029582
198.76048422057025,1987.6048422057024,0.26088199192630546,1729821600.039693
198.76428821312552,1987.6428821312552,0.2593625393094494,1729821600.0505428
198.7680700475795,1987.680700475795,0.2578517631069963,1729821600.0596216
198.77182985048947,1987.7182985048946,0.25634961579471094,1729821600.0696716
198.77556774771926,1987.7556774771926,0.2548560500850985,1729821600.0796115
198.77928386444256,1987.7928386444255,0.25337101892644176,1729821600.0896063
198.78297832514642,1987.829783251464,0.25189447550196453,1729821600.0997536
198.78665125363466,1987.8665125363466,0.2504263732288936,1729821600.109605
198.79030277303133,1987.9030277303132,0.2489666657575742,1729821600.1195636
198.79393300578408,1987.9393300578408,0.24751530697056578,1729821600.1296816
198.79754207366756,1987.9754207366755,0.24607225098174146,1729821600.139711
198.8011300977868,1988.011300977868,0.2446374521354051,1729821600.1496243
198.80469719858058,1988.0469719858058,0.2432108650053677,1729821600.1595562
198.80824349582477,1988.0824349582476,0.24179244439406622,1729821600.1695855
198.8117691086357,1988.117691086357,0.24038214533167723,1729821600.1795158
198.81527415547347,1988.1527415547348,0.23897992307517368,1729821600.1895885
198.81875875414525,1988.1875875414526,0.23758573310747755,1729821600.1996632
198.82222302180858,1988.2222302180858,0.2361995311365379,1729821600.2096627
198.8256670749747,1988.256670749747,0.234821273094441,1729821600.2195861
198.82909102951172,1988.290910295117,0.23345091513651672,1729821600.22963
198.83249500064807,1988.3249500064808,0.23208841364044153,1729821600.2397234
198.83587910297553,1988.3587910297551,0.23073372520532365,1729821600.2496705
198.83924345045264,1988.3924345045264,0.22938680665085576,1729821600.2596283
198.8425881564078,1988.425881564078,0.2280476150163646,1729821600.2696931
198.84591333354254,1988.4591333354253,0.2267161075599815,1729821600.279462
198.84921909393472,1988.4921909393472,0.2253922417576919,1729821600.289666
198.8525055490417,1988.525055490417,0.22407597530247747,1729821600.2997034
198.85577280970347,1988.5577280970347,0.22276726610341724,1729821600.3095672
198.85902098614585,1988.5902098614586,0.2214660722848083,1729821600.319585
198.86225018798365,1988.6225018798364,0.22017235218526876,1729821600.3294883
198.86546052422375,1988.6546052422375,0.2188860643568531,1729821600.3396635
198.86865210326826,1988.6865210326825,0.2176071675641622,1729821600.3495896
198.8718250329176,1988.718250329176,0.2163356207834659,1729821600.359847
198.8749794203736,1988.749794203736,0.21507138320181474,1729821600.3696115
198.87811537224258,1988.7811537224256,0.21381441421615888,1729821600.3795264
198.8812329945384,1988.8123299453841,0.21256467343246355,1729821600.389621
198.88433239268556,1988.8433239268556,0.21132212066484035,1729821600.3997529
198.88741367152215,1988.8741367152215,0.210086715934652,1729821600.409653
198.89047693530298,1988.90476935303,0.20885841946966144,1729821600.4195743
198.89352228770252,1988.9352228770254,0.20763719170311523,1729821600.4299614
198.89654983181796,1988.9654983181797,0.20642299327291047,1729821600.4395838
198.89955967017212,1988.9955967017213,0.20521578502068172,1729821600.4496186
198.90255190471652,1989.0255190471653,0.20401552799097855,1729821600.4596508
198.90552663683422,1989.0552663683422,0.20282218343034009,1729821600.4696574
198.90848396734296,1989.0848396734295,0.20163571278647963,1729821600.4796286
198.91142399649786,1989.1142399649787,0.20045607770736273,1729821600.4896324
198.91434682399455,1989.1434682399454,0.1992832400403972,1729821600.4997869
198.917252548972,1989.1725254897199,0.19811716183152006,1729821600.5095637
198.92014127001534,1989.2014127001535,0.19695780532435725,1729821600.5196645
198.9230130851589,1989.2301308515891,0.19580513295938173,1729821600.5295415
198.92586809188901,1989.2586809188901,0.1946591073730075,1729821600.539659
198.92870638714683,1989.2870638714683,0.19351969139678138,1729821600.5496747
198.93152806733121,1989.3152806733121,0.1923868480564841,1729821600.5604346
198.93433322830163,1989.3433322830163,0.1912605405713168,1729821600.5696418
198.93712196538084,1989.3712196538083,0.19014073235300577,1729821600.5796344
198.93989437335782,1989.398943733578,0.18902738700499233,1729821600.5896611
198.94265054649054,1989.4265054649054,0.1879204683215696,1729821600.5996978
198.94539057850875,1989.4539057850875,0.1868199402870121,1729821600.6096692
198.9481145626167,1989.4811456261668,0.18572576707475674,1729821600.6196005
198.95082259149598,1989.50822591496,0.1846379130465663,1729821600.629675
198.95351475730823,1989.5351475730822,0.18355634275165533,1729821600.6396322
198.95619115169785,1989.5619115169784,0.18248102092588558,1729821600.6496568
198.95885186579477,1989.5885186579476,0.1814119124909115,1729821600.659759
198.9614969902172,1989.614969902172,0.18034898255335774,1729821600.6696532
198.9641266150742,1989.641266150742,0.17929219640394178,1729821600.6796718
198.9667408299685,1989.6674082996851,0.1782415195167082,1729821600.6896107
198.9693397239991,1989.693397239991,0.17719691754815825,1729821600.6996982
198.97192338576397,1989.7192338576397,0.1761583563364293,1729821600.7096794
198.97449190336272,1989.7449190336272,0.17512580190046867,1729821600.7196987
198.97704536439915,1989.7704536439915,0.17409922043920778,1729821600.7306788
198.97958385598395,1989.7958385598395,0.1730785783307609,1729821600.7396243
198.98210746473734,1989.8210746473733,0.1720638421315921,1729821600.7501826
198.98461627679163,1989.8461627679162,0.17105497857568563,1729821600.7598217
198.98711037779378,1989.8711037779378,0.17005195457374844,1729821600.7696097
198.98958985290807,1989.8958985290806,0.16905473721239472,1729821600.7795448
198.99205478681856,1989.9205478681856,0.16806329375333773,1729821600.78966
198.99450526373175,1989.9450526373175,0.16707759163257796,1729821600.7996697
198.9969413673791,1989.969413673791,0.1660975984595896,1729821600.809628
198.99936318101945,1989.9936318101945,0.16512328201652116,1729821600.8196115
199.0017707874417,1990.017707874417,0.16415461025741562,1729821600.829951
199.00416426896726,1990.0416426896727,0.16319155130738272,1729821600.839644
199.0065437074525,1990.0654370745249,0.16223407346180485,1729821600.8496177
199.0089091842913,1990.089091842913,0.16128214518556439,1729821600.8604147
199.01126078041747,1990.1126078041748,0.16033573511221944,1729821600.8697264
199.01359857630726,1990.1359857630725,0.15939481204325245,1729821600.8794513
199.0159226519818,1990.159226519818,0.1584593449472549,1729821600.889628
199.01823308700952,1990.1823308700953,0.15752930295913137,1729821600.8998811
199.02052996050858,1990.2052996050859,0.1566046553793643,1729821600.909642
199.0228133511493,1990.228133511493,0.15568537167317364,1729821600.9195962
199.02508333715656,1990.2508333715655,0.1547714214697975,1729821600.9296262
199.02733999631224,1990.2733999631223,0.15386277456166253,1729821600.9395676
199.02958340595748,1990.2958340595749,0.15295940090363436,1729821600.9496298
199.03181364299516,1990.3181364299517,0.15206127061226615,1729821600.9596665
199.03403078389226,1990.3403078389226,0.15116835396500994,1729821600.96968
199.03623490468215,1990.3623490468215,0.1502806213994261,1729821600.9794717
199.03842608096693,1990.3842608096693,0.14939804351246755,1729821600.989615
199.0406043879198,1990.406043879198,0.14852059105969273,1729821600.9999151
199.04276990028742,1990.4276990028743,0.14764823495450186,1729821601.0095549
199.04492269239205,1990.4492269239204,0.14678094626738725,1729821601.0195975
199.04706283813397,1990.4706283813398,0.14591869622519082,1729821601.0296218
199.04919041099376,1990.4919041099376,0.1450614562103385,1729821601.0395546
199.05130548403454,1990.5130548403454,0.144209197760087,1729821601.0497065
199.05340812990423,1990.5340812990423,0.14336189256579202,1729821601.0597348
199.0554984208378,1990.554984208378,0.14251951247215677,1729821601.0696857
199.05757642865953,1990.5757642865954,0.1416820294764789,1729821601.079628
199.0596422247852,1990.596422247852,0.14084941572794163,1729821601.089615
199.0616958802243,1990.616958802243,0.14002164352684643,1729821601.0999372
199.06373746558234,1990.6373746558234,0.13919868532390067,1729821601.1097233
199.0657670510629,1990.657670510629,0.1383805137194698,1729821601.1196377
199.06778470646992,1990.677847064699,0.13756710146285256,1729821601.1296527
199.06979050120984,1990.6979050120983,0.13675842145155093,1729821601.1396208
199.0717845042937,1990.717845042937,0.13595444673056845,1729821601.1495652
199.07376678433943,1990.7376678433943,0.13515515049167304,1729821601.1596265
199.07573740957383,1990.7573740957382,0.1343605060726598,1729821601.1696668
199.07769644783488,1990.7769644783489,0.13357048695667606,1729821601.179493
199.0796439665737,1990.7964396657371,0.1327850667714574,1729821601.1896772
199.08158003285675,1990.8158003285675,0.13200421928865458,1729821601.1996832
199.0835047133679,1990.835047133679,0.13122791842312997,1729821601.2096179
199.08541807441048,1990.8541807441047,0.1304561382322098,1729821601.219633
199.08732018190952,1990.8732018190951,0.12968885291502508,1729821601.229518
199.08921110141364,1990.8921110141364,0.1289260368117744,1729821601.2396915
199.09109089809715,1990.9109089809715,0.12816766440304006,1729821601.2496727
199.09295963676215,1990.9295963676213,0.12741371030911486,1729821601.2597008
199.09481738184053,1990.9481738184054,0.12666414928928083,1729821601.2696364
199.09666419739602,1990.9666419739601,0.12591895624112182,1729821601.2795107
199.09850014712623,1990.9850014712624,0.12517810619984138,1729821601.289629
199.10032529436458,1991.0032529436457,0.12444157433756997,1729821601.2996738
199.10213970208235,1991.0213970208235,0.12370933596268996,1729821601.3095934
199.10394343289067,1991.0394343289067,0.12298136651916591,1729821601.319675
199.10573654904252,1991.0573654904251,0.12225764158584473,1729821601.3297322
199.10751911243463,1991.0751911243462,0.12153813687578063,1729821601.3396816
199.1092911846095,1991.092911846095,0.12082282823558144,1729821601.3496783
199.11105282675734,1991.1105282675735,0.12011169164472824,1729821601.359666
199.11280409971798,1991.1280409971798,0.1194047032148986,1729821601.3696747
199.1145450639828,1991.1454506398281,0.11870183918932709,1729821601.3795831
199.11627577969674,1991.1627577969673,0.11800307594211246,1729821601.3895836
199.11799630666002,1991.1799630666,0.11730838997756932,1729821601.3999836
199.11970670433024,1991.1970670433025,0.11661775792960105,1729821601.4096115
199.12140703182416,1991.2140703182417,0.11593115656099107,1729821601.4196007
199.12309734791964,1991.2309734791963,0.1152485627627935,1729821601.429656
199.12477771105742,1991.2477771105741,0.11456995355365462,1729821601.4396455
199.1264481793431,1991.264481793431,0.11389530607919651,1729821601.4496434
199.1281088105489,1991.2810881054888,0.1132245976113384,1729821601.4597137
199.12975966211553,1991.2975966211552,0.11255780554768746,1729821601.4696207
199.13140079115405,1991.3140079115406,0.11189490741088148,1729821601.4795158
199.13303225444767,1991.3303225444768,0.11123588084796188,1729821601.4895685
199.1346541084536,1991.3465410845358,0.1105807036297235,1729821601.4996612
199.13626640930477,1991.3626640930477,0.10992935365009116,1729821601.5096574
199.13786921281172,1991.378692128117,0.10928180892549966,1729821601.5196595
199.13946257446437,1991.3946257446437,0.10863804759426854,1729821601.5296555
199.14104654943375,1991.4104654943376,0.10799804791595724,1729821601.5396447
199.14262119257378,1991.4262119257378,0.10736178827076115,1729821601.5496693
199.1441865584231,1991.441865584231,0.10672924715890586,1729821601.5596285
199.1457427012067,1991.457427012067,0.10610040320000058,1729821601.569592
199.14728967483782,1991.4728967483782,0.10547523513243595,1729821601.5793695
199.14882753291954,1991.4882753291954,0.10485372181278718,1729821601.5896783
199.15035632874657,1991.5035632874656,0.10423584221518878,1729821601.5996432
199.15187611530695,1991.5187611530696,0.10362157543073947,1729821601.609606
199.15338694528376,1991.5338694528375,0.10301090066689289,1729821601.619746
199.15488887105684,1991.5488887105685,0.10240379724686433,1729821601.6297333
199.15638194470444,1991.5638194470444,0.10180024460901427,1729821601.6396687
199.15786621800493,1991.5786621800494,0.10120022230628356,1729821601.649678
199.15934174243847,1991.5934174243848,0.10060371000556101,1729821601.6596174
199.16080856918865,1991.6080856918866,0.10001068748712028,1729821601.669686
199.16226674914412,1991.6226674914412,0.09942113464403901,1729821601.6794255
199.16371633290035,1991.6371633290034,0.09883503148159667,1729821601.6896317
199.16515737076114,1991.6515737076113,0.09825235811668298,1729821601.6996746
199.1665899127403,1991.665899127403,0.09767309477723485,1729821601.7095833
199.16801400856332,1991.6801400856332,0.09709722180165548,1729821601.7196019
199.16942970766883,1991.6942970766881,0.09652471963822995,1729821601.7296536
199.17083705921038,1991.7083705921038,0.09595556884458167,1729821601.7396455
199.172236112058,1991.72236112058,0.09538975008704531,1729821601.7497132
199.17362691479963,1991.7362691479962,0.09482724414014632,1729821601.7596786
199.1750095157429,1991.7500951574289,0.0942680318860254,1729821601.7697027
199.17638396291656,1991.7638396291657,0.0937120943138754,1729821601.779591
199.17775030407216,1991.7775030407215,0.09315941251936044,1729821601.7896173
199.1791085866855,1991.791085866855,0.09260996770409013,1729821601.79968
199.18045885795817,1991.8045885795818,0.09206374117504046,1729821601.809625
199.18180116481923,1991.8180116481924,0.09152071434401021,1729821601.819618
199.1831355539266,1991.831355539266,0.09098086872706501,1729821601.829641
199.18446207166858,1991.8446207166858,0.09044418594398485,1729821601.8396149
199.18578076416546,1991.8578076416545,0.08991064771775248,1729821601.8496385
199.18709167727096,1991.8709167727095,0.08938023587395305,1729821601.8599846
199.18839485657372,1991.8839485657372,0.08885293234027136,1729821601.869605
199.18969034739882,1991.8969034739882,0.08832871914595541,1729821601.8795354
199.19097819480925,1991.9097819480926,0.08780757842126397,1729821601.8896668
199.1922584436074,1991.922584436074,0.08728949239694073,1729821601.8997204
199.19353113833645,1991.9353113833645,0.0867744434036708,1729821601.9096024
199.194796323282,1991.9479632328198,0.08626241387157085,1729821601.9197016
199.19605404247326,1991.9605404247327,0.08575338632965268,1729821601.929559
199.1973043396848,1991.973043396848,0.08524734340530626,1729821601.939891
199.19854725843769,1991.9854725843768,0.08474426782375621,1729821601.9496424
199.19978284200113,1991.9978284200113,0.0842441424075715,1729821601.9596465
199.20101113339382,1992.0101113339383,0.08374695007613608,1729821601.9696138
199.2022321753853,1992.0223217538528,0.08325267384511781,1729821601.979569
199.20344601049746,1992.0344601049746,0.08276129682599942,1729821601.9896295
199.20465268100585,1992.0465268100586,0.08227280222550482,1729821601.9996426
199.20585222894115,1992.0585222894115,0.08178717334516383,1729821602.0094962
199.2070446960905,1992.070446960905,0.0813043935807456,1729821602.0196564
199.20823012399882,1992.0823012399883,0.08082444642178954,1729821602.0295153
199.20940855397035,1992.0940855397034,0.08034731545110452,1729821602.0396187
199.21058002706982,1992.1058002706982,0.0798729843442465,1729821602.0496578
199.21174458412395,1992.1174458412395,0.07940143686905143,1729821602.0596337
199.21290226572268,1992.1290226572269,0.07893265688512541,1729821602.0697603
199.2140531122206,1992.140531122206,0.07846662834335616,1729821602.0797236
199.21519716373822,1992.1519716373823,0.07800333528542103,1729821602.0896652
199.21633446016335,1992.1633446016335,0.07754276184330733,1729821602.099675
199.21746504115237,1992.1746504115235,0.0770848922388292,1729821602.109568
199.21858894613152,1992.1858894613151,0.07662971078312841,1729821602.1195965
199.21970621429827,1992.1970621429828,0.07617720187622679,1729821602.129452
199.22081688462262,1992.2081688462263,0.07572735000652164,1729821602.1400564
199.2219209958483,1992.2192099584831,0.0752801397503009,1729821602.1495893
199.22301858649413,1992.2301858649414,0.07483555577130607,1729821602.1596181
199.2241096948553,1992.241096948553,0.07439358282024555,1729821602.1696188
199.22519435900452,1992.2519435900451,0.07395420573430611,1729821602.1795058
199.2262726167935,1992.262726167935,0.07351740943671414,1729821602.1896381
199.227344505854,1992.2734450585401,0.0730831789362596,1729821602.1996703
199.22841006359917,1992.2841006359918,0.07265149932682169,1729821602.2099018
199.2294693272248,1992.294693272248,0.07222235578694969,1729821602.2195992
199.23052233371047,1992.3052233371047,0.0717957335793531,1729821602.229629
199.23156911982093,1992.3156911982094,0.07137161805048953,1729821602.2396486
199.23260972210718,1992.326097221072,0.07094999463007445,1729821602.2497017
199.23364417690772,1992.3364417690773,0.07053084883066729,1729821602.259932
199.23467252034982,1992.3467252034982,0.07011416624720779,1729821602.269594
199.23569478835066,1992.3569478835066,0.06969993255654527,1729821602.279843
199.2367110166185,1992.367110166185,0.06928813351702479,1729821602.289615
199.237721240654,1992.37721240654,0.06887875496805718,1729821602.2997227
199.23872549575123,1992.3872549575121,0.06847178282961996,1729821602.3096113
199.23972381699895,1992.3972381699896,0.0680672031018843,1729821602.3196123
199.2407162392818,1992.407162392818,0.067665001864746,1729821602.3294864
199.24170279728136,1992.4170279728137,0.06726516527738324,1729821602.3396208
199.24268352547742,1992.4268352547742,0.06686767957785511,1729821602.3496287
199.24365845814904,1992.4365845814905,0.06647253108265394,1729821602.359639
199.24462762937577,1992.4462762937578,0.06607970618627013,1729821602.3696167
199.2455910730387,1992.455910730387,0.06568919136077822,1729821602.3794959
199.24654882282167,1992.4654882282166,0.06530097315543015,1729821602.3897095
199.2475009122124,1992.475009122124,0.06491503819619515,1729821602.3996763
199.24844737450348,1992.4844737450348,0.06453137318536539,1729821602.4096355
199.2493882427937,1992.493882427937,0.06414996490114566,1729821602.419693
199.25032354998896,1992.5032354998896,0.06377080019721104,1729821602.4296763
199.25125332880347,1992.5125332880348,0.06339386600233565,1729821602.43974
199.2521776117608,1992.521776117608,0.06301914931992902,1729821602.4496949
199.25309643119502,1992.5309643119501,0.06264663722767905,1729821602.4597263
199.25400981925176,1992.5400981925177,0.06227631687710611,1729821602.4696493
199.25491780788926,1992.5491780788925,0.06190817549317229,1729821602.4794908
199.25582042887947,1992.5582042887947,0.061542200373895906,1729821602.4896314
199.25671771380914,1992.5671771380914,0.06117837888991451,1729821602.5007505
199.2576096940808,1992.576096940808,0.06081669848411542,1729821602.5096304
199.25849640091388,1992.5849640091387,0.0604571466712307,1729821602.5196178
199.25937786534575,1992.5937786534575,0.06009971103744638,1729821602.5295124
199.26025411823275,1992.6025411823275,0.05974437923999565,1729821602.5396807
199.26112519025122,1992.6112519025123,0.059391139006784055,1729821602.5496876
199.26199111189854,1992.6199111189853,0.059039978135984494,1729821602.5598023
199.26285191349416,1992.6285191349416,0.05869088449567128,1729821602.5697355
199.26370762518064,1992.6370762518063,0.05834384602341336,1729821602.5795445
199.2645582769246,1992.645582769246,0.05799885072589772,1729821602.589726
199.26540389851775,1992.6540389851775,0.057655886678567025,1729821602.5996957
199.26624451957795,1992.6624451957796,0.05731494202521281,1729821602.6096523
199.26708016955016,1992.6708016955015,0.05697600497762201,1729821602.6197052
199.2679108777074,1992.6791087770741,0.05663906381517725,1729821602.6296694
199.26873667315186,1992.6873667315185,0.05630410688450338,1729821602.639626
199.2695575848157,1992.6955758481567,0.05597112259907666,1729821602.6497276
199.27037364146213,1992.7037364146213,0.055640099438894364,1729821602.659834
199.27118487168644,1992.7118487168646,0.05531102595004844,1729821602.669648
199.27199130391682,1992.7199130391682,0.05498389074440402,1729821602.6795254
199.27279296641544,1992.7279296641543,0.05465868249923522,1729821602.6897433
199.27358988727931,1992.735898872793,0.054335389956827296,1729821602.6996806
199.27438209444134,1992.7438209444133,0.05401400192415329,1729821602.7096512
199.27516961567116,1992.7516961567117,0.053694507272490366,1729821602.7197235
199.27595247857613,1992.7595247857612,0.05337689493708053,1729821602.729418
199.2767307106023,1992.767307106023,0.053061153916773574,1729821602.7396758
199.2775043390352,1992.775043390352,0.05274727327365225,1729821602.7496295
199.278273391001,1992.78273391001,0.05243524213272854,1729821602.759768
199.27903789346715,1992.7903789346715,0.05212504968152265,1729821602.7695806
199.27979787324352,1992.7979787324352,0.051816685169792986,1729821602.779541
199.2805533569832,1992.805533569832,0.05151013790912762,1729821602.7896218
199.28130437118338,1992.8130437118339,0.051205397272636954,1729821602.7997153
199.28205094218632,1992.820509421863,0.05090245269461091,1729821602.8101566
199.2827930961802,1992.827930961802,0.05060129367015298,1729821602.8195853
199.2835308592,1992.835308592,0.05030190975485338,1729821602.8295555
199.28426425712843,1992.8426425712842,0.05000429056447819,1729821602.8397138
199.28499331569674,1992.8499331569674,0.0497084257745839,1729821602.8496742
199.28571806048564,1992.8571806048562,0.049414305120229596,1729821602.8598108
199.28643851692618,1992.8643851692618,0.0491219183956253,1729821602.869596
199.28715471030054,1992.8715471030055,0.048831255453781974,1729821602.8795364
199.28786666574297,1992.8786666574297,0.04854230620623623,1729821602.889612
199.2885744082406,1992.885744082406,0.04825506062267371,1729821602.899745
199.28927796263432,1992.892779626343,0.04796950873061112,1729821602.9096127
199.28997735361952,1992.8997735361952,0.047685640615103164,1729821602.9195795
199.2906726057471,1992.906726057471,0.04740344641840322,1729821602.9296923
199.29136374342417,1992.9136374342418,0.047122916339629395,1729821602.9396954
199.29205079091494,1992.9205079091494,0.04684404063445369,1729821602.949622
199.2927337723415,1992.9273377234151,0.046566809614805305,1729821602.959549
199.29341271168474,1992.9341271168473,0.046291213648540275,1729821602.969613
199.294087632785,1992.94087632785,0.046017243159105714,1729821602.9796233
199.294758559343,1992.94758559343,0.0457448886252787,1729821602.9896173
199.29542551492065,1992.9542551492066,0.04547414058082344,1729821602.9996176
199.29608852294183,1992.9608852294182,0.045204989614178626,1729821603.0095341
199.29674760669315,1992.9674760669313,0.044937426368159006,1729821603.0203793
199.29740278932476,1992.9740278932477,0.04467144153966052,1729821603.0296984
199.29805409385122,1992.9805409385121,0.04440702587934586,1729821603.039695
199.29870154315216,1992.9870154315217,0.044144170191333654,1729821603.049589
199.29934515997314,1992.9934515997315,0.04388286533291774,1729821603.0596826
199.2999849669264,1992.9998496692638,0.04362310221425636,1729821603.0695632
199.3006209864916,1993.006209864916,0.04336487179807902,1729821603.0795972
199.30125324101667,1993.0125324101666,0.04310816509938631,1729821603.0897045
199.3018817527185,1993.0188175271849,0.04285297318516568,1729821603.0996766
199.30250654368368,1993.0250654368367,0.0425992871740859,1729821603.1096225
199.30312763586937,1993.0312763586937,0.042347098236221736,1729821603.119641
199.30374505110396,1993.0374505110397,0.04209639759274131,1729821603.1295602
199.30435881108775,1993.0435881108774,0.041847176515630746,1729821603.1396587
199.30496893739388,1993.0496893739387,0.04159942632743663,1729821603.1497748
199.30557545146885,1993.0557545146885,0.041353138400916034,1729821603.159587
199.30617837463345,1993.0617837463344,0.04110830415882338,1729821603.1697006
199.30677772808335,1993.0677772808335,0.04086491507357648,1729821603.1794312
199.3073735328899,1993.073735328899,0.04062296266699894,1729821603.1896124
199.30796581000078,1993.0796581000077,0.04038243851003598,1729821603.1997375
199.3085545802408,1993.085545802408,0.0401433342224915,1729821603.2097075
199.30913986431258,1993.0913986431258,0.03990564147272968,1729821603.2196014
199.30972168279723,1993.0972168279723,0.03966935197741206,1729821603.229629
199.31030005615506,1993.1030005615505,0.039434457501218656,1729821603.2396524
199.3108750047263,1993.1087500472631,0.03920094985659217,1729821603.2496727
199.31144654873185,1993.1144654873185,0.038968820903451995,1729821603.2595615
199.31201470827384,1993.1201470827384,0.03873806254892953,1729821603.269648
199.31257950333642,1993.1257950333643,0.03850866674710174,1729821603.2796633
199.31314095378642,1993.131409537864,0.03828062549872291,1729821603.289688
199.31369907937403,1993.1369907937403,0.038053930850977746,1729821603.299643
199.31425389973347,1993.1425389973347,0.03782857489718294,1729821603.3096306
199.3148054343837,1993.148054343837,0.03760454977656513,1729821603.3196719
199.31535370272897,1993.1535370272898,0.037381847673967794,1729821603.3295622
199.31589872405968,1993.1589872405968,0.037160460819618546,1729821603.3397589
199.31644051755285,1993.1644051755284,0.03694038148885559,1729821603.349642
199.31697910227294,1993.1697910227294,0.03672160200188612,1729821603.3596313
199.31751449717234,1993.1751449717235,0.03650411472349857,1729821603.3696225
199.3180467210922,1993.180467210922,0.036287912062863636,1729821603.3794641
199.3185757927629,1993.185757927629,0.03607298647322166,1729821603.3896065
199.31910173080485,1993.1910173080485,0.03585933045169254,1729821603.399569
199.31962455372897,1993.1962455372898,0.03564693653898443,1729821603.4096594
199.32014427993752,1993.2014427993752,0.03543579731915569,1729821603.4196064
199.32066092772453,1993.2066092772452,0.035225905419364434,1729821603.4297416
199.3211745152766,1993.211745152766,0.035017253509655344,1729821603.439649
199.32168506067336,1993.2168506067337,0.03480983430266127,1729821603.4496427
199.32219258188826,1993.2219258188825,0.034603640553420245,1729821603.4597747
199.32269709678908,1993.2269709678908,0.03439866505908418,1729821603.4697225
199.32319862313858,1993.2319862313857,0.0341949006587039,1729821603.4795105
199.32369717859507,1993.2369717859506,0.03399234023298758,1729821603.4897215
199.3241927807131,1993.241927807131,0.033790976704076936,1729821603.4996588
199.324685446944,1993.2468544694398,0.03359080303526474,1729821603.5095966
199.32517519463644,1993.2517519463645,0.03339181223082788,1729821603.5196145
199.32566204103716,1993.2566204103716,0.033193997335736025,1729821603.5294542
199.32614600329146,1993.2614600329146,0.032997351435456235,1729821603.5402882
199.3266270984438,1993.266270984438,0.032801867655698924,1729821603.5501273
199.32710534343843,1993.2710534343844,0.032607539162199384,1729821603.5596302
199.32758075511993,1993.2758075511993,0.0324143591604833,1729821603.569703
199.3280533502338,1993.2805335023381,0.03222232089565891,1729821603.5794077
199.32852314542708,1993.2852314542708,0.032031417652163,1729821603.5896778
199.32899015724885,1993.2899015724886,0.03184164275355128,1729821603.5995822
199.32945440215087,1993.2945440215087,0.03165298956228524,1729821603.6097465
199.32991589648807,1993.2991589648807,0.03146545147947988,1729821603.6195798
199.33037465651924,1993.3037465651923,0.03127902194472254,1729821603.6295455
199.33083069840742,1993.3083069840743,0.031093694435810004,1729821603.6396542
199.33128403822062,1993.312840382206,0.03090946246856907,1729821603.6496313
199.33173469193224,1993.3173469193225,0.03072631959661498,1729821603.6595857
199.33218267542173,1993.3218267542175,0.030544259411150687,1729821603.6697178
199.3326280044751,1993.326280044751,0.030363275540734147,1729821603.679514
199.33307069478545,1993.3307069478544,0.03018336165106872,1729821603.6896026
199.33351076195345,1993.3351076195345,0.03000451144481131,1729821603.699649
199.33394822148804,1993.3394822148805,0.029826718661346785,1729821603.7095902
199.33438308880685,1993.3438308880684,0.02964997707656236,1729821603.7197342
199.3348153792367,1993.348153792367,0.02947428050265577,1729821603.7295277
199.33524510801422,1993.3524510801421,0.02929962278794518,1729821603.739684
199.3356722902864,1993.356722902864,0.029125997816620508,1729821603.7496798
199.33609694111098,1993.3609694111099,0.028953399508558686,1729821603.7596374
199.33651907545706,1993.3651907545707,0.028781821819124698,1729821603.7696073
199.33693870820562,1993.3693870820562,0.028611258738970857,1729821603.7794926
199.33735585415,1993.3735585415,0.028441704293818315,1729821603.7896247
199.3377705279964,1993.3777052799642,0.028273152544272317,1729821603.7996445
199.33818274436453,1993.3818274436453,0.028105597585603714,1729821603.8097925
199.33859251778787,1993.3859251778788,0.027939033547564218,1729821603.8196604
199.33899986271436,1993.3899986271435,0.027773454594187452,1729821603.829656
199.33940479350687,1993.3940479350688,0.027608854923600656,1729821603.839661
199.33980732444365,1993.3980732444365,0.027445228767788432,1729821603.8499832
199.34020746971882,1993.4020746971883,0.027282570392450634,1729821603.8596559
199.34060524344292,1993.4060524344293,0.027120874096794534,1729821603.869683
199.34100065964338,1993.410006596434,0.02696013421331278,1729821603.8795216
199.34139373226498,1993.4139373226499,0.026800345107614643,1729821603.889613
199.3417844751703,1993.417844751703,0.026641501178246596,1729821603.899673
199.3421729021403,1993.421729021403,0.026483596856488045,1729821603.909545
199.34255902687474,1993.4255902687473,0.026326626606164805,1729821603.9196122
199.34294286299263,1993.4294286299264,0.026170584923459028,1729821603.929523
199.34332442403274,1993.4332442403274,0.02601546633672802,1729821603.9402306
199.34370372345407,1993.4370372345406,0.02586126540632483,1729821603.950103
199.3440807746363,1993.440807746363,0.02570797672440639,1729821603.959636
199.34445559088024,1993.4445559088024,0.025555594914738133,1729821603.9696877
199.34482818540832,1993.4482818540832,0.025404114632542996,1729821603.9794445
199.34519857136505,1993.4519857136504,0.025253530564306015,1729821603.9897232
199.34556676181745,1993.4556676181746,0.02510383742757538,1729821603.9997182
199.34593276975554,1993.4593276975554,0.024955029970804343,1729821604.0096693
199.3462966080927,1993.462966080927,0.024807102973173567,1729821604.0195777
199.3466582896663,1993.4665828966629,0.02466005124442061,1729821604.0294712
199.34701782723792,1993.4701782723791,0.024513869624619655,1729821604.0396905
199.34737523349398,1993.4737523349397,0.02436855298406959,1729821604.0497155
199.34773052104606,1993.4773052104606,0.02422409622307553,1729821604.0595613
199.3480837024314,1993.480837024314,0.02408049427179426,1729821604.0697138
199.34843479011332,1993.484347901133,0.023937742090054837,1729821604.0797944
199.34878379648163,1993.4878379648162,0.023795834667202254,1729821604.0897098
199.34913073385312,1993.4913073385312,0.023654767021898504,1729821604.0998666
199.34947561447188,1993.4947561447188,0.023514534201971582,1729821604.109591
199.3498184505099,1993.498184505099,0.023375131284269823,1729821604.1195774
199.35015925406728,1993.5015925406728,0.02323655337443098,1729821604.1295104
199.3504980371728,1993.504980371728,0.023098795606789846,1729821604.1396632
199.3508348117843,1993.508348117843,0.022961853144168654,1729821604.1496747
199.3511695897891,1993.511695897891,0.02282572117771897,1729821604.1595855
199.35150238300437,1993.5150238300437,0.022690394926749402,1729821604.1696484
199.3518332031776,1993.518332031776,0.022555869638595905,1729821604.1796632
199.35216206198697,1993.5216206198697,0.022422140588437056,1729821604.1897411
199.35248897104177,1993.5248897104177,0.022289203079112863,1729821604.1995635
199.3528139418828,1993.528139418828,0.022157052441023506,1729821604.2096653
199.3531369859828,1993.531369859828,0.022025684031900195,1729821604.2195868
199.35345811474676,1993.5345811474676,0.021895093236696805,1729821604.22964
199.35377733951245,1993.5377733951245,0.02176527546741225,1729821604.2396674
199.3540946715507,1993.540946715507,0.021636226162941252,1729821604.249603
199.35441012206587,1993.5441012206588,0.02150794078891094,1729821604.2596383
199.35472370219617,1993.5472370219618,0.02138041483753872,1729821604.2696187
199.3550354230141,1993.550354230141,0.021253643827458202,1729821604.2796142
199.3553452955268,1993.553452955268,0.021127623303584198,1729821604.289637
199.3556533306765,1993.5565333067648,0.021002348836972384,1729821604.2998245
199.35595953934077,1993.5595953934078,0.02087781602462213,1729821604.3096373
199.3562639323331,1993.562639323331,0.020754020489377023,1729821604.3196719
199.35656652040302,1993.5656652040302,0.02063095787973479,1729821604.3294969
199.35686731423672,1993.5686731423673,0.020508623869740727,1729821604.339711
199.3571663244573,1993.5716632445728,0.020387014158795846,1729821604.349711
199.35746356162508,1993.5746356162508,0.02026612447153253,1729821604.3596127
199.35775903623812,1993.5775903623812,0.020145950557681314,1729821604.3696775
199.3580527587325,1993.580527587325,0.020026488191893232,1729821604.379454
199.35834473948265,1993.5834473948264,0.01990773317361727,1729821604.3896136
199.35863498880175,1993.5863498880176,0.01978968132695824,1729821604.3997467
199.35892351694218,1993.589235169422,0.01967232850053291,1729821604.410314
199.3592103340957,1993.592103340957,0.019555670567294126,1729821604.41961
199.35949545039392,1993.5949545039393,0.01943970342444379,1729821604.4295907
199.35977887590863,1993.5977887590864,0.019324422993265866,1729821604.4396203
199.36006062065218,1993.6006062065217,0.01920982521897896,1729821604.4497118
199.36034069457773,1993.6034069457774,0.019095906070597746,1729821604.459876
199.36061910757974,1993.6061910757974,0.018982661540828172,1729821604.4696279
199.36089586949421,1993.6089586949422,0.01887008764588094,1729821604.479559
199.36117099009905,1993.6117099009905,0.01875818042536137,1729821604.4902413
199.36144447911443,1993.6144447911443,0.018646935942141507,1729821604.499778
199.3617163462031,1993.6171634620312,0.01853635028221623,1729821604.5096192
199.3619866009708,1993.619866009708,0.01842641955455049,1729821604.5196006
199.36225525296643,1993.6225525296643,0.018317139890979828,1729821604.5296586
199.3625223116826,1993.625223116826,0.01820850744605229,1729821604.539707
199.36278778655577,1993.6278778655578,0.018100518396909404,1729821604.5496721
199.3630516869667,1993.6305168696672,0.017993168943149396,1729821604.5599797
199.36331402224076,1993.6331402224075,0.01788645530669042,1729821604.56956
199.36357480164816,1993.6357480164816,0.017780373731663968,1729821604.5795252
199.36383403440442,1993.638340344044,0.017674920484255008,1729821604.5895555
199.3640917296706,1993.640917296706,0.01757009185259184,1729821604.6005223
199.36434789655362,1993.6434789655364,0.017465884146609323,1729821604.6096663
199.36460254410662,1993.6460254410663,0.017362293697949394,1729821604.6196105
199.3648556813292,1993.648556813292,0.017259316859792317,1729821604.6296778
199.36510731716785,1993.6510731716785,0.017156950006769645,1729821604.639615
199.3653574605162,1993.653574605162,0.01705518953481322,1729821604.6496232
199.3656061202153,1993.6560612021528,0.016954031861029062,1729821604.6596823
199.36585330505395,1993.6585330505395,0.016853473423612098,1729821604.6696026
199.36609902376907,1993.6609902376906,0.016753510681670303,1729821604.6794648
199.3663432850459,1993.663432850459,0.016654140115144767,1729821604.6895823
199.36658609751836,1993.6658609751837,0.016555358224674688,1729821604.6996799
199.3668274697694,1993.668274697694,0.016457161531474807,1729821604.7096088
199.36706741033117,1993.6706741033117,0.016359546577209283,1729821604.7196496
199.36730592768546,1993.6730592768547,0.01626250992388334,1729821604.7300186
199.36754303026393,1993.6754303026394,0.016166048153727797,1729821604.7396133
199.36777872644834,1993.6777872644834,0.016070157869056967,1729821604.7496684
199.36801302457098,1993.6801302457097,0.01597483569220115,1729821604.7596216
199.36824593291487,1993.6824593291487,0.01588007826532367,1729821604.7696912
199.3684774597141,1993.6847745971409,0.01578588225036226,1729821604.7794552
199.368707613154,1993.68707613154,0.01569224432888161,1729821604.789595
199.3689364013716,1993.689364013716,0.015599161201977463,1729821604.7997117
199.3691638324558,1993.691638324558,0.015506629590148702,1729821604.8096302
199.3693899144477,1993.6938991444772,0.015414646233197882,1729821604.8196945
199.36961465534088,1993.6961465534089,0.015323207890094448,1729821604.8296623
199.3698380630816,1993.698380630816,0.015232311338891247,1729821604.8396947
199.3700601455692,1993.7006014556919,0.015141953376603734,1729821604.849612
199.37028091065628,1993.7028091065627,0.015052130819090959,1729821604.8600469
199.37050036614906,1993.7050036614905,0.014962840500961416,1729821604.8696496
199.37071851980758,1993.7071851980759,0.01487407927543627,1729821604.879423
199.37093537934598,1993.7093537934597,0.014785844014269411,1729821604.8896484
199.37115095243283,1993.7115095243282,0.014698131607642662,1729821604.8997054
199.37136524669134,1993.7136524669133,0.014610938964018327,1729821604.9096282
199.37157826969963,1993.7157826969963,0.014524263010069927,1729821604.9196746
199.37179002899103,1993.7179002899102,0.01443810069057383,1729821604.9308176
199.3720005320543,1993.720005320543,0.014352448968274256,1729821604.9396298
199.37220978633397,1993.7220978633397,0.01426730482382288,1729821604.9496732
199.37241779923048,1993.7241779923047,0.014182665255618954,1729821604.9596953
199.37262457810053,1993.7262457810052,0.014098527279768458,1729821604.9696236
199.37283013025734,1993.7283013025735,0.01401488792993133,1729821604.9795666
199.37303446297085,1993.7303446297085,0.013931744257232648,1729821604.989695
199.37323758346798,1993.7323758346797,0.013849093330177364,1729821605.00004
199.37343949893298,1993.7343949893298,0.013766932234541951,1729821605.0096133
199.37364021650757,1993.7364021650756,0.013685258073239392,1729821605.0196695
199.3738397432912,1993.738397432912,0.013604067966265898,1729821605.0296738
199.3740380863414,1993.740380863414,0.013523359050587214,1729821605.0397224
199.37423525267386,1993.7423525267386,0.013443128480019606,1729821605.049663
199.37443124926287,1993.7443124926288,0.013363373425164138,1729821605.0596228
199.37462608304142,1993.7462608304143,0.013284091073268112,1729821605.0696304
199.3748197609015,1993.7481976090148,0.01320527862817178,1729821605.0795403
199.37501228969427,1993.7501228969427,0.013126933310178668,1729821605.089632
199.37520367623046,1993.7520367623047,0.013049052355982749,1729821605.0996761
199.37539392728044,1993.7539392728045,0.012971633018549422,1729821605.1096785
199.37558304957457,1993.7558304957456,0.012894672567033805,1729821605.1196394
199.37577104980338,1993.7577104980337,0.012818168286686582,1729821605.1297054
199.37595793461782,1993.7595793461783,0.01274211747875098,1729821605.139685
199.37614371062946,1993.7614371062946,0.012666517460375726,1729821605.1496303
199.37632838441078,1993.7632838441077,0.012591365564536883,1729821605.1597722
199.37651196249539,1993.765119624954,0.012516659139925945,1729821605.1696131
199.3766944513782,1993.766944513782,0.012442395550845031,1729821605.1794648
199.37687585751576,1993.7687585751576,0.012368572177151815,1729821605.1896763
199.37705618732633,1993.7705618732634,0.012295186414128079,1729821605.19988
199.37723544719026,1993.7723544719026,0.012222235672440629,1729821605.2095485
199.37741364345013,1993.7741364345013,0.012149717377999192,1729821605.2197068
199.37759078241098,1993.7759078241097,0.012077628971894239,1729821605.229619
199.37776687034054,1993.7776687034054,0.012005967910301063,1729821605.2396324
199.37794191346944,1993.7794191346943,0.011934731664401621,1729821605.2496014
199.37811591799147,1993.7811591799145,0.011863917720290384,1729821605.25974
199.37828889006374,1993.7828889006373,0.011793523578880194,1729821605.2696028
199.37846083580695,1993.7846083580694,0.011723546755811665,1729821605.279456
199.37863176130554,1993.7863176130554,0.011653984781394566,1729821605.2895637
199.37880167260798,1993.7880167260798,0.011584835200490584,1729821605.2996445
199.3789705757269,1993.789705757269,0.011516095572445817,1729821605.30962
199.37913847663938,1993.7913847663938,0.011447763471005512,1729821605.3196187
199.37930538128714,1993.7930538128714,0.011379836484216366,1729821605.329586
199.3794712955767,1993.794712955767,0.01131231221435014,1729821605.3396475
199.3796362253796,1993.7963622537961,0.011245188277825502,1729821605.349669
199.3798001765327,1993.7980017653272,0.011178462305136971,1729821605.3608232
199.37996315483824,1993.7996315483824,0.01111213194073235,1729821605.369694
199.38012516606415,1993.8012516606414,0.011046194842975421,1729821605.3796713
199.3802862159442,1993.8028621594422,0.010980648684026928,1729821605.389599
199.38044631017826,1993.8044631017826,0.010915491149794843,1729821605.4000146
199.3806054544324,1993.806054544324,0.010850719939843767,1729821605.4096098
199.3807636543392,1993.8076365433922,0.010786332767291906,1729821605.4196715
199.38092091549788,1993.8092091549788,0.010722327358777317,1729821605.4296236
199.3810772434745,1993.8107724347449,0.010658701454328234,1729821605.4397068
199.38123264380218,1993.8123264380217,0.01059545280732932,1729821605.4495645
199.3813871219813,1993.813871219813,0.010532579184406199,1729821605.4596958
199.38154068347967,1993.8154068347967,0.010470078365368618,1729821605.4696536
199.3816933337327,1993.816933337327,0.010407948143137613,1729821605.4795609
199.38184507814364,1993.8184507814365,0.01034618632365314,1729821605.4897053
199.38199592208377,1993.8199592208377,0.010284790725811899,1729821605.4997861
199.38214587089257,1993.8214587089258,0.01022375918136964,1729821605.5096393
199.38229492987784,1993.8229492987784,0.010163089534884318,1729821605.519559
199.38244310431605,1993.8244310431605,0.010102779643659243,1729821605.5296657
199.38259039945234,1993.8259039945233,0.01004282737761164,1729821605.53966
199.38273682050087,1993.8273682050087,0.009983230619261985,1729821605.5496905
