0.01944476951606391,0.19444769516063912,1.3257767266027063,1729821655.059285
0.03900019448774093,0.39000194487740936,1.3333213996111617,1729821655.0596564
0.05866683887508724,0.5866683887508723,1.3409045243542383,1729821655.0696008
0.07844526874966268,0.7844526874966268,1.3485262447977693,1729821655.0795755
0.09833605229338921,0.9833605229338921,1.356186704829753,1729821655.0896628
0.11833975979727826,1.1833975979727827,1.3638860482514161,1729821655.0996788
0.13845696366002574,1.3845696366002573,1.3716244187681959,1729821655.1096191
0.15868823838647325,1.5868823838647326,1.379401959980603,1729821655.1195984
0.17903416058593366,1.7903416058593367,1.3872188153749931,1729821655.129563
0.19949530897037943,1.9949530897037944,1.3950751283141933,1729821655.139659
0.22007226435249289,2.2007226435249287,1.4029710420280956,1729821655.1495955
0.24076560964357574,2.4076560964357574,1.410906699604059,1729821655.1595426
0.26157592985131745,2.6157592985131743,1.4188822439772881,1729821655.169634
0.28250381207742004,2.8250381207742006,1.4268978179210468,1729821655.1795175
0.30354984551507835,3.0354984551507833,1.4349535640367836,1729821655.1895964
0.3247146214463135,3.247146214463135,1.4430496247441589,1729821655.199727
0.3459987332391589,3.4599873323915893,1.451186142270954,1729821655.2097108
0.36740277634469626,3.6740277634469627,1.4593632586428686,1729821655.2196386
0.38892734829394093,3.8892734829394096,1.4675811156732372,1729821655.2296507
0.41057304869457417,4.105730486945742,1.4758398549525964,1729821655.2396886
0.432340479227521,4.32340479227521,1.484139617838153,1729821655.2495856
0.45423024364337267,4.542302436433727,1.4924805454431933,1729821655.2597046
0.476242947758651,4.76242947758651,1.5008627786262991,1729821655.2696702
0.4983791994519141,4.983791994519141,1.5092864579805347,1729821655.2795668
0.5206396086597008,5.2063960865970085,1.5177517238224514,1729821655.2895856
0.5430247873723132,5.430247873723132,1.5262587161810366,1729821655.2997038
0.5655353496294349,5.655353496294349,1.534807574786532,1729821655.309643
0.5881719115155835,5.881719115155835,1.5433984390591373,1729821655.3195968
0.6109350911553968,6.1093509115539675,1.5520314480976172,1729821655.3295648
0.6338255087087485,6.338255087087486,1.5607067406677508,1729821655.339703
0.6568437863656947,6.568437863656947,1.5694244551907541,1729821655.3496275
0.6799905483412478,6.799905483412479,1.5781847297315075,1729821655.359733
0.7032664208699765,7.032664208699765,1.5869877019867182,1729821655.3696966
0.7266720322004302,7.266720322004302,1.595833509272957,1729821655.379492
0.750208012589387,7.50208012589387,1.6047222885145782,1729821655.3896177
0.7738749942959222,7.738749942959222,1.6136541762315488,1729821655.3995419
0.7976736115752971,7.9767361157529715,1.6226293085271326,1729821655.409772
0.8216045006726648,8.216045006726647,1.6316478210754735,1729821655.4196544
0.8456682998165932,8.456682998165931,1.640709849109097,1729821655.4304304
0.8698656492124024,8.698656492124023,1.6498155274062505,1729821655.4397082
0.894197191035315,8.94197191035315,1.6589649902781591,1729821655.4496562
0.9186635694234179,9.186635694234178,1.668158371556169,1729821655.4596088
0.9432654304704332,9.432654304704332,1.6773958045787634,1729821655.4696019
0.9680034222182984,9.680034222182984,1.6866774221784873,1729821655.479503
0.9928781946495516,9.928781946495516,1.6960033566687294,1729821655.4897137
1.0178903996795223,10.178903996795224,1.7053737398304154,1729821655.4997144
1.0430406911483252,10.430406911483253,1.7147887028985984,1729821655.509706
1.0683297248126549,10.683297248126548,1.7242483765488963,1729821655.5195942
1.093758158337381,10.93758158337381,1.733752890883851,1729821655.5294244
1.119326651286941,11.19326651286941,1.7433023754191588,1729821655.5397034
1.1450358651165302,11.450358651165303,1.7528969590698136,1729821655.5495846
1.1708864631630853,11.708864631630853,1.7625367701360943,1729821655.5596592
1.1968791106360623,11.968791106360623,1.7722219362894887,1729821655.56966
1.2230144746080058,12.230144746080057,1.781952584558459,1729821655.5795221
1.249293224004908,12.492932240049079,1.791728841314141,1729821655.5897021
1.2757160295963554,12.757160295963555,1.8015508322558897,1729821655.5996912
1.302283563985464,13.02283563985464,1.8114186823967646,1729821655.6097279
1.3289965015985974,13.289965015985974,1.8213325160488392,1729821655.6195846
1.35585551867487,13.5585551867487,1.8312924568084537,1729821655.6296248
1.3828612932554307,13.828612932554307,1.8412986275413488,1729821655.6396902
1.4100145051725281,14.100145051725281,1.8513511503676625,1729821655.649846
1.4373158360383536,14.373158360383535,1.861450146646849,1729821655.6605084
1.464765969233661,14.64765969233661,1.871595736962469,1729821655.669732
1.4923655898961632,14.923655898961632,1.8817880411068781,1729821655.679669
1.520115384908701,15.20115384908701,1.8920271780658133,1729821655.6896734
1.5480160428871852,15.480160428871852,1.9023132660028637,1729821655.6999025
1.5760682541683089,15.760682541683089,1.912646422243835,1729821655.7096932
1.6042727107970292,16.042727107970293,1.9230267632610119,1729821655.7197528
1.6326301065138167,16.326301065138168,1.933454404657322,1729821655.7296522
1.6611411367416706,16.611411367416707,1.9439294611503577,1729821655.7397032
1.6898064985728987,16.898064985728986,1.954452046556355,1729821655.7496955
1.7186268907556599,17.1862689075566,1.9650222737740055,1729821655.7596076
1.747603013680269,17.476030136802688,1.9756402547682246,1729821655.7697194
1.7767355693652604,17.767355693652604,1.9863061005537457,1729821655.7796538
1.806025261443212,18.06025261443212,1.9970199211786959,1729821655.7895594
1.8354727951463234,18.354727951463236,2.007781825707996,1729821655.799607
1.8650788772917526,18.650788772917526,2.0185919222067117,1729821655.809603
1.8948442162667045,18.948442162667046,2.029450317723269,1729821655.8196104
1.9247695220132734,19.247695220132734,2.0403571182726097,1729821655.8297977
1.9548555060130361,19.54855506013036,2.0513124288192053,1729821655.8396258
1.9851028812713947,19.851028812713945,2.062316353260007,1729821655.8495703
2.015512362301668,20.155123623016678,2.073368994407293,1729821655.8596065
2.04608466510893,20.4608466510893,2.084470453971404,1729821655.8696625
2.076820507173595,20.76820507173595,2.0956208325434105,1729821655.8796399
2.107720607434741,21.077206074347412,2.10682022957765,1729821655.8895967
2.138785686273188,21.38785686273188,2.118068743374236,1729821655.899662
2.1700164654943044,21.700164654943045,2.1293664710614006,1729821655.909634
2.201413668310562,22.01413668310562,2.1407135085777877,1729821655.919554
2.2329780193238293,22.329780193238292,2.152109950654685,1729821655.9293993
2.2647102445073974,22.647102445073976,2.1635558907980865,1729821655.9396224
2.2966110711877494,22.966110711877494,2.1750514212707692,1729821655.949574
2.328681228026059,23.28681228026059,2.1865966330741937,1729821655.9596703
2.360921444999425,23.60921444999425,2.198191615930382,1729821655.969624
2.3933324533818414,23.933324533818414,2.2098364582637036,1729821655.979537
2.425914985724894,24.25914985724894,2.221531247182549,1729821655.9896019
2.45866977583819,24.586697758381902,2.233276068460947,1729821655.9995878
2.4915975587695187,24.915975587695186,2.2450710065201296,1729821656.0095968
2.5246990707847363,25.246990707847363,2.256916144409951,1729821656.0196376
2.55797504934738,25.5797504934738,2.2688115637903117,1729821656.0295289
2.5914262330980073,25.914262330980073,2.280757344912443,1729821656.039671
2.625053361833262,26.250533618332618,2.2927535666001653,1729821656.0496964
2.658857176484661,26.58857176484661,2.304800306231048,1729821656.059603
2.6928384190971055,26.928384190971055,2.3168976397175065,1729821656.0696938
2.7269978328071156,27.269978328071154,2.3290456414878538,1729821656.079685
2.7613361618207817,27.61336161820782,2.341244384467256,1729821656.0896058
2.7958541513914397,27.958541513914398,2.3534939400586268,1729821656.1002588
2.8305525477970637,28.305525477970637,2.365794378123498,1729821656.109722
2.8654320983173767,28.65432098317377,2.3781457669627795,1729821656.1196313
2.900493551210679,29.00493551210679,2.3905481732974856,1729821656.1295652
2.9357376556903927,29.357376556903926,2.4030016622494266,1729821656.1396642
2.971165161901322,29.71165161901322,2.4155062973217944,1729821656.1495888
3.0067768208956296,30.067768208956295,2.4280621403797404,1729821656.1596878
3.042573384608524,30.42573384608524,2.440669251630874,1729821656.169612
3.0785556058336647,30.785556058336645,2.4533276896057608,1729821656.1795259
3.1147242381982765,31.147242381982764,2.4660375111382855,1729821656.1896043
3.151080036137978,31.51080036137978,2.4787987713460673,1729821656.1996284
3.18762375487132,31.8762375487132,2.491611523610791,1729821656.2098136
3.2243561503740383,32.24356150374038,2.5044758195584684,1729821656.2196705
3.2612779793530113,32.612779793530116,2.5173917090397193,1729821656.22968
3.2983899992199324,32.983899992199326,2.5303592401099912,1729821656.2396111
3.3356929680646905,33.35692968064691,2.5433784590097286,1729821656.249649
3.3731876446284574,33.73187644628457,2.5564494101445376,1729821656.2596533
3.410874788276487,34.10874788276487,2.5695721360653287,1729821656.2696626
3.448755158970619,34.48755158970619,2.5827466774483963,1729821656.279654
3.4868295172414956,34.86829517241495,2.595973073075516,1729821656.2896483
3.5250986241604796,35.25098624160479,2.6092513598139995,1729821656.299707
3.563563241311284,35.635632413112845,2.622581572596733,1729821656.3097365
3.602224130761308,36.02224130761308,2.635963744402204,1729821656.3195887
3.641082055032678,36.410820550326775,2.6493979062345208,1729821656.3296669
3.6801377770729973,36.80137777072997,2.662884087103409,1729821656.3396592
3.719392060225803,37.19392060225803,2.676422314004217,1729821656.349645
3.758845668200726,37.58845668200726,2.6900126118979006,1729821656.3596585
3.798499365043361,37.98499365043361,2.7036550036910167,1729821656.3696196
3.838353915104842,38.38353915104842,2.717349510215719,1729821656.3796349
3.878410083011123,38.78410083011123,2.731096150209746,1729821656.3895886
3.9186686336319685,39.18668633631968,2.7448949402964207,1729821656.399848
3.959130332049647,39.59130332049647,2.7587458949646884,1729821656.409697
3.9997959435273347,39.997959435273344,2.7726490265491144,1729821656.4196026
4.040666233477225,40.40666233477225,2.7866043452099305,1729821656.4297502
4.081741967428346,40.817419674283464,2.800611858913122,1729821656.4396677
4.123023910994085,41.230239109940854,2.814671573410477,1729821656.4500322
4.164512829839424,41.64512829839424,2.8287834922197224,1729821656.4596791
4.206209489647879,42.06209489647879,2.8429476166046435,1729821656.4696064
4.248114656088155,42.48114656088155,2.8571639455552607,1729821656.4795935
4.290229094780502,42.902290947805014,2.871432475768044,1729821656.4896522
4.332553571262792,43.32553571262792,2.885753201626139,1729821656.4996529
4.375088850956297,43.75088850956297,2.900126115179665,1729821656.5095782
4.417835699131186,44.17835699131186,2.91455120612604,1729821656.5195525
4.460794880871727,44.60794880871727,2.9290284617903666,1729821656.5296261
4.503967161041208,45.039671610412086,2.943557867105853,1729821656.5396464
4.547353304246571,45.47353304246571,2.958139404594312,1729821656.5497131
4.590954074802758,45.90954074802758,2.9727730543467086,1729821656.5597334
4.634770236696773,46.34770236696773,2.987458794003751,1729821656.5697029
4.678802553551463,46.78802553551463,3.002196598736595,1729821656.579569
4.723051788589015,47.23051788589015,3.0169864412275667,1729821656.5896206
4.767518704594173,47.67518704594173,3.0318282916509904,1729821656.5999033
4.812204063877171,48.12204063877171,3.046722117654089,1729821656.6096098
4.85710862823639,48.5710862823639,3.0616678843379743,1729821656.6195953
4.902233158920742,49.022331589207425,3.0766655542386774,1729821656.6297827
4.947578416591767,49.47578416591767,3.0917150873083417,1729821656.6396182
4.993145161285463,49.93145161285463,3.1068164408964476,1729821656.6501505
5.038934152373839,50.389341523738395,3.121969569731153,1729821656.6596196
5.084946148526198,50.84946148526198,3.1371744259007412,1729821656.6696534
5.131181907670146,51.31181907670146,3.1524309588351853,1729821656.6796176
5.177642186952337,51.77642186952337,3.1677391152877723,1729821656.6896808
5.2243277426989465,52.243277426989465,3.183098839316913,1729821656.6995878
5.271239330375879,52.71239330375879,3.1985100722679816,1729821656.709558
5.318377704548716,53.18377704548716,3.2139727527553656,1729821656.7196205
5.365743618842397,53.65743618842397,3.229486816644571,1729821656.729646
5.413337825900643,54.133378259006435,3.245052197034501,1729821656.7397356
5.461161077345121,54.61161077345121,3.2606688242398274,1729821656.7496173
5.509214123734354,55.09214123734354,3.2763366257735527,1729821656.759634
5.557497714522373,55.574977145223734,3.2920555263296505,1729821656.7696052
5.606012598017122,56.06012598017122,3.307825447765919,1729821656.7795784
5.654759521338607,56.547595213386074,3.323646309086918,1729821656.789686
5.703739230376806,57.03739230376806,3.339518026427121,1729821656.799683
5.752952469749324,57.529524697493244,3.355440513034175,1729821656.8097045
5.802399982758815,58.02399982758815,3.3714136792523544,1729821656.8195832
5.852082511350154,58.52082511350154,3.3874374325061956,1729821656.829704
5.902000796067378,59.02000796067378,3.4035116772842384,1729821656.8396447
5.9521555760103935,59.52155576010394,3.4196363151230385,1729821656.8496745
6.00254758879144,60.0254758879144,3.4358112445912594,1729821656.8596785
6.053177570491338,60.531775704913386,3.4520363612740406,1729821656.869643
6.104046255615501,61.040462556155006,3.4683115577575006,1729821656.879712
6.155154377049722,61.55154377049722,3.484636723613442,1729821656.88962
6.20650266601575,62.0650266601575,3.5010117453842726,1729821656.899679
6.258091852026632,62.580918520266316,3.5174365065681066,1729821656.9096098
6.3099226628418545,63.09922662841855,3.5339108876041045,1729821656.9196434
6.361995824422264,63.619958244222644,3.550434765857986,1729821656.9301996
6.414312060884779,64.1431206088478,3.5670080156077972,1729821656.9397523
6.4668720944569005,64.668720944569,3.583630508029872,1729821656.9495819
6.5196766454310175,65.19676645431018,3.6003021111850284,1729821656.959652
6.572726432118514,65.72726432118513,3.61702269000501,1729821656.9697454
6.626022170803678,66.26022170803678,3.633792106279137,1729821656.9796085
6.679564575697423,66.79564575697424,3.650610218641213,1729821656.9896235
6.733354358890817,67.33354358890817,3.6674768825566746,1729821656.999728
6.787392230308428,67.87392230308429,3.6843919503099825,1729821657.0097475
6.841678897661491,68.41678897661491,3.701355270992278,1729821657.0197701
6.89621506640089,68.9621506640089,3.7183666904892956,1729821657.0296626
6.9510014396699775,69.51001439669977,3.73542605146951,1729821657.0396502
7.006038718257216,70.06038718257216,3.7525331933726127,1729821657.0495982
7.061327600548654,70.61327600548654,3.7696879523981863,1729821657.0597284
7.116868782480248,71.16868782480248,3.7868901614947132,1729821657.0696983
7.17266295749002,71.7266295749002,3.8041396503488443,1729821657.0795963
7.22871081647006,72.2871081647006,3.821436245374932,1729821657.08956
7.285013047718391,72.85013047718391,3.8387797697049093,1729821657.0997336
7.341570336890676,73.41570336890676,3.856170043178401,1729821657.109613
7.398383366951792,73.98383366951792,3.8736068823331706,1729821657.1196744
7.455452818127268,74.55452818127269,3.891090100395883,1729821657.1295784
7.512779367854591,75.12779367854591,3.908619507273124,1729821657.140005
7.570363690734383,75.70363690734384,3.9261949095427893,1729821657.1501505
7.628206458481458,76.28206458481458,3.943816110445768,1729821657.1595843
7.686308339875764,76.86308339875764,3.961482909877943,1729821657.1696208
7.744670000713212,77.44670000713212,3.97919510438252,1729821657.179562
7.803292103756387,78.03292103756388,3.9969524871427007,1729821657.1895401
7.8621753086851776,78.62175308685178,4.01475484797468,1729821657.199688
7.921320272047285,79.21320272047285,4.032601973320983,1729821657.2096481
7.980727647208654,79.80727647208654,4.050493646244153,1729821657.2196474
8.040398084303813,80.40398084303814,4.0684296464207925,1729821657.2296805
8.100332230186131,81.00332230186132,4.08640975013594,1729821657.2396007
8.160530728377998,81.60530728377998,4.104433730277812,1729821657.2496476
8.220994219020925,82.20994219020925,4.1225013563329345,1729821657.2596986
8.281723338825602,82.81723338825601,4.140612394381588,1729821657.2696493
8.342718721021862,83.42718721021862,4.158766607093667,1729821657.2794669
8.403980995308618,84.03980995308618,4.176963753724899,1729821657.2897236
8.465510787803735,84.65510787803736,4.195203590113433,1729821657.2998059
8.527308720993858,85.27308720993858,4.213485868676842,1729821657.3096097
8.589375413684207,85.89375413684208,4.231810338409461,1729821657.3197145
8.651711480948341,86.51711480948342,4.25017674488017,1729821657.329615
8.714317534077884,87.14317534077884,4.268584830230539,1729821657.3397322
8.777194180532238,87.77194180532237,4.287034333173391,1729821657.3495984
8.840342023888283,88.40342023888283,4.305524988991744,1729821657.3596084
8.90376166379006,89.03761663790061,4.324056529538187,1729821657.3696315
8.967453695898458,89.67453695898458,4.3426286832346515,1729821657.3795633
9.031418711840896,90.31418711840897,4.361241175072597,1729821657.3896346
9.09565729916102,90.9565729916102,4.379893726613633,1729821657.3995695
9.160170041268417,91.60170041268417,4.398586055990529,1729821657.4096189
9.22495751738834,92.2495751738834,4.417317877908689,1729821657.4196048
9.290020302511474,92.90020302511473,4.43608890364802,1729821657.4296997
9.355358967343726,93.55358967343726,4.454898841065269,1729821657.439659
9.420974078256059,94.20974078256059,4.473747394596751,1729821657.4495783
9.48686619723437,94.8686619723437,4.492634265261562,1729821657.4596488
9.553035881829432,95.53035881829432,4.511559150665223,1729821657.4695542
9.619483685106879,96.19483685106879,4.530521745003727,1729821657.4795828
9.68621015559727,96.86210155597269,4.549521739068112,1729821657.4896286
9.753215837246222,97.53215837246222,4.568558820249421,1729821657.4996839
9.820501269364625,98.20501269364625,4.5876326725441405,1729821657.5095682
9.88806698657894,98.8806698657894,4.606742976560118,1729821657.5196958
9.955913518781589,99.55913518781588,4.625889409522894,1729821657.5295494
10.024041391081454,100.24041391081454,4.645071645282556,1729821657.539745
10.092451123754474,100.92451123754473,4.6642893543210056,1729821657.5496135
10.161143232194357,101.61143232194357,4.6835422037597265,1729821657.559715
10.230118226863416,102.30118226863416,4.702829857368027,1729821657.5695524
10.299376613243535,102.99376613243535,4.722151975571726,1729821657.5795178
10.368918891787256,103.68918891787257,4.741508215462368,1729821657.5895882
10.438745557869032,104.38745557869032,4.760898230806854,1729821657.5995448
10.508857101736599,105.08857101736598,4.78032167205761,1729821657.6096523
10.579254008462533,105.79254008462533,4.79977818636322,1729821657.6196744
10.649936757895945,106.49936757895945,4.819267417579523,1729821657.6296716
10.72090582461437,107.2090582461437,4.838789006281233,1729821657.6396532
10.792161677875809,107.92161677875809,4.858342589774026,1729821657.6496282
10.863704781570974,108.63704781570974,4.877927802107141,1729821657.659625
10.935535594175716,109.35535594175717,4.897544274086432,1729821657.6696186
11.00765456870366,110.0765456870366,4.917191633287973,1729821657.6795878
11.080062152659035,110.80062152659036,4.936869504072112,1729821657.6896472
11.152758787989724,111.52758787989724,4.956577507598053,1729821657.7002387
11.225744911040536,112.25744911040536,4.976315261838911,1729821657.709705
11.299020952506709,112.99020952506709,4.996082381597298,1729821657.7195117
11.372587337387639,113.7258733738764,5.015878478521388,1729821657.7295787
11.446444484940859,114.46444484940858,5.03570316112149,1729821657.739706
11.520592808636271,115.20592808636272,5.0555560347871324,1729821657.7497263
11.59503271611063,115.9503271611063,5.07543670180465,1729821657.7596931
11.669764609122293,116.69764609122294,5.095344761375264,1729821657.7696
11.744788883506248,117.44788883506247,5.115279809633676,1729821657.7795758
11.820105929129415,118.20105929129414,5.135241439667183,1729821657.78965
11.89571612984624,118.95716129846241,5.155229241535279,1729821657.7996702
11.971619863454585,119.71619863454585,5.175242802289765,1729821657.8096125
12.047817501651908,120.47817501651907,5.195281705995379,1729821657.8195446
12.124309409991772,121.24309409991773,5.215345533750922,1729821657.829674
12.201095947840662,122.01095947840662,5.235433863710895,1729821657.839587
12.278177468335116,122.78177468335116,5.255546271107647,1729821657.8497026
12.355554318339212,123.55554318339213,5.2756823282740255,1729821657.8596346
12.433226838402375,124.33226838402375,5.295841604666523,1729821657.8696153
12.511195362717535,125.11195362717535,5.316023666888953,1729821657.879585
12.589460219079648,125.89460219079648,5.336228078716613,1729821657.8896646
12.668021728844568,126.68021728844568,5.356454401120957,1729821657.8996782
12.746880206888298,127.46880206888298,5.376702192294756,1729821657.9096174
12.826035961566605,128.26035961566606,5.396971007677806,1729821657.919736
12.905489294675037,129.05489294675039,5.417260399983077,1729821657.9294713
12.985240501409312,129.8524050140931,5.437569919223401,1729821657.9397018
13.065289870326115,130.65289870326114,5.457899112738654,1729821657.9496136
13.14563768330431,131.4563768330431,5.478247525223421,1729821657.9597263
13.226284215506542,132.2628421550654,5.498614698755169,1729821657.9695923
13.307229735341284,133.07229735341284,5.5190001728228975,1729821657.979438
13.388474504425293,133.88474504425292,5.539403484356314,1729821657.98955
13.470018777546512,134.7001877754651,5.559824167755452,1729821657.9997046
13.55186280262741,135.5186280262741,5.580261754920812,1729821658.0095894
13.634006820688768,136.34006820688768,5.600715775283973,1729821658.0195684
13.716451065813928,137.16451065813928,5.621185755838688,1729821658.0295541
13.799195765113499,137.99195765113498,5.641671221172466,1729821658.0396683
13.882241138690535,138.82241138690534,5.662171693498614,1729821658.0497139
13.965587399606193,139.65587399606193,5.682686692688773,1729821658.059665
14.049234753845871,140.49234753845872,5.703215736305919,1729821658.0695922
14.133183400285837,141.3318340028584,5.723758339637815,1729821658.0796027
14.217433530660358,142.17433530660358,5.744314015730968,1729821658.089685
14.301985329529334,143.01985329529333,5.764882275424989,1729821658.099891
14.386838974246437,143.8683897424644,5.785462627387481,1729821658.1096714
14.47199463492778,144.7199463492778,5.8060545781493245,1729821658.1196039
14.557452474421094,145.57452474421095,5.826657632140427,1729821658.1296434
14.643212648275451,146.4321264827545,5.847271291725953,1729821658.1396573
14.729275304711516,147.29275304711516,5.867895057242946,1729821658.1497154
14.815640584592346,148.15640584592347,5.888528427037432,1729821658.1597652
14.902308621394738,149.02308621394738,5.909170897501923,1729821658.1695793
14.989279541181133,149.89279541181133,5.929821963113389,1729821658.1795576
15.076553462572088,150.76553462572087,5.950481116471612,1729821658.18964
15.164130496719308,151.64130496719307,5.971147848337998,1729821658.1995084
15.25201074727926,152.5201074727926,5.991821647674783,1729821658.2097113
15.340194310387368,153.4019431038737,6.0125020016846635,1729821658.2196734
15.428681274632792,154.2868127463279,6.033188395850825,1729821658.2296634
15.517471721033804,155.17471721033803,6.053880313977366,1729821658.239609
15.606565723013754,156.06565723013753,6.074577238230142,1729821658.2495902
15.695963346377653,156.95963346377653,6.095278649177978,1729821658.2598522
15.785664649289355,157.85664649289356,6.115984025834255,1729821658.269669
15.875669682249368,158.7566968224937,6.136692845698924,1729821658.2795613
15.965978488073267,159.65978488073267,6.157404584800838,1729821658.2899907
16.05659110187075,160.5659110187075,6.178118717740484,1729821658.2997246
16.147507551025328,161.47507551025328,6.198834717733076,1729821658.309669
16.238727855174623,162.38727855174625,6.219552056651979,1729821658.319592
16.33025202619136,163.3025202619136,6.240270205072521,1729821658.329603
16.422080068164952,164.2208006816495,6.2609886323161055,1729821658.3396678
16.514211977383766,165.14211977383766,6.281706806494699,1729821658.3495984
16.606647742318057,166.06647742318057,6.302424194555629,1729821658.3602219
16.699387343603522,166.99387343603522,6.323140262326692,1729821658.3696337
16.792430754025574,167.92430754025574,6.343854474561608,1729821658.3794909
16.88577793850424,168.85777938504242,6.364566294985774,1729821658.389671
16.979428854079767,169.79428854079768,6.385275186342301,1729821658.3995733
17.073383449898884,170.73383449898884,6.405980610438366,1729821658.4096618
17.167641667201767,171.67641667201767,6.42668202819186,1729821658.4195993
17.26220343930968,172.62203439309678,6.447378899678288,1729821658.4296784
17.357068691613314,173.57068691613313,6.468070684177968,1729821658.4395695
17.45223734156182,174.52237341561818,6.488756840223487,1729821658.4495232
17.547709298652542,175.4770929865254,6.509436825647407,1729821658.4596784
17.643484464421455,176.43484464421454,6.530110097630242,1729821658.4695487
17.739562732434305,177.39562732434305,6.550776112748657,1729821658.4794834
17.835943988278466,178.35943988278467,6.571434327023911,1729821658.4897208
17.932628109555505,179.32628109555506,6.592084195970528,1729821658.4996498
18.029614965874472,180.29614965874472,6.612725174645184,1729821658.5095775
18.1269044188459,181.269044188459,6.63335671769581,1729821658.5195866
18.224496322076536,182.24496322076536,6.653978279410888,1729821658.5294702
18.32239052116479,183.22390521164792,6.674589313768946,1729821658.5397034
18.42058685369693,184.2058685369693,6.69518927448824,1729821658.5496879
18.519085149243974,185.19085149243975,6.715777615076615,1729821658.5598896
18.617885229359363,186.17885229359362,6.736353788881523,1729821658.5696125
18.71698690757733,187.1698690757733,6.756917249140218,1729821658.5795543
18.81638998941202,188.1638998941202,6.777467449030098,1729821658.5896406
18.916094272357363,189.1609427235736,6.798003841719161,1729821658.5997431
19.01609954588767,190.1609954588767,6.818525880416651,1729821658.6097047
19.116405591458985,191.16405591458985,6.839033018423778,1729821658.6196146
19.217012182511183,192.17012182511183,6.85952470918457,1729821658.6296794
19.317919084470805,193.17919084470805,6.880000406336846,1729821658.6396508
19.419126054754653,194.19126054754653,6.900459563763265,1729821658.649631
19.52063284277413,195.2063284277413,6.920901635642486,1729821658.6598523
19.622439189940337,196.22439189940337,6.941326076500378,1729821658.6695738
19.724544829669913,197.24544829669912,6.961732341261328,1729821658.6795447
19.826949487391637,198.26949487391636,6.982119885299606,1729821658.689601
19.929652880553775,199.29652880553775,7.002488164490758,1729821658.6998804
20.032654718632187,200.32654718632187,7.022836635263074,1729821658.7096362
20.1359547031392,201.35954703139197,7.043164754649058,1729821658.7197218
20.239552527633208,202.39552527633208,7.063471980336955,1729821658.729496
20.34344787772906,203.4344787772906,7.083757770722261,1729821658.7397218
20.447640431109182,204.4764043110918,7.104021584959256,1729821658.749748
20.552129857535462,205.52129857535462,7.124262883012519,1729821658.7596774
20.65691581886189,206.5691581886189,7.144481125708454,1729821658.769578
20.761997969047954,207.61997969047954,7.164675774786755,1729821658.7795608
20.86737595417279,208.6737595417279,7.1848462929518675,1729821658.7896874
20.973049412450084,209.73049412450084,7.204992143924397,1729821658.7997112
21.079017974243733,210.79017974243732,7.225112792492462,1729821658.809724
21.185281262084246,211.85281262084246,7.24520770456299,1729821658.8196476
21.291838890685913,212.91838890685912,7.265276347212933,1729821658.8296409
21.398690466964712,213.98690466964712,7.285318188740414,1729821658.8396556
21.505835590056968,215.05835590056967,7.305332698715777,1729821658.8496187
21.613273851338757,216.13273851338758,7.325319348032532,1729821658.859649
21.721004834446063,217.21004834446063,7.345277608958199,1729821658.8696508
21.829028115295674,218.29028115295674,7.365206955185016,1729821658.8796227
21.93734326210682,219.3734326210682,7.385106861880546,1729821658.889593
22.04594983542354,220.4594983542354,7.404976805738119,1729821658.8997297
22.154847388137814,221.54847388137813,7.42481626502713,1729821658.9095483
22.264035465513405,222.64035465513405,7.444624719643194,1729821658.9195664
22.373513605210448,223.73513605210448,7.464401651158122,1729821658.9295042
22.483281337310757,224.83281337310757,7.484146542869721,1729821658.9396818
22.593338184343875,225.93338184343875,7.503858879851407,1729821658.9496527
22.703683661313836,227.03683661313835,7.523538149001633,1729821658.9596505
22.814317275726662,228.14317275726663,7.543183839093091,1729821658.9696062
22.92523852761856,229.2523852761856,7.562795440821736,1729821658.9795349
23.036446909584857,230.36446909584856,7.582372446855533,1729821658.9896264
23.14794190680962,231.4794190680962,7.6019143518830345,1729821658.9997194
23.259722997096013,232.59722997096014,7.621420652661662,1729821659.0097423
23.371789650897338,233.71789650897338,7.640890848065767,1729821659.0197425
23.48414133134879,234.84141331348792,7.6603244391344205,1729821659.0297
23.5967774942999,235.967774942999,7.6797209291189485,1729821659.0395975
23.70969758834767,237.0969758834767,7.699079823530164,1729821659.0497203
23.82290105487041,238.2290105487041,7.718400630185336,1729821659.0596597
23.936387328062242,239.3638732806224,7.737682859254852,1729821659.0696454
24.0501558349683,240.50155834968302,7.756926023308569,1729821659.0796213
24.164205995520597,241.64205995520598,7.776129637361887,1729821659.0896673
24.278537222574553,242.78537222574553,7.795293218921437,1729821659.0996513
24.39314892194621,243.9314892194621,7.8144162880305075,1729821659.1095965
24.508040492450096,245.08040492450095,7.833498367314091,1729821659.119681
24.623211325937742,246.23211325937743,7.852538982023591,1729821659.129582
24.738660807336856,247.38660807336856,7.871537660081186,1729821659.139703
24.854388314691136,248.54388314691136,7.890493932123809,1729821659.1496992
24.970393219200734,249.70393219200733,7.909407331546779,1729821659.1596267
25.086674885263335,250.86674885263335,7.928277394547042,1729821659.169651
25.20323267051589,252.0323267051589,7.947103660166016,1729821659.179532
25.32006592587695,253.2006592587695,7.965885670332062,1729821659.189629
25.437173995589617,254.37173995589617,7.984622969902527,1729821659.1996949
25.554556217265134,255.54556217265133,8.0033151067054,1729821659.2097094
25.672211921927037,256.7221192192704,8.021961631580536,1729821659.2196586
25.79014043405594,257.9014043405594,8.040562098420457,1729821659.229663
25.908341071634897,259.08341071634896,8.059116064210718,1729821659.2395902
26.02681314619536,260.2681314619536,8.077623089069842,1729821659.249599
26.145555962863686,261.4555596286369,8.09608273628881,1729821659.259537
26.264568820408265,262.64568820408266,8.114494572370063,1729821659.2696273
26.383851011287174,263.83851011287175,8.132858167066107,1729821659.2796106
26.5034018216964,265.034018216964,8.151173093417574,1729821659.2895873
26.62322053161863,266.2322053161863,8.16943892779088,1729821659.299628
26.743306414872567,267.4330641487257,8.187655249915357,1729821659.309651
26.86365873916278,268.6365873916278,8.205821642919908,1729821659.3195949
26.98427676613012,269.8427676613012,8.223937693369178,1729821659.3295836
27.105159751402606,271.05159751402607,8.24200299129922,1729821659.3396888
27.226306944646883,272.2630694464688,8.260017130252653,1729821659.3497915
27.347717589620135,273.47717589620135,8.27797970731331,1729821659.359709
27.469390924222537,274.69390924222535,8.29589032314038,1729821659.3696702
27.591326180550187,275.91326180550186,8.313748582002006,1729821659.3795087
27.713522584948514,277.13522584948515,8.331554091808373,1729821659.3896294
27.83597935806618,278.3597935806618,8.34930646414426,1729821659.3995562
27.95869571490944,279.58695714909436,8.367005314301036,1729821659.4096935
28.081670864896967,280.81670864896967,8.384650261308154,1729821659.4197116
28.204904011915136,282.04904011915136,8.402240927964042,1729821659.4296298
28.328394354373742,283.28394354373745,8.419776940866486,1729821659.4397297
28.452141085262163,284.5214108526216,8.43725793044243,1729821659.4496186
28.576143392205946,285.76143392205944,8.454683530977222,1729821659.4597611
28.700400457523827,287.00400457523824,8.472053380643306,1729821659.4695623
28.824911458285147,288.24911458285146,8.489367121528307,1729821659.4795835
28.949675566367677,289.49675566367677,8.506624399662588,1729821659.4895892
29.07469194851585,290.7469194851585,8.523824865046192,1729821659.4996262
29.199959766399356,291.99959766399354,8.540968171675223,1729821659.5095758
29.325478176672146,293.25478176672146,8.558053977567626,1729821659.5196295
29.451246331031772,294.51246331031774,8.575081944788389,1729821659.5295703
29.577263376279117,295.77263376279114,8.592051739474151,1729821659.5396428
29.703528454378457,297.03528454378454,8.608963031857211,1729821659.549747
29.830040702517877,298.30040702517874,8.625815496288933,1729821659.559636
29.956799253170022,299.5679925317002,8.642608811262562,1729821659.5696218
30.083803234153162,300.83803234153163,8.65934265943543,1729821659.579514
30.211051768692595,302.11051768692596,8.676016727650548,1729821659.5895448
30.33854397548233,303.3854397548233,8.692630706957607,1729821659.5995488
30.466278968747098,304.662789687471,8.709184292633342,1729821659.609835
30.594255858304624,305.94255858304626,8.725677184201315,1729821659.6195233
30.722473749628207,307.22473749628205,8.742109085451045,1729821659.6296158
30.85093174390956,308.5093174390956,8.75847970445656,1729821659.6395822
30.979628938121902,309.796289381219,8.774788753594297,1729821659.6495547
31.10856442508332,311.0856442508332,8.79103594956041,1729821659.6596649
31.237737293520368,312.37737293520365,8.807221013387421,1729821659.6696835
31.36714662813191,313.6714662813191,8.8233436704603,1729821659.6795437
31.496791509653164,314.96791509653167,8.83940365053187,1729821659.6896355
31.626671014920007,316.2667101492001,8.855400687737616,1729821659.6998596
31.756784216933436,317.56784216933437,8.871334520609867,1729821659.709676
31.887130184924274,318.87130184924274,8.887204892091347,1729821659.7197025
32.01770798441803,320.1770798441803,8.903011549548095,1729821659.7296193
32.14851667729997,321.4851667729997,8.918754244781775,1729821659.739656
32.27955532188034,322.7955532188034,8.934432734041344,1729821659.7496097
32.41082297295973,324.10822972959727,8.950046778034105,1729821659.7597744
32.54231868189466,325.42318681894665,8.96559614193612,1729821659.7695982
32.67404149666324,326.74041496663244,8.981080595402023,1729821659.779495
32.805990461930996,328.05990461931,8.996499912574174,1729821659.7896616
32.9381646191168,329.381646191168,9.011853872091217,1729821659.7995996
33.07056300645895,330.70563006458946,9.027142257096003,1729821659.8097947
33.20318465908134,332.03184659081336,9.042364855242885,1729821659.819589
33.33602860905972,333.3602860905972,9.05752145870441,1729821659.8296697
33.46909388548805,334.6909388548805,9.072611864177368,1729821659.8397195
33.60237951454494,336.0237951454494,9.087635872888228,1729821659.8497615
33.73588451956016,337.3588451956016,9.102593290597978,1729821659.8598769
33.86960792108118,338.69607921081183,9.117483927606319,1729821659.8695815
34.00354873693985,340.0354873693985,9.13230759875526,1729821659.8795214
34.13770598231899,341.37705982318994,9.147064123432102,1729821659.8897603
34.27207866981915,342.72078669819155,9.161753325571816,1729821659.8998103
34.406665809525315,344.06665809525316,9.176375033658791,1729821659.909556
34.54146640907363,345.41466409073627,9.190929080728004,1729821659.919596
34.67647947371817,346.76479473718166,9.205415304365571,1729821659.9294844
34.81170400639768,348.11704006397684,9.219833546708706,1729821659.9397423
34.947139007802335,349.4713900780233,9.234183654445072,1729821659.94984
35.08278347644042,350.8278347644042,9.248465478811541,1729821659.9596682
35.218636408705066,352.18636408705066,9.262678875592377,1729821659.9695232
35.3546967989409,353.546967989409,9.276823705116806,1729821659.9796433
35.490963639510646,354.9096363951065,9.290899832256015,1729821659.9895694
35.62743592086171,356.27435920861706,9.304907126419565,1729821659.999677
35.76411263159264,357.6411263159264,9.318845461551229,1729821660.0096936
35.90099275851962,359.00992758519624,9.332714716124245,1729821660.0196977
36.038075286742774,360.38075286742776,9.346514773136013,1729821660.0295992
36.17535919971246,361.7535919971246,9.3602455201022,1729821660.039711
36.312843479295424,363.12843479295424,9.373906849050314,1729821660.0497198
36.4505271058409,364.505271058409,9.387498656512687,1729821660.059659
36.58840905824653,365.8840905824653,9.40102084351892,1729821660.0699103
36.726488314024266,367.26488314024266,9.41447331558777,1729821660.079545
36.864763849366,368.64763849366,9.427855982718492,1729821660.0896182
37.003234639209225,370.0323463920922,9.44116875938164,1729821660.0996518
37.14189965730242,371.4189965730242,9.454411564509318,1729821660.1096818
37.28075787627034,372.80757876270343,9.467584321484916,1729821660.1196024
37.41980826767918,374.1980826767918,9.480686958132305,1729821660.12955
37.55904980210149,375.5904980210149,9.4937194067045,1729821660.139552
37.698481449180996,376.98481449180997,9.50668160387183,1729821660.1496735
37.83810217769719,378.38102177697186,9.519573490709561,1729821660.1595118
37.97791095562974,379.7791095562974,9.532395012685038,1729821660.1696963
38.11790675022272,381.1790675022272,9.545146119644299,1729821660.179513
38.25808852804865,382.58088528048654,9.557826765798211,1729821660.1895583
38.39845525507227,383.9845525507227,9.570436909708098,1729821660.1995535
38.53900589671413,385.3900589671413,9.582976514270882,1729821660.2096004
38.67973941791397,386.7973941791397,9.595445546703754,1729821660.219569
38.82065478319385,388.2065478319385,9.607843978528347,1729821660.2296805
38.96175095672104,389.6175095672104,9.620171785554458,1729821660.2396436
39.103026902370665,391.03026902370664,9.632428947863287,1729821660.249683
39.2444815837881,392.44481583788104,9.644615449790226,1729821660.2596734
39.38611396445111,393.8611396445111,9.656731279907193,1729821660.2696257
39.52792300773173,395.27923007731727,9.668776431004508,1729821660.2795944
39.66990767695782,396.6990767695782,9.680750900072338,1729821660.2896585
39.81206693547444,398.1206693547444,9.692654688281705,1729821660.2998264
39.95439974670485,399.5439974670485,9.704487800965046,1729821660.3096275
40.09690507421127,400.9690507421127,9.716250247596367,1729821660.3195925
40.23958188175531,402.39581881755316,9.727942041770982,1729821660.3295503
40.38242913335813,403.8242913335813,9.739563201184808,1729821660.3396983
40.52544579336025,405.25445793360245,9.751113747613301,1729821660.34964
40.66863082648109,406.6863082648109,9.76259370688995,1729821660.359818
40.81198319787816,408.11983197878163,9.774003108884395,1729821660.3695767
40.95550187320594,409.5550187320594,9.785341987480168,1729821660.3795378
41.099185818674385,410.99185818674385,9.796610380552037,1729821660.3896816
41.24303400110716,412.4303400110716,9.807808329942976,1729821660.399519
41.38704538799949,413.8704538799949,9.818935881440781,1729821660.4096603
41.53121894757566,415.3121894757566,9.829993084754308,1729821660.4196815
41.67555364884617,416.7555364884617,9.840979993489375,1729821660.4295683
41.82004846166455,418.2004846166455,9.851896665124293,1729821660.4396908
41.96470235678377,419.64702356783766,9.862743160985074,1729821660.4495766
42.10951430591232,421.0951430591232,9.873519546220294,1729821660.460058
42.25448328176989,422.54483281769893,9.884225889775635,1729821660.4696581
42.3996082581427,423.996082581427,9.894862264368093,1729821660.479537
42.5448882099384,425.448882099384,9.905428746459886,1729821660.4896536
42.69032211324065,426.9032211324065,9.915925416232042,1729821660.4995832
42.83590894536324,428.35908945363235,9.926352357557688,1729821660.5095975
42.98164768490386,429.8164768490386,9.936709657975044,1729821660.5197296
43.12753731179746,431.2753731179746,9.946997408660133,1729821660.5295467
43.273576807369174,432.73576807369176,9.957215704399202,1729821660.5397158
43.41976515438689,434.19765154386886,9.967364643560872,1729821660.5496178
43.56610133711336,435.6610133711336,9.977444328068016,1729821660.5596423
43.71258434135794,437.1258434135794,9.987454863369381,1729821660.5696816
43.85921315452784,438.59213154527845,9.997396358410954,1729821660.579632
44.00598676567905,440.05986765679046,10.007268925607072,1729821660.5896332
44.1529041655667,441.529041655667,10.017072680811294,1729821660.5995674
44.29996434669517,442.9996434669517,10.02680774328705,1729821660.609626
44.44716630336759,444.4716630336759,10.036474235678043,1729821660.6196206
44.594509031735015,445.94509031735015,10.046072283978438,1729821660.6296473
44.74199152984512,447.4199152984512,10.055602017502842,1729821660.6396463
44.88961279769046,448.8961279769046,10.065063568856063,1729821660.6496742
45.037371837256266,450.3737183725627,10.074457073902678,1729821660.6597419
45.18526765256782,451.85267652567825,10.083782671736401,1729821660.6696148
45.333299249737365,453.33299249737365,10.09304050464926,1729821660.6795762
45.48146563701053,454.8146563701053,10.102230718100598,1729821660.6895788
45.629765824812374,456.29765824812375,10.1113534606859,1729821660.6995537
45.778198825792884,457.78198825792884,10.120408884105435,1729821660.709561
45.92676365487207,459.2676365487207,10.129397143132762,1729821660.7197056
46.07545932928457,460.7545932928457,10.13831839558305,1729821660.7294905
46.22428486862379,462.2428486862379,10.14717280228128,1729821660.7397444
46.373239294885586,463.7323929488559,10.155960527030274,1729821660.7496035
46.52232163251146,465.22321632511466,10.164681736578606,1729821660.7596712
46.671530908431315,466.71530908431316,10.17333660058838,1729821660.7696042
46.820866152105665,468.2086615210567,10.181925291602878,1729821660.7795212
46.97032639556747,469.7032639556747,10.190447985014092,1729821660.789581
47.11991067346341,471.1991067346341,10.19890485903015,1729821660.7996287
47.2696180230947,472.696180230947,10.207296094642627,1729821660.80964
47.41944748445747,474.1944748445747,10.215621875593767,1729821660.8196099
47.56939810028259,475.6939810028259,10.223882388343597,1729821660.82965
47.71946891607506,477.1946891607506,10.232077822036974,1729821660.8396282
47.869658980152906,478.69658980152906,10.240208368470535,1729821660.8496537
48.019967343685586,480.19967343685585,10.248274222059576,1729821660.859629
48.17039306073191,481.7039306073191,10.25627557980486,1729821660.86976
48.32093518827747,483.2093518827747,10.264212641259373,1729821660.8796296
48.47159278627158,484.7159278627158,10.272085608495,1729821660.889766
48.62236491766375,486.22364917663754,10.279894686069175,1729821660.8997726
48.77325064843963,487.73250648439625,10.28764008099146,1729821660.9095995
48.92424904765648,489.2424904765648,10.29532200269011,1729821660.919662
49.07535918747819,490.75359187478193,10.302940662978575,1729821660.9297194
49.22658014320972,492.26580143209725,10.310496276021993,1729821660.940166
49.37791099333115,493.7791099333115,10.317989058303654,1729821660.9496145
49.52935081953113,495.29350819531135,10.325419228591445,1729821660.9596877
49.68089870673996,496.8089870673996,10.332787007904273,1729821660.969634
49.832553743162066,498.32553743162066,10.340092619478499,1729821660.9795434
49.984315020308046,499.8431502030804,10.34733628873436,1729821660.9896169
50.13618163302621,501.3618163302621,10.35451824324238,1729821660.9996397
50.28815267953362,502.8815267953362,10.361638712689821,1729821661.0097046
50.44022726144664,504.40227261446637,10.368697928847117,1729821661.0196073
50.59240448381101,505.9240448381101,10.37569612553434,1729821661.0297017
50.744683455131415,507.44683455131417,10.382633538587694,1729821661.0396843
50.89706328740054,508.97063287400545,10.389510405826018,1729821661.0495708
51.04954309612769,510.49543096127695,10.396326967017346,1729821661.0596123
51.20212200036688,512.0212200036688,10.40308346384549,1729821661.069594
51.35479912274441,513.5479912274441,10.409780139876672,1729821661.0795214
51.507573589486036,515.0757358948604,10.416417240526185,1729821661.0895777
51.66044453044357,516.6044453044357,10.422995013025146,1729821661.0996435
51.81341107912104,518.1341107912103,10.429513706387256,1729821661.1096866
51.96647237270034,519.6647237270033,10.435973571375666,1729821661.1196394
52.11962755206639,521.1962755206639,10.442374860469869,1729821661.1295516
52.27287576183186,522.7287576183186,10.448717827832695,1729821661.1398034
52.426216150361356,524.2621615036136,10.455002729277357,1729821661.149646
52.579647869795124,525.7964786979512,10.461229822234584,1729821661.1595154
52.73317007607233,527.3317007607233,10.467399365719837,1729821661.169699
52.88678192895379,528.8678192895379,10.473511620300608,1729821661.1795292
53.040482592044285,530.4048259204428,10.479566848063811,1729821661.1896217
53.19427123281435,531.9427123281436,10.485565312583274,1729821661.1995418
53.34814702262161,533.4814702262161,10.491507278887308,1729821661.20961
53.50210913673163,535.0210913673163,10.497393013426406,1729821661.2195883
53.656156754338326,536.5615675433833,10.503222784041025,1729821661.2296891
53.810289058583855,538.1028905858385,10.508996859929495,1729821661.239597
53.96450523657808,539.6450523657808,10.514715511616021,1729821661.2495856
54.11880447941752,541.1880447941752,10.520379010918825,1729821661.2596223
54.27318598220391,542.7318598220392,10.525987630918387,1729821661.2695918
54.42764894406221,544.2764894406221,10.53154164592582,1729821661.279586
54.58219256815821,545.8219256815821,10.537041331451375,1729821661.289738
54.73681606171565,547.3681606171565,10.54248696417306,1729821661.299664
54.89151863603289,548.9151863603289,10.547878821905417,1729821661.3095624
55.04629950649913,550.4629950649913,10.55321718356841,1729821661.3196611
55.20115789261017,552.0115789261017,10.55850232915647,1729821661.3295805
55.3560930179837,553.560930179837,10.563734539707669,1729821661.339722
55.51110411037418,555.1110411037417,10.568914097273055,1729821661.3496387
55.66619040168722,556.6619040168722,10.574041284886121,1729821661.3597548
55.82135112799357,558.2135112799357,10.579116386532432,1729821661.3696182
55.976585529542646,559.7658552954265,10.5841396871194,1729821661.3795543
56.13189285077557,561.3189285077557,10.589111472446223,1729821661.389572
56.28727234033786,562.8727234033786,10.594032029173983,1729821661.3996794
56.442723251091586,564.4272325109158,10.59890164479589,1729821661.4098477
56.59824484012719,565.9824484012719,10.60372060760771,1729821661.4196537
56.75383636877478,567.5383636877477,10.608489206678351,1729821661.42966
56.90949710261507,569.0949710261507,10.613207731820609,1729821661.439636
57.065226311489866,570.6522631148987,10.617876473562102,1729821661.4499664
57.221023269512095,572.2102326951209,10.622495723116362,1729821661.459723
57.37688725507548,573.7688725507548,10.62706577235411,1729821661.4697022
57.53281755086374,575.3281755086374,10.631586913774704,1729821661.479527
57.688813443859395,576.888134438594,10.636059440477775,1729821661.4896169
57.844874225352164,578.4487422535217,10.64048364613503,1729821661.4996023
58.000999190946935,580.0099919094694,10.644859824962246,1729821661.5095737
58.15718764057135,581.5718764057135,10.649188271691456,1729821661.5196242
58.31343887848296,583.1343887848296,10.653469281543305,1729821661.5293941
58.469752213275996,584.69752213276,10.657703150199607,1729821661.5401702
58.62612695788772,586.2612695788772,10.661890173776092,1729821661.5498378
58.782562429604404,587.825624296044,10.666030648795333,1729821661.559726
58.93905795006691,589.3905795006691,10.670124872159878,1729821661.569562
59.09561284527586,590.9561284527585,10.674173141125573,1729821661.5796115
59.25222644559642,592.5222644559642,10.678175753275077,1729821661.589585
59.40889808576273,594.0889808576273,10.682133006491583,1729821661.5995936
59.56562710488191,595.6562710488191,10.686045198932717,1729821661.6096244
59.722412846437734,597.2241284643774,10.689912629004672,1729821661.6196175
59.87925465829386,598.7925465829386,10.693735595336504,1729821661.6296275
60.03615189269674,600.3615189269674,10.697514396754656,1729821661.6395433
60.19310390627817,601.9310390627817,10.701249332257674,1729821661.649622
60.350110060057396,603.501100600574,10.704940700991134,1729821661.6596432
60.507169719442956,605.0716971944296,10.708588802222764,1729821661.6697202
60.66428225423408,606.6428225423408,10.712193935317778,1729821661.679572
60.82144703862177,608.2144703862177,10.715756399714419,1729821661.6896868
60.97866345118952,609.7866345118952,10.7192764948997,1729821661.6997235
61.135930874913655,611.3593087491365,10.72275452038537,1729821661.709651
61.29324869716338,612.9324869716338,10.726190775684064,1729821661.7196476
61.45061630970042,614.5061630970042,10.729585560285685,1729821661.729567
61.608033108678356,616.0803310867835,10.732939173633982,1729821661.7396877
61.765498494641605,617.6549849464161,10.73625191510335,1729821661.7496865
61.92301187252405,619.2301187252405,10.73952408397583,1729821661.7597003
62.08057265164739,620.8057265164739,10.742755979418321,1729821661.7697086
62.238180245719064,622.3818024571906,10.745947900460012,1729821661.779594
62.39583407282996,623.9583407282996,10.749100145970019,1729821661.7895985
62.553533555451715,625.5353355545171,10.752213014635236,1729821661.7996266
62.711278120433704,627.112781204337,10.755286804938406,1729821661.809724
62.869067198999765,628.6906719899977,10.758321815136384,1729821661.819678
63.026900226744544,630.2690022674454,10.761318343238635,1729821661.8296096
63.18477664362956,631.8477664362956,10.764276686985935,1729821661.8397362
63.34269589397896,633.4269589397896,10.767197143829286,1729821661.8495657
63.500657426474966,635.0065742647497,10.77008001090904,1729821661.8597414
63.658660694152985,636.5866069415299,10.77292558503425,1729821661.8696294
63.8167051543965,638.167051543965,10.775734162662207,1729821661.8795543
63.974790268931585,639.7479026893159,10.778506039878222,1729821661.8896546
64.13291550382114,641.3291550382114,10.781241512375594,1729821661.8997035
64.2910803294589,642.910803294589,10.783940875435812,1729821661.9096684
64.44928422056304,644.4928422056305,10.786604423908946,1729821661.9196723
64.60752665616964,646.0752665616964,10.789232452194268,1729821661.929525
64.76580711962572,647.6580711962572,10.79182525422108,1729821661.9396975
64.92412509858212,649.2412509858212,10.794383123429752,1729821661.949602
65.08248008498605,650.8248008498605,10.79690635275296,1729821661.9596617
65.24087157507331,652.4087157507331,10.799395234597158,1729821661.969658
65.39929906936041,653.992990693604,10.801850060824242,1729821661.9796214
65.55776207263621,655.577620726362,10.804271122733423,1729821661.9896479
65.71626009395347,657.1626009395346,10.80665871104332,1729821661.9996316
65.87479264662007,658.7479264662006,10.80901311587425,1729821662.0096066
66.03335924818994,660.3335924818994,10.811334626730734,1729821662.0196145
66.19195942045383,661.9195942045383,10.813623532484204,1729821662.029621
66.35059268942972,663.5059268942972,10.81588012135592,1729821662.0396655
66.50925858535308,665.0925858535309,10.818104680900095,1729821662.0495775
66.66795664266681,666.6795664266681,10.820297497987214,1729821662.0596924
66.82668640001098,668.2668640001099,10.822458858787572,1729821662.069619
66.98544740021237,669.8544740021237,10.824589048755,1729821662.0796635
67.14423919027361,671.4423919027361,10.826688352610816,1729821662.0896645
67.30306132136232,673.0306132136232,10.828757054327946,1729821662.0997171
67.46191334879985,674.6191334879985,10.83079543711528,1729821662.1095788
67.62079483204988,676.2079483204989,10.832803783402195,1729821662.1197438
67.7797053347067,677.797053347067,10.83478237482331,1729821662.129666
67.9386444244834,679.386444244834,10.836731492203414,1729821662.1396425
68.09761167319974,680.9761167319973,10.8386514155426,1729821662.1495616
68.25660665676985,682.5660665676985,10.8405424240016,1729821662.159623
68.41562895518969,684.1562895518969,10.842404795887301,1729821662.1696463
68.57467815252434,685.7467815252435,10.844238808638483,1729821662.1795638
68.73375383689508,687.3375383689507,10.846044738811711,1729821662.1896195
68.89285560046616,688.9285560046617,10.847822862067455,1729821662.1996403
69.05198303943158,690.5198303943157,10.84957345315638,1729821662.2097044
69.21113575400142,692.1113575400142,10.851296785905834,1729821662.219683
69.37031334838822,693.7031334838822,10.85299313320652,1729821662.2297237
69.52951543079297,695.2951543079297,10.85466276699936,1729821662.2396727
69.68874161339102,696.8874161339102,10.856305958262546,1729821662.24961
69.84799151231776,698.4799151231776,10.857922976998774,1729821662.2599983
70.00726474765416,700.0726474765416,10.859514092222652,1729821662.2696059
70.16656094341205,701.6656094341205,10.861079571948318,1729821662.279595
70.32587972751931,703.258797275193,10.862619683177206,1729821662.2896926
70.48522073180479,704.8522073180479,10.864134691886022,1729821662.2996368
70.64458359198316,706.4458359198317,10.865624863014872,1729821662.3095975
70.80396794763952,708.0396794763952,10.867090460455593,1729821662.3196907
70.96337344221384,709.6337344221383,10.868531747040246,1729821662.329556
71.12279972298523,711.2279972298523,10.869948984529783,1729821662.3397765
71.28224644105616,712.8224644105616,10.871342433602893,1729821662.349608
71.4417132513363,714.417132513363,10.87271235384502,1729821662.360015
71.60119981252642,716.0119981252642,10.874059003737559,1729821662.3695772
71.760705787102,717.60705787102,10.875382640647198,1729821662.3795178
71.92023084129674,719.2023084129675,10.876683520815456,1729821662.3896596
72.07977464508592,720.7977464508592,10.877961899348374,1729821662.3996618
72.23933687216955,722.3933687216954,10.879218030206374,1729821662.4096465
72.39891719995546,723.9891719995546,10.880452166194281,1729821662.4196575
72.55851530954223,725.5851530954224,10.88166455895151,1729821662.4296792
72.7181308857019,727.181308857019,10.882855458942409,1729821662.4396288
72.87776361686262,728.7776361686263,10.884025115446777,1729821662.44962
73.03741319509116,730.3741319509116,10.885173776550516,1729821662.459654
73.19707931607522,731.9707931607522,10.886301689136467,1729821662.4697027
73.35676167910569,733.5676167910569,10.887409098875375,1729821662.4796011
73.51645998705875,735.1645998705875,10.888496250217031,1729821662.4896338
73.6761739463778,736.761739463778,10.889563386381555,1729821662.4996488
73.8359032670553,738.359032670553,10.890610749350833,1729821662.5095778
73.99564766261453,739.9564766261453,10.891638579860093,1729821662.519733
74.15540685009115,741.5540685009115,10.892647117389657,1729821662.529593
74.31518055001467,743.1518055001468,10.89363660015681,1729821662.5396643
74.47496848638983,744.7496848638982,10.894607265107824,1729821662.5497096
74.63477038667781,746.3477038667781,10.895559347910138,1729821662.5598912
74.79458598177744,747.9458598177745,10.89649308294466,1729821662.5696638
74.95441500600612,749.5441500600612,10.897408703298229,1729821662.5795865
75.11425719708076,751.1425719708076,10.898306440756201,1729821662.5896623
75.27411229609864,752.7411229609863,10.899186525795178,1729821662.5996013
75.43398004751805,754.3398004751805,10.900049187575883,1729821662.6096323
75.59386019913893,755.9386019913893,10.900894653936149,1729821662.61967
75.75375250208333,757.5375250208333,10.901723151384063,1729821662.6296356
75.91365671077583,759.1365671077583,10.902534905091228,1729821662.639658
76.07357258292383,760.7357258292383,10.903330138886158,1729821662.6496584
76.23349987949777,762.3349987949778,10.904109075247803,1729821662.6597033
76.39343836471123,763.9343836471123,10.904871935299207,1729821662.6695895
76.55338780600094,765.5338780600094,10.905618938801277,1729821662.6795645
76.71334797400677,767.1334797400676,10.906350304146692,1729821662.6896584
76.8733186425515,768.733186425515,10.907066248353921,1729821662.6996
77.03329958862062,770.3329958862062,10.907766987061377,1729821662.7096446
77.19329059234204,771.9329059234203,10.908452734521674,1729821662.7196019
77.35329143696556,773.5329143696556,10.90912370359602,1729821662.7295952
77.51330190884255,775.1330190884255,10.909780105748707,1729821662.7396016
77.67332179740524,776.7332179740524,10.910422151041738,1729821662.7496681
77.83335089514614,778.3335089514615,10.911050048129542,1729821662.759608
77.99338899759734,779.9338899759733,10.911664004253831,1729821662.7695923
78.15343590330964,781.5343590330964,10.912264225238543,1729821662.779598
78.31349141383178,783.1349141383179,10.912850915484903,1729821662.7896104
78.47355533368943,784.7355533368943,10.913424277966595,1729821662.7995713
78.63362747036422,786.3362747036422,10.91398451422504,1729821662.8103302
78.79370763427262,787.9370763427262,10.914531824364772,1729821662.8196678
78.9537956387449,789.537956387449,10.91506640704892,1729821662.8297195
79.11389130000377,791.1389130000377,10.915588459494803,1729821662.8396506
79.27399443714326,792.7399443714326,10.916098177469602,1729821662.8495965
79.43410487210731,794.3410487210731,10.91659575528616,1729821662.8597188
79.5942224296684,795.9422242966841,10.91708138579885,1729821662.869602
79.75434693740611,797.5434693740611,10.917555260399569,1729821662.8795722
79.91447822568557,799.1447822568557,10.918017569013799,1729821662.8897321
80.07461612763593,800.7461612763593,10.918468500096775,1729821662.8996472
80.23476047912878,802.3476047912878,10.918908240629754,1729821662.909567
80.39491111875638,803.9491111875639,10.919336976116353,1729821662.9195802
80.55506788781004,805.5506788781004,10.91975489057899,1729821662.9295213
80.71523063025826,807.1523063025826,10.920162166555409,1729821662.9396298
80.87539919272496,808.7539919272496,10.920558985095298,1729821662.94972
81.03557342446757,810.3557342446757,10.920945525756977,1729821662.95993
81.19575317735517,811.9575317735518,10.921321966604186,1729821662.9696748
81.35593830584644,813.5593830584644,10.921688484202939,1729821662.9795008
81.51612866696769,815.1612866696769,10.922045253618474,1729821662.989657
81.67632412029081,816.7632412029081,10.922392448412278,1729821662.9996605
81.8365245279112,818.365245279112,10.922730240639176,1729821663.009609
81.99672975442554,819.9672975442554,10.92305880084452,1729821663.0197349
82.15693966690972,821.5693966690972,10.923378298061438,1729821663.0297403
82.31715413489654,823.1715413489654,10.92368889980816,1729821663.0396824
82.47737303035349,824.7737303035349,10.92399077208542,1729821663.0496294
82.63759622766044,826.3759622766044,10.92428407937392,1729821663.0596812
82.79782360358733,827.9782360358734,10.924568984631886,1729821663.0696766
82.95805503727182,829.5805503727182,10.924845649292665,1729821663.0795856
83.1182904101968,831.182904101968,10.92511423326241,1729821663.0897293
83.27852960616809,832.7852960616809,10.925374894917821,1729821663.0996084
83.43877251129187,834.3877251129187,10.92562779110396,1729821663.1095502
83.59901901395224,835.9901901395224,10.925873077132117,1729821663.1195772
83.75926900478868,837.5926900478868,10.926110906777755,1729821663.1294594
83.91952237667347,839.1952237667347,10.926341432278502,1729821663.1397398
84.07977902468917,840.7977902468917,10.926564804332209,1729821663.14972
84.24003884610595,842.4003884610595,10.926781172095074,1729821663.1595993
84.40030174035894,844.0030174035894,10.92699068317981,1729821663.1695886
84.56056760902565,845.6056760902566,10.927193483653877,1729821663.179556
84.7208363558032,847.208363558032,10.927389718037771,1729821663.1895444
84.88110788648564,848.8110788648564,10.927579529303372,1729821663.1996272
85.0413821089412,850.4138210894121,10.92776305887233,1729821663.2097657
85.20165893308956,852.0165893308956,10.927940446614514,1729821663.2196486
85.36193827087904,853.6193827087903,10.928111830846513,1729821663.2296033
85.52222003626379,855.2222003626379,10.92827734833018,1729821663.2395635
85.682504145181,856.82504145181,10.928437134271237,1729821663.249596
85.84279051552804,858.4279051552803,10.928591322317907,1729821663.2596462
86.00307906713958,860.0307906713958,10.928740044559616,1729821663.26963
86.16336972176474,861.6336972176474,10.928883431525723,1729821663.2795804
86.32366240304417,863.2366240304417,10.929021612184302,1729821663.2896466
86.48395703648713,864.8395703648713,10.929154713940969,1729821663.2997181
86.64425354944858,866.4425354944858,10.929282862637747,1729821663.3096516
86.80455187110621,868.0455187110622,10.929406182551974,1729821663.3197036
86.9648519324375,869.648519324375,10.929524796395247,1729821663.3295054
87.12515366619671,871.2515366619671,10.929638825312425,1729821663.3396413
87.2854570068919,872.854570068919,10.929748388880636,1729821663.3495913
87.44576189076194,874.4576189076195,10.929853605108349,1729821663.359989
87.60606825575347,876.0606825575347,10.92995459043448,1729821663.3696494
87.76637604149785,877.6637604149785,10.930051459727519,1729821663.3795772
87.92668518928816,879.2668518928816,10.930144326284703,1729821663.3896465
88.08699564205614,880.8699564205614,10.930233301831217,1729821663.399638
88.24730734434904,882.4730734434904,10.930318496519437,1729821663.4096925
88.40762024230665,884.0762024230664,10.930400018928193,1729821663.4195611
88.56793428363815,885.6793428363815,10.930477976062068,1729821663.4297118
88.72824941759905,887.2824941759905,10.93055247335073,1729821663.4396176
88.888565594968,888.88565594968,10.930623614648287,1729821663.449672
89.0488827680238,890.488827680238,10.930691502232674,1729821663.4597263
89.20920089052215,892.0920089052215,10.930756236805072,1729821663.4696364
89.36951991767259,893.695199176726,10.93081791748934,1729821663.4796371
89.52983980611535,895.2983980611534,10.930876641831494,1729821663.4896264
89.69016051389815,896.9016051389815,10.93093250579918,1729821663.499676
89.85048200045313,898.5048200045312,10.930985603781211,1729821663.5095882
90.01080422657361,900.1080422657361,10.931036028587087,1729821663.5196602
90.17112715439096,901.7112715439096,10.931083871446573,1729821663.529469
90.3314507473514,903.3145074735139,10.93112922200927,1729821663.5396643
90.49177497019285,904.9177497019285,10.931172168344228,1729821663.5495925
90.65209978892172,906.5209978892171,10.931212796939567,1729821663.559763
90.81242517078972,908.1242517078972,10.931251192702124,1729821663.569713
90.97275108427067,909.7275108427067,10.93128743895712,1729821663.5796175
91.13307749903728,911.3307749903729,10.931321617447836,1729821663.5895677
91.29340438593799,912.9340438593799,10.931353808335317,1729821663.5995512
91.45373171697369,914.537317169737,10.931384090198089,1729821663.6101456
91.61405946527458,916.1405946527458,10.931412540031893,1729821663.6196895
91.77438760507688,917.7438760507688,10.931439233249433,1729821663.629657
91.93471611169967,919.3471611169967,10.931464243680141,1729821663.639599
92.09504496152162,920.9504496152163,10.931487643569955,1729821663.6495516
92.2553741319578,922.553741319578,10.931509503581113,1729821663.659698
92.4157036014364,924.157036014364,10.931529892791955,1729821663.6697404
92.57603334937559,925.760333493756,10.931548878696745,1729821663.6796367
92.73636335616015,927.3636335616015,10.931566527205504,1729821663.68976
92.89669360311836,928.9669360311836,10.931582902643846,1729821663.6997232
93.05702407249868,930.5702407249868,10.931598067752837,1729821663.7095752
93.21735474744652,932.1735474744652,10.93161208368885,1729821663.719658
93.37768561198104,933.7768561198104,10.931625010023454,1729821663.7295585
93.53801665097184,935.3801665097184,10.93163690474328,1729821663.7396488
93.69834785011577,936.9834785011576,10.931647824249923,1729821663.7496247
93.85867919591364,938.5867919591363,10.931657823359846,1729821663.759672
94.019010675647,940.19010675647,10.931666955304275,1729821663.7696538
94.17934227735486,941.7934227735486,10.93167527172913,1729821663.7795765
94.33967398981048,943.3967398981048,10.931682822694944,1729821663.7896495
94.50000580249807,945.0000580249807,10.931689656676786,1729821663.799681
94.66033770558954,946.6033770558954,10.931695820564208,1729821663.8096213
94.82066968992129,948.2066968992128,10.931701359661183,1729821663.8196692
94.98100174697089,949.8100174697089,10.931706317686052,1729821663.829709
95.1413338688339,951.413338688339,10.931710736771482,1729821663.8396864
95.30166604820053,953.0166604820054,10.931714657464418,1729821663.8496742
95.46199827833244,954.6199827833244,10.93171811872605,1729821663.8596716
95.62233055303949,956.2233055303949,10.93172115793178,1729821663.8697827
95.7826628666564,957.8266286665639,10.931723810871187,1729821663.8796802
95.94299521401958,959.4299521401957,10.931726111748013,1729821663.8896503
96.10332759044383,961.0332759044383,10.931728093180128,1729821663.899669
96.26365999169907,962.6365999169907,10.931729786199517,1729821663.9095623
96.42399241398715,964.2399241398715,10.931731220252262,1729821663.9196787
96.58432485391847,965.8432485391847,10.931732423198525,1729821663.9295342
96.74465730848884,967.4465730848884,10.931733421312542,1729821663.939767
96.90498977505612,969.0498977505613,10.931734239282603,1729821663.9496994
97.06532225131704,970.6532225131705,10.931734900211055,1729821663.959685
97.2256547352839,972.256547352839,10.931735425614283,1729821663.969682
97.38598722526129,973.8598722526128,10.931735835422714,1729821663.9795973
97.54631971982288,975.4631971982287,10.931736147980807,1729821663.9895961
97.70665221778812,977.0665221778812,10.931736380047049,1729821663.9996276
97.86698471819898,978.6698471819898,10.931736546793957,1729821664.0096295
98.02731722029672,980.2731722029672,10.931736661808072,1729821664.0197208
98.1876497234986,981.8764972349859,10.931736737089954,1729821664.0295627
98.34798222737462,983.4798222737461,10.931736783054195,1729821664.0396552
98.50831473162427,985.0831473162427,10.931736808529395,1729821664.0496378
98.66864723605327,986.6864723605328,10.931736820758188,1729821664.0598316
98.82897974055032,988.2897974055032,10.93173682539722,1729821664.0700383
98.9893122450638,989.893122450638,10.931736826517163,1729821664.079794
99.14964474957853,991.4964474957853,10.931736826602705,1729821664.089605
99.30997725409253,993.0997725409253,10.93173682655256,1729821664.0997522
99.47030975859373,994.7030975859373,10.931736825679456,1729821664.1096292
99.6306422630367,996.306422630367,10.93173682171015,1729821664.1196096
99.79097476731945,997.9097476731945,10.93173681078541,1729821664.1295118
99.95130727126009,999.5130727126009,10.93173678746003,1729821664.1396513
100.11163977457362,1001.1163977457362,10.931736744702826,1729821664.1495893
100.27197227684866,1002.7197227684866,10.931736673896634,1729821664.159602
100.43230477752417,1004.3230477752417,10.931736564838307,1729821664.169627
100.59263727586621,1005.9263727586621,10.931736405738723,1729821664.1795242
100.75296977094469,1007.5296977094469,10.931736183222784,1729821664.1896129
100.91330226161004,1009.1330226161004,10.931735882329411,1729821664.1995738
101.07363474647006,1010.7363474647007,10.931735486511556,1729821664.209703
101.23396722386656,1012.3396722386656,10.931734977636193,1729821664.219705
101.39429969185214,1013.9429969185214,10.931734335984332,1729821664.2296472
101.55463214816695,1015.5463214816695,10.931733540251011,1729821664.2397523
101.71496459021536,1017.1496459021536,10.931732567545312,1729821664.2495642
101.8752970150428,1018.752970150428,10.931731393390361,1729821664.259632
102.03562941931241,1020.3562941931241,10.931729991723339,1729821664.2695715
102.19596179928183,1021.9596179928183,10.931728334895482,1729821664.279458
102.3562941507799,1023.562941507799,10.931726393672106,1729821664.2895687
102.51662646918345,1025.1662646918344,10.931724137232608,1729821664.2997222
102.676958749394,1026.76958749394,10.931721533170489,1729821664.3095968
102.83729098581452,1028.3729098581452,10.931718547493364,1729821664.3196409
102.99762317232616,1029.9762317232617,10.93171514462299,1729821664.3295228
103.157955302265,1031.5795530226499,10.931711287395284,1729821664.3396974
103.31828736839877,1033.1828736839877,10.931706937060351,1729821664.349746
103.47861936290364,1034.7861936290365,10.931702053282514,1729821664.3596354
103.63895127734092,1036.3895127734093,10.931696594140352,1729821664.3696735
103.7992831026338,1037.9928310263379,10.931690516126729,1729821664.379549
103.9596148290441,1039.596148290441,10.931683774148848,1729821664.3895926
104.11994644614906,1041.1994644614906,10.931676321528291,1729821664.399627
104.28027794281802,1042.8027794281802,10.931668110001077,1729821664.4097354
104.44060930718918,1044.4060930718917,10.931659089717714,1729821664.4196224
104.60094052664638,1046.0094052664638,10.931649209243272,1729821664.4296324
104.76127158779585,1047.6127158779584,10.93163841555745,1729821664.4396124
104.92160247644287,1049.2160247644288,10.931626654054654,1729821664.4495747
105.08193317756864,1050.8193317756864,10.931613868544083,1729821664.4598458
105.24226367530697,1052.4226367530698,10.931600001249823,1729821664.4696734
105.40259395292104,1054.0259395292103,10.931584992810947,1729821664.4795537
105.56292399278013,1055.6292399278013,10.931568782281623,1729821664.4896648
105.72325377633643,1057.2325377633642,10.931551307131238,1729821664.4996805
105.88358328410177,1058.8358328410177,10.931532503244526,1729821664.509612
106.04391249562437,1060.4391249562436,10.931512304921698,1729821664.5196748
106.20424138946561,1062.042413894656,10.931490644878608,1729821664.529545
106.3645699431768,1063.645699431768,10.931467454246892,1729821664.5396976
106.52489813327598,1065.2489813327597,10.931442662574161,1729821664.549637
106.68522593522461,1066.8522593522462,10.931416197824174,1729821664.55972
106.8455533234044,1068.455533234044,10.931387986377038,1729821664.5696244
107.0058802710941,1070.058802710941,10.931357953029416,1729821664.5795214
107.16620675044622,1071.6620675044621,10.931326020994756,1729821664.589585
107.32653273246387,1073.2653273246387,10.931292111903533,1729821664.5995657
107.48685818697753,1074.8685818697752,10.931256145803493,1729821664.609686
107.64718308262181,1076.4718308262181,10.93121804115993,1729821664.619618
107.80750738681229,1078.075073868123,10.931177714855979,1729821664.6295815
107.9678310657223,1079.678310657223,10.931135082192904,1729821664.6397426
108.12815408425969,1081.281540842597,10.931090056890438,1729821664.649539
108.28847640604371,1082.8847640604372,10.93104255108711,1729821664.6596978
108.44879799338179,1084.4879799338178,10.930992475340613,1729821664.6696517
108.60911880724633,1086.0911880724634,10.930939738628174,1729821664.679581
108.76943880725156,1087.6943880725157,10.930884248346967,1729821664.6897402
108.92975795163036,1089.2975795163036,10.930825910314523,1729821664.6996179
109.09007619721113,1090.9007619721112,10.93076462876918,1729821664.7095084
109.25039349939458,1092.5039349939457,10.930700306370548,1729821664.719615
109.4107098121306,1094.107098121306,10.930632844199998,1729821664.729496
109.57102508789518,1095.7102508789517,10.930562141761174,1729821664.7396395
109.73133927766716,1097.3133927766717,10.930488096980543,1729821664.7495854
109.89165233090523,1098.9165233090523,10.930410606207946,1729821664.759626
110.05196419552473,1100.5196419552474,10.930329564217203,1729821664.7696345
110.21227481787459,1102.122748178746,10.930244864206728,1729821664.779454
110.3725841427142,1103.725841427142,10.930156397800175,1729821664.7895565
110.53289211319036,1105.3289211319036,10.930064055047122,1729821664.7995749
110.69319867081417,1106.9319867081417,10.929967724423777,1729821664.809655
110.85350375543797,1108.5350375543796,10.929867292833714,1729821664.8196452
111.01380730523232,1110.1380730523233,10.929762645608653,1729821664.8296285
111.17410925666292,1111.741092566629,10.929653666509251,1729821664.839596
111.33440954446758,1113.3440954446758,10.929540237725956,1729821664.8496246
111.49470810163322,1114.9470810163323,10.929422239879868,1729821664.859712
111.65500485937288,1116.550048593729,10.929299552023654,1729821664.8696072
111.8152997471027,1118.152997471027,10.92917205164249,1729821664.8796113
111.97559269241896,1119.7559269241897,10.929039614655048,1729821664.8896618
112.13588362107511,1121.3588362107512,10.92890211541451,1729821664.8996632
112.29617245695883,1122.9617245695883,10.928759426709643,1729821664.9095824
112.4564591220691,1124.564591220691,10.928611419765884,1729821664.9195704
112.61674353649332,1126.1674353649332,10.928457964246498,1729821664.9294465
112.77702561838434,1127.7702561838435,10.928298928253751,1729821664.9396045
112.93730528393766,1129.3730528393767,10.928134178330156,1729821664.949897
113.09758244736852,1130.9758244736852,10.927963579459734,1729821664.9596584
113.2578570208891,1132.578570208891,10.927786995069335,1729821664.9695687
113.41812891468568,1134.181289146857,10.927604287030015,1729821664.9795303
113.57839803689585,1135.7839803689585,10.927415315658443,1729821664.9897125
113.73866429358571,1137.3866429358573,10.92721993971837,1729821664.9995527
113.89892758872718,1138.9892758872718,10.927018016422133,1729821665.0097265
114.05918782417517,1140.5918782417516,10.926809401432237,1729821665.0197182
114.21944489964496,1142.1944489964496,10.926593948862962,1729821665.029629
114.37969871268947,1143.7969871268947,10.926371511282033,1729821665.0396218
114.53994915867665,1145.3994915867665,10.926141939712354,1729821665.049589
114.70019613076678,1147.001961307668,10.925905083633786,1729821665.0595658
114.86043951988992,1148.6043951988993,10.925660790984985,1729821665.0695279
115.02067921472332,1150.206792147233,10.925408908165302,1729821665.0795803
115.18091510166883,1151.8091510166882,10.925149280036734,1729821665.0895984
115.34114706483047,1153.4114706483047,10.924881749925952,1729821665.0997272
115.50137498599186,1155.0137498599186,10.924606159626368,1729821665.1097293
115.6615987445938,1156.6159874459381,10.924322349400283,1729821665.1196258
115.82181821771186,1158.2181821771187,10.924030157981095,1729821665.129595
115.98203328003396,1159.8203328003397,10.923729422575567,1729821665.1397269
116.142243803838,1161.42243803838,10.923419978866168,1729821665.1495664
116.30244965896958,1163.024496589696,10.923101661013474,1729821665.1595979
116.46265071281971,1164.626507128197,10.922774301658656,1729821665.1696606
116.62284683030255,1166.2284683030255,10.922437731926014,1729821665.1795416
116.78303787383318,1167.8303787383318,10.922091781425598,1729821665.189561
116.94322370330548,1169.4322370330547,10.921736278255906,1729821665.1995955
117.10340417606994,1171.0340417606994,10.921371049006643,1729821665.2099905
117.26357914691164,1172.6357914691164,10.920995918761568,1729821665.219603
117.42374846802815,1174.2374846802816,10.920610711101405,1729821665.2296069
117.58391198900756,1175.8391198900756,10.920215248106848,1729821665.2396019
117.74406955680651,1177.4406955680652,10.919809350361634,1729821665.249671
117.90422101572828,1179.0422101572829,10.919392836955705,1729821665.2596533
118.06436620740097,1180.6436620740096,10.918965525488444,1729821665.2696567
118.22450497075559,1182.2450497075558,10.918527232072,1729821665.2795775
118.38463714200442,1183.8463714200443,10.918077771334705,1729821665.2896059
118.54476255461921,1185.447625546192,10.917616956424558,1729821665.2996569
118.70488103930956,1187.0488103930957,10.917144599012822,1729821665.3095737
118.86499242400127,1188.6499242400128,10.91666050929769,1729821665.3196733
119.02509653381487,1190.2509653381487,10.916164496008056,1729821665.329534
119.18519319104406,1191.8519319104407,10.915656366407363,1729821665.3396134
119.34528221513429,1193.4528221513428,10.915135926297566,1729821665.3495955
119.50536342266139,1195.053634226614,10.914602980023165,1729821665.359629
119.66543662731027,1196.6543662731028,10.914057330475357,1729821665.3696785
119.82550163985364,1198.2550163985363,10.913498779096273,1729821665.3795755
119.98555826813083,1199.8555826813083,10.912927125883316,1729821665.3895636
120.14560631702668,1201.4560631702668,10.912342169393606,1729821665.3995647
120.30564558845045,1203.0564558845044,10.91174370674852,1729821665.4097261
120.46567588131487,1204.6567588131486,10.911131533638342,1729821665.4196231
120.62569699151517,1206.2569699151518,10.910505444327006,1729821665.4296117
120.78570871190831,1207.8570871190832,10.909865231656969,1729821665.4397159
120.94571083229214,1209.4571083229214,10.909210687054168,1729821665.4496098
121.10570313938467,1211.0570313938467,10.908541600533097,1729821665.4596903
121.26568541680356,1212.6568541680356,10.907857760701999,1729821665.4696362
121.42565744504546,1214.2565744504545,10.90715895476817,1729821665.4795623
121.58561900146559,1215.8561900146558,10.906444968543362,1729821665.489602
121.74556986025736,1217.4556986025736,10.905715586449324,1729821665.4997072
121.90550979243206,1219.0550979243205,10.904970591523446,1729821665.509566
122.0654385657986,1220.654385657986,10.904209765424527,1729821665.5196395
122.22535594494346,1222.2535594494345,10.903432888438656,1729821665.5295477
122.38526169121057,1223.8526169121058,10.902639739485231,1729821665.5396428
122.54515556268139,1225.4515556268138,10.901830096123074,1729821665.5496287
122.705037314155,1227.0503731415502,10.901003734556708,1729821665.559697
122.86490669712845,1228.6490669712844,10.90016042964272,1729821665.5697136
123.02476345977692,1230.2476345977693,10.899299954896279,1729821665.5794919
123.18460734693429,1231.8460734693429,10.898422082497783,1729821665.589591
123.34443810007356,1233.4443810007356,10.897526583299614,1729821665.59968
123.50425545728756,1235.0425545728756,10.896613226833052,1729821665.609623
123.66405915326958,1236.6405915326957,10.895681781315304,1729821665.619564
123.82384891929428,1238.2384891929428,10.89473201365668,1729821665.6295805
123.9836244831986,1239.836244831986,10.893763689467901,1729821665.6395862
124.1433855693628,1241.4338556936282,10.89277657306754,1729821665.6495786
124.30313189869167,1243.0313189869166,10.891770427489615,1729821665.6595707
124.46286318859572,1244.6286318859572,10.890745014491312,1729821665.6696894
124.62257915297262,1246.2257915297262,10.889700094560862,1729821665.679603
124.78227950218871,1247.822795021887,10.888635426925545,1729821665.689599
124.94196394306061,1249.4196394306061,10.887550769559864,1729821665.6997275
125.10163217883698,1251.0163217883699,10.88644587919384,1729821665.7095516
125.26128390918038,1252.6128390918038,10.885320511321478,1729821665.7196512
125.42091883014926,1254.2091883014925,10.88417442020937,1729821665.729557
125.58053663418012,1255.8053663418011,10.883007358905457,1729821665.7396913
125.74013701006973,1257.4013701006972,10.88181907924794,1729821665.74957
125.89971964295754,1258.9971964295753,10.880609331874341,1729821665.7596319
126.05928421430818,1260.5928421430817,10.879377866230739,1729821665.7696114
126.21883040189418,1262.1883040189418,10.878124430581135,1729821665.7795444
126.37835787977872,1263.7835787977872,10.876848772017011,1729821665.7896287
126.53786631829858,1265.3786631829857,10.87555063646701,1729821665.799601
126.69735538404727,1266.9735538404727,10.874229768706815,1729821665.8096592
126.85682473985821,1268.5682473985821,10.872885912369167,1729821665.8196642
127.01627404478816,1270.1627404478816,10.871518809954056,1729821665.829626
127.17570295410074,1271.7570295410073,10.870128202839082,1729821665.8396127
127.33511111925013,1273.3511111925013,10.868713831289977,1729821665.8495529
127.49449818786489,1274.9449818786488,10.867275434471296,1729821665.859676
127.65386380373202,1276.5386380373202,10.86581275045729,1729821665.8696275
127.8132076067811,1278.132076067811,10.86432551624293,1729821665.8794956
127.97252923306863,1279.7252923306862,10.862813467755133,1729821665.8895926
128.13182831476252,1281.3182831476252,10.861276339864125,1729821665.8996682
128.29110448012676,1282.9110448012675,10.859713866395019,1729821665.9095929
128.45035735350635,1284.5035735350634,10.858125780139538,1729821665.9197192
128.60958655531215,1286.0958655531215,10.856511812867945,1729821665.929612
128.7687917020062,1287.687917020062,10.854871695341119,1729821665.9396062
128.92797240608712,1289.279724060871,10.85320515732285,1729821665.9496205
129.08712827607553,1290.8712827607553,10.851511927592288,1729821665.959677
129.24625891649995,1292.4625891649996,10.849791733956582,1729821665.9696126
129.40536392788263,1294.0536392788263,10.848044303263713,1729821665.9795175
129.5644429067257,1295.644429067257,10.846269361415507,1729821665.9896631
129.72349544549752,1297.2349544549752,10.844466633380828,1729821665.9995265
129.8825211326191,1298.825211326191,10.842635843208976,1729821666.0095384
130.04151955245095,1300.4151955245095,10.840776714043255,1729821666.0195827
130.2004902852799,1302.004902852799,10.838888968134752,1729821666.0295713
130.3594329073062,1303.594329073062,10.836972326856289,1729821666.0396662
130.51834699063093,1305.1834699063093,10.835026510716578,1729821666.049624
130.67723210324345,1306.7723210324345,10.833051239374573,1729821666.0597782
130.83608780900926,1308.3608780900927,10.831046231654007,1729821666.0698044
130.9949136676578,1309.949136676578,10.829011205558134,1729821666.0796428
131.15370923477084,1311.5370923477085,10.826945878284661,1729821666.0896788
131.3124740617707,1313.124740617707,10.824849966240889,1729821666.0996745
131.47120769590902,1314.7120769590902,10.822723185059035,1729821666.1096
131.6299096802555,1316.2990968025551,10.820565249611775,1729821666.1196601
131.78857955368713,1317.8857955368712,10.818375874027971,1729821666.1295118
131.94721685087734,1319.4721685087734,10.81615477170861,1729821666.1396453
132.10582110228574,1321.0582110228574,10.813901655342946,1729821666.1497061
132.26439183414786,1322.6439183414786,10.811616236924827,1729821666.1595812
132.42292856846507,1324.2292856846507,10.809298227769261,1729821666.1695673
132.58143082299506,1325.8143082299507,10.806947338529156,1729821666.1795266
132.73989811124227,1327.3989811124227,10.804563279212276,1729821666.1896107
132.8983299424487,1328.983299424487,10.802145759198412,1729821666.199546
133.05672582158493,1330.5672582158493,10.79969448725675,1729821666.2096531
133.2150852493415,1332.1508524934152,10.797209171563443,1729821666.2196393
133.3734077221204,1333.734077221204,10.794689519719416,1729821666.2296832
133.53169273202684,1335.3169273202684,10.792135238768347,1729821666.2395816
133.68993976686153,1336.8993976686152,10.789546035214881,1729821666.2496924
133.8481483101129,1338.481483101129,10.786921615043045,1729821666.2597017
134.00631784094972,1340.0631784094971,10.784261683734881,1729821666.269669
134.16444783421417,1341.6444783421416,10.78156594628928,1729821666.279596
134.32253776041483,1343.2253776041484,10.778834107241034,1729821666.2896535
134.48058708572034,1344.8058708572034,10.776065870680103,1729821666.2996733
134.63859527195302,1346.3859527195302,10.77326094027109,1729821666.3096406
134.796561776583,1347.9656177658298,10.770419019272923,1729821666.3196404
134.9544860527225,1349.544860527225,10.767539810558771,1729821666.32954
135.1123675491206,1351.1236754912059,10.764623016636142,1729821666.339678
135.270205710158,1352.70205710158,10.761668339667228,1729821666.349938
135.42799997584237,1354.2799997584236,10.758675481489435,1729821666.359644
135.58574978180383,1355.8574978180382,10.755644143636152,1729821666.3696659
135.74345455929088,1357.4345455929088,10.752574027357708,1729821666.3795648
135.90111373516646,1359.0111373516647,10.749464833642566,1729821666.3896348
136.0587267319045,1360.587267319045,10.746316263238723,1729821666.399607
136.21629296758667,1362.1629296758667,10.743128016675312,1729821666.4097507
136.3738118558995,1363.738118558995,10.739899794284439,1729821666.419595
136.53128280613183,1365.3128280613182,10.73663129622322,1729821666.4295397
136.68870522317252,1366.8870522317252,10.733322222496033,1729821666.4397547
136.8460785075086,1368.4607850750858,10.729972272976989,1729821666.4497101
137.00340205522363,1370.0340205522364,10.72658114743261,1729821666.4597306
137.16067525799656,1371.6067525799656,10.72314854554472,1729821666.4696214
137.3178975031007,1373.1789750310072,10.719674166933558,1729821666.4795325
137.4750681734033,1374.750681734033,10.716157711181088,1729821666.4897025
137.6321866473651,1376.321866473651,10.712598877854532,1729821666.4996817
137.78925229904078,1377.8925229904078,10.708997366530111,1729821666.5095725
137.9462644980792,1379.462644980792,10.705352876816995,1729821666.519605
138.1032226097243,1381.032226097243,10.701665108381466,1729821666.529498
138.26012599481635,1382.6012599481635,10.697933760971281,1729821666.5396445
138.41697400979342,1384.1697400979342,10.69415853444026,1729821666.5496602
138.5737660066934,1385.737660066934,10.690339128773068,1729821666.5598855
138.73050133315618,1387.305013331562,10.686475244110207,1729821666.569614
138.8871793324264,1388.871793324264,10.682566580773221,1729821666.579651
139.04379934335643,1390.4379934335643,10.678612839290091,1729821666.5896618
139.20036070040973,1392.0036070040974,10.674613720420853,1729821666.5996299
139.3568627336647,1393.568627336647,10.670568925183408,1729821666.6097713
139.5133047688189,1395.133047688189,10.666478154879535,1729821666.619602
139.6696861271934,1396.6968612719338,10.6623411111211,1729821666.6296399
139.82600612573788,1398.2600612573788,10.658157495856484,1729821666.6396203
139.98226407703595,1399.8226407703596,10.653927011397185,1729821666.6495597
140.1384592893108,1401.3845928931078,10.64964936044463,1729821666.6597297
140.2945910664313,1402.945910664313,10.645324246117186,1729821666.6697004
140.45065870791868,1404.5065870791868,10.640951371977353,1729821666.6795359
140.60666150895324,1406.0666150895324,10.636530442059163,1729821666.689537
140.76259876038174,1407.6259876038173,10.632061160895756,1729821666.6996436
140.91846974872522,1409.1846974872522,10.627543233547167,1729821666.7096171
141.07427375618698,1410.74273756187,10.622976365628272,1729821666.7196398
141.23001006066127,1412.3001006066127,10.61836026333695,1729821666.7295115
141.38567793574217,1413.8567793574216,10.613694633482403,1729821666.7396684
141.541276650733,1415.4127665073302,10.608979183513677,1729821666.7495959
141.6968054706562,1416.9680547065618,10.604213621548357,1729821666.7596617
141.85226365626332,1418.5226365626331,10.599397656401436,1729821666.7696824
142.00765046404604,1420.0765046404604,10.594530997614372,1729821666.7795672
142.16296514624693,1421.6296514624694,10.589613355484303,1729821666.7896821
142.31820695087112,1423.1820695087113,10.584644441093452,1729821666.7995641
142.4733751216982,1424.733751216982,10.57962396633869,1729821666.8097486
142.6284688982947,1426.284688982947,10.574551643961268,1729821666.8195975
142.78348751602672,1427.8348751602673,10.569427187576716,1729821666.8297055
142.9384302060734,1429.3843020607342,10.564250311704907,1729821666.839661
143.0932961954405,1430.932961954405,10.559020731800278,1729821666.8496304
143.24808470697457,1432.4808470697458,10.553738164282207,1729821666.8596277
143.40279495937762,1434.0279495937762,10.548402326565553,1729821666.8696117
143.55742616722205,1435.5742616722205,10.543012937091332,1729821666.8795004
143.71197754096627,1437.1197754096627,10.537569715357566,1729821666.8895946
143.86644828697064,1438.6644828697063,10.532072381950256,1729821666.8997436
144.02083760751376,1440.2083760751375,10.526520658574505,1729821666.9096599
144.17514470080948,1441.7514470080948,10.520914268085798,1729821666.9196994
144.32936876102423,1443.2936876102422,10.515252934521396,1729821666.929612
144.4835089782947,1444.835089782947,10.509536383131872,1729821666.9396222
144.63756453874623,1446.3756453874623,10.503764340412788,1729821666.9498658
144.79153462451146,1447.9153462451145,10.497936534136493,1729821666.9596677
144.9454184137495,1449.454184137495,10.492052693384034,1729821666.9696126
145.09921508066572,1450.9921508066573,10.486112548577216,1729821666.9795058
145.25292379553173,1452.5292379553173,10.480115831510748,1729821666.9895475
145.4065437247061,1454.065437247061,10.47406227538453,1729821666.9996266
145.56007403065541,1455.6007403065541,10.467951614836025,1729821667.0097158
145.7135138719758,1457.135138719758,10.46178358597277,1729821667.019627
145.866862403415,1458.66862403415,10.455557926404953,1729821667.029683
146.0201187758949,1460.201187758949,10.449274375278126,1729821667.0396173
146.17328213653448,1461.7328213653448,10.442932673305979,1729821667.0496683
146.32635162867334,1463.2635162867334,10.436532562803231,1729821667.0596385
146.47932639189568,1464.7932639189569,10.430073787718602,1729821667.06959
146.63220556205468,1466.3220556205467,10.423556093667852,1729821667.079547
146.7849882712975,1467.849882712975,10.416979227966932,1729821667.08962
146.93767364809068,1469.3767364809069,10.410342939665176,1729821667.09968
147.09026081724608,1470.9026081724608,10.403646979578584,1729821667.1095593
147.24274889994717,1472.4274889994717,10.396891100323163,1729821667.119624
147.39513701377612,1473.9513701377612,10.390075056348339,1729821667.1295774
147.54742427274098,1475.4742427274098,10.383198603970412,1729821667.1395926
147.69960978730364,1476.9960978730364,10.376261501406075,1729821667.1497657
147.85169266440826,1478.5169266440826,10.369263508805982,1729821667.159608
148.00367200750998,1480.0367200750998,10.362204388288344,1729821667.1696553
148.15554691660438,1481.5554691660438,10.35508390397259,1729821667.179532
148.3073164882573,1483.073164882573,10.347901822013032,1729821667.1896482
148.45897981563516,1484.5897981563517,10.34065791063259,1729821667.1995988
148.61053598853584,1486.1053598853584,10.333351940156506,1729821667.2096477
148.76198409341998,1487.6198409341998,10.325983683046115,1729821667.2196796
148.91332321344277,1489.1332321344275,10.318552913932594,1729821667.2296748
149.06455242848628,1490.6455242848629,10.311059409650753,1729821667.239595
149.21567081519237,1492.1567081519238,10.3035029492728,1729821667.2496948
149.3666774469959,1493.6667744699591,10.295883314142129,1729821667.2596173
149.51757139415855,1495.1757139415854,10.288200287907076,1729821667.269629
149.66835172380314,1496.6835172380315,10.280453656554691,1729821667.279568
149.81901749994844,1498.1901749994845,10.272643208444473,1729821667.2895508
149.96956778354442,1499.6956778354443,10.264768734342082,1729821667.2997444
150.12000163250806,1501.2000163250807,10.256830027453034,1729821667.309669
150.27031810175964,1502.7031810175963,10.248826883456351,1729821667.3196876
150.4205162432595,1504.205162432595,10.24075910053817,1729821667.3296068
150.5705951060453,1505.705951060453,10.232626479425322,1729821667.3396704
150.72055373626972,1507.2055373626972,10.22442882341884,1729821667.349567
150.87039117723884,1508.7039117723884,10.21616593842742,1729821667.3596408
151.02010646945078,1510.2010646945077,10.207837633000818,1729821667.3696115
151.1696986506349,1511.696986506349,10.199443718363172,1729821667.379643
151.31916675579157,1513.1916675579157,10.190984008446266,1729821667.3896332
151.4685098172324,1514.685098172324,10.182458319922684,1729821667.3996084
151.61772686462078,1516.1772686462077,10.17386647223891,1729821667.40969
151.76681692501322,1517.6681692501322,10.165208287648305,1729821667.4197166
151.91577902290092,1519.1577902290092,10.156483591244008,1729821667.4296064
152.06461218025188,1520.6461218025188,10.147692210991712,1729821667.4395874
152.21331541655354,1522.1331541655354,10.138833977762353,1729821667.44966
152.36188774885585,1523.6188774885586,10.129908725364645,1729821667.4596355
152.51032819181486,1525.1032819181487,10.120916290577533,1729821667.469587
152.65863575773676,1526.5863575773676,10.111856513182476,1729821667.4795585
152.80680945662235,1528.0680945662234,10.102729235995625,1729821667.4896207
152.95484829621202,1529.5484829621203,10.09353430489983,1729821667.499693
153.10275128203125,1531.0275128203125,10.084271568876522,1729821667.5095973
153.2505174174365,1532.505174174365,10.074940880037424,1729821667.5196114
153.39814570366153,1533.9814570366152,10.065542093656092,1729821667.5295115
153.5456351398643,1535.456351398643,10.056075068199311,1729821667.53961
153.6929847231742,1536.9298472317419,10.046539665358296,1729821667.5496302
153.84019344873988,1538.4019344873989,10.036935750079708,1729821667.5596504
153.9872603097774,1539.8726030977741,10.027263190596498,1729821667.5696576
154.13418429761887,1541.3418429761887,10.017521858458538,1729821667.5794747
154.2809644017615,1542.809644017615,10.007711628563058,1729821667.589709
154.4275996099173,1544.275996099173,9.997832379184874,1729821667.5996509
154.57408890806286,1545.7408890806287,9.987883992006395,1729821667.610014
154.7204312804899,1547.204312804899,9.977866352147418,1729821667.6196797
154.86662570985607,1548.6662570985607,9.967779348194673,1729821667.629629
155.01267117723623,1550.1267117723623,9.957622872231159,1729821667.6395948
155.15856666217414,1551.5856666217414,9.947396819865213,1729821667.6496177
155.30431114273463,1553.0431114273463,9.937101090259352,1729821667.659646
155.44990359555615,1554.4990359555616,9.926735586158832,1729821667.6696224
155.59534299590365,1555.9534299590364,9.916300213919964,1729821667.6796186
155.74062831772204,1557.4062831772203,9.90579488353816,1729821667.6895573
155.88575853368994,1558.8575853368993,9.895219508675693,1729821667.6997151
156.03073261527385,1560.3073261527384,9.88457400668917,1729821667.7096183
156.17554953278275,1561.7554953278275,9.873858298656739,1729821667.7195964
156.3202082554231,1563.2020825542309,9.863072309404963,1729821667.7295866
156.46470775135415,1564.6470775135415,9.852215967535424,1729821667.7396638
156.60904698774374,1566.0904698774375,9.841289205450991,1729821667.7495968
156.75322493082442,1567.5322493082442,9.830291959381793,1729821667.7596672
156.89724054594993,1568.9724054594992,9.819224169410848,1729821667.7697003
157.0410927976521,1570.4109279765212,9.808085779499375,1729821667.7795386
157.18478064969818,1571.8478064969818,9.796876737511765,1729821667.7896268
157.32830306514828,1573.2830306514827,9.785596995240194,1729821667.7996094
157.47165900641346,1574.7165900641346,9.77424650842892,1729821667.8097856
157.614847435314,1576.14847435314,9.76282523679818,1729821667.8195972
157.7578673131381,1577.578673131381,9.751333144067765,1729821667.8295686
157.9007176007008,1579.007176007008,9.739770197980182,1729821667.8395803
158.04339725840342,1580.433972584034,9.728136370323474,1729821667.8495696
158.18590524629312,1581.8590524629312,9.71643163695364,1729821667.8596978
158.32824052412298,1583.2824052412298,9.704655977816671,1729821667.869639
158.47040205141218,1584.7040205141218,9.69280937697018,1729821667.8796437
158.61238878750677,1586.1238878750678,9.680891822604647,1729821667.8896768
158.75419969164048,1587.5419969164047,9.66890330706423,1729821667.8995943
158.895833722996,1588.95833722996,9.656843826867188,1729821667.9095592
159.03728984076642,1590.3728984076643,9.64471338272586,1729821667.9195907
159.17856700421711,1591.7856700421712,9.632511979566225,1729821667.9294956
159.3196641727478,1593.196641727478,9.620239626547036,1729821667.939663
159.46058030595484,1594.6058030595484,9.607896337078495,1729821667.9495869
159.6013143636939,1596.0131436369388,9.595482128840498,1729821667.9595883
159.74186530614287,1597.4186530614288,9.582997023800422,1729821667.9696782
159.88223209386496,1598.8223209386497,9.57044104823045,1729821667.9794939
160.02241368787205,1600.2241368787204,9.557814232724441,1729821667.9895647
160.16240904968842,1601.6240904968843,9.54511661221432,1729821667.9995859
160.3022171414145,1603.022171414145,9.532348225985999,1729821668.009567
160.441836925791,1604.41836925791,9.51950911769481,1729821668.0195732
160.5812673662632,1605.812673662632,9.506599335380468,1729821668.0294988
160.72050742704556,1607.2050742704555,9.493618931481514,1729821668.039653
160.85955607318627,1608.5955607318626,9.480567962849284,1729821668.0496542
160.99841227063231,1609.9841227063232,9.467446490761363,1729821668.0596948
161.1370749862945,1611.3707498629449,9.454254580934535,1729821668.0696702
161.27554318811278,1612.7554318811278,9.440992303537213,1729821668.079596
161.41381584512172,1614.1381584512171,9.42765973320136,1729821668.089619
161.55189192751612,1615.5189192751614,9.414256949033872,1729821668.0996644
161.6897704067168,1616.897704067168,9.400784034627451,1729821668.1096437
161.82745025543656,1618.2745025543657,9.387241078070922,1729821668.1196392
161.96493044774624,1619.6493044774625,9.373628171959028,1729821668.1295996
162.102209959141,1621.0220995914099,9.359945413401677,1729821668.1397164
162.23928776660657,1622.3928776660657,9.346192904032634,1729821668.149702
162.37616284868585,1623.7616284868586,9.332370750017672,1729821668.1595743
162.5128341855454,1625.128341855454,9.31847906206216,1729821668.1695442
162.64930075904212,1626.4930075904213,9.304517955418083,1729821668.1794913
162.78556155279009,1627.855615527901,9.29048754989051,1729821668.1895678
162.9216155522274,1629.216155522274,9.276387969843494,1729821668.199588
163.05746174468305,1630.5746174468304,9.262219344205372,1729821668.2096026
163.19309911944407,1631.9309911944406,9.24798180647352,1729821668.219643
163.32852666782247,1633.2852666782246,9.233675494718517,1729821668.2296548
163.46374338322244,1634.6374338322244,9.219300551587706,1729821668.2396774
163.59874826120753,1635.9874826120754,9.204857124308202,1729821668.2495914
163.7335402995678,1637.3354029956781,9.190345364689266,1729821668.2596407
163.86811849838713,1638.6811849838714,9.175765429124123,1729821668.269602
164.00248186011038,1640.0248186011038,9.161117478591159,1729821668.2795486
164.1366293896107,1641.366293896107,9.146401678654524,1729821668.2896664
164.27056009425678,1642.7056009425678,9.131618199464128,1729821668.2996764
164.4042729839801,1644.0427298398008,9.116767215755045,1729821668.309616
164.53776707134213,1645.3776707134214,9.101848906846273,1729821668.3196006
164.6710413716016,1646.710413716016,9.08686345663893,1729821668.3294983
164.80409490278163,1648.0409490278162,9.071811053613791,1729821668.33961
164.93692668573684,1649.3692668573683,9.056691890828237,1729821668.3495734
165.06953574422042,1650.695357442204,9.041506165912567,1729821668.3597486
165.2019211049512,1652.019211049512,9.026254081065717,1729821668.3697007
165.33408179768045,1653.3408179768046,9.010935843050316,1729821668.3795445
165.4660168552589,1654.660168552589,8.99555166318716,1729821668.389651
165.59772531370342,1655.9772531370343,8.98010175734902,1729821668.399588
165.72920621226362,1657.2920621226363,8.964586345953865,1729821668.409703
165.86045859348852,1658.604585934885,8.94900565395741,1729821668.4196062
165.9914815032929,1659.914815032929,8.933359910845086,1729821668.429759
166.1222739910237,1661.222739910237,8.917649350623325,1729821668.4396985
166.25283510952605,1662.5283510952604,8.901874211810263,1729821668.4495707
166.38316391520945,1663.8316391520946,8.886034737425776,1729821668.4596786
166.51325946811355,1665.1325946811355,8.870131174980903,1729821668.4697266
166.64312083197385,1666.4312083197385,8.854163776466628,1729821668.4795792
166.77274707428728,1667.7274707428728,8.838132798342022,1729821668.4895892
166.90213726637754,1669.0213726637753,8.82203850152177,1729821668.4996967
167.03129048346023,1670.3129048346023,8.80588115136305,1729821668.509573
167.16020580470783,1671.6020580470783,8.789661017651778,1729821668.5195735
167.2888823133144,1672.888823133144,8.773378374588228,1729821668.529546
167.41731909656016,1674.1731909656016,8.757033500772026,1729821668.5396495
167.54551524587578,1675.4551524587578,8.740626679186486,1729821668.54972
167.6734698569064,1676.734698569064,8.724158197182344,1729821668.5596743
167.80118202957544,1678.0118202957544,8.70762834646084,1729821668.5696535
167.92865086814817,1679.2865086814818,8.691037423056196,1729821668.5796356
168.055875481295,1680.5587548129502,8.674385727317443,1729821668.5896983
168.1828549821545,1681.828549821545,8.657673563889619,1729821668.5996203
168.30958848839606,1683.0958848839605,8.640901241694376,1729821668.6097553
168.43607512228238,1684.3607512228236,8.624069073909933,1729821668.6196175
168.56231401073157,1685.6231401073157,8.60717737795041,1729821668.6295798
168.68830428537896,1686.8830428537897,8.590226475444567,1729821668.6396194
168.81404508263864,1688.1404508263863,8.57321669221389,1729821668.64957
168.93953554376458,1689.3953554376458,8.556148358250105,1729821668.659697
169.06477481491146,1690.6477481491147,8.539021807692036,1729821668.6697605
169.18976204719513,1691.8976204719513,8.521837378801894,1729821668.679616
169.3144963967528,1693.144963967528,8.504595413940937,1729821668.6896043
169.43897702480265,1694.3897702480265,8.487296259544525,1729821668.6997035
169.56320309770342,1695.6320309770342,8.46994026609659,1729821668.7096555
169.6871737870132,1696.871737870132,8.452527788103502,1729821668.71963
169.81088826954814,1698.1088826954815,8.435059184067333,1729821668.7295172
169.9343457274407,1699.343457274407,8.417534816458542,1729821668.739728
170.0575453481973,1700.575453481973,8.399955051688075,1729821668.7497005
170.1804863247558,1701.804863247558,8.382320260078874,1729821668.7596848
170.30316785554243,1703.0316785554242,8.36463081583682,1729821668.7696614
170.42558914452832,1704.2558914452832,8.34688709702109,1729821668.7795582
170.5477494012855,1705.477494012855,8.329089485513942,1729821668.7896044
170.66964784104263,1706.6964784104264,8.311238366989965,1729821668.799607
170.79128368474008,1707.9128368474007,8.293334130884725,1729821668.8097348
170.91265615908463,1709.1265615908464,8.275377170362887,1729821668.8196352
171.03376449660377,1710.3376449660377,8.257367882285777,1729821668.8296673
171.15460793569926,1711.5460793569925,8.239306667178392,1729821668.839613
171.2751857207006,1712.751857207006,8.221193929195888,1729821668.8496156
171.39549710191758,1713.954971019176,8.203030076089505,1729821668.8595796
171.51554133569263,1715.1554133569264,8.18481551917199,1729821668.8696592
171.63531768445247,1716.3531768445248,8.166550673282483,1729821668.8798823
171.75482541675936,1717.5482541675935,8.148235956750888,1729821668.8896585
171.87406380736172,1718.7406380736172,8.129871791361728,1729821668.8998175
171.99303213724434,1719.9303213724434,8.111458602317496,1729821668.9096136
172.11172969367786,1721.1172969367785,8.09299681820151,1729821668.9196167
172.23015577026788,1722.3015577026788,8.074486870940271,1729821668.9295013
172.3483096670034,1723.483096670034,8.055929195765335,1729821668.939676
172.46619069030478,1724.6619069030478,8.037324231174711,1729821668.949581
172.58379815307097,1725.8379815307098,8.018672418893757,1729821668.9596536
172.70113137472637,1727.0113137472638,7.999974203835661,1729821668.9696975
172.81818968126694,1728.1818968126695,7.981230034061403,1729821668.9796405
172.93497240530579,1729.3497240530578,7.962440360739313,1729821668.9896474
173.05147888611816,1730.5147888611816,7.943605638104155,1729821668.999569
173.1677084696858,1731.677084696858,7.924726323415775,1729821669.0097127
173.2836605087407,1732.836605087407,7.905802876917329,1729821669.019682
173.3993343628082,1733.993343628082,7.886835761793085,1729821669.0296264
173.51472939824956,1735.1472939824955,7.867825444125801,1729821669.0396478
173.62984498830383,1736.2984498830383,7.848772392853693,1729821669.0496097
173.74468051312905,1737.4468051312906,7.829677079727023,1729821669.0597708
173.85923535984293,1738.5923535984293,7.810539979264272,1729821669.0696907
173.9735089225627,1739.735089225627,7.791361568707932,1729821669.0795147
174.0875006024445,1740.875006024445,7.772142327979932,1729821669.0895574
174.2012098077219,1742.012098077219,7.7528827396366955,1729821669.0996273
174.3146359537441,1743.146359537441,7.73358328882383,1729821669.1095583
174.42777846301297,1744.2777846301296,7.714244463230456,1729821669.1195426
174.54063676521983,1745.4063676521982,7.69486675304322,1729821669.1295443
174.6532102972814,1746.5321029728138,7.675450650899959,1729821669.1395857
174.76549850337497,1747.6549850337497,7.655996651843026,1729821669.1497464
174.87750083497315,1748.7750083497315,7.636505253272322,1729821669.1596546
174.98921675087755,1749.8921675087754,7.616976954898002,1729821669.1696253
175.10064571725212,1751.006457172521,7.5974122586928985,1729821669.179465
175.21178720765556,1752.1178720765556,7.577811668844628,1729821669.1895792
175.32264070307312,1753.2264070307313,7.558175691707454,1729821669.1995292
175.43320569194768,1754.3320569194768,7.538504835753843,1729821669.2096398
175.54348167021004,1755.4348167021003,7.518799611525765,1729821669.2196155
175.65346814130865,1756.5346814130864,7.499060531585769,1729821669.2296166
175.76316461623844,1757.6316461623844,7.479288110467769,1729821669.2395723
175.87257061356908,1758.7257061356909,7.45948286462763,1729821669.2496927
175.98168565947236,1759.8168565947235,7.4396453123935045,1729821669.2596707
176.090509287749,1760.90509287749,7.419775973915973,1729821669.269628
176.19904103985456,1761.9904103985457,7.399875371117958,1729821669.279531
176.30728046492482,1763.0728046492482,7.379944027644461,1729821669.289638
176.41522711980014,1764.1522711980015,7.359982468812081,1729821669.2996483
176.52288056904936,1765.2288056904936,7.339991221558393,1729821669.309664
176.6302403849928,1766.302403849928,7.319970814391127,1729821669.3196657
176.73730614772447,1767.3730614772446,7.2999217773372,1729821669.3294919
176.8440774451337,1768.4407744513371,7.279844641891596,1729821669.339859
176.95055387292587,1769.5055387292587,7.259739940966112,1729821669.349619
177.05673503464243,1770.5673503464243,7.239608208837968,1729821669.3596156
177.1626205416802,1771.6262054168021,7.219449981098284,1729821669.3696663
177.26821001330987,1772.6821001330986,7.1992657946004766,1729821669.3796694
177.37350307669374,1773.7350307669374,7.179056187408532,1729821669.3895838
177.47849936690272,1774.7849936690272,7.158821698745181,1729821669.3996565
177.58319852693262,1775.8319852693262,7.138562868940021,1729821669.4099503
177.6876002077195,1776.876002077195,7.118280239377537,1729821669.4196508
177.7917040681545,1777.9170406815451,7.097974352445082,1729821669.4296565
177.89550977509774,1778.9550977509773,7.077645751480787,1729821669.4397185
177.9990170033915,1779.9901700339149,7.057294980721446,1729821669.4496264
178.10222543587258,1781.0222543587258,7.036922585250342,1729821669.4597113
178.20513476338408,1782.0513476338408,7.016529110945093,1729821669.4697433
178.30774468478614,1783.0774468478614,6.996115104425443,1729821669.4795988
178.4100549069662,1784.100549069662,6.9756811130010625,1729821669.4896898
178.5120651448482,1785.120651448482,6.955227684619359,1729821669.4995964
178.61377512140132,1786.1377512140132,6.93475536781331,1729821669.509562
178.71518456764767,1787.1518456764766,6.914264711649303,1729821669.5196018
178.81629322266946,1788.1629322266945,6.893756265675026,1729821669.5294933
178.9171008336152,1789.171008336152,6.8732305798673865,1729821669.5396826
179.01760715570532,1790.176071557053,6.852688204580508,1729821669.5496137
179.11781195223688,1791.178119522369,6.832129690493759,1729821669.5597076
179.2177149945876,1792.177149945876,6.811555588559885,1729821669.5695868
179.31731606221913,1793.1731606221913,6.7909664499531965,1729821669.5795472
179.4166149426795,1794.166149426795,6.770362826017865,1729821669.589664
179.51561143160484,1795.1561143160484,6.749745268216323,1729821669.5996654
179.61430533272045,1796.1430533272046,6.7291143280777606,1729821669.6096768
179.71269645784096,1797.1269645784096,6.708470557146735,1729821669.619654
179.81078462686978,1798.1078462686978,6.68781450693193,1729821669.6295588
179.90856966779788,1799.0856966779788,6.667146728855052,1729821669.6396728
180.00605141670172,1800.0605141670171,6.646467774199842,1729821669.6496272
180.10322971774056,1801.0322971774056,6.625778194061284,1729821669.6596599
180.20010442315285,1802.0010442315286,6.605078539294931,1729821669.6695971
180.296675393252,1802.96675393252,6.584369360466455,1729821669.6794884
180.39294249642145,1803.9294249642146,6.563651207801345,1729821669.689717
180.4889056091089,1804.889056091089,6.542924631134796,1729821669.699679
180.5845646158199,1805.8456461581989,6.522190179861808,1729821669.7095616
180.6799194091105,1806.7991940911052,6.501448402887491,1729821669.7196333
180.77496988957964,1807.7496988957964,6.480699848577579,1729821669.729569
180.8697159658602,1808.697159658602,6.459945064709174,1729821669.7396233
180.96415755460987,1809.6415755460987,6.43918459842172,1729821669.7496383
181.05829458050096,1810.5829458050096,6.418418996168212,1729821669.759788
181.1521269762097,1811.521269762097,6.3976488036666685,1729821669.769685
181.24565468240468,1812.4565468240467,6.376874565851834,1729821669.779608
181.3388776477347,1813.3887764773472,6.356096826827182,1729821669.7895916
181.4317958288159,1814.317958288159,6.335316129817153,1729821669.7996428
181.52440919021808,1815.2440919021808,6.314533017119696,1729821669.8096201
181.61671770445054,1816.1671770445055,6.29374803005909,1729821669.8195713
181.70872135194702,1817.0872135194702,6.272961708939057,1729821669.829715
181.8004201210501,1818.0042012105012,6.252174592996182,1729821669.8396425
181.89181400799487,1818.9181400799487,6.231387220353634,1729821669.849604
181.98290301689184,1819.8290301689185,6.21060012797522,1729821669.8597047
182.07368715970938,1820.7368715970938,6.189813851619747,1729821669.8697245
182.16416645625534,1821.6416645625534,6.169028925795717,1729821669.879657
182.25434093415805,1822.5434093415806,6.14824588371636,1729821669.8896646
182.34421062884664,1823.4421062884664,6.127465257255013,1729821669.899687
182.43377558353077,1824.3377558353077,6.106687576900854,1729821669.9096284
182.5230358491797,1825.230358491797,6.085913371714982,1729821669.9196434
182.6119914845007,1826.1199148450069,6.0651431692868645,1729821669.929484
182.70064255591674,1827.0064255591674,6.04437749569115,1729821669.9396567
182.78898913754384,1827.8898913754383,6.02361687544488,1729821669.949601
182.87703131116737,1828.7703131116737,6.002861831465036,1729821669.9597027
182.9647691662182,1829.6476916621818,5.98211288502653,1729821669.9696162
183.0522027997478,1830.5220279974778,5.961370555720533,1729821669.9795604
183.13933231640303,1831.3933231640303,5.940635361413247,1729821669.9896145
183.2261578284003,1832.261578284003,5.919907818205063,1729821669.9996579
183.31267945549897,1833.1267945549896,5.899188440390117,1729821670.0096905
183.39889732497434,1833.9889732497434,5.878477740416272,1729821670.0196123
183.48481157158994,1834.8481157158994,5.857776228845535,1729821670.029617
183.57042233756937,1835.7042233756938,5.837084414314878,1729821670.039621
183.6557297725674,1836.557297725674,5.816402803497484,1729821670.0496366
183.74073403364076,1837.4073403364077,5.795731901064447,1729821670.0595868
183.825435285218,1838.2543528521799,5.775072209646895,1729821670.0695827
183.90983369906917,1839.0983369906917,5.754424229798586,1729821670.0798385
183.99392945427485,1839.9392945427485,5.7337884599589035,1729821670.0896454
184.07772273719448,1840.7772273719447,5.7131653964163345,1729821670.0997827
184.16121374143432,1841.6121374143431,5.69255553327241,1729821670.1096392
184.24440266781494,1842.4440266781494,5.671959362406091,1729821670.1196463
184.32728972433796,1843.2728972433797,5.6513773734386135,1729821670.1296165
184.40987512615254,1844.0987512615254,5.630810053698819,1729821670.1396754
184.49215909552123,1844.9215909552122,5.610257888188943,1729821670.149702
184.57414186178536,1845.7414186178537,5.589721359550877,1729821670.1595426
184.6558236613299,1846.558236613299,5.5692009480329085,1729821670.169609
184.73720473754784,1847.3720473754784,5.548697131456964,1729821670.1794624
184.81828534080427,1848.1828534080428,5.528210385186301,1729821670.1895428
184.89906572839968,1848.9906572839968,5.507741182093707,1729821670.1995795
184.97954616453313,1849.7954616453312,5.487289992530188,1729821670.2096555
185.0597269202647,1850.5972692026469,5.466857284294129,1729821670.219694
185.13960827347762,1851.3960827347762,5.446443522600989,1729821670.2296963
185.21919050884003,1852.1919050884003,5.4260491700534494,1729821670.2396498
185.29847391776616,1852.9847391776616,5.405674686612085,1729821670.2495296
185.37745879837715,1853.7745879837714,5.385320529566531,1729821670.2597063
185.4561454554615,1854.561454554615,5.364987153507159,1729821670.2695704
185.53453420043502,1855.3453420043502,5.344675010297243,1729821670.2794974
185.6126253513005,1856.126253513005,5.324384549045652,1729821670.2896
185.69041923260687,1856.9041923260688,5.30411621608003,1729821670.2996833
185.76791617540806,1857.6791617540807,5.283870454920493,1729821670.3096602
185.84511651722138,1858.451165172214,5.263647706253843,1729821670.3196297
185.92202060198565,1859.2202060198565,5.243448407908297,1729821670.3295357
185.99862878001892,1859.986287800189,5.223272994828716,1729821670.3397336
186.07494140797576,1860.7494140797576,5.203121899052336,1729821670.3496423
186.15095884880432,1861.5095884880432,5.182995549685063,1729821670.3596768
186.22668147170302,1862.2668147170302,5.162894372878224,1729821670.369582
186.3021096520768,1863.021096520768,5.142818791805871,1729821670.3795476
186.3772437714932,1863.772437714932,5.122769226642592,1729821670.389619
186.452084217638,1864.52084217638,5.1027460945418435,1729821670.399591
186.52663138427067,1865.2663138427067,5.082749809614775,1729821670.409683
186.60088567117938,1866.008856711794,5.062780782909604,1729821670.4197268
186.67484748413577,1866.7484748413576,5.042839422391487,1729821670.429746
186.74851723484952,1867.485172348495,5.022926132922927,1729821670.4396408
186.82189534092248,1868.218953409225,5.003041316244654,1729821670.4497163
186.8949822258027,1868.9498222580269,4.983185370957081,1729821670.4595554
186.96777831873803,1869.6777831873803,4.963358692502221,1729821670.4696958
187.04028405472957,1870.4028405472957,4.94356167314615,1729821670.4796848
187.11249987448483,1871.1249987448482,4.9237947019619845,1729821670.4896712
187.1844262243707,1871.844262243707,4.904058164813356,1729821670.4996722
187.2560635563661,1872.560635563661,4.884352444338392,1729821670.5096748
187.3274123280144,1873.2741232801438,4.864677919934241,1729821670.519627
187.39847300237577,1873.9847300237577,4.845034967742085,1729821670.5295568
187.46924604797917,1874.6924604797916,4.82542396063265,1729821670.5396762
187.53973193877417,1875.3973193877416,4.8058452681922414,1729821670.5496478
187.60993115408255,1876.0993115408255,4.786299256709279,1729821670.559965
187.67984417854979,1876.7984417854977,4.766786289161344,1729821670.5695715
187.74947150209633,1877.4947150209632,4.747306725202715,1729821670.57952
187.8188136198686,1878.188136198686,4.727860921152399,1729821670.589592
187.88787103219,1878.8787103219,4.708449229982701,1729821670.5996578
187.95664424451158,1879.5664424451159,4.689072001308225,1729821670.609644
188.02513376736275,1880.2513376736274,4.669729581375441,1729821670.6196194
188.0933401163016,1880.9334011630158,4.650422313052681,1729821670.629627
188.16126381186533,1881.6126381186532,4.631150535820672,1729821670.6396155
188.22890537952034,1882.2890537952035,4.611914585763517,1729821670.6495597
188.29626534961238,1882.962653496124,4.592714795560216,1729821670.6599505
188.3633442573164,1883.633442573164,4.573551494476601,1729821670.6697183
188.4301426425865,1884.301426425865,4.554425008357807,1729821670.6795683
188.49666105010547,1884.9666105010547,4.5353356596211825,1729821670.689615
188.56290002923458,1885.6290002923458,4.516283767249718,1729821670.699766
188.6288601339631,1886.288601339631,4.497269646785897,1729821670.7095847
188.69454192285767,1886.9454192285766,4.478293610326041,1729821670.7196891
188.75994595901176,1887.5994595901175,4.459355966515123,1729821670.7295763
188.82507280999494,1888.2507280999494,4.440457020542047,1729821670.7402318
188.88992304780217,1888.8992304780218,4.421597074135369,1729821670.7497063
188.95449724880294,1889.5449724880293,4.402776425559474,1729821670.759622
189.01879599369042,1890.1879599369042,4.383995369611245,1729821670.7696807
189.0828198674306,1890.828198674306,4.365254197617133,1729821670.7795296
189.14656945921135,1891.4656945921136,4.346553197430692,1729821670.7896378
189.2100453623914,1892.100453623914,4.327892653430569,1729821670.7995737
189.27324817444946,1892.7324817444946,4.309272846518909,1729821670.8096793
189.33617849693303,1893.3617849693303,4.290694054120224,1729821670.8197465
189.39883693540756,1893.9883693540755,4.272156550180682,1729821670.8297067
189.46122409940537,1894.6122409940538,4.253660605167803,1729821670.8396053
189.52334060237462,1895.2334060237463,4.235206486070609,1729821670.849621
189.5851870616283,1895.851870616283,4.216794456400186,1729821670.8597631
189.64676409829323,1896.4676409829324,4.198424776190659,1729821670.869626
189.70807233725915,1897.0807233725916,4.180097702000572,1729821670.879504
189.7691124071277,1897.691124071277,4.161813486914701,1729821670.889587
189.82988494016146,1898.2988494016147,4.143572380546241,1729821670.8998241
189.8903905722332,1898.903905722332,4.12537462903943,1729821670.9096112
189.95062994277495,1899.5062994277496,4.107220475072534,1729821670.9196143
190.01060369472725,1900.1060369472725,4.089110157861239,1729821670.9294548
190.07031247448842,1900.7031247448842,4.071043913162438,1729821670.9396799
190.1297569318639,1901.297569318639,4.053021973278392,1729821670.9496546
190.18893772001562,1901.889377200156,4.035044567061264,1729821670.959633
190.24785549541147,1902.4785549541148,4.017111919918071,1729821670.9696388
190.30651091777492,1903.065109177749,3.9992242538159344,1729821670.9795642
190.36490465003453,1903.6490465003453,3.9813817872877575,1729821670.9895988
190.42303735827377,1904.2303735827377,3.9635847354382463,1729821670.999644
190.48090971168082,1904.8090971168083,3.9458333099502854,1729821671.0097458
190.53852238249843,1905.3852238249842,3.928127719091652,1729821671.0195928
190.59587604597397,1905.9587604597396,3.9104681677221125,1729821671.029672
190.65297138030954,1906.5297138030953,3.89285485730084,1729821671.0395977
190.70980906661225,1907.0980906661225,3.875287985894179,1729821671.049586
190.76638978884455,1907.6638978884455,3.857767748183729,1729821671.059715
190.82271423377466,1908.2271423377465,3.840294335474784,1729821671.069625
190.87878309092727,1908.7878309092728,3.822867935705095,1729821671.0794828
190.93459705253423,1909.3459705253422,3.8054887334539185,1729821671.0896995
190.9901568134854,1909.9015681348542,3.7881569099514296,1729821671.099732
191.0454630712798,1910.454630712798,3.7708726430884223,1729821671.1095562
191.1005165259766,1911.0051652597658,3.7536361074263,1729821671.119696
191.15531788014655,1911.5531788014655,3.7364474742074245,1729821671.129457
191.20986783882347,1912.0986783882347,3.7193069113656785,1729821671.1396754
191.26416710945583,1912.6416710945582,3.702214583537418,1729821671.14996
191.3182164018586,1913.1821640185858,3.68517065207263,1729821671.1596158
191.37201642816513,1913.7201642816513,3.6681752750464103,1729821671.1695967
191.4255679027794,1914.255679027794,3.6512286072707436,1729821671.179553
191.47887154232825,1914.7887154232826,3.6343308003065085,1729821671.1896012
191.53192806561395,1915.3192806561397,3.6174820024757794,1729821671.1996076
191.58473819356686,1915.8473819356686,3.600682358874395,1729821671.209655
191.63730264919823,1916.3730264919823,3.5839320113847632,1729821671.2196925
191.68962215755337,1916.8962215755337,3.5672310986889757,1729821671.2296422
191.74169744566484,1917.4169744566484,3.55057975628209,1729821671.2396648
191.7935292425059,1917.935292425059,3.5339781164857413,1729821671.2495978
191.84511827894423,1918.4511827894423,3.517426308461938,1729821671.259652
191.89646528769572,1918.9646528769572,3.500924458227124,1729821671.2696292
191.9475710032786,1919.475710032786,3.484472688666446,1729821671.2796142
191.99843616196767,1919.9843616196767,3.4680711195482825,1729821671.2895815
192.0490615017489,1920.4906150174888,3.4517198675389746,1729821671.299651
192.09944776227405,1920.9944776227405,3.435419046217758,1729821671.3096418
192.1495956848157,1921.495956848157,3.4191687660919357,1729821671.3196073
192.19950601222232,1921.995060122223,3.402969134612259,1729821671.3295734
192.24917948887375,1922.4917948887376,3.386820256188492,1729821671.3396626
192.29861686063683,1922.9861686063682,3.3707222322051935,1729821671.3496685
192.34781887482123,1923.4781887482122,3.3546751610376786,1729821671.3597033
192.39678628013553,1923.9678628013553,3.3386791380681684,1729821671.36966
192.44551982664365,1924.4551982664366,3.32273425570217,1729821671.3794973
192.4940202657213,1924.940202657213,3.3068406033849485,1729821671.3896174
192.54228835001297,1925.4228835001297,3.2909982676182814,1729821671.3995755
192.59032483338888,1925.9032483338888,3.2752073319772865,1729821671.4096448
192.63813047090235,1926.3813047090234,3.259467877127478,1729821671.4196467
192.68570601874737,1926.8570601874737,3.2437799808419783,1729821671.429674
192.73305223421644,1927.3305223421644,3.228143718018881,1729821671.4396005
192.78016987565866,1927.8016987565866,3.2125591606987376,1729821671.449549
192.82705970243808,1928.2705970243808,3.197026378082258,1729821671.4598055
192.8737224748923,1928.737224748923,3.181545436548083,1729821671.4696195
192.92015895429137,1929.2015895429136,3.1661163996707655,1729821671.479557
192.96636990279686,1929.6636990279685,3.150739328238841,1729821671.4896522
193.01235608342134,1930.1235608342133,3.1354142802730536,1729821671.4996667
193.05811825998805,1930.5811825998805,3.1201413110446996,1729821671.5095575
193.10365719709077,1931.0365719709077,3.1049204730940883,1729821671.5195873
193.14897366005414,1931.4897366005414,3.0897518162491586,1729821671.529446
193.1940684148941,1931.940684148941,3.0746353876441503,1729821671.5397236
193.23894222827863,1932.3894222827862,3.0595712317384383,1729821671.549675
193.28359586748886,1932.8359586748886,3.044559390335471,1729821671.559706
193.32803010038035,1933.2803010038035,3.0295999026017677,1729821671.5695803
193.3722456953447,1933.722456953447,3.0146928050860557,1729821671.579445
193.41624342127147,1934.1624342127147,2.9998381317385068,1729821671.5896714
193.4600240475103,1934.600240475103,2.985035913930025,1729821671.5995226
193.50358834383343,1935.0358834383342,2.970286180471664,1729821671.6096146
193.54693708039835,1935.4693708039836,2.955588957634089,1729821671.619575
193.59007102771093,1935.9007102771093,2.940944269167166,1729821671.6296399
193.63299095658869,1936.3299095658867,2.9263521363195686,1729821671.6397042
193.67569763812438,1936.7569763812437,2.9118125778585053,1729821671.6496258
193.71819184364986,1937.1819184364986,2.897325610089485,1729821671.6597047
193.7604743447004,1937.6047434470042,2.882891246876186,1729821671.6696527
193.80254591297907,1938.0254591297908,2.868509499660309,1729821671.6796255
193.84440732032147,1938.4440732032147,2.8541803774815726,1729821671.6896455
193.88605933866089,1938.8605933866088,2.8399038869977122,1729821671.6997135
193.92750273999363,1939.2750273999363,2.825680032504538,1729821671.7096584
193.9687382963446,1939.687382963446,2.8115088159560404,1729821671.7196586
194.00976677973338,1940.0976677973338,2.7973902369845636,1729821671.7295804
194.05058896214035,1940.5058896214036,2.7833242929209643,1729821671.739654
194.09120561547334,1940.9120561547334,2.7693109788148433,1729821671.7496583
194.13161751153436,1941.3161751153436,2.7553502874548084,1729821671.7595959
194.1718254219868,1941.718254219868,2.7414422093887687,1729821671.769664
194.21183011832287,1942.1183011832286,2.7275867329442303,1729821671.7796288
194.2516323718313,1942.516323718313,2.7137838442486384,1729821671.7896178
194.2912329535654,1942.9123295356542,2.7000335272497296,1729821671.799562
194.3306326343114,1943.306326343114,2.686335763735908,1729821671.8096478
194.36983218455697,1943.6983218455698,2.6726905333566133,1729821671.8195984
194.40883237446033,1944.0883237446033,2.6590978136427363,1729821671.8296347
194.4476339738193,1944.476339738193,2.6455575800269884,1729821671.8395925
194.48623775204098,1944.8623775204098,2.63206980586434,1729821671.8495228
194.52464447811144,1945.2464447811144,2.6186344624523947,1729821671.8597393
194.5628549205659,1945.628549205659,2.605251519051805,1729821671.869615
194.60086984745925,1946.0086984745926,2.5919209429066843,1729821671.8795147
194.63869002633655,1946.3869002633655,2.578642699264954,1729821671.8896043
194.6763162242043,1946.763162242043,2.565416751398777,1729821671.899673
194.71374920750156,1947.1374920750156,2.5522430606248694,1729821671.9096746
194.7509897420717,1947.5098974207172,2.5391215863248995,1729821671.919636
194.78803859313427,1947.8803859313427,2.5260522859657826,1729821671.9295745
194.8248965252572,1948.248965252572,2.5130351151200063,1729821671.939638
194.86156430232933,1948.6156430232932,2.5000700274859042,1729821671.94975
194.8980426875332,1948.9804268753321,2.4871569749079363,1729821671.959757
194.93433244331823,1949.3433244331823,2.474295907396895,1729821671.9696798
194.97043433137398,1949.7043433137399,2.4614867731501207,1729821671.979573
195.00634911260403,1950.0634911260404,2.4487295185716533,1729821671.989635
195.04207754709978,1950.4207754709978,2.4360240882923634,1729821671.99966
195.07762039411492,1950.776203941149,2.4233704251900523,1729821672.0095963
195.11297841203987,1951.1297841203987,2.410768470409481,1729821672.019575
195.14815235837673,1951.4815235837673,2.3982181633823902,1729821672.0295577
195.18314298971447,1951.8314298971447,2.385719441847451,1729821672.0396373
195.2179510617043,1952.179510617043,2.3732722418701737,1729821672.0496392
195.2525773290355,1952.525773290355,2.360876497862776,1729821672.059605
195.28702254541142,1952.8702254541142,2.348532142603995,1729821672.0696523
195.32128746352586,1953.2128746352587,2.3362391072588284,1729821672.0796428
195.35537283503962,1953.553728350396,2.323997321398245,1729821672.0896056
195.38927941055746,1953.8927941055747,2.3118067130188376,1729821672.0999498
195.4230079396053,1954.230079396053,2.2996672085623633,1729821672.1095753
195.45655917060765,1954.5655917060765,2.2875787329353106,1729821672.1196766
195.48993385086544,1954.8993385086544,2.275541209528324,1729821672.1295967
195.52313272653404,1955.2313272653405,2.2635545602356046,1729821672.1396394
195.55615654260163,1955.5615654260164,2.251618705474222,1729821672.1496534
195.58900604286774,1955.8900604286773,2.239733564203375,1729821672.1595535
195.6216819699222,1956.216819699222,2.2278990539435775,1729821672.1696618
195.65418506512438,1956.5418506512437,2.2161150907957623,1729821672.17956
195.6865160685825,1956.865160685825,2.2043815894603114,1729821672.189645
195.71867571913356,1957.1867571913356,2.192698463256024,1729821672.1996307
195.7506647543231,1957.506647543231,2.1810656241389808,1729821672.210369
195.7824839103858,1957.8248391038578,2.16948298272138,1729821672.2196126
195.81413392222572,1958.141339222257,2.1579504482902205,1729821672.2296362
195.84561552339744,1958.4561552339744,2.1464679288259703,1729821672.2396276
195.87692944608693,1958.7692944608693,2.1350353310210988,1729821672.2496023
195.90807642109306,1959.0807642109305,2.1236525602985754,1729821672.2598844
195.93905717780922,1959.3905717780922,2.1123195208302423,1729821672.2696335
195.96987244420524,1959.6987244420525,2.1010361155551003,1729821672.27952
196.00052294680955,1960.0052294680954,2.0898022461975305,1729821672.289591
196.03100941069167,1960.3100941069167,2.0786178132854296,1729821672.2996702
196.06133255944488,1960.6133255944487,2.067482716168211,1729821672.309665
196.09149311516927,1960.9149311516926,2.0563968530347587,1729821672.3195868
196.12149179845494,1961.2149179845494,2.0453601209312513,1729821672.3294857
196.15132932836545,1961.5132932836545,2.03437241577892,1729821672.3397179
196.18100642242166,1961.8100642242166,2.0234336323917255,1729821672.3496516
196.2105237965857,1962.105237965857,2.0125436644938652,1729821672.3599641
196.23988216524526,1962.3988216524526,2.0017024047372765,1729821672.369565
196.26908224119813,1962.6908224119813,1.9909097447189659,1729821672.379473
196.29812473563697,1962.9812473563697,1.9801655749982778,1729821672.389698
196.32701035813432,1963.2701035813432,1.9694697851140486,1729821672.3995674
196.35573981662787,1963.5573981662787,1.9588222636016788,1729821672.4097188
196.3843138174061,1963.843138174061,1.9482228980100782,1729821672.4196277
196.41273306509396,1964.1273306509397,1.9376715749185056,1729821672.4296596
196.44099826263889,1964.409982626389,1.9271681799533322,1729821672.4396732
196.4691101112971,1964.6911011129712,1.9167125978046737,1729821672.4496078
196.49706931062016,1964.9706931062017,1.9063047122429477,1729821672.4598553
196.52487655844163,1965.2487655844163,1.8959444061352873,1729821672.469543
196.55253255086413,1965.5253255086413,1.8856315614618584,1729821672.479581
196.58003798224652,1965.8003798224652,1.875366059332098,1729821672.4896631
196.60739354519146,1966.0739354519146,1.8651477800008127,1729821672.4997494
196.63459993053297,1966.3459993053298,1.8549766028841663,1729821672.5096242
196.6616578273245,1966.6165782732448,1.8448524065755905,1729821672.5195796
196.68856792282696,1966.8856792282695,1.834775068861557,1729821672.5295
196.71533090249727,1967.1533090249727,1.82474446673724,1729821672.5396154
196.7419474499768,1967.419474499768,1.8147604764220908,1729821672.5496664
196.7684182470804,1967.684182470804,1.8048229733752859,1729821672.559806
196.79474397378536,1967.9474397378535,1.7949318323110415,1729821672.5696366
196.82092530822072,1968.2092530822072,1.7850869272138556,1729821672.5795386
196.84696292665686,1968.4696292665685,1.775288131353621,1729821672.5897121
196.8728575034951,1968.728575034951,1.7655353173006105,1729821672.5996034
196.89860971125785,1968.9860971125786,1.7558283569403876,1729821672.6097085
196.92422022057858,1969.2422022057858,1.7461671214885488,1729821672.619696
196.94968970019238,1969.4968970019238,1.736551481505396,1729821672.6297235
196.97501881692645,1969.7501881692644,1.726981306910476,1729821672.6397872
197.00020823569096,1970.0020823569096,1.7174564669970227,1729821672.6497262
197.02525861947007,1970.2525861947006,1.707976830446258,1729821672.6601856
197.05017062931316,1970.5017062931315,1.6985422653415991,1729821672.6697412
197.07494492432625,1970.7494492432625,1.6891526391827298,1729821672.6795893
197.0995821616637,1970.995821616637,1.6798078188996008,1729821672.6897166
197.12408299652,1971.2408299652,1.6705076708662414,1729821672.699615
197.14844808212183,1971.4844808212183,1.6612520609145403,1729821672.7096026
197.1726780697203,1971.726780697203,1.6520408543478435,1729821672.719613
197.1967736085834,1971.967736085834,1.6428739159544854,1729821672.7294633
197.22073534598877,1972.2073534598876,1.633751110021148,1729821672.7396715
197.24456392721626,1972.4456392721627,1.6246723003461572,1729821672.749598
197.2682599955412,1972.6825999554121,1.615637350252662,1729821672.759646
197.29182419222755,1972.9182419222755,1.6066461226016528,1729821672.7695947
197.3152571565213,1973.152571565213,1.5976984798048939,1729821672.7795067
197.3385595256441,1973.3855952564409,1.5887942838377427,1729821672.7895615
197.3617319347869,1973.617319347869,1.579933396251862,1729821672.7995465
197.38477501710418,1973.8477501710418,1.5711156781877982,1729821672.809595
197.40768940370788,1974.0768940370788,1.5623409903874226,1729821672.8196578
197.43047572366189,1974.3047572366188,1.5536091932063272,1729821672.829631
197.4531346039764,1974.531346039764,1.544920146626012,1729821672.8396142
197.47566666960276,1974.7566666960277,1.536273710266066,1729821672.8495452
197.49807254342824,1974.9807254342822,1.527669743396121,1729821672.859654
197.52035284627107,1975.2035284627107,1.5191081049477777,1729821672.8695984
197.54250819687573,1975.4250819687572,1.510588653526387,1729821672.8796039
197.5645392119083,1975.6453921190832,1.5021112474226808,1729821672.8896077
197.58644650595198,1975.8644650595197,1.4936757446243476,1729821672.8996484
197.60823069150285,1976.0823069150285,1.485282002827482,1729821672.9095862
197.62989237896576,1976.2989237896577,1.476929879447864,1729821672.9196026
197.65143217665033,1976.5143217665034,1.4686192316322124,1729821672.92961
197.6728506907673,1976.728506907673,1.460349916269271,1729821672.9398134
197.6941485254247,1976.941485254247,1.4521217900007564,1729821672.9495935
197.7153262826246,1977.153262826246,1.4439347092322823,1729821672.9596689
197.73638456225967,1977.3638456225967,1.4357885301440874,1729821672.9697118
197.75732396211006,1977.5732396211006,1.4276831087016788,1729821672.9795074
197.77814507784043,1977.7814507784044,1.4196183006663876,1729821672.9896727
197.79884850299712,1977.9884850299711,1.4115939616057815,1729821672.9996357
197.81943482900536,1978.1943482900535,1.4036099469039645,1729821673.00964
197.83990464516688,1978.3990464516687,1.395666111771817,1729821673.019615
197.8602585386574,1978.602585386574,1.3877623112570436,1729821673.0296276
197.8804970945244,1978.804970945244,1.3798984002541932,1729821673.0395746
197.90062089568508,1979.0062089568507,1.3720742335145282,1729821673.0495174
197.92063052292434,1979.2063052292433,1.3642896656557593,1729821673.0596268
197.940526554893,1979.4052655489302,1.3565445511717336,1729821673.0695698
197.9603095681061,1979.6030956810612,1.3488387444419647,1729821673.0795937
197.97998013694138,1979.7998013694137,1.3411720997410974,1729821673.0895936
197.99953883363784,1979.9953883363785,1.3335444712482154,1729821673.0996685
198.01898622829452,1980.1898622829453,1.3259557130560715,1729821673.1095407
198.03832288886935,1980.3832288886933,1.3184056791802377,1729821673.1195679
198.05754938117815,1980.5754938117816,1.310894223568086,1729821673.1295314
198.07666626889377,1980.7666626889377,1.3034212001077066,1729821673.1397505
198.09567411354533,1980.9567411354533,1.295986462636721,1729821673.1496303
198.1145734745176,1981.145734745176,1.288589864950989,1729821673.1596437
198.13336490905058,1981.3336490905058,1.2812312608131844,1729821673.1696205
198.15204897223904,1981.5204897223905,1.2739105039613126,1729821673.179571
198.17062621703235,1981.7062621703235,1.266627448117081,1729821673.1896563
198.18909719423434,1981.8909719423434,1.2593819469942034,1729821673.1996386
198.2074624525033,1982.074624525033,1.2521738543065801,1729821673.2096252
198.22572253835213,1982.2572253835212,1.2450030237763823,1729821673.2196295
198.2438779961485,1982.4387799614851,1.2378693091420487,1729821673.2295613
198.26192936811537,1982.6192936811537,1.2307725641661627,1729821673.2396958
198.27987719433122,1982.7987719433122,1.2237126426432177,1729821673.2496908
198.29772201273084,1982.9772201273086,1.2166893984073557,1729821673.2596083
198.31546435910593,1983.1546435910593,1.2097026853399022,1729821673.269608
198.33310476710588,1983.3310476710587,1.2027523573768928,1729821673.279599
198.35064376823874,1983.5064376823875,1.1958382685164555,1729821673.28958
198.3680818918722,1983.680818918722,1.188960272826101,1729821673.299666
198.38541966523474,1983.8541966523474,1.1821182244499386,1729821673.3095822
198.40265761341684,1984.0265761341684,1.175311977615772,1729821673.3197148
198.4197962593723,1984.197962593723,1.1685413866420955,1729821673.3295221
198.4368361239197,1984.368361239197,1.1618063059450403,1729821673.3399367
198.45377772574392,1984.5377772574393,1.1551065900451878,1729821673.3496945
198.47062158139775,1984.7062158139775,1.1484420935742818,1729821673.3596406
198.48736820530365,1984.8736820530366,1.1418126712818832,1729821673.369596
198.50401810975555,1985.0401810975554,1.135218178041912,1729821673.3796155
198.52057180492076,1985.2057180492077,1.128658468859106,1729821673.3896947
198.53702979884204,1985.3702979884204,1.122133398875377,1729821673.3995683
198.55339259743965,1985.5339259743964,1.1156428233760813,1729821673.4096131
198.56966070451355,1985.6966070451356,1.1091865977962048,1729821673.419618
198.5858346217457,1985.858346217457,1.1027645777264734,1729821673.4296494
198.60191484870242,1986.0191484870243,1.0963766189193418,1729821673.439653
198.61790188283683,1986.1790188283683,1.0900225772949295,1729821673.4496725
198.63379621949147,1986.3379621949148,1.0837023089468456,1729821673.4596052
198.64959835190083,1986.4959835190084,1.0774156701479232,1729821673.4696867
198.66530877119413,1986.6530877119412,1.0711625173559085,1729821673.4795792
198.68092796639812,1986.8092796639812,1.0649427072190178,1729821673.4895737
198.69645642443984,1986.9645642443984,1.0587560965814173,1729821673.499702
198.71189463014977,1987.1189463014978,1.0526025424886765,1729821673.5095925
198.72724306626466,1987.2724306626467,1.0464819021930403,1729821673.5196433
198.74250221343078,1987.4250221343077,1.0403940331587123,1729821673.52946
198.75767255020705,1987.5767255020705,1.0343387930669934,1729821673.5396433
198.7727545530683,1987.727545530683,1.0283160398213624,1729821673.5496478
198.78774869640858,1987.8774869640858,1.0223256315524853,1729821673.559653
198.80265545254463,1988.0265545254463,1.0163674266231375,1729821673.569608
198.8174752917193,1988.174752917193,1.0104412836330354,1729821673.5794508
198.83220868210506,1988.3220868210506,1.0045470614235938,1729821673.5896163
198.84685608980777,1988.4685608980776,0.9986846190826295,1729821673.5995975
198.86141797887015,1988.6141797887014,0.9928538159489353,1729821673.6098435
198.87589481127569,1988.7589481127568,0.9870545116168596,1729821673.6196196
198.89028704695238,1988.9028704695238,0.981286565940712,1729821673.6296365
198.90459514377662,1989.0459514377662,0.9755498390391626,1729821673.6396408
198.91881955757714,1989.1881955757713,0.9698441912995595,1729821673.649615
198.93296074213904,1989.3296074213904,0.9641694833821397,1729821673.6596465
198.94701914920785,1989.4701914920784,0.9585255762241811,1729821673.6696959
198.96099522849357,1989.6099522849358,0.9529123310441037,1729821673.679597
198.97488942767495,1989.7488942767495,0.9473296093454753,1729821673.6897655
198.9887021924037,1989.887021924037,0.9417772729209606,1729821673.6997392
199.00243396630876,1990.0243396630876,0.9362551838561668,1729821673.7096498
199.01608519100068,1990.1608519100068,0.9307632045334753,1729821673.7196681
199.02965630607605,1990.2965630607605,0.9253011976357381,1729821673.7295668
199.04314774912189,1990.4314774912189,0.9198690261499642,1729821673.7396815
199.05655995572022,1990.5655995572022,0.9144665533709055,1729821673.7496166
199.0698933594526,1990.6989335945261,0.9090936429045726,1729821673.7596889
199.08314839190479,1990.831483919048,0.9037501586717145,1729821673.769519
199.09632548267135,1990.9632548267134,0.898435964911183,1729821673.7795956
199.1094250593604,1991.094250593604,0.8931509261832673,1729821673.7896268
199.12244754759837,1991.2244754759836,0.8878949073729707,1729821673.7996364
199.1353933710348,1991.353933710348,0.8826677736931892,1729821673.8096535
199.14826295134722,1991.4826295134721,0.8774693906878461,1729821673.8197188
199.16105670824598,1991.6105670824597,0.872299624234973,1729821673.8296964
199.1737750594793,1991.7377505947932,0.8671583405497092,1729821673.8396342
199.18641842083824,1991.8641842083823,0.8620454061872298,1729821673.8497322
199.1989872061616,1991.989872061616,0.8569606880456444,1729821673.8597198
199.21148182734115,1992.1148182734114,0.8519040533688198,1729821673.869622
199.22390269432665,1992.2390269432665,0.8468753697491511,1729821673.8795688
199.23625021513104,1992.3625021513103,0.8418745051302334,1729821673.8896894
199.2485247958356,1992.485247958356,0.8369013278095423,1729821673.9003546
199.26072684059525,1992.6072684059525,0.8319557064409793,1729821673.9096808
199.27285675164373,1992.7285675164374,0.8270375100374281,1729821673.9195638
199.28491492929888,1992.8491492929888,0.8221466079732043,1729821673.92952
199.29690177196812,1992.9690177196812,0.8172828699865047,1729821673.9397829
199.30881767615367,1993.0881767615367,0.8124461661817044,1729821673.9496837
199.320663036458,1993.20663036458,0.8076363670317228,1729821673.9596636
199.33243824558934,1993.3243824558936,0.8028533433802263,1729821673.9696896
199.3441436943671,1993.4414369436709,0.7980969664438291,1729821673.9795494
199.35577977172727,1993.5577977172727,0.7933671078142339,1729821673.989579
199.36734686472815,1993.6734686472814,0.7886636394603368,1729821673.9995902
199.37884535855574,1993.7884535855574,0.7839864337302291,1729821674.0096385
199.39027563652942,1993.9027563652942,0.7793353633532032,1729821674.0195405
199.40163808010757,1994.0163808010757,0.7747103014416634,1729821674.0295162
199.41293306889318,1994.1293306889318,0.7701111214930165,1729821674.0396502
199.42416098063953,1994.2416098063952,0.7655376973914922,1729821674.0496883
199.43532219125586,1994.3532219125586,0.7609899034099286,1729821674.0607293
199.4464170748132,1994.4641707481321,0.7564676142115161,1729821674.069761
199.45744600355005,1994.5744600355006,0.7519707048514395,1729821674.0796468
199.4684093478781,1994.684093478781,0.7474990507785435,1729821674.0897372
199.47930747638813,1994.7930747638814,0.7430525278369,1729821674.099712
199.49014075585575,1994.9014075585574,0.7386310122673603,1729821674.1097062
199.5009095512473,1995.009095512473,0.7342343807090526,1729821674.1196644
199.51161422572568,1995.1161422572568,0.7298625102007943,1729821674.1295679
199.5222551406562,1995.222551406562,0.7255152781825345,1729821674.1396852
199.53283265561257,1995.3283265561256,0.7211925624966877,1729821674.1497176
199.54334712838275,1995.4334712838274,0.7168942413894452,1729821674.1596994
199.55379891497492,1995.5379891497491,0.7126201935120449,1729821674.1697197
199.56418836962345,1995.6418836962346,0.7083702979219986,1729821674.1795034
199.57451584479483,1995.7451584479484,0.7041444340842684,1729821674.189581
199.5847816911937,1995.8478169119371,0.6999424818724229,1729821674.199592
199.59498625776888,1995.9498625776887,0.69576432156971,1729821674.209855
199.60512989171932,1996.0512989171932,0.6916098338701371,1729821674.2195725
199.61521293850018,1996.152129385002,0.6874788998794692,1729821674.2296968
199.62523574182893,1996.2523574182892,0.6833714011162222,1729821674.2395866
199.63519864369135,1996.3519864369136,0.6792872195125828,1729821674.2495666
199.64510198434766,1996.4510198434766,0.6752262374153073,1729821674.2596698
199.65494610233856,1996.5494610233854,0.6711883375865888,1729821674.2696192
199.66473133449134,1996.6473133449133,0.6671734032048704,1729821674.2795513
199.67445801592606,1996.7445801592607,0.6631813178656483,1729821674.2896688
199.68412648006168,1996.8412648006167,0.6592119655821715,1729821674.2996278
199.69373705862205,1996.9373705862204,0.6552652307861795,1729821674.309521
199.70329008164222,1997.0329008164222,0.6513409983285943,1729821674.3196723
199.71278587747457,1997.1278587747456,0.6474391534801125,1729821674.3295135
199.7222247727949,1997.222247727949,0.6435595819318305,1729821674.3395808
199.73160709260864,1997.3160709260865,0.6397021697958056,1729821674.3496356
199.74093316025707,1997.4093316025708,0.6358668036056034,1729821674.3599772
199.7502032974235,1997.502032974235,0.6320533703167648,1729821674.3697112
199.7594178241394,1997.594178241394,0.6282617573072766,1729821674.3795445
199.76857705879067,1997.6857705879067,0.6244918523780232,1729821674.3896933
199.77768131812383,1997.7768131812381,0.6207435437531785,1729821674.3996341
199.78673091725224,1997.8673091725225,0.6170167200805476,1729821674.4097066
199.7957261696623,1997.957261696623,0.6133112704319128,1729821674.4196112
199.80466738721964,1998.0466738721964,0.609627084303364,1729821674.4296174
199.81355488017547,1998.1355488017548,0.6059640516155262,1729821674.4396348
199.82238895717268,1998.2238895717269,0.6023220627138226,1729821674.449691
199.8311699252521,1998.311699252521,0.5987010083686961,1729821674.4597566
199.83989808985885,1998.3989808985884,0.5951007797757644,1729821674.4696207
199.8485737548484,1998.485737548484,0.5915212685559865,1729821674.4795008
199.85719722249289,1998.571972224929,0.5879623667557823,1729821674.489741
199.86576879348743,1998.6576879348743,0.5844239668471456,1729821674.4996665
199.8742887669563,1998.742887669563,0.5809059617276837,1729821674.5096395
199.88275744045916,1998.8275744045916,0.5774082447206528,1729821674.5195594
199.89117510999728,1998.9117510999727,0.573930709575011,1729821674.5294878
199.8995420700199,1998.9954207001988,0.5704732504653602,1729821674.539725
199.9078586134303,1999.0785861343031,0.5670357619919173,1729821674.549654
199.91612503159223,1999.1612503159222,0.5636181391804644,1729821674.5596771
199.924341614336,1999.2434161433598,0.5602202774822338,1729821674.569675
199.93250864996475,1999.3250864996476,0.5568420727737919,1729821674.579581
199.94062642526077,1999.4062642526078,0.553483421356912,1729821674.5897355
199.94869522549163,1999.4869522549163,0.5501442199583835,1729821674.5996733
199.9567153344165,1999.5671533441648,0.5468243657298473,1729821674.6096654
199.96468703429224,1999.6468703429223,0.5435237562475415,1729821674.619729
199.97261060587982,1999.7261060587982,0.5402422895121024,1729821674.6297004
199.98048632845038,1999.8048632845039,0.5369798639482752,1729821674.639625
199.98831447979154,1999.8831447979155,0.533736378404642,1729821674.6496625
199.9960953362135,1999.9609533621351,0.5305117321532968,1729821674.6597524
200.0038291725554,2000.0382917255542,0.5273058248895577,1729821674.6695685
200.01151626219144,2000.1151626219144,0.5241185567315529,1729821674.6795585
200.01915687703698,2000.1915687703697,0.5209498282199032,1729821674.6896033
200.02675128755496,2000.2675128755495,0.5177995403173075,1729821674.699662
200.03429976276186,2000.3429976276186,0.5146675944081114,1729821674.7096353
200.04180257023404,2000.4180257023404,0.5115538922979095,1729821674.7196243
200.04925997611377,2000.4925997611376,0.5084583362130495,1729821674.7294886
200.05667224511555,2000.5667224511556,0.505380828800206,1729821674.7397635
200.06403964053212,2000.640396405321,0.5023212731258333,1729821674.7496414
200.07136242424068,2000.7136242424067,0.4992795726756949,1729821674.7596135
200.07864085670906,2000.7864085670906,0.4962556313543214,1729821674.7696152
200.0858751970018,2000.858751970018,0.4932493534844369,1729821674.7795699
200.0930657027863,2000.9306570278632,0.4902606438064314,1729821674.789662
200.10021263033894,2001.0021263033896,0.4872894074777374,1729821674.7996736
200.10731623455118,2001.0731623455117,0.48433555007225415,1729821674.809805
200.11437676893564,2001.1437676893565,0.48139897757971184,1729821674.8196528
200.12139448563224,2001.2139448563223,0.478479596405041,1729821674.8295524
200.1283696354142,2001.283696354142,0.475577313367717,1729821674.839644
200.13530246769423,2001.3530246769424,0.47269203570110285,1729821674.849591
200.14219323053044,2001.4219323053044,0.46982367105172784,1729821674.859605
200.14904217063253,2001.4904217063254,0.46697212747864114,1729821674.8695767
200.15584953336773,2001.5584953336772,0.4641373134526372,1729821674.8796206
200.16261556276692,2001.626155627669,0.4613191378555612,1729821674.8898218
200.16934050153054,2001.6934050153054,0.45851750997954,1729821674.8996704
200.17602459103466,2001.7602459103466,0.45573233952623937,1729821674.9096758
200.182668071337,2001.82668071337,0.4529635366060898,1729821674.9196284
200.18927118118285,2001.8927118118286,0.4502110117374709,1729821674.9295216
200.19583415801108,2001.9583415801108,0.4474746758459176,1729821674.9396515
200.2023572379601,2002.0235723796009,0.4447544402633259,1729821674.9497607
200.20884065587376,2002.0884065587375,0.4420502167271021,1729821674.9596508
200.21528464530738,2002.1528464530738,0.43936191737931374,1729821674.9697032
200.2216894385336,2002.2168943853358,0.43668945476584575,1729821674.9795895
200.22805526654827,2002.2805526654827,0.43403274183552654,1729821674.9896767
200.23438235907642,2002.3438235907643,0.4313916919392451,1729821674.999655
200.2406709445781,2002.4067094457812,0.4287662188290735,1729821675.009678
200.2469212502543,2002.469212502543,0.42615623665732905,1729821675.0197196
200.25313350205266,2002.5313350205265,0.42356165997568773,1729821675.0296566
200.25930792467352,2002.5930792467352,0.4209824037342571,1729821675.0396485
200.26544474157558,2002.6544474157558,0.4184183832806063,1729821675.0495782
200.2715441749818,2002.7154417498182,0.4158695143588602,1729821675.0596666
200.27760644588525,2002.7760644588525,0.41333571310870454,1729821675.0696895
200.28363177405475,2002.8363177405477,0.4108168960644232,1729821675.0796711
200.28962037804078,2002.8962037804079,0.40831298015392825,1729821675.0897331
200.29557247518113,2002.9557247518114,0.4058238826977565,1729821675.0996616
200.30148828160677,2003.0148828160677,0.40334952140808866,1729821675.1096337
200.30736801224745,2003.0736801224746,0.400889814387714,1729821675.1196086
200.31321188083749,2003.1321188083748,0.3984446801290247,1729821675.1296625
200.3190200999215,2003.190200999215,0.3960140375130017,1729821675.139637
200.32479288085995,2003.2479288085995,0.39359780580813464,1729821675.1497076
200.33053043383495,2003.3053043383495,0.39119590466943244,1729821675.1594706
200.33623296785592,2003.3623296785593,0.38880825413733433,1729821675.169642
200.34190069076507,2003.4190069076508,0.38643477463663345,1729821675.1795747
200.34753380924323,2003.4753380924324,0.3840753869754625,1729821675.1896212
200.35313252881528,2003.5313252881529,0.3817300123441463,1729821675.1996312
200.35869705385585,2003.5869705385585,0.37939857231417307,1729821675.2096665
200.36422758759483,2003.6422758759481,0.3770809888370632,1729821675.2196457
200.36972433212296,2003.6972433212295,0.3747771842432961,1729821675.2297065
200.3751874883974,2003.7518748839739,0.37248708124118757,1729821675.2396803
200.38061725624718,2003.8061725624718,0.37021060291576546,1729821675.2496512
200.38601383437876,2003.8601383437876,0.36794767272766293,1729821675.2595723
200.39137742038153,2003.9137742038154,0.3656982145120047,1729821675.2696354
200.39670821073327,2003.9670821073328,0.36346215247723457,1729821675.2796059
200.40200640080556,2004.0200640080557,0.3612394112040018,1729821675.289795
200.40727218486933,2004.0727218486932,0.35902991564401887,1729821675.2997105
200.4125057561002,2004.125057561002,0.35683359111888713,1729821675.3097472
200.41770730658388,2004.1770730658388,0.3546503633189513,1729821675.3196857
200.42287702732165,2004.2287702732165,0.3524801583021411,1729821675.3295467
200.42801510823563,2004.2801510823563,0.35032290249279363,1729821675.3396366
200.43312173817424,2004.3312173817424,0.3481785226804881,1729821675.349676
200.4381971049174,2004.3819710491741,0.34604694601883956,1729821675.3596659
200.44324139518204,2004.4324139518203,0.3439281000243657,1729821675.3696713
200.44825479462722,2004.4825479462722,0.3418219125752433,1729821675.3795886
200.4532374878595,2004.532374878595,0.33972831191015196,1729821675.3896353
200.45818965843827,2004.5818965843828,0.3376472266270696,1729821675.3996382
200.46311148888088,2004.631114888809,0.335578585682045,1729821675.4096558
200.468003160668,2004.68003160668,0.3335223183880327,1729821675.4196272
200.47286485424866,2004.7286485424866,0.3314783544136404,1729821675.4296665
200.4776967490457,2004.7769674904569,0.32944662378196377,1729821675.4398222
200.4824990234607,2004.824990234607,0.32742705686930584,1729821675.4495542
200.48727185487928,2004.8727185487928,0.32541958440402574,1729821675.4597125
200.49201541967625,2004.9201541967625,0.32342413746526333,1729821675.4695952
200.49672989322067,2004.9672989322066,0.32144064748173307,1729821675.4796402
200.50141544988102,2005.0141544988103,0.3194690462304859,1729821675.4896452
200.50607226303026,2005.0607226303027,0.3175092658356746,1729821675.4996438
200.5107005050509,2005.1070050505089,0.3155612387673177,1729821675.5096865
200.51530034734003,2005.1530034734003,0.3136248978400715,1729821675.5197222
200.51987196031448,2005.1987196031448,0.3117001762119749,1729821675.5295918
200.52441551341568,2005.2441551341567,0.30978700738319453,1729821675.5396812
200.5289311751147,2005.2893117511471,0.30788532519479794,1729821675.5498426
200.53341911291736,2005.3341911291736,0.3059950638275133,1729821675.55971
200.53787949336896,2005.3787949336897,0.30411615780043455,1729821675.5696263
200.54231248205946,2005.4231248205947,0.30224854196982776,1729821675.5795858
200.54671824362828,2005.4671824362827,0.30039215152781296,1729821675.5897439
200.5510969417692,2005.510969417692,0.29854692200114386,1729821675.5995815
200.5554487392353,2005.554487392353,0.2967127892499466,1729821675.6098459
200.55977379784377,2005.5977379784376,0.29488968946646743,1729821675.6197722
200.56407227848092,2005.6407227848092,0.29307755917377953,1729821675.6297157
200.56834434110675,2005.6834434110674,0.29127633522453245,1729821675.6396906
200.57259014476,2005.7259014475999,0.2894859547997246,1729821675.649546
200.57680984756286,2005.7680984756284,0.28770635540738176,1729821675.6597245
200.5810036067257,2005.810036067257,0.2859374748813117,1729821675.6695967
200.5851715785519,2005.851715785519,0.28417925137986266,1729821675.6795657
200.5893139184426,2005.893139184426,0.2824316233846158,1729821675.6896303
200.59343078090134,2005.9343078090135,0.28069452969912767,1729821675.6996965
200.59752231953885,2005.9752231953885,0.2789679094476867,1729821675.7096078
200.60158868707765,2006.0158868707765,0.27725170207400573,1729821675.7195816
200.60563003535682,2006.0563003535683,0.27554584733998766,1729821675.7295659
200.60964651533658,2006.096465153366,0.2738502853244036,1729821675.7396562
200.61363827710292,2006.1363827710293,0.27216495642167793,1729821675.7498653
200.61760546987225,2006.1760546987225,0.2704898013405721,1729821675.7597582
200.62154824199592,2006.2154824199592,0.26882476110294284,1729821675.7696915
200.62546674096487,2006.2546674096486,0.26716977704245437,1729821675.779562
200.62936111341415,2006.2936111341414,0.26552479080333313,1729821675.7896335
200.63323150512744,2006.3323150512745,0.26388974433904444,1729821675.7996788
200.63707806104162,2006.3707806104162,0.2622645799110792,1729821675.8096483
200.6409009252512,2006.409009252512,0.2606492400876377,1729821675.8196635
200.64470024101288,2006.4470024101288,0.25904366774239485,1729821675.8297122
200.64847615074993,2006.4847615074993,0.25744780605319306,1729821675.8396254
200.65222879605665,2006.5222879605665,0.2558615985008128,1729821675.849621
200.65595831770287,2006.5595831770288,0.25428498886769013,1729821675.8596587
200.65966485563828,2006.596648556383,0.2527179212366235,1729821675.8696423
200.6633485489968,2006.6334854899678,0.25116033998953036,1729821675.87962
200.66700953610103,2006.6700953610102,0.24961218980620892,1729821675.889706
200.67064795446655,2006.7064795446654,0.24807341566299534,1729821675.8997204
200.6742639408062,2006.7426394080621,0.24654396283158242,1729821675.909682
200.67785763103456,2006.7785763103457,0.24502377687771038,1729821675.9196136
200.681429160272,2006.81429160272,0.24351280365990924,1729821675.929471
200.68497866284918,2006.8497866284918,0.24201098932825715,1729821675.939735
200.6885062723112,2006.885062723112,0.24051828032309075,1729821675.949688
200.69201212142184,2006.9201212142184,0.23903462337377235,1729821675.9597323
200.69549634216781,2006.9549634216783,0.23755996549743763,1729821675.9696136
200.69895906576292,2006.9895906576292,0.236094253997706,1729821675.9795637
200.7024004226523,2007.024004226523,0.2346374364634709,1729821675.989662
200.70582054251653,2007.0582054251654,0.23318946076761726,1729821675.999628
200.70921955427585,2007.0921955427584,0.23175027506576384,1729821676.009569
200.71259758609418,2007.1259758609417,0.2303198277950571,1729821676.019582
200.71595476538332,2007.1595476538332,0.22889806767288157,1729821676.0295353
200.71929121880703,2007.1929121880703,0.22748494369564476,1729821676.0397704
200.72260707228506,2007.2260707228506,0.2260804051375036,1729821676.0496933
200.72590245099727,2007.2590245099727,0.22468440154916003,1729821676.0596404
200.7291774793876,2007.291774793876,0.223296882756582,1729821676.0696516
200.73243228116814,2007.3243228116814,0.22191779885979912,1729821676.0796993
200.7356669793231,2007.356669793231,0.2205471002316557,1729821676.0896142
200.73888169611283,2007.3888169611282,0.21918473751657608,1729821676.0996618
200.74207655307774,2007.4207655307773,0.21783066162932485,1729821676.1095839
200.7452516710423,2007.452516710423,0.21648482375379352,1729821676.1196363
200.7484071701189,2007.484071701189,0.21514717534176597,1729821676.129563
200.7515431697118,2007.515431697118,0.21381766811170522,1729821676.1396103
200.75465978852102,2007.5465978852103,0.2124962540475277,1729821676.1496115
200.75775714454628,2007.5775714454628,0.21118288539737406,1729821676.1597526
200.76083535509073,2007.6083535509074,0.20987751467239413,1729821676.1696043
200.76389453676487,2007.6389453676486,0.20858009464553362,1729821676.1795251
200.76693480549037,2007.6693480549036,0.20729057835035292,1729821676.1896083
200.76995627650382,2007.699562765038,0.20600891907975694,1729821676.199664
200.77295906436063,2007.7295906436063,0.20473507038486005,1729821676.2097232
200.77594328293867,2007.7594328293867,0.20346898607371067,1729821676.219594
200.7789090454421,2007.789090454421,0.20221062021015257,1729821676.2296731
200.78185646440508,2007.8185646440509,0.20095992711257793,1729821676.2396233
200.78478565169547,2007.8478565169548,0.1997168613527709,1729821676.2496889
200.7876967185186,2007.876967185186,0.19848137775469255,1729821676.2599833
200.7905897754208,2007.9058977542081,0.19725343139328366,1729821676.2696104
200.7934649322933,2007.934649322933,0.19603297759330296,1729821676.279631
200.79632229837557,2007.9632229837557,0.1948199719281316,1729821676.2896347
200.79916198225925,2007.9916198225924,0.19361437021859018,1729821676.2996693
200.8019840918916,2008.019840918916,0.19241612853175738,1729821676.3095486
200.80478873457906,2008.0478873457905,0.19122520317978697,1729821676.319509
200.807576016991,2008.07576016991,0.19004155071877804,1729821676.3295808
200.81034604516307,2008.1034604516308,0.18886512794753685,1729821676.3396893
200.8130989245009,2008.130989245009,0.1876958919064755,1729821676.3496344
200.81583475978354,2008.1583475978355,0.18653379987641827,1729821676.3597167
200.81855365516705,2008.1855365516706,0.185378809377454,1729821676.3696768
200.82125571418788,2008.2125571418787,0.1842308781677442,1729821676.3795974
200.82394103976645,2008.2394103976644,0.18308996424242885,1729821676.3896708
200.82660973421054,2008.2660973421052,0.18195602583243264,1729821676.399594
200.82926189921875,2008.2926189921875,0.18082902140333879,1729821676.4096293
200.83189763588396,2008.3189763588396,0.17970890965423258,1729821676.4195523
200.83451704469672,2008.3451704469671,0.17859564951656637,1729821676.4296834
200.8371202255486,2008.371202255486,0.17748920015301728,1729821676.4396691
200.8397072777356,2008.3970727773562,0.1763895209563735,1729821676.449622
200.84227829996155,2008.4227829996155,0.17529657154837963,1729821676.4597588
200.8448333903413,2008.4483339034132,0.17421031177862112,1729821676.4696424
200.84737264640427,2008.4737264640426,0.1731307017234176,1729821676.4795747
200.84989616509756,2008.4989616509756,0.17205770168466827,1729821676.4896274
200.85240404278937,2008.5240404278939,0.17099127218875765,1729821676.499696
200.8548963752722,2008.548963752722,0.16993137398544,1729821676.5096097
200.85737325776614,2008.5737325776613,0.16887796804673272,1729821676.5195339
200.85983478492213,2008.5983478492212,0.16783101556580782,1729821676.5295045
200.86228105082517,2008.6228105082519,0.16679047795587643,1729821676.5396314
200.8647121489975,2008.6471214899752,0.1657563168491052,1729821676.5497103
200.86712817240186,2008.6712817240186,0.16472849409552737,1729821676.5596626
200.8695292134446,2008.695292134446,0.16370697176194327,1729821676.5698276
200.8719153639789,2008.719153639789,0.16269171213082245,1729821676.579653
200.8742867153079,2008.742867153079,0.1616826776992255,1729821676.589561
200.87664335818783,2008.7664335818783,0.1606798311777311,1729821676.59962
200.8789853828311,2008.7898538283112,0.15968313548934887,1729821676.6096604
200.88131287890945,2008.8131287890947,0.15869255376845892,1729821676.6195703
200.883625935557,2008.83625935557,0.1577080493597176,1729821676.6297765
200.88592464137332,2008.8592464137332,0.1567295858170148,1729821676.6396334
200.88820908442645,2008.8820908442644,0.15575712690240984,1729821676.649595
200.89047935225605,2008.9047935225606,0.15479063658507286,1729821676.6597295
200.8927355318763,2008.927355318763,0.1538300790401994,1729821676.6696537
200.89497770977897,2008.9497770977896,0.15287541864800147,1729821676.679713
200.89720597193642,2008.972059719364,0.15192661999263635,1729821676.68957
200.8994204038045,2008.994204038045,0.15098364786116214,1729821676.6999204
200.9016210903256,2009.0162109032558,0.15004646724251458,1729821676.709594
200.90380811593155,2009.0380811593154,0.1491150433264572,1729821676.7196062
200.90598156454658,2009.0598156454657,0.14818934150253682,1729821676.7295134
200.90814151959015,2009.0814151959014,0.14726932735908527,1729821676.7396803
200.91028806397998,2009.1028806397999,0.14635496668218728,1729821676.7496374
200.91242128013485,2009.1242128013484,0.14544622545462538,1729821676.7597392
200.9145412499775,2009.145412499775,0.1445430698548975,1729821676.7696023
200.91664805493744,2009.1664805493745,0.14364546625619035,1729821676.7795508
200.91874177595386,2009.1874177595387,0.14275338122538805,1729821676.7895947
200.9208224934784,2009.208224934784,0.14186678152203136,1729821676.7997148
200.92289028747803,2009.2289028747803,0.1409856340973512,1729821676.8096952
200.92494523743773,2009.2494523743771,0.14010990609322604,1729821676.8196473
200.9269874223634,2009.269874223634,0.13923956484124567,1729821676.829678
200.92901692078453,2009.2901692078453,0.13837457786167384,1729821676.8396142
200.93103381075701,2009.3103381075703,0.13751491286248196,1729821676.849652
200.93303816986585,2009.3303816986586,0.13666053773836673,1729821676.859665
200.93503007522793,2009.3503007522793,0.13581142056976248,1729821676.8698783
200.93700960349463,2009.3700960349463,0.13496752962185,1729821676.8796675
200.93897683085464,2009.3897683085465,0.1341288333436328,1729821676.889624
200.94093183303653,2009.4093183303653,0.13329530036692283,1729821676.8996809
200.9428746853115,2009.428746853115,0.13246689950540969,1729821676.9096246
200.944805462496,2009.44805462496,0.1316435997536729,1729821676.919706
200.94672423895437,2009.4672423895438,0.1308253702862423,1729821676.9296024
200.94863108860147,2009.4863108860147,0.1300121804566352,1729821676.9396179
200.95052608490528,2009.5052608490528,0.1292039997964345,1729821676.9496439
200.9524093008895,2009.524093008895,0.1284007980143116,1729821676.959626
200.95428080913618,2009.5428080913618,0.12760254499509394,1729821676.9695876
200.9561406817882,2009.561406817882,0.12680921079885366,1729821676.9795382
200.9579889905519,2009.5798899055192,0.1260207656599217,1729821676.9895604
200.9598258066996,2009.598258066996,0.1252371799860299,1729821676.9996977
200.96165120107213,2009.6165120107212,0.12445842435732679,1729821677.0096073
200.9634652440813,2009.6346524408132,0.12368446952546464,1729821677.0195577
200.96526800571255,2009.6526800571255,0.12291528641272897,1729821677.0296679
200.96705955552721,2009.670595555272,0.12215084611105098,1729821677.0397189
200.9688399626652,2009.688399626652,0.12139111988116547,1729821677.0496202
200.97060929584728,2009.7060929584727,0.12063607915167118,1729821677.0596306
200.97236762337775,2009.7236762337775,0.119885695518132,1729821677.0696197
200.97411501314664,2009.7411501314664,0.11913994074217094,1729821677.0795102
200.97585153263228,2009.7585153263228,0.11839878675060334,1729821677.0896132
200.97757724890366,2009.7757724890366,0.11766220563452379,1729821677.0997124
200.97929222862285,2009.7929222862285,0.11693016964841263,1729821677.1096923
200.98099653804735,2009.8099653804734,0.11620265120927087,1729821677.119691
200.98269024303247,2009.8269024303247,0.11547962289574443,1729821677.1294882
200.98437340903374,2009.8437340903374,0.11476105744723952,1729821677.1396327
200.98604610110917,2009.8604610110917,0.11404692776302738,1729821677.149626
200.98770838392164,2009.8770838392165,0.11333720690143068,1729821677.1594548
200.9893603217412,2009.893603217412,0.11263186807891223,1729821677.1697602
200.99100197844737,2009.9100197844737,0.11193088466924372,1729821677.1795576
200.9926334175315,2009.9263341753149,0.11123423020263878,1729821677.189648
200.9942547020989,2009.9425470209892,0.11054187836487905,1729821677.1996868
200.99586589487132,2009.958658948713,0.10985380299651482,1729821677.2097983
200.997467058189,2009.9746705818898,0.10916997809198214,1729821677.2195969
200.99905825401305,2009.9905825401306,0.10849037779876802,1729821677.229925
201.00063954392766,2010.0063954392767,0.10781497641657545,1729821677.2396111
201.00221098914227,2010.0221098914226,0.10714374839649743,1729821677.2495992
201.00377265049383,2010.0377265049383,0.10647666834018565,1729821677.2597442
201.00532458844893,2010.0532458844893,0.10581371099901205,1729821677.2696655
201.0068668631061,2010.068668631061,0.1051548512732694,1729821677.2795954
201.00839953419788,2010.0839953419788,0.1045000642113223,1729821677.2896848
201.009922661093,2010.09922661093,0.10384932500880772,1729821677.299724
201.01143630279853,2010.1143630279853,0.10320260900784994,1729821677.30966
201.01294051796208,2010.1294051796208,0.1025598916962025,1729821677.3197017
201.0144353648738,2010.1443536487382,0.10192114870648084,1729821677.3295944
201.01592090146863,2010.1592090146864,0.10128635581536649,1729821677.3407063
201.01739718532832,2010.173971853283,0.10065548894277399,1729821677.3497307
201.01886427368348,2010.1886427368347,0.10002852415108165,1729821677.3597264
201.02032222341577,2010.2032222341577,0.09940543764437137,1729821677.369587
201.02177109105992,2010.2177109105992,0.09878620576758124,1729821677.3794858
201.02321093280568,2010.2321093280568,0.09817080500577546,1729821677.3896616
201.02464180450008,2010.2464180450008,0.09755921198335926,1729821677.3996286
201.02606376164925,2010.2606376164927,0.0969514034632688,1729821677.4097471
201.02747685942057,2010.2747685942059,0.09634735634624292,1729821677.419633
201.02888115264463,2010.2888115264464,0.0957470476700415,1729821677.4296787
201.03027669581724,2010.3027669581725,0.09515045460867455,1729821677.4395883
201.03166354310142,2010.3166354310142,0.0945575544716526,1729821677.4495423
201.03304174832934,2010.3304174832933,0.09396832470322103,1729821677.4596393
201.03441136500436,2010.3441136500437,0.09338274288163007,1729821677.4695811
201.03577244630293,2010.3577244630292,0.09280078671835312,1729821677.4794545
201.03712504507652,2010.3712504507653,0.09222243405736386,1729821677.4896786
201.0384692138536,2010.3846921385361,0.09164766287439363,1729821677.4995842
201.03980500484153,2010.3980500484154,0.09107645127618902,1729821677.5095627
201.04113246992847,2010.4113246992847,0.09050877749977815,1729821677.5196784
201.04245166068532,2010.424516606853,0.08994461991173175,1729821677.5294638
201.04376262836755,2010.4376262836754,0.08938395700744906,1729821677.5396862
201.04506542391712,2010.4506542391712,0.08882676741042594,1729821677.5496628
201.04636009796434,2010.4636009796434,0.08827302987153551,1729821677.5596633
201.0476467008297,2010.4764670082968,0.08772272326831931,1729821677.569673
201.04892528252574,2010.4892528252574,0.08717582660426793,1729821677.5794897
201.05019589275895,2010.5019589275894,0.08663231900810153,1729821677.5897355
201.05145858093144,2010.5145858093144,0.08609217973307537,1729821677.5996923
201.0527133961429,2010.5271339614292,0.08555538815629049,1729821677.6096702
201.05396038719238,2010.5396038719236,0.08502192377796014,1729821677.619672
201.05519960258002,2010.5519960258002,0.08449176622073296,1729821677.629719
201.05643109050888,2010.5643109050889,0.08396489522900019,1729821677.6396937
201.0576548988867,2010.5765489888672,0.08344129066821893,1729821677.6497211
201.05887107532777,2010.5887107532776,0.08292093252420685,1729821677.660627
201.06007966715447,2010.6007966715447,0.0824038009024477,1729821677.669633
201.0612807213992,2010.6128072139923,0.0818898760274589,1729821677.679755
201.06247428480606,2010.6247428480606,0.08137913824207033,1729821677.6896565
201.06366040383253,2010.6366040383252,0.08087156800678663,1729821677.6997447
201.0648391246513,2010.6483912465128,0.08036714589908733,1729821677.7096422
201.0660104931518,2010.660104931518,0.07986585261276957,1729821677.7205663
201.06717455494208,2010.6717455494208,0.07936766895731395,1729821677.7296891
201.0683313553504,2010.6833135535041,0.07887257585718821,1729821677.7396905
201.0694809394269,2010.6948093942692,0.0783805543512166,1729821677.7495909
201.0706233519453,2010.706233519453,0.07789158559191378,1729821677.7596705
201.07175863740454,2010.7175863740454,0.07740565084485063,1729821677.7696445
201.07288684003046,2010.7288684003047,0.07692273148798634,1729821677.7795913
201.07400800377738,2010.7400800377739,0.07644280901104317,1729821677.7895787
201.0751221723298,2010.751221723298,0.07596586501487756,1729821677.799736
201.07622938910396,2010.7622938910395,0.07549188121080697,1729821677.8096638
201.07732969724947,2010.7732969724948,0.07502083942002358,1729821677.8196478
201.07842313965097,2010.7842313965098,0.07455272157293358,1729821677.8296716
201.07950975892962,2010.7950975892961,0.07408750970852829,1729821677.8395762
201.08058959744474,2010.8058959744474,0.07362518597378731,1729821677.8495445
201.0816626972954,2010.816626972954,0.07316573262304438,1729821677.8597138
201.08272910032196,2010.8272910032197,0.07270913201736917,1729821677.869585
201.08378884810762,2010.837888481076,0.07225536662395093,1729821677.8796232
201.08484198198,2010.8484198197998,0.0718044190154945,1729821677.8896525
201.08588854301263,2010.8588854301263,0.07135627186961635,1729821677.899726
201.08692857202652,2010.8692857202652,0.07091090796822819,1729821677.9096837
201.0879621095917,2010.879621095917,0.07046831019696143,1729821677.9195807
201.08898919602865,2010.8898919602866,0.07002846154453124,1729821677.9295366
201.09000987140985,2010.9000987140985,0.06959134510218057,1729821677.9396229
201.09102417556133,2010.9102417556132,0.06915694406307438,1729821677.94963
201.09203214806408,2010.9203214806407,0.06872524172169037,1729821677.9599035
201.09303382825556,2010.9303382825556,0.06829622147326297,1729821677.9695919
201.09402925523113,2010.9402925523113,0.06786986681318474,1729821677.979584
201.09501846784562,2010.9501846784563,0.06744616133644321,1729821677.9896924
201.0960015047146,2010.960015047146,0.06702508873701696,1729821677.999582
201.09697840421597,2010.9697840421597,0.06660663280734447,1729821678.0095923
201.0979492044914,2010.9794920449142,0.06619077743771484,1729821678.0196002
201.09891394344768,2010.9891394344768,0.06577750661570647,1729821678.0295327
201.09987265875816,2010.9987265875816,0.06536680442564702,1729821678.039634
201.10082538786415,2011.0082538786414,0.0649586550480219,1729821678.0499315
201.10177216797638,2011.0177216797638,0.06455304275895202,1729821678.0596917
201.10271303607635,2011.0271303607635,0.06414995192960049,1729821678.0697176
201.10364802891772,2011.0364802891772,0.06374936702563616,1729821678.079647
201.10457718302766,2011.0457718302766,0.0633512726067007,1729821678.089644
201.10550053470828,2011.055005347083,0.06295565332584196,1729821678.0999644
201.106418120038,2011.06418120038,0.06256249392896862,1729821678.109578
201.10732997487278,2011.0732997487278,0.06217177925430839,1729821678.119558
201.10823613484763,2011.0823613484763,0.061783494231908875,1729821678.1295168
201.10913663537784,2011.0913663537783,0.06139762388303893,1729821678.1396582
201.11003151166034,2011.1003151166033,0.0610141533197055,1729821678.149606
201.110920798675,2011.10920798675,0.06063306774410471,1729821678.1596785
201.11180453118607,2011.1180453118607,0.06025435244811028,1729821678.1696687
201.11268274374325,2011.1268274374324,0.05987799281271755,1729821678.17961
201.11355547068322,2011.1355547068322,0.0595039743075656,1729821678.1896703
201.11442274613083,2011.1442274613082,0.059132282490384824,1729821678.1995533
201.11528460400035,2011.1528460400036,0.05876290300649778,1729821678.2097
201.11614107799684,2011.1614107799685,0.058395821588307584,1729821678.2196672
201.11699220161734,2011.1699220161734,0.05803102405477745,1729821678.2296987
201.11783800815218,2011.1783800815217,0.057668496310942174,1729821678.2395623
201.11867853068622,2011.1867853068622,0.05730822434737881,1729821678.249708
201.11951380210007,2011.1951380210007,0.056950194239721696,1729821678.2597697
201.12034385507138,2011.2034385507138,0.056594392148179296,1729821678.2696524
201.12116872207605,2011.2116872207605,0.05624080431699774,1729821678.279659
201.12198843538945,2011.2198843538945,0.05588941707399897,1729821678.289715
201.12280302708763,2011.2280302708764,0.05554021683007271,1729821678.2996957
201.12361252904856,2011.2361252904857,0.055193190078714593,1729821678.3096128
201.1244169729533,2011.244169729533,0.05484832339550394,1729821678.3196409
201.12521639028725,2011.2521639028726,0.05450560343765076,1729821678.3295293
201.12601081234126,2011.2601081234127,0.0541650169434984,1729821678.3396752
201.1268002702129,2011.268002702129,0.05382655073206166,1729821678.34959
201.12758479480755,2011.2758479480754,0.05349019170253655,1729821678.3597116
201.12836441683964,2011.2836441683964,0.05315592683383663,1729821678.369712
201.1291391668338,2011.2913916683378,0.05282374318412231,1729821678.3795137
201.12990907512597,2011.2990907512597,0.05249362789033185,1729821678.389634
201.1306741718646,2011.306741718646,0.05216556816771245,1729821678.399617
201.13143448701177,2011.3143448701178,0.05183955130937079,1729821678.4098766
201.13219005034435,2011.3219005034434,0.05151556468579699,1729821678.419704
201.13294089145506,2011.3294089145506,0.05119359574442228,1729821678.4296613
201.13368703975365,2011.3368703975366,0.05087363200915895,1729821678.4396136
201.134428524468,2011.3442852446801,0.050555661079958014,1729821678.4495656
201.13516537464528,2011.351653746453,0.05023967063234025,1729821678.4595733
201.13589761915293,2011.3589761915293,0.049925648416953905,1729821678.469678
201.13662528667984,2011.3662528667985,0.04961358225915191,1729821678.4796526
201.1373484057375,2011.373484057375,0.049303460058530035,1729821678.489605
201.1380670046609,2011.380670046609,0.048995269788479234,1729821678.4996731
201.1387811116098,2011.387811116098,0.048688999495773544,1729821678.5095892
201.1394907545697,2011.394907545697,0.048384637300127764,1729821678.5195472
201.14019596135287,2011.4019596135288,0.048082171393732054,1729821678.5295272
201.1408967595995,2011.4089675959951,0.047781590040878896,1729821678.5397084
201.14159317677874,2011.4159317677875,0.04748288157749769,1729821678.5496213
201.14228524018964,2011.4228524018963,0.04718603441073377,1729821678.5597188
201.14297297696228,2011.4297297696228,0.04689103701852737,1729821678.569669
201.1436564140588,2011.436564140588,0.046597877949208666,1729821678.57964
201.1443355782744,2011.443355782744,0.04630654582106963,1729821678.5896385
201.14501049623834,2011.4501049623834,0.04601702932192708,1729821678.5996013
201.14568119441506,2011.4568119441506,0.04572931720874962,1729821678.609685
201.146347699105,2011.4634769910501,0.0454433983072029,1729821678.6196153
201.1470100364458,2011.4701003644582,0.045159261511294346,1729821678.6296105
201.1476682324132,2011.476682324132,0.044876895782907766,1729821678.6396604
201.14832231282196,2011.4832231282196,0.04459629015143207,1729821678.6496305
201.148972303327,2011.4897230332701,0.044317433713368715,1729821678.6597626
201.1496182294243,2011.496182294243,0.044040315631901805,1729821678.669577
201.15026011645182,2011.5026011645182,0.04376492513652508,1729821678.6795866
201.15089798959053,2011.5089798959052,0.04349125152264044,1729821678.689617
201.1515318738654,2011.515318738654,0.04321928415115828,1729821678.6997037
201.15216179414628,2011.5216179414629,0.04294901244811555,1729821678.7096834
201.15278777514888,2011.5278777514889,0.04268042590427257,1729821678.7196605
201.15340984143577,2011.5340984143577,0.04241351407475413,1729821678.7294848
201.1540280174172,2011.540280174172,0.042148266578621474,1729821678.739652
201.15464232735215,2011.5464232735214,0.041884673098550707,1729821678.7495496
201.15525279534916,2011.5525279534916,0.04162272338038697,1729821678.7597039
201.15585944536733,2011.5585944536733,0.04136240723283002,1729821678.7696903
201.15646230121718,2011.5646230121718,0.04110371452699901,1729821678.779562
201.1570613865616,2011.570613865616,0.04084663519611631,1729821678.7895517
201.15765672491673,2011.5765672491673,0.040591159235081165,1729821678.799681
201.1582483396529,2011.5824833965291,0.04033727670014464,1729821678.8096552
201.15883625399547,2011.5883625399547,0.040084977708502834,1729821678.8196275
201.1594204910257,2011.594204910257,0.039834252437980666,1729821678.8297017
201.16000107368174,2011.6000107368175,0.039585091126630445,1729821678.839698
201.1605780247594,2011.6057802475939,0.039337484072385465,1729821678.8496141
201.16115136691306,2011.6115136691305,0.039091421632690526,1729821678.8600373
201.1617211226566,2011.6172112265658,0.0388468942241591,1729821678.8696048
201.1622873143641,2011.622873143641,0.038603892322214506,1729821678.8795354
201.16284996427095,2011.6284996427094,0.038362406460738185,1729821678.8895767
201.16340909447442,2011.6340909447442,0.03812242723170378,1729821678.8998144
201.16396472693472,2011.6396472693473,0.03788394528485206,1729821678.909633
201.16451688347576,2011.6451688347574,0.03764695132732143,1729821678.9195614
201.16506558578595,2011.6506558578594,0.03741143612332465,1729821678.9294994
201.16561085541912,2011.6561085541912,0.03717739049378643,1729821678.9396148
201.16615271379524,2011.6615271379524,0.036944805316021956,1729821678.9495883
201.16669118220136,2011.6669118220136,0.03671367152339222,1729821678.9596891
201.16722628179238,2011.6722628179239,0.03648398010495413,1729821678.9697154
201.16775803359178,2011.6775803359178,0.03625572210511585,1729821678.979617
201.16828645849256,2011.6828645849255,0.03602888862336506,1729821678.9897108
201.16881157725794,2011.6881157725793,0.035803470813858596,1729821678.9997494
201.16933341052223,2011.6933341052222,0.035579459885155984,1729821679.009688
201.1698519787916,2011.698519787916,0.03535684709984821,1729821679.0196898
201.17036730244482,2011.703673024448,0.035135623774243285,1729821679.0296347
201.17087940173408,2011.7087940173408,0.034915781278073155,1729821679.0396626
201.17138829678584,2011.7138829678584,0.0346973110341402,1729821679.0495849
201.17189400760145,2011.7189400760144,0.03448020451799039,1729821679.059603
201.17239655405805,2011.7239655405806,0.034264453257625505,1729821679.069635
201.17289595590927,2011.7289595590928,0.034050048833170976,1729821679.0795321
201.17339223278603,2011.7339223278602,0.03383698287656145,1729821679.0896428
201.17388540419725,2011.7388540419724,0.03362524707121928,1729821679.0996993
201.17437548953063,2011.7437548953062,0.03341483315176319,1729821679.1095357
201.17486250805342,2011.748625080534,0.033205732903688556,1729821679.1196027
201.17534647891307,2011.7534647891307,0.03299793816305119,1729821679.1295083
201.17582742113808,2011.758274211381,0.03279144081619734,1729821679.1402242
201.17630535363867,2011.7630535363867,0.03258623279940842,1729821679.149672
201.17678029520752,2011.7678029520753,0.032382306098638125,1729821679.160147
201.1772522645205,2011.7725226452048,0.03217965274919088,1729821679.1696367
201.17772128013735,2011.7772128013735,0.03197826483544475,1729821679.1795218
201.17818736050248,2011.7818736050249,0.03177813449053524,1729821679.1895657
201.1786505239456,2011.7865052394561,0.031579253896069304,1729821679.1996505
201.17911078868246,2011.7911078868246,0.03138161528182337,1729821679.2096744
201.17956817281555,2011.7956817281556,0.03118521092547688,1729821679.2197118
201.18002269433478,2011.8002269433478,0.030990033152290763,1729821679.2295914
201.18047437111824,2011.8047437111823,0.03079607433483922,1729821679.239652
201.18092322093278,2011.8092322093278,0.030603326892707727,1729821679.2496152
201.18136926143478,2011.813692614348,0.030411783292228378,1729821679.260169
201.18181251017083,2011.8181251017083,0.030221436046192096,1729821679.2695694
201.18225298457838,2011.8225298457837,0.03003227771354311,1729821679.2795005
201.1826907019864,2011.826907019864,0.029844300899117826,1729821679.289683
201.183125679616,2011.8312567961602,0.029657498253383707,1729821679.299794
201.18355793458133,2011.8355793458134,0.029471862472144394,1729821679.3095462
201.18398748388992,2011.8398748388993,0.029287386296248386,1729821679.3197496
201.18441434444355,2011.8441434444355,0.02910406251134212,1729821679.3296103
201.18483853303886,2011.8483853303885,0.028921883947596427,1729821679.339877
201.1852600663679,2011.852600663679,0.028740843479411637,1729821679.3496013
201.18567896101897,2011.8567896101897,0.028560934025193774,1729821679.359729
201.18609523347706,2011.8609523347707,0.028382148547033026,1729821679.369556
201.1865089001246,2011.8650890012461,0.028204480050476377,1729821679.379526
201.1869199772421,2011.8691997724209,0.028027921584259374,1729821679.3895736
201.1873284810087,2011.8732848100872,0.027852466240030793,1729821679.3995664
201.18773442750287,2011.8773442750287,0.027678107152091513,1729821679.4096708
201.188137832703,2011.88137832703,0.027504837497158263,1729821679.4196382
201.188538712488,2011.88538712488,0.027332650494077626,1729821679.4297144
201.18893708263798,2011.8893708263797,0.027161539403598667,1729821679.439621
201.18933295883477,2011.8933295883476,0.02699149752807628,1729821679.4496145
201.18972635666262,2011.8972635666262,0.026822518211270463,1729821679.4596872
201.19011729160874,2011.9011729160875,0.02665459483804611,1729821679.469596
201.1905057790639,2011.905057790639,0.026487720834150963,1729821679.4795465
201.19089183432305,2011.9089183432307,0.026321889665975817,1729821679.4896367
201.19127547258594,2011.9127547258595,0.026157094840273842,1729821679.4996393
201.19165670895765,2011.9165670895766,0.025993329903933216,1729821679.509624
201.1920355584492,2011.920355584492,0.02583058844373376,1729821679.5196493
201.1924120359781,2011.924120359781,0.02566886408610891,1729821679.529444
201.19278615636898,2011.92786156369,0.025508150496895254,1729821679.539782
201.1931579343542,2011.931579343542,0.025348441381101594,1729821679.5496707
201.19352738457425,2011.9352738457426,0.025189730482646056,1729821679.5597556
201.19389452157856,2011.9389452157857,0.025032011584155356,1729821679.569744
201.19425935982582,2011.942593598258,0.02487527850668947,1729821679.579606
201.19462191368476,2011.9462191368475,0.02471952510955333,1729821679.5896375
201.1949821974345,2011.949821974345,0.024564745290007295,1729821679.5995953
201.19534022526528,2011.9534022526527,0.024410932983093048,1729821679.6097336
201.19569601127893,2011.9569601127891,0.024258082161381367,1729821679.6195674
201.19604956948936,2011.9604956948936,0.024106186834702115,1729821679.6296196
201.19640091382328,2011.9640091382328,0.023955241049993248,1729821679.6396036
201.19675005812053,2011.9675005812053,0.02380523889099706,1729821679.6496098
201.19709701613473,2011.9709701613474,0.023656174478107417,1729821679.6597273
201.19744180153387,2011.9744180153386,0.023508041968099747,1729821679.669666
201.1977844279007,2011.977844279007,0.023360835553900117,1729821679.6795673
201.19812490873332,2011.9812490873333,0.023214549464407597,1729821679.6896539
201.19846325744578,2011.984632574458,0.023069177964256227,1729821679.6999784
201.19879948736846,2011.9879948736846,0.022924715353562775,1729821679.7096066
201.1991336117487,2011.991336117487,0.022781155967772193,1729821679.7196052
201.19946564375124,2011.9946564375123,0.022638494177391166,1729821679.7295122
201.1997955964588,2011.997955964588,0.022496724387794487,1729821679.7396717
201.20012348287258,2012.001234828726,0.022355841039006563,1729821679.7498965
201.20044931591266,2012.0044931591267,0.02221583860548826,1729821679.7598233
201.20077310841862,2012.0077310841862,0.022076711595943266,1729821679.7697244
201.20109487315,2012.0109487314999,0.02193845455308896,1729821679.779568
201.2014146227868,2012.0141462278682,0.021801062053452114,1729821679.7896228
201.20173236993,2012.0173236993,0.02166452870715574,1729821679.7996516
201.20204812710193,2012.0204812710194,0.02152884915773612,1729821679.8096583
201.20236190674694,2012.0236190674696,0.021394018081924315,1729821679.8197224
201.20267372123172,2012.0267372123171,0.02126003018942768,1729821679.8296807
201.2029835828459,2012.029835828459,0.021126880222764655,1729821679.839617
201.2032915038024,2012.032915038024,0.020994562957024954,1729821679.8495603
201.2035974962381,2012.035974962381,0.020863073199702598,1729821679.8596478
201.2039015722141,2012.0390157221411,0.020732405790463204,1729821679.8696496
201.20420374371633,2012.0420374371633,0.02060255560098767,1729821679.8796024
201.20450402265595,2012.0450402265596,0.020473517534737695,1729821679.8895426
201.20480242086987,2012.0480242086987,0.020345286526788797,1729821679.8997061
201.2050989501211,2012.050989501211,0.020217857543604723,1729821679.9095702
201.20539362209936,2012.0539362209936,0.02009122558289711,1729821679.919637
201.20568644842143,2012.0568644842142,0.019965385673389235,1729821679.9295893
201.2059774406316,2012.0597744063161,0.019840332874625943,1729821679.9396465
201.20626661020222,2012.0626661020221,0.019716062276817325,1729821679.9496758
201.206553968534,2012.06553968534,0.01959256900062023,1729821679.95968
201.20683952695654,2012.0683952695654,0.01946984819696418,1729821679.969678
201.20712329672884,2012.0712329672883,0.019347895046877284,1729821679.9795887
201.20740528903957,2012.0740528903957,0.01922670476126065,1729821679.9896069
201.20768551500763,2012.0768551500762,0.01910627258075337,1729821679.9996438
201.20796398568254,2012.0796398568255,0.018986593775533578,1729821680.0096161
201.20824071204493,2012.0824071204493,0.018867663645117716,1729821680.0195718
201.20851570500685,2012.0851570500686,0.018749477518193558,1729821680.0296156
201.2087889754123,2012.087889754123,0.018632030752453232,1729821680.0395951
201.20906053403758,2012.0906053403758,0.01851531873440493,1729821680.049695
201.20933039159178,2012.0933039159177,0.01839933687919526,1729821680.0596223
201.20959855871715,2012.0959855871715,0.018284080630433408,1729821680.069607
201.20986504598955,2012.0986504598955,0.018169545460015257,1729821680.079658
201.2101298639188,2012.1012986391881,0.018055726867942212,1729821680.089693
201.21039302294918,2012.1039302294917,0.017942620382168428,1729821680.0997484
201.21065453345972,2012.1065453345973,0.0178302215584214,1729821680.1096163
201.2109144057647,2012.109144057647,0.017718525980018995,1729821680.1196194
201.21117265011407,2012.1117265011408,0.017607529257723797,1729821680.129499
201.21142927669374,2012.1142927669373,0.017497227029531714,1729821680.139614
201.21168429562607,2012.1168429562608,0.01738761496055652,1729821680.1496282
201.21193771697025,2012.1193771697026,0.017278688742829118,1729821680.1596446
201.21218955072266,2012.1218955072266,0.017170444095137682,1729821680.1696398
201.2124398068173,2012.124398068173,0.01706287676287843,1729821680.179592
201.2126884951261,2012.1268849512608,0.01695598251785846,1729821680.1896133
201.2129356254594,2012.129356254594,0.016849757158185596,1729821680.1995938
201.21318120756632,2012.1318120756632,0.016744196508053477,1729821680.2096968
201.21342525113508,2012.1342525113507,0.01663929641762074,1729821680.2196603
201.21366776579345,2012.1366776579343,0.01653505276281564,1729821680.2296896
201.21390876110902,2012.1390876110902,0.016431461445195694,1729821680.2396276
201.21414824658973,2012.1414824658973,0.016328518391809155,1729821680.2495537
201.21438623168407,2012.1438623168408,0.01622621955500314,1729821680.259683
201.2146227257816,2012.146227257816,0.016124560912293973,1729821680.2696722
201.21485773821323,2012.1485773821323,0.016023538466198417,1729821680.2795253
201.21509127825158,2012.1509127825157,0.015923148244064933,1729821680.2895837
201.2153233551114,2012.153233551114,0.015823386297968867,1729821680.2997425
201.21555397794987,2012.1555397794987,0.015724248704511723,1729821680.3096251
201.215783155867,2012.15783155867,0.015625731564695045,1729821680.3196018
201.216010897906,2012.16010897906,0.015527831003758763,1729821680.3294926
201.21623721305352,2012.1623721305352,0.015430543171035538,1729821680.3396697
201.21646211024017,2012.1646211024017,0.015333864239810424,1729821680.3495328
201.21668559834075,2012.1668559834075,0.015237790407153895,1729821680.3596714
201.2169076861746,2012.1690768617461,0.015142317893804602,1729821680.3697515
201.21712838250605,2012.1712838250605,0.01504744294399174,1729821680.3795116
201.21734769604458,2012.173476960446,0.014953161825308925,1729821680.389582
201.2175656354454,2012.175656354454,0.014859470828575638,1729821680.3996625
201.21778220930955,2012.1778220930955,0.014766366267659592,1729821680.4097052
201.21799742618438,2012.1799742618439,0.014673844479379028,1729821680.419712
201.21821129456384,2012.1821129456384,0.014581901823337517,1729821680.4297056
201.21842382288887,2012.1842382288887,0.014490534681794287,1729821680.4396412
201.2186350195476,2012.186350195476,0.014399739459491911,1729821680.4495926
201.2188448928758,2012.1884489287581,0.014309512583562167,1729821680.4597526
201.21905345115718,2012.1905345115717,0.014219850503375042,1729821680.4695857
201.21926070262367,2012.1926070262366,0.014130749690378863,1729821680.4795406
201.21946665545576,2012.1946665545577,0.014042206637979504,1729821680.4896448
201.21967131778288,2012.1967131778288,0.01395421786142137,1729821680.4997559
201.2198746976836,2012.198746976836,0.013866779897616865,1729821680.5096753
201.22007680318606,2012.2007680318607,0.01377988930505758,1729821680.519708
201.22027764226826,2012.2027764226825,0.013693542663627767,1729821680.5296345
201.22047722285828,2012.204772228583,0.013607736574508422,1729821680.5395956
201.2206755528347,2012.206755528347,0.013522467660054716,1729821680.5497096
201.2208726400269,2012.208726400269,0.013437732563629012,1729821680.5596683
201.22106849221527,2012.2106849221527,0.013353527949497845,1729821680.5695636
201.22126311713163,2012.2126311713164,0.013269850502695135,1729821680.5795946
201.22145652245948,2012.2145652245947,0.01318669692888541,1729821680.5896075
201.22164871583428,2012.2164871583427,0.013104063954250122,1729821680.5996723
201.22183970484377,2012.2183970484377,0.013021948325359745,1729821680.609876
201.22202949702833,2012.2202949702832,0.012940346809040548,1729821680.6196144
201.22221809988113,2012.2221809988114,0.012859256192241375,1729821680.629635
201.22240552084855,2012.2240552084854,0.012778673281937714,1729821680.6396825
201.22259176733044,2012.2259176733044,0.012698594904986038,1729821680.6495671
201.2227768466804,2012.227768466804,0.012619017907997687,1729821680.6599295
201.22296076620603,2012.2296076620603,0.012539939157216295,1729821680.6698132
201.2231435331693,2012.2314353316929,0.01246135553843608,1729821680.6796343
201.22332515478678,2012.233251547868,0.01238326395681355,1729821680.6896439
201.2235056382299,2012.235056382299,0.012305661336789342,1729821680.6997344
201.22368499062532,2012.2368499062532,0.012228544621985193,1729821680.7095675
201.2238632190551,2012.238632190551,0.012151910775044072,1729821680.719594
201.22404033055702,2012.2404033055702,0.012075756777532476,1729821680.729425
201.2242163321249,2012.242163321249,0.012000079629830296,1729821680.7397194
201.22439123070887,2012.2439123070887,0.011924876351006475,1729821680.749822
201.22456503321555,2012.2456503321555,0.011850143978687555,1729821680.7596183
201.22473774650842,2012.2473774650844,0.011775879568970637,1729821680.7695894
201.22490937740804,2012.2490937740804,0.01170208019629193,1729821680.779445
201.22507993269232,2012.2507993269232,0.01162874295332017,1729821680.789591
201.2252494190968,2012.252494190968,0.011555864950841155,1729821680.7996507
201.22541784331491,2012.2541784331493,0.011483443317654718,1729821680.809717
201.22558521199824,2012.2558521199824,0.011411475200439725,1729821680.8196507
201.22575153175677,2012.2575153175676,0.011339957763670583,1729821680.8296359
201.22591680915917,2012.2591680915916,0.01126888818948757,1729821680.8396041
201.22608105073306,2012.2608105073305,0.011198263677597353,1729821680.8496227
201.2262442629652,2012.262442629652,0.011128081445155757,1729821680.8596244
201.2264064523018,2012.264064523018,0.011058338726668282,1729821680.8696356
201.2265676251488,2012.265676251488,0.010989032773887075,1729821680.8795462
201.22672778787202,2012.2672778787203,0.01092016085568659,1729821680.8895721
201.22688694679752,2012.2688694679753,0.010851720257969433,1729821680.8996973
201.2270451082118,2012.270451082118,0.010783708283570448,1729821680.909598
201.22720227836203,2012.2720227836203,0.010716122252123483,1729821680.919677
201.22735846345634,2012.2735846345633,0.010648959499979682,1729821680.929562
201.22751366966398,2012.2751366966397,0.010582217380092018,1729821680.939688
201.22766790311567,2012.2766790311566,0.010515893261946019,1729821680.9495897
201.2278211699038,2012.278211699038,0.010449984531398115,1729821680.9596522
201.2279734760826,2012.2797347608262,0.010384488590617025,1729821680.9696639
201.2281248276685,2012.281248276685,0.010319402857968285,1729821680.9795477
201.22827523064024,2012.2827523064025,0.010254724767932544,1729821680.9896343
201.22842469093922,2012.284246909392,0.01019045177097766,1729821680.9995537
201.22857321446966,2012.2857321446966,0.01012658133346278,1729821681.0096052
201.22872080709885,2012.2872080709885,0.010063110937563735,1729821681.0196862
201.2288674746574,2012.2886747465739,0.010000038081155793,1729821681.0296333
201.2290132229394,2012.2901322293937,0.009937360277721297,1729821681.039718
