0.01625808207005209,0.16258082070052088,1.1085030763601962,1729822175.9454155
0.032608689399693774,0.32608689399693774,1.1148116024492003,1729822175.9495525
0.04905230258269758,0.49052302582697577,1.1211528962209494,1729822175.9595695
0.06558940417724805,0.6558940417724806,1.1275270916123246,1729822175.9696114
0.08222047870771503,0.8222047870771503,1.1339343226811058,1729822175.979625
0.0989460126663429,0.989460126663429,1.1403747236002557,1729822175.9898164
0.11576649451485567,1.1576649451485568,1.1468484286521692,1729822175.9995883
0.13268241468597597,1.3268241468597597,1.15335557222281,1729822176.0096958
0.1496942655848572,1.4969426558485721,1.1598962887957915,1729822176.0196025
0.1668025415904277,1.668025415904277,1.166470712946368,1729822176.029602
0.1840077390566453,1.840077390566453,1.1730789793353376,1729822176.0396655
0.20131035631366145,2.0131035631366148,1.1797212227028675,1729822176.0496194
0.21871089366889376,2.187108936688938,1.1863975778622526,1729822176.0596316
0.2362098534080053,2.362098534080053,1.1931081796935592,1729822176.069597
0.25380773979578974,2.538077397957897,1.199853163137207,1729822176.0796442
0.2715050590769617,2.715050590769617,1.2066326631874906,1729822176.089702
0.2893023194768494,2.893023194768494,1.2134468148859474,1729822176.0996127
0.30720003120199035,3.0720003120199033,1.2202957533147165,1729822176.109654
0.32519870644062737,3.251987064406274,1.2271796135897644,1729822176.1198454
0.34329885936310445,3.4329885936310447,1.2340985308540473,1729822176.1295443
0.36150100612216074,3.615010061221607,1.2410526402705644,1729822176.1395874
0.37980566485312195,3.7980566485312197,1.2480420770153637,1729822176.1495707
0.3982133556739874,3.982133556739874,1.2550669762704247,1729822176.1595953
0.4167246006854111,4.1672460068541115,1.2621274732164496,1729822176.1696732
0.43533992397057686,4.353399239705769,1.269223703025614,1729822176.1795769
0.4540598515949646,4.540598515949646,1.2763558008541631,1729822176.189607
0.4728849116060078,4.728849116060078,1.2835239018349887,1729822176.1996272
0.49181563403263984,4.918156340326398,1.2907281410700433,1729822176.2096074
0.5108525508847284,5.108525508847284,1.297968653622731,1729822176.2196915
0.5299961961523967,5.299961961523967,1.3052455745101694,1729822176.2295866
0.5492471058052297,5.492471058052297,1.3125590386953503,1729822176.2396526
0.5686058177913651,5.686058177913651,1.319909181079269,1729822176.249623
0.5880728720364652,5.880728720364652,1.327296136492877,1729822176.2596455
0.6076488104425722,6.076488104425723,1.3347200396890253,1729822176.2695842
0.6273341768868421,6.273341768868422,1.342181025334253,1729822176.2797172
0.6471295172201573,6.4712951722015735,1.3496792280005208,1729822176.2899077
0.6670353792656166,6.670353792656166,1.3572147821568121,1729822176.2995834
0.6870523128169012,6.870523128169012,1.3647878221607135,1729822176.3096633
0.7071808696365143,7.071808696365142,1.3723984822498023,1729822176.3196173
0.7274216034538951,7.27421603453895,1.3800468965330142,1729822176.3296769
0.7477750699634028,7.477750699634028,1.3877331989818975,1729822176.3398204
0.7682418268221727,7.682418268221727,1.3954575234217588,1729822176.3496041
0.7888224336478394,7.888224336478395,1.403220003522729,1729822176.3595526
0.8095174520161288,8.095174520161288,1.4110207727907005,1729822176.3695893
0.830327445458315,8.30327445458315,1.4188599645582327,1729822176.3796468
0.8512529794585432,8.512529794585431,1.4267377119752966,1729822176.3895943
0.872294621451014,8.72294621451014,1.434654147999951,1729822176.3995564
0.8934529408170317,8.934529408170317,1.4426094053889278,1729822176.40964
0.9147285088819108,9.147285088819109,1.450603616688082,1729822176.4196491
0.9361218989117427,9.361218989117427,1.4586369142228248,1729822176.4296196
0.9576336861100196,9.576336861100197,1.4667094300883585,1729822176.4396768
0.9792644476141144,9.792644476141144,1.4748212961398783,1729822176.4496984
1.0010147624916148,10.010147624916147,1.4829726439826638,1729822176.4595704
1.0228852117365117,10.228852117365117,1.4911636049620531,1729822176.4696608
1.0448763782652377,10.448763782652378,1.4993943101533356,1729822176.479625
1.066988846912557,10.66988846912557,1.5076648903515677,1729822176.4897194
1.0892232044273038,10.892232044273038,1.515975476061203,1729822176.4996212
1.111580039467968,11.115800394679681,1.5243261974857463,1729822176.5095377
1.1340599425981266,11.340599425981265,1.532717184517204,1729822176.519539
1.1566635062817192,11.566635062817191,1.541148566725485,1729822176.5297163
1.1793913248781678,11.793913248781678,1.5496204733476882,1729822176.5408468
1.202243994637336,12.02243994637336,1.5581330332773051,1729822176.5499413
1.2252221136943302,12.252221136943302,1.5666863750532931,1729822176.5599313
1.2483262820641374,12.483262820641375,1.5752806268490689,1729822176.569611
1.2715571016361018,12.715571016361018,1.5839159164614047,1729822176.5799584
1.2949151761682358,12.949151761682359,1.5925923712992036,1729822176.5895936
1.3184011112813652,13.184011112813652,1.6013101183721945,1729822176.5997162
1.3420155144531076,13.420155144531076,1.610069284279521,1729822176.609687
1.3657589950116813,13.657589950116813,1.6188699951982128,1729822176.619736
1.3896321641295437,13.896321641295437,1.6277123768715756,1729822176.6295543
1.4136356348168586,14.136356348168587,1.6365965545974897,1729822176.6403656
1.43777002191479,14.3777002191479,1.645522653216564,1729822176.649736
1.46203594208862,14.6203594208862,1.6544907971002383,1729822176.6597106
1.486434013820692,14.86434013820692,1.6635011101387525,1729822176.6695678
1.510964857403175,15.109648574031752,1.6725537157290367,1729822176.6796293
1.5356290949306493,15.356290949306493,1.6816487367624662,1729822176.6898236
1.5604273502925101,15.604273502925102,1.690786295612571,1729822176.6996002
1.585360249165192,15.85360249165192,1.6999665141225853,1729822176.7096393
1.6104284190042055,16.104284190042055,1.70918951359294,1729822176.7195663
1.6356324890359926,16.356324890359925,1.718455414768635,1729822176.7296064
1.6609730902495925,16.609730902495926,1.7277643378265077,1729822176.7400312
1.6864508553881212,16.864508553881212,1.7371164023624077,1729822176.7496455
1.7120664189400603,17.120664189400603,1.746511727378281,1729822176.7596114
1.7378204171303555,17.378204171303555,1.7559504312691532,1729822176.7695951
1.763713487911323,17.63713487911323,1.76543263180998,1729822176.7796052
1.7897462709533603,17.897462709533603,1.7749584461424375,1729822176.7896347
1.8159194076354634,18.159194076354634,1.7845279907616094,1729822176.7996135
1.8422335410355468,18.42233541035547,1.794141381502544,1729822176.8096492
1.8686893159205638,18.68689315920564,1.8037987335267553,1729822176.8198109
1.8952873787364286,18.952873787364286,1.8135001613085988,1729822176.8296149
1.9220283775977371,19.22028377597737,1.823245778621545,1729822176.8396292
1.9489129622772847,19.489129622772847,1.833035698524383,1729822176.84968
1.9759417841953795,19.759417841953795,1.8428700333472934,1729822176.8595276
2.003115496408951,20.03115496408951,1.8527488946778563,1729822176.869656
2.030434753600453,20.304347536004528,1.8626723933469433,1729822176.8796973
2.0579002120665537,20.579002120665535,1.872640639414512,1729822176.8897905
2.0855125297066235,20.855125297066234,1.8826537421553295,1729822176.8996894
2.113272366011004,21.132723660110038,1.8927118100445517,1729822176.9096546
2.1411803820490705,21.411803820490704,1.9028149507432763,1729822176.9196634
2.169237240457077,21.692372404570772,1.9129632710839415,1729822176.9295526
2.1974436054257893,21.974436054257893,1.9231568770556615,1729822176.9398372
2.225800142687897,22.25800142687897,1.9333958737894656,1729822176.9496133
2.254307519505213,22.54307519505213,1.9436803655434458,1729822176.9596937
2.282966404655649,22.82966404655649,1.9540104556878015,1729822176.9696426
2.3117774684199746,23.117774684199745,1.9643862466898083,1729822176.9796991
2.34074138256835,23.4074138256835,1.974807840098694,1729822176.9896226
2.3698588203466406,23.698588203466407,1.9852753365304165,1729822176.9996853
2.399130456462503,23.99130456462503,1.9957888356523563,1729822177.009695
2.428556967071247,24.28556967071247,2.006348436167934,1729822177.0197487
2.458139029761471,24.58139029761471,2.0169542358011148,1729822177.0296104
2.4878773235404683,24.878773235404683,2.027606331280862,1729822177.0397038
2.5177725288194024,25.177725288194026,2.0383048183254635,1729822177.0496783
2.547825327398255,25.478253273982553,2.0490497916268113,1729822177.0596542
2.5780364024505404,25.780364024505403,2.059841344834573,1729822177.069655
2.608406438507784,26.084064385077838,2.0706795705402987,1729822177.0797238
2.6389361214437703,26.389361214437702,2.081564560261431,1729822177.089682
2.669626138458554,26.69626138458554,2.0924964044252325,1729822177.0995975
2.7004771780622328,27.004771780622328,2.1034751923526462,1729822177.1096447
2.731489930058484,27.314899300584838,2.1145010122420844,1729822177.120002
2.7626650855278614,27.626650855278612,2.1255739511531138,1729822177.1296434
2.794003336810852,27.940033368108523,2.1366940949900686,1729822177.1399226
2.825505377490692,28.255053774906923,2.147861528485623,1729822177.1496024
2.857171902375939,28.57171902375939,2.1590763351842392,1729822177.1595893
2.8890036074828007,28.890036074828007,2.1703385974255847,1729822177.169538
2.9210011900172224,29.210011900172223,2.1816483963278417,1729822177.1796265
2.9531653483567237,29.531653483567236,2.1930058117709743,1729822177.1896975
2.9854967820319933,29.854967820319935,2.20441092237992,1729822177.1996598
3.017996191708233,30.17996191708233,2.215863805507703,1729822177.2097135
3.0506642791662553,30.506642791662554,2.2273645372184836,1729822177.2199671
3.0835017472833295,30.835017472833293,2.23891319227054,1729822177.2295415
3.1165093000137793,31.165093000137794,2.2505098440992155,1729822177.239699
3.1496876423693276,31.496876423693276,2.262154564799739,1729822177.2496152
3.1830374803991894,31.830374803991894,2.2738474251100724,1729822177.2596078
3.2165595211699123,32.16559521169912,2.2855884943936067,1729822177.2695684
3.250254472744961,32.50254472744961,2.2973778406218637,1729822177.2796872
3.28412304416405,32.8412304416405,2.309215530357119,1729822177.2897427
3.318165945422217,33.18165945422217,2.3211016287349784,1729822177.2996073
3.3523838874486445,33.523838874486444,2.3330361994468793,1729822177.309595
3.3867775820852186,33.86777582085219,2.345019304722551,1729822177.3197036
3.421347742064835,34.213477420648346,2.357051005312468,1729822177.3297367
3.4560950809894426,34.56095080989443,2.3691313604701696,1729822177.3401616
3.491020313307831,34.91020313307831,2.3812604279346,1729822177.349571
3.526124154293155,35.26124154293155,2.3934382639123895,1729822177.359677
3.5614073200202,35.614073200202,2.4056649230600806,1729822177.36961
3.596870527342388,35.96870527342388,2.417940458466311,1729822177.3796432
3.632514493868517,36.32514493868517,2.4302649216339836,1729822177.3896267
3.668339937939244,36.68339937939244,2.4426383624623584,1729822177.3996196
3.7043475786032993,37.04347578603299,2.4550608292291516,1729822177.4095817
3.7405381355934426,37.40538135593442,2.467532368572578,1729822177.41966
3.7769123293021525,37.76912329302152,2.4800530254733486,1729822177.4297206
3.813470880757052,38.13470880757052,2.4926228432366804,1729822177.439659
3.8502145115960698,38.5021451159607,2.505241863474242,1729822177.4495866
3.8871439440423363,38.871439440423366,2.5179101260860834,1729822177.4595778
3.924259900878816,39.24259900878816,2.530627669242558,1729822177.4695654
3.9615631054226714,39.61563105422671,2.5433945293661955,1729822177.4796877
3.999054281499362,39.990542814993624,2.5562107411136035,1729822177.4896579
4.0367341534164805,40.36734153416481,2.569076337357287,1729822177.499686
4.074603445937315,40.74603445937315,2.5819913491674997,1729822177.509644
4.1126628842541555,41.12662884254156,2.594955805794103,1729822177.5197313
4.150913193961323,41.509131939613226,2.6079697346483472,1729822177.5296197
4.189355101027937,41.89355101027937,2.621033161284708,1729822177.5399609
4.22798933177042,42.2798933177042,2.6341461093826952,1729822177.5495582
4.2668166128247265,42.668166128247265,2.647308600728638,1729822177.559615
4.305837671118312,43.05837671118312,2.660520655197538,1729822177.5696156
4.345053233841833,43.45053233841833,2.6737822907348354,1729822177.57963
4.384464028420578,43.84464028420578,2.68709352333826,1729822177.5895905
4.4240707824856385,44.240707824856386,2.7004543670396286,1729822177.5996761
4.463874223844805,44.638742238448046,2.713864833886711,1729822177.6097088
4.503875080453203,45.03875080453203,2.727324933925064,1729822177.6197007
4.544074080383664,45.44074080383665,2.7408346751798938,1729822177.6296687
4.584471951796823,45.84471951796823,2.7543940636379727,1729822177.6399462
4.6250694229109595,46.2506942291096,2.7680031032295087,1729822177.6496506
4.665867221971568,46.658672219715676,2.7816617958100958,1729822177.6596298
4.706866077220665,47.068660772206655,2.795370141142694,1729822177.669535
4.7480667168658375,47.48066716865837,2.8091281368795915,1729822177.6796303
4.789469869049015,47.89469869049015,2.8229357785444416,1729822177.6896021
4.831076261814994,48.31076261814994,2.8367930595143385,1729822177.6996267
4.872886623079688,48.728866230796875,2.850699971001897,1729822177.7096183
4.91490168059812,49.1490168059812,2.8646565020374073,1729822177.7199044
4.957122161932156,49.571221619321555,2.878662639451022,1729822177.7296665
4.999548794417975,49.99548794417975,2.8927183678550072,1729822177.740487
5.042182305133278,50.42182305133278,2.906823669626003,1729822177.7496533
5.085023420864244,50.85023420864245,2.9209785248874036,1729822177.759647
5.12807286807222,51.2807286807222,2.9351829114917303,1729822177.7696915
5.171331372860159,51.71331372860159,2.9494368050031152,1729822177.779678
5.2147996609388025,52.147996609388024,2.9637401786798163,1729822177.7900677
5.258478457592603,52.58478457592603,2.978093003456837,1729822177.7996275
5.3023684876453965,53.02368487645396,2.9924952479285505,1729822177.8098056
5.3464704754258205,53.46470475425821,3.006946878331492,1729822177.8198807
5.39078514473248,53.9078514473248,3.021447858527149,1729822177.829657
5.435313218798863,54.353132187988635,3.0359981499848647,1729822177.8404386
5.4800554202580045,54.800554202580045,3.050597711764836,1729822177.8498507
5.525012471106905,55.25012471106905,3.065246500501164,1729822177.8595786
5.570185092670702,55.70185092670702,3.079944470385061,1729822177.8697176
5.615574005566592,56.15574005566592,3.094691573148056,1729822177.8795924
5.661179929667517,56.61179929667517,3.109487758045402,1729822177.8898726
5.707003584065595,57.070035840655954,3.1243329718395154,1729822177.899652
5.753045687035326,57.530456870353255,3.1392271587835383,1729822177.9097095
5.799306955996541,57.99306955996541,3.1541702606050324,1729822177.9199343
5.845788107477131,58.45788107477131,3.1691622164897497,1729822177.929713
5.892489857075525,58.924898570755246,3.1842029630655526,1729822177.939861
5.93941291942294,59.39412919422941,3.199292434386435,1729822177.9496465
5.986558008145404,59.86558008145404,3.214430561916667,1729822177.959686
6.033925835825534,60.33925835825534,3.229617274515098,1729822177.9697258
6.081517113964104,60.81517113964104,3.2448524984195224,1729822177.979635
6.129332552941368,61.29332552941368,3.2601361572312797,1729822177.9896102
6.177372861978172,61.773728619781714,3.2754681718998775,1729822177.9996336
6.225638749096836,62.256387490968365,3.290848460707882,1729822178.0096574
6.27413092108182,62.7413092108182,3.3062769392558433,1729822178.0200632
6.322850083440167,63.228500834401665,3.3217535204474506,1729822178.0297225
6.371796940361734,63.71796940361734,3.337278114474791,1729822178.0405457
6.42097219467921,64.2097219467921,3.3528506288037967,1729822178.049661
6.470376547827921,64.70376547827921,3.368470968159854,1729822178.0596285
6.520010699805421,65.20010699805421,3.384139034513555,1729822178.069641
6.569875349130889,65.69875349130889,3.39985472706664,1729822178.0796816
6.619971192804313,66.19971192804313,3.4156179422381054,1729822178.0895722
6.670298926265472,66.70298926265473,3.4314285736505132,1729822178.0995967
6.72085924335273,67.2085924335273,3.4472865121164213,1729822178.1096523
6.7716528362616195,67.7165283626162,3.463191645625084,1729822178.1201856
6.8226803955032445,68.22680395503244,3.479143859329268,1729822178.1297805
6.873942609862486,68.73942609862486,3.4951430355323128,1729822178.1396372
6.925440166356027,69.25440166356027,3.511189053675368,1729822178.149649
6.977173750190184,69.77173750190184,3.5272817903248264,1729822178.1595974
7.029144044718568,70.29144044718568,3.5434211191599783,1729822178.1696482
7.0813517313995575,70.81351731399558,3.5596069109608646,1729822178.1796434
7.133797489753605,71.33797489753606,3.575839033596372,1729822178.1906095
7.186481997320366,71.86481997320367,3.5921173520124867,1729822178.1996298
7.239405929615663,72.39405929615663,3.608441728220848,1729822178.2095904
7.29256996008828,72.92569960088281,3.624812021287454,1729822178.2196603
7.345974760076601,73.45974760076601,3.6412280873216716,1729822178.2296925
7.399620998765086,73.99620998765086,3.657689779465392,1729822178.2396328
7.4535093431405945,74.53509343140594,3.67419694788253,1729822178.2497106
7.507640457948557,75.07640457948557,3.6907494397486715,1729822178.259693
7.562015005648995,75.62015005648995,3.7073470992410265,1729822178.269568
7.6166336463724065,76.16633646372406,3.7239897675286144,1729822178.2796881
7.671497037875502,76.71497037875503,3.740677282762701,1729822178.2896242
7.726605835496808,77.26605835496808,3.7574094800674915,1729822178.299555
7.781960692112137,77.81960692112138,3.7741861915311157,1729822178.309612
7.837562258089932,78.37562258089932,3.7910072461968287,1729822178.3199706
7.8934111812464804,78.9341118124648,3.8078724700545408,1729822178.3296645
7.949508106801014,79.49508106801014,3.824781686032578,1729822178.3396044
8.005853677330688,80.05853677330688,3.8417347139897435,1729822178.3495839
8.062448532725446,80.62448532725446,3.858731370707652,1729822178.3595943
8.119293310142783,81.19293310142783,3.8757714698833627,1729822178.3696263
8.176388643962405,81.76388643962405,3.892854822122305,1729822178.3796515
8.233735165740773,82.33735165740774,3.909981234931477,1729822178.3896928
8.29133350416558,82.9133350416558,3.927150512712954,1729822178.3996131
8.349184285010109,83.4918428501011,3.9443624567577356,1729822178.4096313
8.407288131087522,84.07288131087523,3.9616168652398347,1729822178.4196656
8.465645662205064,84.65645662205064,3.978913533210723,1729822178.4296515
8.524257495118187,85.24257495118187,3.9962522525940845,1729822178.4396448
8.583124243484601,85.83124243484602,4.0136328121808855,1729822178.4496574
8.642246517818265,86.42246517818265,4.031054997624743,1729822178.4596536
8.701624925443303,87.01624925443303,4.048518591437665,1729822178.4695694
8.761260070447879,87.61260070447878,4.066023372986084,1729822178.4796169
8.821152553637996,88.21152553637995,4.083569118487239,1729822178.4895654
8.881302972491268,88.81302972491268,4.101155601005891,1729822178.4996393
8.941711921110642,89.41711921110641,4.118782590451371,1729822178.5096405
9.00237999017807,90.0237999017807,4.136449853575006,1729822178.5196464
9.06330776690817,90.6330776690817,4.154157153967851,1729822178.5295944
9.124495835001841,91.24495835001841,4.1719042520587895,1729822178.5395467
9.185944774599863,91.85944774599862,4.189690905113006,1729822178.5495934
9.247655162236477,92.47655162236477,4.2075168672307885,1729822178.5595934
9.309627570792959,93.09627570792958,4.225381889346712,1729822178.569574
9.371862569451178,93.71862569451179,4.243285719229193,1729822178.5796428
9.43436072364716,94.3436072364716,4.261228101480383,1729822178.589649
9.497122595024655,94.97122595024655,4.279208777536466,1729822178.5996873
9.560148741388707,95.60148741388707,4.297227485668325,1729822178.609692
9.62343971665925,96.2343971665925,4.315283960982574,1729822178.6196501
9.68699607082472,96.86996070824719,4.333377935422987,1729822178.6300185
9.750818349895685,97.50818349895684,4.351509137772293,1729822178.639507
9.814907095858526,98.14907095858527,4.369677293654386,1729822178.6495895
9.879262846629139,98.79262846629139,4.387882125536914,1729822178.6596825
9.943886136006686,99.43886136006685,4.4061233527342365,1729822178.6696374
10.0087774936274,100.087774936274,4.424400691410842,1729822178.6796765
10.073937444918444,100.73937444918444,4.44271385458509,1729822178.6895885
10.139366511051819,101.39366511051819,4.461062552133409,1729822178.6995609
10.20506520889836,102.0506520889836,4.479446490794892,1729822178.7096293
10.27103405098179,102.7103405098179,4.497865374176277,1729822178.71965
10.337273545432861,103.37273545432862,4.516318902757359,1729822178.7295816
10.403784195943574,104.03784195943574,4.5348067738968085,1729822178.7396185
10.470566501721494,104.70566501721494,4.5533286818384155,1729822178.7496252
10.537620957444165,105.37620957444165,4.571884317717738,1729822178.759598
10.604948053213626,106.04948053213626,4.590473369569169,1729822178.7696276
10.672548274511033,106.72548274511033,4.609095522333455,1729822178.7796311
10.740422102151411,107.40422102151412,4.627750457865589,1729822178.7895792
10.808570012238507,108.08570012238506,4.646437854943201,1729822178.799645
10.87699247611979,108.7699247611979,4.665157389275302,1729822178.80958
10.945689960341584,109.45689960341583,4.683908733511521,1729822178.8195705
11.014662926604327,110.14662926604328,4.702691557251728,1729822178.829588
11.083911831718002,110.83911831718001,4.721505527056142,1729822178.8396924
11.153437127557698,111.53437127557697,4.740350306455823,1729822178.8496945
11.22323926101935,112.2323926101935,4.7592255559636465,1729822178.8596606
11.293318673975637,112.93318673975637,4.778130933085687,1729822178.8696022
11.36367580323206,113.63675803232059,4.797066092333069,1729822178.8795815
11.434311080483184,114.34311080483184,4.81603068523424,1729822178.8896203
11.505224932269096,115.05224932269095,4.835024360347701,1729822178.899561
11.576417779932024,115.76417779932024,4.85404676327518,1729822178.909626
11.647890039573179,116.47890039573178,4.873097536675247,1729822178.9196956
11.719642122009791,117.1964212200979,4.892176320277391,1729822178.929572
11.791674432732366,117.91674432732366,4.911282750896529,1729822178.9396975
11.863987371862152,118.63987371862152,4.930416462447982,1729822178.9496002
11.936581334108844,119.36581334108844,4.949577085962887,1729822178.9596808
12.009456708728512,120.09456708728513,4.9687642496040665,1729822178.9696825
12.082613879481773,120.82613879481772,4.9879775786823615,1729822178.9801009
12.156053224592206,121.56053224592206,5.007216695673396,1729822178.9896412
12.229775116705024,122.29775116705025,5.026481220234812,1729822178.9997013
12.303779922846001,123.03779922846002,5.045770769223958,1729822179.0096912
12.378068004380667,123.78068004380667,5.065084956716011,1729822179.0200064
12.452639716973778,124.52639716973778,5.084423394022582,1729822179.0297103
12.527495410549058,125.27495410549058,5.1037856897107625,1729822179.0397542
12.602635429249238,126.02635429249239,5.12317144962261,1729822179.0496132
12.678060111396375,126.78060111396375,5.1425802768951225,1729822179.0596142
12.753769789452484,127.53769789452484,5.1620117719806276,1729822179.069568
12.82976478998046,128.29764789980462,5.181465532667652,1729822179.079764
12.906045433605332,129.0604543360533,5.200941154102238,1729822179.0896044
12.982612034975816,129.82612034975816,5.220438228809712,1729822179.0996807
13.059464902726209,130.59464902726208,5.239956346716899,1729822179.1097927
13.136604339438609,131.36604339438608,5.259495095174788,1729822179.1196594
13.214030641605476,132.14030641605476,5.279054058981666,1729822179.1295664
13.291744099592535,132.91744099592535,5.298632820406679,1729822179.139725
13.369744997602035,133.69744997602035,5.318230959213842,1729822179.1496763
13.448033613636373,134.48033613636372,5.337848052686525,1729822179.159536
13.526610219462063,135.26610219462063,5.357483675652337,1729822179.1695626
13.6054750805741,136.054750805741,5.377137400508506,1729822179.179626
13.684628456160693,136.84628456160692,5.39680879724766,1729822179.1896355
13.764070599068374,137.64070599068373,5.416497433484068,1729822179.199673
13.843801755767513,138.43801755767512,5.436202874480318,1729822179.2095852
13.923822166318228,139.2382216631823,5.4559246831744375,1729822179.220045
14.004132064336684,140.04132064336684,5.475662420207439,1729822179.229568
14.084731676961825,140.84731676961826,5.495415643951305,1729822179.2396865
14.165621224822504,141.65621224822505,5.515183910537402,1729822179.2496142
14.246800922005047,142.46800922005048,5.534966773885331,1729822179.2595444
14.328270976021246,143.28270976021247,5.554763785732191,1729822179.2695704
14.410031587776777,144.10031587776777,5.574574495662273,1729822179.2796526
14.49208295154007,144.9208295154007,5.594398451137185,1729822179.2895696
14.57442525491163,145.74425254911628,5.614235197526383,1729822179.2995782
14.657058678793797,146.57058678793797,5.634084278138111,1729822179.3096316
14.739983397360984,147.39983397360984,5.653945234250782,1729822179.3196616
14.82319957803036,148.2319957803036,5.673817605144732,1729822179.3295655
14.90670738143303,149.06707381433029,5.693700928134417,1729822179.3398974
14.99050696138567,149.9050696138567,5.713594738600986,1729822179.3495798
15.074598464862659,150.74598464862657,5.733498570025263,1729822179.3595426
15.1589820319687,151.589820319687,5.753411954021118,1729822179.3696184
15.243657795911929,152.4365779591193,5.773334420369257,1729822179.3796227
15.328625882977532,153.2862588297753,5.793265497051358,1729822179.3895533
15.413886412501864,154.13886412501864,5.813204710284639,1729822179.3995862
15.499439496847081,154.99439496847083,5.833151584556758,1729822179.4096282
15.5852852413763,155.852852413763,5.853105642661131,1729822179.4196062
15.671423744429257,156.71423744429256,5.873066405732597,1729822179.4296372
15.757855097298528,157.57855097298528,5.893033393283476,1729822179.439646
15.84457938420625,158.4457938420625,5.913006123239946,1729822179.4495938
15.93159668228141,159.31596682281412,5.932984111978832,1729822179.4596138
16.018907061537657,160.18907061537658,5.952966874364718,1729822179.4694996
16.10651058485167,161.06510584851668,5.972953923787419,1729822179.479669
16.194407307942093,161.94407307942095,5.9929447721997775,1729822179.4896073
16.28259727934901,162.82597279349008,6.012938930155852,1729822179.4995756
16.371080540413995,163.71080540413996,6.032935906849361,1729822179.5096262
16.45985712526074,164.5985712526074,6.052935210152547,1729822179.519793
16.54892706077623,165.4892706077623,6.072936346655281,1729822179.529584
16.638290366592525,166.38290366592526,6.09293882170455,1729822179.5396154
16.727947055069112,167.27947055069112,6.112942139444216,1729822179.5496097
16.817897131275846,168.17897131275845,6.132945802855106,1729822179.5596263
16.908140592976487,169.08140592976486,6.1529493137954026,1729822179.569634
16.998677430612833,169.98677430612832,6.172952173041311,1729822179.5796452
17.08950762728944,170.89507627289439,6.1929538803280435,1729822179.589719
17.180631158758974,171.80631158758973,6.21295393439107,1729822179.5995471
17.272047993408147,172.72047993408148,6.232951833007654,1729822179.6096272
17.363758092244282,173.63758092244282,6.252947073038665,1729822179.6199107
17.45576140888249,174.55761408882492,6.272939150470637,1729822179.629589
17.548057889533464,175.48057889533465,6.292927560458126,1729822179.6397595
17.640647472991894,176.40647472991895,6.312911797366271,1729822179.6496933
17.73353009062554,177.33530090625538,6.332891354813644,1729822179.659701
17.826705666364887,178.26705666364887,6.352865725715312,1729822179.6696234
17.920174116693484,179.20174116693485,6.372834402326159,1729822179.6796365
18.013935350638885,180.13935350638886,6.392796876284397,1729822179.689644
18.10798926976425,181.0798926976425,6.412752638655335,1729822179.6995986
18.202335768160594,182.02335768160594,6.432701179975341,1729822179.709675
18.29697473243967,182.96974732439668,6.452641990296016,1729822179.7196426
18.391906041727506,183.91906041727506,6.472574559228551,1729822179.7296228
18.487129567658613,184.87129567658613,6.492498375988313,1729822179.7396102
18.582645174370825,185.82645174370825,6.512412929439558,1729822179.7495673
18.678452718500807,186.78452718500807,6.532317708140387,1729822179.759597
18.774552049180237,187.74552049180238,6.552212200387818,1729822179.7697003
18.870943008032626,188.70943008032626,6.572095894263046,1729822179.779694
18.96762542917083,189.6762542917083,6.591968277676848,1729822179.7895565
19.064599139195213,190.64599139195212,6.611828838415149,1729822179.7996285
19.16186395719249,191.61863957192492,6.6316770641847125,1729822179.809528
19.259419694735236,192.59419694735237,6.6515124426589605,1729822179.8197064
19.35726615588207,193.5726615588207,6.671334461523932,1729822179.8295841
19.455403137178514,194.55403137178513,6.6911426085243475,1729822179.839611
19.553830427658536,195.53830427658536,6.710936371509789,1729822179.8496928
19.652547808846766,196.52547808846765,6.730715238480974,1729822179.8596768
19.751555054761386,197.51555054761386,6.750478697636107,1729822179.8696513
19.850851931917717,198.50851931917717,6.770226237417362,1729822179.8796787
19.95043819933247,199.5043819933247,6.789957346557386,1729822179.8898277
20.0503136085287,200.503136085287,6.8096715141259,1729822179.8995543
20.15047790354143,201.5047790354143,6.829368229576368,1729822179.9095821
20.250930820923955,202.50930820923955,6.849046982792692,1729822179.9196289
20.351672089754857,203.51672089754857,6.868707264135965,1729822179.929614
20.452701431645682,204.5270143164568,6.888348564491266,1729822179.9396503
20.554018560749306,205.54018560749307,6.907970375314466,1729822179.9496746
20.655623183769006,206.55623183769006,6.92757218867907,1729822179.9595952
20.757514999968194,207.57514999968194,6.947153497323044,1729822179.9695737
20.859693701180856,208.59693701180856,6.966713794695681,1729822179.9796338
20.962158971822674,209.62158971822674,6.986252575004426,1729822179.9896674
21.064910488902825,210.64910488902825,7.0057693332617035,1729822179.999648
21.167947922036475,211.67947922036475,7.025263565331721,1729822180.0103347
21.271270933457966,212.71270933457967,7.044734767977235,1729822180.0199623
21.374879178034675,213.74879178034675,7.064182438906285,1729822180.0296094
21.478772303281556,214.78772303281556,7.083606076818871,1729822180.039686
21.58294994937638,215.82949949376382,7.103005181453581,1729822180.049628
21.687411749175656,216.87411749175655,7.122379253634143,1729822180.059586
21.792157328231216,217.92157328231215,7.141727795315918,1729822180.0696354
21.8971863048075,218.97186304807502,7.161050309632304,1729822180.0796301
22.002498289899513,220.02498289899512,7.1803463009410375,1729822180.0897744
22.108092887251455,221.08092887251456,7.199615274870411,1729822180.0995696
22.21396969337604,222.1396969337604,7.21885673836539,1729822180.1095417
22.320128297574474,223.20128297574473,7.23807019973358,1729822180.1196613
22.426568281957117,224.26568281957117,7.257255168691111,1729822180.1295624
22.533289221464813,225.33289221464813,7.27641115640836,1729822180.1396568
22.640290683890882,226.40290683890882,7.295537675555543,1729822180.1495955
22.747572229903795,227.47572229903795,7.314634240348156,1729822180.1595354
22.855133413070494,228.55133413070493,7.333700366592262,1729822180.169577
22.96297377988038,229.62973779880377,7.352735571729602,1729822180.1796203
23.07109286976997,230.7109286976997,7.37173937488254,1729822180.189587
23.179490215148196,231.79490215148195,7.3907112968988296,1729822180.199583
23.288165341422367,232.88165341422368,7.409650860396167,1729822180.2096543
23.397117767024785,233.97117767024784,7.428557589806578,1729822180.2196708
23.506347003439988,235.06347003439987,7.447431011420569,1729822180.2297215
23.615852555232664,236.15852555232664,7.466270653431082,1729822180.23963
23.7256339200762,237.256339200762,7.485076045977214,1729822180.2496061
23.83569058878184,238.3569058878184,7.50384672118771,1729822180.259583
23.946022045328537,239.46022045328536,7.522582213224214,1729822180.2695966
24.05662776689336,240.5662776689336,7.541282058324284,1729822180.279689
24.167507223882602,241.67507223882603,7.5599457948441335,1729822180.2896273
24.27865987996345,242.78659879963448,7.578572963301128,1729822180.2995505
24.390085192096322,243.90085192096322,7.597163106415986,1729822180.309626
24.501782610567783,245.01782610567784,7.6157157691547495,1729822180.3196664
24.6137515790241,246.137515790241,7.6342304987704015,1729822180.3295255
24.72599153450538,247.2599153450538,7.652706844844251,1729822180.3396606
24.83850190748032,248.3850190748032,7.671144359326989,1729822180.3496938
24.951282121881572,249.51282121881573,7.689542596579423,1729822180.3597047
25.064331595141667,250.64331595141667,7.70790111341294,1729822180.3695166
25.17764973822955,251.7764973822955,7.726219469129596,1729822180.3796792
25.2912359556877,252.912359556877,7.744497225561909,1729822180.3896506
25.40508964566981,254.05089645669813,7.762733947112305,1729822180.399662
25.51921019997907,255.1921019997907,7.78092920079222,1729822180.4096527
25.63359700410698,256.3359700410698,7.79908255626084,1729822180.4196887
25.748249437272765,257.4824943727277,7.817193585863513,1729822180.4295917
25.863166872463317,258.6316687246332,7.835261864669763,1729822180.4396749
25.97834867647371,259.7834867647371,7.8532869705109505,1729822180.4496696
26.09379420994825,260.9379420994825,7.8712684840175475,1729822180.4595897
26.20950282742207,262.0950282742207,7.889205988656042,1729822180.4695702
26.325473877363265,263.25473877363265,7.907099070765436,1729822180.4796157
26.441706702215544,264.41706702215544,7.924947319593347,1729822180.4895666
26.55820063844142,265.58200638441417,7.942750327331722,1729822180.4996252
26.674955016565907,266.74955016565906,7.9605076891521245,1729822180.5097196
26.791969161220734,267.9196916122073,7.978219003240614,1729822180.5195394
26.909242391189068,269.0924239118907,7.995883870832208,1729822180.5296338
27.026774019450723,270.2677401945072,8.013501896244906,1729822180.5396047
27.144563353227873,271.44563353227875,8.031072686913294,1729822180.5496128
27.262609694031255,272.62609694031255,8.048595853421697,1729822180.5596657
27.380912337706828,273.80912337706826,8.0660710095369,1729822180.56973
27.499470574482945,274.99470574482945,8.083497772240417,1729822180.5796406
27.618283689017954,276.18283689017954,8.100875761760292,1729822180.5896416
27.73735096044828,277.37350960448276,8.11820460160247,1729822180.5995958
27.85667166243694,278.5667166243694,8.135483918581663,1729822180.609614
27.976245063222546,279.76245063222547,8.15271334285179,1729822180.6196058
28.09607042566869,280.9607042566869,8.169892507935915,1729822180.6297657
28.216147007313808,282.16147007313805,8.1870210507557,1729822180.6396496
28.33647406042145,283.3647406042145,8.204098611660413,1729822180.6495929
28.457050832030955,284.57050832030956,8.221124834455402,1729822180.6596022
28.577876564008577,285.7787656400858,8.23809936643011,1729822180.6695104
28.69895049309896,286.9895049309896,8.255021858385573,1729822180.6796002
28.820271850977058,288.2027185097706,8.271891964661439,1729822180.6895325
28.94183986430042,289.4183986430042,8.28870934316246,1729822180.6996365
29.063653754761848,290.6365375476185,8.305473655384487,1729822180.7095726
29.185712739142453,291.8571273914245,8.322184566439969,1729822180.7196405
29.30801602936506,293.0801602936506,8.338841745082897,1729822180.729563
29.430562832547977,294.3056283254798,8.355444863733275,1729822180.7396033
29.55335235105911,295.5335235105911,8.371993598501032,1729822180.7496784
29.676383782570436,296.76383782570434,8.388487629209436,1729822180.7596042
29.79965632011279,297.99656320112786,8.404926639417964,1729822180.7695744
29.92316915213099,299.23169152130987,8.421310316444645,1729822180.7796073
30.046921462539288,300.46921462539285,8.43763835138788,1729822180.7896066
30.170912430777136,301.7091243077714,8.453910439147704,1729822180.7995791
30.295141231865227,302.9514123186523,8.470126278446525,1729822180.8096094
30.41960703646187,304.19607036461866,8.486285571849326,1729822180.8196032
30.544309010919626,305.44309010919625,8.502388025783308,1729822180.8296785
30.66924631734224,306.69246317342237,8.518433350557,1729822180.839674
30.794418113641836,307.94418113641836,8.53442126037882,1729822180.8495798
30.919823553596387,309.1982355359639,8.550351473375079,1729822180.8596168
31.04546178690742,310.4546178690742,8.56622371160744,1729822180.8695672
31.171331959257994,311.7133195925799,8.582037701089835,1729822180.8797443
31.297433212370905,312.974332123709,8.597793171804799,1729822180.8896515
31.423764684067116,314.2376468406712,8.613489857719289,1729822180.8996289
31.55032550832443,315.5032550832443,8.629127496799907,1729822180.909614
31.677114815336363,316.77114815336364,8.644705831027592,1729822180.9196823
31.80413173157122,318.0413173157122,8.66022460641175,1729822180.9295805
31.931375379831398,319.313753798314,8.675683573003809,1729822180.9396996
32.05884487931283,320.5884487931283,8.69108248491024,1729822180.9496505
32.18653934566467,321.8653934566467,8.706421100304993,1729822180.9595726
32.314457891049116,323.1445789104912,8.72169918144139,1729822180.9696045
32.4425996242014,324.425996242014,8.736916494663443,1729822180.979638
32.57096365048994,325.7096365048994,8.752072810416639,1729822180.9897149
32.699549071976655,326.99549071976656,8.76716790325812,1729822180.9996035
32.82835498747741,328.2835498747741,8.782201551866338,1729822181.0096521
32.9573804926226,329.573804926226,8.797173539050148,1729822181.0195735
33.086624679917826,330.86624679917827,8.812083651757312,1729822181.0295746
33.21608663880476,332.1608663880476,8.826931681082483,1729822181.0397267
33.34576545572204,333.4576545572204,8.841717422274597,1729822181.0496016
33.475660214166304,334.75660214166305,8.856440674743729,1729822181.0595672
33.60576999475333,336.0576999475333,8.871101242067375,1729822181.0695853
33.73609387527924,337.3609387527924,8.8856989319962,1729822181.0796876
33.86663093078176,338.6663093078176,8.90023355645921,1729822181.0896769
33.997380233601596,339.973802336016,8.914704931568375,1729822181.0996242
34.128340853443824,341.28340853443825,8.929112877622714,1729822181.109696
34.25951185743937,342.5951185743937,8.943457219111808,1729822181.1196768
34.3908923102065,343.90892310206505,8.957737784718786,1729822181.129661
34.52248127391238,345.2248127391238,8.971954407322741,1729822181.1397324
34.654277808334626,346.54277808334626,8.986106924000627,1729822181.149566
34.78628097092288,347.8628097092288,9.000195176028589,1729822181.1595857
34.918489816860465,349.18489816860466,9.014219008882758,1729822181.1695712
35.05090339912592,350.50903399125923,9.028178272239519,1729822181.1796389
35.18352076855465,351.8352076855465,9.042072819975226,1729822181.1895971
35.316340973900495,353.1634097390049,9.055902510165401,1729822181.199581
35.449363061897294,354.49363061897293,9.069667205083379,1729822181.209613
35.58258607732043,355.8258607732043,9.083366771198442,1729822181.2197344
35.71600906304834,357.1600906304834,9.097001079173417,1729822181.2296135
35.849631060123976,358.49631060123977,9.110570003861762,1729822181.239606
35.983451107816215,359.83451107816217,9.124073424304113,1729822181.2496371
36.117468243681216,361.1746824368122,9.137511223724333,1729822181.2596722
36.25168150362369,362.51681503623695,9.150883289525034,1729822181.2695844
36.38608992195815,363.86089921958154,9.164189513282592,1729822181.2800035
36.520692531470026,365.20692531470024,9.177429790741659,1729822181.2895935
36.65548836347669,366.55488363476695,9.190604021809163,1729822181.2996716
36.790476447888466,367.90476447888466,9.203712110547816,1729822181.309686
36.92565581326941,369.25655813269407,9.216753965169113,1729822181.319622
37.0610254868981,370.61025486898103,9.229729498025852,1729822181.3295403
37.19658449482825,371.9658449482825,9.242638625604155,1729822181.3397207
37.33233186194918,373.3233186194918,9.25548126851501,1729822181.3496666
37.46826661204621,374.68266612046205,9.268257351485326,1729822181.35954
37.60438776786088,376.0438776786088,9.280966803348509,1729822181.3696573
37.740694351151035,377.40694351151035,9.29360955703458,1729822181.379654
37.87718538275077,378.7718538275077,9.3061855495598,1729822181.3895826
38.01385988263016,380.1385988263016,9.318694722015856,1729822181.3995512
38.15071686995492,381.5071686995492,9.331137019558563,1729822181.4095438
38.28775536314581,382.8775536314581,9.34351239139613,1729822181.4201024
38.4249743799379,384.249743799379,9.355820790776965,1729822181.4296246
38.56237293743963,385.62372937439636,9.368062174977029,1729822181.4396253
38.699950052191724,386.99950052191724,9.38023650528676,1729822181.449697
38.83770474022581,388.3770474022581,9.392343746997557,1729822181.4596198
38.97563601712296,389.7563601712296,9.40438386938782,1729822181.4696035
39.11374289807191,391.1374289807191,9.416356845708574,1729822181.4796114
39.252024397927144,392.5202439792714,9.428262653168675,1729822181.489573
39.39047953126667,393.9047953126667,9.44010127291958,1729822181.4995966
39.529107312449675,395.29107312449673,9.451872690039728,1729822181.5097053
39.66790675567384,396.6790675567384,9.46357689351849,1729822181.5196493
39.806876875032486,398.06876875032486,9.475213876239732,1729822181.529559
39.946016684571426,399.46016684571424,9.486783634964988,1729822181.5396247
40.0853251983456,400.853251983456,9.498286170316215,1729822181.5497339
40.22480143047544,402.2480143047544,9.509721486758187,1729822181.5596297
40.36444439520294,403.6444439520294,9.521089592580497,1729822181.5695748
40.504253106947516,405.04253106947516,9.532390499879185,1729822181.5796332
40.64422658036155,406.44226580361544,9.543624224537991,1729822181.589667
40.784363830385644,407.84363830385644,9.55479078620926,1729822181.5995898
40.92466387230363,409.2466387230363,9.565890208294464,1729822181.609617
41.06512572179727,410.6512572179727,9.57692251792439,1729822181.6196263
41.20574839500063,412.0574839500063,9.587887745938966,1729822181.6295547
41.34653090855421,413.46530908554206,9.598785926866762,1729822181.6398153
41.487472279658704,414.87472279658704,9.609617098904133,1729822181.649597
41.628571526128525,416.28571526128525,9.620381303894051,1729822181.6595678
41.76982766644495,417.69827666444945,9.631078587304593,1729822181.6695821
41.911239719808954,419.1123971980895,9.641708998207129,1729822181.6796365
42.05280670619377,420.5280670619377,9.652272589254178,1729822181.6895952
42.194527646397056,421.9452764639706,9.66276941665697,1729822181.6996174
42.33640156209276,423.3640156209276,9.673199540162699,1729822181.7095435
42.478427475882654,424.78427475882654,9.68356302303148,1729822181.7198625
42.62060441134751,426.20604411347506,9.693859932013018,1729822181.7296994
42.76293139309792,427.6293139309792,9.704090337322992,1729822181.7396863
42.90540744682481,429.05407446824813,9.714254312619156,1729822181.7496974
43.04803159934954,430.4803159934954,9.724351934977173,1729822181.7596738
43.190802878673686,431.90802878673685,9.734383284866185,1729822181.7696528
43.333720314028454,433.33720314028454,9.744348446124102,1729822181.7800746
43.476782935923715,434.76782935923717,9.754247505932668,1729822181.7896051
43.61998977619669,436.1998977619669,9.764080554792244,1729822181.7996047
43.76333986806023,437.6333986806023,9.773847686496381,1729822181.8095577
43.90683224615075,439.0683224615075,9.783548998106125,1729822181.8196878
44.05046594657579,440.5046594657579,9.793184589924108,1729822181.8295968
44.194240006961145,441.94240006961144,9.802754565468415,1729822181.8396113
44.33815346649766,443.3815346649766,9.812259031446215,1729822181.8496268
44.482205365987596,444.82205365987596,9.821698097727205,1729822181.859554
44.626394747890636,446.26394747890635,9.831071877316813,1729822181.8697011
44.770720656369484,447.70720656369485,9.840380486329229,1729822181.879667
44.91518213733504,449.15182137335034,9.84962404396022,1729822181.889599
45.059778238491205,450.5977823849121,9.858802672459772,1729822181.8996296
45.20450800937929,452.0450800937929,9.867916497104519,1729822181.9096365
45.34937050142197,453.4937050142197,9.876965646170035,1729822181.919756
45.49436476796689,454.9436476796689,9.88595025090291,1729822181.9295688
45.6394898643298,456.394898643298,9.894870445492698,1729822181.9396403
45.784744847837324,457.8474484783732,9.903726367043665,1729822181.949635
45.93012877786928,459.30128777869277,9.91251815554642,1729822181.9596484
46.0756407159006,460.75640715900596,9.92124595384937,1729822181.9696171
46.221279725542836,462.21279725542837,9.929909907630034,1729822181.979628
46.36704487258521,463.6704487258521,9.938510165366235,1729822181.9896007
46.51293522503528,465.1293522503528,9.947046878307141,1729822181.9996638
46.658949853159136,466.58949853159135,9.95552020044419,1729822182.0095925
46.80508782952121,468.0508782952121,9.963930288481885,1729822182.0198634
46.951348229023644,469.5134822902364,9.972277301808482,1729822182.0296705
47.0977301289452,470.97730128945204,9.980561402466567,1729822182.0396473
47.24423260897977,472.4423260897977,9.988782755123516,1729822182.0496154
47.39085475127444,473.9085475127444,9.996941527041875,1729822182.0595493
47.537595640467096,475.37595640467094,10.005037888049626,1729822182.069614
47.684454363723646,476.8445436372365,10.013072010510388,1729822182.0796158
47.83143001077475,478.3143001077475,10.021044069293508,1729822182.0897286
47.97852167395214,479.7852167395214,10.028954241744097,1729822182.0996642
48.12572844822447,481.2572844822447,10.03680270765298,1729822182.1096923
48.273049431232785,482.73049431232783,10.044589649226587,1729822182.1200852
48.42048372332546,484.2048372332546,10.052315251056779,1729822182.1295981
48.56803042759278,485.6803042759278,10.059979700090613,1729822182.139735
48.71568864990102,487.15688649901017,10.067583185600062,1729822182.1497216
48.86345749892611,488.63457498926107,10.07512589915169,1729822182.1596146
49.01133608618683,490.1133608618683,10.082608034576273,1729822182.1696448
49.159323526077586,491.5932352607758,10.090029787938397,1729822182.1796231
49.30741893590072,493.0741893590072,10.097391357506021,1729822182.1896594
49.45562143589838,494.55621435898377,10.104692943720012,1729822182.1996105
49.60393014928394,496.0393014928394,10.111934749163655,1729822182.20962
49.75234420227298,497.5234420227298,10.119116978532153,1729822182.2196956
49.90086272411381,499.0086272411381,10.126239838602109,1729822182.2296603
50.04948484711754,500.4948484711754,10.133303538201003,1729822182.2396202
50.19820970668774,501.98209706687743,10.140308288176673,1729822182.2495656
50.347036441349594,503.47036441349593,10.14725430136678,1729822182.2596076
50.49596419277866,504.9596419277866,10.1541417925683,1729822182.2695603
50.644992105829125,506.44992105829124,10.160970978507013,1729822182.2796252
50.7941193285617,507.941193285617,10.167742077807015,1729822182.289645
50.94334501227096,509.4334501227096,10.174455310960244,1729822182.2995696
51.092668311512334,510.92668311512335,10.181110900296039,1729822182.3096588
51.24208838412858,512.4208838412858,10.187709069950712,1729822182.319613
51.391604391275855,513.9160439127586,10.19425004583717,1729822182.3296535
51.541215497449336,515.4121549744933,10.200734055614568,1729822182.3396327
51.690920870508364,516.9092087050836,10.207161328657994,1729822182.349565
51.84071968170118,518.4071968170118,10.213532096028215,1729822182.3596585
51.99061110568921,519.9061110568921,10.219846590441454,1729822182.3696122
52.14059432057089,521.4059432057089,10.226105046239242,1729822182.3795977
52.29066850790507,522.9066850790507,10.232307699358305,1729822182.3895931
52.44083285273397,524.4083285273397,10.238454787300526,1729822182.3996215
52.5910865436057,525.910865436057,10.24454654910297,1729822182.4095833
52.74142877259632,527.4142877259633,10.25058322530797,1729822182.4196181
52.89185873533151,528.9185873533152,10.256565057933294,1729822182.4295695
53.042375631007744,530.4237563100775,10.262492290442383,1729822182.439581
53.19297866241306,531.9297866241307,10.268365167714672,1729822182.4496596
53.343667035947426,533.4366703594743,10.274183936015984,1729822182.4595897
53.4944399616426,534.9443996164259,10.279948842969025,1729822182.4695535
53.645296653181624,536.4529665318163,10.285660137523958,1729822182.479612
53.79623632791785,537.9623632791786,10.291318069929074,1729822182.489622
53.94725820689357,539.4725820689357,10.296922891701554,1729822182.4995897
54.098361514858176,540.9836151485817,10.302474855598344,1729822182.5096068
54.249545480285924,542.4954548028593,10.307974215587112,1729822182.5196261
54.400809335393284,544.0080933539328,10.313421226817331,1729822182.529617
54.552152316155826,545.5215231615582,10.318816145591459,1729822182.5396516
54.70357366232473,547.0357366232473,10.324159229336232,1729822182.54962
54.85507261744284,548.5507261744284,10.329450736574076,1729822182.5595918
55.00664842886033,550.0664842886033,10.33469092689463,1729822182.569628
55.15830034774992,551.5830034774992,10.339880060926397,1729822182.5796494
55.31002762912173,553.1002762912173,10.345018400308511,1729822182.5895922
55.46182953183765,554.6182953183766,10.350106207662634,1729822182.599788
55.61370531862539,556.137053186254,10.355143746564977,1729822182.6096942
55.76565425609204,557.6565425609205,10.360131281518463,1729822182.6195827
55.91767561473724,559.1767561473724,10.365069077925005,1729822182.6296656
56.069768668966006,560.69768668966,10.369957402057933,1729822182.6397543
56.22193269710106,562.2193269710106,10.374796521034565,1729822182.6496093
56.37416698139486,563.7416698139485,10.379586702788894,1729822182.6596613
56.52647080804112,565.2647080804112,10.384328216044446,1729822182.6696196
56.67884346718604,566.7884346718604,10.389021330287267,1729822182.6796248
56.83128425293909,568.3128425293909,10.39366631573906,1729822182.689675
56.98379246338339,569.8379246338338,10.398263443330467,1729822182.699559
57.13636740058571,571.3636740058571,10.40281298467452,1729822182.7095761
57.28900837060614,572.8900837060614,10.407315212040219,1729822182.7198777
57.44171468350727,574.4171468350727,10.411770398326286,1729822182.7295845
57.59448565336308,575.9448565336309,10.41617881703507,1729822182.7399335
57.747320598267386,577.4732059826739,10.4205407422466,1729822182.7495883
57.900218840341964,579.0021884034196,10.42485644859282,1729822182.7595935
58.05317970574424,580.5317970574424,10.42912621123197,1729822182.7696393
58.20620252467466,582.0620252467465,10.433350305823138,1729822182.7795339
58.35928663138364,583.5928663138363,10.437529008500965,1729822182.789696
58.5124313641782,585.124313641782,10.441662595850543,1729822182.7995732
58.66563606542819,586.6563606542819,10.445751344882453,1729822182.809608
58.81890008157216,588.1890008157216,10.449795533007993,1729822182.8196173
58.972222763122886,589.7222276312289,10.453795438014573,1729822182.8295453
59.12560346467254,591.2560346467253,10.457751338041273,1729822182.8396168
59.27904154489745,592.7904154489745,10.461663511554587,1729822182.8496075
59.432536366562616,594.3253636656261,10.465532237324334,1729822182.8596275
59.58608729652574,595.8608729652574,10.469357794399757,1729822182.8695962
59.73969370574101,597.3969370574101,10.473140462085782,1729822182.8796685
59.89335496926252,598.9335496926252,10.476880519919474,1729822182.8896039
60.04707046624728,600.4707046624728,10.48057824764666,1729822182.8995843
60.200839579957986,602.0083957995798,10.484233925198732,1729822182.9096906
60.3546616977654,603.546616977654,10.48784783266965,1729822182.9197366
60.50853621115038,605.0853621115037,10.491420250293098,1729822182.929518
60.662462515705585,606.6246251570558,10.494951458419852,1729822182.9396296
60.816440011136905,608.1644001113691,10.49844173749531,1729822182.9497085
60.970468101264494,609.704681012645,10.501891368037223,1729822182.9595847
61.124546194023516,611.2454619402351,10.505300630613599,1729822182.9695845
61.27867370146455,612.7867370146455,10.508669805820801,1729822182.9797025
61.432850039753696,614.3285003975369,10.511999174261835,1729822182.989591
61.58707462917236,615.8707462917237,10.515289016524807,1729822182.9995496
61.741346894116724,617.4134689411673,10.518539613161593,1729822183.0096085
61.89566626309688,618.9566626309688,10.521751244666678,1729822183.019691
62.05003216873571,620.5003216873571,10.524924191456194,1729822183.0296054
62.204444047767424,622.0444404776742,10.528058733847141,1729822183.039728
62.3589013410358,623.589013410358,10.5311551520368,1729822183.0496109
62.513403493492135,625.1340349349214,10.53421372608234,1729822183.0595965
62.66794995419288,626.6794995419287,10.537234735880606,1729822183.0697026
62.822540176297,628.22540176297,10.540218461148104,1729822183.0796688
62.97717361706305,629.7717361706306,10.543165181401173,1729822183.0896986
63.131849737845954,631.3184973784596,10.546075175936354,1729822183.099614
63.286568004093475,632.8656800409348,10.548948723810934,1729822183.1096358
63.441327885342425,634.4132788534242,10.551786103823702,1729822183.1196656
63.596128855214616,635.9612885521461,10.554587594495878,1729822183.129535
63.7509703914125,637.509703914125,10.557353474052242,1729822183.1396894
63.90585197571454,639.0585197571454,10.560084020402453,1729822183.149549
64.06077309397033,640.6077309397033,10.562779511122548,1729822183.15955
64.2157332360954,642.157332360954,10.56544022343665,1729822183.169642
64.37073189606586,643.7073189606587,10.56806643419885,1729822183.1796675
64.52576857191265,645.2576857191265,10.570658419875288,1729822183.1895576
64.68084276571558,646.8084276571558,10.573216456526422,1729822183.1995432
64.8359539835972,648.3595398359719,10.57574081978948,1729822183.209631
64.99110173571621,649.9110173571621,10.57823178486111,1729822183.2197123
65.1462855362609,651.462855362609,10.58068962648022,1729822183.2296138
65.30150490344208,653.0150490344208,10.583114618910995,1729822183.23959
65.4567593594859,654.567593594859,10.585507035926112,1729822183.2495391
65.61204843062639,656.1204843062638,10.58786715079014,1729822183.2595754
65.76737164709779,657.6737164709779,10.590195236243135,1729822183.2696207
65.92272854312661,659.2272854312661,10.5924915644844,1729822183.2795784
66.07811865692345,660.7811865692345,10.594756407156456,1729822183.2896013
66.23354153067461,662.3354153067462,10.596990035329185,1729822183.2995822
66.38899671053348,663.8899671053348,10.599192719484165,1729822183.3095899
66.54448374661162,665.4448374661162,10.601364729499183,1729822183.3197193
66.70000219296978,667.0000219296978,10.603506334632932,1729822183.329647
66.85555160760852,668.5555160760852,10.605617803509906,1729822183.3396387
67.0111315524587,670.1113155245871,10.607699404105453,1729822183.3495715
67.16674159337181,671.6674159337181,10.609751403731035,1729822183.3594947
67.3223813001099,673.223813001099,10.611774069019651,1729822183.3696258
67.47805024633551,674.7805024633551,10.61376766591145,1729822183.379626
67.6337480096013,676.337480096013,10.615732459639517,1729822183.38965
67.78947417133944,677.8947417133943,10.617668714715853,1729822183.3997107
67.94522831685079,679.4522831685078,10.619576694917509,1729822183.4096239
68.10101003529401,681.0101003529401,10.62145666327292,1729822183.419842
68.25681891967434,682.5681891967434,10.623308882048404,1729822183.4295971
68.41265456683224,684.1265456683225,10.625133612734837,1729822183.4396126
68.5685165774318,685.685165774318,10.626931116034509,1729822183.4495711
68.72440455594895,687.2440455594895,10.628701651848145,1729822183.4595492
68.88031811065964,688.8031811065964,10.63044547926211,1729822183.469584
69.03625685362759,690.362568536276,10.632162856535771,1729822183.4796154
69.19222040069204,691.9222040069203,10.633854041089048,1729822183.4895504
69.3482083714552,693.482083714552,10.635519289490118,1729822183.4995687
69.50422038926966,695.0422038926966,10.6371588574433,1729822183.509731
69.6602560812255,696.602560812255,10.638772999777101,1729822183.5196223
69.81631507813724,698.1631507813723,10.640361970432442,1729822183.5295267
69.97239701453071,699.7239701453071,10.641926022451019,1729822183.5396552
70.1285015286297,701.285015286297,10.643465407963872,1729822183.5496259
70.28462826234235,702.8462826234236,10.64498037818008,1729822183.559638
70.44077686124757,704.4077686124757,10.646471183375642,1729822183.5695796
70.59694697458112,705.9694697458111,10.647938072882509,1729822183.5795994
70.75313825522163,707.5313825522163,10.649381295077777,1729822183.5895944
70.90935035967647,709.0935035967647,10.650801097373048,1729822183.599639
71.06558294806739,710.6558294806739,10.652197726203935,1729822183.609673
71.22183568411606,712.2183568411606,10.65357142701974,1729822183.6197648
71.37810823512947,713.7810823512948,10.654922444273272,1729822183.6296215
71.5344002719852,715.344002719852,10.656251021410828,1729822183.6396937
71.69071146911644,716.9071146911643,10.657557400862336,1729822183.6497228
71.84704150449696,718.4704150449695,10.65884182403163,1729822183.6595762
72.00339005962599,720.0339005962599,10.660104531286892,1729822183.6696632
72.1597568195128,721.5975681951279,10.661345761951242,1729822183.6796865
72.31614147266129,723.1614147266129,10.66256575429347,1729822183.689648
72.47254371105439,724.7254371105439,10.663764745518913,1729822183.6995816
72.62896323013831,726.2896323013831,10.664942971760503,1729822183.7096198
72.7853997288067,727.8539972880669,10.666100668069921,1729822183.7199373
72.94185290938462,729.4185290938462,10.667238068408928,1729822183.7296662
73.09832247761253,730.9832247761253,10.668355405640819,1729822183.7397234
73.25480814262994,732.5480814262994,10.669452911522026,1729822183.7495587
73.41130961695914,734.1130961695915,10.670530816693862,1729822183.7596965
73.56782661648867,735.6782661648867,10.671589350674397,1729822183.769591
73.72435886045677,737.2435886045678,10.672628741850477,1729822183.7796702
73.88090607143464,738.8090607143464,10.673649217469878,1729822183.7897108
74.03746797530962,740.3746797530962,10.674651003633588,1729822183.7996101
74.19404430126833,741.9404430126833,10.675634325288238,1729822183.809573
74.35063478177952,743.5063478177951,10.676599406218648,1729822183.8196812
74.507239152577,745.07239152577,10.67754646904051,1729822183.8296757
74.66385715264236,746.6385715264237,10.67847573519321,1729822183.8396294
74.82048852418762,748.2048852418762,10.67938742493276,1729822183.8495655
74.97713301263778,749.7713301263777,10.680281757324865,1729822183.859622
75.13379036661324,751.3379036661324,10.68115895023813,1729822183.8695965
75.29046033791217,752.9046033791217,10.682019220337365,1729822183.8796172
75.44714268149272,754.4714268149272,10.682862783077029,1729822183.8897583
75.60383715545524,756.0383715545524,10.683689852694796,1729822183.8996437
75.76054352102427,757.6054352102427,10.684500642205231,1729822183.9096308
75.91726154253055,759.1726154253056,10.6852953633936,1729822183.9197018
76.0739909873929,760.739909873929,10.686074226809776,1729822183.9296544
76.2307316261,762.307316261,10.686837441762284,1729822183.9396572
76.38748323219208,763.8748323219208,10.687585216312451,1729822183.9496577
76.54424558224261,765.4424558224262,10.688317757268662,1729822183.9596705
76.70101845583977,767.0101845583977,10.689035270180739,1729822183.9695606
76.85780163556794,768.5780163556794,10.689737959334424,1729822183.979603
77.01459490698907,770.1459490698908,10.690426027745987,1729822183.9896548
77.17139805862404,771.7139805862404,10.691099677156913,1729822183.9995828
77.32821088193376,773.2821088193375,10.691759108028721,1729822184.0096586
77.48503317130046,774.8503317130046,10.692404519537881,1729822184.0197258
77.6418647240087,776.418647240087,10.693036109570834,1729822184.0296576
77.79870534022638,777.9870534022638,10.693654074719111,1729822184.0396194
77.95555482298569,779.5555482298569,10.694258610274566,1729822184.0496142
78.11241297816399,781.1241297816399,10.694849910224692,1729822184.0595407
78.26927961446457,782.6927961446456,10.695428167248053,1729822184.0696197
78.42615454339743,784.2615454339743,10.6959935727098,1729822184.0795527
78.58303757925995,785.8303757925995,10.696546316657294,1729822184.0896819
78.73992853911747,787.3992853911748,10.697086587815818,1729822184.0996568
78.89682724278386,788.9682724278385,10.69761457358438,1729822184.1096485
79.053733512802,790.53733512802,10.698130460031617,1729822184.1197019
79.21064717442422,792.1064717442423,10.698634431891787,1729822184.1295285
79.36756805559267,793.6756805559266,10.699126672560844,1729822184.139623
79.5244959869196,795.244959869196,10.699607364092612,1729822184.1495624
79.68143080166769,796.8143080166769,10.700076687195038,1729822184.159567
79.83837233573017,798.3837233573017,10.70053482122654,1729822184.1695652
79.99532042761106,799.9532042761107,10.700981944192426,1729822184.1795921
80.15227491840521,801.5227491840521,10.701418232741418,1729822184.1895869
80.30923565177838,803.0923565177839,10.70184386216223,1729822184.1995363
80.46620247394726,804.6620247394726,10.702259006380254,1729822184.2095976
80.62317523365938,806.2317523365938,10.702663837954312,1729822184.2197614
80.78015378217307,807.8015378217308,10.703058528073482,1729822184.2296479
80.93713797323731,809.3713797323732,10.70344324655402,1729822184.2397356
81.09412766307152,810.9412766307152,10.703818161836338,1729822184.2495594
81.25112271034537,812.5112271034537,10.704183440982067,1729822184.259679
81.40812297615852,814.0812297615853,10.704539249671194,1729822184.2695816
81.5651283240203,815.651283240203,10.704885752199269,1729822184.2796936
81.72213861982937,817.2213861982937,10.705223111474682,1729822184.2897422
81.87915373185332,818.7915373185332,10.705551489016019,1729822184.2995703
82.03617353070828,820.3617353070829,10.705871044949472,1729822184.3096297
82.19319788933844,821.9319788933843,10.706181938006326,1729822184.3198576
82.35022668299554,823.5022668299554,10.70648432552052,1729822184.3296015
82.50725978921841,825.0725978921841,10.706778363426258,1729822184.3396456
82.6642970878123,826.642970878123,10.707064206255692,1729822184.3496137
82.82133846082837,828.2133846082837,10.707342007136669,1729822184.359574
82.97838379254303,829.7838379254302,10.707611917790542,1729822184.3695114
83.13543296943728,831.3543296943727,10.707874088530033,1729822184.3796322
83.292485880176,832.92485880176,10.708128668257167,1729822184.389622
83.44954241558729,834.4954241558729,10.708375804461257,1729822184.3995597
83.60660246864165,836.0660246864165,10.708615643216952,1729822184.4096744
83.76366593443127,837.6366593443128,10.708848329182329,1729822184.4200234
83.92073271014917,839.2073271014917,10.709074005597069,1729822184.429582
84.07780269506837,840.7780269506837,10.70929281428065,1729822184.4397306
84.23487579052112,842.3487579052112,10.70950489563062,1729822184.4496057
84.3919518998779,843.9195189987789,10.709710388620918,1729822184.4595597
84.54903092852662,845.4903092852662,10.709909430800234,1729822184.4695835
84.70611278385162,847.0611278385162,10.710102158290436,1729822184.4795768
84.86319737521276,848.6319737521276,10.710288705785034,1729822184.4896588
85.02028461392443,850.2028461392443,10.710469206547696,1729822184.4996214
85.17737441323459,851.7737441323459,10.710643792410812,1729822184.509616
85.33446668830369,853.3446668830369,10.710812593774106,1729822184.519507
85.49156135618374,854.9156135618374,10.710975739603287,1729822184.5295715
85.64865833579714,856.4865833579713,10.711133357428748,1729822184.5396278
85.8057575479157,858.0575754791571,10.711285573344314,1729822184.549604
85.96285891513955,859.6285891513955,10.711432512006024,1729822184.5601985
86.11996236187595,861.1996236187595,10.711574296630948,1729822184.5697057
86.27706781431826,862.7706781431825,10.711711048996069,1729822184.5796177
86.43417520042476,864.3417520042476,10.711842889437175,1729822184.5896773
86.59128444989753,865.9128444989753,10.711969936847815,1729822184.5996554
86.74839549416122,867.4839549416122,10.71209230867827,1729822184.6096215
86.90550826634193,869.0550826634193,10.712210120934584,1729822184.6196153
87.06262270124599,870.6262270124598,10.712323488177601,1729822184.629604
87.21973873533872,872.1973873533873,10.712432523522075,1729822184.6396396
87.3768563067233,873.768563067233,10.712537338635782,1729822184.6496522
87.5339753551194,875.339753551194,10.712638043738677,1729822184.659679
87.69109582184205,876.9109582184205,10.712734747602086,1729822184.6695795
87.84821764978034,878.4821764978034,10.71282755754793,1729822184.6796713
88.00534078337613,880.0534078337613,10.71291657944797,1729822184.6896076
88.1624651686028,881.624651686028,10.713001917723096,1729822184.6995544
88.31959075294394,883.1959075294394,10.71308367534263,1729822184.7096214
88.47671748537208,884.7671748537208,10.713161953823674,1729822184.7198248
88.63384531632735,886.3384531632735,10.713236853230468,1729822184.729634
88.79097419769619,887.9097419769619,10.71330847217379,1729822184.7396533
88.94810408278997,889.4810408278997,10.713376907810373,1729822184.749567
89.10523492632373,891.0523492632374,10.713442255842352,1729822184.759661
89.26236668439479,892.623666843948,10.713504610516729,1729822184.7696242
89.41949931446142,894.1949931446142,10.713564064624869,1729822184.779651
89.57663277532147,895.7663277532147,10.713620709502019,1729822184.789566
89.73376702709102,897.3376702709102,10.713674635026837,1729822184.799559
89.89090203118299,898.9090203118299,10.713725929620969,1729822184.809615
90.04803775028579,900.4803775028579,10.71377468024861,1729822184.819668
90.20517414834192,902.0517414834193,10.713820972416121,1729822184.82966
90.36231119052661,903.6231119052661,10.713864890171646,1729822184.8400493
90.51944884322637,905.1944884322637,10.713906516104748,1729822184.849605
90.67658707401765,906.7658707401765,10.71394593134607,1729822184.8595955
90.8337258516454,908.337258516454,10.713983215567017,1729822184.8695514
90.99086514600171,909.9086514600172,10.71401844697944,1729822184.879608
91.14800492810436,911.4800492810435,10.714051702335349,1729822184.8896148
91.30514517007538,913.0514517007538,10.714083056926642,1729822184.8995452
91.46228584511971,914.6228584511971,10.714112584584845,1729822184.9095826
91.61942692750371,916.1942692750371,10.714140357680863,1729822184.919704
91.77656839253376,917.7656839253376,10.714166447124757,1729822184.9295957
91.93371021653482,919.3371021653481,10.714190922365518,1729822184.9399657
92.09085237682902,920.9085237682903,10.714213851390875,1729822184.9496288
92.2479948517142,922.479948517142,10.714235300727092,1729822184.9595697
92.40513762044247,924.0513762044247,10.7142553354388,1729822184.9695656
92.56228066319883,925.6228066319884,10.71427401912882,1729822184.9796946
92.71942396107964,927.1942396107964,10.714291413938016,1729822184.9895604
92.87656749607122,928.7656749607122,10.714307580545137,1729822184.9995744
93.03371125102842,930.3371125102842,10.714322578166692,1729822185.0095654
93.19085520965314,931.9085520965314,10.714336464556816,1729822185.019735
93.34799935647288,933.4799935647288,10.714349296007157,1729822185.029572
93.50514367681934,935.0514367681934,10.714361127346763,1729822185.0396385
93.6622881568069,936.6228815680689,10.714372011941986,1729822185.0495741
93.81943278331117,938.1943278331117,10.714382001696386,1729822185.0595493
93.97657754394761,939.7657754394761,10.714391147050645,1729822185.0695775
94.13372242705,941.3372242705,10.714399496982493,1729822185.0796845
94.290867421649,942.90867421649,10.714407099006626,1729822185.0896227
94.44801251745069,944.480125174507,10.714413999174655,1729822185.0995617
94.60515770481513,946.0515770481513,10.71442024207503,1729822185.1096754
94.76230297473488,947.6230297473488,10.714425870833,1729822185.1197543
94.91944831881354,949.1944831881353,10.714430927110554,1729822185.1296422
95.07659372924428,950.7659372924428,10.714435451106379,1729822185.1396973
95.23373919878841,952.3373919878841,10.714439481555821,1729822185.1496046
95.3908847207539,953.908847207539,10.714443055730849,1729822185.1595857
95.54803028897389,955.4803028897389,10.714446209440023,1729822185.1695297
95.70517589778527,957.0517589778526,10.714448977028463,1729822185.1798832
95.8623215420072,958.6232154200719,10.714451391377828,1729822185.1896098
96.01946721691961,960.1946721691961,10.714453483906293,1729822185.1995745
96.17661291824179,961.7661291824179,10.714455284568526,1729822185.209542
96.3337586421109,963.3375864211089,10.714456821855673,1729822185.2197144
96.4909043850605,964.909043850605,10.714458122795346,1729822185.2295914
96.6480501439991,966.480501439991,10.714459212951612,1729822185.2396827
96.80519591618867,968.0519591618867,10.714460116424972,1729822185.2496405
96.9623416992232,969.623416992232,10.714460855852364,1729822185.2596188
97.11948749100722,971.1948749100723,10.714461452407154,1729822185.2696404
97.27663328973433,972.7663328973433,10.714461925799121,1729822185.2796693
97.43377909386577,974.3377909386577,10.714462294274462,1729822185.2896159
97.59092490210888,975.9092490210888,10.714462574615784,1729822185.2995796
97.74807071339572,977.4807071339571,10.714462782142098,1729822185.309648
97.90521652686155,979.0521652686155,10.714462930708823,1729822185.3196783
98.06236234182336,980.6236234182336,10.714463032707782,1729822185.3295696
98.21950815775845,982.1950815775846,10.714463099067196,1729822185.3396323
98.37665397428292,983.7665397428292,10.71446313925169,1729822185.3496737
98.5337997911302,985.3379979113021,10.714463161262287,1729822185.3595915
98.69094560812965,986.9094560812965,10.714463171636414,1729822185.3695593
98.84809142518499,988.4809142518499,10.714463175447891,1729822185.3796687
99.00523724225293,990.0523724225293,10.714463176306944,1729822185.3895938
99.16238305932166,991.6238305932166,10.714463176360196,1729822185.3996818
99.31952887638936,993.1952887638936,10.714463176290668,1729822185.4096649
99.47667469344279,994.7667469344278,10.714463175317782,1729822185.4198549
99.63382051043578,996.3382051043578,10.714463171197359,1729822185.4295998
99.79096632726781,997.9096632726781,10.714463160221623,1729822185.4396307
99.94811214376246,999.4811214376246,10.714463137219191,1729822185.4495704
100.10525795964604,1001.0525795964604,10.714463095555084,1729822185.4595816
100.26240377452606,1002.6240377452607,10.714463027130723,1729822185.4695652
100.4195495878698,1004.195495878698,10.714462922383929,1729822185.4797344
100.57669539898279,1005.7669539898279,10.714462770288918,1729822185.4896128
100.73384120698744,1007.3384120698744,10.714462558356317,1729822185.4995637
100.89098701080147,1008.9098701080147,10.714462272633147,1729822185.5096824
101.04813280911651,1010.4813280911651,10.714461897702837,1729822185.5196342
101.2052786003766,1012.052786003766,10.714461416685218,1729822185.5295846
101.36242438275677,1013.6242438275677,10.714460811236536,1729822185.5396235
101.5195701541415,1015.195701541415,10.714460061549442,1729822185.5496995
101.67671591210332,1016.7671591210332,10.714459146353008,1729822185.5596108
101.8338616538813,1018.338616538813,10.714458042912723,1729822185.5695577
101.99100737635963,1019.9100737635963,10.714456727030507,1729822185.5796237
102.14815307604613,1021.4815307604613,10.71445517304472,1729822185.5895674
102.30529874905075,1023.0529874905075,10.71445335383016,1729822185.59963
102.46244439106417,1024.6244439106417,10.714451240798088,1729822185.6098244
102.61958999733628,1026.1958999733629,10.714448803896232,1729822185.6196723
102.77673556265474,1027.7673556265474,10.714446011608809,1729822185.629647
102.93388108132352,1029.338810813235,10.714442830956537,1729822185.639693
103.09102654714144,1030.9102654714143,10.714439227496658,1729822185.649681
103.24817195338068,1032.4817195338069,10.714435165322964,1729822185.6596138
103.40531729276533,1034.0531729276533,10.714430607065822,1729822185.669473
103.56246255744993,1035.6246255744993,10.714425513892198,1729822185.6796644
103.71960773899801,1037.19607738998,10.714419845505702,1729822185.6895993
103.87675282836061,1038.767528283606,10.714413560146616,1729822185.699588
104.03389781585484,1040.3389781585483,10.71440661459194,1729822185.7097235
104.19104269114243,1041.9104269114243,10.714398964155441,1729822185.7196343
104.3481874432082,1043.4818744320821,10.714390562687697,1729822185.7295935
104.5053320603387,1045.053320603387,10.714381362576162,1729822185.739618
104.66247653010068,1046.6247653010068,10.714371314745227,1729822185.7496257
104.81962083931964,1048.1962083931965,10.71436036865628,1729822185.7597868
104.97676497405844,1049.7676497405844,10.714348472307794,1729822185.7695944
105.13390891959574,1051.3390891959575,10.714335572235399,1729822185.7796948
105.29105266040463,1052.9105266040463,10.714321613511974,1729822185.789633
105.44819618013115,1054.4819618013114,10.714306539747742,1729822185.7996287
105.60533946157281,1056.0533946157282,10.71429029309038,1729822185.8096292
105.7624824866572,1057.624824866572,10.714272814225122,1729822185.8197668
105.9196252364205,1059.196252364205,10.714254042374888,1729822185.8295968
106.07676769098603,1060.7676769098603,10.71423391530041,1729822185.839648
106.23390982954285,1062.3390982954286,10.714212369300379,1729822185.849633
106.39105163032427,1063.9105163032427,10.714189339211584,1729822185.85967
106.54819307058644,1065.4819307058644,10.714164758409089,1729822185.869626
106.70533412658688,1067.0533412658688,10.714138558806393,1729822185.8796275
106.86247477356312,1068.6247477356312,10.71411067085562,1729822185.8897305
107.01961498571119,1070.1961498571118,10.714081023547713,1729822185.8996785
107.17675473616423,1071.7675473616423,10.714049544412648,1729822185.9096458
107.33389399697106,1073.3389399697105,10.714016159519648,1729822185.9197888
107.49103273907475,1074.9103273907476,10.713980793477429,1729822185.9296963
107.64817093229124,1076.4817093229124,10.713943369434443,1729822185.9396398
107.80530854528786,1078.0530854528786,10.71390380907915,1729822185.9495714
107.96244554556198,1079.6244554556197,10.713862032640293,1729822185.9595952
108.11958189941959,1081.1958189941959,10.713817958887203,1729822185.969522
108.27671757195388,1082.7671757195387,10.713771505130103,1729822185.9797254
108.43385252702387,1084.3385252702387,10.71372258722045,1729822185.989559
108.590986727233,1085.90986727233,10.713671119551279,1729822185.9995596
108.74812013390775,1087.4812013390774,10.713617015057569,1729822186.0096397
108.90525270707626,1089.0525270707626,10.713560185216638,1729822186.0195932
109.06238440544699,1090.6238440544698,10.71350054004854,1729822186.0296183
109.2195151863873,1092.195151863873,10.713437988116507,1729822186.0397053
109.37664500590212,1093.7664500590213,10.71337243652738,1729822186.049667
109.53377381861259,1095.337738186126,10.713303790932097,1729822186.0595796
109.6909015777347,1096.9090157773471,10.713231955526178,1729822186.0695083
109.84802823505801,1098.4802823505802,10.713156833050244,1729822186.079632
110.00515374092421,1100.0515374092422,10.713078324790558,1729822186.0897343
110.16227804420592,1101.6227804420591,10.712996330579594,1729822186.0996683
110.31940109228529,1103.1940109228528,10.712910748796624,1729822186.1096961
110.47652283103274,1104.7652283103273,10.71282147636834,1729822186.119944
110.63364320478564,1106.3364320478563,10.7127284087695,1729822186.129576
110.79076215632703,1107.9076215632704,10.712631440023596,1729822186.1396134
110.94787962686436,1109.4787962686437,10.712530462703565,1729822186.1496727
111.10499555600822,1111.0499555600823,10.712425367932509,1729822186.159505
111.26210988175106,1112.6210988175105,10.712316045384465,1729822186.1701288
111.41922254044599,1114.1922254044598,10.712202383285199,1729822186.1796615
111.57633346678551,1115.7633346678551,10.712084268413019,1729822186.1897018
111.73344259378037,1117.3344259378036,10.71196158609965,1729822186.1996422
111.89054985273823,1118.9054985273824,10.71183422023111,1729822186.209737
112.04765517324262,1120.4765517324263,10.711702053248645,1729822186.2196407
112.20475848313164,1122.0475848313165,10.711564966149686,1729822186.2295713
112.3618597084769,1123.618597084769,10.711422838488847,1729822186.2396333
112.5189587735623,1125.189587735623,10.711275548378964,1729822186.2495947
112.67605560086295,1126.7605560086295,10.711122972492156,1729822186.2596166
112.83315011102401,1128.3315011102402,10.710964986060953,1729822186.269612
112.99024222283963,1129.9024222283963,10.71080146287943,1729822186.2796268
113.14733185323183,1131.4733185323184,10.710632275304418,1729822186.2896051
113.30441891722951,1133.044189172295,10.71045729425672,1729822186.2995443
113.46150332794733,1134.6150332794732,10.7102763892224,1729822186.3097048
113.6185849965647,1136.185849965647,10.710089428254099,1729822186.3196695
113.77566383230484,1137.7566383230485,10.709896277972401,1729822186.3296041
113.93273974241373,1139.3273974241374,10.709696803567244,1729822186.339735
114.08981263213914,1140.8981263213914,10.709490868799376,1729822186.349614
114.24688240470978,1142.4688240470978,10.709278336001862,1729822186.3596683
114.40394896131428,1144.039489613143,10.709059066081638,1729822186.3695884
114.56101220108036,1145.6101220108035,10.708832918521113,1729822186.3796773
114.71807202105393,1147.1807202105392,10.70859975137982,1729822186.3895495
114.87512831617825,1148.7512831617826,10.708359421296134,1729822186.3995826
115.03218097927315,1150.3218097927315,10.708111783489013,1729822186.4096828
115.18922990101419,1151.8922990101419,10.707856691759824,1729822186.4197526
115.3462749699119,1153.462749699119,10.70759399849421,1729822186.4296021
115.5033160722911,1155.033160722911,10.707323554663999,1729822186.439674
115.6603530922701,1156.6035309227009,10.707045209829207,1729822186.4495955
115.81738591174012,1158.1738591174012,10.706758812140059,1729822186.4595654
115.97441441034456,1159.7441441034457,10.70646420833909,1729822186.4695954
116.13143846545847,1161.3143846545847,10.706161243763313,1729822186.4796314
116.28845795216787,1162.8845795216787,10.705849762346425,1729822186.4896274
116.4454727432493,1164.454727432493,10.7055296066211,1729822186.4997113
116.60248270914923,1166.0248270914922,10.70520061772133,1729822186.5095952
116.75948771796362,1167.5948771796361,10.704862635384838,1729822186.5195599
116.91648763541748,1169.1648763541748,10.704515497955557,1729822186.52963
117.07348232484445,1170.7348232484444,10.704159042386166,1729822186.539702
117.23047164716641,1172.304716471664,10.703793104240713,1729822186.549689
117.38745546087323,1173.8745546087323,10.703417517697293,1729822186.5596647
117.54443362200237,1175.4443362200236,10.7030321155508,1729822186.5697331
117.70140598411876,1177.0140598411876,10.702636729215751,1729822186.579583
117.8583723982945,1178.583723982945,10.70223118872919,1729822186.5895934
118.01533271308874,1180.1533271308874,10.701815322753653,1729822186.5996313
118.17228677452755,1181.7228677452754,10.70138895858022,1729822186.6096175
118.32923442608387,1183.2923442608387,10.700951922131637,1729822186.6197183
118.4861755086575,1184.861755086575,10.700504037965525,1729822186.629516
118.64310986055507,1186.4310986055507,10.700045129277655,1729822186.639627
118.80003731747018,1188.000373174702,10.69957501790531,1729822186.6496067
118.95695771246349,1189.5695771246349,10.699093524330737,1729822186.6595936
119.11387087594288,1191.1387087594287,10.69860046768466,1729822186.6695495
119.27077663564373,1192.7077663564373,10.698095665749909,1729822186.679619
119.42767481660918,1194.276748166092,10.697578934965101,1729822186.689575
119.58456524117047,1195.8456524117046,10.697050090428432,1729822186.6995666
119.74144772892733,1197.4144772892732,10.696508945901543,1729822186.7096686
119.89832209672844,1198.9832209672843,10.695955313813485,1729822186.7197049
120.05518815865196,1200.5518815865196,10.695389005264769,1729822186.7297163
120.21204572598609,1202.1204572598608,10.694809830031502,1729822186.7396178
120.3688946072097,1203.688946072097,10.694217596569638,1729822186.7496645
120.52573460797305,1205.2573460797305,10.693612112019292,1729822186.7596428
120.68256553107855,1206.8256553107856,10.692993182209177,1729822186.7695186
120.8393871764616,1208.393871764616,10.692360611661123,1729822186.7796052
120.99619934117146,1209.9619934117145,10.691714203594698,1729822186.7896333
121.15300181935226,1211.5300181935227,10.69105375993193,1729822186.7996132
121.30979440222399,1213.09794402224,10.690379081302135,1729822186.8096712
121.46657687806368,1214.6657687806369,10.689689967046828,1729822186.8197434
121.62334903218651,1216.233490321865,10.68898621522476,1729822186.8296523
121.78011064692714,1217.8011064692714,10.688267622617053,1729822186.8407254
121.93686150162101,1219.36861501621,10.687533984732434,1729822186.8496275
122.09360137258577,1220.9360137258577,10.686785095812585,1729822186.8596265
122.25033003310274,1222.5033003310275,10.68602074883759,1729822186.8695683
122.40704725339856,1224.0704725339856,10.685240735531515,1729822186.8796618
122.56375280062679,1225.637528006268,10.684444846368077,1729822186.889671
122.72044643884968,1227.2044643884967,10.68363287057643,1729822186.8995888
122.87712792901999,1228.7712792901998,10.68280459614708,1729822186.90962
123.03379702896294,1230.3379702896293,10.681959809837897,1729822186.9196873
123.19045349335819,1231.904534933582,10.681098297180254,1729822186.9296439
123.34709707372197,1233.4709707372197,10.680219842485288,1729822186.9395795
123.50372751838924,1235.0372751838925,10.679324228850263,1729822186.9495904
123.66034457249603,1236.6034457249602,10.678411238165074,1729822186.9597187
123.81694797796179,1238.1694797796179,10.677480651118865,1729822186.969609
123.9735374734719,1239.735374734719,10.676532247206767,1729822186.979656
124.13011279446023,1241.3011279446023,10.675565804736765,1729822186.9896255
124.28667367309187,1242.8667367309188,10.674581100836692,1729822186.999566
124.4432198382459,1244.4321983824589,10.67357791146135,1729822187.0096164
124.59975101549828,1245.9975101549828,10.672556011399758,1729822187.019591
124.75626692710493,1247.5626692710493,10.671515174282526,1729822187.0295637
124.91276729198475,1249.1276729198476,10.670455172589376,1729822187.0396295
125.0692518257029,1250.692518257029,10.669375777656777,1729822187.0495799
125.2257202404542,1252.2572024045419,10.668276759685726,1729822187.0596461
125.38217224504645,1253.8217224504644,10.667157887749664,1729822187.0697203
125.53860754488419,1255.386075448842,10.66601892980252,1729822187.0797071
125.69502584195224,1256.9502584195225,10.664859652686907,1729822187.0897079
125.85142683479967,1258.5142683479967,10.663679822142438,1729822187.0995796
126.00781021852359,1260.0781021852358,10.662479202814204,1729822187.1096337
126.16417568475335,1261.6417568475335,10.661257558261383,1729822187.120036
126.32052292163466,1263.2052292163467,10.660014650965989,1729822187.1296766
126.47685161381402,1264.7685161381403,10.658750242341773,1729822187.1396537
126.63316144242306,1266.3316144242306,10.657464092743265,1729822187.1496713
126.78945208506322,1267.8945208506323,10.656155961474962,1729822187.159678
126.94572321579048,1269.4572321579049,10.654825606800676,1729822187.1695712
127.10197450510022,1271.0197450510022,10.65347278595301,1729822187.1796503
127.25820561991222,1272.5820561991222,10.652097255143005,1729822187.189614
127.41441622355588,1274.1441622355587,10.65069876956993,1729822187.1995544
127.57060597575544,1275.7060597575544,10.649277083431226,1729822187.2097476
127.72677453261552,1277.2677453261551,10.647831949932598,1729822187.219691
127.88292154660667,1278.8292154660667,10.64636312129828,1729822187.2296686
128.03904666655114,1280.3904666655114,10.64487034878144,1729822187.2395997
128.1951495376088,1281.9514953760881,10.643353382674745,1729822187.2495704
128.35122980126326,1283.5122980126325,10.641811972321097,1729822187.2595751
128.50728709530796,1285.0728709530795,10.640245866124515,1729822187.2696185
128.66332105383268,1286.6332105383267,10.638654811561183,1729822187.2796884
128.8193313072101,1288.1933130721009,10.637038555190674,1729822187.2895002
128.97531748208243,1289.7531748208244,10.635396842667307,1729822187.2996423
129.13127920134843,1291.3127920134843,10.633729418751702,1729822187.3096154
129.28721608415037,1292.8721608415037,10.63203602732248,1729822187.3197432
129.4431277458613,1294.4312774586128,10.630316411388135,1729822187.3296192
129.5990137980724,1295.990137980724,10.628570313099077,1729822187.34014
129.7548738485808,1297.548738485808,10.62679747375984,1729822187.3496094
129.91070750137706,1299.1070750137706,10.624997633841467,1729822187.3595862
130.06651435663332,1300.6651435663332,10.623170532994047,1729822187.36967
130.2222940106914,1302.222940106914,10.621315910059456,1729822187.3797138
130.3780460560511,1303.7804605605108,10.619433503084236,1729822187.3896618
130.53377008135874,1305.3377008135874,10.617523049332677,1729822187.3995903
130.68946567139594,1306.8946567139594,10.615584285300047,1729822187.4096704
130.8451324070685,1308.451324070685,10.61361694672603,1729822187.419758
131.00076986539543,1310.0076986539543,10.611620768608304,1729822187.429635
131.15637761949844,1311.5637761949845,10.609595485216328,1729822187.4396615
131.31195523859134,1313.1195523859133,10.60754083010529,1729822187.4495351
131.4675022879698,1314.6750228796982,10.605456536130234,1729822187.4595757
131.6230183290013,1316.230183290013,10.603342335460379,1729822187.4696016
131.77850291911528,1317.7850291911527,10.601197959593607,1729822187.4796588
131.9339556117935,1319.339556117935,10.599023139371136,1729822187.4895601
132.08937595656064,1320.8937595656064,10.596817604992376,1729822187.4995894
132.24476349897512,1322.4476349897511,10.594581086029974,1729822187.5096095
132.4001177806201,1324.001177806201,10.592313311445027,1729822187.5196254
132.55543833909474,1325.5543833909474,10.590014009602495,1729822187.5296938
132.7107247080057,1327.107247080057,10.58768290828679,1729822187.5403743
132.8659764169589,1328.659764169589,10.585319734717563,1729822187.5495682
133.02119299155132,1330.211929915513,10.58292421556565,1729822187.5596545
133.1763739533634,1331.763739533634,10.58049607696924,1729822187.5695565
133.3315188199513,1333.315188199513,10.5780350445502,1729822187.5796928
133.48662710483964,1334.8662710483964,10.57554084343061,1729822187.5895963
133.6416983175144,1336.416983175144,10.573013198249475,1729822187.5996125
133.79673196341608,1337.9673196341607,10.57045183317962,1729822187.6098027
133.95172754393315,1339.5172754393316,10.567856471944793,1729822187.6199348
134.10668455639563,1341.0668455639563,10.565226837836942,1729822187.6295695
134.26160249406914,1342.6160249406914,10.56256265373368,1729822187.6395879
134.41648084614897,1344.1648084614897,10.559863642115959,1729822187.6496427
134.57131909775455,1345.7131909775455,10.557129525085909,1729822187.6596224
134.7261167299242,1347.261167299242,10.554360024384895,1729822187.669594
134.88087321961007,1348.8087321961007,10.551554861411736,1729822187.6796374
135.0355880396734,1350.355880396734,10.548713757241144,1729822187.689536
135.19026065888002,1351.9026065888002,10.545836432642327,1729822187.6995473
135.3448905418962,1353.448905418962,10.542922608097811,1729822187.7096834
135.49947714928467,1354.9947714928467,10.53997200382243,1729822187.7196436
135.65401993750095,1356.5401993750095,10.536984339782514,1729822187.7296302
135.8085183588901,1358.085183588901,10.533959335715288,1729822187.7395837
135.96297186168349,1359.629718616835,10.53089671114843,1729822187.749724
136.1173798899962,1361.1737988999619,10.527796185419843,1729822187.7597249
136.27174188382435,1362.7174188382435,10.52465747769762,1729822187.7695684
136.42605727904302,1364.2605727904302,10.521480307000173,1729822187.7796235
136.58032550740435,1365.8032550740436,10.5182643922166,1729822187.78966
136.73454599653587,1367.3454599653587,10.515009452127195,1729822187.7996569
136.88871816993927,1368.8871816993926,10.511715205424176,1729822187.8096883
137.0428414469894,1370.428414469894,10.508381370732598,1729822187.8196554
137.19691524293358,1371.9691524293357,10.505007666631458,1729822187.829707
137.35093896889128,1373.509389688913,10.501593811674985,1729822187.8396578
137.50491203185402,1375.0491203185402,10.498139524414112,1729822187.8495653
137.65883383468562,1376.5883383468563,10.494644523418163,1729822187.8595862
137.81270377612293,1378.1270377612293,10.491108527296698,1729822187.8696241
137.96652125077657,1379.6652125077658,10.48753125472156,1729822187.8796144
138.12028564913223,1381.2028564913223,10.483912424449116,1729822187.8897452
138.2739963575523,1382.739963575523,10.48025175534267,1729822187.8996072
138.42765275827773,1384.2765275827774,10.476548966395065,1729822187.9099846
138.58125422943021,1385.8125422943021,10.47280377675148,1729822187.9195971
138.73480014501482,1387.348001450148,10.469015905732405,1729822187.9296818
138.8882898749229,1388.8828987492288,10.46518507285679,1729822187.9395852
139.04172278493527,1390.4172278493527,10.461310997865397,1729822187.9496489
139.19509823672598,1391.9509823672597,10.457393400744309,1729822187.9595993
139.34841558786604,1393.4841558786604,10.453432001748643,1729822187.9695694
139.50167419182785,1395.0167419182785,10.449426521426428,1729822187.9796329
139.65487339798983,1396.5487339798983,10.445376680642669,1729822187.9895945
139.8080125516414,1398.0801255164142,10.441282200603576,1729822187.9995642
139.96109099398842,1399.610909939884,10.437142802880986,1729822188.0096028
140.11410806215878,1401.1410806215877,10.432958209436954,1729822188.019618
140.26706308920856,1402.6706308920857,10.428728142648504,1729822188.029713
140.41995540412853,1404.1995540412854,10.424452325332577,1729822188.0396292
140.57278433185087,1405.7278433185088,10.420130480771132,1729822188.0496273
140.72554919325643,1407.2554919325644,10.415762332736419,1729822188.059681
140.87824930518227,1408.7824930518227,10.411347605516422,1729822188.0695372
141.0308839804296,1410.308839804296,10.406886023940478,1729822188.0796905
141.18345252777212,1411.8345252777212,10.402377313405038,1729822188.0896158
141.3359542519647,1413.359542519647,10.397821199899616,1729822188.099664
141.48838845375244,1414.8838845375244,10.39321741003288,1729822188.1096156
141.64075442988016,1416.4075442988017,10.388565671058922,1729822188.1197546
141.79305147310228,1417.9305147310229,10.38386571090366,1729822188.129647
141.945278872193,1419.4527887219301,10.379117258191423,1729822188.13966
142.09743591195698,1420.9743591195697,10.374320042271673,1729822188.149641
142.24952187324038,1422.4952187324038,10.369473793245884,1729822188.1596916
142.40153603294223,1424.0153603294223,10.364578241994572,1729822188.1696084
142.55347766402633,1425.5347766402633,10.359633120204471,1729822188.1796398
142.7053460355334,1427.0534603553342,10.354638160395854,1729822188.1895943
142.8571404125938,1428.571404125938,10.349593095950002,1729822188.1995556
143.0088600564404,1430.088600564404,10.344497661136808,1729822188.2096703
143.1605042244222,1431.605042244222,10.33935159114253,1729822188.2196553
143.31207217001813,1433.1207217001813,10.334154622097662,1729822188.2296402
143.46356314285123,1434.6356314285122,10.328906491104958,1729822188.239662
143.61497638870338,1436.1497638870337,10.32360693626758,1729822188.249619
143.76631114953042,1437.6631114953043,10.318255696717378,1729822188.2596219
143.9175666634776,1439.175666634776,10.312852512643278,1729822188.2695374
144.06874216489553,1440.6874216489553,10.30739712531983,1729822188.279632
144.21983688435648,1442.1983688435648,10.30188927713584,1729822188.2896333
144.37085004867126,1443.7085004867126,10.29632871162314,1729822188.29955
144.52178088090622,1445.2178088090623,10.290715173485468,1729822188.3096123
144.67262860040103,1446.7262860040103,10.285048408627471,1729822188.3199847
144.82339242278667,1448.2339242278667,10.279328164183788,1729822188.3296306
144.97407156000384,1449.7407156000384,10.273554188548275,1729822188.3396997
145.12466522032196,1451.2466522032196,10.267726231403305,1729822188.3497143
145.27517260835842,1452.7517260835841,10.261844043749191,1729822188.3596327
145.42559292509836,1454.2559292509836,10.255907377933678,1729822188.3695846
145.5759253679149,1455.759253679149,10.249915987681561,1729822188.3796277
145.7261691305897,1457.261691305897,10.243869628124365,1729822188.3896704
145.87632340333414,1458.7632340333414,10.237768055830127,1729822188.399603
146.02638737281072,1460.2638737281072,10.231611028833253,1729822188.409719
146.17636022215507,1461.7636022215506,10.225398306664466,1729822188.4198923
146.3262411309983,1463.2624113099832,10.219129650380816,1729822188.4295905
146.47602927548988,1464.7602927548987,10.212804822595766,1729822188.4396281
146.62572382832082,1466.2572382832082,10.206423587509363,1729822188.4495826
146.77532395874744,1467.7532395874744,10.199985710938444,1729822188.4595945
146.92482883261556,1469.2482883261555,10.193490960346933,1729822188.4696136
147.07423761238505,1470.7423761238506,10.186939104876169,1729822188.4796762
147.2235494571549,1472.2354945715488,10.180329915375312,1729822188.4896684
147.37276352268867,1473.7276352268868,10.173663164431776,1729822188.499585
147.5218789614405,1475.218789614405,10.166938626401725,1729822188.5097046
147.6708949225815,1476.708949225815,10.160156077440599,1729822188.519567
147.81981055202652,1478.1981055202652,10.153315295533675,1729822188.529657
147.96862499246146,1479.6862499246145,10.146416060526677,1729822188.5398662
148.11733738337102,1481.1733738337102,10.139458154156396,1729822188.5496206
148.26594686106694,1482.6594686106694,10.13244136008134,1729822188.5597165
148.4144525587165,1484.144525587165,10.125365463912413,1729822188.5699077
148.56285360637176,1485.6285360637175,10.118230253243592,1729822188.5796657
148.71114913099896,1487.1114913099896,10.11103551768263,1729822188.5896325
148.8593382565086,1488.5933825650861,10.103781048881759,1729822188.599576
149.00742010378582,1490.074201037858,10.096466640568389,1729822188.6096694
149.15539379072132,1491.5539379072131,10.089092088575823,1729822188.6197264
149.3032584322427,1493.032584322427,10.081657190873937,1729822188.6295419
149.45101314034622,1494.5101314034623,10.074161747599865,1729822188.639734
149.59865702412904,1495.9865702412903,10.066605561088668,1729822188.6496396
149.7461891898219,1497.4618918982192,10.058988435903977,1729822188.6596694
149.89360874082232,1498.936087408223,10.051310178868603,1729822188.669507
150.04091477772806,1500.4091477772806,10.043570599095117,1729822188.6796515
150.18810639837127,1501.8810639837127,10.035769508016406,1729822188.6895728
150.33518269785293,1503.3518269785293,10.02790671941617,1729822188.6996083
150.48214276857775,1504.8214276857775,10.019982049459381,1729822188.709662
150.62898570028952,1506.2898570028951,10.011995316722683,1729822188.7195888
150.77571058010702,1507.75710580107,10.003946342224745,1729822188.729651
150.9223164925602,1509.223164925602,9.99583494945655,1729822188.7396297
151.06880251962696,1510.6880251962696,9.987660964411589,1729822188.7495732
151.21516774077014,1512.1516774077013,9.979424215616033,1729822188.7596273
151.36141123297529,1513.614112329753,9.971124534158776,1729822188.7695756
151.50753207078859,1515.0753207078858,9.962761753721427,1729822188.779658
151.65352932635537,1516.5352932635537,9.954335710608197,1729822188.7895646
151.79940206945895,1517.9940206945894,9.945846243775689,1729822188.7995727
151.94514936756005,1519.4514936756004,9.937293194862606,1729822188.8096597
152.09077028583647,1520.9077028583647,9.928676408219333,1729822188.8196783
152.2362638872234,1522.3626388722341,9.919995730937421,1729822188.829646
152.381629232454,1523.81629232454,9.911251012878934,1729822188.8397465
152.52686538010042,1525.2686538010041,9.902442106705704,1729822188.8496315
152.67197138661538,1526.7197138661538,9.893568867908439,1729822188.8596296
152.816946306374,1528.16946306374,9.884631154835686,1729822188.8696365
152.96178919171624,1529.6178919171623,9.875628828722684,1729822188.879675
153.1064990929895,1531.064990929895,9.866561753720045,1729822188.8895812
153.25107505859202,1532.5107505859203,9.857429796922295,1729822188.8996549
153.39551613501627,1533.9551613501626,9.84823282839626,1729822188.9096842
153.53982136689302,1535.39821366893,9.838970721209277,1729822188.9196098
153.68398979703585,1536.8398979703584,9.829643351457259,1729822188.9295654
153.82802046648584,1538.2802046648585,9.820250598292562,1729822188.93961
153.97191241455687,1539.7191241455687,9.810792343951677,1729822188.9496477
154.1156646788813,1541.156646788813,9.801268473782757,1729822188.9596903
154.25927629545595,1542.5927629545595,9.791678876272911,1729822188.969659
154.4027462986885,1544.027462986885,9.78202344307534,1729822188.979676
154.54607372144443,1545.4607372144442,9.772302069036252,1729822188.9896507
154.68925759509418,1546.8925759509418,9.762514652221554,1729822188.9996536
154.8322969495607,1548.3229694956071,9.75266109394336,1729822189.009636
154.97519081336762,1549.7519081336761,9.742741298786239,1729822189.0196793
155.1179382136874,1551.1793821368742,9.73275517463327,1729822189.0296235
155.2605381763903,1552.605381763903,9.722702632691842,1729822189.0396018
155.40298972609335,1554.0298972609335,9.712583587519216,1729822189.0495787
155.54529188620998,1555.4529188620998,9.702397957047848,1729822189.0596254
155.68744367899978,1556.8744367899978,9.692145662610463,1729822189.0695412
155.82944412561883,1558.2944412561883,9.681826628964854,1729822189.0797226
155.9712922461702,1559.712922461702,9.67144078431844,1729822189.08968
156.11298705975497,1561.1298705975496,9.660988060352533,1729822189.0996375
156.25452758452354,1562.5452758452354,9.650468392246351,1729822189.109642
156.39591283772722,1563.9591283772722,9.639881718700726,1729822189.1196094
156.53714183577026,1565.3714183577026,9.629227981961547,1729822189.129551
156.6782135942622,1566.7821359426218,9.61850712784289,1729822189.1396244
156.81912712807048,1568.1912712807048,9.60771910574986,1729822189.1496358
156.95988145137355,1569.5988145137355,9.596863868701133,1729822189.1595247
157.10047557771406,1571.0047557771406,9.58594137335117,1729822189.1697712
157.24090852005264,1572.4090852005265,9.574951580012126,1729822189.1796627
157.3811792908217,1573.811792908217,9.563894452675433,1729822189.1895473
157.52128690197986,1575.2128690197987,9.552769959033062,1729822189.1995327
157.66123036506644,1576.6123036506644,9.541578070498437,1729822189.2097375
157.8010086912564,1578.010086912564,9.53031876222701,1729822189.2196507
157.94062089141548,1579.4062089141548,9.51899201313651,1729822189.2296329
158.08006597615565,1580.8006597615565,9.507597805926814,1729822189.2396712
158.219342955891,1582.1934295589099,9.49613612709948,1729822189.2496264
158.35845084089357,1583.5845084089356,9.4846069669769,1729822189.2596269
158.49738864134983,1584.9738864134983,9.473010319721114,1729822189.2696302
158.6361553674172,1586.3615536741718,9.461346183352207,1729822189.2796555
158.7747500292809,1587.747500292809,9.449614559766372,1729822189.2895179
158.91317163721115,1589.1317163721114,9.437815454753544,1729822189.299657
159.05141920162032,1590.5141920162032,9.425948878014685,1729822189.309722
159.18949173312078,1591.8949173312078,9.414014843178647,1729822189.3196325
159.32738824258257,1593.2738824258258,9.402013367818636,1729822189.329559
159.4651077411916,1594.6510774119158,9.38994447346828,1729822189.3396668
159.60264924050787,1596.0264924050787,9.37780818563728,1729822189.3495772
159.74001175252414,1597.4001175252415,9.36560453382664,1729822189.3596306
159.87719428972457,1598.7719428972457,9.353333551543486,1729822189.3695076
160.0141958651437,1600.141958651437,9.34099527631544,1729822189.3796487
160.1510154924257,1601.510154924257,9.328589749704587,1729822189.3896303
160.28765218588364,1602.8765218588364,9.31611701732098,1729822189.3995972
160.42410496055913,1604.2410496055913,9.303577128835723,1729822189.4096253
160.56037283228204,1605.6037283228204,9.29097013799359,1729822189.4196424
160.69645481773043,1606.9645481773043,9.278296102625207,1729822189.4295986
160.8323499344906,1608.323499344906,9.265555084658773,1729822189.439619
160.96805720111743,1609.6805720111743,9.252747150131322,1729822189.449588
161.10357563719478,1611.0357563719479,9.23987236919951,1729822189.459653
161.238904263396,1612.38904263396,9.226930816149947,1729822189.4696298
161.37404210154475,1613.7404210154475,9.21392256940905,1729822189.47964
161.50898817467578,1615.0898817467578,9.200847711552402,1729822189.4895859
161.6437415070959,1616.437415070959,9.187706329313665,1729822189.499648
161.77830112444522,1617.7830112444522,9.174498513592962,1729822189.5097387
161.9126660537582,1619.1266605375818,9.161224359464805,1729822189.5198226
162.04683532352504,1620.4683532352506,9.147883966185509,1729822189.5296328
162.18080796375324,1621.8080796375325,9.134477437200106,1729822189.5396323
162.31458300602893,1623.1458300602892,9.121004880148776,1729822189.54957
162.4481594835786,1624.481594835786,9.107466406872748,1729822189.5595636
162.58153643133082,1625.8153643133082,9.093862133419709,1729822189.5695634
162.71471288597795,1627.1471288597795,9.08019218004868,1729822189.5796318
162.84768788603793,1628.4768788603792,9.066456671234407,1729822189.5896049
162.9804604719163,1629.804604719163,9.052655735671205,1729822189.5996375
163.113029685968,1631.1302968596801,9.038789506276283,1729822189.6096702
163.24539457255943,1632.4539457255944,9.024858120192558,1729822189.619681
163.37755417813042,1633.7755417813041,9.010861718790919,1729822189.629569
163.5095075512563,1635.095075512563,8.996800447671976,1729822189.6396322
163.6412537427099,1636.4125374270989,8.982674456667269,1729822189.6495752
163.77279180552367,1637.7279180552366,8.968483899839928,1729822189.659572
163.90412079505174,1639.0412079505174,8.954228935484815,1729822189.6695206
164.03523976903193,1640.3523976903193,8.939909726128102,1729822189.67965
164.16614778764787,1641.6614778764788,8.925526438526317,1729822189.689629
164.29684391359092,1642.9684391359092,8.911079243664837,1729822189.6996503
164.4273272121223,1644.2732721212228,8.896568316755838,1729822189.7095892
164.55759675113487,1645.5759675113486,8.881993837235681,1729822189.7199378
164.68765160121524,1646.8765160121525,8.867355988761762,1729822189.72962
164.81749083570546,1648.1749083570546,8.852654959208788,1729822189.7396731
164.9471135307649,1649.471135307649,8.837890940664513,1729822189.7495773
165.07651876543196,1650.7651876543196,8.823064129424905,1729822189.7595763
165.2057056216856,1652.0570562168562,8.808174725988758,1729822189.769634
165.33467318450712,1653.3467318450712,8.793222935051741,1729822189.7796624
165.46342054194142,1654.6342054194142,8.778208965499886,1729822189.7895784
165.59194678515843,1655.9194678515842,8.76313303040251,1729822189.7995536
165.72025100851434,1657.2025100851433,8.747995347004576,1729822189.8100495
165.84833230961274,1658.4833230961274,8.732796136718491,1729822189.8197138
165.97618978936563,1659.7618978936564,8.71753562511533,1729822189.8295527
166.1038225520542,1661.038225520542,8.702214041915497,1729822189.8396077
166.2312297053896,1662.3122970538961,8.686831620978834,1729822189.8498552
166.35841036057354,1663.5841036057354,8.671388600294136,1729822189.8595996
166.48536363235857,1664.8536363235858,8.655885221968116,1729822189.8695526
166.61208863910844,1666.1208863910842,8.640321732213808,1729822189.8796093
166.738584502858,1667.38584502858,8.624698381338376,1729822189.8896766
166.86485034937323,1668.6485034937323,8.609015423730405,1729822189.8995764
166.99088530821075,1669.9088530821075,8.593273117846563,1729822189.9096136
167.1166885127774,1671.1668851277739,8.577471726197752,1729822189.9198353
167.24225910038933,1672.4225910038933,8.56161151533466,1729822189.9295137
167.3675962123313,1673.6759621233132,8.545692755832764,1729822189.9396317
167.4926989939152,1674.926989939152,8.529715722276766,1729822189.9496443
167.61756659453883,1676.1756659453883,8.513680693244458,1729822189.9596076
167.74219816774402,1677.4219816774403,8.497587951290038,1729822189.969603
167.86659287127486,1678.6659287127486,8.481437782926864,1729822189.979604
167.9907498671355,1679.907498671355,8.465230478609643,1729822189.9897773
168.11466832164754,1681.1466832164754,8.448966332716056,1729822189.9995403
168.23834740550748,1682.3834740550749,8.432645643527856,1729822190.0095685
168.36178629384355,1683.6178629384356,8.416268713211375,1729822190.0196457
168.48498416627245,1684.8498416627244,8.399835847797515,1729822190.0295975
168.60794020695573,1686.0794020695573,8.383347357161158,1729822190.0396976
168.73065360465586,1687.3065360465584,8.366803555000057,1729822190.0497272
168.85312355279194,1688.5312355279193,8.350204758813152,1729822190.0595667
168.9753492494952,1689.7534924949518,8.33355128987838,1729822190.0696864
169.09732989766403,1690.9732989766403,8.316843473229907,1729822190.079641
169.21906470501872,1692.1906470501872,8.30008163763485,1729822190.0896437
169.34055288415595,1693.4055288415595,8.283266115569466,1729822190.099666
169.46179365260272,1694.6179365260273,8.266397243194781,1729822190.1098273
169.5827862328701,1695.827862328701,8.249475360331733,1729822190.1196442
169.7035298525065,1697.0352985250652,8.232500810435749,1729822190.1296632
169.82402374415068,1698.240237441507,8.215473940570831,1729822190.1396935
169.94426714558415,1699.4426714558415,8.198395101383117,1729822190.1496086
170.0642592997834,1700.642592997834,8.18126464707392,1729822190.1595259
170.18399945497163,1701.8399945497163,8.16408293537227,1729822190.169623
170.30348686467008,1703.0348686467007,8.146850327506938,1729822190.1796777
170.42272078774891,1704.227207877489,8.12956718817796,1729822190.1897907
170.54170048847777,1705.4170048847777,8.112233885527681,1729822190.1997445
170.66042523657578,1706.6042523657577,8.094850791111277,1729822190.209722
170.7788943072611,1707.7889430726111,8.077418279866807,1729822190.2196906
170.89710698130025,1708.9710698130025,8.059936730084791,1729822190.2296028
171.01506254505668,1710.1506254505668,8.04240652337728,1729822190.2396817
171.1327602905391,1711.327602905391,8.024828044646473,1729822190.2496035
171.25019951544925,1712.5019951544925,8.007201682052855,1729822190.259614
171.36737952322926,1713.6737952322926,7.9895278269828784,1729822190.2695756
171.4842996231084,1714.842996231084,7.971806874016175,1729822190.2796853
171.60095913014945,1716.0095913014945,7.954039220892323,1729822190.2896597
171.71735736529462,1717.1735736529463,7.936225268477169,1729822190.29958
171.83349365541082,1718.3349365541083,7.918365420728685,1729822190.3095794
171.94936733333455,1719.4936733333454,7.900460084662416,1729822190.319686
172.0649777379162,1720.649777379162,7.882509670316478,1729822190.3296416
172.18032421406386,1721.8032421406385,7.864514590716141,1729822190.3396204
172.29540611278665,1722.9540611278665,7.846475261837983,1729822190.3496587
172.41022279123746,1724.1022279123745,7.8283921025736385,1729822190.3597517
172.52477361275515,1725.2477361275514,7.810265534693129,1729822190.369535
172.6390579469062,1726.390579469062,7.7920959828078,1729822190.3796923
172.75307516952589,1727.530751695259,7.77388387433288,1729822190.3896801
172.8668246627588,1728.668246627588,7.755629639449613,1729822190.3996305
172.98030581509892,1729.8030581509893,7.7373337110670395,1729822190.409826
173.09351802142896,1730.9351802142896,7.718996524783392,1729822190.4195902
173.20646068305933,1732.0646068305932,7.70061851884713,1729822190.429651
173.31913320776638,1733.191332077664,7.6822001341176005,1729822190.4396255
173.43153500983016,1734.3153500983017,7.6637418140253555,1729822190.4496596
173.54366551007143,1735.4366551007142,7.645244004532112,1729822190.459645
173.65552413588833,1736.5552413588832,7.626707154090394,1729822190.4696157
173.76711032129222,1737.6711032129222,7.608131713602813,1729822190.4796212
173.87842350694308,1738.784235069431,7.589518136381034,1729822190.489571
173.98946314018417,1739.8946314018417,7.570866878104433,1729822190.4995453
174.1002286750762,1741.002286750762,7.552178396778438,1729822190.5095398
174.2107195724308,1742.107195724308,7.5334531526925534,1729822190.519559
174.3209352998434,1743.209352998434,7.514691608378115,1729822190.529571
174.4308753317255,1744.308753317255,7.495894228565729,1729822190.5396929
174.5405391493363,1745.405391493363,7.47706148014245,1729822190.5497057
174.6499262408137,1746.499262408137,7.458193832108681,1729822190.5596147
174.7590361012046,1747.590361012046,7.439291755534804,1729822190.5697055
174.86786823249471,1748.6786823249472,7.420355723517571,1729822190.5797012
174.9764221436376,1749.764221436376,7.401386211136213,1729822190.5896876
175.08469735058304,1750.8469735058304,7.382383695408345,1729822190.5996387
175.19269337630493,1751.9269337630494,7.363348655245619,1729822190.6096773
175.30040975082832,1753.0040975082832,7.3442815714091525,1729822190.6196811
175.4078460112559,1754.0784601125592,7.325182926464745,1729822190.6295323
175.51500170179384,1755.1500170179384,7.3060532047378866,1729822190.6396446
175.62187637377687,1756.2187637377688,7.286892892268571,1729822190.6496058
175.72846958569286,1757.2846958569287,7.267702476765897,1729822190.659668
175.83478090320654,1758.3478090320655,7.248482447562517,1729822190.6697152
175.94080989918265,1759.4080989918266,7.229233295568892,1729822190.6796985
176.0465561537085,1760.465561537085,7.209955513227376,1729822190.6896272
176.15201925411566,1761.5201925411566,7.190649594466158,1729822190.6996534
176.2571987950011,1762.5719879500111,7.171316034653047,1729822190.709581
176.36209437824766,1763.6209437824766,7.151955330549107,1729822190.7196598
176.46670561304379,1764.667056130438,7.132567980262181,1729822190.7296543
176.57103211590254,1765.7103211590254,7.113154483200264,1729822190.7396326
176.67507351068008,1766.7507351068007,7.0937153400248,1729822190.7496037
176.7788294285933,1767.788294285933,7.074251052603818,1729822190.7595735
176.88229950823685,1768.8229950823686,7.054762123965014,1729822190.7696052
176.98548339559946,1769.8548339559945,7.0352490582487315,1729822190.7797277
177.08838074407956,1770.8838074407956,7.015712360660856,1729822190.7896423
177.19099121450023,1771.9099121450022,6.996152537425633,1729822190.7996576
177.2933144751234,1772.933144751234,6.976570095738436,1729822190.809635
177.39535020166346,1773.9535020166345,6.956965543718474,1729822190.8195972
177.49709807730008,1774.9709807730007,6.937339390361443,1729822190.8296223
177.59855779269037,1775.9855779269037,6.917692145492153,1729822190.8396065
177.69972904598038,1776.9972904598037,6.898024319717117,1729822190.8495493
177.8006115428158,1778.006115428158,6.87833642437712,1729822190.8596191
177.9012049963521,1779.0120499635211,6.858628971499782,1729822190.8695495
178.0015091272639,1780.015091272639,6.838902473752113,1729822190.8796854
178.10152366375357,1781.0152366375357,6.819157444393069,1729822190.8895793
178.20124834155936,1782.0124834155936,6.799394397226123,1729822190.8995829
178.30068290396258,1783.0068290396257,6.779613846551867,1729822190.9096758
178.39982710179422,1783.9982710179422,6.759816307120634,1729822190.9195993
178.49868069344086,1784.9868069344086,6.740002294085157,1729822190.929551
178.5972434448499,1785.9724344484991,6.720172322953284,1729822190.9396567
178.69551512953407,1786.9551512953408,6.700326909540747,1729822190.9495525
178.79349552857516,1787.9349552857516,6.680466569923983,1729822190.9596868
178.89118443062733,1788.9118443062735,6.660591820393045,1729822190.969682
178.98858163191937,1789.8858163191937,6.640703177404576,1729822190.9799962
179.0856869362566,1790.856869362566,6.620801157534888,1729822190.9896438
179.1825001550218,1791.825001550218,6.600886277433123,1729822190.9996665
179.27902110717582,1792.7902110717582,6.580959053774524,1729822191.0095892
179.37524961925695,1793.7524961925694,6.561020003213817,1729822191.0196443
179.47118552538024,1794.7118552538022,6.541069642338731,1729822191.029684
179.56682866723565,1795.6682866723565,6.521108487623611,1729822191.039626
179.66217889408586,1796.6217889408586,6.501137055383204,1729822191.0495906
179.75723606276304,1797.5723606276304,6.481155861726559,1729822191.0596783
179.8520000376654,1798.520000376654,6.461165422511117,1729822191.069691
179.94647069075262,1799.4647069075263,6.441166253296915,1729822191.0795658
180.040647901541,1800.40647901541,6.421158869300992,1729822191.0897608
180.13453155709763,1801.3453155709763,6.401143785351951,1729822191.0996053
180.22812155203408,1802.2812155203408,6.3811215158447245,1729822191.1096108
180.32141778849936,1803.2141778849937,6.3610925746954985,1729822191.1195498
180.41442017617229,1804.1442017617228,6.3410574752968705,1729822191.1296515
180.5071286322531,1805.0712863225313,6.321016730473176,1729822191.1396396
180.59954308145453,1805.9954308145452,6.300970852436057,1729822191.1496406
180.69166345599206,1806.9166345599206,6.2809203527402335,1729822191.159531
180.78348969557376,1807.8348969557376,6.2608657422395035,1729822191.1695518
180.8750217473893,1808.750217473893,6.240807531042978,1729822191.1796753
180.96625956609842,1809.6625956609842,6.220746228471561,1729822191.18961
181.0572031138187,1810.572031138187,6.200682343014657,1729822191.199626
181.14785236011278,1811.4785236011278,6.18061638228716,1729822191.2096205
181.23820728197487,1812.3820728197486,6.16054885298668,1729822191.219802
181.32826786381668,1813.2826786381668,6.140480260851047,1729822191.2295125
181.41803409745276,1814.1803409745276,6.1204111106160815,1729822191.239641
181.5075059820851,1815.075059820851,6.100341905973649,1729822191.2495952
181.5966835242873,1815.966835242873,6.080273149530018,1729822191.2597036
181.685566737988,1816.85566737988,6.060205342764456,1729822191.2695546
181.7741556444538,1817.741556444538,6.040138985988189,1729822191.279653
181.86245027227142,1818.6245027227142,6.0200745783036185,1729822191.2895632
181.95045065732944,1819.5045065732943,6.000012617563869,1729822191.2995808
182.03815684279945,1820.3815684279946,5.979953600332657,1729822191.3095748
182.12556887911643,1821.2556887911642,5.959898021844449,1729822191.3196557
182.2126868239588,1822.126868239588,5.9398463759649935,1729822191.329601
182.29951074222765,1822.9951074222765,5.919799155152132,1729822191.3396873
182.38604070602565,1823.8604070602564,5.899756850416997,1729822191.3496387
182.47227679463518,1824.7227679463517,5.879719951285525,1729822191.3596811
182.55821909449597,1825.5821909449596,5.859688945760315,1729822191.369557
182.64386769918227,1826.4386769918226,5.839664320282863,1729822191.3796935
182.72922270937937,1827.2922270937938,5.819646559696137,1729822191.3897269
182.81428423285962,1828.142842328596,5.799636147207504,1729822191.399627
182.8990523844579,1828.990523844579,5.7796335643520615,1729822191.409628
182.98352728604655,1829.8352728604655,5.759639290956298,1729822191.4195747
183.06770906650985,1830.6770906650986,5.739653805102152,1729822191.4295788
183.1515978617178,1831.515978617178,5.71967758309146,1729822191.439639
183.23519381449952,1832.3519381449953,5.69971109941078,1729822191.4496086
183.31849707461623,1833.1849707461624,5.679754826696594,1729822191.4595737
183.4015077987335,1834.015077987335,5.659809235700925,1729822191.4696114
183.48422615039308,1834.8422615039308,5.639874795257324,1729822191.479635
183.56665229998444,1835.6665229998443,5.6199519722472955,1729822191.4896517
183.64878642471547,1836.4878642471547,5.600041231567087,1729822191.4995792
183.73062870858297,1837.3062870858298,5.5801430360949205,1729822191.5096643
183.81217934234255,1838.1217934234255,5.560257846658615,1729822191.519632
183.89343852347812,1838.9343852347813,5.540386122003642,1729822191.5296574
183.9744064561709,1839.744064561709,5.520528318761565,1729822191.5396452
184.05508335126788,1840.5508335126788,5.500684891418947,1729822191.5496156
184.13546942624995,1841.3546942624996,5.480856292286645,1729822191.5596151
184.2155649051996,1842.155649051996,5.461042971469569,1729822191.5696754
184.29537001876807,1842.9537001876806,5.441245376836815,1729822191.5796232
184.3748850041421,1843.748850041421,5.421463953992293,1729822191.5895686
184.45411010501033,1844.5411010501034,5.401699146245748,1729822191.5996492
184.53304557152927,1845.3304557152928,5.381951394584246,1729822191.6096463
184.61169166028876,1846.1169166028876,5.362221137644061,1729822191.6197846
184.69004863427708,1846.9004863427708,5.342508811683058,1729822191.6295743
184.7681167628457,1847.681167628457,5.322814850553478,1729822191.639681
184.8458963216736,1848.4589632167358,5.303139685675192,1729822191.6496415
184.9233875927312,1849.2338759273118,5.2834837460093915,1729822191.6595318
185.00059086424392,1850.0059086424392,5.263847458032729,1729822191.6695242
185.0775064306554,1850.775064306554,5.244231245711921,1729822191.6796985
185.15413459259028,1851.5413459259028,5.224635530478789,1729822191.689685
185.23047565681665,1852.3047565681666,5.205060731205774,1729822191.69958
185.30652993620822,1853.0652993620822,5.1855072641818865,1729822191.7095704
185.38229774970605,1853.8229774970605,5.165975543089121,1729822191.719737
185.45777942227994,1854.5777942227994,5.146465978979337,1729822191.7296138
185.5329752848896,1855.329752848896,5.1269789802515975,1729822191.739668
185.60788567444533,1856.0788567444533,5.107514952629937,1729822191.749636
185.68251093376855,1856.8251093376855,5.08807429914165,1729822191.7595968
185.75685141155188,1857.5685141155188,5.0686574200959695,1729822191.7696514
185.83090746231898,1858.3090746231896,5.049264713063273,1729822191.7796311
185.90467944638405,1859.0467944638406,5.029896572854702,1729822191.7898114
185.9781677298112,1859.7816772981118,5.010553391502279,1729822191.7995915
186.05137268437323,1860.5137268437325,4.991235558239445,1729822191.8097382
186.12429468751043,1861.2429468751043,4.971943459482103,1729822191.8196807
186.1969341222889,1861.969341222889,4.952677478810113,1729822191.8296514
186.26929137735874,1862.6929137735874,4.933437996949231,1729822191.8396578
186.34136684691197,1863.4136684691198,4.914225391753523,1729822191.8496013
186.41316093064006,1864.1316093064006,4.895040038188236,1729822191.8596632
186.4846740336914,1864.8467403369139,4.87588230831315,1729822191.8696783
186.55590656662838,1865.559065666284,4.85675257126636,1729822191.879622
186.62685894538438,1866.2685894538438,4.837651193248543,1729822191.8896754
186.69753159122044,1866.9753159122045,4.818578537507678,1729822191.8995767
186.7679249306817,1867.679249306817,4.799534964324209,1729822191.9096022
186.83803939555366,1868.3803939555366,4.780520830996697,1729822191.9197173
186.90787542281836,1869.0787542281837,4.7615364918279015,1729822191.9296403
186.97743345461006,1869.7743345461006,4.742582298111333,1729822191.9396214
187.04671393817108,1870.4671393817107,4.723658598118258,1729822191.9496078
187.1157173258072,1871.157173258072,4.704765737085148,1729822191.9596012
187.18444407484296,1871.8444407484296,4.685904057201584,1729822191.9695885
187.25289464757688,1872.5289464757689,4.66707389759864,1729822191.9797344
187.32106951123635,1873.2106951123635,4.648275594337661,1729822191.9897346
187.38896913793252,1873.889691379325,4.629509480399548,1729822191.999536
187.45659400461494,1874.5659400461495,4.610775885674428,1729822192.0095742
187.52394459302607,1875.2394459302607,4.592075136951828,1729822192.0198941
187.59102138965568,1875.9102138965568,4.5734075579112465,1729822192.029627
187.65782488569513,1876.5782488569514,4.554773469113197,1729822192.0395787
187.72435557699143,1877.2435557699143,4.5361731879906495,1729822192.0495753
187.79061396400132,1877.9061396400132,4.517607028840976,1729822192.0596397
187.85660055174517,1878.5660055174517,4.49907530281824,1729822192.069635
187.9223158497607,1879.223158497607,4.480578317925995,1729822192.0796046
187.98776037205673,1879.8776037205673,4.46211637901048,1729822192.0895677
188.05293463706678,1880.5293463706678,4.443689787754248,1729822192.0995429
188.11783916760257,1881.1783916760257,4.4252988426701885,1729822192.1095898
188.18247449080744,1881.8247449080743,4.406943839096043,1729822192.1198673
188.24684113810972,1882.4684113810972,4.388625069189266,1729822192.1296146
188.310939645176,1883.10939645176,4.370342821922344,1729822192.1396186
188.3747705518644,1883.7477055186441,4.352097383078524,1729822192.1496563
188.43833440217767,1884.3833440217768,4.333889035247941,1729822192.159619
188.50163174421635,1885.0163174421637,4.31571805782416,1729822192.1696005
188.56466313013186,1885.6466313013186,4.2975847270011345,1729822192.1797934
188.62742911607947,1886.2742911607947,4.279489315770542,1729822192.1896012
188.68993026217137,1886.8993026217138,4.261432093919556,1729822192.1995845
188.75216713242958,1887.5216713242958,4.243413328028969,1729822192.2096543
188.81414029473893,1888.1414029473895,4.225433281471765,1729822192.2195961
188.87585032080005,1888.7585032080005,4.207492214412022,1729822192.229687
188.93729778608218,1889.3729778608217,4.189590383804238,1729822192.2397134
188.99848326977622,1889.9848326977622,4.171728043393052,1729822192.2496796
189.05940735474752,1890.594073547475,4.153905443713291,1729822192.2595904
189.12007062748893,1891.2007062748894,4.136122832090468,1729822192.269541
189.1804736780737,1891.804736780737,4.11838045264159,1729822192.2797923
189.24061710010838,1892.4061710010837,4.100678546276362,1729822192.2895854
189.30050149068586,1893.0050149068586,4.083017350698775,1729822192.2995746
189.36012745033844,1893.6012745033845,4.065397100409033,1729822192.3095748
189.41949558299072,1894.1949558299073,4.047818026705816,1729822192.3200316
189.47860649591283,1894.7860649591282,4.030280357688978,1729822192.3296452
189.53746079967348,1895.3746079967348,4.01278431826251,1729822192.3396215
189.5960591080932,1895.9605910809319,3.995330130137896,1729822192.3495877
189.65440203819742,1896.5440203819742,3.977918011837816,1729822192.3596714
189.71249021016996,1897.1249021016997,3.96054817870018,1729822192.3695538
189.77032424730626,1897.7032424730626,3.9432208428824946,1729822192.3795986
189.82790477596686,1898.2790477596686,3.925936213366562,1729822192.3895705
189.8852324255308,1898.852324255308,3.9086944959635206,1729822192.3996398
189.94230782834936,1899.4230782834936,3.891495893319216,1729822192.409654
189.99913161969954,1899.9913161969953,3.8743406049198565,1729822192.419757
190.05570443773794,1900.5570443773795,3.8572288270980373,1729822192.4295921
190.11202692345455,1901.1202692345455,3.8401607530390374,1729822192.4398527
190.16809972062666,1901.6809972062665,3.8231365727874502,1729822192.4496486
190.22392347577292,1902.2392347577293,3.8061564732541067,1729822192.4596217
190.27949883810754,1902.7949883810754,3.7892206382233153,1729822192.4695992
190.33482645949448,1903.3482645949448,3.772329248360365,1729822192.4796376
190.38990699440177,1903.8990699440178,3.755482481219369,1729822192.4895806
190.44474109985615,1904.4474109985615,3.7386805112513803,1729822192.499574
190.49932943539753,1904.9932943539752,3.7219235098127568,1729822192.5096
190.5536726630338,1905.536726630338,3.7052116451738693,1729822192.519691
190.60777144719572,1906.0777144719573,3.6885450825280435,1729822192.5296042
190.66162645469186,1906.6162645469185,3.671923984000787,1729822192.53973
190.7152383546638,1907.152383546638,3.655348508659279,1729822192.5495942
190.76860781854143,1907.6860781854143,3.6388188125221443,1729822192.5595899
190.82173551999827,1908.2173551999826,3.6223350485694557,1729822192.5697157
190.87462213490724,1908.7462213490724,3.6058973667530445,1729822192.5797126
190.9272683412962,1909.2726834129621,3.58950591400699,1729822192.5896325
190.97967481930402,1909.7967481930402,3.5731608342584336,1729822192.5996091
191.03184225113654,1910.3184225113655,3.5568622684385813,1729822192.6097434
191.0837713210228,1910.837713210228,3.540610354493956,1729822192.6195898
191.13546271517149,1911.3546271517148,3.524405227397926,1729822192.6296458
191.18691712172745,1911.8691712172745,3.508247019162398,1729822192.6396825
191.23813523072843,1912.3813523072843,3.4921358588498066,1729822192.6496043
191.28911773406207,1912.8911773406207,3.4760718725852753,1729822192.6596367
191.33986532542292,1913.3986532542292,3.460055183569003,1729822192.6695287
191.39037870026976,1913.9037870026978,3.4440859120889016,1729822192.6806953
191.44065855578307,1914.4065855578308,3.4281641755333974,1729822192.689581
191.49070559082267,1914.9070559082268,3.4122900884044807,1729822192.6996672
191.54052050588564,1915.4052050588564,3.3964637623309306,1729822192.7096746
191.59010400306434,1915.9010400306433,3.380685306081734,1729822192.7196171
191.63945678600467,1916.3945678600467,3.364954825579715,1729822192.7296348
191.6885795598645,1916.885795598645,3.3492724239153517,1729822192.7396193
191.7374730312724,1917.374730312724,3.333638201360788,1729822192.7495995
191.78613790828643,1917.8613790828645,3.3180522553839946,1729822192.7596421
191.83457490035332,1918.3457490035332,3.302514680663138,1729822192.7696588
191.88278471826766,1918.8278471826766,3.2870255691011083,1729822192.7796497
191.9307680741315,1919.307680741315,3.27158500984023,1729822192.7895975
191.97852568131398,1919.7852568131398,3.256193089277126,1729822192.7996337
192.02605825441145,1920.2605825441146,3.2408498910777546,1729822192.8096297
192.07336650920746,1920.7336650920747,3.2255554961925723,1729822192.8196604
192.12045116263326,1921.2045116263325,3.2103099828719,1729822192.8296094
192.16731293272838,1921.6731293272837,3.1951134266814023,1729822192.8396177
192.2139525386015,1922.1395253860148,3.17996590051773,1729822192.849593
192.26037070039158,1922.6037070039158,3.1648674746242964,1729822192.8596797
192.30656813922909,1923.0656813922908,3.149818216607171,1729822192.8695588
192.35254557719765,1923.5254557719763,3.1348181914511724,1729822192.8796453
192.39830373729575,1923.9830373729574,3.119867461536005,1729822192.889604
192.44384334339887,1924.4384334339886,3.104966086652597,1729822192.899587
192.48916512022163,1924.8916512022163,3.0901141240194985,1729822192.9095867
192.5342697932804,1925.342697932804,3.075311628299467,1729822192.9196234
192.57915808885605,1925.7915808885605,3.0605586516160965,1729822192.929548
192.62383073395694,1926.2383073395695,3.045855243570603,1729822192.9396842
192.6682884562821,1926.682884562821,3.031201451258699,1729822192.9496343
192.71253198418492,1927.1253198418492,3.0165973192876034,1729822192.9596193
192.75656204663665,1927.5656204663665,3.0020428897930884,1729822192.9696205
192.80037937319062,1928.0037937319062,2.9875382024567,1729822192.9796913
192.8439846939464,1928.439846939464,2.9730832945229917,1729822192.9896278
192.8873787395143,1928.8737873951432,2.9586782008169292,1729822192.999652
192.93056224098024,1929.3056224098023,2.9443229537613105,1729822193.0097077
192.9735359298706,1929.735359298706,2.930017583394302,1729822193.019638
193.01630053811766,1930.1630053811766,2.915762117387077,1729822193.0296319
193.05885679802512,1930.5885679802511,2.9015565810614596,1729822193.0395973
193.1012054422338,1931.012054422338,2.887400997407715,1729822193.0496707
193.14334720368782,1931.4334720368784,2.873295387102365,1729822193.0595715
193.18528281560086,1931.8528281560086,2.859239768526087,1729822193.069603
193.2270130114228,1932.2701301142279,2.8452341577816664,1729822193.0796833
193.26853852480653,1932.6853852480654,2.831278568711987,1729822193.0896266
193.3098600895751,1933.098600895751,2.8173730129181385,1729822193.0995913
193.35097843968907,1933.5097843968906,2.8035174997775103,1729822193.109644
193.39189430921425,1933.9189430921424,2.789712036461971,1729822193.1197696
193.4326084322895,1934.326084322895,2.775956627956073,1729822193.1295652
193.47312154309498,1934.7312154309498,2.7622512770753245,1729822193.1395893
193.51343437582062,1935.1343437582063,2.748595984484483,1729822193.149605
193.5535476646348,1935.5354766463481,2.7349907487158758,1729822193.1596286
193.59346214365343,1935.9346214365341,2.7214355661877967,1729822193.1696212
193.63317854690905,1936.3317854690904,2.707930431222862,1729822193.1796083
193.67269760832053,1936.7269760832053,2.6944753360664793,1729822193.1896026
193.71202006166283,1937.1202006166282,2.681070270905276,1729822193.1996026
193.751146640537,1937.51146640537,2.6677152238855557,1729822193.2096074
193.7900780783406,1937.900780783406,2.65441018113182,1729822193.219687
193.82881510823833,1938.2881510823834,2.6411551267652706,1729822193.2295923
193.86735846313286,1938.6735846313286,2.6279500429222926,1729822193.2396657
193.90570887563604,1939.0570887563604,2.614794909773031,1729822193.249574
193.94386707804028,1939.4386707804028,2.6016897055399015,1729822193.25959
193.98183380229034,1939.8183380229034,2.588634406516147,1729822193.2695835
194.0196097799552,1940.196097799552,2.5756289870843743,1729822193.2796867
194.05719574220043,1940.5719574220043,2.5626734197351047,1729822193.2895935
194.0945924197606,1940.945924197606,2.5497676750853104,1729822193.2996488
194.13180054291215,1941.3180054291215,2.536911721896966,1729822193.3096147
194.1688208414464,1941.688208414464,2.524105527095556,1729822193.3195784
194.20565404464293,1942.0565404464292,2.511349055788613,1729822193.3295524
194.24230088124318,1942.4230088124318,2.4986422712842318,1729822193.3396227
194.2787620794243,1942.787620794243,2.4859851351095186,1729822193.349538
194.3150383667733,1943.150383667733,2.473377607029124,1729822193.3595238
194.35113047026155,1943.5113047026155,2.4608196450636575,1729822193.3695407
194.38703911621937,1943.8703911621938,2.4483112055081326,1729822193.379683
194.42276503031104,1944.2276503031103,2.435852242950367,1729822193.3896449
194.45830893751005,1944.5830893751006,2.4234427102893834,1729822193.3995655
194.49367156207452,1944.9367156207452,2.411082558753731,1729822193.4096613
194.52885362752306,1945.2885362752306,2.398771737919863,1729822193.4197822
194.5638558566108,1945.6385585661078,2.3865101957303603,1729822193.4295788
194.59867897130556,1945.9867897130557,2.3742978785122277,1729822193.4396236
194.63332369276463,1946.3332369276463,2.362134730995103,1729822193.4496684
194.66779074131148,1946.6779074131148,2.350020696329442,1729822193.4595506
194.70208083641288,1947.0208083641287,2.337955716104628,1729822193.4696147
194.73619469665624,1947.3619469665623,2.3259397303670992,1729822193.479629
194.77013303972737,1947.7013303972738,2.313972677638394,1729822193.4897144
194.8038965823882,1948.038965823882,2.30205449493313,1729822193.499681
194.8374860404551,1948.374860404551,2.290185117776997,1729822193.5095887
194.8709021287772,1948.709021287772,2.2783644802246217,1729822193.5199523
194.90414556121516,1949.0414556121516,2.266592514877458,1729822193.529595
194.93721705062,1949.3721705062,2.254869152901544,1729822193.539652
194.9701173088125,1949.701173088125,2.243194324045297,1729822193.549634
195.00284704656238,1950.0284704656237,2.2315679566571456,1729822193.5595865
195.03540697356837,1950.3540697356837,2.21998997770321,1729822193.5695453
195.06779779843788,1950.6779779843787,2.2084603127848164,1729822193.5795918
195.10002022866746,1951.0002022866747,2.196978886156061,1729822193.5896223
195.1320749706232,1951.320749706232,2.1855456207411956,1729822193.599568
195.16396272952144,1951.6396272952145,2.1741604381520405,1729822193.6097004
195.1956842094099,1951.956842094099,2.162823258705287,1729822193.6195529
195.2272401131488,1952.272401131488,2.1515340014397415,1729822193.6295648
195.25863114239252,1952.586311423925,2.140292584133502,1729822193.6397731
195.28985799757118,1952.8985799757118,2.1290989233210444,1729822193.64957
195.32092137787282,1953.209213778728,2.1179529343102823,1729822193.6595716
195.35182198122556,1953.5182198122557,2.106854531199498,1729822193.6696289
195.38256050428012,1953.8256050428013,2.0958036268942584,1729822193.6795995
195.41313764239263,1954.1313764239262,2.0848001331241894,1729822193.6897256
195.4435540896075,1954.4355408960748,2.073843960459736,1729822193.699614
195.4738105386408,1954.738105386408,2.062935018328818,1729822193.7097979
195.50390768086373,1955.0390768086372,2.052073215033368,1729822193.7197323
195.53384620628626,1955.3384620628626,2.0412584577658697,1729822193.7296834
195.56362680354113,1955.6362680354114,2.0304906526257414,1729822193.7396386
195.59325015986812,1955.9325015986813,2.019769704635695,1729822193.749605
195.62271696109843,1956.2271696109842,2.0090955177579586,1729822193.7595158
195.6520278916394,1956.5202789163939,1.9984679949104516,1729822193.7695653
195.6811836344594,1956.8118363445938,1.9878870379828681,1729822193.7796419
195.71018487107298,1957.1018487107299,1.9773525478526564,1729822193.7895696
195.73903228152633,1957.3903228152633,1.9668644244009323,1729822193.7996423
195.76772654438284,1957.6772654438284,1.9564225665282988,1729822193.8096507
195.7962683367089,1957.9626833670889,1.9460268721705534,1729822193.8195984
195.82465833406008,1958.2465833406009,1.9356772383143666,1729822193.8296177
195.85289721046738,1958.5289721046738,1.925373561012779,1729822193.8396883
195.88098563842377,1958.8098563842377,1.9151157354007067,1729822193.8496566
195.90892428887096,1959.0892428887096,1.9049036557102719,1729822193.8595684
195.9367138311864,1959.367138311864,1.8947372152860913,1729822193.8696034
195.96435493317043,1959.6435493317042,1.884616306600436,1729822193.8796725
195.9918482610337,1959.9184826103372,1.874540821268357,1729822193.8895955
196.019194479385,1960.1919447938499,1.8645106500626278,1729822193.8995852
196.0463942512188,1960.463942512188,1.854525682928652,1729822193.909683
196.07344823790365,1960.7344823790365,1.8445858089992884,1729822193.9195874
196.10035709917028,1961.0035709917029,1.834690916609513,1729822193.9296067
196.12712149310022,1961.2712149310023,1.824840893311058,1729822193.9395983
196.1537420761144,1961.5374207611442,1.8150356258868845,1729822193.9496076
196.18021950296227,1961.8021950296227,1.8052750003656355,1729822193.9595942
196.20655442671077,1962.0655442671077,1.7955589020359062,1729822193.969553
196.23274749873377,1962.3274749873376,1.7858872154604724,1729822193.979626
196.25879936870163,1962.5879936870163,1.7762598244904053,1729822193.9896894
196.28471068457094,1962.8471068457093,1.7666766122790838,1729822193.9996877
196.31048209257452,1963.1048209257451,1.7571374612961046,1729822194.0095944
196.3361142372116,1963.361142372116,1.7476422533410885,1729822194.019564
196.36160776123813,1963.6160776123813,1.7381908695573882,1729822194.0296464
196.38696330565745,1963.8696330565745,1.7287831904457294,1729822194.0396464
196.41218150971096,1964.1218150971097,1.7194190958776732,1729822194.0496147
196.43726301086917,1964.3726301086917,1.71009846510906,1729822194.0596423
196.46220844482283,1964.6220844482284,1.7008211767933004,1729822194.069623
196.48701844547432,1964.8701844547431,1.6915871089945709,1729822194.0796566
196.51169364492912,1965.1169364492912,1.6823961392009208,1729822194.089639
196.53623467348768,1965.3623467348768,1.673248144337271,1729822194.0996804
196.5606421596372,1965.606421596372,1.6641430007782985,1729822194.109669
196.58491673004386,1965.8491673004387,1.65508058436125,1729822194.1199062
196.60905900954506,1966.0905900954506,1.646060770398619,1729822194.1296098
196.63306962114197,1966.3306962114198,1.6370834336907132,1729822194.139598
196.65694918599215,1966.5694918599215,1.6281484485381617,1729822194.1496522
196.6806983234024,1966.8069832340238,1.6192556887542802,1729822194.1595807
196.70431765082182,1967.0431765082183,1.610405027677353,1729822194.1696146
196.72780778383503,1967.2780778383503,1.601596338182806,1729822194.1799483
196.75116933615556,1967.5116933615554,1.5928294926952633,1729822194.1895869
196.77440291961932,1967.7440291961932,1.5841043632005087,1729822194.1996598
196.79750914417846,1967.9750914417846,1.5754208212573788,1729822194.2096584
196.82048861789522,1968.2048861789522,1.5667787380094937,1729822194.219623
196.84334194693605,1968.4334194693606,1.5581779841969121,1729822194.2296312
196.8660697355658,1968.660697355658,1.5496184301676807,1729822194.2396789
196.88867258614215,1968.8867258614214,1.5410999458892958,1729822194.24981
196.9111510991103,1969.111510991103,1.5326224009600358,1729822194.2596374
196.93350587299759,1969.3350587299758,1.5241856646201954,1729822194.2695508
196.95573750440843,1969.5573750440844,1.515789605763234,1729822194.2796679
196.97784658801945,1969.7784658801945,1.5074340929468173,1729822194.2896428
196.99983371657467,1969.9983371657468,1.4991189944037364,1729822194.2995992
197.02169948088093,1970.2169948088092,1.4908441780527282,1729822194.3096256
197.04344446980338,1970.4344446980338,1.4826095115092217,1729822194.3196445
197.0650692702613,1970.650692702613,1.474414862095963,1729822194.329628
197.0865744672238,1970.8657446722382,1.466260096853511,1729822194.3396878
197.10796064370606,1971.0796064370606,1.4581450825506854,1729822194.349682
197.12922838076526,1971.2922838076524,1.4500696856948698,1729822194.3596156
197.150378257497,1971.50378257497,1.4420337725422305,1729822194.3695512
197.17141085103182,1971.7141085103183,1.434037209107836,1729822194.379666
197.19232673653173,1971.9232673653173,1.426079861175677,1729822194.3896258
197.21312648718697,1972.1312648718697,1.4181615943085495,1729822194.3996358
197.23381067421295,1972.3381067421294,1.4102822738579066,1729822194.4095783
197.25437986684727,1972.5437986684728,1.4024417649735552,1729822194.4198728
197.27483463234694,1972.7483463234694,1.3946399326132548,1729822194.4295444
197.29517553598558,1972.9517553598557,1.3868766415522478,1729822194.439947
197.31540314105106,1973.1540314105107,1.3791517563926847,1729822194.449676
197.33551800884297,1973.3551800884297,1.371465141572899,1729822194.4596014
197.35552069867038,1973.5552069867038,1.3638166613766627,1729822194.4695747
197.37541176784973,1973.7541176784973,1.3562061799422862,1729822194.4796894
197.39519177170283,1973.9519177170282,1.3486335612716358,1729822194.4896007
197.41486126355497,1974.1486126355496,1.3410986692390603,1729822194.4995844
197.43442079473314,1974.3442079473314,1.3336013676002123,1729822194.509606
197.45387091456453,1974.5387091456453,1.3261415200008004,1729822194.5195365
197.47321217037495,1974.7321217037495,1.3187189899851708,1729822194.5296404
197.49244510748747,1974.9244510748747,1.3113336410048815,1729822194.5401552
197.51157026922124,1975.1157026922124,1.3039853364271403,1729822194.5496562
197.53058819689033,1975.3058819689033,1.2966739395431253,1729822194.5596564
197.54949942980275,1975.4949942980274,1.289399313576257,1729822194.5696855
197.5683045052596,1975.6830450525958,1.282161321690345,1729822194.5796006
197.58700395855422,1975.8700395855421,1.2749598269976365,1729822194.5895429
197.6055983229717,1976.055983229717,1.2677946925668104,1729822194.5995529
197.62408812978822,1976.2408812978822,1.2606657814308244,1729822194.6096034
197.64247390827072,1976.4247390827072,1.2535729565947191,1729822194.6195993
197.66075618567655,1976.6075618567654,1.2465160810432847,1729822194.6295753
197.67893548725337,1976.7893548725337,1.2394950177486797,1729822194.639674
197.69701233623897,1976.9701233623896,1.232509629677904,1729822194.6496537
197.71498725386138,1977.1498725386139,1.2255597798002595,1729822194.659633
197.73286075933893,1977.3286075933893,1.2186453310946286,1729822194.6695302
197.75063336988063,1977.5063336988064,1.211766146556756,1729822194.6796496
197.7683056006864,1977.683056006864,1.204922089206339,1729822194.6895638
197.78587796494756,1977.8587796494755,1.1981130220941205,1729822194.6995525
197.8033509738474,1978.0335097384739,1.1913388083088607,1729822194.709627
197.8207251365618,1978.207251365618,1.1845993109841944,1729822194.719583
197.8380009602601,1978.3800096026011,1.1778943933054302,1729822194.7295508
197.8551789501058,1978.551789501058,1.1712239185162625,1729822194.739676
197.87225960925764,1978.7225960925764,1.1645877499253947,1729822194.749645
197.88924343887055,1978.8924343887056,1.1579857509130376,1729822194.7597077
197.90613093809688,1979.0613093809689,1.1514177849374159,1729822194.7695336
197.9229226040876,1979.229226040876,1.1448837155410745,1729822194.7796915
197.93961893199364,1979.3961893199364,1.1383834063571827,1729822194.7895956
197.95622041496722,1979.5622041496722,1.131916721115723,1729822194.7996993
197.97272754416352,1979.7272754416351,1.1254835236496268,1729822194.8096921
197.98914080874218,1979.8914080874217,1.119083677900762,1729822194.8197415
198.005460695869,1980.05460695869,1.112717047925897,1729822194.8295553
198.0216876907177,1980.216876907177,1.1063834979025655,1729822194.8396735
198.0378222764718,1980.378222764718,1.1000828921348669,1729822194.849678
198.0538649343265,1980.538649343265,1.0938150950591394,1729822194.8596268
198.0698161434908,1980.6981614349081,1.087579971249606,1729822194.8695507
198.08567638118961,1980.8567638118961,1.0813773854239104,1729822194.8796237
198.10144612266578,1981.0144612266577,1.0752072024485555,1729822194.8896108
198.11712584118246,1981.1712584118245,1.0690692873443384,1729822194.8996303
198.1327160080255,1981.327160080255,1.0629635052916404,1729822194.9096668
198.14821709250583,1981.4821709250582,1.056889721635625,1729822194.919597
198.16362956196184,1981.6362956196185,1.0508478018914316,1729822194.9296763
198.17895388176208,1981.7895388176207,1.0448376117492488,1729822194.9396386
198.1941905153079,1981.941905153079,1.0388590170793046,1729822194.9496143
198.20933992403604,1982.0933992403604,1.0329118839367935,1729822194.9596584
198.22440256742155,1982.2440256742154,1.0269960785667438,1729822194.9696586
198.2393789029806,1982.3937890298062,1.0211114674087929,1729822194.979689
198.25426938627336,1982.5426938627336,1.0152579171018692,1729822194.9896188
198.26907447090704,1982.6907447090705,1.0094352944888643,1729822194.9995627
198.28379460853893,1982.8379460853894,1.0036434666211713,1729822195.0096989
198.29843024887953,1982.9843024887953,0.9978823007631775,1729822195.0195584
198.31298183969574,1983.1298183969575,0.9921516643966751,1729822195.029693
198.32744982681407,1983.2744982681406,0.9864514252252253,1729822195.0399477
198.34183465412409,1983.418346541241,0.9807814511784415,1729822195.0495572
198.3561367635816,1983.561367635816,0.9751416104161547,1729822195.0596347
198.3703565952122,1983.703565952122,0.969531771332618,1729822195.0695064
198.3844945871148,1983.844945871148,0.9639518025605306,1729822195.0796468
198.39855117546514,1983.9855117546515,0.9584015729750622,1729822195.089608
198.4125267945194,1984.125267945194,0.952880951697776,1729822195.099598
198.42642187661787,1984.2642187661786,0.9473898081005075,1729822195.1096046
198.44023685218866,1984.4023685218867,0.941928011809181,1729822195.1197212
198.45397214975156,1984.5397214975155,0.9364954327075247,1729822195.129623
198.46762819592175,1984.6762819592175,0.9310919409407646,1729822195.1401577
198.4812054154138,1984.812054154138,0.9257174069192428,1729822195.1496947
198.49470423104557,1984.9470423104558,0.9203717013219269,1729822195.1595917
198.5081250637422,1985.081250637422,0.9150546950999229,1729822195.1694918
198.5214683325401,1985.214683325401,0.9097662594798955,1729822195.179634
198.5347344545912,1985.347344545912,0.9045062659674244,1729822195.1895885
198.54792384516682,1985.4792384516682,0.899274586350283,1729822195.1996233
198.56103691766214,1985.6103691766214,0.894071092701714,1729822195.209664
198.5740740836003,1985.740740836003,0.8888956573835739,1729822195.2196772
198.58703575263664,1985.8703575263664,0.883748153049443,1729822195.229573
198.5999223325631,1985.999223325631,0.8786284526477165,1729822195.239633
198.61273422931254,1986.1273422931254,0.8735364294245834,1729822195.2497294
198.6254718469632,1986.2547184696318,0.8684719569269682,1729822195.2595944
198.6381355877431,1986.3813558774311,0.8634349090054084,1729822195.2696693
198.65072585203458,1986.5072585203459,0.858425159816888,1729822195.2796633
198.6632430383788,1986.632430383788,0.853442583827614,1729822195.2895951
198.67568754348034,1986.7568754348033,0.8484870558157142,1729822195.299587
198.68805976221176,1986.8805976221176,0.8435584508738952,1729822195.309615
198.70036008761835,1987.0036008761836,0.8386566444120768,1729822195.3195827
198.71258891092273,1987.1258891092273,0.8337815121599065,1729822195.3296404
198.72474662152965,1987.2474662152965,0.828932930169258,1729822195.339621
198.73683360703066,1987.3683360703067,0.8241107748166855,1729822195.3497372
198.74885025320899,1987.4885025320898,0.8193149228058169,1729822195.359706
198.76079694404433,1987.6079694404434,0.8145452511696821,1729822195.3696666
198.7726740617177,1987.726740617177,0.8098016372729963,1729822195.3796134
198.78448198661644,1987.8448198661645,0.8050839588144133,1729822195.3896103
198.796221097339,1987.9622109733898,0.8003920938286705,1729822195.3996449
198.80789177069994,1988.0789177069994,0.7957259206887589,1729822195.4096234
198.81949438173504,1988.1949438173503,0.7910853181079912,1729822195.4196603
198.83102930370612,1988.3102930370612,0.786470165142039,1729822195.429608
198.84249690810626,1988.4249690810625,0.7818803411909404,1729822195.439764
198.8538975646648,1988.538975646648,0.7773157260009967,1729822195.449595
198.86523164135247,1988.6523164135247,0.7727761996666896,1729822195.4596188
198.87649950438646,1988.7649950438645,0.7682616426325354,1729822195.4695823
198.8877015182357,1988.877015182357,0.7637719356948719,1729822195.4796865
198.89883804562598,1988.9883804562598,0.7593069600035908,1729822195.4896388
198.90990944754515,1989.0990944754515,0.7548665970638656,1729822195.49965
198.92091608324833,1989.2091608324833,0.7504507287378076,1729822195.5096176
198.93185831026324,1989.3185831026324,0.7460592372460945,1729822195.5196846
198.94273648439545,1989.4273648439546,0.74169200516953,1729822195.5296338
198.9535509597337,1989.5355095973368,0.7373489154505596,1729822195.5396187
198.96430208865513,1989.6430208865513,0.7330298513947832,1729822195.54965
198.9749902218308,1989.749902218308,0.7287346966723892,1729822195.5596092
198.98561570823094,1989.8561570823094,0.7244633353195437,1729822195.5695295
198.9961788951303,1989.9617889513029,0.7202156517397683,1729822195.5796444
199.0066801281137,1990.0668012811368,0.7159915307052555,1729822195.5896368
199.0171197510813,1990.171197510813,0.711790857358129,1729822195.5995917
199.0274981062542,1990.2749810625419,0.7076135172116985,1729822195.6095943
199.03781553417974,1990.3781553417975,0.703459396151671,1729822195.6197195
199.0480723737371,1990.4807237373711,0.6993283804372731,1729822195.629617
199.05826896214276,1990.5826896214276,0.6952203567023972,1729822195.6396823
199.06840563495598,1990.6840563495598,0.691135211956685,1729822195.6496608
199.07848272608433,1990.7848272608433,0.6870728335865487,1729822195.6596727
199.08850056778934,1990.8850056778933,0.6830331093562138,1729822195.6695876
199.09845949069185,1990.9845949069186,0.6790159274086339,1729822195.679739
199.1083598237778,1991.083598237778,0.6750211762664947,1729822195.6896055
199.11820189440363,1991.1820189440364,0.6710487448330412,1729822195.6995876
199.12798602830202,1991.2798602830203,0.6670985223929841,1729822195.709592
199.13771254958735,1991.3771254958735,0.6631703986133005,1729822195.7198143
199.14738178076146,1991.4738178076145,0.6592642635440659,1729822195.7296035
199.15699404271922,1991.5699404271923,0.6553800076191444,1729822195.7396393
199.1665496547541,1991.6654965475411,0.6515175216569656,1729822195.7496328
199.17604893456397,1991.7604893456396,0.6476766968611977,1729822195.7595556
199.18549219825658,1991.8549219825659,0.6438574248214007,1729822195.7695868
199.19487976035543,1991.9487976035543,0.6400595975136508,1729822195.7796466
199.20421193380528,1992.0421193380528,0.6362831073011276,1729822195.7896407
199.21348902997792,1992.1348902997793,0.6325278469346828,1729822195.7996566
199.22271135867783,1992.2271135867782,0.6287937095533572,1729822195.80954
199.2318792281479,1992.318792281479,0.6250805886848959,1729822195.819643
199.24099294507513,1992.4099294507514,0.6213883782461814,1729822195.8297305
199.25005281459633,1992.5005281459632,0.6177169725437154,1729822195.8397632
199.2590591403039,1992.5905914030388,0.6140662662739914,1729822195.849924
199.26801222425144,1992.6801222425142,0.6104361545238629,1729822195.859727
199.27691236695964,1992.7691236695964,0.6068265327709267,1729822195.8698375
199.28575986742183,1992.8575986742183,0.6032372968838055,1729822195.8796787
199.2945550231099,1992.9455502310989,0.5996683431224853,1729822195.8899033
199.3032981299799,1993.032981299799,0.5961195681385146,1729822195.899549
199.3119894824779,1993.119894824779,0.592590868975292,1729822195.9096093
199.32062937354564,1993.2062937354565,0.5890821430682472,1729822195.9195597
199.32921809462636,1993.2921809462637,0.5855932882450458,1729822195.9297316
199.3377559356705,1993.3775593567048,0.5821242027257058,1729822195.93971
199.34624318514145,1993.4624318514145,0.5786747851227653,1729822195.949635
199.35468013002142,1993.5468013002142,0.5752449344413763,1729822195.9596837
199.36306705581708,1993.6306705581708,0.5718345500793579,1729822195.9695199
199.37140424656533,1993.7140424656534,0.568443531827273,1729822195.9796212
199.37969198483913,1993.7969198483913,0.5650717798684618,1729822195.989598
199.3879305517532,1993.879305517532,0.5617191947790169,1729822195.9996586
199.39612022696977,1993.9612022696977,0.5583856775277906,1729822196.009668
199.40426128870448,1994.0426128870447,0.5550711294763396,1729822196.0196261
199.41235401373189,1994.1235401373187,0.551775452378842,1729822196.0296168
199.42039867739143,1994.2039867739143,0.5484985483820574,1729822196.0396466
199.42839555359313,1994.2839555359315,0.5452403200251642,1729822196.0496225
199.43634491482334,1994.3634491482335,0.5420006702396439,1729822196.0595803
199.44424703215043,1994.4424703215043,0.5387795023491141,1729822196.0697067
199.45210217523066,1994.5210217523068,0.5355767200691791,1729822196.0799606
199.45991061231385,1994.5991061231384,0.5323922275071905,1729822196.0896091
199.46767261024908,1994.6767261024909,0.5292259291620586,1729822196.0996282
199.47538843449055,1994.7538843449056,0.5260777299240055,1729822196.1096404
199.48305834910323,1994.8305834910323,0.5229475350742882,1729822196.119728
199.4906826167686,1994.906826167686,0.5198352502849265,1729822196.1296098
199.49826149879036,1994.9826149879036,0.5167407816184085,1729822196.1396012
199.50579525510022,1995.0579525510022,0.5136640355273706,1729822196.1496453
199.5132841442636,1995.132841442636,0.5106049188542386,1729822196.1596155
199.52072842348522,1995.2072842348523,0.5075633388308888,1729822196.1695294
199.528128348615,1995.2812834861502,0.5045392030782744,1729822196.179653
199.53548417415365,1995.3548417415366,0.501532419606005,1729822196.1896899
199.54279615325834,1995.4279615325834,0.4985428968119664,1729822196.199596
199.55006453774843,1995.5006453774843,0.49557054348185836,1729822196.2096412
199.55728957811118,1995.5728957811118,0.49261526878877937,1729822196.2197425
199.56447152350736,1995.6447152350736,0.4896769822927344,1729822196.2295277
199.571610621777,1995.7161062177702,0.4867555939401783,1729822196.239628
199.57870711944497,1995.7870711944497,0.48385101406347786,1729822196.2497096
199.58576126172665,1995.8576126172666,0.4809631533804496,1729822196.2596588
199.59277329253362,1995.9277329253362,0.4780919229937898,1729822196.2696328
199.59974345447927,1995.9974345447927,0.4752372343905361,1729822196.279619
199.6066719888844,1996.0667198888439,0.4723989994415242,1729822196.2896156
199.61355913578282,1996.1355913578282,0.46957713040080307,1729822196.2995846
199.62040513392714,1996.2040513392712,0.4667715399050384,1729822196.3096337
199.62721022079415,1996.2721022079415,0.46398214097289603,1729822196.3195817
199.6339746325905,1996.339746325905,0.46120884700443276,1729822196.3295135
199.64069860425835,1996.4069860425834,0.458451571780487,1729822196.339685
199.6473823694808,1996.4738236948078,0.45571022946198425,1729822196.3495977
199.6540261606876,1996.5402616068761,0.45298473458931177,1729822196.3595967
199.66063020906063,1996.6063020906063,0.45027500208161164,1729822196.369585
199.66719474453944,1996.6719474453944,0.4475809472361377,1729822196.3796368
199.67371999582687,1996.7371999582688,0.44490248572750424,1729822196.3895855
199.68020619039441,1996.8020619039441,0.4422395336069912,1729822196.3996027
199.68665355448792,1996.8665355448793,0.4395920073018428,1729822196.4095824
199.6930623131329,1996.9306231313292,0.4369598236144804,1729822196.4197912
199.69943269014027,1996.9943269014027,0.4343428997218134,1729822196.4296703
199.70576490811155,1997.0576490811154,0.431741153174399,1729822196.43964
199.7120591884445,1997.120591884445,0.42915450189574755,1729822196.4497054
199.7183157513386,1997.183157513386,0.42658286418149316,1729822196.4597332
199.72453481580038,1997.2453481580037,0.42402615869859417,1729822196.469686
199.73071659964896,1997.3071659964896,0.4214843044845499,1729822196.4797747
199.7368613195214,1997.368613195214,0.41895722094657273,1729822196.4896195
199.7429691908782,1997.429691908782,0.4164448278607481,1729822196.4995794
199.74904042800856,1997.4904042800856,0.4139470453712101,1729822196.5095751
199.75507524403585,1997.5507524403586,0.4114637939892941,1729822196.5197034
199.76107385092305,1997.6107385092305,0.4089949945926862,1729822196.5295718
199.76703645947796,1997.6703645947796,0.406540568424515,1729822196.5396254
199.77296327935866,1997.7296327935867,0.40410043709253685,1729822196.5496275
199.7788545190788,1997.788545190788,0.4016745225681956,1729822196.5596905
199.78471038601296,1997.8471038601297,0.39926274718575605,1729822196.569564
199.79053108640187,1997.9053108640187,0.39686503364138026,1729822196.5795834
199.7963168253578,1997.9631682535778,0.39448130499224987,1729822196.5896714
199.8020678068698,1998.0206780686979,0.3921114846556105,1729822196.5995717
199.80778423380895,1998.0778423380893,0.3897554964078499,1729822196.6097455
199.81346630793368,1998.1346630793369,0.3874132643835705,1729822196.619604
199.81911422989492,1998.1911422989492,0.38508471307463743,1729822196.6295807
199.8247281992414,1998.2472819924142,0.3827697673292353,1729822196.6395984
199.83030841442482,1998.3030841442483,0.38046835235088394,1729822196.649597
199.83585507280506,1998.3585507280507,0.37818039369750245,1729822196.65957
199.84136837065537,1998.4136837065537,0.3759058172804072,1729822196.669664
199.8468485031675,1998.468485031675,0.3736445493633419,1729822196.6796775
199.85229566445696,1998.5229566445696,0.37139651656150796,1729822196.6896024
199.85771004756802,1998.5771004756803,0.36916164584051614,1729822196.6995544
199.8630918444789,1998.6309184447891,0.3669398645154399,1729822196.709515
199.86844124610693,1998.6844124610693,0.36473110024979405,1729822196.719816
199.87375844231357,1998.7375844231358,0.36253528105449007,1729822196.7295809
199.87904362190952,1998.7904362190952,0.36035233528684507,1729822196.7396607
199.8842969726598,1998.8429697265979,0.35818219164955856,1729822196.7497451
199.88951868128873,1998.8951868128875,0.3560247791896519,1729822196.759664
199.8947089334851,1998.9470893348512,0.35388002729747725,1729822196.769591
199.89986791390706,1998.9986791390706,0.3517478657056178,1729822196.7801569
199.90499580618715,1999.0499580618714,0.3496282244878878,1729822196.78969
199.91009279293738,1999.1009279293737,0.3475210340582685,1729822196.7996485
199.9151590557541,1999.1515905575409,0.34542622516981225,1729822196.8096328
199.92019477522294,1999.2019477522294,0.34334372891363685,1729822196.81957
199.9252001309239,1999.2520013092392,0.34127347671783503,1729822196.829629
199.93017530143618,1999.3017530143618,0.339215400346382,1729822196.83968
199.935120464343,1999.3512046434298,0.33716943189808013,1729822196.8496442
199.94003579623666,1999.4003579623666,0.3351355038054934,1729822196.859729
199.94492147272334,1999.4492147272333,0.3331135488338156,1729822196.8696003
199.94977766842797,1999.4977766842796,0.33110350007983846,1729822196.8796983
199.95460455699904,1999.5460455699904,0.32910529097081287,1729822196.8896413
199.95940231111354,1999.5940231111354,0.3271188552633938,1729822196.8996344
199.96417110248163,1999.6417110248162,0.32514412704249274,1729822196.910068
199.96891110185155,1999.6891110185154,0.32318104072021725,1729822196.919641
199.97362247901438,1999.7362247901438,0.3212295310347536,1729822196.9296072
199.97830540280876,1999.7830540280875,0.3192895330492246,1729822196.9395978
199.98296004112566,1999.8296004112567,0.3173609821506379,1729822196.9496195
199.98758656091317,1999.8758656091318,0.3154438140487209,1729822196.959616
199.99218512818115,1999.9218512818115,0.3135379647748192,1729822196.9695408
199.99675590800592,1999.9675590800593,0.3116433706807723,1729822196.9796333
200.001299064535,2000.01299064535,0.3097599684378033,1729822196.9895792
200.00581476099177,2000.0581476099178,0.3078876950353838,1729822196.9996004
200.0103031596801,2000.103031596801,0.30602648778008834,1729822197.0096953
200.01476442198896,2000.1476442198896,0.30417628429448385,1729822197.0196695
200.01919870839708,2000.1919870839708,0.3023370225159966,1729822197.0296748
200.02360617847756,2000.2360617847758,0.300508640695777,1729822197.039617
200.02798699090243,2000.2798699090245,0.2986910773975521,1729822197.0497396
200.0323413034472,2000.323413034472,0.29688427149648156,1729822197.0595741
200.03666927299543,2000.3666927299541,0.2950881621780511,1729822197.0695486
200.04097105554325,2000.4097105554324,0.29330268893689293,1729822197.079574
200.04524680620395,2000.4524680620395,0.29152779157567366,1729822197.0895576
200.04949667921238,2000.4949667921237,0.2897634102039167,1729822197.0995736
200.0537208279295,2000.537208279295,0.28800948523687253,1729822197.109805
200.0579194048468,2000.5791940484683,0.28626595739437455,1729822197.1198087
200.06209256159084,2000.6209256159084,0.2845327676996935,1729822197.1296208
200.06624044892752,2000.662404489275,0.2828098574783614,1729822197.1396222
200.07036321676665,2000.7036321676665,0.2810971683570668,1729822197.149591
200.07446101416633,2000.7446101416633,0.2793946422624537,1729822197.1597102
200.07853398933725,2000.7853398933726,0.2777022214199921,1729822197.1696668
200.0825822896471,2000.825822896471,0.2760198483528392,1729822197.1796377
200.08660606162493,2000.8660606162493,0.27434746588065984,1729822197.1895206
200.0906054509655,2000.9060545096552,0.27268501711849147,1729822197.1996195
200.09458060253357,2000.9458060253357,0.2710324454755736,1729822197.2096665
200.09853166036817,2000.9853166036817,0.2693896946542037,1729822197.2196054
200.1024587676869,2001.024587676869,0.2677567086485685,1729822197.2296035
200.10636206689026,2001.0636206689026,0.2661334317436229,1729822197.2396424
200.1102416995658,2001.102416995658,0.264519808513877,1729822197.2496045
200.11409780649237,2001.1409780649237,0.26291578382229985,1729822197.2595925
200.11793052764443,2001.1793052764442,0.2613213028191276,1729822197.2695184
200.1217400021961,2001.217400021961,0.25973631094070704,1729822197.2796273
200.12552636852544,2001.2552636852545,0.2581607539083731,1729822197.289619
200.12928976421858,2001.2928976421858,0.2565945777272568,1729822197.2996254
200.13303032607388,2001.3303032607387,0.25503772868514296,1729822197.3096511
200.13674819010603,2001.3674819010603,0.25349015335132463,1729822197.3198018
200.1404434915502,2001.404434915502,0.25195179857543415,1729822197.3295798
200.14411636486608,2001.4411636486607,0.2504226114863063,1729822197.3396306
200.14776694374203,2001.4776694374202,0.24890253949082364,1729822197.3496282
200.15139536109908,2001.5139536109907,0.24739153027273886,1729822197.3596313
200.155001749095,2001.5500174909498,0.24588953179155915,1729822197.3695233
200.15858623912834,2001.5858623912834,0.2443964922813756,1729822197.379635
200.1621489618424,2001.621489618424,0.24291236024970864,1729822197.3896701
200.1656900471293,2001.6569004712928,0.24143708447638168,1729822197.3995917
200.16920962413383,2001.6920962413383,0.2399706140123471,1729822197.4096797
200.17270782125755,2001.7270782125754,0.2385128981785546,1729822197.4196131
200.17618476616263,2001.7618476616262,0.2370638865648108,1729822197.429588
200.17964058577584,2001.7964058577584,0.23562352902861583,1729822197.4397101
200.1830754062924,2001.830754062924,0.23419177569404404,1729822197.4497004
200.18648935317995,2001.8648935317995,0.23276857695058417,1729822197.459685
200.18988255118236,2001.8988255118236,0.23135388345199537,1729822197.4695988
200.19325512432366,2001.9325512432365,0.22994764611517915,1729822197.4796016
200.19660719591172,2001.9660719591172,0.2285498161190337,1729822197.4897132
200.1999388885423,2001.999388885423,0.22716034490334713,1729822197.4996097
200.20325032410273,2002.0325032410274,0.22577918416761633,1729822197.509655
200.2065416237757,2002.065416237757,0.2244062858699366,1729822197.5197325
200.20981290804306,2002.0981290804307,0.22304160222586134,1729822197.5296297
200.2130642966896,2002.130642966896,0.22168508570731127,1729822197.5396059
200.21629590880676,2002.1629590880675,0.22033668904138082,1729822197.5496774
200.21950786279638,2002.1950786279638,0.21899636520925803,1729822197.559587
200.22270027637438,2002.2270027637437,0.2176640674450877,1729822197.569614
200.2258732665745,2002.258732665745,0.21633974923484878,1729822197.5796182
200.2290269497519,2002.290269497519,0.21502336431523517,1729822197.5896018
200.23216144158692,2002.3216144158691,0.21371486667253847,1729822197.5995889
200.23527685708868,2002.3527685708868,0.21241421054151288,1729822197.6098454
200.23837331059866,2002.3837331059867,0.21112135040428803,1729822197.6197705
200.2414509157944,2002.414509157944,0.20983624098923748,1729822197.629624
200.24450978569297,2002.4450978569298,0.20855883726987556,1729822197.6397123
200.24755003265474,2002.4755003265475,0.20728909446375965,1729822197.6496203
200.25057176838678,2002.5057176838677,0.20602696803134435,1729822197.6596951
200.25357510394642,2002.5357510394642,0.20477241367492638,1729822197.6695735
200.25656014974487,2002.5656014974488,0.2035253873375219,1729822197.679632
200.2595270155507,2002.595270155507,0.20228584520175452,1729822197.6895747
200.26247581049327,2002.6247581049327,0.2010537436887646,1729822197.699655
200.26540664306629,2002.6540664306629,0.19982903945714525,1729822197.7096531
200.26831962113124,2002.6831962113124,0.1986116894018054,1729822197.7197495
200.27121485192086,2002.7121485192085,0.19740165065290582,1729822197.7296128
200.2740924420426,2002.740924420426,0.19619888057477197,1729822197.7396216
200.27695249748191,2002.7695249748192,0.1950033367647802,1729822197.7496917
200.27979512360585,2002.7979512360585,0.19381497705232043,1729822197.759551
200.28262042516627,2002.8262042516626,0.19263375949768047,1729822197.7696557
200.28542850630333,2002.8542850630333,0.19145964239099456,1729822197.78035
200.28821947054877,2002.8821947054876,0.1902925842511366,1729822197.7895985
200.2909934208293,2002.909934208293,0.1891325438246899,1729822197.7995758
200.29375045946986,2002.9375045946986,0.187979480084837,1729822197.809749
200.29649068819703,2002.9649068819704,0.18683335223032926,1729822197.8196661
200.2992142081422,2002.992142081422,0.1856941196843963,1729822197.8295903
200.30192111984496,2003.0192111984497,0.18456174209370146,1729822197.8395746
200.3046115232563,2003.0461152325631,0.1834361793272582,1729822197.849639
200.30728551774186,2003.0728551774187,0.18231739147541404,1729822197.859647
200.30994320208515,2003.0994320208515,0.18120533884877588,1729822197.8696604
200.3125846744908,2003.1258467449081,0.18009998197715305,1729822197.8796055
200.31521003258777,2003.1521003258777,0.17900128160852524,1729822197.8896365
200.31781937343246,2003.1781937343246,0.17790919870798205,1729822197.899562
200.32041279351193,2003.2041279351192,0.17682369445670687,1729822197.9097703
200.32299038874712,2003.2299038874712,0.17574473025091997,1729822197.9197378
200.3255522544958,2003.2555225449578,0.17467226770083755,1729822197.9296598
200.3280984855559,2003.280984855559,0.17360626862967343,1729822197.9396803
200.33062917616851,2003.306291761685,0.17254669507256615,1729822197.9495776
200.333144420021,2003.33144420021,0.17149350927557883,1729822197.9595757
200.33564431025007,2003.3564431025006,0.1704466736946778,1729822197.969573
200.33812893944486,2003.3812893944487,0.16940615099469702,1729822197.9796968
200.34059839964996,2003.4059839964996,0.16837190404833968,1729822197.9896595
200.3430527823685,2003.4305278236848,0.16734389593514265,1729822197.999795
200.34549217856502,2003.4549217856502,0.16632208994048703,1729822198.009616
200.3479166786687,2003.479166786687,0.16530644955458385,1729822198.0196395
200.35032637257618,2003.5032637257618,0.16429693847147397,1729822198.0296326
200.3527213496546,2003.5272134965458,0.16329352058799607,1729822198.039725
200.3551016987445,2003.551016987445,0.16229616000283797,1729822198.0495262
200.3574675081629,2003.574675081629,0.1613048210155047,1729822198.059596
200.35981886570605,2003.5981886570605,0.16031946812534492,1729822198.0695782
200.3621558586525,2003.621558586525,0.15934006603056516,1729822198.079694
200.36447857376592,2003.6447857376593,0.15836657962721368,1729822198.0896165
200.36678709729802,2003.6678709729802,0.15739897400824254,1729822198.0995824
200.36908151499136,2003.6908151499138,0.15643721446250225,1729822198.109623
200.37136191208236,2003.7136191208238,0.15548126647377536,1729822198.1195579
200.37362837330394,2003.7362837330395,0.15453109571979062,1729822198.1296153
200.37588098288853,2003.7588098288852,0.15358666807128507,1729822198.139601
200.3781198245708,2003.781198245708,0.15264794959100214,1729822198.1495984
200.38034498159044,2003.8034498159045,0.15171490653273778,1729822198.1595685
200.382556536695,2003.82556536695,0.15078750534041852,1729822198.1695788
200.3847545721427,2003.847545721427,0.14986571264709958,1729822198.1797047
200.38693916970504,2003.8693916970506,0.1489494952740199,1729822198.189687
200.3891104106697,2003.891104106697,0.1480388202296855,1729822198.199564
200.39126837584323,2003.9126837584322,0.14713365470890494,1729822198.209558
200.3934131455537,2003.934131455537,0.14623396609181938,1729822198.2200048
200.39554479965352,2003.9554479965352,0.14533972194301625,1729822198.229682
200.39766341752204,2003.9766341752204,0.14445089001054334,1729822198.2395728
200.39976907806826,2003.9976907806827,0.14356743822501705,1729822198.2495558
200.4018618597335,2004.0186185973348,0.14268933469867384,1729822198.2596667
200.40394184049399,2004.0394184049399,0.1418165477244483,1729822198.2695646
200.40600909786366,2004.0600909786367,0.1409490457750583,1729822198.2796118
200.40806370889658,2004.080637088966,0.14008679750205644,1729822198.2896664
200.41010575018967,2004.1010575018968,0.1392297717349703,1729822198.2995944
200.41213529788533,2004.1213529788533,0.13837793748034322,1729822198.309653
200.41415242767388,2004.141524276739,0.13753126392083004,1729822198.3196788
200.41615721479627,2004.1615721479627,0.13668972041433214,1729822198.3296502
200.4181497340466,2004.1814973404662,0.13585327649306655,1729822198.3396633
200.42013005977466,2004.2013005977467,0.1350219018626423,1729822198.3496122
200.4220982658884,2004.220982658884,0.13419556640121655,1729822198.3596272
200.42405442585653,2004.2405442585653,0.13337424015858523,1729822198.3695552
200.425998612711,2004.25998612711,0.13255789335528056,1729822198.3796067
200.42793089904947,2004.2793089904947,0.13174649638170244,1729822198.389604
200.42985135703782,2004.2985135703782,0.13094001979723735,1729822198.3995895
200.4317600584126,2004.317600584126,0.13013843432937733,1729822198.4096255
200.43365707448348,2004.3365707448347,0.12934171087282997,1729822198.4196725
200.43554247613565,2004.3554247613565,0.1285498204886889,1729822198.4296064
200.43741633383232,2004.3741633383231,0.12776273440353847,1729822198.4396422
200.43927871761713,2004.3927871761712,0.12698042400859755,1729822198.449594
200.44112969711648,2004.4112969711648,0.12620286085883847,1729822198.459628
200.442969341542,2004.4296934154202,0.1254300166721699,1729822198.4695864
200.4447977196929,2004.447977196929,0.12466186332855045,1729822198.479644
200.44661489995826,2004.4661489995826,0.12389837286916083,1729822198.4895725
200.4484209503195,2004.484209503195,0.12313951749554952,1729822198.499643
200.4502159383527,2004.502159383527,0.12238526956879425,1729822198.5097044
200.4519999312308,2004.519999312308,0.1216356016086334,1729822198.5195599
200.4537729957261,2004.537729957261,0.12089048629269683,1729822198.5297549
200.45553519821243,2004.5553519821242,0.12014989645560348,1729822198.5396044
200.45728660466753,2004.5728660466752,0.1194138050881638,1729822198.5497134
200.4590272806752,2004.590272806752,0.11868218533655017,1729822198.5597904
200.4607572914277,2004.6075729142772,0.1179550105015047,1729822198.5696764
200.462476701728,2004.6247670172802,0.11723225403746695,1729822198.579661
200.4641855759919,2004.641855759919,0.11651388955178532,1729822198.5895765
200.46588397825036,2004.6588397825035,0.11579989080391584,1729822198.5995426
200.4675719721517,2004.675719721517,0.11509023170460864,1729822198.609722
200.4692496209638,2004.6924962096382,0.11438488631509258,1729822198.6196125
200.47091698757635,2004.7091698757636,0.11368382884626704,1729822198.6297138
200.4725741345029,2004.725741345029,0.11298703365793628,1729822198.6396222
200.47422112388318,2004.7422112388317,0.11229447525798342,1729822198.649645
200.47585801748514,2004.7585801748514,0.11160612830160133,1729822198.65964
200.4774848767072,2004.774848767072,0.1109219675905021,1729822198.6694617
200.4791017625803,2004.791017625803,0.11024196807210351,1729822198.679676
200.48070873577015,2004.8070873577014,0.10956610483879181,1729822198.6896262
200.48230585657916,2004.8230585657916,0.10889435312711171,1729822198.6996562
200.4838931849487,2004.838931849487,0.10822668831701143,1729822198.709901
200.48547078046113,2004.8547078046113,0.1075630859310629,1729822198.7195961
200.48703870234186,2004.8703870234185,0.10690352163370143,1729822198.7296326
200.4885970094615,2004.885970094615,0.10624797123046015,1729822198.7397256
200.49014576033784,2004.9014576033783,0.10559641066719727,1729822198.749671
200.4916850131379,2004.9168501313789,0.1049488160293447,1729822198.7595737
200.49321482568,2004.9321482568002,0.10430516354118324,1729822198.7695537
200.4947352554358,2004.947352554358,0.10366542956504332,1729822198.779613
200.49624635953228,2004.9624635953228,0.10302959060060146,1729822198.789602
200.4977481947537,2004.9774819475372,0.10239762328410407,1729822198.7995884
200.49924081754372,2004.9924081754373,0.10176950438764265,1729822198.8096218
200.50072428400722,2005.0072428400722,0.10114521081842731,1729822198.819643
200.50219864991243,2005.0219864991243,0.10052471961804066,1729822198.8296092
200.5036639706928,2005.0366397069279,0.09990800796168997,1729822198.839661
200.50512030144895,2005.0512030144896,0.09929505315750908,1729822198.8496878
200.5065676969506,2005.065676969506,0.09868583264582298,1729822198.8596685
200.5080062116386,2005.0800621163858,0.09808032399844435,1729822198.869538
200.50943589962668,2005.0943589962667,0.09747850491792398,1729822198.879717
200.5108568147035,2005.108568147035,0.09688035323684374,1729822198.8896084
200.51226901033448,2005.1226901033447,0.09628584691715758,1729822198.8996055
200.5136725396637,2005.136725396637,0.0956949640493957,1729822198.909625
200.51506745551578,2005.1506745551578,0.09510768285204463,1729822198.9195664
200.51645381039773,2005.1645381039773,0.09452398167079934,1729822198.9296763
200.51783165650087,2005.1783165650088,0.09394383897787051,1729822198.9396617
200.51920104570257,2005.1920104570258,0.09336723337129882,1729822198.949634
200.52056202956814,2005.2056202956815,0.09279414357426397,1729822198.9596577
200.52191465935266,2005.2191465935266,0.09222454843440786,1729822198.9696102
200.52325898600282,2005.2325898600282,0.09165842692312764,1729822198.9797263
200.52459506015865,2005.2459506015864,0.09109575813490245,1729822198.9895668
200.5259229321554,2005.259229321554,0.09053652128662548,1729822198.9995484
200.52724265202528,2005.2724265202528,0.0899806957169148,1729822199.0096035
200.5285542694992,2005.285542694992,0.0894282608854472,1729822199.0197887
200.52985783400865,2005.2985783400866,0.08887919637230624,1729822199.029692
200.5311533946873,2005.311533946873,0.08833348187728596,1729822199.0395842
200.53244100037287,2005.3244100037286,0.08779109721926204,1729822199.0496664
200.53372069960886,2005.3372069960888,0.08725202233550433,1729822199.0595834
200.5349925406462,2005.3499254064618,0.08671623728102318,1729822199.0695326
200.536256571445,2005.3625657144498,0.08618372222795123,1729822199.0796692
200.53751283967628,2005.3751283967629,0.08565445746485068,1729822199.0895715
200.5387613927237,2005.387613927237,0.08512842339610394,1729822199.0995243
200.54000227768515,2005.4000227768515,0.08460560054123334,1729822199.1096742
200.5412355413745,2005.412355413745,0.08408596953429004,1729822199.1196277
200.54246123032328,2005.4246123032328,0.08356951112320565,1729822199.1296504
200.5436793907823,2005.436793907823,0.08305620616915987,1729822199.1395931
200.5448900687233,2005.4489006872332,0.08254603564594631,1729822199.1496422
200.54609330984064,2005.4609330984065,0.08203898063935611,1729822199.1595976
200.5472891595529,2005.4728915955288,0.0815350223465402,1729822199.1696084
200.54847766300446,2005.4847766300445,0.0810341420753965,1729822199.1796856
200.54965886506724,2005.4965886506725,0.08053632124394283,1729822199.1896958
200.5508328103422,2005.508328103422,0.0800415413797112,1729822199.1995559
200.55199954316095,2005.5199954316095,0.07954978411912605,1729822199.2097607
200.55315910758736,2005.5315910758736,0.07906103120690211,1729822199.2198021
200.55431154741913,2005.5431154741914,0.07857526449543151,1729822199.2296565
200.5554569061894,2005.554569061894,0.07809246594420116,1729822199.239603
200.55659522716823,2005.5659522716824,0.0776126176191515,1729822199.2495804
200.55772655336423,2005.5772655336423,0.07713570169210804,1729822199.259629
200.55885092752607,2005.5885092752605,0.07666170044019516,1729822199.2695706
200.55996839214401,2005.5996839214401,0.07619059624521618,1729822199.279669
200.56107898945146,2005.6107898945147,0.0757223715930796,1729822199.2897167
200.56218276142644,2005.6218276142645,0.07525700907321997,1729822199.2995846
200.56327974979314,2005.6327974979313,0.07479449137799932,1729822199.3096182
200.5643699960234,2005.643699960234,0.07433480130215109,1729822199.319885
200.56545354133823,2005.6545354133823,0.07387792174217445,1729822199.3296149
200.56653042670922,2005.6653042670923,0.07342383569577648,1729822199.339593
200.56760069286014,2005.6760069286015,0.07297252626131445,1729822199.3496776
200.56866438026827,2005.6866438026827,0.07252397663718113,1729822199.359584
200.569721529166,2005.69721529166,0.07207817012129858,1729822199.3695927
200.57077217954213,2005.7077217954213,0.07163509011049995,1729822199.3796947
200.57181637114343,2005.7181637114343,0.07119472010002148,1729822199.3895967
200.572854143476,2005.72854143476,0.07075704368291269,1729822199.3996413
200.5738855358068,2005.738855358068,0.07032204454948932,1729822199.409624
200.57491058716494,2005.7491058716494,0.06988970648677906,1729822199.4196675
200.57592933634314,2005.7592933634314,0.06946001337797447,1729822199.4296143
200.5769418218992,2005.769418218992,0.06903294920191427,1729822199.439687
200.5779480821573,2005.7794808215729,0.06860849803248292,1729822199.4496667
200.57894815520942,2005.7894815520942,0.06818664403812569,1729822199.4596615
200.57994207891673,2005.7994207891672,0.0677673714812802,1729822199.469507
200.58092989091094,2005.8092989091094,0.06735066471786488,1729822199.4796555
200.58191162859572,2005.819116285957,0.0669365081967247,1729822199.4898052
200.58288732914795,2005.8288732914796,0.06652488645909826,1729822199.4995599
200.58385702951918,2005.8385702951919,0.06611578413813113,1729822199.5096402
200.58482076643688,2005.8482076643688,0.06570918595830377,1729822199.519786
200.58577857640583,2005.8577857640582,0.0653050767349449,1729822199.5296898
200.58673049570942,2005.8673049570941,0.0649034413736932,1729822199.5396903
200.58767656041098,2005.8767656041098,0.06450426487000172,1729822199.5496728
200.5886168063551,2005.886168063551,0.06410753230859079,1729822199.5595984
200.58955126916888,2005.8955126916887,0.06371322886297193,1729822199.5696034
200.59047998426325,2005.9047998426327,0.06332133979493626,1729822199.5796676
200.5914029868343,2005.914029868343,0.06293185045403227,1729822199.5896046
200.59232031186454,2005.9232031186455,0.06254474627707196,1729822199.599644
200.5932319941241,2005.932319941241,0.06216001278763528,1729822199.6095984
200.59413806817207,2005.9413806817206,0.06177763559556915,1729822199.6198099
200.5950385683578,2005.9503856835781,0.06139760039649722,1729822199.629707
200.59593352882206,2005.9593352882207,0.06101989297131005,1729822199.639686
200.59682298349827,2005.9682298349826,0.060644499185699696,1729822199.6495795
200.59770696611383,2005.9770696611383,0.06027140498967298,1729822199.65969
200.5985855101913,2005.9858551019129,0.05990059641704526,1729822199.6696513
200.5994586490496,2005.9945864904962,0.05953205958497676,1729822199.679782
200.6003264158053,2006.003264158053,0.05916578069348588,1729822199.689691
200.60118884337373,2006.0118884337373,0.05880174602496957,1729822199.6996336
200.60204596447025,2006.0204596447024,0.058439941943748575,1729822199.7095485
200.6028978116114,2006.028978116114,0.05808035489556651,1729822199.7195764
200.60374441711613,2006.0374441711613,0.05772297140715288,1729822199.729559
200.60458581310698,2006.0458581310697,0.057367778085731014,1729822199.739682
200.6054220315112,2006.0542203151122,0.05701476161855623,1729822199.7495606
200.606253104062,2006.0625310406201,0.056663908772473515,1729822199.7596574
200.60707906229962,2006.0707906229961,0.056315206393439676,1729822199.7695596
200.60789993757254,2006.0789993757253,0.05596864140607394,1729822199.7796094
200.6087157610386,2006.0871576103862,0.055624200813197855,1729822199.789679
200.6095265636662,2006.0952656366621,0.05528187169540366,1729822199.799712
200.61033237623536,2006.1033237623537,0.05494164121057288,1729822199.809671
200.61113322933886,2006.1113322933886,0.05460349659345176,1729822199.8197737
200.6119291533834,2006.1192915338338,0.05426742515520189,1729822199.8296459
200.61272017859065,2006.1272017859064,0.05393341428296139,1729822199.8396702
200.61350633499848,2006.1350633499846,0.05360145143939199,1729822199.849564
200.6142876524619,2006.1428765246192,0.05327152416225267,1729822199.8597193
200.6150641606543,2006.150641606543,0.05294362006396269,1729822199.8695405
200.61583588906842,2006.1583588906842,0.05261772683117172,1729822199.8796859
200.61660286701752,2006.1660286701751,0.05229383222431572,1729822199.889586
200.61736512363638,2006.1736512363636,0.051971924077201304,1729822199.8996308
200.61812268788245,2006.1812268788244,0.05165199029659717,1729822199.9097102
200.6188755885369,2006.188755885369,0.05133401886176514,1729822199.9198234
200.61962385420557,2006.1962385420557,0.0510179978240658,1729822199.9296267
200.6203675133202,2006.2036751332018,0.050703915306557046,1729822199.93965
200.6211065941393,2006.211065941393,0.05039175950353936,1729822199.9496996
200.62184112474932,2006.2184112474933,0.0500815186801703,1729822199.959647
200.6225711330656,2006.225711330656,0.04977318117203289,1729822199.9696436
200.62329664683347,2006.2329664683348,0.04946673538475366,1729822199.9816766
200.62401769362918,2006.2401769362918,0.04916216979355681,1729822199.9896977
200.624734300861,2006.2473430086102,0.04885947294287696,1729822199.9996104
200.62544649577018,2006.2544649577017,0.04855863344597544,1729822200.0096881
200.62615430543192,2006.2615430543192,0.048259639984506886,1729822200.01967
200.62685775675652,2006.2685775675652,0.04796248130815328,1729822200.0295792
200.6275568764902,2006.275568764902,0.047667146234172786,1729822200.0396156
200.62825169121612,2006.282516912161,0.04737362364706932,1729822200.049622
200.62894222735548,2006.289422273555,0.04708190249816091,1729822200.0595376
200.62962851116836,2006.2962851116836,0.046791971805197785,1729822200.0695655
200.6303105687547,2006.303105687547,0.04650382065197334,1729822200.0796504
200.63098842605538,2006.3098842605539,0.04621743818795998,1729822200.0900214
200.63166210885302,2006.3166210885302,0.04593281362787749,1729822200.0996978
200.63233164277304,2006.3233164277303,0.04564993625135905,1729822200.1097548
200.63299705328458,2006.329970532846,0.04536879540255512,1729822200.1195972
200.63365836570142,2006.3365836570142,0.04508938048973199,1729822200.1295593
200.63431560518293,2006.3431560518293,0.04481168098494137,1729822200.1396618
200.634968796735,2006.3496879673498,0.044535686423610055,1729822200.1496034
200.63561796521097,2006.3561796521096,0.0442613864041882,1729822200.1596212
200.63626313531256,2006.3626313531256,0.04398877058775852,1729822200.1695752
200.63690433159073,2006.3690433159072,0.043717828697691696,1729822200.1796527
200.63754157844662,2006.3754157844662,0.04344855051928043,1729822200.189644
200.6381749001325,2006.381749001325,0.043180925899366396,1729822200.199652
200.6388043207526,2006.388043207526,0.04291494474596724,1729822200.2096796
200.63942986426403,2006.3942986426403,0.04265059702794438,1729822200.2196062
200.64005155447765,2006.4005155447765,0.042387872774619306,1729822200.2296715
200.640669415059,2006.4066941505898,0.04212676207545385,1729822200.2396724
200.64128346952907,2006.4128346952907,0.041867255079648724,1729822200.2496002
200.64189374126533,2006.4189374126533,0.04160934199584154,1729822200.2595532
200.64250025350245,2006.4250025350245,0.04135301309171602,1729822200.269554
200.64310302933322,2006.4310302933322,0.041098258693685774,1729822200.279629
200.64370209170946,2006.4370209170945,0.04084506918653197,1729822200.2896235
200.64429746344277,2006.4429746344276,0.04059343501304802,1729822200.299545
200.64488916720543,2006.4488916720543,0.04034334667372874,1729822200.309661
200.64547722553124,2006.4547722553125,0.04009479472641153,1729822200.3196704
200.64606166081634,2006.4606166081635,0.03984776978595128,1729822200.3296082
200.6466424953201,2006.4664249532009,0.03960226252385979,1729822200.3396585
200.64721975116584,2006.4721975116584,0.03935826366798423,1729822200.34957
200.64779345034174,2006.4779345034174,0.039115764002187414,1729822200.359636
200.6483636147016,2006.4836361470159,0.038874754366003184,1729822200.3695827
200.6489302659657,2006.489302659657,0.03863522565432553,1729822200.3797226
200.6494934257216,2006.494934257216,0.03839716881704802,1729822200.3896317
200.6500531154249,2006.500531154249,0.03816057485876889,1729822200.3995912
200.65060935640005,2006.5060935640006,0.03792543483846067,1729822200.40965
200.6511621698412,2006.511621698412,0.037691739869143315,1729822200.4195652
200.65171157681291,2006.517115768129,0.03745948111757513,1729822200.4296405
200.652257598251,2006.52257598251,0.03722864980391882,1729822200.4396822
200.65280025496327,2006.5280025496327,0.036999237201439494,1729822200.4495895
200.6533395676303,2006.533395676303,0.036771234636184924,1729822200.4595819
200.65387555680627,2006.5387555680627,0.03654463348668535,1729822200.4695444
200.6544082429196,2006.544082429196,0.03631942518360354,1729822200.4796615
200.65493764627385,2006.5493764627386,0.03609560120949318,1729822200.4895911
200.6554637870484,2006.554637870484,0.035873153098427646,1729822200.499648
200.65598668529918,2006.559866852992,0.03565207243571755,1729822200.5096586
200.6565063609595,2006.565063609595,0.035432350857637185,1729822200.5195012
200.6570228338407,2006.570228338407,0.03521398005106746,1729822200.529667
200.65753612363298,2006.5753612363299,0.034996951753234806,1729822200.539564
200.65804624990605,2006.5804624990606,0.034781257751394956,1729822200.5496817
200.65855323210988,2006.5855323210988,0.03456688988255585,1729822200.5597062
200.6590570895755,2006.590570895755,0.03435384003317388,1729822200.5696802
200.6595578415156,2006.595578415156,0.03414210013883412,1729822200.5797153
200.66005550702536,2006.6005550702537,0.033931662183992795,1729822200.5896013
200.66055010508308,2006.6055010508308,0.03372251820168415,1729822200.5995824
200.6610416545509,2006.610416545509,0.03351466027320782,1729822200.6096435
200.66153017417557,2006.6153017417557,0.03330808052787304,1729822200.6196144
200.66201568258907,2006.6201568258907,0.03310277114268423,1729822200.6296132
200.66249819830938,2006.6249819830937,0.032898724342079855,1729822200.6396496
200.66297773974108,2006.6297773974109,0.03269593239762869,1729822200.64957
200.6634543251761,2006.634543251761,0.03249438762777401,1729822200.659647
200.6639279727944,2006.639279727944,0.03229408239754761,1729822200.6695364
200.66439870066463,2006.6439870066463,0.03209500911828733,1729822200.6796448
200.66486652674485,2006.6486652674485,0.03189716024734757,1729822200.6896517
200.6653314688831,2006.653314688831,0.03170052828785053,1729822200.6995873
200.66579354481817,2006.6579354481817,0.0315051057884127,1729822200.709618
200.66625277218023,2006.6625277218022,0.031310885342853534,1729822200.719639
200.66670916849148,2006.6670916849148,0.031117859589946728,1729822200.7296891
200.6671627511668,2006.6716275116682,0.030926021213134258,1729822200.7396524
200.66761353751446,2006.6761353751444,0.030735362940268796,1729822200.7496102
200.66806154473662,2006.680615447366,0.030545877543361466,1729822200.7595947
200.66850678993018,2006.6850678993019,0.030357557838297633,1729822200.7695549
200.66894929008723,2006.6894929008722,0.030170396684579326,1729822200.7795982
200.66938906209583,2006.6938906209584,0.02998438698509076,1729822200.7895737
200.66982612274055,2006.6982612274055,0.029799521685792807,1729822200.7996516
200.67026048870312,2006.7026048870312,0.029615793775513377,1729822200.8096116
200.67069217656308,2006.7069217656308,0.02943319628565788,1729822200.819742
200.6711212027984,2006.711212027984,0.029251722289980076,1729822200.8297014
200.67154758378604,2006.7154758378604,0.029071364904299624,1729822200.839699
200.67197133580265,2006.7197133580266,0.02889211728628005,1729822200.8496833
200.6723924750251,2006.7239247502512,0.028713972635158735,1729822200.8596373
200.67281101753113,2006.7281101753113,0.028536924191521318,1729822200.8695793
200.67322697929998,2006.732269793,0.028360965237033464,1729822200.8796508
200.6736403762129,2006.736403762129,0.028186089094179745,1729822200.8896499
200.6740512240538,2006.740512240538,0.02801228912608067,1729822200.8996422
200.67445953850992,2006.7445953850993,0.027839558736176495,1729822200.909605
200.67486533517226,2006.7486533517226,0.02766789136804071,1729822200.9197493
200.67526862953625,2006.7526862953625,0.027497280505104693,1729822200.9295719
200.67566943700234,2006.7566943700235,0.027327719670446338,1729822200.9396427
200.67606777287656,2006.7606777287656,0.027159202426539575,1729822200.949623
200.67646365237113,2006.7646365237113,0.026991722375018123,1729822200.9596353
200.67685709060493,2006.7685709060493,0.02682527315643035,1729822200.9695597
200.67724810260418,2006.7724810260418,0.02665984845003677,1729822200.979627
200.67763670330297,2006.7763670330296,0.026495441973550693,1729822200.989694
200.67802290754378,2006.7802290754378,0.026332047482910848,1729822200.999553
200.67840673007808,2006.7840673007809,0.026169658772068227,1729822201.0096326
200.6787881855669,2006.787881855669,0.026008269672746276,1729822201.0195425
200.67916728858128,2006.7916728858129,0.02584787405420108,1729822201.0295842
200.67954405360297,2006.7954405360297,0.025688465823045514,1729822201.0396514
200.67991849502485,2006.7991849502484,0.025530038922961462,1729822201.049581
200.68029062715152,2006.8029062715152,0.025372587334515084,1729822201.059609
200.68066046419983,2006.8066046419983,0.025216105074932993,1729822201.0695777
200.6810280202994,2006.8102802029941,0.025060586197880208,1729822201.0796614
200.68139330949325,2006.8139330949325,0.02490602479323989,1729822201.0896657
200.68175634573814,2006.8175634573813,0.024752414986875304,1729822201.0995758
200.68211714290524,2006.8211714290524,0.024599750940450416,1729822201.1096308
200.68247571478065,2006.8247571478064,0.02444802685120251,1729822201.119578
200.68283207506585,2006.8283207506583,0.024297236951705936,1729822201.1295834
200.68318623737824,2006.8318623737823,0.024147375509687374,1729822201.1396182
200.68353821525167,2006.8353821525168,0.023998436827805558,1729822201.149638
200.68388802213693,2006.8388802213692,0.02385041524343634,1729822201.1596048
200.68423567140226,2006.8423567140226,0.02370330512848262,1729822201.1696396
200.68458117633386,2006.8458117633386,0.023557100889138094,1729822201.1796722
200.68492455013643,2006.8492455013643,0.023411796965707832,1729822201.189654
200.68526580593354,2006.8526580593355,0.023267387832370257,1729822201.1996772
200.6856049567683,2006.856049567683,0.023123867997022596,1729822201.209719
200.68594201560367,2006.8594201560368,0.022981232001025087,1729822201.2197745
200.68627699532314,2006.8627699532315,0.022839474419037553,1729822201.2297063
200.68660990873101,2006.8660990873102,0.022698589858797358,1729822201.2396321
200.68694076855306,2006.8694076855306,0.022558572960948875,1729822201.2497272
200.68726958743687,2006.8726958743687,0.02241941839880013,1729822201.2596602
200.68759637795245,2006.8759637795245,0.022281120878168248,1729822201.2695909
200.68792115259257,2006.8792115259257,0.022143675137157426,1729822201.279765
200.68824392377334,2006.8824392377335,0.022007075945979504,1729822201.2896254
200.68856470383463,2006.8856470383462,0.021871318106749693,1729822201.2996485
200.68888350504048,2006.8888350504049,0.021736396453300055,1729822201.3095927
200.6892003395797,2006.892003395797,0.021602305851008974,1729822201.3197455
200.68951521956623,2006.8951521956624,0.02146904119655424,1729822201.3296494
200.68982815703959,2006.8982815703957,0.021336597417794034,1729822201.3395987
200.69013916396537,2006.9013916396536,0.021204969473521795,1729822201.3496532
200.69044825223568,2006.9044825223568,0.021074152353318776,1729822201.3595357
200.6907554336696,2006.9075543366962,0.020944141077349765,1729822201.3695245
200.69106072001364,2006.9106072001364,0.02081493069617657,1729822201.3796904
200.6913641229421,2006.913641229421,0.02068651629058038,1729822201.3899455
200.69166565405766,2006.9166565405767,0.02055889297138236,1729822201.3995728
200.6919653248916,2006.9196532489161,0.020432055879246458,1729822201.4096498
200.6922631469045,2006.922631469045,0.020306000184544426,1729822201.4196715
200.6925591314865,2006.925591314865,0.02018072108711244,1729822201.4296138
200.69285328995767,2006.9285328995766,0.020056213816109003,1729822201.439634
200.69314563356866,2006.9314563356866,0.019932473629853287,1729822201.449648
200.69343617350094,2006.9343617350094,0.019809495815611977,1729822201.4596002
200.69372492086728,2006.9372492086727,0.019687275689450057,1729822201.4695652
200.69401188671222,2006.9401188671222,0.01956580859605317,1729822201.4799657
200.69429708201238,2006.9429708201237,0.01944508990853222,1729822201.4896169
200.69458051767697,2006.9458051767697,0.019325115028284823,1729822201.4996278
200.69486220454814,2006.9486220454814,0.019205879384808777,1729822201.509569
200.69514215340143,2006.9514215340143,0.019087378435531543,1729822201.5196764
200.6954203749462,2006.954203749462,0.018969607665646815,1729822201.5297122
200.6956968798259,2006.956968798259,0.01885256258792445,1729822201.539637
200.69597167861866,2006.9597167861866,0.018736238742593225,1729822201.549631
200.69624478183758,2006.9624478183757,0.01862063169712236,1729822201.5596788
200.69651619993112,2006.9651619993112,0.018505737046074056,1729822201.5696063
200.69678594328354,2006.9678594328354,0.018391550410957858,1729822201.5796816
200.69705402221527,2006.9705402221527,0.01827806744004945,1729822201.5895913
200.6973204469833,2006.973204469833,0.01816528380823612,1729822201.59967
200.6975852277816,2006.9758522778159,0.018053195216848006,1729822201.6096604
200.69784837474143,2006.9784837474142,0.01794179739349644,1729822201.6198354
200.6981098979318,2006.981098979318,0.017831086091928294,1729822201.6296403
200.69836980735985,2006.9836980735986,0.01772105709187144,1729822201.6396737
200.69862811297116,2006.9862811297116,0.017611706198841115,1729822201.649596
200.69888482465018,2006.9888482465017,0.017503029244028023,1729822201.6597006
200.69913995222058,2006.9913995222057,0.017395022084120693,1729822201.6695843
200.69939350544564,2006.9939350544564,0.017287680601156263,1729822201.6796508
200.69964549402863,2006.9964549402862,0.017181000702362392,1729822201.689622
200.69989592761317,2006.9989592761317,0.017074978320006262,1729822201.6996222
200.70014481578352,2007.001448157835,0.016969609411231157,1729822201.7096767
200.70039216806506,2007.0039216806506,0.016864889957956986,1729822201.7198641
200.7006379939246,2007.006379939246,0.016760815966651132,1729822201.7295778
200.7008823027707,2007.008823027707,0.016657383468246745,1729822201.7397096
200.70112510395413,2007.0112510395413,0.016554588517956215,1729822201.749694
200.70136640676807,2007.0136640676808,0.0164524271951344,1729822201.7595596
200.7016062204486,2007.0160622044862,0.01635089560314007,1729822201.769549
200.701844554175,2007.0184455417502,0.016249989869188464,1729822201.779653
200.7020814170701,2007.020814170701,0.016149706144194975,1729822201.789714
200.70231681820061,2007.0231681820062,0.01605004060263482,1729822201.7996545
200.70255076657747,2007.0255076657747,0.015950989442402697,1729822201.8096943
200.7027832711562,2007.027832711562,0.015852548884684903,1729822201.819711
200.70301434083723,2007.0301434083722,0.015754715173806555,1729822201.8295887
200.70324398446627,2007.0324398446628,0.0156574845770735,1729822201.839606
200.7034722108346,2007.0347221083462,0.015560853384658624,1729822201.8496332
200.70369902867944,2007.0369902867944,0.015464817909452644,1729822201.859529
200.70392444668423,2007.0392444668423,0.015369374486925547,1729822201.8695614
200.70414847347902,2007.0414847347902,0.015274519474998693,1729822201.8798373
200.70437111764076,2007.0437111764077,0.0151802492538885,1729822201.8898149
200.70459238769362,2007.0459238769363,0.01508656022599808,1729822201.8996131
200.70481229210938,2007.0481229210939,0.0149934488157627,1729822201.9097
200.70503083930763,2007.0503083930762,0.014900911469507672,1729822201.9204528
200.7052480376562,2007.052480376562,0.014808944655355982,1729822201.9295905
200.70546389547144,2007.0546389547144,0.014717544863050658,1729822201.9396775
200.70567842101852,2007.0567842101852,0.014626708603833971,1729822201.9495993
200.70589162251176,2007.0589162251176,0.01453643241034619,1729822201.959659
200.70610350811492,2007.0610350811492,0.014446712836458597,1729822201.969666
200.70631408594156,2007.0631408594156,0.01435754645716869,1729822201.9797075
200.70652336405527,2007.0652336405528,0.014268929868454516,1729822201.9896145
200.70673135047005,2007.0673135047005,0.014180859687164538,1729822201.999682
200.70693805315057,2007.0693805315057,0.014093332550882631,1729822202.0095913
200.70714348001252,2007.0714348001252,0.014006345117798413,1729822202.0198176
200.7073476389228,2007.073476389228,0.01391989406656513,1729822202.0295868
200.70755053770003,2007.0755053770004,0.013833976096239264,1729822202.0396502
200.70775218411455,2007.0775218411454,0.013748587926060263,1729822202.0496504
200.70795258588902,2007.07952585889,0.013663726295427447,1729822202.0596523
200.70815175069848,2007.0815175069847,0.013579387963688627,1729822202.0695748
200.70834968617075,2007.0834968617075,0.013495569710083255,1729822202.079655
200.70854639988673,2007.0854639988672,0.013412268333600319,1729822202.089673
200.7087418993806,2007.087418993806,0.01332948065284334,1729822202.099553
200.70893619214027,2007.0893619214028,0.013247203505937999,1729822202.1095676
200.70912928560745,2007.0912928560745,0.013165433750379374,1729822202.1196456
200.70932118717812,2007.0932118717813,0.013084168262953777,1729822202.129629
200.70951190420269,2007.095119042027,0.013003403939573555,1729822202.1397126
200.70970144398632,2007.0970144398632,0.012923137695220244,1729822202.1496198
200.70988981378923,2007.0988981378923,0.012843366463782924,1729822202.1595354
200.71007702082693,2007.1007702082693,0.012764087197951635,1729822202.1695237
200.71026307227052,2007.1026307227053,0.012685296869114349,1729822202.1796415
200.71044797524695,2007.1044797524696,0.012606992467229072,1729822202.1897497
200.71063173683928,2007.1063173683929,0.012529171000722594,1729822202.1996186
200.71081436408696,2007.1081436408695,0.012451829496382127,1729822202.2096245
200.7109958639861,2007.1099586398611,0.012374964999223859,1729822202.219678
200.7111762434898,2007.111762434898,0.012298574572400578,1729822202.2295988
200.71135550950825,2007.1135550950826,0.012222655297075558,1729822202.2396972
200.71153366890914,2007.1153366890915,0.012147204272333734,1729822202.2496212
200.71171072851791,2007.1171072851791,0.012072218615052033,1729822202.259593
200.71188669511793,2007.1188669511794,0.011997695459782132,1729822202.269519
200.71206157545078,2007.1206157545078,0.011923631958690062,1729822202.2796984
200.71223537621657,2007.1223537621656,0.011850025281405219,1729822202.2897658
200.71240810407414,2007.1240810407414,0.011776872614924438,1729822202.2995903
200.71257976564135,2007.1257976564134,0.01170417116350897,1729822202.3095803
200.71275036749526,2007.1275036749525,0.011631918148576115,1729822202.3197358
200.71291991617247,2007.1291991617247,0.011560110808605084,1729822202.3296332
200.71308841816926,2007.1308841816926,0.011488746399014427,1729822202.339728
200.713255879942,2007.1325587994202,0.011417822192092753,1729822202.3496246
200.71342230790725,2007.1342230790724,0.01134733547683886,1729822202.3595467
200.71358770844202,2007.1358770844201,0.011277283558917328,1729822202.3695586
200.7137520878841,2007.137520878841,0.011207663760532394,1729822202.379609
200.7139154525322,2007.139154525322,0.011138473420308936,1729822202.3896813
200.7140778086463,2007.140778086463,0.01106970989324274,1729822202.399536
200.71423916244774,2007.1423916244773,0.01100137055053707,1729822202.4096353
200.71439952011963,2007.1439952011963,0.010933452779556485,1729822202.4197028
200.71455888780693,2007.1455888780692,0.010865953983691834,1729822202.4295664
200.71471727161676,2007.1471727161677,0.010798871582292757,1729822202.4396389
200.71487467761867,2007.1487467761867,0.010732203010555774,1729822202.4496102
200.71503111184475,2007.1503111184475,0.010665945719412373,1729822202.4595711
200.71518658029,2007.1518658029001,0.010600097175466838,1729822202.4695303
200.71534108891245,2007.1534108891246,0.010534654860863024,1729822202.4797373
200.71549464363343,2007.1549464363343,0.010469616273231064,1729822202.4896195
200.71564725033784,2007.1564725033784,0.010404978925554142,1729822202.499555
200.71579891487428,2007.157989148743,0.010340740346085009,1729822202.5095718
200.71594964305532,2007.1594964305532,0.010276898078266039,1729822202.5195522
200.71609944065776,2007.1609944065776,0.010213449680642195,1729822202.5296009
200.71624831342277,2007.1624831342276,0.010150392726734903,1729822202.5395756
200.71639626705615,2007.1639626705614,0.010087724804981657,1729822202.5497153
200.71654330722862,2007.1654330722863,0.010025443518640098,1729822202.5601654
200.71668943957587,2007.1668943957588,0.009963546485667218,1729822202.5696728
