0.010573192093820197,0.10573192093820197,0.7208978225381439,1729822340.559877
0.021206561741731397,0.21206561741731397,0.7250008282647904,1729822340.5603087
0.03190043200085313,0.3190043200085313,0.7291258605631625,1729822340.569625
0.04265512743866515,0.42655127438665147,0.733273022412132,1729822340.5796423
0.05347097413746822,0.5347097413746822,0.7374424170947165,1729822340.5896752
0.06434829969882536,0.6434829969882536,0.7416341481967403,1729822340.5995793
0.07528743324798336,0.7528743324798336,0.7458483196055006,1729822340.609612
0.08628870543827429,0.8628870543827428,0.7500850355083919,1729822340.6196818
0.09735244845549607,0.9735244845549607,0.7543444003914839,1729822340.6295774
0.1084789960222716,1.084789960222716,0.7586265190380608,1729822340.639719
0.11966868340238662,1.196686834023866,0.7629314965271685,1729822340.6495984
0.1309218474051045,1.309218474051045,0.7672594382320426,1729822340.6596193
0.14223882638945884,1.4223882638945884,0.771610449818591,1729822340.6696475
0.1536199602685218,1.5361996026852178,0.7759846372437529,1729822340.6796613
0.16506559051364905,1.6506559051364906,0.7803821067538894,1729822340.6897013
0.1765760601586998,1.7657606015869982,0.7848029648830852,1729822340.699554
0.18815171380423182,1.8815171380423181,0.7892473184514592,1729822340.709502
0.19979289762167066,1.9979289762167065,0.7937152745633884,1729822340.7196684
0.21149995935745244,2.1149995935745243,0.7982069406057117,1729822340.7295551
0.22327324833713974,2.2327324833713975,0.802722424245897,1729822340.739643
0.23511311546951014,2.3511311546951013,0.8072618334301793,1729822340.7496104
0.24701991325061665,2.4701991325061665,0.8118252763816336,1729822340.7595317
0.2589939957678189,2.589939957678189,0.8164128615981958,1729822340.7696338
0.27103571870378595,2.7103571870378595,0.8210246978507143,1729822340.779684
0.28314543934046815,2.8314543934046816,0.8256608941808448,1729822340.789643
0.29532351656303907,2.9532351656303906,0.8303215598990163,1729822340.7996433
0.30757031086380593,3.0757031086380593,0.8350068045822752,1729822340.809712
0.31988618434608834,3.1988618434608833,0.8397167380721224,1729822340.8196378
0.3322715007280644,3.3227150072806437,0.8444514704722976,1729822340.8296576
0.3447266253465838,3.4472662534658385,0.8492111121465242,1729822340.839741
0.35725192516094706,3.572519251609471,0.8539957737161898,1729822340.8496077
0.3698477687566502,3.698477687566502,0.8588055660580209,1729822340.8595371
0.3825145263490946,3.825145263490946,0.8636406003016617,1729822340.86963
0.39525256978726053,3.9525256978726055,0.8685009878272509,1729822340.8795528
0.40806227255734484,4.080622725573448,0.8733868402629301,1729822340.8896885
0.42094400978636104,4.20944009786361,0.87829826948231,1729822340.8996825
0.43389815824570166,4.338981582457016,0.8832353876018881,1729822340.9095426
0.44692509635466193,4.469250963546619,0.8881983069784105,1729822340.9197357
0.4600252041839245,4.600252041839245,0.8931871402062217,1729822340.9295819
0.4731988634590039,4.7319886345900395,0.8982020001145059,1729822340.9396243
0.4864464575636505,4.8644645756365055,0.9032429997645408,1729822340.9495447
0.49976837154321263,4.997683715432126,0.9083102524468447,1729822340.959559
0.5131649921079573,5.131649921079573,0.9134038716783397,1729822340.9696074
0.5266367076363474,5.2663670763634745,0.9185239711993922,1729822340.9796555
0.5401839081782756,5.4018390817827555,0.923670664970859,1729822340.9895709
0.5538069854582534,5.538069854582534,0.9288440671710585,1729822340.9997046
0.5675063328785558,5.675063328785558,0.9340442921926833,1729822341.0095685
0.5812823455223197,5.812823455223198,0.9392714546396916,1729822341.0195682
0.5951354201565956,5.951354201565956,0.9445256693241102,1729822341.0295029
0.6090659552353516,6.090659552353515,0.9498070512627883,1729822341.039708
0.6230743509024296,6.230743509024296,0.9551157156741474,1729822341.0495572
0.6371610089944526,6.371610089944526,0.960451777974799,1729822341.059587
0.6513263330436817,6.513263330436817,0.9658153537761816,1729822341.0696404
0.665570728280823,6.65570728280823,0.9712065588810883,1729822341.079629
0.6798946016377825,6.798946016377824,0.9766255092801692,1729822341.08962
0.6942983617503694,6.942983617503694,0.9820723211483766,1729822341.0995626
0.7087824189609461,7.087824189609461,0.9875471108413396,1729822341.1095934
0.7233471853210242,7.233471853210242,0.9930499948916995,1729822341.119648
0.7379930745938059,7.37993074593806,0.9985810900053671,1729822341.129602
0.7527205022566702,7.527205022566702,1.0041405130577619,1729822341.1402771
0.7675298855036019,7.675298855036019,1.0097283810899327,1729822341.1496596
0.7824216432475644,7.824216432475644,1.0153448113046852,1729822341.1597118
0.7973961961228131,7.973961961228131,1.0209899210625923,1729822341.1696165
0.8124539664871516,8.124539664871516,1.0266638278780202,1729822341.179633
0.8275953784241263,8.275953784241263,1.0323666494149843,1729822341.1896334
0.8428208577451615,8.428208577451615,1.0380985034830708,1729822341.1996639
0.8581308319916321,8.581308319916321,1.0438595080332067,1729822341.2096546
0.8735257304368745,8.735257304368746,1.049649781153392,1729822341.21969
0.8890059840881339,8.890059840881339,1.055469441064411,1729822341.229614
0.9045720256884467,9.045720256884467,1.0613186061154074,1729822341.2396822
0.920224289718459,9.20224289718459,1.0671973947794864,1729822341.2495894
0.9359632123981776,9.359632123981775,1.0731059256491597,1729822341.2596762
0.9517892316886547,9.517892316886547,1.079044317431811,1729822341.2695718
0.967702787293605,9.677027872936051,1.08501268894505,1729822341.2796717
0.9837043206609533,9.837043206609533,1.0910111591120148,1729822341.2896008
0.9997942749843117,9.997942749843117,1.0970398469566056,1729822341.299627
1.015973095204388,10.15973095204388,1.1030988715986776,1729822341.3096576
1.0322412280103201,10.322412280103201,1.1091883522491226,1729822341.3197033
1.0485991218409396,10.485991218409396,1.1153084082049414,1729822341.329514
1.0650472268859599,10.650472268859598,1.1214591588442004,1729822341.3397186
1.0815859950870914,10.815859950870914,1.1276407236209607,1729822341.3496327
1.0982158801390802,10.982158801390803,1.1338532220601028,1729822341.35967
1.1149373374906706,11.149373374906705,1.1400967737521241,1729822341.3696647
1.131750824345489,11.31750824345489,1.1463714983478528,1729822341.3796275
1.1486567996628512,11.486567996628512,1.1526775155530629,1729822341.3896024
1.165655724158488,11.65655724158488,1.15901494512308,1729822341.399622
1.1827480603051914,11.827480603051914,1.1653839068572711,1729822341.4102736
1.19993427233338,11.999342723333799,1.1717845205934843,1729822341.4196322
1.217214826231579,12.17214826231579,1.1782169062024213,1729822341.4296367
1.2345901897468199,12.345901897468199,1.1846811835819266,1729822341.4401443
1.2520608323849536,12.520608323849537,1.191177472651227,1729822341.4496377
1.2696272254108778,12.696272254108777,1.1977058933450742,1729822341.459549
1.2872898418486785,12.872898418486784,1.2042665656078444,1729822341.469666
1.3050491564816828,13.050491564816829,1.2108596093875554,1729822341.4802017
1.3229056458524246,13.229056458524246,1.2174851446297879,1729822341.489628
1.3408597882625175,13.408597882625175,1.224143291271578,1729822341.499622
1.3589120637724394,13.589120637724395,1.2308341692352023,1729822341.5095644
1.3770629542012243,13.770629542012243,1.2375578984219195,1729822341.5196223
1.3953129431260598,13.953129431260598,1.2443145987056077,1729822341.529582
1.4136625158817926,14.136625158817926,1.2511043899263476,1729822341.5396328
1.4321121595603368,14.321121595603367,1.2579273918839344,1729822341.549685
1.4506623630099864,14.506623630099863,1.2647837243312885,1729822341.5595255
1.4693136168346317,14.693136168346317,1.271673506967846,1729822341.569602
1.488066413392875,14.88066413392875,1.2785968594328068,1729822341.5796149
1.5069212467970476,15.069212467970477,1.2855539012983594,1729822341.589873
1.5258786129121271,15.25878612912127,1.2925447520628033,1729822341.5996535
1.544939009354551,15.44939009354551,1.2995695311436062,1729822341.6095397
1.5641029354909286,15.641029354909286,1.3066283578703917,1729822341.6195517
1.5833708924366483,15.833708924366483,1.3137213514778157,1729822341.6295846
1.6027433830543796,16.027433830543796,1.320848631098429,1729822341.6401784
1.622220911952469,16.222209119524692,1.3280103157553842,1729822341.6497138
1.6418039854832287,16.418039854832287,1.335206524355146,1729822341.6596575
1.6614931117411151,16.614931117411153,1.3424373756800463,1729822341.6696389
1.6812888005608004,16.812888005608006,1.349702988380838,1729822341.6796055
1.7011915635151298,17.011915635151297,1.3570034809690952,1729822341.6896148
1.7212019139129695,17.212019139129694,1.3643389718095864,1729822341.699645
1.74132036679694,17.4132036679694,1.3717095791125746,1729822341.7095926
1.761547438941035,17.615474389410352,1.379115420925985,1729822341.7196853
1.7818836488481262,17.818836488481264,1.3865566151275395,1729822341.7298632
1.8023295167473485,18.023295167473485,1.3940332794168,1729822341.7396197
1.8228855645913709,18.228855645913708,1.4015455313071363,1729822341.749623
1.8435523160535452,18.435523160535453,1.4090934881175972,1729822341.7596722
1.8643302965249364,18.643302965249365,1.4166772669647087,1729822341.7696238
1.8852200331112312,18.85220033111231,1.4242969847542202,1729822341.7796288
1.9062220546295228,19.06222054629523,1.4319527581727083,1729822341.7897463
1.9273368916049742,19.27336891604974,1.4396447036791844,1729822341.7996492
1.9485650762673545,19.485650762673544,1.4473729374965216,1729822341.8096848
1.9699071425474495,19.699071425474493,1.455137575602891,1729822341.8195906
1.9913636260733456,19.913636260733455,1.4629387337230646,1729822341.8295612
2.0129350641665846,20.129350641665845,1.4707765273196542,1729822341.8396878
2.0346219958381897,20.346219958381898,1.4786510715842602,1729822341.84963
2.056424961784558,20.56424961784558,1.4865624814285574,1729822341.8597322
2.078344504383224,20.78344504383224,1.4945108714752606,1729822341.8696828
2.100381167688489,21.00381167688489,1.5024963560490636,1729822341.8796997
2.122535497426913,21.22535497426913,1.5105190491674356,1729822341.8896244
2.1448080409926757,21.448080409926757,1.5185790645314003,1729822341.8995938
2.1671993474427964,21.671993474427964,1.5266765155161603,1729822341.9096045
2.1897099674922185,21.897099674922185,1.534811515161702,1729822341.9196062
2.2123404535087525,22.123404535087523,1.5429841761632914,1729822341.9295793
2.2350913595078805,22.350913595078804,1.5511946108618762,1729822341.939698
2.2579632411474164,22.579632411474165,1.5594429312344242,1729822341.9497237
2.280956655722026,22.80956655722026,1.5677292488841938,1729822341.9596348
2.3040721621576012,23.04072162157601,1.5760536750308567,1729822341.9696982
2.327310321005488,23.27310321005488,1.5844163205006392,1729822341.9796782
2.35067169443657,23.506716944365703,1.5928172957162772,1729822341.9897444
2.3741568462352025,23.741568462352024,1.60125671068696,1729822341.999594
2.397766341792998,23.977663417929982,1.6097346749981625,1729822342.0096657
2.421500748102462,24.21500748102462,1.6182512978014028,1729822342.0196402
2.445360633750476,24.45360633750476,1.6268066878039142,1729822342.029788
2.4693465689116287,24.693465689116287,1.6354009532582434,1729822342.0396836
2.4934591253413942,24.93459125341394,1.6440342019517338,1729822342.0496588
2.5176988763691535,25.176988763691533,1.6527065411959867,1729822342.059584
2.54206639689106,25.420663968910603,1.6614180778161873,1729822342.0696847
2.566562263362749,25.665622633627493,1.6701689181403594,1729822342.0796769
2.591187053791887,25.911870537918873,1.6789591679885667,1729822342.0896945
2.6159413477305606,26.159413477305606,1.6877889326619921,1729822342.0995843
2.640825726267507,26.408257262675072,1.6966583169319776,1729822342.1095676
2.665840772020179,26.65840772020179,1.7055674250289463,1729822342.1195397
2.6909870691266495,26.909870691266494,1.714516360631248,1729822342.129577
2.7162652032373487,27.162652032373487,1.7235052268539686,1729822342.139649
2.7416757615066376,27.416757615066377,1.7325341262375857,1729822342.1496372
2.7672193325842134,27.672193325842134,1.7416031607366047,1729822342.159577
2.7928965066063465,27.928965066063466,1.7507124317080993,1729822342.1696582
2.81870787518695,28.1870787518695,1.7598620399001355,1729822342.1796439
2.8446540314084756,28.446540314084757,1.7690520854401892,1729822342.189888
2.8707355698126413,28.707355698126413,1.778282667823407,1729822342.199572
2.8969530863909827,28.969530863909828,1.7875538859008209,1729822342.209637
2.9233071785752345,29.233071785752344,1.7968658378675257,1729822342.2200391
2.949798445227532,29.497984452275322,1.8062186212506954,1729822342.2295904
2.9764274866304414,29.764274866304415,1.8156123328975926,1729822342.2397354
3.003194904476808,30.031949044768076,1.8250470689634628,1729822342.2495363
3.030101301859429,30.30101301859429,1.8345229248993558,1729822342.2596118
3.0571472832605475,30.571472832605476,1.8440399954398934,1729822342.269695
3.0843334545411603,30.8433345454116,1.853598374590933,1729822342.2796202
3.1116604229301505,31.116604229301505,1.8631981556171737,1729822342.2896194
3.1391287970132336,31.391287970132336,1.872839431029672,1729822342.2995973
3.1667391867217183,31.667391867217184,1.8825222925732976,1729822342.3096082
3.1944922033210865,31.944922033210865,1.8922468312141152,1729822342.319759
3.2223884593993826,32.22388459399382,1.902013137126677,1729822342.329661
3.2504285688554173,32.50428568855418,1.9118212996812438,1729822342.3397539
3.278613146886785,32.78613146886785,1.9216714074309678,1729822342.349605
3.306942809977688,33.06942809977688,1.931563548098956,1729822342.3596563
3.335418175886572,33.35418175886572,1.9414978085652865,1729822342.3695865
3.3640398636335727,33.640398636335725,1.9514742748539617,1729822342.3797247
3.3928084934877636,33.92808493487764,1.9614930321197697,1729822342.38964
3.4217246869542173,34.21724686954217,1.9715541646350914,1729822342.3995767
3.4507890667608665,34.50789066760866,1.9816577557766475,1729822342.409679
3.4800022568451743,34.800022568451745,1.9918038880121436,1729822342.419587
3.5093648823406034,35.093648823406035,2.001992642886896,1729822342.4295928
3.538877569562892,35.388775695628915,2.012224101010351,1729822342.4399862
3.5685409459961273,35.68540945996127,2.0224983420425433,1729822342.449579
3.598355640278623,35.983556402786235,2.032815444680538,1729822342.4596083
3.6283222821885954,36.28322282188596,2.0431754866447216,1729822342.4697201
3.6584415026296355,36.584415026296355,2.0535785446651174,1729822342.4796233
3.6887139336159835,36.887139336159834,2.064024694467597,1729822342.490091
3.7191402082575973,37.191402082575976,2.0745140107600006,1729822342.4996018
3.7497209607450177,37.49720960745017,2.0850465672182787,1729822342.5097072
3.780456826334029,37.804568263340286,2.0956224364724934,1729822342.5196311
3.811348441330113,38.11348441330113,2.106241690092806,1729822342.5295684
3.842396443072699,38.42396443072699,2.116904398575392,1729822342.5396242
3.873601469919202,38.73601469919202,2.1276106313283227,1729822342.5495737
3.9049641612288584,39.04964161228858,2.1383604566573338,1729822342.559614
3.936485157346347,39.36485157346347,2.1491539417516146,1729822342.5697603
3.9681650995852045,39.681650995852046,2.15999115266949,1729822342.5796616
4.00000463021103,40.0000463021103,2.1708721543240896,1729822342.5896854
4.032004392424474,40.32004392424474,2.181797010468899,1729822342.5995939
4.064165030344022,40.64165030344022,2.192765783683366,1729822342.6096148
4.096487188988563,40.96487188988563,2.2037785353583557,1729822342.619686
4.128971514259738,41.28971514259738,2.2148353256816113,1729822342.6296742
4.161618652924085,41.61618652924085,2.225936213623185,1729822342.6396859
4.194429252594965,41.94429252594965,2.2370812569207716,1729822342.6496453
4.227403961714269,42.27403961714269,2.248270512065024,1729822342.6597035
4.260543429533914,42.605434295339144,2.259504034284846,1729822342.6697214
4.293848306097122,42.93848306097122,2.2707818775326194,1729822342.679649
4.327319242219477,43.27319242219477,2.282104094469406,1729822342.689599
4.360956889469769,43.60956889469769,2.293470736450087,1729822342.6996539
4.3947619001506215,43.94761900150621,2.3048818535084967,1729822342.7096803
4.428734927278895,44.28734927278895,2.3163374943424992,1729822342.7199204
4.4628766245658715,44.62876624565872,2.32783770629905,1729822342.729578
4.497187646397225,44.97187646397225,2.3393825353592117,1729822342.7396424
4.531668647812765,45.31668647812765,2.3509720261231397,1729822342.7496035
4.5663202844859665,45.66320284485967,2.3626062217950343,1729822342.7595444
4.6011432127032705,46.011432127032705,2.3742851641680884,1729822342.7695723
4.636138089343171,46.36138089343171,2.386008893609378,1729822342.7796938
4.6713055718550756,46.713055718550756,2.3977774490447503,1729822342.7896776
4.706646318237945,47.06646318237945,2.4095908679436846,1729822342.799618
4.742160987018712,47.421609870187126,2.421449186304131,1729822342.8097913
4.777850237230474,47.77850237230474,2.4333524386373133,1729822342.8197386
4.813714728390467,48.13714728390467,2.445300657952547,1729822342.829582
4.849755120477813,48.49755120477813,2.4572938757420184,1729822342.8401592
4.885972073911045,48.85972073911045,2.4693321219655466,1729822342.8495798
4.922366249525411,49.22366249525411,2.4814154250353617,1729822342.8595803
4.958938308549951,49.589383085499506,2.4935438118008255,1729822342.8695557
4.995688912584348,49.95688912584348,2.5057173075332004,1729822342.8802605
5.032618723575564,50.32618723575564,2.5179359359103604,1729822342.8896863
5.069728403794244,50.69728403794244,2.5301997190015344,1729822342.8995836
5.107018615810896,51.07018615810895,2.5425086772520142,1729822342.909557
5.144490022471852,51.44490022471852,2.5548628294678988,1729822342.9196894
5.182143286875004,51.82143286875004,2.567262192800807,1729822342.9296153
5.219979072345308,52.19979072345308,2.57970678273261,1729822342.939776
5.257998042410078,52.57998042410078,2.592196613060179,1729822342.9495883
5.296200860774043,52.96200860774043,2.6047316958801003,1729822342.9595118
5.334588191294189,53.345881912941884,2.6173120415734514,1729822342.969612
5.373160697954372,53.73160697954372,2.62993765879056,1729822342.9796174
5.411919044839715,54.11919044839715,2.642608554435764,1729822342.9897356
5.450863896110772,54.50863896110772,2.65532473365223,1729822342.9996276
5.489995915977477,54.899959159774774,2.6680861998067407,1729822343.0096254
5.529315768672869,55.29315768672869,2.68089295447455,1729822343.0196779
5.5688241184265905,55.688241184265905,2.6937449974242282,1729822343.0297074
5.6085216294381715,56.085216294381716,2.706642326602524,1729822343.0398536
5.648408965850086,56.484089658500864,2.7195849381193087,1729822343.0496988
5.68848679172059,56.884867917205895,2.7325728262324764,1729822343.05957
5.728755770996339,57.287557709963394,2.745605983332945,1729822343.0696557
5.769216567484787,57.69216567484787,2.7586843999296278,1729822343.0796328
5.809869844826362,58.09869844826362,2.7718080646345022,1729822343.0896702
5.850716266466426,58.507162664664264,2.784976964147675,1729822343.0995417
5.8917564956270185,58.91756495627018,2.7981910832425054,1729822343.1095176
5.932991195278377,59.32991195278377,2.811450404750784,1729822343.119553
5.9744210281102434,59.74421028110243,2.824754909547919,1729822343.1295836
6.016046656502956,60.160466565029566,2.8381045765382273,1729822343.1396437
6.057868742498326,60.57868742498326,2.851499382640231,1729822343.1497374
6.099887947770292,60.99887947770292,2.864939302772041,1729822343.1594737
6.142104933595375,61.421049335953754,2.8784243098367606,1729822343.169589
6.184520360822905,61.84520360822905,2.8919543747079937,1729822343.1796262
6.227134889845046,62.27134889845046,2.9055294662153903,1729822343.1895695
6.269949180566608,62.699491805666085,2.9191495511302534,1729822343.1995595
6.312963892374646,63.12963892374646,2.9328145941512167,1729822343.2094855
6.356179684107851,63.56179684107851,2.946524557890008,1729822343.2201407
6.3995972140257384,63.995972140257386,2.9602794028572825,1729822343.2295766
6.4432171397776195,64.43217139777619,2.97407908744849,1729822343.2396522
6.487040118371377,64.87040118371377,2.987923567929906,1729822343.2497752
6.531066806142032,65.31066806142033,3.001812798424651,1729822343.2596786
6.5752978587201065,65.75297858720107,3.015746730898857,1729822343.269612
6.619733930999787,66.19733930999787,3.0297253151479095,1729822343.279628
6.664375677106884,66.64375677106884,3.043748498782758,1729822343.289779
6.709223750366598,67.09223750366598,3.0578162272163496,1729822343.2995574
6.754278803271081,67.5427880327108,3.0719284436501235,1729822343.3096404
6.799541487446807,67.99541487446807,3.086085089060643,1729822343.319545
6.845012453621743,68.45012453621743,3.100286102186315,1729822343.3295836
6.890692351592333,68.90692351592332,3.1145314195141953,1729822343.3396952
6.93658183019028,69.3658183019028,3.1288209752669216,1729822343.3495746
6.982681537249154,69.82681537249154,3.1431547013897614,1729822343.35954
7.028992119570792,70.28992119570792,3.157532527537766,1729822343.369671
7.075514222891529,70.75514222891529,3.1719543810630366,1729822343.3795958
7.122248491848233,71.22248491848234,3.186420187002117,1729822343.3897002
7.1691955699441605,71.6919556994416,3.200929868063511,1729822343.3995943
7.21635609951463,72.1635609951463,3.215483344615321,1729822343.4095163
7.263730721692518,72.63730721692518,3.230080534673019,1729822343.4196532
7.311320076373578,73.11320076373578,3.244721353887363,1729822343.4296224
7.359124802181577,73.59124802181577,3.2594057155324023,1729822343.4396405
7.407145536433268,74.07145536433268,3.274133530493703,1729822343.4495943
7.455382915103189,74.55382915103189,3.2889047072566164,1729822343.459583
7.503837572788284,75.03837572788284,3.3037191518947884,1729822343.4696124
7.5525101426723715,75.52510142672372,3.318576768058743,1729822343.4796126
7.601401256490435,76.01401256490435,3.333477456964654,1729822343.4896352
7.65051154449276,76.5051154449276,3.348421117383271,1729822343.4995599
7.699841635408907,76.99841635408907,3.3634076456289934,1729822343.5095744
7.749392156411525,77.49392156411525,3.3784369355491,1729822343.5196152
7.799163733080014,77.99163733080013,3.3935088785131633,1729822343.5295358
7.8491569893640305,78.4915698936403,3.4086233634025973,1729822343.539679
7.899372547546846,78.99372547546845,3.4237802766004366,1729822343.5495374
7.949811028208553,79.49811028208553,3.438979501981203,1729822343.5596313
8.000473050189132,80.00473050189132,3.454220920901032,1729822343.569557
8.05135923055137,80.5135923055137,3.4695044121879217,1729822343.5796225
8.102470184543638,81.02470184543637,3.4848298521322105,1729822343.5895984
8.15380652556254,81.53806525562541,3.5001971144771877,1729822343.599574
8.205368865115423,82.05368865115423,3.515606070409958,1729822343.6095598
8.257157812782745,82.57157812782745,3.531056588552432,1729822343.619602
8.309173976180334,83.09173976180334,3.5465485349525867,1729822343.6298985
8.361417960921505,83.61417960921506,3.5620817730758443,1729822343.6396656
8.413890370579063,84.13890370579063,3.577656163796732,1729822343.64954
8.466591806647179,84.66591806647179,3.593271565390694,1729822343.6595213
8.519522868503156,85.19522868503157,3.6089278335261197,1729822343.6695414
8.57268415336908,85.7268415336908,3.624624821256635,1729822343.679567
8.626076256273358,86.26076256273358,3.6403623790135224,1729822343.6897056
8.679699770012146,86.79699770012147,3.6561403545984437,1729822343.699589
8.733555285110684,87.33555285110684,3.671958593176326,1729822343.7096667
8.78764338978452,87.8764338978452,3.6878169372685177,1729822343.7197256
8.841964669900637,88.41964669900636,3.7037152267461373,1729822343.7295973
8.896519708938493,88.96519708938493,3.7196532988236664,1729822343.7396789
8.951309087950968,89.51309087950968,3.7356309880527974,1729822343.749638
9.006333385525213,90.06333385525213,3.7516481263164705,1729822343.7596478
9.061593177743438,90.61593177743438,3.7677045428232283,1729822343.7695992
9.117089038143599,91.17089038143598,3.783800064101725,1729822343.7795548
9.172821537680017,91.72821537680016,3.7999345139955594,1729822343.7898517
9.22879124468393,92.2879124468393,3.8161077136583055,1729822343.7995644
9.28499872482396,92.84998724823961,3.8323194815488346,1729822343.809604
9.341444541066542,93.41444541066542,3.848569633426873,1729822343.8197358
9.398129253636258,93.98129253636257,3.8648579823488207,1729822343.829563
9.455053419976139,94.55053419976139,3.8811843386638465,1729822343.8397248
9.512217594707906,95.12217594707906,3.8975485100102247,1729822343.849593
9.569622329592159,95.69622329592158,3.913950301311967,1729822343.85962
9.62726817348852,96.2726817348852,3.930389514775716,1729822343.8696954
9.68515567231574,96.85155672315742,3.9468659498878953,1729822343.8796453
9.743285369011767,97.43285369011767,3.963379403412186,1729822343.889836
9.801657803493768,98.01657803493768,3.9799296693872135,1729822343.8995574
9.860273512618146,98.60273512618147,3.996516539124583,1729822343.9095254
9.919133030140511,99.19133030140512,4.013139801207172,1729822343.9195728
9.978236886675639,99.78236886675639,4.029799241487702,1729822343.9296734
10.037585609657413,100.37585609657413,4.046494643087621,1729822343.939706
10.097179723298751,100.97179723298751,4.06322578639629,1729822343.9496586
10.157019748551532,101.57019748551532,4.079992449070415,1729822343.9595363
10.217106203066509,102.17106203066508,4.096794406033852,1729822343.9696226
10.277439601153228,102.77439601153227,4.113631429477654,1729822343.9795218
10.338020453739958,103.38020453739958,4.130503288860465,1729822343.9899452
10.398849268333617,103.98849268333618,4.147409750909184,1729822343.9995725
10.459926548979729,104.59926548979729,4.164350579619983,1729822344.0096335
10.521252796222386,105.21252796222386,4.18132553625959,1729822344.019671
10.582828507064248,105.82828507064248,4.19833437936694,1729822344.0296147
10.64465417492655,106.4465417492655,4.215376864755089,1729822344.039707
10.706730289609173,107.06730289609172,4.232452745513492,1729822344.0496805
10.76905733725072,107.6905733725072,4.24956177201058,1729822344.0596359
10.83163580028866,108.3163580028866,4.26670369189668,1729822344.0696783
10.894466157419508,108.94466157419508,4.283878250107239,1729822344.0797355
10.957548883559054,109.57548883559055,4.301085188866389,1729822344.0898545
11.020884449802661,110.20884449802662,4.318324247690852,1729822344.0995972
11.084473323385614,110.84473323385615,4.335595163394175,1729822344.1096244
11.148315967643542,111.48315967643542,4.352897670091281,1729822344.1196733
11.21241284197291,112.12412841972909,4.370231499203395,1729822344.129723
11.276764401791583,112.76764401791583,4.3875963794632655,1729822344.139745
11.341371098499488,113.41371098499488,4.40499203692077,1729822344.1496923
11.406233379439344,114.06233379439344,4.422418194948836,1729822344.1595109
11.471351687857492,114.71351687857492,4.439874574249714,1729822344.1695487
11.536726462864825,115.36726462864826,4.457360892861614,1729822344.179537
11.602358139397817,116.02358139397816,4.474876866165659,1729822344.1897626
11.668247148179658,116.68247148179658,4.4924222068932265,1729822344.1995852
11.734393915681505,117.34393915681505,4.509996625133598,1729822344.209616
11.800798864083848,118.00798864083848,4.527599828342018,1729822344.2196093
11.867462411238003,118.67462411238003,4.5452315213480485,1729822344.2295656
11.934384970627727,119.34384970627727,4.562891406364337,1729822344.2396328
12.00156695133097,120.0156695133097,4.580579182995686,1729822344.2496002
12.069008757981766,120.69008757981766,4.598294548248533,1729822344.259568
12.136710790732272,121.36710790732272,4.616037196540759,1729822344.2696536
12.20467344521494,122.0467344521494,4.63380681971187,1729822344.2795696
12.27289711250487,122.7289711250487,4.651603107033541,1729822344.2898998
12.341382179082295,123.41382179082295,4.669425745220515,1729822344.299589
12.410129026795257,124.10129026795258,4.687274418441891,1729822344.3095944
12.47913803282243,124.7913803282243,4.705148808332734,1729822344.3196678
12.548409569636139,125.48409569636138,4.723048594006111,1729822344.3296847
12.617944004965548,126.17944004965548,4.740973452065438,1729822344.339612
12.687741701760036,126.87741701760035,4.758923056617232,1729822344.3496609
12.757803018152773,127.57803018152772,4.776897079284207,1729822344.3595867
12.828128307424487,128.28128307424487,4.794895189218765,1729822344.3695967
12.898717917967435,128.98717917967434,4.812917053116832,1729822344.3796155
12.969572193249583,129.69572193249581,4.830962335232074,1729822344.3896492
13.040691471779,130.40691471779002,4.849030697390498,1729822344.3996408
13.112076087068473,131.12076087068473,4.8671217990054,1729822344.4095323
13.183726367600343,131.83726367600343,4.8852352970926844,1729822344.4195783
13.255642636791574,132.55642636791575,4.903370846286582,1729822344.4295838
13.32782521295906,133.2782521295906,4.921528098855713,1729822344.439779
13.40027440928517,134.0027440928517,4.939706704719524,1729822344.4496284
13.472990533783536,134.72990533783536,4.957906311465116,1729822344.4595459
13.545973889265099,135.459738892651,4.976126564364403,1729822344.4695332
13.619224773304413,136.19224773304413,4.994367106391695,1729822344.4796145
13.692743478206209,136.92743478206208,5.012627578241597,1729822344.4897442
13.766530290972224,137.66530290972224,5.03090761834732,1729822344.4996536
13.840585493268309,138.4058549326831,5.0492068628993305,1729822344.5095417
13.914909361391818,139.14909361391818,5.067524945864388,1729822344.5196495
13.989502166239273,139.89502166239274,5.085861499004951,1729822344.5295422
14.06436417327433,140.6436417327433,5.10421615189892,1729822344.5396562
14.139495642496025,141.39495642496024,5.122588531959796,1729822344.5497398
14.214896828407339,142.1489682840734,5.1409782644571616,1729822344.5597637
14.290567979984054,142.90567979984053,5.15938497253754,1729822344.5696507
14.366509340643933,143.66509340643933,5.1778082772456315,1729822344.579637
14.442721148216199,144.427211482162,5.196247797545893,1729822344.5899708
14.519203634911356,145.19203634911355,5.214703150344476,1729822344.5995538
14.595957027291323,145.95957027291323,5.233173950511543,1729822344.6095812
14.672981546239908,146.72981546239907,5.251659810903935,1729822344.6197276
14.750277406933613,147.5027740693361,5.270160342388174,1729822344.6295567
14.827844818812787,148.27844818812787,5.288675153863848,1729822344.6397018
14.90568398555313,149.0568398555313,5.307203852287348,1729822344.6496806
14.983795105037538,149.83795105037538,5.325746042695913,1729822344.6595345
15.06217836932832,150.6217836932832,5.344301328232105,1729822344.6695855
15.14083396463977,151.4083396463977,5.362869310168534,1729822344.6796663
15.219762071311107,152.19762071311106,5.381449587933014,1729822344.689676
15.298962863779797,152.98962863779798,5.400041759134011,1729822344.699614
15.378436510555245,153.78436510555244,5.418645419586436,1729822344.7096508
15.458183174192872,154.5818317419287,5.437260163337815,1729822344.7196693
15.53820301126858,155.3820301126858,5.455885582694733,1729822344.7295332
15.618496172353618,156.1849617235362,5.47452126824967,1729822344.7396984
15.69906280198983,156.9906280198983,5.493166808908131,1729822344.7496753
15.779903038665326,157.79903038665327,5.511821791916119,1729822344.759679
15.861017014790542,158.61017014790542,5.5304858028879345,1729822344.769581
15.942404856674726,159.42404856674725,5.549158425834285,1729822344.779575
16.02406668450283,160.2406668450283,5.56783924319073,1729822344.7896614
16.10600261231284,161.06002612312838,5.586527835846432,1729822344.7995665
16.188212747973505,161.88212747973506,5.605223783173233,1729822344.8096447
16.270697193162533,162.70697193162533,5.623926663055022,1729822344.8196664
16.35345604334519,163.5345604334519,5.64263605191742,1729822344.8295898
16.436489387753355,164.36489387753355,5.6613515247577855,1729822344.8397205
16.519797309365018,165.19797309365018,5.6800726551754845,1729822344.8496895
16.603379884884223,166.03379884884222,5.698799015402491,1729822344.8594916
16.687237184721464,166.87237184721465,5.717530176334258,1729822344.8695645
16.771369272974546,167.71369272974545,5.736265707560895,1729822344.8796256
16.8557762074099,168.557762074099,5.7550051773986075,1729822344.8896015
16.94045803944435,169.4045803944435,5.773748152921458,1729822344.899581
17.025414814127394,170.25414814127396,5.792494199993352,1729822344.9095864
17.110646570123897,171.10646570123896,5.811242883300351,1729822344.919665
17.19615333969731,171.9615333969731,5.829993766383206,1729822344.9296303
17.281935148693353,172.81935148693353,5.84874641167021,1729822344.939737
17.367992016524184,173.67992016524184,5.867500380510257,1729822344.9497042
17.45432395615305,174.5432395615305,5.8862552332061915,1729822344.959575
17.540930974079444,175.40930974079444,5.905010529048407,1729822344.9695919
17.627813070324752,176.2781307032475,5.923765826348684,1729822344.97964
17.7149702384184,177.149702384184,5.942520682474275,1729822344.989632
17.802402465384493,178.02402465384492,5.961274653882231,1729822344.999634
17.890109731728995,178.90109731728995,5.980027296153953,1729822345.00963
17.978092011427375,179.78092011427375,5.99877816402999,1729822345.0195804
18.066349271912795,180.66349271912796,6.017526811445037,1729822345.0295658
18.154881474064815,181.54881474064814,6.036272791563175,1729822345.0396373
18.2436885721986,182.43688572198602,6.055015656813316,1729822345.0496275
18.332770514054662,183.3277051405466,6.073754958924859,1729822345.059643
18.422127240789134,184.22127240789135,6.092490248963528,1729822345.0695555
18.51175868696456,185.11758686964558,6.1112210773674684,1729822345.0796523
18.601664780541217,186.01664780541216,6.129946993983458,1729822345.0896041
18.691845442868985,186.91845442868984,6.148667548103374,1729822345.0996034
18.78230058867974,187.82300588679738,6.167382288500804,1729822345.1095655
18.87303012608029,188.73030126080292,6.18609076346784,1729822345.1196942
18.964033956545872,189.64033956545873,6.204792520852068,1729822345.1295562
19.05531197491415,190.5531197491415,6.223487108093679,1729822345.1396148
19.14686406937981,191.46864069379808,6.242174072262793,1729822345.1496456
19.23869012148966,192.38690121489662,6.2608529600969005,1729822345.1595104
19.330790006138336,193.30790006138335,6.279523318038461,1729822345.1695702
19.423163591564492,194.23163591564492,6.298184692272646,1729822345.179687
19.515810739347604,195.15810739347603,6.316836628765244,1729822345.1896276
19.608731304405303,196.08731304405302,6.335478673300645,1729822345.199593
19.701925134991274,197.01925134991274,6.354110371519996,1729822345.2094865
19.795392072693723,197.9539207269372,6.37273126895946,1729822345.2197134
19.889131952434386,198.89131952434386,6.391340911088581,1729822345.2296069
19.98314460246813,199.8314460246813,6.409938843348774,1729822345.239674
20.077429844383097,200.77429844383096,6.428524611191894,1729822345.2496371
20.171987493101433,201.71987493101432,6.4470977601189166,1729822345.2595556
20.26681735688057,202.66817356880568,6.465657835718706,1729822345.2695777
20.36191923731508,203.6191923731508,6.484204383706857,1729822345.2796302
20.45729292933913,204.5729292933913,6.502736949964611,1729822345.2896118
20.55293822122944,205.5293822122944,6.5212550805778635,1729822345.2995546
20.648854894608903,206.48854894608903,6.539758321876201,1729822345.3096156
20.7450427244507,207.45042724450698,6.5582462204720295,1729822345.3195996
20.84150147908304,208.41501479083038,6.5767183232997235,1729822345.329568
20.93823092019445,209.3823092019445,6.595174177654839,1729822345.3396494
21.03523080283965,210.3523080283965,6.613613331233359,1729822345.3496246
21.132500875446002,211.32500875446001,6.6320353321709495,1729822345.3595424
21.230040879820532,212.30040879820532,6.650439729082287,1729822345.3696904
21.32785055115754,213.2785055115754,6.668826071100352,1729822345.3795562
21.425929618046766,214.25929618046766,6.6871939079157565,1729822345.3896148
21.52427780248216,215.2427780248216,6.70554278981609,1729822345.3996818
21.622894819871206,216.22894819871206,6.723872267725231,1729822345.4096196
21.72178037904483,217.2178037904483,6.742181893242678,1729822345.4197192
21.820934182267887,218.20934182267888,6.760471218682844,1729822345.429543
21.920355925250224,219.20355925250223,6.778739797114351,1729822345.4396086
22.02004529715832,220.2004529715832,6.796987182399266,1729822345.4495566
22.120001980627492,221.20001980627492,6.8152129292323345,1729822345.4595454
22.220225651774687,222.20225651774686,6.83341659318014,1729822345.4695935
22.32071598021184,223.2071598021184,6.851597730720241,1729822345.4796536
22.421472629059814,224.21472629059815,6.869755899280231,1729822345.4895866
22.522495254962895,225.22495254962894,6.887890657276748,1729822345.4995801
22.623783508103877,226.23783508103878,6.906001564154413,1729822345.5096345
22.725337032219713,227.25337032219713,6.924088180424698,1729822345.5196338
22.827155464617718,228.27155464617718,6.942150067704678,1729822345.5295937
22.929238436192364,229.29238436192364,6.960186788755759,1729822345.5396206
23.03158557144262,230.3158557144262,6.978197907522234,1729822345.5496283
23.134196488489877,231.34196488489877,6.996182989169797,1729822345.5594885
23.237070799096415,232.37070799096415,7.014141600123911,1729822345.5695531
23.340208108684443,233.40208108684442,7.032073308108076,1729822345.5796354
23.4436080163557,234.436080163557,7.049977682181969,1729822345.5895765
23.54727011491161,235.4727011491161,7.067854292779461,1729822345.5996325
23.65119399087398,236.5119399087398,7.085702711746482,1729822345.60966
23.755379224506285,237.55379224506285,7.1035225123787615,1729822345.619641
23.859825389835464,238.59825389835464,7.121313269459416,1729822345.6296003
23.964532054674297,239.64532054674297,7.13907455929637,1729822345.6397107
24.069498780644302,240.694987806443,7.156805959759624,1729822345.6495876
24.174725123199206,241.74725123199207,7.174507050318353,1729822345.6595676
24.280210631648927,242.80210631648927,7.192177412077835,1729822345.6695788
24.38595484918412,243.8595484918412,7.209816627816179,1729822345.679587
24.491957312901235,244.91957312901235,7.227424282020888,1729822345.6896615
24.598217553828135,245.98217553828135,7.2449999609252185,1729822345.699552
24.704735096950227,247.04735096950228,7.262543252544335,1729822345.7095878
24.811509461237115,248.11509461237114,7.280053746711264,1729822345.7195983
24.918540159669803,249.18540159669803,7.297531035112631,1729822345.7296727
25.025826699268382,250.25826699268382,7.314974711324193,1729822345.739684
25.13336858112027,251.33368581120268,7.33238437084611,1729822345.7495558
25.241165300408948,252.4116530040895,7.349759611138031,1729822345.7595828
25.349216346443207,253.49216346443205,7.367100031653914,1729822345.7699902
25.457521202686905,254.57521202686905,7.384405233876602,1729822345.7795753
25.56607934678923,255.6607934678923,7.4016748213521755,1729822345.7900538
25.674890250615462,256.74890250615465,7.418908399724008,1729822345.7995856
25.783953380278223,257.8395338027822,7.436105576766611,1729822345.80958
25.893268196169238,258.93268196169237,7.453265962419164,1729822345.8196597
26.002834152991554,260.02834152991556,7.470389168818813,1729822345.8298292
26.112650699792276,261.1265069979228,7.487474810333666,1729822345.8396668
26.22271727999576,262.2271727999576,7.504522503595507,1729822345.849786
26.333033331437296,263.330333314373,7.521531867532237,1729822345.8596249
26.443598286397247,264.43598286397247,7.538502523400008,1729822345.8696716
26.554411571635672,265.5441157163567,7.55543409481506,1729822345.8795512
26.665472608427397,266.654726084274,7.57232620778525,1729822345.8897119
26.77678081259755,267.76780812597553,7.589178490741282,1729822345.8995972
26.88833559455756,268.8833559455756,7.605990574567611,1729822345.90964
27.00013635934158,270.0013635934158,7.6227620926330255,1729822345.9199488
27.11218250664338,271.12182506643376,7.639492680820921,1729822345.9295697
27.224473430853646,272.24473430853647,7.656181977559224,1729822345.9396052
27.337008521097765,273.37008521097766,7.6728296238499905,1729822345.9495647
27.44978716127399,274.4978716127399,7.689435263298667,1729822345.9595766
27.562808730092037,275.62808730092036,7.705998542142999,1729822345.9696026
27.67607260111214,276.7607260111214,7.722519109281601,1729822345.979857
27.789578142784457,277.89578142784455,7.738996616302169,1729822345.9896188
27.90332471848895,279.0332471848895,7.755430717509319,1729822345.9996533
28.017311686575617,280.1731168657562,7.771821069952101,1729822346.0095632
28.131538400405145,281.31538400405145,7.788167333451108,1729822346.0198987
28.246004208389955,282.46004208389957,7.804469170625226,1729822346.029589
28.360708454035628,283.60708454035625,7.820726246918034,1729822346.0398333
28.475650475982718,284.7565047598272,7.836938230623781,1729822346.0497134
28.590829608048935,285.9082960804893,7.853104792913022,1729822346.0595896
28.706245179271704,287.06245179271707,7.869225607857841,1729822346.0695913
28.82189651395108,288.21896513951083,7.885300352456691,1729822346.0796416
28.937782931693036,289.3778293169304,7.901328706658849,1729822346.089829
29.053903747453077,290.5390374745308,7.9173103533884595,1729822346.0996127
29.170258271580245,291.70258271580246,7.933244978568191,1729822346.10956
29.28684580986141,292.8684580986141,7.949132271142477,1729822346.1199753
29.403665663565945,294.0366566356595,7.96497192310035,1729822346.1296003
29.520717129490702,295.207171294907,7.980763629497887,1729822346.139644
29.637999500005314,296.37999500005316,7.996507088480205,1729822346.149582
29.755512063097825,297.55512063097825,8.012202001303065,1729822346.1595805
29.87325410242062,298.7325410242062,8.027848072354056,1729822346.1696036
29.991224897336664,299.9122489733667,8.04344500917335,1729822346.1796875
30.109423722966035,301.09423722966034,8.05899252247403,1729822346.1897597
30.227849850232754,302.2784985023275,8.074490326161996,1729822346.1995764
30.346502545911907,303.4650254591191,8.089938137355448,1729822346.2096546
30.46538107267702,304.6538107267702,8.10533567640391,1729822346.2196548
30.584484689147743,305.84484689147746,8.120682666906868,1729822346.2295082
30.703812649937774,307.03812649937777,8.135978835731908,1729822346.2396405
30.823364205703047,308.23364205703047,8.15122391303248,1729822346.2496586
30.943138603190192,309.4313860319019,8.16641763226517,1729822346.259568
31.063135085285214,310.63135085285217,8.181559730206565,1729822346.26966
31.183352891062434,311.83352891062435,8.196649946969652,1729822346.2796366
31.30379125583366,313.0379125583366,8.211688026019782,1729822346.289619
31.42444941119757,314.2444941119757,8.226673714190179,1729822346.2996254
31.545326585089352,315.4532658508935,8.241606761697012,1729822346.3097036
31.666422001830508,316.66422001830506,8.25648692215401,1729822346.3196352
31.78773488217891,317.8773488217891,8.271313952586622,1729822346.3295357
31.909264443379033,319.0926444337903,8.286087613445726,1729822346.3395915
32.03100989921239,320.3100989921239,8.300807668620896,1729822346.3498373
32.15297046004817,321.52970460048164,8.315473885453201,1729822346.359591
32.275145332894,322.75145332894,8.330086034747552,1729822346.3695977
32.39753372144697,323.9753372144697,8.344643890784598,1729822346.3796518
32.52013482614475,325.2013482614475,8.359147231332162,1729822346.3896427
32.6429478442169,326.429478442169,8.373595837656225,1729822346.3996315
32.76597196973634,327.6597196973634,8.387989494531434,1729822346.409485
32.88920639367096,328.89206393670963,8.402327990251182,1729822346.41987
33.012650303935345,330.12650303935345,8.416611116637213,1729822346.4296951
33.13630288544268,331.36302885442683,8.430838669048761,1729822346.4396574
33.26016332015677,332.6016332015677,8.44501044639125,1729822346.449609
33.38423078714414,333.8423078714414,8.459126251124522,1729822346.4595625
33.508504462626306,335.0850446262631,8.473185889270615,1729822346.4696033
33.63298352003212,336.3298352003212,8.487189170421084,1729822346.4796066
33.75766713005023,337.5766713005023,8.501135907743855,1729822346.489565
33.88255446068161,338.8255446068161,8.515025917989629,1729822346.4995637
34.00764467729221,340.0764467729221,8.52885902149784,1729822346.5095959
34.13293694266568,341.3293694266568,8.542635042202143,1729822346.5195062
34.258430417056125,342.58430417056127,8.55635380763545,1729822346.5295615
34.384124258241,343.84124258241,8.570015148934518,1729822346.5395696
34.510017621574015,345.10017621574013,8.583618900844082,1729822346.5499132
34.63610966003808,346.3610966003808,8.597164901720538,1729822346.5596316
34.76239952429836,347.6239952429836,8.61065299353517,1729822346.569656
34.88888636275532,348.88886362755323,8.624083021876936,1729822346.5797129
35.01556932159782,350.1556932159782,8.637454835954799,1729822346.5896478
35.142447544856225,351.42447544856225,8.650768288599613,1729822346.599688
35.26952017445556,352.69520174455556,8.664023236265571,1729822346.6096256
35.39678635026867,353.96786350268667,8.677219539031205,1729822346.6197643
35.52424521016937,355.2424521016937,8.690357060599935,1729822346.629631
35.651895890085626,356.51895890085626,8.703435668300196,1729822346.6395843
35.77973752405271,357.7973752405271,8.71645523308512,1729822346.6496394
35.90776924426637,359.0776924426637,8.729415629531776,1729822346.6596863
36.035990181135915,360.3599018113591,8.742316735839974,1729822346.66958
36.16439946333738,361.64399463337384,8.755158433830664,1729822346.6796877
36.29299621786658,362.9299621786658,8.767940608943864,1729822346.6897256
36.42177957009215,364.2177957009215,8.780663150236196,1729822346.6996925
36.55074864380856,365.5074864380856,8.793325950377978,1729822346.7095928
36.679902561289055,366.79902561289055,8.805928905649905,1729822346.7195735
36.80924044333856,368.0924044333856,8.818471915939291,1729822346.7296064
36.93876140934652,369.3876140934652,8.830954884735922,1729822346.7397466
37.06846457733965,370.6846457733965,8.84337771912747,1729822346.750273
37.198349064034645,371.9834906403464,8.855740329794507,1729822346.759538
37.32841398489081,373.28413984890807,8.868042631005105,1729822346.769644
37.45865845416256,374.5865845416256,8.880284540609036,1729822346.7796128
37.58908158495189,375.8908158495189,8.892465980031561,1729822346.7896922
37.7196824892607,377.19682489260697,8.904586874266823,1729822346.7996352
37.850460278043045,378.50460278043045,8.916647151870842,1729822346.8095412
37.98141406125726,379.8141406125726,8.928646744954126,1729822346.819825
38.112542947917994,381.12542947917996,8.940585589173859,1729822346.8295815
38.24384604614809,382.43846046148093,8.95246362372575,1729822346.8397396
38.375322463230376,383.7532246323037,8.964280791335456,1729822346.8496106
38.50697130565927,385.0697130565927,8.976037038249645,1729822346.859534
38.63879167919234,386.3879167919234,8.987732314226676,1729822346.869605
38.77078268890162,387.7078268890162,8.999366572526908,1729822346.879633
38.90294343922485,389.0294343922485,9.010939769902638,1729822346.8896644
39.035273034016534,390.35273034016535,9.02245186658767,1729822346.899662
39.16777057659883,391.6777057659883,9.033902826286521,1729822346.9096723
39.30043516981232,393.0043516981232,9.04529261616328,1729822346.919568
39.43326591606653,394.33265916066534,9.056621206830089,1729822346.929571
39.5662619173904,395.662619173904,9.067888572335292,1729822346.9396913
39.69942227548244,396.9942227548244,9.079094690151232,1729822346.9495971
39.8327460917608,398.32746091760794,9.090239541161695,1729822346.9595754
39.966232467413086,399.66232467413084,9.101323109649035,1729822346.969676
40.09988050344605,400.99880503446053,9.112345383280937,1729822346.9795973
40.233689300735016,402.33689300735017,9.123306353096865,1729822346.9896355
40.36765796007313,403.6765796007313,9.134206013494186,1729822346.9995093
40.501785582220414,405.0178558222041,9.145044362213959,1729822347.0096009
40.63607126795258,406.3607126795258,9.155821400326413,1729822347.0196512
40.77051411810965,407.7051411810965,9.166537132216105,1729822347.0295746
40.90511323364435,409.0511323364435,9.17719156556677,1729822347.0396726
41.03986771567025,410.3986771567025,9.187784711345877,1729822347.0496109
41.174776665509704,411.74776665509705,9.198316583788845,1729822347.059583
41.30983918474156,413.09839184741566,9.208787200383018,1729822347.0696037
41.4450543752486,414.45054375248606,9.219196581851294,1729822347.0799513
41.580421339264745,415.80421339264745,9.229544752135501,1729822347.0895917
41.71593917942204,417.15939179422037,9.239831738379468,1729822347.0995846
41.85160699879733,418.5160699879733,9.250057570911832,1729822347.109631
41.98742390095876,419.8742390095876,9.260222283228552,1729822347.1197004
42.123388990011925,421.23388990011927,9.270325911975169,1729822347.1296031
42.25950137064583,422.5950137064583,9.28036849692879,1729822347.1399806
42.39576014817854,423.9576014817854,9.290350080979817,1729822347.1496198
42.532164428602556,425.32164428602556,9.300270710113407,1729822347.1595526
42.66871331862997,426.68713318629966,9.310130433390698,1729822347.1695633
42.80540592573725,428.0540592573725,9.319929302929769,1729822347.1796494
42.94224135820983,429.4224135820983,9.329667373886366,1729822347.1895854
43.07921872518636,430.7921872518636,9.339344704434392,1729822347.1996582
43.21633713670268,432.1633713670268,9.348961355746157,1729822347.2096226
43.35359570373552,433.5359570373552,9.358517391972397,1729822347.2196248
43.490993538245874,434.90993538245874,9.368012880222079,1729822347.2296467
43.62852975322209,436.2852975322209,9.377447890541973,1729822347.2396953
43.76620346272265,437.6620346272265,9.386822495896023,1729822347.249686
43.904013781918664,439.0401378191866,9.396136772144493,1729822347.2596147
44.041959827136026,440.41959827136026,9.40539079802291,1729822347.269629
44.180040715897285,441.80040715897286,9.414584655120825,1729822347.279569
44.31825556696318,443.1825556696318,9.423718427860347,1729822347.2900965
44.45660350037388,444.5660350037388,9.432792203474508,1729822347.299612
44.59508363748987,445.9508363748987,9.44180607198543,1729822347.3095338
44.73369510103255,447.3369510103255,9.450760126182317,1729822347.3196142
44.87243701512449,448.7243701512449,9.459654461599259,1729822347.3296475
45.01130850532936,450.1130850532936,9.468489176492879,1729822347.3396816
45.15030869869153,451.5030869869153,9.477264371819793,1729822347.349644
45.28943672377534,452.8943672377534,9.48598015121392,1729822347.359634
45.42869171070402,454.2869171070402,9.494636620963623,1729822347.3696225
45.56807279119832,455.6807279119832,9.503233889988717,1729822347.3796203
45.70757909861471,457.07579098614707,9.511772069817289,1729822347.3896778
45.84720976798333,458.47209767983327,9.520251274562412,1729822347.3996053
45.98696393604556,459.8696393604556,9.528671620898695,1729822347.4095836
46.12684074129124,461.2684074129124,9.537033228038709,1729822347.4196196
46.26683932399552,462.6683932399552,9.54533621770927,1729822347.4296508
46.40695882625541,464.06958826255413,9.553580714127609,1729822347.4396746
46.547198392025976,465.47198392025973,9.56176684397741,1729822347.4496174
46.68755716715611,466.8755716715611,9.569894736384734,1729822347.4595554
46.82803429942403,468.2803429942403,9.57796452289383,1729822347.4695508
46.96862893857241,469.6862893857241,9.585976337442837,1729822347.479507
47.109340236343066,471.09340236343064,9.593930316339385,1729822347.4896154
47.25016734651142,472.5016734651142,9.601826598236087,1729822347.4995923
47.39110942492048,473.9110942492048,9.609665324105945,1729822347.5096345
47.53216562951456,475.3216562951456,9.61744663721767,1729822347.5195992
47.67333512037254,476.7333512037254,9.625170683110897,1729822347.529534
47.81461705974084,478.1461705974084,9.63283760957133,1729822347.539607
47.95601061206598,479.56010612065984,9.64044756660582,1729822347.549635
48.09751494402679,480.9751494402679,9.648000706417347,1729822347.5595996
48.23912922456627,482.3912922456627,9.655497183379948,1729822347.569549
48.380852624923044,483.80852624923045,9.662937154013573,1729822347.5796435
48.52268431866246,485.22684318662465,9.670320776958889,1729822347.5895565
48.664623481707366,486.64623481707366,9.677648212952016,1729822347.5995948
48.80666929236841,488.0666929236841,9.684919624799226,1729822347.6096718
48.94882093137407,489.48820931374075,9.692135177351574,1729822347.6197586
49.09107758190027,490.9107758190027,9.6992950374795,1729822347.6296399
49.233438429599616,492.3343842959962,9.70639937404739,1729822347.6396532
49.37590266263025,493.75902662630256,9.713448357888092,1729822347.6496165
49.51846947168439,495.1846947168439,9.720442161777413,1729822347.6595137
49.66113805001641,496.6113805001641,9.72738096040857,1729822347.6696212
49.80390759347062,498.0390759347062,9.73426493036664,1729822347.679589
49.94677730050861,499.4677730050861,9.741094250102966,1729822347.6896963
50.08974637223625,500.8974637223625,9.747869099909568,1729822347.6995902
50.232814012430346,502.32814012430345,9.754589661893526,1729822347.709506
50.375979427564836,503.75979427564835,9.76125611995136,1729822347.7196383
50.5192418268367,505.19241826836696,9.767868659743408,1729822347.7296224
50.66260042219141,506.6260042219141,9.774427468668193,1729822347.7396715
50.806054428348105,508.060544283481,9.78093273583681,1729822347.7495768
50.94960306282429,509.49603062824286,9.787384652047294,1729822347.7596056
51.0932455459602,510.932455459602,9.793783409759026,1729822347.769592
51.23698110094283,512.3698110094283,9.800129203067124,1729822347.7802804
51.380808953829494,513.8080895382949,9.80642222767687,1729822347.7897413
51.524728333571126,515.2472833357112,9.81266268087816,1729822347.799596
51.66873847203511,516.6873847203511,9.818850761519947,1729822347.8094826
51.812838604027775,518.1283860402777,9.824986669984753,1729822347.8197296
51.95702796731652,519.5702796731653,9.83107060816318,1729822347.8296885
52.10130580265157,521.0130580265156,9.837102779428468,1729822347.8396554
52.24567135378731,522.456713537873,9.843083388611086,1729822347.8496156
52.39012386750334,523.9012386750334,9.849012641973363,1729822347.8595967
52.534662593625065,525.3466259362507,9.854890747184163,1729822347.8695354
52.67928678504397,526.7928678504397,9.860717913293604,1729822347.879614
52.823995697737494,528.239956977375,9.866494350707832,1729822347.8897607
52.96878859078857,529.6878859078857,9.872220271163838,1729822347.8996208
53.113664726404764,531.1366472640476,9.87789588770434,1729822347.9095654
53.25862336993705,532.5862336993705,9.883521414652716,1729822347.9200263
53.40366378989824,534.0366378989823,9.889097067587997,1729822347.9296165
53.54878525798103,535.4878525798104,9.894623063319937,1729822347.9396546
53.693987049075695,536.9398704907569,9.900099619864127,1729822347.9496346
53.83926844128738,538.3926844128738,9.905526956417207,1729822347.9596422
53.98462871595309,539.8462871595309,9.91090529333212,1729822347.96962
54.130067157658296,541.300671576583,9.916234852093462,1729822347.9796178
54.27558305425312,542.7558305425312,9.921515855292904,1729822347.9897394
54.421175696868275,544.2117569686827,9.926748526604694,1729822347.9996445
54.566844379930544,545.6684437993055,9.931933090761232,1729822348.0096154
54.71258840117796,547.1258840117796,9.937069773528748,1729822348.0197117
54.858407061674605,548.5840706167461,9.942158801683053,1729822348.0296192
55.00429966582507,550.0429966582508,9.947200402985388,1729822348.0397763
55.150265521388555,551.5026552138855,9.952194806158355,1729822348.0496554
55.2963039394926,552.963039394926,9.957142240861955,1729822348.0596035
55.44241423464652,554.4241423464653,9.962042937669718,1729822348.0696323
55.58859572475442,555.8859572475442,9.966897128044925,1729822348.0796072
55.7348477311279,557.348477311279,9.971705044316947,1729822348.0896318
55.881169578498444,558.8116957849844,9.97646691965766,1729822348.0995553
56.02756059502939,560.2756059502939,9.981182988058006,1729822348.109602
56.17402011232764,561.7402011232764,9.985853484304613,1729822348.1200058
56.32054746545496,563.2054746545496,9.99047864395657,1729822348.1295807
56.46714199293898,564.6714199293898,9.995058703322277,1729822348.1396253
56.61380303678384,566.1380303678384,9.999593899436432,1729822348.1496096
56.76052994248054,567.6052994248054,10.004084470037125,1729822348.1595337
56.907322059016856,569.0732205901686,10.008530653543035,1729822348.1697195
57.05417873888706,570.5417873888706,10.01293268903078,1729822348.179663
57.2010993381012,572.010993381012,10.017290816212345,1729822348.1896098
57.3480832161941,573.480832161941,10.021605275412663,1729822348.1996095
57.495129736234006,574.95129736234,10.025876307547309,1729822348.209548
57.64223826483095,576.4223826483095,10.030104154100314,1729822348.2196684
57.78940817214475,577.8940817214475,10.03428905710212,1729822348.2296352
57.93663883189271,579.3663883189271,10.03843125910764,1729822348.2395747
58.083929621356965,580.8392962135697,10.042531003174473,1729822348.2496228
58.23127992139159,582.3127992139159,10.046588532841232,1729822348.2597358
58.37868911642928,583.7868911642928,10.050604092106015,1729822348.269613
58.526156594487816,585.2615659448782,10.054577925405,1729822348.2795892
58.67368174717616,586.7368174717616,10.058510277591182,1729822348.289664
58.82126396970027,588.2126396970027,10.06240139391325,1729822348.2996635
58.96890266086857,589.6890266086857,10.06625151999458,1729822348.3094857
59.11659722309719,591.1659722309719,10.070060901812404,1729822348.319698
59.26434706241478,592.6434706241478,10.073829785677077,1729822348.3295593
59.41215158846716,594.1215158846716,10.077558418211515,1729822348.339638
59.56001021452158,595.6001021452158,10.081247046330759,1729822348.3496327
59.7079223574707,597.079223574707,10.08489591722169,1729822348.359632
59.85588743783628,598.5588743783628,10.08850527832288,1729822348.3697836
60.00390487977259,600.0390487977259,10.092075377304603,1729822348.3796048
60.15197411106953,601.5197411106952,10.095606462048961,1729822348.389757
60.3000945631554,603.000945631554,10.099098780630195,1729822348.3996384
60.44826567109948,604.4826567109948,10.102552581295113,1729822348.409549
60.59648687361425,605.9648687361425,10.105968112443673,1729822348.4196296
60.74475761305738,607.4475761305738,10.109345622609734,1729822348.4296272
60.893077335433375,608.9307733543337,10.112685360441922,1729822348.4396017
61.041445490395006,610.4144549039501,10.115987574684675,1729822348.4496455
61.189861531244425,611.8986153124442,10.119252514159427,1729822348.4595363
61.33832491493405,613.3832491493405,10.122480427745938,1729822348.469664
61.486835102067104,614.8683510206711,10.125671564363785,1729822348.4795666
61.63539155689797,616.3539155689797,10.128826172954003,1729822348.4896235
61.78399374733221,617.8399374733222,10.131944502460875,1729822348.4996374
61.93264114492637,619.3264114492637,10.135026801813876,1729822348.5096228
62.081333224887494,620.813332248875,10.138073319909774,1729822348.519622
62.230069466072365,622.3006946607236,10.14108430559488,1729822348.5295782
62.37884935098653,623.7884935098652,10.144060007647456,1729822348.5395808
62.52767236578303,625.2767236578303,10.147000674760276,1729822348.5497036
62.676538000260926,626.7653800026093,10.149906555523337,1729822348.5596251
62.82544574786349,628.2544574786349,10.152777898406738,1729822348.5696392
62.97439510567623,629.7439510567623,10.155614951743694,1729822348.579616
63.12338557442463,631.2338557442463,10.15841796371373,1729822348.589572
63.272416658471656,632.7241665847166,10.161187182326005,1729822348.5995889
63.42148786581499,634.2148786581499,10.163922855402811,1729822348.6096003
63.57059870808409,635.7059870808409,10.166625230563218,1729822348.6197152
63.71974870053695,637.1974870053695,10.16929455520688,1729822348.6296005
63.86893736205662,638.6893736205662,10.17193107649799,1729822348.6396391
64.01816421514758,640.1816421514758,10.174535041349394,1729822348.649685
64.16742878593178,641.6742878593177,10.177106696406865,1729822348.6595557
64.31673060414448,643.1673060414448,10.179646288033524,1729822348.6697106
64.46606920312993,644.6606920312993,10.182154062294432,1729822348.6796415
64.61544411983675,646.1544411983675,10.184630264941308,1729822348.6896577
64.76485489481308,647.6485489481308,10.18707514139744,1729822348.699589
64.91430107220161,649.1430107220161,10.18948893674272,1729822348.709579
65.06378219973426,650.6378219973426,10.191871895698847,1729822348.7197356
65.21329782872675,652.1329782872675,10.194224262614695,1729822348.7296205
65.36284751407293,653.6284751407293,10.196546281451804,1729822348.7396367
65.51243081423883,655.1243081423883,10.198838195770064,1729822348.7496076
65.66204729125663,656.6204729125662,10.201100248713523,1729822348.7595723
65.81169651071833,658.1169651071833,10.20333268299636,1729822348.7697134
65.96137804176924,659.6137804176924,10.205535740889019,1729822348.7802022
66.11109145710122,661.1109145710122,10.20770966420448,1729822348.789566
66.26083633294589,662.6083633294588,10.209854694284685,1729822348.8000407
66.4106122490674,664.106122490674,10.211971071987135,1729822348.809581
66.56041878875521,665.6041878875521,10.214059037671616,1729822348.8196146
66.71025553881658,667.1025553881658,10.216118831187082,1729822348.8295786
66.86012208956886,668.6012208956886,10.218150691858698,1729822348.8396344
67.01001803483166,670.1001803483166,10.220154858475023,1729822348.8496635
67.15994297191875,671.5994297191876,10.222131569275346,1729822348.8595672
67.30989650162986,673.0989650162986,10.224081061937174,1729822348.8696735
67.45987822824226,674.5987822824226,10.226003573563858,1729822348.879578
67.6098877595021,676.098877595021,10.227899340672389,1729822348.889659
67.75992470661572,677.5992470661572,10.229768599181313,1729822348.8996367
67.90998868424062,679.0998868424061,10.231611584398816,1729822348.9096022
68.0600793104764,680.600793104764,10.23342853101094,1729822348.919949
68.21019620685541,682.1019620685541,10.23521967306996,1729822348.9295003
68.36033899833333,683.6033899833333,10.236985243982884,1729822348.9395962
68.51050731327952,685.1050731327952,10.238725476500123,1729822348.9495804
68.6607007834672,686.607007834672,10.240440602704282,1729822348.9595368
68.81091904406355,688.1091904406355,10.242130853999107,1729822348.9695845
68.96116173361955,689.6116173361954,10.243796461098569,1729822348.9796422
69.11142849405971,691.1142849405971,10.245437654016094,1729822348.9897149
69.26171897067165,692.6171897067165,10.247054662053925,1729822348.9995594
69.41203281209553,694.1203281209553,10.248647713792632,1729822349.0096614
69.56236967031329,695.6236967031329,10.250217037080763,1729822349.0197046
69.71272920063774,697.1272920063774,10.251762859024618,1729822349.0295243
69.8631110617016,698.631110617016,10.253285405978179,1729822349.0396068
70.01351491544625,700.1351491544625,10.254784903533166,1729822349.0496287
70.16394042711043,701.6394042711044,10.25626157650923,1729822349.0596023
70.3143872652188,703.143872652188,10.257715648944286,1729822349.069676
70.4648551015703,704.6485510157029,10.259147344084974,1729822349.0795958
70.6153436112264,706.153436112264,10.260556884377257,1729822349.0896351
70.76585247249925,707.6585247249925,10.261944491457145,1729822349.0996597
70.91638136693967,709.1638136693967,10.263310386141566,1729822349.1099033
71.06692997932498,710.6692997932498,10.264654788419346,1729822349.119593
71.21749799764673,712.1749799764673,10.265977917442338,1729822349.129634
71.3680851130983,713.680851130983,10.26727999151667,1729822349.139622
71.51869102006239,715.186910200624,10.26856122809412,1729822349.1497197
71.66931541609831,716.6931541609831,10.269821843763621,1729822349.1594598
71.81995800192928,718.1995800192929,10.271062054242895,1729822349.1696067
71.97061848142944,719.7061848142944,10.272282074370207,1729822349.1796494
72.12129656161092,721.2129656161092,10.273482118096238,1729822349.1897068
72.27199195261065,722.7199195261064,10.274662398476103,1729822349.1996405
72.42270436767713,724.2270436767712,10.27582312766146,1729822349.2095807
72.57343352315704,725.7343352315704,10.276964516892768,1729822349.2196972
72.7241791384818,727.241791384818,10.278086776491644,1729822349.2295535
72.87494093615399,728.7494093615398,10.279190115853357,1729822349.2397258
73.02571864173359,730.2571864173359,10.280274743439424,1729822349.2497187
73.17651198382426,731.7651198382425,10.28134086677034,1729822349.259529
73.32732069405935,733.2732069405936,10.282388692418404,1729822349.2696273
73.47814450708798,734.7814450708797,10.283418426000683,1729822349.2796454
73.62898316056084,736.2898316056084,10.284430272172072,1729822349.2896538
73.77983639511605,737.7983639511605,10.285424434618474,1729822349.2996328
73.93070395436482,739.3070395436482,10.286401116050092,1729822349.3096077
74.08158558487702,740.8158558487702,10.287360518194834,1729822349.319651
74.23248103616673,742.3248103616673,10.288302841791829,1729822349.3295054
74.38339006067758,743.8339006067758,10.289228286585038,1729822349.3396175
74.53431241376813,745.3431241376813,10.290137051316997,1729822349.349824
74.68524785369705,746.8524785369705,10.291029333722644,1729822349.3595786
74.83619614160824,748.3619614160824,10.29190533052327,1729822349.3696089
74.98715704151591,749.8715704151591,10.292765237420564,1729822349.3796263
75.13813032028955,751.3813032028954,10.29360924909076,1729822349.3895266
75.28911574763876,752.8911574763877,10.294437559178899,1729822349.399606
75.44011309609807,754.4011309609807,10.29525036029318,1729822349.4104855
75.59112214101167,755.9112214101167,10.296047843999416,1729822349.4197066
75.74214266051797,757.4214266051797,10.296830200815599,1729822349.4295137
75.89317443553425,758.9317443553425,10.297597620206544,1729822349.439687
76.04421724974108,760.4421724974109,10.298350290578647,1729822349.4497535
76.19527088956673,761.9527088956672,10.299088399274734,1729822349.4595554
76.34633514417148,763.4633514417147,10.299812132569006,1729822349.4696422
76.49740980543191,764.9740980543191,10.300521675662075,1729822349.4795537
76.64849466792506,766.4849466792507,10.301217212676095,1729822349.4896235
76.79958952891256,767.9958952891257,10.301898926649992,1729822349.4995804
76.95069418832463,769.5069418832463,10.302566999534774,1729822349.509601
77.10180844874412,771.0180844874412,10.303221612188935,1729822349.519767
77.25293211539038,772.5293211539038,10.303862944373956,1729822349.529502
77.40406499610309,774.0406499610309,10.304491174749883,1729822349.5395663
77.55520690132607,775.5520690132607,10.305106480870995,1729822349.5497346
77.70635764409104,777.0635764409104,10.305709039181563,1729822349.5595908
77.85751704000118,778.5751704000119,10.306299025011688,1729822349.569603
78.00868490721481,780.0868490721482,10.306876612573223,1729822349.579563
78.1598610664289,781.598610664289,10.307441974955786,1729822349.5896177
78.31104534086255,783.1104534086255,10.307995284122839,1729822349.5996215
78.46223755624042,784.6223755624043,10.308536710907866,1729822349.6095953
78.61343754077613,786.1343754077614,10.309066425010615,1729822349.6198506
78.76464512515552,787.6464512515553,10.309584594993428,1729822349.6297243
78.91586014251997,789.1586014251998,10.310091388277646,1729822349.6395931
79.0670824284496,790.6708242844959,10.310586971140092,1729822349.6496043
79.21831182094638,792.1831182094638,10.311071508709624,1729822349.6596227
79.36954816041735,793.6954816041736,10.311545164963766,1729822349.6695848
79.5207912896576,795.207912896576,10.312008102725416,1729822349.6795943
79.67204105383328,796.7204105383328,10.312460483659626,1729822349.6896036
79.82329730046466,798.2329730046466,10.31290246827044,1729822349.6995864
79.97455987940897,799.7455987940897,10.313334215897825,1729822349.7096086
80.12582864284332,801.2582864284332,10.313755884714652,1729822349.7197042
80.27710344524752,802.7710344524752,10.314167631723759,1729822349.7300737
80.42838414338691,804.283841433869,10.314569612755063,1729822349.7396078
80.57967059629509,805.7967059629509,10.314961982462771,1729822349.7497976
80.73096266525665,807.3096266525665,10.31534489432262,1729822349.7595701
80.88226021378983,808.8226021378983,10.315718500629199,1729822349.7696254
81.03356310762916,810.3356310762916,10.316082952493344,1729822349.779627
81.1848712147081,811.848712147081,10.316438399839575,1729822349.789721
81.33618440514151,813.3618440514151,10.31678499140361,1729822349.7996266
81.48750255120831,814.8750255120831,10.31712287472993,1729822349.8095891
81.63882552733386,816.3882552733387,10.317452196169413,1729822349.8201249
81.7901532100725,817.901532100725,10.31777310087701,1729822349.8296914
81.9414854780899,819.4148547808991,10.31808573280951,1729822349.8395836
82.09282221214552,820.9282221214552,10.318390234723324,1729822349.8496244
82.24416329507494,822.4416329507494,10.318686748172352,1729822349.8596003
82.39550861177221,823.9550861177222,10.31897541350589,1729822349.8696768
82.54685804917214,825.4685804917215,10.31925636986661,1729822349.8799207
82.69821149623257,826.9821149623258,10.319529755188558,1729822349.8896415
82.84956884391663,828.4956884391663,10.319795706195253,1729822349.899678
83.00092998517493,830.0092998517493,10.320054358397787,1729822349.9095955
83.15229481492783,831.5229481492782,10.320305846093015,1729822349.9198666
83.30366323004748,833.0366323004748,10.320550302361774,1729822349.9295006
83.45503512934006,834.5503512934006,10.320787859067153,1729822349.939608
83.60641041352785,836.0641041352785,10.321018646852814,1729822349.9502687
83.75778898523136,837.5778898523135,10.32124279514136,1729822349.9596236
83.90917074895133,839.0917074895133,10.321460432132755,1729822349.9697115
84.06055561105082,840.6055561105081,10.321671684802766,1729822349.979638
84.21194347973726,842.1194347973726,10.321876678901482,1729822349.9896939
84.3633342650444,843.633342650444,10.322075538951852,1729822349.9996157
84.51472787881433,845.1472787881432,10.322268388248277,1729822350.0095437
84.66612423467939,846.6612423467939,10.32245534885524,1729822350.0196366
84.81752324804415,848.1752324804415,10.322636541605974,1729822350.0296335
84.96892483606737,849.6892483606737,10.322812086101179,1729822350.0396993
85.12032891764382,851.2032891764381,10.322982100707772,1729822350.049638
85.27173541338622,852.7173541338623,10.32314670255768,1729822350.0596151
85.4231442456071,854.231442456071,10.323306007546662,1729822350.0695612
85.57455533830067,855.7455533830067,10.323460130333176,1729822350.0795624
85.7259686171246,857.2596861712459,10.32360918433728,1729822350.0896
85.87738400938188,858.7738400938189,10.323753281739572,1729822350.0995812
86.02880144400268,860.2880144400268,10.323892533480155,1729822350.1095538
86.18022085152603,861.8022085152603,10.32402704925765,1729822350.1199102
86.33164216408167,863.3164216408168,10.324156937528228,1729822350.1295438
86.48306531537182,864.8306531537182,10.324282305504681,1729822350.139647
86.63449024065288,866.3449024065288,10.32440325915553,1729822350.1496758
86.78591687671721,867.8591687671722,10.324519903204155,1729822350.159543
86.93734516187483,869.3734516187483,10.324632341127959,1729822350.169572
87.08877503593516,870.8877503593516,10.324740675157562,1729822350.1796825
87.2402064401887,872.402064401887,10.324845006276023,1729822350.1896498
87.39163931738875,873.9163931738875,10.32494543421809,1729822350.1996782
87.54307361173304,875.4307361173303,10.325042057469485,1729822350.2096434
87.69450926884544,876.9450926884543,10.325134973266197,1729822350.2197967
87.84594623575762,878.4594623575763,10.325224277593822,1729822350.2295303
87.9973844608907,879.973844608907,10.325310065186919,1729822350.23967
88.14882389403687,881.4882389403687,10.325392429528383,1729822350.2496412
88.30026448634104,883.0026448634103,10.325471462848867,1729822350.259581
88.45170619028247,884.5170619028247,10.325547256126194,1729822350.2696662
88.60314895965637,886.0314895965637,10.325619899084822,1729822350.2796445
88.75459274955554,887.5459274955554,10.32568948019531,1729822350.2896264
88.90603751635196,889.0603751635196,10.32575608667382,1729822350.2996593
89.05748321767835,890.5748321767835,10.32581980448163,1729822350.3095257
89.2089298124098,892.089298124098,10.325880718324676,1729822350.3196278
89.36037726064535,893.6037726064535,10.325938911653108,1729822350.3295848
89.51182552368952,895.1182552368953,10.325994466660866,1729822350.339605
89.66327456403396,896.6327456403395,10.326047464285276,1729822350.3496008
89.81472434533892,898.1472434533891,10.326097984206669,1729822350.3595438
89.9661748324149,899.6617483241489,10.326146104848004,1729822350.3696578
90.11762599120412,901.1762599120412,10.326191903374523,1729822350.3794413
90.26907778876215,902.6907778876215,10.32623545569342,1729822350.3896358
90.42053019323936,904.2053019323936,10.326276836453511,1729822350.3995605
90.57198317386255,905.7198317386255,10.326316119044941,1729822350.4095452
90.72343670091645,907.2343670091645,10.326353375598895,1729822350.4198647
90.87489074572522,908.7489074572522,10.32638867698732,1729822350.4296389
91.02634528063403,910.2634528063403,10.326422092822668,1729822350.4395995
91.17780027899053,911.7780027899053,10.32645369145765,1729822350.4497797
91.32925571512644,913.2925571512644,10.326483539985004,1729822350.4597366
91.48071156433897,914.8071156433898,10.326511704237276,1729822350.469591
91.63216780287246,916.3216780287246,10.326538248786607,1729822350.479591
91.78362440789975,917.8362440789975,10.326563236944542,1729822350.489729
91.93508135750382,919.3508135750382,10.326586730761841,1729822350.499533
92.08653863065919,920.865386306592,10.326608791028304,1729822350.50949
92.23799620721351,922.3799620721352,10.326629477272615,1729822350.519616
92.38945406786898,923.8945406786899,10.326648847762174,1729822350.5294952
92.54091219416392,925.4091219416392,10.326666959502965,1729822350.539695
92.69237056845422,926.9237056845423,10.326683868239416,1729822350.5496771
92.84382917389487,928.4382917389487,10.326699628454266,1729822350.559589
92.99528799442142,929.9528799442141,10.32671429336846,1729822350.5696297
93.14674701473149,931.4674701473149,10.326727914941026,1729822350.5796454
93.29820622026625,932.9820622026625,10.32674054386898,1729822350.5896647
93.44966559719194,934.4966559719194,10.326752229587226,1729822350.5996802
93.60112513238131,936.0112513238131,10.32676302026847,1729822350.609659
93.75258481339515,937.5258481339515,10.326772962823137,1729822350.6196594
93.90404462846374,939.0404462846374,10.326782102899294,1729822350.629589
94.05550456646836,940.5550456646836,10.326790484882585,1729822350.6396935
94.20696461692278,942.0696461692278,10.326798151896156,1729822350.6495948
94.3584247699547,943.584247699547,10.326805145800613,1729822350.6596358
94.50988501628726,945.0988501628726,10.326811507193948,1729822350.669698
94.66134534722053,946.6134534722053,10.326817275411505,1729822350.6797962
94.812805754613,948.12805754613,10.32682248852593,1729822350.6896458
94.96426623086299,949.64266230863,10.326827183347126,1729822350.699647
95.11572676889023,951.1572676889023,10.326831395422223,1729822350.7096784
95.26718736211726,952.6718736211726,10.326835159035543,1729822350.7196016
95.41864800445093,954.1864800445093,10.326838507208562,1729822350.7296448
95.57010869026391,955.7010869026391,10.326841471699899,1729822350.7396183
95.72156941437612,957.2156941437612,10.326844083005277,1729822350.7497277
95.87303017203624,958.7303017203624,10.32684637035751,1729822350.7596812
96.02449095890317,960.2449095890317,10.326848361726483,1729822350.7696524
96.17595177102753,961.7595177102753,10.326850083819133,1729822350.7794383
96.32741260483307,963.2741260483307,10.32685156207944,1729822350.7895896
96.47887345709826,964.7887345709826,10.326852820688408,1729822350.7996914
96.63033432493766,966.3033432493767,10.32685388256406,1729822350.8095753
96.78179520578345,967.8179520578345,10.326854769361427,1729822350.8200026
96.93325609736691,969.332560973669,10.326855501472537,1729822350.8295498
97.08471699769983,970.8471699769983,10.326856098026413,1729822350.8397095
97.23617790505608,972.3617790505608,10.326856576889067,1729822350.8496208
97.38763881795305,973.8763881795305,10.326856954663496,1729822350.859593
97.53909973513306,975.3909973513306,10.326857246689674,1729822350.869605
97.69056065554497,976.9056065554497,10.326857467044553,1729822350.8795934
97.84202157832551,978.4202157832551,10.326857628542061,1729822350.8896174
97.99348250278086,979.9348250278086,10.326857742733102,1729822350.8997388
98.14494342836807,981.4494342836806,10.326857819905548,1729822350.9095504
98.29640435467657,982.9640435467657,10.326857869084245,1729822350.9196446
98.44786528140962,984.4786528140962,10.326857898031008,1729822350.9296691
98.59932620836581,985.9932620836581,10.326857913244623,1729822350.9396274
98.7507871354205,987.507871354205,10.326857919960851,1729822350.949554
98.90224806250733,989.0224806250733,10.326857922152415,1729822350.9596527
99.05370898959968,990.5370898959968,10.326857922529014,1729822350.9696574
99.20516991669216,992.0516991669216,10.326857922537313,1729822350.9795043
99.35663084378204,993.5663084378205,10.326857922360947,1729822350.9896593
99.50809177085081,995.0809177085081,10.326857920920528,1729822350.9995556
99.65955269784556,996.5955269784556,10.326857915873628,1729822351.0096195
99.8110136246605,998.1101362466051,10.326857903614794,1729822351.0196667
99.96247455111848,999.6247455111848,10.326857879275545,1729822351.0295138
100.11393547695236,1001.1393547695236,10.326857836724367,1729822351.0396795
100.2653964017866,1002.653964017866,10.326857768566715,1729822351.0496438
100.41685732511866,1004.1685732511866,10.326857666145017,1729822351.0595245
100.56831824630048,1005.6831824630048,10.32685751953867,1729822351.0696855
100.71977916451999,1007.1977916451999,10.326857317564047,1729822351.079647
100.87124007878259,1008.7124007878259,10.326857047774485,1729822351.089588
101.02270098789256,1010.2270098789256,10.326856696460304,1729822351.099543
101.17416189043462,1011.7416189043462,10.326856248648793,1729822351.1096237
101.32562278475534,1013.2562278475534,10.326855688104223,1729822351.1196325
101.47708366894464,1014.7708366894465,10.326854997327839,1729822351.1295495
101.6285445408173,1016.285445408173,10.326854157557877,1729822351.1396327
101.78000539789436,1017.8000539789435,10.326853148769558,1729822351.149613
101.93146623738465,1019.3146623738465,10.326851949675099,1729822351.1594412
102.08292705616628,1020.8292705616628,10.326850537723715,1729822351.1695867
102.23438785076807,1022.3438785076808,10.32684888910163,1729822351.1797104
102.38584861735104,1023.8584861735104,10.326846978732087,1729822351.1895065
102.53730935168991,1025.3730935168992,10.326844780275357,1729822351.199595
102.68877004915454,1026.8877004915455,10.326842266128752,1729822351.2095299
102.84023070469145,1028.4023070469145,10.326839407426636,1729822351.2195992
102.99169131280524,1029.9169131280523,10.326836174040452,1729822351.2295206
103.14315186754015,1031.4315186754015,10.326832534578724,1729822351.239603
103.29461236246145,1032.9461236246145,10.326828456387098,1729822351.249576
103.44607279063696,1034.4607279063696,10.32682390554835,1729822351.259588
103.59753314461854,1035.9753314461855,10.326818846882421,1729822351.2695997
103.74899341642353,1037.4899341642354,10.326813243946447,1729822351.279612
103.90045359751628,1039.0045359751628,10.326807059034785,1729822351.2896402
104.05191367878957,1040.5191367878958,10.326800253179062,1729822351.2996523
104.20337365054617,1042.0337365054618,10.326792786148209,1729822351.3095534
104.35483350248023,1043.5483350248023,10.326784616448508,1729822351.3197398
104.50629322365883,1045.0629322365883,10.326775701323639,1729822351.3295968
104.65775280250344,1046.5775280250343,10.326765996754736,1729822351.3396282
104.80921222677138,1048.0921222677139,10.326755457460452,1729822351.3495831
104.96067148353734,1049.6067148353734,10.326744036897017,1729822351.3596241
105.11213055917486,1051.1213055917485,10.326731687258306,1729822351.3696394
105.26358943933778,1052.6358943933778,10.326718359475924,1729822351.3796303
105.41504810894179,1054.150481089418,10.326704003219286,1729822351.3896656
105.56650655214588,1055.665065521459,10.326688566895701,1729822351.3996468
105.71796475233383,1057.1796475233382,10.326671997650472,1729822351.4096522
105.86942269209568,1058.694226920957,10.326654241367,1729822351.4196055
106.02088035320931,1060.208803532093,10.326635242666896,1729822351.4295607
106.17233771662183,1061.7233771662181,10.326614944910094,1729822351.4395955
106.32379476243113,1063.2379476243113,10.326593290194985,1729822351.4497342
106.4752514698674,1064.752514698674,10.326570219358551,1729822351.4595551
106.62670781727458,1066.2670781727459,10.326545671976513,1729822351.469638
106.7781637820919,1067.781637820919,10.326519586363474,1729822351.4796135
106.92961934083536,1069.2961934083537,10.326491899573107,1729822351.48958
107.08107446907928,1070.810744690793,10.326462547398304,1729822351.4996607
107.23252914143778,1072.3252914143777,10.32643146437138,1729822351.5095713
107.38398333154628,1073.8398333154628,10.326398583764266,1729822351.51965
107.53543701204303,1075.3543701204303,10.326363837588717,1729822351.5294876
107.68689015455068,1076.8689015455068,10.326327156596532,1729822351.5397112
107.83834272965774,1078.3834272965773,10.32628847027979,1729822351.549704
107.9897947069001,1079.897947069001,10.326247706871095,1729822351.5595236
108.14124605474264,1081.4124605474265,10.326204793343845,1729822351.5697298
108.29269674056067,1082.9269674056068,10.326159655412487,1729822351.579602
108.44414673062155,1084.4414673062156,10.326112217532833,1729822351.5895784
108.5955959900662,1085.955959900662,10.32606240290234,1729822351.599703
108.74704448289063,1087.4704448289062,10.326010133460443,1729822351.6095927
108.89849217192751,1088.9849217192752,10.325955329888888,1729822351.6197522
109.04993901882776,1090.4993901882776,10.325897911612088,1729822351.6295724
109.20138498404205,1092.0138498404206,10.325837796797481,1729822351.6396344
109.35283002680244,1093.5283002680244,10.325774902355935,1729822351.6495793
109.50427410510389,1095.0427410510388,10.325709143942134,1729822351.6595368
109.65571717568591,1096.5571717568591,10.325640435955021,1729822351.669575
109.80715919401409,1098.071591940141,10.32556869153823,1729822351.679639
109.95860011426173,1099.5860011426173,10.325493822580551,1729822351.6897259
110.11003988929143,1101.1003988929142,10.325415739716421,1729822351.6996148
110.26147847063669,1102.614784706367,10.325334352326422,1729822351.7095046
110.41291580848356,1104.1291580848356,10.325249568537815,1729822351.7196145
110.56435185165223,1105.6435185165224,10.325161295225081,1729822351.7295923
110.7157865475787,1107.157865475787,10.325069438010505,1729822351.7396765
110.86721984229638,1108.672198422964,10.324973901264762,1729822351.7496357
111.01865168041778,1110.1865168041777,10.324874588107544,1729822351.7596278
111.17008200511614,1111.7008200511614,10.324771400408203,1729822351.7697
111.32151075810715,1113.2151075810716,10.324664238786418,1729822351.77958
111.47293787963058,1114.7293787963058,10.324553002612905,1729822351.789821
111.62436330843198,1116.2436330843198,10.32443759001013,1729822351.7996294
111.77578698174442,1117.757869817444,10.324317897853057,1729822351.809629
111.92720883527016,1119.2720883527018,10.324193821769944,1729822351.819759
112.07862880316245,1120.7862880316245,10.324065256143136,1729822351.8295949
112.23004681800712,1122.3004681800712,10.323932094109917,1729822351.839642
112.38146281080454,1123.8146281080453,10.323794227563365,1729822351.8496895
112.53287671095117,1125.3287671095118,10.323651547153263,1729822351.85956
112.68428844622152,1126.8428844622151,10.32350394228703,1729822351.86964
112.8356979427498,1128.3569794274981,10.323351301130675,1729822351.8796191
112.98710512501187,1129.8710512501186,10.323193510609808,1729822351.8896034
113.1385099158069,1131.3850991580691,10.323030456410667,1729822351.89966
113.28991223623936,1132.8991223623937,10.322862022981178,1729822351.90952
113.44131200570077,1134.4131200570077,10.322688093532069,1729822351.9198215
113.59270914185161,1135.927091418516,10.322508550037998,1729822351.9295614
113.74410356060322,1137.4410356060323,10.322323273238736,1729822351.9396877
113.89549517609969,1138.954951760997,10.322132142640369,1729822351.949616
114.04688390069977,1140.4688390069978,10.321935036516567,1729822351.959579
114.19826964495884,1141.9826964495885,10.321731831909863,1729822351.9697082
114.34965231761088,1143.4965231761087,10.321522404632988,1729822351.97962
114.5010318255504,1145.010318255504,10.321306629270243,1729822351.9895656
114.6524080738145,1146.524080738145,10.321084379178917,1729822351.9996204
114.80378096556488,1148.0378096556487,10.320855526490742,1729822352.0096118
114.95515040206988,1149.5515040206988,10.320619942113396,1729822352.0196526
115.10651628268653,1151.0651628268652,10.320377495732044,1729822352.0296795
115.2578785048427,1152.5787850484269,10.320128055810935,1729822352.0399582
115.40923696401914,1154.0923696401915,10.31987148959504,1729822352.049553
115.5605915537317,1155.605915537317,10.319607663111723,1729822352.0595524
115.71194216551345,1157.1194216551344,10.319336441172492,1729822352.0695944
115.86328868889687,1158.6328868889686,10.319057687374766,1729822352.0795414
116.0146310113961,1160.1463101139611,10.31877126410371,1729822352.08975
116.16596901848918,1161.6596901848918,10.318477032534116,1729822352.0996168
116.31730259360027,1163.1730259360027,10.318174852632334,1729822352.109577
116.46863161808209,1164.6863161808208,10.31786458315826,1729822352.1199002
116.61995597119808,1166.1995597119808,10.317546081667366,1729822352.129576
116.77127553010492,1167.7127553010491,10.317219204512806,1729822352.1396787
116.9225901698348,1169.225901698348,10.316883806847546,1729822352.1496892
117.07389976327799,1170.73899763278,10.316539742626583,1729822352.159556
117.22520418116515,1172.2520418116515,10.316186864609191,1729822352.1696327
117.37650329204995,1173.7650329204994,10.315825024361255,1729822352.179591
117.52779696229153,1175.2779696229154,10.315454072257628,1729822352.1897738
117.6790850560371,1176.790850560371,10.315073857484586,1729822352.1995864
117.83036743520452,1178.3036743520452,10.314684228042319,1729822352.2096088
117.98164395946499,1179.8164395946499,10.314285030747483,1729822352.219796
118.13291448622566,1181.3291448622565,10.313876111235832,1729822352.2296069
118.2841788706124,1182.841788706124,10.313457313964895,1729822352.2396097
118.43543696545252,1184.3543696545253,10.313028482216733,1729822352.24961
118.58668862125765,1185.8668862125764,10.312589458100751,1729822352.259609
118.73793368620649,1187.379336862065,10.31214008255658,1729822352.269672
118.88917200612774,1188.8917200612773,10.31168019535703,1729822352.2795448
119.04040342448302,1190.4040342448302,10.311209635111098,1729822352.2897177
119.19162778234987,1191.9162778234986,10.310728239267073,1729822352.2995868
119.34284491840477,1193.4284491840476,10.31023584411568,1729822352.3096755
119.49405466890614,1194.9405466890614,10.309732284793315,1729822352.3197043
119.64525686767757,1196.4525686767756,10.309217395285346,1729822352.3294868
119.7964513460909,1197.964513460909,10.308691008429497,1729822352.3399045
119.94763793304949,1199.4763793304949,10.308152955919287,1729822352.3496594
120.09881645497144,1200.9881645497144,10.307603068307564,1729822352.3595903
120.24998673577296,1202.4998673577297,10.307041175010108,1729822352.3695898
120.40114859685174,1204.0114859685175,10.306467104309306,1729822352.3796196
120.55230185707035,1205.5230185707035,10.30588068335792,1729822352.3896918
120.70344633273976,1207.0344633273976,10.305281738182924,1729822352.399606
120.85458183760288,1208.5458183760288,10.304670093689419,1729822352.4095705
121.00570818281814,1210.0570818281815,10.30404557366464,1729822352.4197907
121.15682517694322,1211.5682517694322,10.303408000782044,1729822352.4296043
121.30793262591867,1213.0793262591867,10.302757196605468,1729822352.439664
121.4590303330518,1214.590303330518,10.302092981593399,1729822352.449645
121.61011809900049,1216.1011809900049,10.3014151751033,1729822352.459572
121.76119572175708,1217.6119572175708,10.300723595396043,1729822352.469625
121.9122629966324,1219.122629966324,10.300018059640426,1729822352.4796546
122.06331971623982,1220.6331971623981,10.299298383917776,1729822352.4897811
122.21436567047928,1222.1436567047929,10.298564383226642,1729822352.4996514
122.36540064652164,1223.6540064652163,10.297815871487588,1729822352.509505
122.51642442879276,1225.1642442879277,10.29705266154806,1729822352.5195885
122.667436798958,1226.6743679895799,10.296274565187368,1729822352.529561
122.8184375359065,1228.184375359065,10.295481393121753,1729822352.5396261
122.96942641573574,1229.6942641573573,10.294672955009542,1729822352.5496492
123.12040321173608,1231.2040321173608,10.293849059456413,1729822352.559588
123.27136769437536,1232.7136769437536,10.293009514020747,1729822352.5696585
123.42231963128371,1234.2231963128372,10.292154125219092,1729822352.5797095
123.57325878723827,1235.7325878723827,10.291282698531708,1729822352.5896285
123.72418492414809,1237.2418492414808,10.290395038408224,1729822352.5995927
123.87509780103913,1238.7509780103912,10.289490948273409,1729822352.609642
124.02599717403929,1240.259971740393,10.288570230533013,1729822352.6195912
124.17688279636354,1241.7688279636354,10.287632686579753,1729822352.629625
124.32775441829921,1243.2775441829922,10.286678116799365,1729822352.6396208
124.47861178719121,1244.7861178719122,10.285706320576793,1729822352.6496842
124.62945464742755,1246.2945464742754,10.284717096302465,1729822352.6596115
124.78028274042478,1247.8028274042479,10.28371024137869,1729822352.6697655
124.93109580461362,1249.3109580461362,10.282685552226159,1729822352.6796122
125.08189357542464,1250.8189357542465,10.281642824290547,1729822352.689588
125.2326757852741,1252.326757852741,10.28058185204925,1729822352.6995895
125.38344216354977,1253.8344216354976,10.279502429018214,1729822352.7096794
125.53419243659705,1255.3419243659705,10.278404347758878,1729822352.7196622
125.68492632770494,1256.8492632770494,10.27728739988525,1729822352.7295344
125.83564355709237,1258.3564355709236,10.27615137607107,1729822352.7396214
125.98634384189441,1259.863438418944,10.274996066057122,1729822352.749706
126.13702689614878,1261.370268961488,10.27382125865863,1729822352.7595754
126.28769243078234,1262.8769243078234,10.272626741772804,1729822352.769624
126.43834015359775,1264.3834015359776,10.271412302386478,1729822352.7796524
126.58896976926023,1265.8896976926023,10.270177726583894,1729822352.7895641
126.73958097928445,1267.3958097928446,10.268922799554582,1729822352.7995503
126.89017348202152,1268.9017348202153,10.267647305601384,1729822352.8096018
127.04074697264608,1270.4074697264607,10.266351028148591,1729822352.8195894
127.19130114314353,1271.9130114314353,10.265033749750202,1729822352.829555
127.34183568229749,1273.4183568229748,10.263695252098321,1729822352.8396618
127.49235027567713,1274.9235027567713,10.262335316031658,1729822352.849701
127.6428446056249,1276.428446056249,10.260953721544189,1729822352.8595846
127.79331835124422,1277.9331835124422,10.259550247793909,1729822352.8695734
127.94377118838736,1279.4377118838736,10.258124673111745,1729822352.8796546
128.09420278964342,1280.9420278964342,10.256676775010579,1729822352.8896122
128.24461282432648,1282.4461282432649,10.255206330194408,1729822352.8996234
128.3950009584639,1283.950009584639,10.25371311456764,1729822352.909583
128.5453668547847,1285.453668547847,10.252196903244519,1729822352.9198194
128.69571017270815,1286.9571017270814,10.250657470558679,1729822352.9296463
128.84603056833237,1288.4603056833237,10.249094590072842,1729822352.9395692
128.99632769442326,1289.9632769442326,10.24750803458865,1729822352.9499063
129.14660120040347,1291.4660120040346,10.24589757615662,1729822352.9596076
129.2968507323415,1292.968507323415,10.244262986086257,1729822352.9696279
129.447075932941,1294.4707593294102,10.242604034956287,1729822352.9798675
129.5972764415302,1295.972764415302,10.24092049262504,1729822352.9897056
129.74745189405147,1297.4745189405146,10.239212128240965,1729822352.9995706
129.89760192305113,1298.9760192305112,10.23747871025329,1729822353.0096688
130.04772615766933,1300.4772615766933,10.235720006422822,1729822353.0197036
130.19782422363008,1301.9782422363007,10.23393578383289,1729822353.0295327
130.34789574323148,1303.4789574323147,10.232125808900426,1729822353.0395591
130.49794033533615,1304.9794033533615,10.230289847387194,1729822353.049688
130.64795761536178,1306.4795761536177,10.228427664411159,1729822353.0595968
130.7979471952718,1307.979471952718,10.22653902445801,1729822353.069994
130.94790868356637,1309.4790868356636,10.224623691392813,1729822353.0796268
131.09784168527332,1310.9784168527333,10.222681428471823,1729822353.089656
131.2477458019396,1312.477458019396,10.220711998354439,1729822353.0996454
131.39762063162246,1313.9762063162245,10.218715163115302,1729822353.1096277
131.54746576888124,1315.4746576888124,10.21669068425655,1729822353.1196392
131.69728080476906,1316.9728080476907,10.214638322720209,1729822353.129526
131.84706532682486,1318.4706532682485,10.212557838900747,1729822353.1396377
131.99681891906548,1319.9681891906548,10.210448992657765,1729822353.1496592
132.146541161978,1321.46541161978,10.208311543328852,1729822353.159511
132.29623163251242,1322.9623163251242,10.206145249742574,1729822353.1696203
132.44588990407414,1324.4588990407415,10.20394987023163,1729822353.1795802
132.5955155465171,1325.9551554651712,10.201725162646149,1729822353.1896367
132.74510812613684,1327.4510812613685,10.199470884367145,1729822353.1997259
132.89466720566375,1328.9466720566375,10.197186792320121,1729822353.2095826
133.0441923442567,1330.4419234425668,10.194872642988834,1729822353.2196755
133.19368309749657,1331.9368309749657,10.192528192429195,1729822353.229566
133.3431390173805,1333.431390173805,10.190153196283353,1729822353.2396352
133.49255965231572,1334.9255965231573,10.187747409793891,1729822353.2496488
133.64194454711406,1336.4194454711405,10.18531058781823,1729822353.2595031
133.7912932429865,1337.9129324298651,10.182842484843134,1729822353.2696629
133.94060527753794,1339.4060527753795,10.180342854999406,1729822353.2796583
134.0898801847621,1340.8988018476211,10.17781145207673,1729822353.2896369
134.23911749503694,1342.3911749503693,10.17524802953866,1729822353.2995944
134.3883167351199,1343.883167351199,10.172652340537775,1729822353.3097618
134.5374774281437,1345.3747742814369,10.170024137930989,1729822353.3196304
134.68659909361213,1346.8659909361213,10.167363174295009,1729822353.3296218
134.83568124739625,1348.3568124739625,10.16466920194196,1729822353.3396342
134.9847234017307,1349.8472340173068,10.161941972935157,1729822353.3495777
135.13372506521029,1351.3372506521027,10.159181239105042,1729822353.359525
135.2826857427868,1352.8268574278682,10.15638675206527,1729822353.3695378
135.4316049357661,1354.316049357661,10.153558263228954,1729822353.3795505
135.5804821418054,1355.804821418054,10.150695523825071,1729822353.390088
135.72931685491076,1357.2931685491076,10.147798284915018,1729822353.3996174
135.87810856543499,1358.78108565435,10.144866297409322,1729822353.4096932
136.02685676007553,1360.2685676007554,10.141899312084524,1729822353.4196339
136.17556092187291,1361.7556092187292,10.138897079600193,1729822353.4295905
136.32422053020912,1363.2422053020912,10.135859350516116,1729822353.4396238
136.47283506080652,1364.7283506080653,10.132785875309635,1729822353.4495971
136.62140398572683,1366.2140398572683,10.129676404393145,1729822353.4595535
136.76992677337046,1367.6992677337046,10.126530688131737,1729822353.469642
136.91840288847604,1369.1840288847604,10.12334847686101,1729822353.4795933
137.0668317921203,1370.668317921203,10.120129520905026,1729822353.4896107
137.21521294171814,1372.1521294171814,10.116873570594425,1729822353.499632
137.363545791023,1373.63545791023,10.113580376284693,1729822353.5095475
137.51182979012748,1375.1182979012747,10.110249688374585,1729822353.5197322
137.6600643854643,1376.6006438546428,10.106881257324696,1729822353.5295324
137.80824901980736,1378.0824901980736,10.103474833676188,1729822353.5396097
137.9563831322734,1379.5638313227341,10.100030168069674,1729822353.5496216
138.1044661583235,1381.044661583235,10.096547011264242,1729822353.5595355
138.2524975297653,1382.5249752976529,10.093025114156639,1729822353.5696642
138.40047667475517,1384.0047667475517,10.089464227800601,1729822353.5795748
138.5484030178009,1385.4840301780089,10.085864103426337,1729822353.589698
138.69627597976447,1386.9627597976446,10.082224492460158,1729822353.5996108
138.8440949778653,1388.440949778653,10.078545146544247,1729822353.6096141
138.99185942568366,1389.9185942568365,10.0748258175566,1729822353.6196594
139.13956873316445,1391.3956873316445,10.071066257631081,1729822353.6295717
139.28722230662126,1392.8722230662127,10.06726621917765,1729822353.639697
139.43481954874068,1394.3481954874069,10.06342545490272,1729822353.649772
139.58235985858698,1395.8235985858698,10.059543717829666,1729822353.6595163
139.72984263160703,1397.2984263160702,10.055620761319464,1729822353.669546
139.87726725963557,1398.7726725963557,10.051656339091497,1729822353.6797175
140.02463313090084,1400.2463313090084,10.047650205244476,1729822353.6896994
140.17193963003032,1401.7193963003033,10.043602114277505,1729822353.6996264
140.319186138057,1403.1918613805701,10.039511821111303,1729822353.7096536
140.4663720324259,1404.663720324259,10.035379081109538,1729822353.7197273
140.61349668700083,1406.1349668700084,10.031203650100318,1729822353.7296512
140.76055947207152,1407.605594720715,10.026985284397805,1729822353.7396598
140.90755975436107,1409.0755975436107,10.022723740823958,1729822353.7497408
141.05449689703374,1410.5449689703373,10.018418776730426,1729822353.7596114
141.20137025970305,1412.0137025970305,10.014070150020556,1729822353.769588
141.34817919844016,1413.4817919844018,10.009677619171537,1729822353.7796266
141.49492306578261,1414.949230657826,10.005240943256664,1729822353.789552
141.64160121074346,1416.4160121074347,10.000759881967742,1729822353.7996874
141.7882129788206,1417.8821297882062,9.996234195637602,1729822353.809587
141.9347577120066,1419.3475771200658,9.991663645262745,1729822353.8198612
142.08123474879858,1420.8123474879858,9.987047992526113,1729822353.8296125
142.22764342420885,1422.2764342420885,9.982386999819962,1729822353.8396077
142.37398306977548,1423.7398306977548,9.977680430268876,1729822353.8497813
142.52025301357347,1425.2025301357346,9.97292804775288,1729822353.8595734
142.6664525802261,1426.6645258022609,9.96812961693068,1729822353.8696663
142.81258109091678,1428.1258109091677,9.963284903262997,1729822353.8797903
142.9586378634011,1429.586378634011,9.95839367303603,1729822353.8897467
143.10462221201925,1431.0462221201924,9.953455693385022,1729822353.8996475
143.25053344770893,1432.5053344770893,9.948470732317933,1729822353.909645
143.3963708780184,1433.9637087801839,9.943438558739201,1729822353.9197938
143.54213380711997,1435.4213380711997,9.93835894247364,1729822353.9296741
143.68782153582396,1436.8782153582397,9.9332316542904,1729822353.9396238
143.83343336159277,1438.3343336159278,9.92805646592706,1729822353.949669
143.97896857855554,1439.7896857855553,9.922833150113782,1729822353.9595854
144.12442647752303,1441.2442647752302,9.917561480597586,1729822353.9695969
144.26980634600284,1442.6980634600284,9.912241232166709,1729822353.9795914
144.41510746821515,1444.1510746821516,9.906872180675037,1729822353.9897034
144.5603291251086,1445.6032912510861,9.90145410306665,1729822353.9995592
144.70547059437672,1447.0547059437672,9.895986777400426,1729822354.009539
144.85053115047455,1448.5053115047456,9.890469982874743,1729822354.0196066
144.99551006463582,1449.9551006463582,9.884903499852252,1729822354.029587
145.14040660489036,1451.4040660489036,9.879287109884727,1729822354.0396414
145.28522003608188,1452.8522003608189,9.873620595737984,1729822354.0496235
145.42994961988612,1454.299496198861,9.867903741416887,1729822354.0595627
145.57459461482946,1455.7459461482947,9.862136332190401,1729822354.069715
145.7191542763078,1457.191542763078,9.856318154616723,1729822354.0799818
145.86362785660577,1458.6362785660576,9.850448996568469,1729822354.0896184
146.00801460491653,1460.0801460491653,9.844528647257928,1729822354.0996814
146.1523137673616,1461.523137673616,9.838556897262366,1729822354.109962
146.29652458701142,1462.9652458701141,9.832533538549383,1729822354.1199923
146.44064630390608,1464.4064630390608,9.82645836450232,1729822354.1295707
146.58467815507632,1465.8467815507631,9.820331169945728,1729822354.1397123
146.72861937456523,1467.2861937456523,9.81415175117085,1729822354.1498792
146.87246919345,1468.7246919345,9.807919905961185,1729822354.159528
147.01622683986426,1470.1622683986425,9.801635433618046,1729822354.1695626
147.15989153902066,1471.5989153902067,9.795298134986192,1729822354.1795835
147.30346251323397,1473.0346251323397,9.788907812479465,1729822354.1899483
147.44693898194433,1474.4693898194432,9.782464270106464,1729822354.1995149
147.59032016174118,1475.9032016174117,9.775967313496253,1729822354.2095969
147.7336052663873,1477.3360526638728,9.769416749924064,1729822354.219841
147.8767935068433,1478.7679350684332,9.762812388337045,1729822354.2295535
148.01988409129268,1480.1988409129267,9.756154039380013,1729822354.239654
148.1628762251669,1481.628762251669,9.74944151542121,1729822354.2496347
148.3057691111712,1483.057691111712,9.74267463057808,1729822354.259614
148.44856194931054,1484.4856194931053,9.735853200743032,1729822354.2696552
148.59125393691605,1485.9125393691604,9.728977043609214,1729822354.2796323
148.7338442686718,1487.3384426867178,9.722045978696295,1729822354.2899191
148.87633213664196,1488.7633213664196,9.715059827376205,1729822354.2996066
149.01871673029842,1490.187167302984,9.708018412898898,1729822354.3095386
149.1609972365486,1491.609972365486,9.700921560418086,1729822354.31994
149.30317283976382,1493.0317283976383,9.693769097016942,1729822354.3295608
149.44524272180794,1494.4524272180795,9.686560851733805,1729822354.3397112
149.58720606206646,1495.8720606206646,9.679296655587837,1729822354.3496451
149.72906203747587,1497.2906203747586,9.671976341604658,1729822354.3595645
149.87080982255355,1498.7080982255357,9.664599744841945,1729822354.3696048
150.01244858942786,1500.1244858942787,9.65716670241499,1729822354.379556
150.15397750786875,1501.5397750786874,9.649677053522218,1729822354.3897579
150.29539574531867,1502.9539574531868,9.642130639470654,1729822354.3995924
150.43670246692386,1504.3670246692386,9.634527303701342,1729822354.4095411
150.57789683556604,1505.7789683556603,9.626866891814704,1729822354.420011
150.71897801189442,1507.1897801189443,9.619149251595847,1729822354.4295473
150.85994515435814,1508.5994515435814,9.611374233039792,1729822354.4396734
151.00079741923906,1510.0079741923905,9.603541688376657,1729822354.4495585
151.14153396068485,1511.4153396068486,9.595651472096739,1729822354.4595392
151.28215393074262,1512.8215393074263,9.587703440975547,1729822354.4695911
151.42265647939266,1514.2265647939266,9.579697454098726,1729822354.479635
151.56304075458277,1515.6304075458277,9.571633372886927,1729822354.4895031
151.7033059022629,1517.033059022629,9.563511061120556,1729822354.4996076
151.84345106642007,1518.4345106642008,9.555330384964444,1729822354.5096235
151.98347538911366,1519.8347538911366,9.547091212992422,1729822354.5195754
152.12337801051123,1521.2337801051124,9.538793416211783,1729822354.529542
152.2631580689244,1522.6315806892442,9.530436868087634,1729822354.5395706
152.40281470084545,1524.0281470084547,9.522021444567153,1729822354.5495832
152.54234704098388,1525.423470409839,9.513547024103703,1729822354.5596113
152.68175422230365,1526.8175422230365,9.505013487680847,1729822354.5701773
152.82103537606062,1528.2103537606063,9.496420718836223,1729822354.579579
152.96018963184028,1529.6018963184029,9.487768603685293,1729822354.5895486
153.09921611759603,1530.9921611759603,9.47905703094496,1729822354.599838
153.23811395968758,1532.3811395968758,9.470285891957033,1729822354.6095924
153.37688228291987,1533.7688228291986,9.461455080711564,1729822354.619601
153.5155202105821,1535.155202105821,9.452564493870021,1729822354.6296537
153.65402686448746,1536.5402686448747,9.44361403078831,1729822354.6396208
153.79240136501284,1537.9240136501285,9.43460359353965,1729822354.6496258
153.930642831139,1539.3064283113902,9.425533086937264,1729822354.6596797
154.06875038049125,1540.6875038049125,9.416402418556917,1729822354.6696706
154.2067231293801,1542.067231293801,9.40721149875928,1729822354.6796415
154.34456019284255,1543.4456019284255,9.397960240712102,1729822354.6896133
154.48226068468355,1544.8226068468355,9.388648560412223,1729822354.6995573
154.61982371751782,1546.1982371751783,9.379276376707383,1729822354.709579
154.75724840281194,1547.5724840281193,9.369843611317833,1729822354.7196476
154.89453385092685,1548.9453385092684,9.360350188857776,1729822354.729541
155.03167917116062,1550.3167917116061,9.350796036856577,1729822354.7396297
155.1686834717914,1551.686834717914,9.341181085779782,1729822354.7496886
155.305545860121,1553.05545860121,9.33150526904993,1729822354.7596097
155.44226544251825,1554.4226544251824,9.321768523067135,1729822354.769638
155.5788413244633,1555.788413244633,9.311970787229459,1729822354.7796135
155.71527261059168,1557.1527261059168,9.302112003953058,1729822354.78961
155.8515584047389,1558.515584047389,9.29219211869209,1729822354.7996588
155.98769780998535,1559.8769780998534,9.282211079958408,1729822354.8095498
156.1236899287013,1561.236899287013,9.272168839340987,1729822354.819558
156.25953386259252,1562.5953386259253,9.262065351525129,1729822354.8296423
156.39522871274576,1563.9522871274576,9.251900574311403,1729822354.8397422
156.53077357967487,1565.3077357967486,9.241674468634352,1729822354.849702
156.66616756336697,1566.6616756336698,9.231386998580918,1729822354.8595965
156.8014097633289,1568.014097633289,9.221038131408617,1729822354.8696327
156.9364992786341,1569.364992786341,9.210627837563463,1729822354.879547
157.07143520796953,1570.7143520796953,9.200156090697575,1729822354.8895912
157.20621664968303,1572.0621664968303,9.18962286768656,1729822354.8996382
157.34084270183078,1573.4084270183077,9.179028148646578,1729822354.909599
157.47531246222513,1574.7531246222513,9.168371916951138,1729822354.9199896
157.60962502848258,1576.0962502848258,9.157654159247596,1729822354.9296145
157.74377949807203,1577.4377949807204,9.146874865473372,1729822354.9396238
157.8777749683633,1578.777749683633,9.136034028871851,1729822354.9496408
158.0116105366758,1580.116105366758,9.125131646007992,1729822354.9595642
158.14528530032754,1581.4528530032753,9.114167716783621,1729822354.969609
158.27879835668426,1582.7879835668427,9.103142244452426,1729822354.979673
158.41214880320874,1584.1214880320874,9.092055235634612,1729822354.9897485
158.5453357375105,1585.453357375105,9.080906700331267,1729822354.999631
158.67835825739547,1586.7835825739548,9.06969665193837,1729822355.0095537
158.81121546091612,1588.1121546091613,9.058425107260495,1729822355.0196443
158.94390644642155,1589.4390644642156,9.047092086524168,1729822355.0295198
159.07643031260787,1590.7643031260786,9.035697613390889,1729822355.0396895
159.2087861585688,1592.0878615856882,9.024241714969817,1729822355.0497468
159.34097308384648,1593.4097308384648,9.012724421830109,1729822355.059642
159.47299018848219,1594.7299018848219,9.001145768012893,1729822355.0696578
159.60483657306767,1596.0483657306768,8.989505791042925,1729822355.0796664
159.73651133879628,1597.3651133879628,8.977804531939835,1729822355.08966
159.86801358751438,1598.6801358751438,8.966042035229064,1729822355.0996087
159.99934242177295,1599.9934242177296,8.954218348952402,1729822355.109565
160.13049694487935,1601.3049694487936,8.942333524678176,1729822355.1195955
160.2614762609491,1602.6147626094912,8.93038761751104,1729822355.129624
160.39227947495795,1603.9227947495795,8.918380686101427,1729822355.1396089
160.52290569279398,1605.2290569279398,8.906312792654587,1729822355.1496208
160.6533540213099,1606.533540213099,8.894184002939257,1729822355.159548
160.7836235683754,1607.8362356837538,8.881994386295943,1729822355.1695974
160.91371344292963,1609.1371344292963,8.869744015644809,1729822355.1795473
161.04362275503397,1610.4362275503397,8.857432967493175,1729822355.1896665
161.1733506159245,1611.733506159245,8.84506132194261,1729822355.1996539
161.30289613806502,1613.0289613806503,8.832629162695646,1729822355.2096114
161.43225843519983,1614.3225843519983,8.820136577062055,1729822355.2197535
161.56143662240677,1615.6143662240677,8.807583655964754,1729822355.2296305
161.69042981615033,1616.9042981615032,8.794970493945279,1729822355.2396255
161.8192371343347,1618.192371343347,8.78229718916885,1729822355.249623
161.94785769635715,1619.4785769635714,8.76956384342903,1729822355.2595615
162.07629062316107,1620.7629062316107,8.75677056215195,1729822355.2695825
162.20453503728953,1622.0453503728954,8.743917454400131,1729822355.279528
162.33259006293852,1623.3259006293852,8.731004632875873,1729822355.289715
162.46045482601048,1624.6045482601048,8.718032213924214,1729822355.2996495
162.58812845416767,1625.8812845416767,8.705000317535466,1729822355.3095813
162.71561007688572,1627.1561007688572,8.691909067347321,1729822355.319685
162.84289882550715,1628.4289882550715,8.678758590646526,1729822355.3295934
162.96999383329486,1629.6999383329487,8.665549018370106,1729822355.339642
163.09689423548576,1630.9689423548575,8.652280485106179,1729822355.3495977
163.22359916934425,1632.2359916934424,8.638953129094293,1729822355.359555
163.3501077742158,1633.5010777421578,8.625567092225362,1729822355.3695943
163.47641919158048,1634.7641919158048,8.612122520041124,1729822355.379554
163.60253256510654,1636.0253256510655,8.59861956173317,1729822355.3896518
163.72844704070388,1637.284470407039,8.585058370141525,1729822355.399687
163.85416176657756,1638.5416176657757,8.571439101752778,1729822355.409654
163.97967589328118,1639.7967589328118,8.557761916697755,1729822355.4197822
164.10498857377038,1641.0498857377038,8.544026978748755,1729822355.4294703
164.2300989634562,1642.3009896345618,8.530234455316315,1729822355.4397364
164.35500622025822,1643.5500622025822,8.516384517445527,1729822355.449643
164.47970950465805,1644.7970950465806,8.502477339811913,1729822355.459604
164.60420797975232,1646.0420797975232,8.488513100716814,1729822355.469639
164.72850081130593,1647.2850081130593,8.47449198208235,1729822355.4796393
164.85258716780496,1648.5258716780495,8.460414169445894,1729822355.4896505
164.97646622050962,1649.764662205096,8.446279851954113,1729822355.4996748
165.10013714350717,1651.0013714350716,8.432089222356527,1729822355.509593
165.22359911376458,1652.2359911376457,8.417842476998617,1729822355.5199883
165.34685131118118,1653.4685131118117,8.403539815814463,1729822355.5296476
165.46989291864125,1654.6989291864124,8.389181442318943,1729822355.5396464
165.5927231220663,1655.927231220663,8.374767563599427,1729822355.5495956
165.71534111046742,1657.1534111046742,8.360298390307047,1729822355.559568
165.8377460759974,1658.377460759974,8.345774136647496,1729822355.5696096
165.95993721400268,1659.5993721400268,8.331195020371341,1729822355.579587
166.08191372307525,1660.8191372307524,8.3165612627639,1729822355.5896192
166.20367480510433,1662.0367480510433,8.301873088634649,1729822355.5996852
166.32521966532784,1663.2521966532784,8.287130726306149,1729822355.6096025
166.44654751238383,1664.4654751238384,8.272334407602548,1729822355.6195889
166.5676575583616,1665.6765755836159,8.257484367837572,1729822355.6295419
166.6885490188527,1666.885490188527,8.242580845802104,1729822355.639645
166.80922111300185,1668.0922111300185,8.227624083751268,1729822355.6496084
166.9296730635574,1669.296730635574,8.212614327391062,1729822355.6596184
167.0499040969218,1670.4990409692182,8.197551825864545,1729822355.6695888
167.16991344320186,1671.6991344320186,8.182436831737556,1729822355.6796014
167.28970033625862,1672.8970033625862,8.167269600983968,1729822355.689653
167.4092640137572,1674.0926401375718,8.152050392970503,1729822355.6996167
167.5286037172163,1675.286037172163,8.136779470441086,1729822355.7096334
167.64771869205754,1676.4771869205754,8.12145709950074,1729822355.7196546
167.76660818765444,1677.6660818765445,8.106083549599036,1729822355.729657
167.88527145738126,1678.8527145738126,8.0906590935131,1729822355.7396169
168.00370775866156,1680.0370775866156,8.075184007330156,1729822355.7496274
168.12191635301647,1681.2191635301647,8.059658570429642,1729822355.7596357
168.23989650611273,1682.3989650611272,8.044083065464857,1729822355.7696266
168.35764748781037,1683.5764748781037,8.028457778344194,1729822355.7795677
168.47516857221024,1684.7516857221024,8.012782998211915,1729822355.789697
168.59245903770116,1685.9245903770116,7.997059017428492,1729822355.7997017
168.70951816700676,1687.0951816700676,7.9812861315505135,1729822355.8096325
168.82634524723213,1688.2634524723212,7.965464639310164,1729822355.8197641
168.94293956991,1689.4293956991,7.949594842594258,1729822355.8295698
169.05930043104678,1690.5930043104677,7.9336770464228605,1729822355.8396342
169.1754271311681,1691.7542713116811,7.917711558927484,1729822355.8496072
169.29131897536422,1692.9131897536422,7.901698691328845,1729822355.8595376
169.40697527333492,1694.069752733349,7.885638757914227,1729822355.869622
169.5223953394342,1695.223953394342,7.869532076014404,1729822355.8796098
169.63757849271454,1696.3757849271453,7.853378965980165,1729822355.8895872
169.75252405697086,1697.5252405697086,7.83717975115843,1729822355.8995943
169.86723136078407,1698.6723136078408,7.820934757867942,1729822355.9096339
169.98169973756438,1699.816997375644,7.804644315374587,1729822355.9198246
170.09592852559405,1700.9592852559404,7.788308755866281,1729822355.929635
170.20991706806993,1702.0991706806992,7.771928414427492,1729822355.9396162
170.32366471314558,1703.2366471314558,7.755503629013342,1729822355.9496255
170.43717081397295,1704.3717081397294,7.73903474042334,1729822355.9595525
170.5504347287437,1705.5043472874372,7.722522092274727,1729822355.9697177
170.6634558207302,1706.634558207302,7.705966030975445,1729822355.9796124
170.77623345832598,1707.7623345832599,7.689366905696708,1729822355.9895906
170.88876701508588,1708.8876701508589,7.672725068345231,1729822355.999649
171.00105586976576,1710.0105586976576,7.65604087353507,1729822356.009467
171.11309940636178,1711.130994063618,7.639314678559114,1729822356.0198317
171.2248970141493,1712.248970141493,7.622546843360216,1729822356.0295792
171.33644808772124,1713.3644808772124,7.605737730501947,1729822356.0395901
171.4477520270262,1714.4775202702622,7.588887705139032,1729822356.0495882
171.55880823740594,1715.5880823740595,7.571997134987424,1729822356.059618
171.66961612963246,1716.6961612963246,7.555066390294049,1729822356.0696213
171.7801751199448,1717.801751199448,7.5380958438061985,1729822356.0797281
171.89048463008518,1718.904846300852,7.521085870740609,1729822356.0896652
172.0005440873348,1720.0054408733479,7.504036848752203,1729822356.09966
172.110352924549,1721.10352924549,7.486949157902524,1729822356.1095603
172.21991058019233,1722.1991058019235,7.469823180627851,1729822356.119731
172.3292164983727,1723.292164983727,7.452659301706995,1729822356.129646
172.4382701288753,1724.382701288753,7.435457908228804,1729822356.139622
172.54707092719616,1725.4707092719616,7.418219389559359,1729822356.1497474
172.65561835457484,1726.5561835457484,7.400944137308877,1729822356.1595852
172.76391187802696,1727.6391187802697,7.383632545298349,1729822356.1696904
172.87195097037616,1728.7195097037616,7.3662850095258605,1729822356.1795535
172.9797351102855,1729.797351102855,7.348901928132654,1729822356.1896944
173.08726378228837,1730.8726378228837,7.331483701368923,1729822356.1995826
173.19453647681894,1731.9453647681894,7.314030731559341,1729822356.2095878
173.30155269024206,1733.0155269024206,7.296543423068322,1729822356.2200134
173.4083119248827,1734.083119248827,7.279022182265035,1729822356.2295797
173.51481368905476,1735.1481368905477,7.261467417488171,1729822356.2396066
173.62105749708957,1736.2105749708958,7.243879539010472,1729822356.249871
173.72704286936357,1737.2704286936357,7.226258959003009,1729822356.2595437
173.83276933232577,1738.3276933232578,7.208606091499255,1729822356.2696996
173.9382364185244,1739.3823641852441,7.190921352358918,1729822356.279616
174.04344366663332,1740.434436666333,7.173205159231567,1729822356.2895935
174.14839062147755,1741.4839062147755,7.155457931520035,1729822356.2995398
174.2530768340586,1742.5307683405858,7.137680090343641,1729822356.3095036
174.357501861579,1743.5750186157902,7.119872058501186,1729822356.3199594
174.46166526746651,1744.6166526746651,7.10203426043378,1729822356.3295853
174.5655666213975,1745.6556662139749,7.084167122187477,1729822356.3397033
174.66920549932004,1746.6920549932004,7.06627107137573,1729822356.349664
174.77258148347633,1747.7258148347632,7.048346537141673,1729822356.359629
174.87569416242457,1748.7569416242457,7.030393950120249,1729822356.369632
174.97854313106023,1749.7854313106022,7.012413742400161,1729822356.3795836
175.0811279906369,1750.811279906369,6.994406347485694,1729822356.3896382
175.18344834878644,1751.8344834878644,6.976372200258374,1729822356.3995943
175.2855038195386,1752.855038195386,6.958311736938485,1729822356.4095495
175.38729402334013,1753.8729402334013,6.940225395046477,1729822356.419742
175.48881858707327,1754.8881858707327,6.922113613364233,1729822356.429645
175.59007714407363,1755.9007714407362,6.90397683189621,1729822356.4396605
175.69106933414767,1756.9106933414766,6.885815491830491,1729822356.4496903
175.79179480358934,1757.9179480358935,6.867630035499704,1729822356.459601
175.8922532051964,1758.922532051964,6.849420906341876,1729822356.4696229
175.99244419828597,1759.9244419828597,6.831188548861165,1729822356.4796102
176.09236744870972,1760.9236744870973,6.812933408588534,1729822356.4895706
176.19202262886822,1761.9202262886822,6.794655932042305,1729822356.4995604
176.29140941772488,1762.914094177249,6.776356566688713,1729822356.5096278
176.3905275008193,1763.905275008193,6.7580357609023185,1729822356.5195475
176.48937657028003,1764.8937657028002,6.739693963926421,1729822356.5295334
176.58795632483665,1765.8795632483666,6.721331625833386,1729822356.5396698
176.6862664698314,1766.862664698314,6.702949197484947,1729822356.5496275
176.78430671723018,1767.8430671723017,6.684547130492476,1729822356.5596395
176.88207678563296,1768.8207678563297,6.666125877177191,1729822356.569679
176.9795764002836,1769.795764002836,6.647685890530391,1729822356.5796137
177.07680529307908,1770.7680529307909,6.629227624173619,1729822356.5896018
177.17376320257813,1771.7376320257813,6.610751532318877,1729822356.5996594
177.27044987400942,1772.704498740094,6.5922580697287785,1729822356.6095762
177.36686505927892,1773.6686505927892,6.573747691676743,1729822356.6197038
177.4630085169769,1774.6300851697692,6.555220853907192,1729822356.6295202
177.55888001238426,1775.5888001238427,6.536678012595757,1729822356.6398995
177.65447931747812,1776.5447931747813,6.51811962430951,1729822356.6496065
177.74980621093718,1777.4980621093719,6.499546145967257,1729822356.6595428
177.8448604781462,1778.4486047814619,6.480958034799808,1729822356.6695943
177.93964191119994,1779.3964191119994,6.462355748310347,1729822356.6796248
178.0341503089067,1780.341503089067,6.443739744234834,1729822356.6896021
178.1283854767911,1781.283854767911,6.425110480502458,1729822356.6996226
178.22234722709626,1782.2234722709627,6.406468415196147,1729822356.7096307
178.31603537878559,1783.160353787856,6.387814006513183,1729822356.7196715
178.40944975754383,1784.0944975754383,6.369147712725863,1729822356.7295105
178.50259019577757,1785.0259019577757,6.350469992142236,1729822356.7396665
178.59545653261526,1785.9545653261525,6.331781303066976,1729822356.7496507
178.68804861390652,1786.8804861390652,6.313082103762292,1729822356.7596133
178.78036629222095,1787.8036629222095,6.294372852408987,1729822356.7696521
178.87240942684642,1788.7240942684641,6.275654007067611,1729822356.7796395
178.96417788378668,1789.6417788378667,6.256926025639713,1729822356.7895393
179.05567153575848,1790.5567153575848,6.238189365829241,1729822356.7995603
179.14689026218815,1791.4689026218816,6.219444485104051,1729822356.8096097
179.23783394920753,1792.3783394920752,6.200691840657554,1729822356.819562
179.32850248964937,1793.2850248964937,6.181931889370506,1729822356.8297424
179.41889578304222,1794.1889578304222,6.163165087772939,1729822356.8396354
179.5090137356047,1795.0901373560469,6.144391892006256,1729822356.849588
179.5988562602393,1795.988562602393,6.125612757785464,1729822356.8595052
179.68842327652555,1796.8842327652555,6.106828140361575,1729822356.8695905
179.77771471071262,1797.7771471071262,6.088038494484187,1729822356.8795335
179.86673049571144,1798.6673049571143,6.069244274364242,1729822356.8895955
179.95547057108632,1799.5547057108633,6.050445933636944,1729822356.8999088
180.0439348830459,1800.439348830459,6.031643925324873,1729822356.9096153
180.1321233844336,1801.3212338443361,6.0128387018013045,1729822356.919597
180.22003603471768,1802.2003603471767,5.994030714753702,1729822356.9295733
180.3076727999805,1803.0767279998051,5.975220415147433,1729822356.9396458
180.39503365290756,1803.9503365290757,5.956408253189671,1729822356.9495678
180.48211857277568,1804.8211857277568,5.93759467829353,1729822356.9595726
180.56892754544097,1805.6892754544097,5.918780139042411,1729822356.9695528
180.65546056332607,1806.5546056332607,5.899965083154567,1729822356.9796147
180.74171762540698,1807.4171762540698,5.881149957447904,1729822356.989686
180.82769873719928,1808.2769873719928,5.862335207805005,1729822356.9996777
180.91340391074402,1809.1340391074402,5.843521279138401,1729822357.009577
180.99883316459287,1809.9883316459286,5.82470861535608,1729822357.0196478
181.08398652379293,1810.8398652379292,5.805897659327246,1729822357.029663
181.168864019871,1811.68864019871,5.7870888528483295,1729822357.0396547
181.25346569081736,1812.5346569081737,5.768282636609262,1729822357.0496113
181.337791581069,1813.3779158106902,5.7494794501599875,1729822357.0595276
181.42184174149253,1814.2184174149252,5.730679731877285,1729822357.069705
181.50561622936632,1815.0561622936632,5.711883918931802,1729822357.0796025
181.58911510836248,1815.8911510836247,5.693092447255415,1729822357.0896246
181.67233844852814,1816.7233844852813,5.6743057515088475,1729822357.0996342
181.75528632626634,1817.5528632626633,5.655524265049561,1729822357.1096327
181.8379588243165,1818.379588243165,5.636748419899953,1729822357.1195953
181.9203560317343,1819.2035603173429,5.617978646715829,1729822357.1295974
182.0024780438712,1820.024780438712,5.599215374755188,1729822357.1396341
182.0843249623536,1820.843249623536,5.58045903184727,1729822357.1495626
182.16589689506125,1821.6589689506125,5.561710044361956,1729822357.1594417
182.24719395610552,1822.4719395610553,5.5429688371794335,1729822357.1696253
182.32821626580707,1823.2821626580708,5.524235833660191,1729822357.1796334
182.40896395067315,1824.0896395067316,5.505511455615316,1729822357.1895761
182.48943714337443,1824.8943714337443,5.486796123277118,1729822357.1996062
182.5696359827214,1825.6963598272139,5.468090255270059,1729822357.2096229
182.6495606136404,1826.4956061364041,5.44939426858202,1729822357.2195976
182.72921118714922,1827.2921118714921,5.4307085785358735,1729822357.2295587
182.80858786033218,1828.0858786033218,5.412033598761409,1729822357.239643
182.88769079631496,1828.8769079631495,5.393369741167576,1729822357.2496567
182.96652016423897,1829.6652016423898,5.374717415915062,1729822357.25947
183.04507613923525,1830.4507613923524,5.356077031389195,1729822357.269633
183.12335890239808,1831.2335890239808,5.337448994173229,1729822357.2796204
183.2013686407582,1832.013686407582,5.318833709021915,1729822357.2896595
183.2791055472555,1832.7910554725552,5.300231578835441,1729822357.299592
183.35656982071157,1833.5656982071157,5.281643004633751,1729822357.3096385
183.43376166580163,1834.3376166580163,5.263068385531152,1729822357.3198562
183.51068129302632,1835.1068129302632,5.244508118711322,1729822357.3295743
183.58732891868297,1835.8732891868297,5.225962599402637,1729822357.3402228
183.66370476483658,1836.6370476483658,5.2074322208538915,1729822357.349665
183.73980905929037,1837.3980905929036,5.1889173743103285,1729822357.3595755
183.81564203555618,1838.1564203555617,5.170418448990094,1729822357.3695717
183.89120393282428,1838.9120393282428,5.151935832060959,1729822357.3796332
183.966494995933,1839.66494995933,5.133469908617509,1729822357.389587
184.04151547533803,1840.4151547533802,5.115021061658628,1729822357.3996263
184.1162656270813,1841.162656270813,5.096589672065354,1729822357.4095953
184.19074571275968,1841.907457127597,5.0781761185791385,1729822357.419701
184.26495599949314,1842.6495599949315,5.059780777780428,1729822357.429591
184.33889675989295,1843.3889675989294,5.0414040240676705,1729822357.439591
184.41256827202915,1844.1256827202915,5.023046229636619,1729822357.4495652
184.48597081939815,1844.8597081939815,5.0047077644600915,1729822357.4596748
184.5591046908897,1845.5910469088972,4.9863889962680235,1729822357.4696007
184.6319701807538,1846.319701807538,4.968090290527953,1729822357.4799113
184.7045675885671,1847.045675885671,4.949812010425853,1729822357.4897192
184.77689721919936,1847.7689721919935,4.931554516847343,1729822357.499542
184.84895938277924,1848.4895938277923,4.913318168359273,1729822357.509684
184.92075439466015,1849.2075439466016,4.895103321191701,1729822357.5198944
184.99228257538573,1849.9228257538573,4.87691032922023,1729822357.5296507
185.06354425065496,1850.6354425065497,4.8587395439487056,1729822357.539553
185.13453975128724,1851.3453975128723,4.840591314492344,1729822357.5497344
185.205269413187,1852.05269413187,4.82246598756118,1729822357.559667
185.27573357730833,1852.7573357730832,4.804363907443938,1729822357.5696082
185.34593258961905,1853.4593258961904,4.786285415992247,1729822357.579583
185.41586680106496,1854.1586680106498,4.768230852605256,1729822357.589682
185.48553656753347,1854.8553656753347,4.750200554214595,1729822357.59966
185.55494224981726,1855.5494224981726,4.73219485526977,1729822357.609578
185.62408421357767,1856.2408421357768,4.714214087723883,1729822357.6200054
185.69296282930793,1856.9296282930793,4.6962585810197455,1729822357.6296468
185.761578472296,1857.6157847229601,4.6783286620763676,1729822357.6399336
185.82993152258754,1858.2993152258755,4.660424655275842,1729822357.6495683
185.8980223649484,1858.9802236494838,4.64254688245057,1729822357.6595354
185.96585138882702,1859.6585138882701,4.624695662870875,1729822357.669534
186.0334189883168,1860.3341898831682,4.606871313233011,1729822357.6795952
186.1007255621181,1861.007255621181,4.589074147647514,1729822357.68961
186.16777151350013,1861.6777151350013,4.571304477627936,1729822357.6995888
186.23455725026272,1862.3455725026272,4.553562612079952,1729822357.7095897
186.30108318469794,1863.0108318469795,4.535848857290848,1729822357.7195687
186.36734973355155,1863.6734973355155,4.51816351691936,1729822357.729732
186.43335731798425,1864.3335731798425,4.50050689198588,1729822357.73968
186.4991063635329,1864.9910636353288,4.482879280863052,1729822357.7497432
186.5645973000715,1865.645973000715,4.465280979266711,1729822357.7595692
186.62983056177222,1866.2983056177222,4.447712280247192,1729822357.7696176
186.69480658706598,1866.9480658706598,4.430173474181008,1729822357.7795906
186.75952581860332,1867.5952581860333,4.412664848762889,1729822357.789658
186.82398870321484,1868.2398870321483,4.395186688998155,1729822357.7995982
186.8881956918717,1868.881956918717,4.377739277195495,1729822357.8095696
186.95214723964585,1869.5214723964586,4.360322892960054,1729822357.819832
187.01584380567053,1870.1584380567053,4.342937813186929,1729822357.829527
187.07928585310015,1870.7928585310015,4.325584312054944,1729822357.8396554
187.14247384907054,1871.4247384907053,4.308262661020856,1729822357.8495927
187.20540826465893,1872.0540826465892,4.290973128813848,1729822357.8596022
187.26808957484377,1872.6808957484377,4.273715981430405,1729822357.8696034
187.3305182584647,1873.3051825846471,4.2564914821295305,1729822357.8796096
187.3926947981823,1873.926947981823,4.239299891428287,1729822357.8896391
187.4546196804378,1874.5461968043778,4.222141467097695,1729822357.8996446
187.51629339541267,1875.1629339541269,4.205016464158971,1729822357.9096107
187.57771643698842,1875.7771643698843,4.187925134880104,1729822357.9198718
187.63888930270602,1876.3888930270602,4.170867728772756,1729822357.9295626
187.6998124937255,1876.998124937255,4.153844492589505,1729822357.9396083
187.76048651478538,1877.6048651478538,4.136855670321403,1729822357.9497128
187.8209118741623,1878.2091187416231,4.1199015031958925,1729822357.9595375
187.8810890836303,1878.8108908363029,4.102982229675007,1729822357.9696546
187.9410186584202,1879.4101865842022,4.086098085453932,1729822357.9795904
188.00070111717926,1880.0070111717926,4.069249303459874,1729822357.9899998
188.06013698193027,1880.6013698193028,4.052436113851221,1729822357.999572
188.11932677803114,1881.1932677803113,4.035658744017073,1729822358.0096037
188.17827103413418,1881.782710341342,4.018917418577026,1729822358.0196218
188.23697028214553,1882.3697028214553,4.002212359381306,1729822358.029578
188.2954250571845,1882.954250571845,3.9855437855112053,1729822358.0396094
188.353635897543,1883.53635897543,3.9689119132798067,1729822358.0496407
188.411603344645,1884.1160334464498,3.952316956233024,1729822358.0595372
188.46932794300585,1884.6932794300585,3.9357591251509225,1729822358.0696616
188.52681024019185,1885.2681024019184,3.91923862804937,1729822358.079577
188.5840507867797,1885.840507867797,3.902755670181959,1729822358.0896647
188.641050136316,1886.4105013631602,3.8863104540421975,1729822358.099606
188.69780884527682,1886.9780884527681,3.869903179366035,1729822358.1096685
188.75432747302727,1887.5432747302727,3.853534043134652,1729822358.1196413
188.81060658178117,1888.1060658178117,3.837203239577514,1729822358.1295428
188.8666467365608,1888.666467365608,3.8209109601757296,1729822358.1396286
188.92244850515647,1889.2244850515647,3.804657393665651,1729822358.1495545
188.9780124580865,1889.780124580865,3.7884427260428124,1729822358.1595578
189.03333916855706,1890.3333916855706,3.772267140566056,1729822358.169724
189.08842921242194,1890.8842921242194,3.7561308177619708,1729822358.1796153
189.14328316814272,1891.4328316814272,3.7400339354296115,1729822358.1896706
189.19790161674874,1891.9790161674873,3.7239766686454283,1729822358.1995797
189.2522851417973,1892.522851417973,3.7079591897684914,1729822358.2095768
189.3064343293339,1893.064343293339,3.6919816684459503,1729822358.2196023
189.36034976785245,1893.6034976785245,3.6760442716187436,1729822358.2295723
189.41403204825576,1894.1403204825576,3.660147163527598,1729822358.2399933
189.46748176381598,1894.6748176381598,3.6442905057191917,1729822358.249598
189.52069951013524,1895.2069951013525,3.6284744570526373,1729822358.2595723
189.57368588510624,1895.7368588510624,3.6126991737061473,1729822358.269657
189.6264414888731,1896.264414888731,3.596964809183979,1729822358.27991
189.67896692379222,1896.7896692379222,3.581271514323574,1729822358.2896738
189.7312627943933,1897.312627943933,3.5656194373029413,1729822358.2995484
189.78332970734044,1897.8332970734045,3.5500087236482587,1729822358.3095038
189.83516827139331,1898.351682713933,3.534439516241716,1729822358.3195329
189.88677909736856,1898.8677909736857,3.5189119553295525,1729822358.3300962
189.93816279810122,1899.3816279810121,3.5034261785303187,1729822358.339642
189.98931998840632,1899.8931998840633,3.4879823208433596,1729822358.3497038
190.04025128504065,1900.4025128504065,3.472580514657478,1729822358.3596258
190.0909573066645,1900.909573066645,3.457220889759827,1729822358.3696086
190.1414386738037,1901.414386738037,3.4419035733450087,1729822358.3795524
190.19169600881168,1901.9169600881169,3.4266286900243577,1729822358.389824
190.2417299358318,1902.4172993583181,3.4113963618354175,1729822358.3996806
190.2915410807597,1902.9154108075973,3.3962067082516105,1729822358.4096084
190.34113007120587,1903.4113007120586,3.381059846192125,1729822358.4196947
190.3904975364582,1903.9049753645822,3.3659558900319144,1729822358.4295933
190.43964410744502,1904.3964410744502,3.3508949516119824,1729822358.4396505
190.4885704166979,1904.8857041669792,3.335877140249762,1729822358.4495409
190.537277098315,1905.37277098315,3.320902562749696,1729822358.459531
190.58576478792412,1905.857647879241,3.305971323413992,1729822358.469576
190.63403412264637,1906.3403412264638,3.2910835240535663,1729822358.47968
190.68208574105967,1906.8208574105965,3.276239263999111,1729822358.4896376
190.7299202831626,1907.2992028316262,3.2614386401123587,1729822358.4996998
190.77753839033838,1907.7753839033837,3.246681746797483,1729822358.50963
190.82494070531885,1908.2494070531884,3.2319686760126727,1729822358.519555
190.87212787214898,1908.7212787214899,3.217299517281848,1729822358.529573
190.91910053615115,1909.1910053615115,3.2026743577065186,1729822358.539628
190.96585934388995,1909.6585934388995,3.1880932819778147,1729822358.5496676
191.01240494313686,1910.1240494313686,3.1735563723886164,1729822358.5595822
191.0587379828354,1910.587379828354,3.159063708845885,1729822358.5696247
191.1048591130662,1911.0485911306619,3.1446153688830556,1729822358.5796337
191.15076898501243,1911.5076898501243,3.1302114276726325,1729822358.5895889
191.1964682509254,1911.9646825092539,3.1158519580388635,1729822358.600085
191.2419575640902,1912.419575640902,3.1015370304705696,1729822358.609556
191.28723757879172,1912.8723757879172,3.0872667131340776,1729822358.6204193
191.33230895028075,1913.3230895028075,3.073041071886312,1729822358.629534
191.37717233474032,1913.7717233474032,3.0588601702879457,1729822358.6395838
191.42182838925217,1914.2182838925216,3.0447240696167093,1729822358.649588
191.46627777176352,1914.6627777176352,3.0306328288808126,1729822358.6595974
191.51052114105394,1915.1052114105394,3.016586504832432,1729822358.6696541
191.5545591567025,1915.545591567025,3.0025851519813465,1729822358.6796184
191.59839247905506,1915.9839247905506,2.9886288226086615,1729822358.689572
191.64202176919176,1916.4202176919175,2.974717566780625,1729822358.699589
191.68544768889478,1916.8544768889478,2.9608514323625474,1729822358.7096026
191.7286709006163,1917.286709006163,2.947030465032804,1729822358.7196047
191.77169206744648,1917.7169206744647,2.9332547082969365,1729822358.7297804
191.81451185308197,1918.1451185308197,2.9195242035018625,1729822358.7396204
191.8571309217944,1918.571309217944,2.9058389898501176,1729822358.749595
191.89954993839913,1918.9954993839913,2.892199104414205,1729822358.759576
191.94176956822417,1919.4176956822416,2.8786045821510573,1729822358.7695246
191.98379047707945,1919.8379047707945,2.8650554559165196,1729822358.779746
192.02561333122623,1920.2561333122621,2.851551756479937,1729822358.794089
192.0672387973466,1920.672387973466,2.8380935125387845,1729822358.7996967
192.10866754251336,1921.0866754251335,2.8246807507334095,1729822358.8098993
192.14990023416019,1921.499002341602,2.811313495661813,1729822358.820985
192.1909375400517,1921.9093754005169,2.797991769894449,1729822358.8297534
192.23178012825406,1922.3178012825406,2.78471559398918,1729822358.8397477
192.27242866710566,1922.7242866710567,2.7714849865061923,1729822358.8497925
192.31288382518798,1923.1288382518799,2.758299964023033,1729822358.8596241
192.35314627129685,1923.5314627129685,2.745160541149664,1729822358.8695984
192.3932166744137,1923.932166744137,2.732066730543554,1729822358.8805037
192.43309570367722,1924.3309570367724,2.7190185429248555,1729822358.889677
192.4727840283551,1924.7278402835511,2.706015987091593,1729822358.8996735
192.51228231781613,1925.1228231781613,2.6930590699349075,1729822358.9096372
192.5515912415024,1925.5159124150239,2.680147796454327,1729822358.92176
192.59071146890182,1925.9071146890183,2.667282169773081,1729822358.9295797
192.62964366952082,1926.2964366952083,2.6544621911534474,1729822358.9396355
192.66838851285726,1926.6838851285727,2.6416878600121256,1729822358.9496121
192.70694666837363,1927.0694666837362,2.6289591739356455,1729822358.9596553
192.74531880547036,1927.4531880547036,2.6162761286957856,1729822358.9695797
192.78350559345955,1927.8350559345954,2.6036387182650476,1729822358.9796128
192.82150770153865,1928.2150770153864,2.591046934832095,1729822358.98968
192.85932579876467,1928.5932579876467,2.578500768817295,1729822358.9995856
192.89696055402837,1928.9696055402837,2.566000208888185,1729822359.0127385
192.93441263602884,1929.3441263602883,2.553545241975029,1729822359.0196772
192.97168271324824,1929.7168271324824,2.5411358532863257,1729822359.0295684
193.00877145392673,1930.0877145392674,2.5287720263243694,1729822359.0396585
193.04567952603773,1930.4567952603772,2.516453742900816,1729822359.049663
193.08240759726334,1930.8240759726334,2.504180983152212,1729822359.0595849
193.11895633496994,1931.1895633496993,2.4919537255555797,1729822359.0695715
193.15532640618417,1931.5532640618417,2.4797719469439867,1729822359.0796983
193.19151847756902,1931.9151847756902,2.4676356225220797,1729822359.0897295
193.22753321540011,1932.2753321540013,2.455544725881672,1729822359.0996773
193.26337128554235,1932.6337128554235,2.4434992290172888,1729822359.1096835
193.29903335342667,1932.9903335342667,2.431499102341723,1729822359.119649
193.3345200840271,1933.345200840271,2.4195443147015707,1729822359.1297405
193.36983214183803,1933.6983214183804,2.40763483339275,1729822359.139696
193.40497019085163,1934.0497019085162,2.395770624176042,1729822359.149789
193.43993489453564,1934.3993489453565,2.383951651292578,1729822359.1595778
193.47472691581126,1934.7472691581127,2.372177877479321,1729822359.1695838
193.50934691703134,1935.0934691703133,2.3604492639845525,1729822359.180006
193.54379555995874,1935.4379555995874,2.3487657705833023,1729822359.1895914
193.578073505745,1935.78073505745,2.3371273555927914,1729822359.1997094
193.61218141490917,1936.1218141490917,2.3255339758878213,1729822359.2095203
193.6461199473168,1936.461199473168,2.313985586916165,1729822359.2198582
193.67988976215935,1936.7988976215934,2.302482142713921,1729822359.2296448
193.71349151793365,1937.1349151793365,2.2910235959208256,1729822359.2397165
193.74692587242166,1937.4692587242166,2.279609897795546,1729822359.2497303
193.7801934826704,1937.801934826704,2.268240998230959,1729822359.2596076
193.81329500497225,1938.1329500497225,2.256916845769374,1729822359.2696579
193.84623109484522,1938.4623109484523,2.2456373876177045,1729822359.2796519
193.8790024070137,1938.790024070137,2.2344025696626604,1729822359.289564
193.91160959538925,1939.1160959538925,2.2232123364858536,1729822359.2995954
193.94405331305168,1939.4405331305168,2.212066631378879,1729822359.3096077
193.97633421223046,1939.7633421223045,2.2009653963583657,1729822359.3197517
194.00845294428606,1940.0845294428607,2.1899085721809497,1729822359.3295953
194.04041015969185,1940.4041015969185,2.178896098358261,1729822359.3396509
194.07220650801597,1940.7220650801596,2.1679279131718276,1729822359.3495896
194.1038426379035,1941.0384263790352,2.1570039536879184,1729822359.3595526
194.13531919705898,1941.3531919705897,2.1461241557724007,1729822359.3695717
194.16663683222882,1941.6663683222882,2.1352884541054626,1729822359.3796048
194.19779618918426,1941.9779618918426,2.124496782196373,1729822359.3895664
194.2287979127044,1942.287979127044,2.1137490723981402,1729822359.3996146
194.25964264655943,1942.5964264655943,2.1030452559221127,1729822359.4098845
194.2903310334941,1942.9033103349411,2.0923852628525603,1729822359.419556
194.32086371521143,1943.2086371521143,2.0817690221611604,1729822359.4295084
194.35124133235655,1943.5124133235654,2.071196461721489,1729822359.4396458
194.38146452450087,1943.8146452450087,2.0606675083233723,1729822359.449673
194.41153393012635,1944.1153393012635,2.0501820876872587,1729822359.459542
194.44145018661004,1944.4145018661004,2.0397401244784765,1729822359.4695668
194.47121393020882,1944.7121393020882,2.0293415423214727,1729822359.4795804
194.5008257960443,1945.008257960443,2.018986263813953,1729822359.4896102
194.53028641808802,1945.3028641808803,2.0086742105410034,1729822359.4996378
194.55959642914684,1945.5959642914684,1.9984053030890905,1729822359.509539
194.58875646084837,1945.8875646084837,1.9881794610600554,1729822359.519627
194.61776714362685,1946.1776714362686,1.977996603085013,1729822359.529601
194.64662910670904,1946.4662910670904,1.967856646838192,1729822359.5405874
194.67534297810045,1946.7534297810043,1.9577595090507145,1729822359.5499315
194.70390938457163,1947.0390938457163,1.9477051055242967,1729822359.5595717
194.73232895164486,1947.3232895164485,1.9376933511448875,1729822359.5696738
194.7606023035808,1947.606023035808,1.9277241598962298,1729822359.5795972
194.78873006336553,1947.8873006336553,1.9177974448733728,1729822359.589745
194.81671285269763,1948.1671285269763,1.9079131182961067,1729822359.5995898
194.84455129197568,1948.4455129197568,1.8980710915223102,1729822359.6095347
194.87224600028563,1948.7224600028562,1.8882712750612256,1729822359.6197772
194.8997975953887,1948.997975953887,1.878513578586708,1729822359.6296349
194.92720669370922,1949.2720669370922,1.8687979109503405,1729822359.6396556
194.9544739103229,1949.544739103229,1.8591241801945084,1729822359.6496549
194.98159985894492,1949.8159985894492,1.8494922935653857,1729822359.6596427
195.0085851519187,1950.0858515191871,1.839902157525876,1729822359.6696143
195.03543040020443,1950.3543040020443,1.8303536777684186,1729822359.6795774
195.062136213368,1950.6213621336801,1.8208467592277955,1729822359.6895735
195.0887031995701,1950.887031995701,1.8113813060937936,1729822359.6995423
195.1151319655554,1951.151319655554,1.8019572218238327,1729822359.709668
195.14142311664216,1951.4142311664216,1.7925744091554943,1729822359.719628
195.16757725671167,1951.6757725671166,1.7832327701189754,1729822359.7295623
195.19359498819813,1951.9359498819813,1.7739322060494753,1729822359.7396142
195.21947691207868,1952.1947691207868,1.7646726175994984,1729822359.749634
195.24522362786348,1952.4522362786347,1.7554539047510669,1729822359.7595444
195.27083573358615,1952.7083573358616,1.7462759668278636,1729822359.7695467
195.29631382579421,1952.963138257942,1.7371387025072884,1729822359.7797022
195.32165849953984,1953.2165849953983,1.7280420098324505,1729822359.789991
195.34687034837066,1953.4687034837066,1.7189857862240518,1729822359.7996037
195.37194996432086,1953.7194996432086,1.7099699284922252,1729822359.8096502
195.39689793790245,1953.9689793790244,1.7009943328482595,1729822359.819815
195.42171485809652,1954.2171485809652,1.6920588949162336,1729822359.829668
195.4464013123449,1954.4640131234491,1.6831635097446298,1729822359.8397183
195.47095788654184,1954.7095788654183,1.6743080718177878,1729822359.8496387
195.4953851650259,1954.9538516502591,1.6654924750673448,1729822359.859634
195.5196837305721,1955.196837305721,1.656716612883529,1729822359.86966
195.54385416438396,1955.4385416438395,1.647980378126413,1729822359.8797069
195.5678970460861,1955.678970460861,1.6392836631370915,1729822359.8896616
195.59181295371664,1955.9181295371664,1.6306263597487127,1729822359.8996162
195.61560246371994,1956.1560246371994,1.622008359297516,1729822359.9096353
195.63926615093956,1956.3926615093956,1.6134295526337172,1729822359.919725
195.66280458861115,1956.6280458861115,1.604889830132312,1729822359.9295769
195.68621834835577,1956.8621834835576,1.5963890817038677,1729822359.939641
195.70950800017314,1957.0950800017315,1.5879271968051263,1729822359.9497883
195.7326741124352,1957.326741124352,1.5795040644495983,1729822359.9596248
195.75571725187973,1957.5571725187974,1.5711195732180527,1729822359.9696183
195.77863798360414,1957.7863798360413,1.5627736112689117,1729822359.9796531
195.80143687105945,1958.0143687105945,1.5544660663485768,1729822359.989578
195.82411447604443,1958.2411447604443,1.5461968258016607,1729822359.9996154
195.8466713586998,1958.4667135869981,1.5379657765811217,1729822360.0095935
195.8691080775027,1958.6910807750269,1.5297728052583384,1729822360.0196
195.8914251892611,1958.914251892611,1.5216177980330972,1729822360.0296752
195.9136232491087,1959.136232491087,1.5135006407434755,1729822360.0396216
195.93570281049958,1959.3570281049958,1.505421218875658,1729822360.0496757
195.95766442520332,1959.5766442520332,1.4973794175736692,1729822360.0595374
195.97950864330002,1959.7950864330003,1.4893751216489945,1729822360.0695865
196.00123601317563,1960.0123601317564,1.4814082155901651,1729822360.0796218
196.0228470815173,1960.228470815173,1.4734785835722153,1729822360.0896432
196.04434239330902,1960.4434239330903,1.465586109466076,1729822360.0995553
196.06572249182716,1960.6572249182716,1.457730676847867,1729822360.1095388
196.08698791863634,1960.8698791863635,1.4499121690081391,1729822360.1197686
196.10813921358545,1961.0813921358545,1.4421304689610064,1729822360.129546
196.1291769148036,1961.2917691480359,1.4343854594531755,1729822360.139679
196.15010155869643,1961.5010155869643,1.4266770229729537,1729822360.1496768
196.1709136799424,1961.709136799424,1.4190050417590931,1729822360.1595633
196.19161381148925,1961.9161381148924,1.411369397809637,1729822360.1696544
196.21220248455063,1962.1220248455063,1.403769972890612,1729822360.179691
196.23268022860285,1962.3268022860284,1.396206648544667,1729822360.189677
196.25304757138161,1962.530475713816,1.3886793060996225,1729822360.1996064
196.27330503887913,1962.7330503887913,1.38118782667697,1729822360.209538
196.29345315534113,1962.9345315534113,1.3737320912002253,1729822360.2196784
196.3134924432641,1963.134924432641,1.366311980403254,1729822360.2297983
196.33342342339265,1963.3342342339265,1.3589273748384911,1729822360.2397482
196.3532466147169,1963.532466147169,1.3515781548850778,1729822360.2495914
196.37296253447016,1963.7296253447016,1.3442642007569379,1729822360.259535
196.3925716981265,1963.925716981265,1.3369853925107502,1729822360.269539
196.41207461939865,1964.1207461939866,1.3297416100538466,1729822360.2796004
196.43147181023596,1964.3147181023596,1.322532733152017,1729822360.289637
196.45076378082234,1964.5076378082235,1.3153586414372593,1729822360.2996948
196.4699510395744,1964.699510395744,1.308219214415433,1729822360.3095767
196.48903409313982,1964.8903409313982,1.3011143314738625,1729822360.319584
196.50801344639567,1965.0801344639567,1.2940438718887772,1729822360.329594
196.5268896024468,1965.268896024468,1.287007714832774,1729822360.3396947
196.54566306262458,1965.456630626246,1.2800057393821553,1729822360.3495479
196.56433432648552,1965.6433432648553,1.2730378245241638,1729822360.3595712
196.58290389181005,1965.8290389181004,1.2661038491641772,1729822360.3696382
196.60137225460144,1966.0137225460144,1.2592036921328134,1729822360.379578
196.61973990908484,1966.1973990908484,1.252337232192949,1729822360.38982
196.63800734770635,1966.3800734770634,1.245504348046677,1729822360.3996325
196.6561750611322,1966.561750611322,1.2387049183421588,1729822360.409575
196.67424353824813,1966.7424353824813,1.2319388216804519,1729822360.4196744
196.6922132661588,1966.922132661588,1.2252059366221768,1729822360.4296007
196.7100847301872,1967.100847301872,1.2185061416941998,1729822360.4396367
196.72785841387432,1967.278584138743,1.2118393153961857,1729822360.449687
196.74553479897887,1967.4553479897886,1.2052053362070765,1729822360.4596694
196.763114365477,1967.63114365477,1.1986040825915143,1729822360.4696875
196.78059759156227,1967.8059759156226,1.1920354330061798,1729822360.479615
196.79798495364554,1967.9798495364553,1.1854992659060588,1729822360.489623
196.81527692635507,1968.1527692635507,1.1789954597506156,1729822360.499583
196.83247398253667,1968.3247398253666,1.1725238930099458,1729822360.5096676
196.849576593254,1968.49576593254,1.1660844441707965,1729822360.5196872
196.8665852277888,1968.665852277888,1.1596769917425245,1729822360.5296447
196.88350035364135,1968.8350035364135,1.1533014142630307,1729822360.53964
196.90032243653107,1969.0032243653106,1.1469575903045583,1729822360.5496225
196.91705194039696,1969.1705194039696,1.140645398479452,1729822360.5596497
196.93368932739833,1969.3368932739832,1.134364717445847,1729822360.5697336
196.95023505791556,1969.5023505791555,1.1281154259132922,1729822360.5796869
196.96668959055097,1969.6668959055096,1.1218974026482698,1729822360.589639
196.9830533821297,1969.830533821297,1.1157105264796854,1729822360.5997183
196.99932688770065,1969.9932688770064,1.1095546763042428,1729822360.6096237
197.01551056053765,1970.1551056053765,1.103429731091828,1729822360.6196086
197.03160485214056,1970.3160485214057,1.0973355698907248,1729822360.6294675
197.04761021223652,1970.4761021223653,1.0912720718328373,1729822360.639602
197.0635270887812,1970.635270887812,1.0852391161387984,1729822360.6496084
197.07935592796022,1970.7935592796023,1.079236582123056,1729822360.65957
197.0950971741906,1970.9509717419062,1.0732643491988518,1729822360.6695547
197.1107512701223,1971.1075127012232,1.0673222968831417,1729822360.6796165
197.12631865663974,1971.2631865663975,1.0614103048014651,1729822360.6895227
197.14179977286352,1971.4179977286353,1.0555282526927374,1729822360.6995502
197.15719505615212,1971.5719505615211,1.0496760204139803,1729822360.7095778
197.17250494210376,1971.7250494210375,1.0438534879449974,1729822360.719673
197.1877298645582,1971.877298645582,1.0380605353929446,1729822360.7295463
197.20287025559873,1972.0287025559874,1.03229704299689,1729822360.739582
197.2179265455541,1972.1792654555409,1.0265628911322835,1729822360.749705
197.23289916300064,1972.3289916300064,1.0208579603153562,1729822360.759638
197.24778853476442,1972.4778853476441,1.015182131207484,1729822360.7695675
197.26259508592335,1972.6259508592334,1.0095352846194376,1729822360.7796578
197.2773192398095,1972.7731923980948,1.0039173015156517,1729822360.7896729
197.29196141801137,1972.9196141801137,0.9983280630183493,1729822360.7996047
197.3065220403763,1973.065220403763,0.9927674504116506,1729822360.8095968
197.32100152501295,1973.2100152501293,0.9872353451456284,1729822360.819584
197.33540028829367,1973.3540028829366,0.9817316288402551,1729822360.8295543
197.3497187448571,1973.4971874485711,0.9762561832893482,1729822360.8398092
197.3639573076109,1973.639573076109,0.9708088904644334,1729822360.8496575
197.37811638773414,1973.7811638773414,0.9653896325185272,1729822360.8595614
197.39219639468033,1973.9219639468033,0.9599982917898913,1729822360.8696
197.40619773617996,1974.0619773617996,0.9546347508057156,1729822360.8796196
197.42012081824345,1974.2012081824346,0.9492988922857488,1729822360.889548
197.43396604516394,1974.3396604516395,0.9439905991458672,1729822360.8995814
197.4477338195203,1974.477338195203,0.9387097545015937,1729822360.9095576
197.46142454218003,1974.6142454218002,0.9334562416715506,1729822360.919603
197.47503861230234,1974.7503861230234,0.9282299441808728,1729822360.9296527
197.48857642734126,1974.8857642734126,0.9230307457645501,1729822360.9397054
197.50203838304864,1975.0203838304865,0.9178585303707087,1729822360.9496288
197.51542487347749,1975.154248734775,0.912713182163883,1729822360.959553
197.52873629098505,1975.2873629098506,0.9075945855281613,1729822360.9695554
197.54197302623618,1975.4197302623618,0.9025026250703465,1729822360.9795353
197.55513546820654,1975.5513546820655,0.8974371856230252,1729822360.9896767
197.5682240041861,1975.682240041861,0.8923981522476125,1729822360.9996145
197.58123901978243,1975.8123901978242,0.8873854102372831,1729822361.0095618
197.59418089892415,1975.9418089892415,0.8823988451199394,1729822361.0196486
197.60705002386445,1976.0705002386444,0.8774383426610697,1729822361.0296252
197.6198467751846,1976.1984677518462,0.8725037888665692,1729822361.0396068
197.63257153179757,1976.3257153179757,0.8675950699855022,1729822361.0495627
197.64522467095148,1976.4522467095148,0.8627120725128392,1729822361.0596418
197.65780656823344,1976.5780656823345,0.8578546831921308,1729822361.0696545
197.67031759757313,1976.7031759757313,0.853022789018113,1729822361.0796566
197.68275813124652,1976.827581312465,0.8482162772392943,1729822361.0897086
197.69512853987965,1976.9512853987965,0.8434350353604934,1729822361.0994978
197.70742919245242,1977.0742919245242,0.8386789511452963,1729822361.1096127
197.71966045630242,1977.1966045630243,0.8339479126185132,1729822361.119908
197.73182269712882,1977.3182269712881,0.82924180806856,1729822361.1296847
197.74391627899624,1977.4391627899624,0.8245605260497715,1729822361.1396885
197.75594156433868,1977.5594156433867,0.8199039553847267,1729822361.1495993
197.76789891396353,1977.6789891396354,0.8152719851664851,1729822361.159462
197.77978868705551,1977.7978868705552,0.8106645047607965,1729822361.1696103
197.79161124118076,1977.9161124118077,0.8060814038082522,1729822361.1795797
197.80336693229083,1978.0336693229083,0.8015225722264023,1729822361.1895492
197.81505611472687,1978.1505611472687,0.7969879002118414,1729822361.1996396
197.82667914122368,1978.2667914122367,0.7924772782422049,1729822361.2094977
197.83823636291385,1978.3823636291386,0.7879905970781873,1729822361.219578
197.849728129332,1978.49728129332,0.7835277477654781,1729822361.2296698
197.86115478841896,1978.6115478841896,0.7790886216366466,1729822361.2396185
197.87251668652598,1978.7251668652598,0.7746731103130109,1729822361.2495809
197.88381416841904,1978.8381416841903,0.7702811057064689,1729822361.2596536
197.8950475772831,1978.950475772831,0.7659125000212625,1729822361.2697027
197.9062172547264,1979.0621725472643,0.7615671857557043,1729822361.2797399
197.9173235407849,1979.173235407849,0.7572450557039019,1729822361.28971
197.92836677392648,1979.2836677392647,0.7529460029573982,1729822361.2996845
197.93934729105544,1979.3934729105545,0.7486699209067946,1729822361.3095856
197.9502654275169,1979.502654275169,0.7444167032433355,1729822361.3199954
197.96112151710122,1979.6112151710122,0.7401862439604325,1729822361.3296485
197.97191589204837,1979.7191589204838,0.7359784373551956,1729822361.3400264
197.98264888305258,1979.8264888305257,0.7317931780298881,1729822361.3496609
197.9933208192667,1979.933208192667,0.7276303608933421,1729822361.3595645
198.00393202830674,1980.0393202830674,0.7234898811623569,1729822361.3696394
198.01448283625646,1980.1448283625646,0.7193716343630825,1729822361.3796768
198.02497356767185,1980.2497356767185,0.7152755163322968,1729822361.389697
198.03540454558578,1980.3540454558579,0.7112014232187345,1729822361.3996205
198.04577609151252,1980.4577609151252,0.7071492514842912,1729822361.4096413
198.05608852545242,1980.5608852545242,0.7031188979052814,1729822361.4200382
198.06634216589651,1980.663421658965,0.6991102595735874,1729822361.4295645
198.07653732983113,1980.7653732983113,0.6951232338978215,1729822361.4399831
198.08667433274258,1980.8667433274259,0.691157718604434,1729822361.4496498
198.09675348862186,1980.9675348862186,0.6872136117388041,1729822361.459616
198.10677510996933,1981.0677510996934,0.6832908116662597,1729822361.4697554
198.11673950779937,1981.1673950779937,0.6793892170731144,1729822361.479579
198.12664699164517,1981.2664699164518,0.6755087269676607,1729822361.489676
198.13649786956347,1981.3649786956348,0.6716492406810797,1729822361.499649
198.14629244813923,1981.4629244813923,0.6678106578683891,1729822361.5096216
198.15603103249046,1981.5603103249045,0.6639928785093356,1729822361.5196629
198.16571392627299,1981.6571392627297,0.6601958029092418,1729822361.529684
198.17534143168524,1981.7534143168523,0.6564193316998199,1729822361.539619
198.184913849473,1981.84913849473,0.652663365839987,1729822361.5496743
198.1944314789343,1981.944314789343,0.6489278066166466,1729822361.5595212
198.20389461792416,1982.0389461792415,0.6452125556453747,1729822361.5695713
198.21330356285952,1982.1330356285953,0.6415175148711849,1729822361.5795467
198.22265860872395,1982.2265860872394,0.6378425865691681,1729822361.5896187
198.2319600490726,1982.3196004907259,0.6341876733451748,1729822361.5995812
198.24120817603702,1982.4120817603703,0.6305526781364168,1729822361.6096241
198.25040328033003,1982.5040328033003,0.6269375042120771,1729822361.6197314
198.25954565125065,1982.5954565125064,0.6233420551738778,1729822361.6295936
198.2686355766889,1982.686355766889,0.6197662349566062,1729822361.6396992
198.27767334313072,1982.776733431307,0.6162099478286496,1729822361.6496172
198.2866592356629,1982.866592356629,0.6126730983924886,1729822361.6596167
198.29559353797802,1982.9559353797802,0.6091555915851437,1729822361.6696606
198.30447653237923,1983.0447653237923,0.6056573326786168,1729822361.679631
198.31330849978528,1983.1330849978528,0.6021782272803129,1729822361.6896036
198.32208971973543,1983.2208971973544,0.5987181813334252,1729822361.6995943
198.3308204703944,1983.308204703944,0.5952771011172941,1729822361.7095213
198.3395010285572,1983.395010285572,0.5918548932477321,1729822361.7195811
198.34813166965418,1983.4813166965419,0.5884514646773773,1729822361.729749
198.35671266775594,1983.5671266775594,0.5850667226959583,1729822361.739599
198.36524429557826,1983.6524429557826,0.5817005749305497,1729822361.7495983
198.3737268244871,1983.737268244871,0.578352929345846,1729822361.7595568
198.3821605245035,1983.8216052450348,0.575023694244355,1729822361.7696085
198.3905456643085,1983.905456643085,0.5717127782666249,1729822361.779562
198.39888251124825,1983.9888251124826,0.5684200903914103,1729822361.7896752
198.40717133133882,1984.071713313388,0.5651455399358081,1729822361.7996397
198.41541238927127,1984.1541238927127,0.5618890365554321,1729822361.8096087
198.42360594841654,1984.2360594841653,0.5586504902444716,1729822361.819635
198.43175227083046,1984.3175227083045,0.5554298113358385,1729822361.8295755
198.4398516172587,1984.398516172587,0.5522269105011961,1729822361.8396919
198.4479042471418,1984.4790424714179,0.54904169875103,1729822361.8496983
198.45591041861996,1984.5591041861996,0.5458740874346677,1729822361.859596
198.46387038853828,1984.6387038853827,0.5427239882403068,1729822361.8696568
198.4717844124515,1984.717844124515,0.5395913131949726,1729822361.8796883
198.47965274462913,1984.7965274462913,0.5364759746645198,1729822361.8896627
198.48747563806026,1984.8747563806025,0.5333778853535598,1729822361.8996444
198.49525334445863,1984.9525334445864,0.5302969583054267,1729822361.9095306
198.50298611426763,1985.0298611426763,0.5272331069020655,1729822361.9196467
198.51067419666518,1985.1067419666517,0.5241862448639221,1729822361.9295685
198.5183178395687,1985.183178395687,0.5211562862498382,1729822361.9396377
198.52591728964018,1985.2591728964017,0.5181431454569239,1729822361.9495833
198.53347279229098,1985.3347279229097,0.5151467372203598,1729822361.959567
198.54098459168688,1985.4098459168688,0.5121669766132537,1729822361.9695969
198.54845293075303,1985.4845293075302,0.5092037790464576,1729822361.979571
198.55587805117887,1985.5587805117887,0.5062570602683294,1729822361.9897335
198.5632601934231,1985.632601934231,0.5033267363645322,1729822361.999634
198.57059959671864,1985.7059959671865,0.5004127237577769,1729822362.0095804
198.57789649907753,1985.7789649907752,0.49751493920757883,1729822362.0198112
198.58515113729584,1985.8515113729584,0.4946332998099716,1729822362.0295818
198.5923637469587,1985.923637469587,0.49176772299724436,1729822362.0396502
198.5995345624452,1985.995345624452,0.48891812653760414,1729822362.0497231
198.6066638169332,1986.066638169332,0.48608442853487754,1729822362.059604
198.61375174240436,1986.1375174240436,0.48326654742817143,1729822362.0696378
198.62079856964905,1986.2079856964906,0.4804644019915496,1729822362.0796332
198.6278045282712,1986.2780452827121,0.4776779113336225,1729822362.0895863
198.63476984669327,1986.3476984669328,0.47490699489720956,1729822362.0995593
198.64169475216104,1986.4169475216104,0.4721515724589398,1729822362.1095598
198.64857947074864,1986.4857947074865,0.4694115641288412,1729822362.1196656
198.65542422736334,1986.5542422736335,0.4666868903499235,1729822362.1299977
198.6622292457504,1986.622292457504,0.4639774718977481,1729822362.1396563
198.66899474849808,1986.6899474849808,0.46128322988000714,1729822362.1498759
198.67572095704233,1986.7572095704234,0.45860408573602807,1729822362.1595104
198.6824080916718,1986.8240809167178,0.45593996123633285,1729822362.169587
198.68905637153256,1986.8905637153257,0.45329077848213717,1729822362.1795106
198.69566601463305,1986.9566601463305,0.4506564599048797,1729822362.1896424
198.70223723784883,1987.0223723784884,0.44803692826569974,1729822362.1996295
198.70877025692752,1987.0877025692753,0.44543210665493294,1729822362.209543
198.71526528649346,1987.1526528649347,0.44284191849154975,1729822362.2196114
198.72172254005267,1987.2172254005268,0.44026628752266705,1729822362.22968
198.7281422299976,1987.281422299976,0.43770513782295484,1729822362.2396274
198.73452456761186,1987.3452456761186,0.4351583937940766,1729822362.2496789
198.74086976307512,1987.4086976307512,0.43262598016414944,1729822362.259712
198.74717802546786,1987.4717802546786,0.4301078219871275,1729822362.2695642
198.75344956277607,1987.5344956277606,0.42760384464221235,1729822362.279648
198.7596845818961,1987.596845818961,0.42511397383325966,1729822362.2896984
198.76588328863932,1987.6588328863932,0.42263813558814856,1729822362.2996147
198.77204588773697,1987.7204588773698,0.42017625625818833,1729822362.3096695
198.77817258284483,1987.7817258284483,0.41772826251744344,1729822362.3197477
198.78426357654794,1987.8426357654794,0.4152940813621082,1729822362.3295298
198.79031907036534,1987.9031907036533,0.41287364010987626,1729822362.339593
198.79633926475475,1987.9633926475476,0.41046686639923524,1729822362.3496253
198.8023243591173,1988.023243591173,0.40807368818883627,1729822362.3595197
198.8082745518022,1988.0827455180222,0.4056940337567798,1729822362.369589
198.8141900401114,1988.141900401114,0.403327831699946,1729822362.3796256
198.82007102030425,1988.2007102030425,0.40097501093330723,1729822362.389967
198.8259176876022,1988.2591768760221,0.3986355006892086,1729822362.3996174
198.83173023619344,1988.3173023619343,0.39630923051663625,1729822362.4096189
198.83750885923743,1988.3750885923744,0.39399613028053504,1729822362.41954
198.84325374886967,1988.4325374886967,0.39169613016105376,1729822362.4295623
198.84896509620623,1988.4896509620623,0.3894091606528238,1729822362.4396563
198.85464309134835,1988.5464309134836,0.3871351525641955,1729822362.449557
198.86028792338706,1988.6028792338707,0.38487403701650424,1729822362.4595237
198.86589978040774,1988.6589978040774,0.3826257454433051,1729822362.4695659
198.87147884949474,1988.7147884949472,0.380390209589607,1729822362.479614
198.8770253167358,1988.770253167358,0.3781673615110843,1729822362.4897373
198.88253936722677,1988.8253936722676,0.3759571335733394,1729822362.4995856
198.88802118507604,1988.8802118507604,0.3737594584510677,1729822362.5095956
198.89347095340906,1988.9347095340906,0.37157426912729075,1729822362.5196095
198.89888885437287,1988.9888885437288,0.3694014988925651,1729822362.529597
198.90427506914062,1989.0427506914061,0.36724108134416933,1729822362.5395932
198.90962977791605,1989.0962977791605,0.36509295038527756,1729822362.5496666
198.9149531599379,1989.149531599379,0.3629570402241551,1729822362.559593
198.9202453934845,1989.202453934845,0.36083328537335535,1729822362.5696905
198.92550665587805,1989.2550665587805,0.3587216206488548,1729822362.5796459
198.93073712348928,1989.3073712348928,0.3566219811692466,1729822362.589718
198.93593697174163,1989.3593697174163,0.35453430235487526,1729822362.5996017
198.94110637511585,1989.4110637511585,0.3524585199270429,1729822362.6096644
198.94624550715432,1989.4624550715432,0.3503945699070943,1729822362.6196682
198.95135454046542,1989.5135454046542,0.34834238861561917,1729822362.6295612
198.956433646728,1989.5643364672799,0.34630191267156607,1729822362.63956
198.96148299669562,1989.6148299669562,0.34427307899136994,1729822362.6496193
198.96650276020105,1989.6650276020105,0.3422558247881049,1729822362.659626
198.97149310616044,1989.7149310616044,0.34025008757059605,1729822362.669579
198.9764542025777,1989.7645420257772,0.3382558051425615,1729822362.6796129
198.98138621654897,1989.8138621654898,0.3362729156017277,1729822362.6895845
198.98628931426666,1989.8628931426665,0.33430135733890576,1729822362.6995504
198.9911636610239,1989.911636610239,0.3323410690371549,1729822362.7095048
198.99600942121882,1989.960094212188,0.33039198967086203,1729822362.7198677
199.0008267583587,1990.008267583587,0.32845405850484677,1729822362.729582
199.0056158350643,1990.056158350643,0.32652721509346594,1729822362.739593
199.01037681307412,1990.1037681307412,0.3246113992797184,1729822362.7497272
199.01510985324853,1990.1510985324853,0.32270655119430525,1729822362.7596188
199.01981511557403,1990.1981511557403,0.32081261125474714,1729822362.7696364
199.02449275916743,1990.2449275916742,0.3189295201644782,1729822362.7796764
199.02914294228003,1990.2914294228003,0.3170572189119045,1729822362.7896206
199.03376582230183,1990.3376582230183,0.3151956487694949,1729822362.7996376
199.03836155576562,1990.3836155576562,0.3133447512928498,1729822362.809605
199.04293029835114,1990.4293029835114,0.3115044683197883,1729822362.8197117
199.04747220488917,1990.4747220488916,0.30967474196941036,1729822362.829597
199.05198742936577,1990.5198742936577,0.30785551464119076,1729822362.8396492
199.0564761249262,1990.5647612492621,0.3060467290139932,1729822362.849713
199.06093844387914,1990.6093844387915,0.3042483280451822,1729822362.8595793
199.0653745377007,1990.653745377007,0.30246025496967444,1729822362.8697143
199.0697845570385,1990.697845570385,0.3006824532989707,1729822362.8797064
199.0741686517157,1990.741686517157,0.29891486682025703,1729822362.8895454
199.078526970735,1990.78526970735,0.29715743959541885,1729822362.8996084
199.08285966228274,1990.8285966228275,0.29541011596012967,1729822362.9096632
199.08716687373283,1990.8716687373283,0.29367284052287057,1729822362.9196007
199.09144875165074,1990.9144875165075,0.2919455581640029,1729822362.9296324
199.09570544179752,1990.957054417975,0.2902282140348056,1729822362.9396393
199.0999370891337,1990.999370891337,0.2885207535565282,1729822362.9496853
199.1041438378233,1991.0414383782331,0.2868231224194264,1729822362.9595602
199.10832583123766,1991.0832583123765,0.28513526658181365,1729822362.969642
199.11248321195953,1991.1248321195953,0.2834571322691122,1729822362.97963
199.11661612178676,1991.1661612178677,0.2817886659728568,1729822362.9896493
199.12072470173635,1991.2072470173634,0.28012981444978347,1729822362.9997554
199.12480909204828,1991.2480909204828,0.2784805247208453,1729822363.0095947
199.12886943218933,1991.2886943218932,0.2768407440702265,1729822363.0196228
199.132905860857,1991.32905860857,0.2752104200444243,1729822363.029598
199.13691851598327,1991.3691851598328,0.2735895004512503,1729822363.0396726
199.14090753473846,1991.4090753473847,0.271977933358875,1729822363.0497134
199.14487305353504,1991.4487305353505,0.2703756670948738,1729822363.0596008
199.14881520803138,1991.4881520803137,0.2687826502452413,1729822363.0695431
199.1527341331356,1991.527341331356,0.26719883165343883,1729822363.079594
199.1566299630092,1991.566299630092,0.2656241604194036,1729822363.089592
199.160502831071,1991.60502831071,0.2640585858986284,1729822363.0996315
199.1643528700007,1991.643528700007,0.262502057701133,1729822363.1095803
199.16818021174265,1991.6818021174265,0.2609545256905281,1729822363.1197712
199.1719849875096,1991.719849875096,0.25941593998306156,1729822363.1295862
199.17576732778636,1991.7576732778637,0.2578862509466109,1729822363.139628
199.17952736233346,1991.7952736233347,0.25636540919974027,1729822363.149634
199.18326522019086,1991.8326522019086,0.25485336561071814,1729822363.1597533
199.18698102968153,1991.8698102968153,0.2533500712965473,1729822363.1696866
199.19067491841517,1991.9067491841517,0.2518554776220092,1729822363.1796699
199.19434701329175,1991.9434701329174,0.25036953619867464,1729822363.1896813
199.1979974405051,1991.979974405051,0.24889219888394076,1729822363.1995811
199.20162632554667,1992.0162632554666,0.2474234177800969,1729822363.2095356
199.20523379320886,1992.0523379320887,0.24596314523327467,1729822363.2196035
199.2088199675888,1992.088199675888,0.24451133383256862,1729822363.2296603
199.2123849720917,1992.1238497209172,0.24306793640900426,1729822363.2396789
199.21592892943465,1992.1592892943465,0.24163290603461607,1729822363.2496526
199.21945196164984,1992.1945196164984,0.24020619602142435,1729822363.2595792
199.22295419008827,1992.2295419008829,0.23878775992053103,1729822363.2696586
199.22643573542317,1992.2643573542316,0.23737755152110718,1729822363.279576
199.22989671765347,1992.2989671765347,0.2359755248494586,1729822363.289682
199.23333725610732,1992.3333725610732,0.23458163416803113,1729822363.299624
199.23675746944548,1992.3675746944548,0.2331958339744744,1729822363.3096929
199.24015747566474,1992.4015747566475,0.231818079000649,1729822363.3197453
199.24353739210147,1992.4353739210146,0.2304483242117079,1729822363.329531
199.24689733543482,1992.4689733543482,0.22908652480506997,1729822363.3396347
199.25023742169031,1992.5023742169033,0.22773263620953865,1729822363.349674
199.2535577662431,1992.535577662431,0.2263866140842683,1729822363.3596175
199.25685848382136,1992.5685848382136,0.2250484143178546,1729822363.36957
199.2601396885097,1992.601396885097,0.22371799302735051,1729822363.3796222
199.26340149375238,1992.6340149375237,0.22239530655731765,1729822363.3896194
199.26664401235675,1992.6664401235676,0.2210803114788813,1729822363.3995695
199.2698673564965,1992.6986735649648,0.21977296458876583,1729822363.4095488
199.2730716377149,1992.730716377149,0.21847322290833193,1729822363.4196143
199.2762569669283,1992.7625696692828,0.21718104368265645,1729822363.4297004
199.27942345442906,1992.7942345442907,0.21589638437953584,1729822363.4396389
199.28257120988914,1992.8257120988915,0.21461920268857848,1729822363.4496346
199.2857003423631,1992.8570034236309,0.2133494565202365,1729822363.4596605
199.2888109602914,1992.888109602914,0.21208710400486264,1729822363.469651
199.2919031715037,1992.919031715037,0.21083210349177572,1729822363.479579
199.29497708322188,1992.9497708322187,0.20958441354830337,1729822363.4896693
199.2980328020634,1992.980328020634,0.20834399295883688,1729822363.4996698
199.3010704340444,1993.010704340444,0.20711080072391286,1729822363.5095437
199.30409008458275,1993.0409008458275,0.20588479605924515,1729822363.5195763
199.30709185850142,1993.0709185850142,0.2046659383948224,1729822363.5295184
199.3100758600314,1993.1007586003138,0.20345418737393817,1729822363.539695
199.31304219281486,1993.1304219281487,0.20224950285228682,1729822363.5495892
199.31599095990842,1993.1599095990841,0.20105184489701844,1729822363.5595858
199.318922263786,1993.18922263786,0.1998611737857885,1729822363.5697465
199.321836206342,1993.21836206342,0.19867745000586612,1729822363.579642
199.3247328888944,1993.2473288889441,0.19750063425319442,1729822363.589568
199.32761241218776,1993.2761241218777,0.1963306874314561,1729822363.5996501
199.33047487639624,1993.3047487639624,0.19516757065115153,1729822363.6096637
199.33332038112664,1993.3332038112665,0.19401124522869462,1729822363.6195872
199.3361490254214,1993.361490254214,0.19286167268547483,1729822363.6294951
199.33896090776165,1993.3896090776166,0.1917188147469584,1729822363.6396365
199.34175612607007,1993.4175612607007,0.19058263334174863,1729822363.6496406
199.344534777714,1993.44534777714,0.18945309060069593,1729822363.6595786
199.3472969595082,1993.472969595082,0.188330148855967,1729822363.6696084
199.35004276771807,1993.5004276771806,0.18721377064017086,1729822363.6796427
199.35277229806226,1993.5277229806227,0.18610391868540854,1729822363.6895576
199.35548564571582,1993.5548564571582,0.18500055592239018,1729822363.699678
199.35818290531296,1993.5818290531297,0.18390364547954863,1729822363.7096128
199.36086417095007,1993.6086417095007,0.18281315068210868,1729822363.7195773
199.36352953618845,1993.6352953618846,0.18172903505118998,1729822363.7295966
199.36617909405726,1993.6617909405727,0.18065126230294015,1729822363.739622
199.36881293705636,1993.6881293705637,0.17957979634762178,1729822363.7495935
199.3714311571591,1993.714311571591,0.17851460128870644,1729822363.7597072
199.37403384581515,1993.7403384581514,0.17745564142202208,1729822363.7696278
199.37662109395336,1993.7662109395337,0.17640288123483816,1729822363.7796965
199.3791929919845,1993.791929919845,0.1753562854049917,1729822363.7896113
199.3817496298041,1993.8174962980409,0.17431581880000446,1729822363.7995973
199.38429109679512,1993.8429109679512,0.1732814464761805,1729822363.8096275
199.38681748183083,1993.8681748183083,0.1722531336777695,1729822363.8195596
199.38932887327746,1993.8932887327746,0.1712308458360663,1729822363.8295403
199.39182535899695,1993.9182535899695,0.1702145485685349,1729822363.8396695
199.3943070263497,1993.943070263497,0.16920420767795785,1729822363.8497775
199.39677396219724,1993.9677396219724,0.16819978915154432,1729822363.859567
199.39922625290498,1993.9922625290499,0.16720125916009,1729822363.8696659
199.40166398434476,1994.0166398434476,0.16620858405707817,1729822363.8796723
199.40408724189768,1994.040872418977,0.16522173037786803,1729822363.889593
199.4064961104567,1994.064961104567,0.16424066483879396,1729822363.899649
199.40889067442913,1994.0889067442913,0.1632653543363165,1729822363.9096441
199.41127101773952,1994.1127101773952,0.16229576594620343,1729822363.9198027
199.41363722383213,1994.1363722383212,0.16133186692264156,1729822363.9296334
199.41598937567346,1994.1598937567346,0.16037362469739125,1729822363.9396632
199.41832755575504,1994.1832755575504,0.15942100687897454,1729822363.9496305
199.42065184609586,1994.2065184609587,0.15847398125179057,1729822363.959619
199.42296232824498,1994.2296232824497,0.15753251577529315,1729822363.9696155
199.4252590832841,1994.252590832841,0.15659657858316467,1729822363.979687
199.42754219183004,1994.2754219183005,0.15566613798245998,1729822363.9895797
199.4298117340374,1994.2981173403741,0.15474116245278924,1729822363.9996088
199.43206778960092,1994.3206778960093,0.15382162064548477,1729822364.0095947
199.4343104377581,1994.343104377581,0.1529074813827751,1729822364.019883
199.4365397572917,1994.3653975729171,0.1519987136569465,1729822364.029561
199.43875582653212,1994.387558265321,0.15109528662953298,1729822364.039618
199.44095872335993,1994.4095872335993,0.15019716963050267,1729822364.0496368
199.4431485252084,1994.4314852520838,0.14930433215743366,1729822364.059581
199.44532530906577,1994.4532530906577,0.14841674387468617,1729822364.069727
199.4474891514779,1994.4748915147788,0.14753437461262986,1729822364.0796988
199.44964012855053,1994.4964012855053,0.14665719436679292,1729822364.089647
199.4517783159517,1994.5177831595172,0.14578517329707696,1729822364.099647
199.45390378891432,1994.5390378891432,0.14491828172697185,1729822364.1095169
199.45601662223828,1994.5601662223828,0.1440564901427066,1729822364.1196191
199.4581168902931,1994.581168902931,0.14319976919249977,1729822364.1296332
199.4602046670201,1994.602046670201,0.14234808968572987,1729822364.1396408
199.46228002593483,1994.6228002593484,0.14150142259217868,1729822364.1495907
199.46434304012942,1994.6434304012942,0.14065973904120166,1729822364.15959
199.4663937822749,1994.6639378227492,0.13982301032098365,1729822364.1695855
199.46843232462348,1994.6843232462347,0.1389912078777058,1729822364.1796346
199.4704587390109,1994.7045873901088,0.13816430331482255,1729822364.1896405
199.47247309685872,1994.7247309685872,0.1373422683922303,1729822364.199543
199.4744754691766,1994.744754691766,0.13652507502551425,1729822364.2096262
199.47646592656454,1994.7646592656454,0.13571269528517926,1729822364.2200491
199.4784445392152,1994.7844453921518,0.13490510139588952,1729822364.2295597
199.48041137691607,1994.8041137691607,0.13410226573566741,1729822364.2395682
199.4823665090518,1994.8236650905178,0.13330416083515817,1729822364.2495875
199.48431000460633,1994.8431000460632,0.13251075937686774,1729822364.259623
199.48624193216526,1994.8624193216526,0.13172203419438655,1729822364.269577
199.48816235991785,1994.8816235991785,0.13093795827163102,1729822364.2795992
199.49007135565935,1994.9007135565935,0.1301585047421241,1729822364.2895927
199.49196898679318,1994.9196898679318,0.12938364688821902,1729822364.299669
199.493855320333,1994.9385532033302,0.12861335814033903,1729822364.3096497
199.49573042290504,1994.9573042290504,0.1278476120762757,1729822364.319676
199.4975943607501,1994.975943607501,0.12708638242039494,1729822364.3295977
199.49944719972572,1994.9944719972573,0.12632964304292815,1729822364.3396397
199.50128900530837,1995.0128900530835,0.1255773679592458,1729822364.349633
199.5031198425955,1995.0311984259552,0.12482953132910413,1729822364.3595717
199.50493977630774,1995.0493977630774,0.12408610745590454,1729822364.36963
199.50674887079083,1995.0674887079083,0.12334707078599538,1729822364.3797126
199.50854719001788,1995.0854719001788,0.12261239590793305,1729822364.3896217
199.51033479759138,1995.103347975914,0.12188205755175541,1729822364.3997855
199.5121117567452,1995.121117567452,0.1211560305882482,1729822364.4095445
199.51387813034677,1995.1387813034676,0.12043429002828065,1729822364.41967
199.515633980899,1995.15633980899,0.11971681102203102,1729822364.4297707
199.51737937054236,1995.1737937054236,0.11900356885830798,1729822364.4396446
199.51911436105698,1995.1911436105697,0.11829453896385078,1729822364.449689
199.52083901386453,1995.2083901386454,0.11758969690258492,1729822364.4596093
199.52255339003034,1995.2255339003034,0.11688901837496135,1729822364.4695446
199.52425755026528,1995.2425755026527,0.11619247921722642,1729822364.479546
199.52595155492781,1995.2595155492781,0.1155000554007557,1729822364.4896073
199.527635464026,1995.2763546402598,0.11481172303133458,1729822364.499705
199.52930933721936,1995.2930933721937,0.11412745834846727,1729822364.5096052
199.5309732338209,1995.309732338209,0.11344723772469822,1729822364.519595
199.532627212799,1995.3262721279903,0.11277103766493712,1729822364.5296328
199.53427133277947,1995.3427133277946,0.11209883480575722,1729822364.5396104
199.53590565204723,1995.3590565204722,0.11143060591470433,1729822364.5497081
199.5375302285485,1995.3753022854848,0.110766327889668,1729822364.5596232
199.53914511989248,1995.3914511989249,0.1101059777581479,1729822364.5695677
199.54075038335338,1995.4075038335338,0.10944953267662316,1729822364.579599
199.54234607587225,1995.4234607587225,0.10879696992987387,1729822364.589615
199.54393225405883,1995.4393225405884,0.10814826693030422,1729822364.5996373
199.54550897419347,1995.4550897419347,0.1075034012172853,1729822364.6095757
199.5470762922289,1995.470762922289,0.10686235045650139,1729822364.6197007
199.54863426379217,1995.4863426379216,0.10622509243929446,1729822364.6296859
199.55018294418642,1995.5018294418642,0.10559160508198384,1729822364.6396427
199.5517223883927,1995.517223883927,0.10496186642524807,1729822364.6497092
199.55325265107186,1995.5325265107185,0.10433585463344985,1729822364.6595635
199.55477378656622,1995.5477378656622,0.1037135479940019,1729822364.669565
199.5562858489015,1995.562858489015,0.103094924916731,1729822364.6795385
199.5577888917885,1995.577888917885,0.10247996393320835,1729822364.6896515
199.559282968625,1995.59282968625,0.1018686436961509,1729822364.6995914
199.5607681324974,1995.607681324974,0.101260942978741,1729822364.7096248
199.5622444361825,1995.622444361825,0.10065684067404024,1729822364.7196295
199.56371193214937,1995.6371193214936,0.10005631579432683,1729822364.7296503
199.56517067256092,1995.6517067256093,0.09945934747047214,1729822364.739691
199.56662070927575,1995.6662070927575,0.09886591495132957,1729822364.7496452
199.5680620938498,1995.680620938498,0.09827599760310224,1729822364.7596903
199.5694948775381,1995.694948775381,0.09768957490873897,1729822364.7695944
199.5709191112965,1995.7091911129648,0.09710662646728951,1729822364.779613
199.5723348457833,1995.723348457833,0.0965271319933112,1729822364.789573
199.57374213136097,1995.7374213136097,0.09595107131625258,1729822364.7996264
199.57514101809784,1995.7514101809784,0.09537842437985833,1729822364.8095489
199.5765315557697,1995.7653155576968,0.09480917124153687,1729822364.8195763
199.5779137938615,1995.7791379386151,0.09424329207179016,1729822364.829684
199.57928778156912,1995.792877815691,0.09368076715358842,1729822364.839656
199.58065356780077,1995.8065356780075,0.09312157688177325,1729822364.8496027
199.5820112011788,1995.820112011788,0.09256570176248391,1729822364.8595922
199.58336073004128,1995.8336073004127,0.09201312241253912,1729822364.8695376
199.5847022024436,1995.847022024436,0.09146381955886862,1729822364.8795302
199.5860356661601,1995.860356661601,0.09091777403791457,1729822364.8896008
199.5873611686856,1995.8736116868558,0.09037496679504531,1729822364.899604
199.58867875723706,1995.8867875723706,0.08983537888398874,1729822364.9096177
199.5899884787552,1995.899884787552,0.08929899146625497,1729822364.9196827
199.59129037990596,1995.9129037990597,0.08876578581052175,1729822364.9296243
199.5925845070821,1995.9258450708212,0.08823574329210682,1729822364.9396842
199.59387090640482,1995.9387090640482,0.08770884539237644,1729822364.9496143
199.59514962372523,1995.9514962372523,0.08718507369818407,1729822364.959672
199.59642070462593,1995.9642070462592,0.0866644099012841,1729822364.9695864
199.59768419442253,1995.9768419442253,0.08614683579780613,1729822364.9796107
199.59894013816515,1995.9894013816515,0.08563233328765452,1729822364.9895823
199.60018858064,1996.0018858064,0.08512088437398435,1729822364.9996638
199.6014295663708,1996.014295663708,0.08461247116261172,1729822365.0096593
199.60266313962035,1996.0266313962034,0.08410707586151278,1729822365.0197163
199.60388934439194,1996.0388934439195,0.08360468078019667,1729822365.0296624
199.60510822443095,1996.0510822443096,0.0831052683292508,1729822365.0396972
199.6063198232262,1996.0631982322618,0.08260882101971023,1729822365.049593
199.60752418401148,1996.0752418401148,0.08211532146257627,1729822365.0595312
199.60872134976705,1996.0872134976705,0.0816247523682303,1729822365.0696092
199.60991136322096,1996.0991136322095,0.08113709654593282,1729822365.079494
199.6110942668506,1996.1109426685061,0.08065233690328344,1729822365.0897272
199.61227010288417,1996.1227010288417,0.0801704564456649,1729822365.0996017
199.61343891330193,1996.1343891330193,0.07969143827573144,1729822365.109633
199.6146007398378,1996.146007398378,0.0792152655928795,1729822365.1196191
199.6157556239807,1996.157556239807,0.07874192169272187,1729822365.1296895
199.61690360697594,1996.1690360697594,0.07827138996656902,1729822365.1395984
199.6180447298266,1996.180447298266,0.07780365390089616,1729822365.1495218
199.619179033295,1996.1917903329502,0.07733869707684948,1729822365.1594613
199.62030655790406,1996.2030655790406,0.07687650316970962,1729822365.169644
199.62142734393854,1996.2142734393854,0.07641705594837123,1729822365.1795628
199.62254143144656,1996.2254143144655,0.07596033927487222,1729822365.189739
199.62364886024096,1996.2364886024097,0.07550633710385912,1729822365.199588
199.62474966990052,1996.2474966990053,0.07505503348206832,1729822365.2096941
199.62584389977144,1996.2584389977144,0.07460641254785716,1729822365.2196293
199.62693158896857,1996.2693158896857,0.07416045853067632,1729822365.2296903
199.62801277637683,1996.2801277637684,0.07371715575058846,1729822365.2395911
199.62908750065245,1996.2908750065244,0.07327648861776725,1729822365.2495317
199.63015580022434,1996.3015580022434,0.0728384416320107,1729822365.2596252
199.63121771329537,1996.3121771329538,0.07240299938223127,1729822365.2696645
199.63227327784372,1996.3227327784373,0.07197014654599942,1729822365.2795758
199.6333225316241,1996.333225316241,0.07153986788900712,1729822365.2896032
199.63436551216904,1996.3436551216905,0.07111214826464862,1729822365.2995675
199.63540225679026,1996.3540225679026,0.07068697261349466,1729822365.3095508
199.63643280257986,1996.3643280257986,0.07026432596282706,1729822365.3200278
199.63745718641158,1996.3745718641158,0.06984419342615023,1729822365.32959
199.63847544494212,1996.384754449421,0.06942656020274884,1729822365.3396327
199.6394876146123,1996.3948761461231,0.06901141157717627,1729822365.3497248
199.6404937316484,1996.404937316484,0.0685987329188229,1729822365.359602
199.64149383206336,1996.4149383206336,0.06818850968142587,1729822365.3696277
199.64248795165796,1996.4248795165795,0.06778072740259478,1729822365.3797102
199.6434761260221,1996.434761260221,0.06737537170338537,1729822365.389636
199.64445839053607,1996.4445839053608,0.06697242828780925,1729822365.399588
199.64543478037163,1996.4543478037162,0.06657188294237204,1729822365.4097114
199.64640533049328,1996.4640533049328,0.06617372153564349,1729822365.4195604
199.64737007565947,1996.4737007565946,0.06577793001779209,1729822365.4296644
199.64832905042377,1996.4832905042376,0.06538449442013028,1729822365.4403677
199.6492822891361,1996.492822891361,0.06499340085466865,1729822365.4495964
199.6502298259438,1996.502298259438,0.06460463551365403,1729822365.4596398
199.65117169479288,1996.5117169479288,0.06421818466916451,1729822365.4696374
199.6521079294292,1996.5210792942921,0.0638340346726387,1729822365.4796212
199.6530385633996,1996.530385633996,0.06345217195442632,1729822365.4896502
199.65396363005303,1996.5396363005302,0.06307258302337249,1729822365.4996288
199.65488316254172,1996.5488316254173,0.06269525446637014,1729822365.5096939
199.6557971938223,1996.557971938223,0.06232017294792658,1729822365.5196338
199.65670575665698,1996.5670575665697,0.061947325209751325,1729822365.5295599
199.65760888361456,1996.5760888361456,0.06157669807030319,1729822365.539642
199.65850660707173,1996.5850660707174,0.061208278424379925,1729822365.5497177
199.65939895921403,1996.5939895921404,0.06084205324266523,1729822365.5597138
199.660285972037,1996.60285972037,0.060478009571348634,1729822365.5695727
199.66116767734735,1996.6116767734734,0.06011613453167963,1729822365.579562
199.66204410676391,1996.6204410676391,0.059756415319536016,1729822365.5897508
199.6629152917189,1996.629152917189,0.059398839205056175,1729822365.5995915
199.66378126345882,1996.637812634588,0.059043393532168365,1729822365.609466
199.6646420530457,1996.646420530457,0.05869006571821411,1729822365.6200342
199.66549769135804,1996.6549769135804,0.05833884325353078,1729822365.6295495
199.66634820909198,1996.6634820909198,0.05798971370104655,1729822365.6396172
199.66719363676228,1996.6719363676227,0.05764266469586299,1729822365.6497483
199.6680340047034,1996.680340047034,0.05729768394485535,1729822365.659606
199.66886934307055,1996.6886934307056,0.056954759226285345,1729822365.6695552
199.66969968184074,1996.6969968184073,0.05661387838938725,1729822365.6796827
199.67052505081378,1996.7052505081379,0.056275029353975325,1729822365.6895478
199.67134547961334,1996.7134547961334,0.05593820011005124,1729822365.699532
199.67216099768797,1996.7216099768798,0.05560337871740617,1729822365.7095616
199.67297163431212,1996.7297163431213,0.055270553305231784,1729822365.7195818
199.67377741858715,1996.7377741858716,0.05493971207172765,1729822365.7299263
199.67457837944235,1996.7457837944235,0.05461084328371579,1729822365.7397187
199.67537454563586,1996.7537454563585,0.05428393527624986,1729822365.7496839
199.6761659457558,1996.761659457558,0.05395897645226699,1729822365.7596397
199.67695260822114,1996.7695260822115,0.05363595528214549,1729822365.7696505
199.67773456128276,1996.7773456128275,0.05331486030337795,1729822365.7796519
199.67851183302437,1996.7851183302437,0.05299568012017164,1729822365.7897053
199.67928445136357,1996.7928445136358,0.05267840340307717,1729822365.7996411
199.6800524440527,1996.8005244405272,0.052363018888606616,1729822365.8097494
199.6808158386799,1996.808158386799,0.052049515378876476,1729822365.8196862
199.68157466267004,1996.8157466267005,0.05173788174123639,1729822365.8296113
199.68232894328563,1996.8232894328562,0.05142810690787836,1729822365.8395846
199.6830787076278,1996.830787076278,0.05112017987551343,1729822365.8498049
199.68382398263728,1996.8382398263727,0.05081408970496848,1729822365.8598228
199.68456479509524,1996.8456479509523,0.05050982552084338,1729822365.8695726
199.6853011716243,1996.8530117162431,0.050207376511152146,1729822365.8796172
199.68603313868945,1996.8603313868946,0.0499067319269606,1729822365.8896117
199.6867607225989,1996.867607225989,0.04960788108202219,1729822365.8996007
199.6874839495051,1996.874839495051,0.04931081335244225,1729822365.9096134
199.68820284540553,1996.8820284540552,0.049015518176305006,1729822365.919745
199.6889174361437,1996.889174361437,0.04872198505334313,1729822365.929536
199.68962774741001,1996.8962774741,0.048430203544577166,1729822365.9396434
199.69033380474266,1996.9033380474266,0.04814016327196913,1729822365.94964
199.69103563352851,1996.910356335285,0.04785185391807967,1729822365.959587
199.691733259004,1996.91733259004,0.04756526522572346,1729822365.9695764
199.692426706256,1996.92426706256,0.04728038699762638,1729822365.9796116
199.69311600022263,1996.9311600022263,0.04699720909609151,1729822365.9896286
199.6938011656943,1996.9380116569432,0.04671572144266878,1729822365.9997077
199.69448222731444,1996.9448222731444,0.04643591401779612,1729822366.0096407
199.6951592095803,1996.951592095803,0.046157776860476174,1729822366.0196967
199.69583213684402,1996.9583213684402,0.04588130006795299,1729822366.0296226
199.69650103331324,1996.9650103331323,0.04560647379537097,1729822366.039641
199.6971659230521,1996.971659230521,0.04533328825544447,1729822366.049681
199.69782682998203,1996.9782682998202,0.04506173371814337,1729822366.0595589
199.6984837778826,1996.9848377788257,0.04479180051035203,1729822366.0695777
199.69913679039226,1996.9913679039225,0.0445234790155602,1729822366.079629
199.69978589100936,1996.9978589100936,0.044256759673534374,1729822366.0896728
199.7004311030928,1997.004311030928,0.043991632979989204,1729822366.0996315
199.70107244986286,1997.0107244986286,0.043728089486269495,1729822366.1096194
199.70170995440213,1997.0170995440212,0.04346611979906778,1729822366.1196759
199.70234363965616,1997.0234363965617,0.04320571458005129,1729822366.1295788
199.7029735284344,1997.029735284344,0.042946864545611474,1729822366.139735
199.70359964341088,1997.0359964341087,0.04268956046649275,1729822366.1497025
199.70422200712514,1997.0422200712514,0.04243379316752782,1729822366.1595428
199.70484064198286,1997.0484064198286,0.04217955352729308,1729822366.1696248
199.70545557025676,1997.0545557025675,0.0419268324778439,1729822366.1796007
199.70606681408734,1997.0606681408733,0.04167562100436295,1729822366.1897101
199.70667439548365,1997.0667439548365,0.0414259101449026,1729822366.1996315
199.7072783363241,1997.072783363241,0.04117769099004387,1729822366.2096832
199.70787865835715,1997.0787865835714,0.04093095468260688,1729822366.2196782
199.7084753832021,1997.084753832021,0.04068569241737552,1729822366.229635
199.70906853235,1997.0906853234999,0.0404418954407848,1729822366.239644
199.70965812716406,1997.0965812716406,0.0401995550505958,1729822366.2497025
199.71024418888075,1997.1024418888076,0.03995866259566294,1729822366.2596529
199.71082673861036,1997.1082673861038,0.03971920947559826,1729822366.2696557
199.7114057973378,1997.1140579733778,0.03948118714048188,1729822366.2796345
199.71198138592328,1997.1198138592329,0.03924458709059375,1729822366.2895553
199.71255352510312,1997.1255352510311,0.03900940087609572,1729822366.2995572
199.7131222354904,1997.131222354904,0.038775620096791696,1729822366.3095486
199.71368753757574,1997.1368753757574,0.038543236401800796,1729822366.3196054
199.714249451728,1997.1424945172798,0.03831224148929979,1729822366.329607
199.71480799819497,1997.1480799819496,0.03808262710621757,1729822366.339638
199.71536319710415,1997.1536319710415,0.037854385047988215,1729822366.3496344
199.7159150684634,1997.159150684634,0.03762750715824015,1729822366.3596082
199.71646363216163,1997.1646363216164,0.037401985328535,1729822366.369569
199.71700890796953,1997.1700890796953,0.03717781149810473,1729822366.3795288
199.71755091554027,1997.1755091554028,0.036954977653558485,1729822366.3896444
199.7180896744102,1997.180896744102,0.03673347582861264,1729822366.3996336
199.7186252039995,1997.186252039995,0.03651329810382431,1729822366.4096339
199.71915752361286,1997.1915752361288,0.036294436606332026,1729822366.420281
199.71968665244023,1997.1968665244024,0.03607688350956084,1729822366.429609
199.7202126095574,1997.202126095574,0.03586063103298609,1729822366.439701
199.72073541392672,1997.2073541392672,0.035645671441859816,1729822366.4495769
199.7212550843978,1997.212550843978,0.03543199704693367,1729822366.459611
199.72177163970812,1997.2177163970812,0.035219600204208446,1729822366.4696057
199.7222850984837,1997.222850984837,0.03500847331466583,1729822366.4795458
199.72279547923972,1997.2279547923972,0.03479860882403396,1729822366.4898224
199.7233028003813,1997.2330280038132,0.034589999222508494,1729822366.4996555
199.72380708020404,1997.2380708020405,0.03438263704448086,1729822366.5095568
199.72430833689467,1997.2430833689466,0.03417651486831086,1729822366.519594
199.7248065885317,1997.248065885317,0.033971625316067344,1729822366.5296373
199.72530185308608,1997.2530185308608,0.033767961053274176,1729822366.5396457
199.72579414842184,1997.2579414842185,0.033565514788656214,1729822366.5496817
199.72628349229666,1997.2628349229667,0.03336427927389063,1729822366.5597534
199.72676990236258,1997.2676990236257,0.03316424730337597,1729822366.5697098
199.72725339616656,1997.2725339616657,0.03296541171394618,1729822366.5796053
199.72773399115113,1997.2773399115113,0.032767765384660974,1729822366.5896277
199.72821170465497,1997.2821170465497,0.03257130123655183,1729822366.5996916
199.72868655391358,1997.2868655391358,0.03237601223238218,1729822366.6096315
199.72915855605982,1997.2915855605982,0.032181891376395155,1729822366.6196887
199.7296277281246,1997.296277281246,0.03198893171409156,1729822366.6295972
199.73009408703737,1997.3009408703738,0.031797126331961634,1729822366.639717
199.73055764962683,1997.3055764962683,0.031606468357296746,1729822366.6497295
199.73101843262145,1997.3101843262145,0.031416950957901646,1729822366.6596556
199.7314764526501,1997.314764526501,0.031228567341890168,1729822366.6695619
199.73193172624258,1997.3193172624258,0.031041310757447205,1729822366.6795843
199.7323842698303,1997.323842698303,0.030855174492601334,1729822366.689653
199.7328340997468,1997.328340997468,0.03067015187496902,1729822366.6996033
199.73328123222834,1997.3328123222834,0.03048623627155389,1729822366.7096055
199.7337256834144,1997.337256834144,0.030303421088508697,1729822366.7195606
199.73416746934845,1997.3416746934845,0.030121699770911503,1729822366.7300603
199.73460660597826,1997.3460660597825,0.029941065802522315,1729822366.7397134
199.73504310915666,1997.3504310915666,0.029761512705594795,1729822366.749595
199.73547699464203,1997.3547699464202,0.029583034040613354,1729822366.7595584
199.73590827809883,1997.3590827809883,0.02940562340610664,1729822366.7695422
199.73633697509823,1997.3633697509822,0.029229274438397068,1729822366.7795894
199.73676310111858,1997.367631011186,0.029053980811403646,1729822366.7896214
199.73718667154606,1997.3718667154606,0.02887973623640394,1729822366.7996845
199.73760770167505,1997.3760770167505,0.028706534461828026,1729822366.809594
199.73802620670887,1997.3802620670886,0.028534369273063076,1729822366.8195965
199.7384422017602,1997.384422017602,0.028363234492201128,1729822366.8295898
199.73885570185163,1997.3885570185164,0.028193123977850787,1729822366.8396795
199.73926672191627,1997.3926672191626,0.02802403162491518,1729822366.8495972
199.73967527679815,1997.3967527679815,0.027855951364382348,1729822366.8595726
199.74008138125285,1997.4008138125284,0.02768887716311741,1729822366.8695514
199.74048504994795,1997.4048504994794,0.02752280302366006,1729822366.8796344
199.74088629746365,1997.4088629746366,0.027357722984013177,1729822366.8896213
199.74128513829316,1997.4128513829316,0.027193631117415462,1729822366.8995638
199.74168158684333,1997.4168158684333,0.02703052153217267,1729822366.909584
199.74207565743507,1997.4207565743507,0.026868388371437346,1729822366.9199998
199.7424673643039,1997.4246736430391,0.026707225812995672,1729822366.9295652
199.74285672160048,1997.4285672160047,0.026547028069080936,1729822366.9396825
199.74324374339108,1997.4324374339108,0.026387789386176363,1729822366.949672
199.74362844365805,1997.4362844365805,0.026229504044780638,1729822366.9595902
199.7440108363004,1997.440108363004,0.02607216635926579,1729822366.9694881
199.7443909351342,1997.443909351342,0.02591577067763562,1729822366.9795537
199.74476875389314,1997.4476875389314,0.025760311381339163,1729822366.9897144
199.74514430622898,1997.4514430622899,0.025605782885093076,1729822366.999708
199.74551760571205,1997.4551760571205,0.025452179636680894,1729822367.0096698
199.74588866583176,1997.4588866583176,0.025299496116738096,1729822367.0195708
199.74625749999697,1997.4625749999698,0.02514772683858335,1729822367.0295455
199.74662412153663,1997.4662412153662,0.02499686634803555,1729822367.0396628
199.74698854370013,1997.4698854370013,0.0248469092231971,1729822367.0497046
199.7473507796578,1997.4735077965781,0.024697850074279826,1729822367.0596285
199.74771084250145,1997.4771084250144,0.02454968354342202,1729822367.0696375
199.74806874524467,1997.4806874524465,0.024402404304494807,1729822367.0796368
199.74842450082346,1997.4842450082347,0.024256007062931628,1729822367.0896072
199.74877812209664,1997.4877812209663,0.024110486555520394,1729822367.0996692
199.74912962184624,1997.4912962184624,0.023965837550231184,1729822367.109598
199.74947901277804,1997.4947901277803,0.02382205484605282,1729822367.1197596
199.749826307522,1997.49826307522,0.023679133272776154,1729822367.1295907
199.7501715186327,1997.501715186327,0.023537067690835967,1729822367.1396444
199.75051465858976,1997.5051465858976,0.023395852991124455,1729822367.1497152
199.75085573979834,1997.5085573979834,0.023255484094827805,1729822367.1593933
199.75119477458952,1997.5119477458952,0.023115955953234346,1729822367.1696346
199.7515317752208,1997.515317752208,0.022977263547560467,1729822367.179649
199.75186675387647,1997.5186675387647,0.022839401888780086,1729822367.189644
199.75219972266814,1997.5219972266814,0.022702366017454123,1729822367.1996047
199.75253069363507,1997.5253069363507,0.022566151003536872,1729822367.2096004
199.75285967874464,1997.5285967874465,0.022430751946230343,1729822367.2196517
199.7531866898928,1997.531866898928,0.02229616397379952,1729822367.2295983
199.75351173890445,1997.5351173890444,0.022162382243407164,1729822367.2396543
199.7538348375339,1997.538348375339,0.022029401940941495,1729822367.2495763
199.75415599746526,1997.5415599746525,0.0218972182808439,1729822367.2596674
199.75447523031286,1997.5447523031287,0.021765826505954378,1729822367.2695994
199.75479254762172,1997.5479254762172,0.021635221887335687,1729822367.2797837
199.75510796086786,1997.5510796086787,0.02150539972409926,1729822367.289689
199.75542148145877,1997.5542148145878,0.021376355343261322,1729822367.2995858
199.75573312073382,1997.5573312073382,0.021248084099579456,1729822367.3096895
199.75604288996468,1997.5604288996467,0.021120581375364322,1729822367.3197923
199.75635080035565,1997.5635080035565,0.020993842580339317,1729822367.3295977
199.75665686304413,1997.5665686304412,0.02086786315147182,1729822367.339678
199.756961089101,1997.56961089101,0.02074263855282754,1729822367.3496344
199.75726348953097,1997.5726348953096,0.02061816427538754,1729822367.359525
199.75756407527305,1997.5756407527306,0.020494435836920344,1729822367.3696787
199.7578628572009,1997.5786285720092,0.020371448781791868,1729822367.3796732
199.7581598461232,1997.5815984612318,0.020249198680826863,1729822367.3896286
199.75845505278403,1997.5845505278403,0.020127681131168584,1729822367.3995497
199.75874848786336,1997.5874848786336,0.020006891756094047,1729822367.4096537
199.75904016197725,1997.5904016197726,0.019886826204870145,1729822367.4195902
199.7593300856784,1997.593300856784,0.01976748015262575,1729822367.4295564
199.75961826945644,1997.5961826945645,0.019648849300163418,1729822367.439569
199.7599047237383,1997.5990472373828,0.0195309293738386,1729822367.4496205
199.7601894588886,1997.601894588886,0.019413716125382008,1729822367.4596367
199.76047248521002,1997.6047248521002,0.019297205331771705,1729822367.469578
199.76075381294373,1997.6075381294372,0.01918139279509279,1729822367.4796505
199.76103345226963,1997.6103345226963,0.01906627434234376,1729822367.4896774
199.7613114133068,1997.613114133068,0.018951845825349478,1729822367.4997232
199.76158770611383,1997.6158770611382,0.018838103120576433,1729822367.5095885
199.76186234068922,1997.6186234068923,0.01872504212901016,1729822367.5198998
199.7621353269717,1997.621353269717,0.018612658775979396,1729822367.5295308
199.76240667484055,1997.6240667484055,0.018500949011042378,1729822367.5396397
199.76267639411606,1997.6267639411606,0.018389908807858957,1729822367.5496013
199.76294449455978,1997.6294449455977,0.018279534163988087,1729822367.5596094
199.7632109858749,1997.6321098587491,0.01816982110080967,1729822367.5697763
199.76347587770667,1997.6347587770667,0.018060765663355793,1729822367.57975
199.76373917964258,1997.6373917964258,0.017952363920163306,1729822367.589586
199.76400090121285,1997.6400090121285,0.01784461196316367,1729822367.5995677
199.76426105189074,1997.6426105189075,0.01773750590753198,1729822367.6096423
199.76451964109285,1997.6451964109285,0.01763104189153064,1729822367.6196625
199.7647766781795,1997.6477667817949,0.01752521607640456,1729822367.629589
199.76503217245497,1997.6503217245497,0.01742002464621417,1729822367.6395943
199.765286133168,1997.65286133168,0.017315463807750175,1729822367.6496427
199.76553856951196,1997.6553856951195,0.01721152979034346,1729822367.6596277
199.7657894906253,1997.6578949062532,0.017108218845765633,1729822367.669578
199.76603890559178,1997.660389055918,0.017005527248081576,1729822367.6796248
199.76628682344088,1997.6628682344087,0.016903451293544647,1729822367.6896162
199.76653325314803,1997.6653325314803,0.01680198730041549,1729822367.6995993
199.766778203635,1997.66778203635,0.016701131608890973,1729822367.7096899
199.76702168377022,1997.6702168377024,0.016600880580942556,1729822367.719633
199.76726370236906,1997.6726370236906,0.016501230600183048,1729822367.7296283
199.7675042681942,1997.675042681942,0.016402178071761808,1729822367.7396557
199.76774338995583,1997.6774338995583,0.016303719422211982,1729822367.749653
199.76798107631214,1997.6798107631214,0.01620585109935102,1729822367.7595575
199.76821733586948,1997.6821733586949,0.016108569572124365,1729822367.7696025
199.76845217718272,1997.6845217718273,0.016011871330516625,1729822367.7795825
199.76868560875556,1997.6868560875555,0.015915752885393486,1729822367.790143
199.76891763904084,1997.6891763904084,0.015820210768411114,1729822367.7996545
199.7691482764408,1997.691482764408,0.015725241531859835,1729822367.8095877
199.76937752930746,1997.6937752930746,0.015630841748573543,1729822367.8196166
199.76960540594285,1997.6960540594287,0.015537008011785813,1729822367.8295624
199.76983191459937,1997.6983191459935,0.01544373693501977,1729822367.83962
199.77005706347995,1997.7005706347995,0.015351025151956632,1729822367.849617
199.77028086073855,1997.7028086073856,0.015258869316355783,1729822367.8595977
199.7705033144803,1997.7050331448029,0.015167266101875354,1729822367.8695478
199.7707244327618,1997.707244327618,0.015076212202001171,1729822367.8796043
199.7709442235915,1997.709442235915,0.014985704329922411,1729822367.889536
199.7711626949299,1997.711626949299,0.014895739218391268,1729822367.8996463
199.77137985468985,1997.7137985468985,0.014806313619635914,1729822367.909547
199.7715957107369,1997.715957107369,0.014717424305241478,1729822367.9196222
199.77181027088952,1997.7181027088952,0.014629068066004391,1729822367.929622
199.77202354291933,1997.7202354291933,0.014541241711852448,1729822367.9396348
199.7722355345515,1997.722355345515,0.014453942071741777,1729822367.9495769
199.77244625346498,1997.7244625346498,0.014367165993502296,1729822367.9595141
199.77265570729273,1997.7265570729273,0.014280910343745346,1729822367.9695933
199.772863903622,1997.72863903622,0.014195172007769541,1729822367.9796371
199.77307084999472,1997.7307084999472,0.014109947889441754,1729822367.9896882
199.7732765539076,1997.7327655390761,0.014025234911065665,1729822367.9997556
199.7734810228125,1997.7348102281248,0.013941030013296496,1729822368.0095596
199.77368426411667,1997.7368426411667,0.01385733015503976,1729822368.0195587
199.77388628518307,1997.7388628518306,0.013774132313303822,1729822368.0296507
199.77408709333054,1997.7408709333054,0.013691433483128845,1729822368.0396547
199.77428669583412,1997.7428669583412,0.013609230677476658,1729822368.0496092
199.7744850999253,1997.744850999253,0.013527520927106407,1729822368.0595632
199.7746823127923,1997.7468231279229,0.013446301280494621,1729822368.0695865
199.77487834158026,1997.7487834158026,0.013365568803705541,1729822368.0795798
199.77507319339162,1997.750731933916,0.01328532058030052,1729822368.089692
199.77526687528623,1997.7526687528623,0.013205553711229667,1729822368.0996478
199.77545939428174,1997.7545939428173,0.013126265314737706,1729822368.1096363
199.7756507573537,1997.756507573537,0.013047452526244951,1729822368.119781
199.77584097143597,1997.7584097143597,0.012969112498272706,1729822368.1296015
199.7760300434209,1997.7603004342088,0.012891242400315361,1729822368.1397295
199.7762179801595,1997.7621798015948,0.012813839418733819,1729822368.149766
199.7764047884618,1997.764047884618,0.012736900756703973,1729822368.1594954
199.77659047509712,1997.7659047509712,0.012660423634062168,1729822368.169582
199.77677504679414,1997.7677504679414,0.012584405287230593,1729822368.1795974
199.77695851024131,1997.7695851024132,0.012508842969132017,1729822368.189685
199.77714087208702,1997.77140872087,0.012433733949061887,1729822368.1996808
199.77732213893984,1997.7732213893983,0.012359075512620832,1729822368.2097692
199.77750231736877,1997.7750231736877,0.012284864961588537,1729822368.2196777
199.77768141390348,1997.7768141390347,0.012211099613856247,1729822368.2297916
199.77785943503451,1997.7785943503452,0.012137776803321954,1729822368.2396352
199.77803638721358,1997.7803638721357,0.012064893879785599,1729822368.2497394
199.7782122768537,1997.7821227685372,0.011992448208862028,1729822368.2595775
199.7783871103296,1997.783871103296,0.011920437171890397,1729822368.2696478
199.77856089397764,1997.7856089397765,0.011848858165825815,1729822368.2795906
199.7787336340964,1997.787336340964,0.011777708603186055,1729822368.2896235
199.77890533694668,1997.7890533694667,0.01170698591190944,1729822368.2995725
199.77907600875176,1997.7907600875176,0.011636687535278467,1729822368.3095677
199.77924565569765,1997.7924565569765,0.011566810931864735,1729822368.3196754
199.77941428393333,1997.7941428393333,0.011497353575393943,1729822368.329598
199.77958189957096,1997.7958189957096,0.011428312954671282,1729822368.339684
199.77974850868603,1997.7974850868602,0.011359686573492622,1729822368.3497021
199.77991411731767,1997.7991411731768,0.011291471950562793,1729822368.3596747
199.78007873146888,1997.8007873146887,0.011223666619403216,1729822368.3696516
199.78024235710663,1997.8024235710664,0.011156268128243552,1729822368.3796365
199.7804050001622,1997.804050001622,0.011089274039964847,1729822368.3896832
199.78056666653129,1997.8056666653129,0.011022681931992961,1729822368.3995802
199.78072736207432,1997.8072736207432,0.010956489396239943,1729822368.4095726
199.78088709261658,1997.8088709261658,0.010890694038965476,1729822368.4196327
199.78104586394846,1997.8104586394848,0.010825293480746678,1729822368.429578
199.7812036818257,1997.812036818257,0.010760285356367971,1729822368.439644
199.7813605519695,1997.813605519695,0.010695667314721602,1729822368.4496627
199.7815164800668,1997.815164800668,0.010631437018765011,1729822368.4596033
199.78167147177052,1997.8167147177053,0.010567592145398264,1729822368.4695628
199.78182553269966,1997.8182553269967,0.010504130385400101,1729822368.479623
199.78197866843954,1997.8197866843952,0.010441049443333794,1729822368.489682
199.78213088454203,1997.8213088454204,0.010378347037492075,1729822368.4996831
199.78228218652575,1997.8228218652575,0.010316020899792333,1729822368.509613
199.78243257987626,1997.8243257987626,0.010254068775693126,1729822368.5196466
199.78258207004623,1997.8258207004624,0.01019248842411602,1729822368.5296
199.78273066245566,1997.8273066245565,0.01013127761738164,1729822368.539709
199.78287836249208,1997.8287836249208,0.010070434141120854,1729822368.5502477
199.78302517551074,1997.8302517551074,0.010009955794184178,1729822368.5597193
199.78317110683477,1997.8317110683477,0.0099498403885796,1729822368.5696132
