0.018467228720505786,0.18467228720505785,1.259126369292737,1729840871.109721
0.03703955150624137,0.37039551506241375,1.2662918574550233,1729840871.1195996
0.05571750712142248,0.5571750712142248,1.2734940794576222,1729840871.129652
0.07450163640478877,0.7450163640478877,1.2807331767450272,1729840871.1396048
0.09339248226945902,0.9339248226945902,1.288009290751857,1729840871.1496456
0.11239058970267125,1.1239058970267126,1.2953225628950094,1729840871.1595132
0.1314965057654052,1.314965057654052,1.3026731345656444,1729840871.1695352
0.15071077959188692,1.5071077959188692,1.3100611471211465,1729840871.179776
0.17003396238897292,1.7003396238897293,1.3174867418769054,1729840871.1897042
0.18946660743541344,1.8946660743541344,1.3249500600980806,1729840871.199628
0.20900927008099263,2.0900927008099264,1.33245124299121,1729840871.2096288
0.22866250774554484,2.286625077455448,1.3399904316957603,1729840871.2196312
0.24842687991784457,2.484268799178446,1.3475677672755104,1729840871.2296922
0.26830294815437034,2.6830294815437035,1.3551833907099589,1729840871.2396247
0.2882912760779389,2.882912760779389,1.3628374428854872,1729840871.2496505
0.30839242937621014,3.0839242937621014,1.3705300645865286,1729840871.2596498
0.32860697580005993,3.2860697580005995,1.378261396486586,1729840871.2695904
0.34893548516182027,3.4893548516182027,1.3860315791391624,1729840871.2797875
0.36937852933338494,3.6937852933338493,1.3938407529686057,1729840871.2896755
0.3899366822441786,3.899366822441786,1.4016890582608,1729840871.2996259
0.4106105198789891,4.106105198789891,1.409576635153817,1729840871.3096457
0.4314006202756601,4.314006202756601,1.4175036236284235,1729840871.3196266
0.4523075635226437,4.523075635226437,1.4254701634985079,1729840871.3296776
0.4733319317564105,4.733319317564105,1.4334763944013869,1729840871.339663
0.49447430915871654,4.944743091587165,1.4415224557880144,1729840871.3496025
0.5157352819537248,5.157352819537247,1.4496084869130872,1729840871.3596203
0.5371154384049797,5.371154384049797,1.4577346268250455,1729840871.3698013
0.5586153688122344,5.586153688122344,1.4659010143559748,1729840871.379814
0.5802356655081277,5.802356655081277,1.4741077881113878,1729840871.389617
0.6019769228547092,6.019769228547092,1.482355086459906,1729840871.3996015
0.6238397372398127,6.2383973723981265,1.4906430475228554,1729840871.4096465
0.6458247070732743,6.458247070732743,1.498971809163729,1729840871.4196222
0.6679324327829951,6.679324327829951,1.5073415089775288,1729840871.4296181
0.6901635168108456,6.901635168108457,1.5157522842800741,1729840871.439615
0.7125185636084125,7.125185636084125,1.5242042720971174,1729840871.449589
0.7349981796325826,7.349981796325826,1.5326976091533986,1729840871.459593
0.7576029733409669,7.576029733409669,1.5412324318615838,1729840871.469584
0.7803335551871589,7.803335551871589,1.5498088763110918,1729840871.4798172
0.8031905376158283,8.031905376158283,1.5584270782568286,1729840871.4896004
0.8261745350576483,8.261745350576483,1.567087173107792,1729840871.4996123
0.849286163924053,8.49286163924053,1.575789295915559,1729840871.5096345
0.8725260426018258,8.725260426018258,1.584533581362729,1729840871.5196195
0.895894791447515,8.95894791447515,1.5933201637511711,1729840871.529638
0.9193930327816776,9.193930327816776,1.6021491769902294,1729840871.5396152
0.9430213908829461,9.430213908829462,1.6110207545847715,1729840871.5495925
0.9667804919819203,9.667804919819202,1.619935029623175,1729840871.5596738
0.9906709642548807,9.906709642548806,1.6288921347651737,1729840871.5695984
1.0146934378173216,10.146934378173215,1.6378922022295956,1729840871.579808
1.0388485447173033,10.388485447173032,1.6469353637820188,1729840871.589623
1.0631369189286213,10.631369189286213,1.6560217507222532,1729840871.5996284
1.0875591963437912,10.875591963437913,1.6651514938718321,1729840871.609641
1.112116014766847,11.12116014766847,1.6743247235612433,1729840871.6195946
1.1368080139059513,11.368080139059513,1.6835415696171872,1729840871.6296618
1.161635835365818,11.61635835365818,1.6928021613496362,1729840871.6397066
1.1866001226399419,11.866001226399419,1.7021066275388268,1729840871.649614
1.2117015211026365,12.117015211026365,1.7114550964221404,1729840871.659638
1.2369406780008787,12.369406780008788,1.7208476956808472,1729840871.669591
1.2623182424459567,12.623182424459568,1.7302845524267862,1729840871.6798215
1.2878348654049203,12.878348654049203,1.739765793188898,1729840871.6896684
1.3134911996918335,13.134911996918335,1.7492915438996643,1729840871.6996195
1.3392878999588258,13.392878999588259,1.7588619298814514,1729840871.7096663
1.3652256226869413,13.652256226869412,1.7684770758327062,1729840871.7196534
1.3913050261767852,13.913050261767852,1.7781371058141122,1729840871.7300143
1.4175267705389634,14.175267705389633,1.7878421432345544,1729840871.7396307
1.4438915176843172,14.438915176843173,1.797592310837052,1729840871.7496095
1.470399931313948,14.70399931313948,1.8073877306845212,1729840871.7596219
1.4970526769090327,14.970526769090327,1.8172285241454968,1729840871.7697966
1.5238504217204285,15.238504217204285,1.8271148118796923,1729840871.7798405
1.5507938347580632,15.507938347580632,1.8370467138234634,1729840871.7896295
1.5778835867801113,15.778835867801114,1.8470243491752072,1729840871.7996492
1.6051203502819547,16.051203502819547,1.857047836380593,1729840871.8096066
1.6325047994849247,16.325047994849246,1.8671172931177402,1729840871.819694
1.6600376103248258,16.60037610324826,1.8772328362822677,1729840871.829673
1.6877194604402381,16.87719460440238,1.8873945819722469,1729840871.8396292
1.7155510291605975,17.155510291605975,1.8976026454730341,1729840871.8496048
1.743532997494052,17.435329974940522,1.9078571412420313,1729840871.859597
1.7716660481150934,17.716660481150935,1.9181581828933165,1729840871.8696938
1.7999508653519616,17.999508653519616,1.9285058831821793,1729840871.8797398
1.8283881351738205,18.283881351738206,1.938900353989574,1729840871.8896441
1.8569785451777052,18.56978545177705,1.9493417063064467,1729840871.8995893
1.885722784575237,18.85722784575237,1.9598300502179598,1729840871.9096024
1.9146215441791055,19.146215441791053,1.9703654948876483,1729840871.9195876
1.9436755163893185,19.436755163893185,1.980948148541458,1729840871.929637
1.9728853951792136,19.728853951792136,1.9915781184516756,1729840871.9396026
2.0022518760812353,20.022518760812353,2.002255510920767,1729840871.9496117
2.0317756561724716,20.317756561724714,2.0129804312651363,1729840871.959579
2.061457434059953,20.614574340599532,2.0237529837987864,1729840871.9696434
2.0912979098657094,20.912979098657093,2.0345732718168446,1729840871.979806
2.121297785211582,21.21297785211582,2.045441397579058,1729840871.9896226
2.151457763203797,21.51457763203797,2.056357462293123,1729840871.9996147
2.1817785484172867,21.817785484172866,2.0673215660980127,1729840872.0096312
2.2122608468797713,22.122608468797715,2.0783338080471214,1729840872.019562
2.2429053660555875,22.429053660555876,2.0893942860913803,1729840872.029661
2.2737128148292705,22.737128148292705,2.1005030970622443,1729840872.0396292
2.304683903488883,23.04683903488883,2.1116603366546425,1729840872.0496004
2.3358193437090966,23.358193437090968,2.122866099409773,1729840872.059579
2.367119848534015,23.67119848534015,2.13412047869787,1729840872.0695682
2.398586132359746,23.98586132359746,2.1454235667008614,1729840872.0798109
2.4302189109167203,24.3021891091672,2.1567754543949285,1729840872.0896428
2.4620189012517457,24.620189012517457,2.1681762315330158,1729840872.0995955
2.4939868217098113,24.939868217098113,2.1796259866272454,1729840872.1096284
2.5261233919156294,25.261233919156293,2.191124806931228,1729840872.1195884
2.5584293327549164,25.58429332754916,2.202672778422343,1729840872.1297193
2.590905366355413,25.90905366355413,2.214269985783883,1729840872.139582
2.623552216067642,26.23552216067642,2.2259165123871902,1729840872.1495647
2.6563706064454036,26.563706064454035,2.237612440273642,1729840872.1594424
2.6893612632260027,26.893612632260027,2.24935785013664,1729840872.1695495
2.722524913310214,27.22524913310214,2.2611528213034475,1729840872.179808
2.7558622847419785,27.558622847419784,2.2729974317170356,1729840872.1896331
2.789374106687832,27.89374106687832,2.2848917579178174,1729840872.1996214
2.8230611094160656,28.230611094160658,2.296835875025293,1729840872.209606
2.8569240242756164,28.569240242756166,2.308829856719692,1729840872.2196531
2.890963583674687,28.90963583674687,2.320873775223502,1729840872.2296338
2.9251805210590933,29.251805210590934,2.3329677012829393,1729840872.2396739
2.9595755708903413,29.59575570890341,2.3451117041493834,1729840872.249655
2.9941494686234273,29.94149468623427,2.357305851560742,1729840872.2596393
3.0289029506843677,30.289029506843676,2.3695502097227408,1729840872.2696228
3.063836754447452,30.63836754447452,2.3818448432901747,1729840872.2797773
3.098951618212218,30.98951618212218,2.394189815348117,1729840872.2896574
3.1342482811801555,31.342482811801556,2.406585187393052,1729840872.2996178
3.1697274834311275,31.697274834311276,2.4190310193139712,1729840872.309604
3.2053899658995166,32.053899658995164,2.431527369373425,1729840872.319566
3.241236470350091,32.41236470350091,2.4440742941885034,1729840872.3296757
3.2772677393535927,32.77267739353593,2.456671848711826,1729840872.3396497
3.3134845162620445,33.134845162620444,2.469320086212438,1729840872.3496573
3.349887545183778,33.498875451837776,2.482019058256686,1729840872.359611
3.386477570958178,33.86477570958178,2.4947688146890528,1729840872.36959
3.423255339130148,34.23255339130148,2.5075694036129814,1729840872.3798563
3.4602215959242946,34.60221595924295,2.5204208713716305,1729840872.3896186
3.497377088218823,34.973770882188234,2.533323262528608,1729840872.3996415
3.534722563519158,35.34722563519158,2.546276619848703,1729840872.409643
3.5722587699312762,35.72258769931276,2.5592809842785513,1729840872.4195933
3.6099864561347568,36.099864561347566,2.572336394927321,1729840872.4296486
3.647906371355547,36.47906371355547,2.585442889047325,1729840872.439657
3.6860192653384454,36.86019265338445,2.5986005020146603,1729840872.449589
3.7243258883192984,37.243258883192986,2.6118092673098214,1729840872.4595833
3.762826990996914,37.62826990996914,2.6250692164982716,1729840872.4696653
3.8015233245046884,38.015233245046886,2.6383803792110445,1729840872.479773
3.8404156403819525,38.40415640381953,2.6517427831253,1729840872.4896235
3.8795046905450263,38.79504690545026,2.665156453944901,1729840872.4996145
3.9187912272579943,39.18791227257994,2.6786214153809738,1729840872.5095649
3.9582760031031934,39.58276003103193,2.6921376891324744,1729840872.5195723
3.9979597709514154,39.97959770951415,2.705705294866739,1729840872.5296206
4.037843283931825,40.37843283931825,2.719324250200076,1729840872.5397716
4.077927295401593,40.77927295401593,2.7329945706783345,1729840872.549612
4.1182125589152445,41.18212558915245,2.746716269757483,1729840872.5595865
4.1586998281937255,41.586998281937255,2.7604893587842234,1729840872.5695632
4.199389857093178,41.993898570931776,2.7743138469766127,1729840872.579787
4.240283399573438,42.40283399573438,2.788189741404686,1729840872.5895884
4.281381209666249,42.813812096662495,2.802117046971139,1729840872.5996156
4.322684041443191,43.226840414431905,2.816095766391994,1729840872.609603
4.364192648983321,43.64192648983321,2.830125900177336,1729840872.619846
4.4059077863405465,44.05907786340546,2.844207446612037,1729840872.6296384
4.447830207510696,44.47830207510697,2.858340401736564,1729840872.6396832
4.489960666398329,44.89960666398329,2.872524759327775,1729840872.649627
4.53229991678325,45.322999167832506,2.886760510879812,1729840872.6596208
4.574848712286752,45.748487122867516,2.9010476455849696,1729840872.6695826
4.617607806337572,46.176078063375726,2.915386150314692,1729840872.6804256
4.66057795213758,46.6057795213758,2.929776009600544,1729840872.689607
4.703759902627178,47.03759902627178,2.9442172056153,1729840872.6996546
4.747154410450428,47.47154410450428,2.958709718154048,1729840872.7096543
4.790762227919905,47.90762227919905,2.973253524615382,1729840872.7196507
4.8345841069812705,48.34584106981271,2.9878485999826374,1729840872.7296274
4.878620799177578,48.78620799177578,3.002494916805235,1729840872.739637
4.9228730556133,49.228730556133,3.017192445180032,1729840872.7496536
4.967341626918086,49.673416269180855,3.0319411527328013,1729840872.7597053
5.01202726321025,50.1202726321025,3.046741004599806,1729840872.7695715
5.056930714059986,50.56930714059986,3.0615919634093762,1729840872.7797914
5.102052728452319,51.0205272845232,3.076493989263655,1729840872.7896645
5.147394054749786,51.47394054749786,3.091447039720409,1729840872.799601
5.1929554406548535,51.92955440654853,3.106451069774904,1729840872.8095994
5.23873763317207,52.3873763317207,3.121506031841929,1729840872.8195715
5.284741378569954,52.847413785699544,3.1366118757378727,1729840872.829648
5.3309674223426295,53.3096742234263,3.1517685486629547,1729840872.839614
5.377416509171188,53.77416509171188,3.1669759951835186,1729840872.849636
5.424089382884806,54.24089382884806,3.182234157214478,1729840872.8596091
5.470986786421599,54.70986786421599,3.1975429740018546,1729840872.8696637
5.518109461789225,55.18109461789224,3.21290238210546,1729840872.8798635
5.565458150025233,55.65458150025233,3.2283123153816673,1729840872.889649
5.613033591157163,56.13033591157163,3.2437727049663714,1729840872.8996215
5.660836524162397,56.60836524162397,3.25928347925801,1729840872.9096513
5.708867686927761,57.088676869277606,3.2748445639007873,1729840872.9195955
5.757127816208888,57.57127816208887,3.2904558817680005,1729840872.9296548
5.805617647589334,58.05617647589334,3.306117352945522,1729840872.939627
5.854337915439457,58.54337915439457,3.321828894715434,1729840872.9495733
5.903289352875055,59.032893528750556,3.3375904215398373,1729840872.9595795
5.952472691715774,59.524726917157736,3.3534018450447602,1729840872.9695807
6.001888662443273,60.018886624432724,3.3692630740043095,1729840872.9797707
6.051537994159172,60.51537994159172,3.3851740143249156,1729840872.989643
6.101421414542761,61.014214145427616,3.401134569029794,1729840872.9996321
6.151539649808488,61.51539649808488,3.4171446382435686,1729840873.009599
6.201893424663223,62.01893424663223,3.4332041191770823,1729840873.0196054
6.252483462263301,62.52483462263301,3.4493129061123735,1729840873.0297554
6.3033104841713525,63.033104841713524,3.4654708903878424,1729840873.039678
6.354375210312911,63.54375210312911,3.4816779603836494,1729840873.0496504
6.405678358932818,64.05678358932818,3.4979340015072555,1729840873.0596173
6.457220646551409,64.57220646551409,3.514238896179201,1729840873.0695968
6.509002787920506,65.09002787920507,3.5305925238190667,1729840873.07977
6.561025495979196,65.61025495979196,3.54699476083168,1729840873.0896842
6.613289481809416,66.13289481809416,3.563445480593482,1729840873.0996761
6.6657954545913425,66.65795454591343,3.5799445534391703,1729840873.1096551
6.718544121558582,67.18544121558583,3.5964918466485276,1729840873.1196759
6.771536187953181,67.71536187953181,3.613087224433486,1729840873.129641
6.824772356980439,68.24772356980439,3.629730547925444,1729840873.139637
6.878253329763549,68.7825332976355,3.6464216751627747,1729840873.149618
6.931979805298051,69.3197980529805,3.6631604610786335,1729840873.159531
6.985952480406114,69.85952480406114,3.6799467574889677,1729840873.1696386
7.040172049690646,70.40172049690646,3.696780413080787,1729840873.1798506
7.094639205489233,70.94639205489233,3.7136612734007075,1729840873.18962
7.149354637827913,71.49354637827913,3.730589180843708,1729840873.199606
7.204319034374798,72.04319034374798,3.747563974642225,1729840873.2096272
7.259533080393528,72.59533080393527,3.7645854908554286,1729840873.2196198
7.314997458696576,73.14997458696575,3.7816535623588328,1729840873.2296932
7.370712849598411,73.70712849598411,3.798768018834174,1729840873.2396398
7.426679930868508,74.26679930868508,3.8159286867595243,1729840873.2496047
7.482899377684217,74.82899377684217,3.8331353893997715,1729840873.2596412
7.539371862583509,75.39371862583509,3.850387946797304,1729840873.269626
7.596098055417572,75.96098055417572,3.8676861757630423,1729840873.2798345
7.653078623303296,76.53078623303296,3.8850298898677638,1729840873.2896235
7.71031423057562,77.10314230575621,3.902418899433716,1729840873.2995946
7.767805538739776,77.67805538739776,3.919853011526536,1729840873.3096569
7.8255532064234075,78.25553206423407,3.937332029947508,1729840873.319611
7.883557889328582,78.83557889328583,3.9548557552260997,1729840873.329611
7.941820240183703,79.41820240183704,3.9724239846128553,1729840873.3396485
8.000340908695318,80.00340908695318,3.9900365120725754,1729840873.349598
8.05912054149983,80.5912054149983,4.007693128277872,1729840873.359623
8.118159782115129,81.18159782115129,4.025393620603001,1729840873.3696074
8.17745927089212,81.7745927089212,4.043137773118103,1729840873.379853
8.237019644966193,82.37019644966193,4.060925366583693,1729840873.3895931
8.2968415382086,82.968415382086,4.078756178445602,1729840873.399661
8.356925581177775,83.56925581177775,4.096629982830162,1729840873.4096098
8.417272401070578,84.17272401070578,4.114546550539854,1729840873.4196837
8.477882621673489,84.77882621673488,4.1325056490492065,1729840873.4296458
8.53875686331374,85.38756863313739,4.15050704250114,1729840873.4396348
8.599895742810409,85.99895742810409,4.1685504917036305,1729840873.4496288
8.66129987342546,86.6129987342546,4.186635754126768,1729840873.4596062
8.722969864814749,87.22969864814749,4.204762583900176,1729840873.4696693
8.784906322978998,87.84906322978998,4.222930731810798,1729840873.4802287
8.847109850214746,88.47109850214747,4.241139945301112,1729840873.4896245
8.909581045065272,89.09581045065272,4.259389968467667,1729840873.4996064
8.972320502271504,89.72320502271504,4.277680542060055,1729840873.5097802
9.035328812722929,90.35328812722929,4.296011403480275,1729840873.519641
9.098606563408481,90.98606563408481,4.3143822867824575,1729840873.529788
9.162154337367449,91.62154337367448,4.332792922673031,1729840873.5396047
9.225972713640381,92.25972713640381,4.351243038511264,1729840873.5496387
9.29006226722001,92.9006226722001,4.369732358310231,1729840873.5596337
9.35442356900219,93.5442356900219,4.388260602738202,1729840873.5696201
9.419057185736872,94.19057185736872,4.4068274891203965,1729840873.5797803
9.4839636799791,94.839636799791,4.425432731441208,1729840873.5896087
9.549143610040055,95.49143610040055,4.4440760403468325,1729840873.5996644
9.614597529938134,96.14597529938135,4.46275712314832,1729840873.609718
9.680325989350091,96.80325989350092,4.481475683825035,1729840873.6195977
9.746329533562225,97.46329533562225,4.5002314230285965,1729840873.6296363
9.812608703421638,98.12608703421638,4.519024038087198,1729840873.6397016
9.879164035287564,98.79164035287565,4.537853223010394,1729840873.6496236
9.94599606098277,99.4599606098277,4.556718668494341,1729840873.6596677
10.013105307745041,100.13105307745042,4.57562006192743,1729840873.6696212
10.080492298178758,100.80492298178757,4.594557087396418,1729840873.6797752
10.14815755020657,101.4815755020657,4.613529425692982,1729840873.6896732
10.216101577021165,102.16101577021165,4.6325367543207285,1729840873.6996927
10.284324887037162,102.84324887037161,4.651578747502647,1729840873.7096026
10.352827983843104,103.52827983843105,4.670655076189054,1729840873.719639
10.421611366153584,104.21611366153584,4.6897654080659485,1729840873.7296042
10.490675527761502,104.90675527761502,4.708909407563859,1729840873.739585
10.560020957490444,105.60020957490444,4.728086735867147,1729840873.7496588
10.629648139147228,106.29648139147228,4.747297050923784,1729840873.7595835
10.699557551474577,106.99557551474577,4.7665400074555615,1729840873.7696807
10.76974966810396,107.69749668103961,4.785815256968829,1729840873.7799
10.840224957508605,108.40224957508605,4.805122447765648,1729840873.7896116
10.910983882956659,109.10983882956658,4.824461224955466,1729840873.7997012
10.982026902464552,109.82026902464553,4.843831230467207,1729840873.809634
11.05335446875053,110.5335446875053,4.863232103061913,1729840873.819894
11.124967029188385,111.24967029188385,4.882663478345799,1729840873.8297057
11.196865025761381,111.96865025761382,4.902124988783832,1729840873.8396525
11.269048895016391,112.69048895016391,4.921616263713761,1729840873.84965
11.341519068018245,113.41519068018245,4.941136929360648,1729840873.859604
11.414275970304294,114.14275970304294,4.960686608851877,1729840873.8696578
11.487320021839203,114.87320021839203,4.980264922232659,1729840873.8803303
11.560651636969988,115.60651636969988,4.999871486481997,1729840873.8896441
11.63427122438128,116.3427122438128,5.019505915529164,1729840873.8997092
11.708179187050844,117.08179187050844,5.039167820270648,1729840873.909689
11.782375922205356,117.82375922205355,5.058856808587613,1729840873.9195926
11.856861821276441,118.5686182127644,5.078572485363823,1729840873.929656
11.931637269856981,119.31637269856981,5.098314452504057,1729840873.9395885
12.006702647657702,120.06702647657703,5.11808230895304,1729840873.9496324
12.082058328464042,120.82058328464042,5.137875650714832,1729840873.9596255
12.15770468009331,121.5770468009331,5.157694070872724,1729840873.9696176
12.233642064352157,122.33642064352156,5.1775371596096225,1729840873.9797726
12.309870836994332,123.09870836994332,5.197404504228934,1729840873.989658
12.386391347678767,123.86391347678767,5.217295689175913,1729840873.9996247
12.463203939927983,124.63203939927982,5.237210296059522,1729840874.0095968
12.540308951086809,125.40308951086809,5.257147903674787,1729840874.019628
12.617706712281453,126.17706712281453,5.277108088025623,1729840874.0297096
12.695397548378907,126.95397548378907,5.297090422348146,1729840874.0397103
12.773381777946694,127.73381777946695,5.317094477134496,1729840874.0496368
12.851659713212992,128.51659713212993,5.337119820157138,1729840874.0596335
12.930231660027099,129.30231660027098,5.357166016493628,1729840874.0696535
13.00909791782028,130.09097917820282,5.3772326285518925,1729840874.0798068
13.088258779566996,130.88258779566996,5.397319216095973,1729840874.0896018
13.1677145317465,131.677145317465,5.417425336272265,1729840874.099672
13.24746545430485,132.4746545430485,5.437550543636231,1729840874.1095593
13.327511820617296,133.27511820617298,5.457694390179594,1729840874.1196516
13.407853897451094,134.07853897451093,5.477856425358006,1729840874.129644
13.488491944928715,134.88491944928714,5.498036196119188,1729840874.139871
13.569426216491486,135.69426216491485,5.51823324693158,1729840874.1496189
13.650656958863653,136.50656958863652,5.538447119813396,1729840874.1594477
13.732184412016878,137.32184412016878,5.558677354362214,1729840874.1696265
13.814008809135174,138.14008809135174,5.57892348778499,1729840874.1797607
13.896130376580295,138.96130376580294,5.599185054928559,1729840874.189666
13.97854933385757,139.7854933385757,5.619461588310593,1729840874.1996458
14.061265893582206,140.61265893582205,5.639752618151022,1729840874.209617
14.144280261446053,141.44280261446053,5.660057672403888,1729840874.219546
14.227592636184845,142.27592636184846,5.680376276789702,1729840874.229692
14.311203209545923,143.11203209545923,5.700707954828194,1729840874.2396746
14.395112166256446,143.95112166256445,5.721052227871555,1729840874.2496593
14.479319683992092,144.7931968399209,5.741408615138108,1729840874.2596447
14.56382593334626,145.6382593334626,5.761776633746419,1729840874.2696304
14.648631077799784,146.48631077799786,5.782155798749837,1729840874.2799237
14.733735273691153,147.33735273691153,5.802545623171481,1729840874.2896442
14.819138670187256,148.19138670187255,5.822945618039659,1729840874.2995787
14.904841409254646,149.04841409254647,5.8433552924237055,1729840874.3096287
14.990843625631348,149.90843625631348,5.863774153470232,1729840874.3196406
15.077145446799188,150.77145446799187,5.884201706439821,1729840874.329636
15.163746992956684,151.63746992956683,5.904637454744111,1729840874.3396292
15.25064837699247,152.5064837699247,5.925080899983288,1729840874.3496134
15.337849704459286,153.37849704459285,5.94553154198401,1729840874.3595972
15.425351073548535,154.25351073548535,5.9659888788377,1729840874.3695838
15.51315257506539,155.1315257506539,5.986452406939257,1729840874.3798716
15.601254292404494,156.01254292404494,6.006921621026136,1729840874.3896391
15.689656301526224,156.89656301526225,6.027396014217833,1729840874.3995943
15.778358670933544,157.78358670933545,6.047875078055745,1729840874.4096625
15.867361461649457,158.67361461649458,6.068358302543383,1729840874.4195895
15.956664727195038,159.5666472719504,6.088845176187,1729840874.429663
16.04626851356808,160.4626851356808,6.109335186036537,1729840874.439761
16.136172859222334,161.36172859222336,6.129827817726954,1729840874.4496408
16.226377795047377,162.26377795047375,6.150322555519901,1729840874.4596348
16.316883344349076,163.16883344349077,6.170818882345745,1729840874.4695995
16.407689522830694,164.07689522830694,6.1913162798459425,1729840874.4798646
16.4987963385746,164.987963385746,6.211814228415718,1729840874.4896343
16.59020379202463,165.9020379202463,6.232312207247113,1729840874.4996693
16.68191187596908,166.8191187596908,6.2528096943723135,1729840874.5096915
16.77392057552433,167.7392057552433,6.273306166707346,1729840874.5195909
16.866229868119106,168.66229868119106,6.293801100096026,1729840874.5297384
16.958839723479436,169.58839723479434,6.314293969354243,1729840874.539633
17.05175010361419,170.51750103614188,6.334784248314544,1729840874.5496006
17.144960962801346,171.44960962801346,6.355271409870993,1729840874.559559
17.238472247574865,172.38472247574865,6.375754926024319,1729840874.5696354
17.332283896712276,173.32283896712278,6.396234267927323,1729840874.5798242
17.426395841222888,174.26395841222887,6.416708905930602,1729840874.5895848
17.520808004336715,175.20808004336715,6.437178309628462,1729840874.599613
17.615520301494055,176.15520301494055,6.45764194790516,1729840874.6097357
17.710532640335757,177.10532640335757,6.478099288981332,1729840874.6197376
17.805844920694174,178.05844920694173,6.4985498004606885,1729840874.6296117
17.9014570345848,179.01457034584803,6.51899294937695,1729840874.639833
17.99736886619861,179.9736886619861,6.53942820224099,1729840874.649587
18.09358029189507,180.93580291895069,6.55985502508818,1729840874.6595917
18.19009118019588,181.90091180195878,6.580272883525988,1729840874.669594
18.286901391779384,182.86901391779384,6.600681242781742,1729840874.679777
18.384010779475712,183.84010779475713,6.621079567750585,1729840874.6895857
18.481419188262596,184.81419188262595,6.64146732304364,1729840874.6996357
18.579126455261928,185.79126455261928,6.6618439730363175,1729840874.7096546
18.67713240973701,186.7713240973701,6.682208981916835,1729840874.7195554
18.775436873090513,187.75436873090513,6.702561813734847,1729840874.7296686
18.874039658863182,188.74039658863182,6.722901932450259,1729840874.739624
18.972940572733215,189.72940572733216,6.743228801982187,1729840874.7496376
19.072139412516396,190.72139412516395,6.763541886258024,1729840874.7596805
19.171635968166935,191.71635968166936,6.783840649262658,1729840874.7696128
19.271430021779043,192.71430021779042,6.804124555087809,1729840874.7797785
19.371521347589205,193.71521347589206,6.824393067981443,1729840874.7896044
19.471909711979222,194.71909711979222,6.844645652397331,1729840874.7997334
19.572594873479936,195.72594873479937,6.86488177304466,1729840874.8095982
19.67357658277572,196.7357658277572,6.885100894937763,1729840874.8196006
19.774854582709676,197.74854582709676,6.90530248344588,1729840874.8296666
19.876428608289572,198.76428608289572,6.925486004343032,1729840874.8397014
19.97829838669452,199.7829838669452,6.945650923857912,1729840874.8496656
20.08046363728236,200.8046363728236,6.965796708723845,1729840874.8596628
20.18292407159781,201.8292407159781,6.9859228262287765,1729840874.869562
20.285679393381326,202.85679393381326,7.006028744265292,1729840874.879754
20.388729298578706,203.88729298578707,7.026113931380662,1729840874.8895922
20.49207347535143,204.9207347535143,7.046177856826892,1729840874.8996153
20.595711604087718,205.95711604087717,7.066219990610773,1729840874.9095964
20.699643357414356,206.99643357414357,7.086239803543931,1729840874.9196284
20.80386840020921,208.0386840020921,7.106236767292863,1729840874.929594
20.908386389614513,209.08386389614515,7.12621035442892,1729840874.9395745
21.013196975050864,210.13196975050863,7.146160038478303,1729840874.949529
21.118299798231963,211.18299798231962,7.166085293971966,1729840874.959605
21.223694493180083,212.23694493180085,7.185985596495504,1729840874.969581
21.32938068624227,213.2938068624227,7.205860422738955,1729840874.9797747
21.43535799610726,214.3535799610726,7.225709250546534,1729840874.9896104
21.541626033823153,215.41626033823152,7.245531558966295,1729840874.999767
21.648184402815776,216.48184402815775,7.265326828299704,1729840875.0096686
21.75503269890781,217.55032698907812,7.285094540151089,1729840875.0196245
21.862170510338615,218.62170510338615,7.304834177477019,1729840875.0296519
21.969597417784776,219.69597417784775,7.324545224635523,1729840875.0395987
22.077312994381398,220.77312994381398,7.344227167435221,1729840875.0495954
22.185316805744083,221.85316805744083,7.363879493184301,1729840875.0596275
22.29360840999165,222.93608409991649,7.383501690739332,1729840875.069675
22.40218735776955,224.0218735776955,7.403093250553972,1729840875.0797603
22.511053192274005,225.11053192274005,7.422653664727454,1729840875.0896454
22.620205449276863,226.20205449276864,7.442182427052945,1729840875.0996432
22.72964365715113,227.2964365715113,7.461679033065698,1729840875.1100674
22.83936733689723,228.3936733689723,7.481142980091027,1729840875.1195693
22.949376002169974,229.49376002169973,7.500573767292068,1729840875.1297235
23.059669159306193,230.59669159306193,7.5199708957173526,1729840875.139627
23.170246307353093,231.70246307353094,7.5393338683481375,1729840875.149646
23.2811069380973,232.81106938097298,7.558662190145525,1729840875.1597018
23.392250536094572,233.9225053609457,7.577955368097355,1729840875.1696987
23.50367657870022,235.0367657870022,7.597212911264829,1729840875.1799161
23.615384536100187,236.15384536100186,7.616434330828907,1729840875.1896222
23.727373871342827,237.27373871342826,7.635619140136415,1729840875.1996562
23.83964404037133,238.39644040371329,7.654766854745919,1729840875.2099912
23.952194492056837,239.52194492056836,7.673876992473285,1729840875.2196045
24.065024668232216,240.65024668232215,7.6929490734369725,1729840875.2296643
24.17813400372648,241.7813400372648,7.711982620103029,1729840875.2396228
24.291521926399888,242.9152192639989,7.730977157329777,1729840875.249643
24.405187857179673,244.05187857179672,7.74993221241219,1729840875.2596514
24.51913121009643,245.1913121009643,7.768847315125953,1729840875.2695854
24.63335139232114,246.3335139232114,7.787721997771195,1729840875.2800586
24.74784780420283,247.4784780420283,7.8065557952158695,1729840875.2896109
24.862619839306873,248.62619839306873,7.825348244938812,1729840875.299639
24.9776668844539,249.776668844539,7.844098887072437,1729840875.3096442
25.092988319759336,250.92988319759337,7.86280726444507,1729840875.319561
25.20858351867357,252.08583518673572,7.881472922622922,1729840875.3296747
25.324451848022708,253.24451848022707,7.900095409951669,1729840875.3397398
25.44059266804995,254.40592668049948,7.91867427759768,1729840875.3496163
25.557005332457553,255.57005332457553,7.937209079588833,1729840875.3596077
25.673689188449405,256.73689188449407,7.9556993728549275,1729840875.3696463
25.790643576774155,257.9064357677415,7.974144717267716,1729840875.380391
25.907867831768957,259.0786783176896,7.992544675680504,1729840875.3896146
26.02536128140377,260.2536128140377,8.010898813967334,1729840875.399602
26.143123247326233,261.43123247326236,8.029206701061758,1729840875.409848
26.261153044907093,262.6115304490709,8.047467908995158,1729840875.4196413
26.3794499832862,263.794499832862,8.065682012934639,1729840875.4296262
26.49801336541905,264.9801336541905,8.083848591220473,1729840875.43967
26.616842488123872,266.1684248812387,8.101967225403085,1729840875.4496107
26.73593664212922,267.35936642129224,8.120037500279597,1729840875.459616
26.85529511212216,268.5529511212216,8.138059003929893,1729840875.4696229
26.974917176796904,269.749171767969,8.156031327752206,1729840875.4797554
27.094802108904013,270.94802108904014,8.173954066498247,1729840875.4896197
27.214949175300088,272.14949175300086,8.191826818307838,1729840875.4996965
27.33535763699796,273.3535763699796,8.20964918474307,1729840875.5095963
27.456026749217372,274.5602674921737,8.227420770821936,1729840875.519526
27.576955761436167,275.7695576143617,8.245141185051512,1729840875.5296175
27.698143917441925,276.9814391744193,8.262810039460582,1729840875.5396216
27.81959045538409,278.19590455384093,8.280426949631792,1729840875.5496058
27.941294607826563,279.41294607826563,8.29799153473326,1729840875.5596397
28.06325560180074,280.6325560180074,8.315503417549692,1729840875.5696015
28.185472658859005,281.85472658859004,8.332962224512949,1729840875.5800574
28.30794499512866,283.0794499512866,8.350367585732098,1729840875.589642
28.430671821366303,284.30671821366303,8.367719135022922,1729840875.59965
28.553652343012594,285.53652343012595,8.385016509936891,1729840875.6096058
28.676885760247487,286.7688576024749,8.4022593517896,1729840875.6196196
28.80037126804583,288.0037126804583,8.419447305688635,1729840875.6296382
28.92410805623339,289.2410805623339,8.43658002056093,1729840875.639679
29.04809530954326,290.4809530954326,8.45365714917951,1729840875.6495557
29.172332207672653,291.7233220767265,8.470678348189724,1729840875.6595407
29.296817925340076,292.96817925340076,8.487643278134904,1729840875.6695313
29.421551632342858,294.2155163234286,8.504551603481437,1729840875.6798275
29.54653249361506,295.46532493615064,8.521402992643285,1729840875.6896057
29.67175966928572,296.7175966928572,8.538197118005938,1729840875.6996424
29.79723231473744,297.97232314737437,8.554933655949771,1729840875.7096684
29.922949580665318,299.2294958066532,8.571612286872842,1729840875.7196674
30.0489106131362,300.489106131362,8.588232695213094,1729840875.7296414
30.175114553648246,301.75114553648245,8.604794569469986,1729840875.739631
30.301560539190806,303.0156053919081,8.621297602225527,1729840875.7495594
30.428247702304606,304.28247702304606,8.63774149016472,1729840875.7595918
30.555175171142203,305.551751711422,8.654125934095434,1729840875.7696037
30.68234206952875,306.8234206952875,8.670450638967655,1729840875.7798052
30.809747517023013,308.09747517023015,8.686715313892165,1729840875.7896166
30.93739062897866,309.37390628978665,8.702919672158616,1729840875.7996554
31.06527051660582,310.65270516605824,8.719063431253003,1729840875.8095763
31.193386287032858,311.9338628703286,8.73514631287454,1729840875.8195455
31.321737043368422,313.2173704336842,8.75116804295195,1729840875.8296108
31.4503218847637,314.503218847637,8.767128351659114,1729840875.8396654
31.579139906474907,315.79139906474904,8.78302697343017,1729840875.849619
31.70819019992598,317.0819019992598,8.798863646973965,1729840875.8596425
31.837471852771472,318.3747185277147,8.814638115287927,1729840875.869647
31.966983948959655,319.66983948959654,8.830350125671314,1729840875.8798695
32.09672556879579,320.9672556879579,8.845999429737883,1729840875.8896165
32.22669578900559,322.2669578900559,8.861585783427932,1729840875.8996518
32.35689368279884,323.5689368279884,8.877108947019737,1729840875.909605
32.48731831993319,324.8731831993319,8.8925686851404,1729840875.9196205
32.61796876677806,326.1796876677806,8.907964766776079,1729840875.9296172
32.74884408637876,327.4884408637876,8.92329696528161,1729840875.939618
32.87994333852064,328.7994333852064,8.938565058389543,1729840875.9495726
33.01126557979347,330.11265579793474,8.953768828218545,1729840875.9596143
33.14280986365587,331.42809863655873,8.968908061281233,1729840875.9695432
33.27457524049983,332.74575240499826,8.983982548491376,1729840875.9797883
33.4065607577154,334.06560757715397,8.998992085170514,1729840875.9896085
33.5387654597554,335.38765459755405,9.013936471053967,1729840875.9996343
33.671188388200264,336.71188388200267,9.028815510296255,1729840876.0096345
33.80382858182288,338.03828581822876,9.043629011475907,1729840876.019628
33.93668507665357,339.36685076653566,9.058376787599693,1729840876.0296202
34.06975690604508,340.6975690604508,9.073058656106241,1729840876.0396235
34.20304310073764,342.03043100737636,9.087674438869074,1729840876.0496218
34.33654268892402,343.3654268892402,9.102223962199055,1729840876.05959
34.47025469631467,344.7025469631467,9.116707056846252,1729840876.0696018
34.604178146202806,346.04178146202804,9.13112355800119,1729840876.0797024
34.738312059529584,347.38312059529585,9.145473305295555,1729840876.0896535
34.872655454949225,348.7265545494922,9.159756142802294,1729840876.099666
35.007207348894134,350.0720734889413,9.17397191903513,1729840876.109623
35.14196675564005,351.4196675564005,9.188120486947533,1729840876.1195898
35.276932687371094,352.76932687371095,9.202201703931086,1729840876.1296039
35.41210415424487,354.1210415424487,9.216215431813291,1729840876.139629
35.54748016445746,355.4748016445746,9.230161536854812,1729840876.1496477
35.6830597243084,356.830597243084,9.244039889746157,1729840876.159471
35.8188418382656,358.188418382656,9.257850365603783,1729840876.1695766
35.95482550903019,359.54825509030184,9.271592843965662,1729840876.1797314
36.09100973760129,360.9100973760129,9.285267208786285,1729840876.1896174
36.22739352334072,362.2739352334072,9.298873348431112,1729840876.1995666
36.3639758640376,363.639758640376,9.312411155670487,1729840876.2096293
36.50075575597282,365.0075575597282,9.325880527672997,1729840876.219539
36.6377321939835,366.37732193983504,9.339281365998296,1729840876.2295463
36.77490417152727,367.7490417152727,9.35261357658941,1729840876.2395928
36.91227068074638,369.1227068074638,9.365877069764485,1729840876.2495594
37.04983071253182,370.4983071253182,9.379071760208028,1729840876.2596052
37.187583256587175,371.87583256587175,9.392197566961618,1729840876.2695491
37.32552730149239,373.25527301492394,9.405254413414102,1729840876.279799
37.46366183476741,374.6366183476741,9.41824222729128,1729840876.289649
37.60198584293557,376.0198584293557,9.431160940645071,1729840876.2996223
37.74049831158694,377.4049831158694,9.444010489842189,1729840876.3096333
37.8791982254414,378.791982254414,9.45679081555231,1729840876.3196137
38.01808456841159,380.18084568411587,9.469501862735752,1729840876.329585
38.157156323665625,381.57156323665623,9.48214358063066,1729840876.3396204
38.29641247368967,382.9641247368967,9.494715922739704,1729840876.3495896
38.43585200035027,384.35852000350275,9.507218846816311,1729840876.3596165
38.57547388495649,385.7547388495649,9.519652314850402,1729840876.3695695
38.71527710832182,387.1527710832182,9.532016293053687,1729840876.3798158
38.8552606508259,388.552606508259,9.544310751844467,1729840876.3896422
38.99542349247596,389.9542349247596,9.556535665832001,1729840876.39966
39.13576461296807,391.3576461296807,9.56869101380041,1729840876.4095507
39.27628299174811,392.7628299174811,9.580776778692133,1729840876.419571
39.41697760807254,394.16977608072546,9.592792947590942,1729840876.4296205
39.55784744106886,395.5784744106886,9.604739511704528,1729840876.4397497
39.698891469795825,396.98891469795825,9.616616466346642,1729840876.4496117
39.840108673303426,398.4010867330343,9.628423810918827,1729840876.4595675
39.981498030692556,399.8149803069256,9.640161548891722,1729840876.469637
40.12305852117441,401.2305852117441,9.651829687785952,1729840876.4800549
40.264789124129585,402.64789124129584,9.663428239152617,1729840876.4896126
40.406688819166945,404.0668881916695,9.674957218553374,1729840876.4996166
40.54875658618209,405.4875658618209,9.686416645540124,1729840876.5096173
40.69099140541561,406.9099140541561,9.697806543634314,1729840876.5196104
40.833392257510994,408.3339225751099,9.70912694030586,1729840876.529598
40.97595812357221,409.7595812357221,9.720377866951665,1729840876.5397358
41.11868798522101,411.1868798522101,9.731559358873813,1729840876.549584
41.261580824653834,412.61580824653834,9.742671455257353,1729840876.559663
41.40463562469847,414.0463562469847,9.753714199147755,1729840876.5695946
41.54785136887034,415.4785136887034,9.764687637427993,1729840876.579793
41.6912270414284,416.91227041428397,9.775591820795297,1729840876.5896401
41.83476162743077,418.3476162743077,9.786426803737557,1729840876.599611
41.97845411279,419.78454112789996,9.797192644509398,1729840876.6096442
42.122303484327894,421.2230348432789,9.807889405107922,1729840876.6195664
42.26630872983011,422.6630872983011,9.81851715124813,1729840876.6296527
42.410468838100265,424.10468838100263,9.82907595233804,1729840876.6395898
42.55478279901378,425.54782799013776,9.839565881453487,1729840876.649617
42.69924960357127,426.9924960357127,9.84998701531261,1729840876.6595945
42.84386824395158,428.43868243951584,9.860339434250081,1729840876.669549
42.98863771356449,429.8863771356449,9.870623222190998,1729840876.6797724
43.13355700710294,431.33557007102934,9.880838466624532,1729840876.6896212
43.27862512059491,432.7862512059491,9.890985258577283,1729840876.69962
43.423841051454964,434.2384105145496,9.901063692586362,1729840876.7095842
43.569203798535284,435.69203798535284,9.911073866672227,1729840876.7196226
43.71471236217638,437.1471236217638,9.92101588231124,1729840876.7296216
43.86036574425736,438.6036574425736,9.930889844407993,1729840876.7396426
44.00616294824581,440.0616294824581,9.940695861267383,1729840876.749602
44.15210297924725,441.5210297924725,9.95043404456644,1729840876.7601361
44.298184844054184,442.98184844054185,9.960104509325953,1729840876.7699363
44.44440755119469,444.44407551194695,9.969707373881828,1729840876.779753
44.59077011098068,445.9077011098068,9.979242759856271,1729840876.7895885
44.73727153555559,447.3727153555559,9.988710792128735,1729840876.7996352
44.88391083894181,448.8391083894181,9.998111598806664,1729840876.8096285
45.030687037087525,450.30687037087523,10.007445311196047,1729840876.8195226
45.17759914791325,451.7759914791325,10.01671206377177,1729840876.8296118
45.324646191357814,453.2464619135782,10.02591199414779,1729840876.8396652
45.47182718942401,454.7182718942401,10.035045243047128,1729840876.849557
45.61914116622373,456.1914116622373,10.044111954271672,1729840876.8595839
45.76658714802266,457.6658714802266,10.053112274671848,1729840876.8695593
45.914164163284575,459.14164163284573,10.062046354116095,1729840876.879773
46.061871242715135,460.61871242715137,10.0709143454602,1729840876.889639
46.20970741930526,462.0970741930526,10.079716404516486,1729840876.8996575
46.35767172837402,463.5767172837402,10.088452690022862,1729840876.9095883
46.5057632076111,465.057632076111,10.097123363611718,1729840876.9196074
46.653980897118814,466.5398089711881,10.105728589778716,1729840876.9295645
46.802323839453585,468.02323839453584,10.11426853585143,1729840876.939627
46.95079107966708,469.5079107966708,10.12274337195789,1729840876.9496229
47.099381665346776,470.9938166534678,10.131153270995005,1729840876.9596314
47.24809464665614,472.4809464665614,10.139498408596879,1729840876.9696252
47.396929076374285,473.96929076374283,10.147778963103026,1729840876.979805
47.54588400993518,475.4588400993518,10.155995115526503,1729840876.9896417
47.6949585054664,476.949585054664,10.164147049521931,1729840876.999673
47.84415162382742,478.44151623827423,10.172234951353463,1729840877.0096366
47.993462428647376,479.93462428647376,10.180259009862649,1729840877.0196044
48.14288998636242,481.4288998636242,10.188219416436246,1729840877.0296445
48.29243336625258,482.9243336625258,10.196116364973959,1729840877.039656
48.44209164047814,484.4209164047814,10.203950051856118,1729840877.0496085
48.591863884115526,485.91863884115526,10.211720675911312,1729840877.0596166
48.74174917519277,487.41749175192774,10.219428438383957,1729840877.0696218
48.89174659472445,488.9174659472445,10.227073542901836,1729840877.079763
49.041855226746165,490.4185522674617,10.234656195443597,1729840877.0896058
49.19207415834854,491.9207415834854,10.24217660430622,1729840877.0996208
49.34240247971077,493.4240247971077,10.24963498007245,1729840877.1095912
49.49283928413364,494.9283928413364,10.257031535578223,1729840877.1195705
49.6433836680721,496.43383668072096,10.264366485880053,1729840877.1296751
49.794034731167365,497.94034731167363,10.271640048222437,1729840877.139609
49.944791576278526,499.44791576278527,10.278852442005231,1729840877.1496348
50.09565330951367,500.9565330951367,10.28600388875103,1729840877.159474
50.246619040260555,502.46619040260555,10.29309461207256,1729840877.1696048
50.39768788121677,503.9768788121677,10.300124837640077,1729840877.1797557
50.54885894841944,505.48858948419445,10.307094793148767,1729840877.189639
50.700131361274465,507.00131361274464,10.314004708286184,1729840877.199658
50.85150424258522,508.51504242585224,10.320854814699702,1729840877.2096055
51.00297671858087,510.0297671858087,10.327645345963987,1729840877.2195396
51.15454791894413,511.5454791894413,10.334376537548518,1729840877.2296224
51.3062169768386,513.062169768386,10.341048626785144,1729840877.2396348
51.45798302893559,514.5798302893559,10.347661852835664,1729840877.2496219
51.60984521544047,516.0984521544048,10.354216456659476,1729840877.2595778
51.76180268011862,517.6180268011863,10.360712680981266,1729840877.26963
51.91385457032077,519.1385457032077,10.367150770258759,1729840877.279743
52.06600003700801,520.6600003700801,10.373530970650515,1729840877.2895815
52.21823823477622,522.1823823477622,10.379853529983812,1729840877.299637
52.37056832188011,523.705683218801,10.386118697722575,1729840877.3096538
52.52298946025672,525.2298946025671,10.392326724935389,1729840877.319529
52.67550081554851,526.7550081554851,10.398477864263588,1729840877.3296182
52.82810155712597,528.2810155712597,10.404572369889422,1729840877.3395536
52.980790858109714,529.8079085810971,10.410610497504303,1729840877.349562
53.1335678953922,531.335678953922,10.416592504277151,1729840877.359591
53.28643184965889,532.8643184965889,10.422518648822821,1729840877.3695762
53.43938190540903,534.3938190540903,10.428389191170634,1729840877.3797045
53.59241725097593,535.9241725097593,10.434204392732992,1729840877.3896046
53.74553707854677,537.4553707854677,10.439964516274122,1729840877.3996422
53.898740584181986,538.9874058418199,10.445669825878895,1729840877.4096515
54.052026967834195,540.520269678342,10.451320586921783,1729840877.4195583
54.205395433366625,542.0539543336663,10.456917066035906,1729840877.4296048
54.35884518857115,543.5884518857115,10.462459531082215,1729840877.439665
54.51237544518584,545.1237544518584,10.46794825111878,1729840877.449615
54.66598541891205,546.6598541891206,10.473383496370207,1729840877.4595978
54.81967432943113,548.1967432943113,10.478765538197184,1729840877.4696288
54.97344140042059,549.7344140042059,10.484094649066147,1729840877.4797754
55.12728585956991,551.2728585956991,10.489371102519092,1729840877.489605
55.28120693859585,552.8120693859585,10.494595173143502,1729840877.4996312
55.43520387325738,554.3520387325738,10.499767136542436,1729840877.5096247
55.589275903370094,555.8927590337009,10.504887269304739,1729840877.5195825
55.74342227282026,557.4342227282026,10.509955848975403,1729840877.5296268
55.897642229578416,558.9764222957841,10.51497315402608,1729840877.5395994
56.05193502571251,560.5193502571251,10.51993946382573,1729840877.549627
56.20629991740065,562.0629991740064,10.524855058611438,1729840877.5596275
56.3607361649434,563.607361649434,10.529720219459358,1729840877.5695913
56.51524303277566,565.1524303277565,10.53453522825585,1729840877.5798059
56.66981978947815,566.6981978947815,10.539300367668744,1729840877.5895922
56.82446570778842,568.2446570778842,10.54401592111878,1729840877.5996149
56.97918006461151,569.7918006461151,10.548682172751203,1729840877.609604
57.13396214103014,571.3396214103013,10.553299407407536,1729840877.6195204
57.2888112223145,572.888112223145,10.557867910597508,1729840877.6296647
57.44372659793168,574.4372659793167,10.562387968471157,1729840877.640002
57.59870756155461,575.9870756155461,10.566859867791097,1729840877.6496353
57.75375341107068,577.5375341107068,10.571283895904973,1729840877.6596036
57.90886344858989,579.0886344858989,10.575660340718082,1729840877.6696079
58.06403698045264,580.6403698045265,10.579989490666168,1729840877.6796975
58.219273317237125,582.1927331723713,10.584271634688399,1729840877.6897242
58.3745717737663,583.745717737663,10.58850706220053,1729840877.699604
58.529931669114504,585.299316691145,10.592696063068237,1729840877.709611
58.68535232661365,586.8535232661366,10.596838927580645,1729840877.719588
58.84083307385907,588.4083307385907,10.600935946424038,1729840877.729601
58.99637324271494,589.9637324271494,10.604987410655747,1729840877.7396243
59.151972169319336,591.5197216931933,10.608993611678244,1729840877.749598
59.30762919408896,593.0762919408896,10.612954841213405,1729840877.759616
59.4633436617234,594.633436617234,10.616871391276979,1729840877.7697108
59.619114921209096,596.191149212091,10.620743554153243,1729840877.779945
59.774942325822906,597.7494232582291,10.62457162236985,1729840877.789609
59.9308252331353,599.3082523313531,10.628355888672862,1729840877.7996204
60.08676300501322,600.8676300501322,10.632096646002006,1729840877.8096085
60.24275500762253,602.4275500762253,10.635794187466093,1729840877.8196027
60.39880061143016,603.9880061143016,10.63944880631865,1729840877.829595
60.554899191205884,605.5489919120588,10.643060795933758,1729840877.839604
60.7110501260237,607.110501260237,10.646630449782066,1729840877.849618
60.867252799262936,608.6725279926294,10.650158061407033,1729840877.8596509
61.023506598608954,610.2350659860896,10.653643924401345,1729840877.8695884
61.179810916053526,611.7981091605352,10.657088332383546,1729840877.8798306
61.336165147894874,613.3616514789487,10.660491578974874,1729840877.8895984
61.49256869473739,614.925686947374,10.663853957776285,1729840877.8995743
61.64902096149099,616.4902096149099,10.667175762345698,1729840877.90963
61.80552135737014,618.0552135737014,10.670457286175425,1729840877.919579
61.96206929589259,619.6206929589259,10.673698822669827,1729840877.9296386
62.11866419487775,621.1866419487775,10.676900665123148,1729840877.9395957
62.27530547644475,622.7530547644475,10.68006310669757,1729840877.949554
62.431992567010184,624.3199256701018,10.683186440401482,1729840877.9596033
62.588724897285545,625.8872489728554,10.686270959067919,1729840877.9695952
62.745501902274334,627.4550190227434,10.689316955333256,1729840877.9797137
62.90232302126886,629.0232302126886,10.69232472161606,1729840877.9896202
63.05918769784676,630.5918769784676,10.695294550096182,1729840877.999621
63.21609537986716,632.1609537986716,10.69822673269403,1729840878.0096471
63.373045519466615,633.7304551946661,10.701121561050073,1729840878.0196748
63.530037573054656,635.3003757305465,10.703979326504525,1729840878.0295901
63.687071001309135,636.8707100130914,10.706800320077258,1729840878.0396328
63.8441452691712,638.441452691712,10.709584832447899,1729840878.049566
64.00125984584004,640.0125984584004,10.712333153936155,1729840878.0595977
64.1584142047673,641.5841420476729,10.715045574482321,1729840878.0697238
64.31560782365125,643.1560782365125,10.717722383628017,1729840878.0797393
64.47284018443067,644.7284018443066,10.720363870497104,1729840878.0896442
64.6301107732784,646.301107732784,10.72297032377683,1729840878.0996006
64.78741908059473,647.8741908059474,10.72554203169916,1729840878.1096094
64.94476460100037,649.4476460100037,10.72807928202233,1729840878.1196291
65.1021468333293,651.021468333293,10.73058236201258,1729840878.1296458
65.25956528062127,652.5956528062127,10.73305155842612,1729840878.1397786
65.41701945011405,654.1701945011405,10.735487157491269,1729840878.1496067
65.57450885323543,655.7450885323543,10.737889444890822,1729840878.1594896
65.73203300559497,657.3203300559497,10.740258705744601,1729840878.1696305
65.8895914269755,658.8959142697549,10.742595224592218,1729840878.179764
66.04718364132432,660.4718364132432,10.744899285376038,1729840878.1896334
66.20480917674425,662.0480917674424,10.74717117142433,1729840878.1996124
66.36246756548432,663.6246756548433,10.74941116543464,1729840878.2096634
66.52015834393035,665.2015834393035,10.751619549457342,1729840878.2196229
66.67788105259513,666.7788105259513,10.753796604879396,1729840878.2296026
66.83563523610853,668.3563523610853,10.755942612408312,1729840878.239652
66.99342044320728,669.9342044320729,10.758057852056288,1729840878.2495813
67.15123622672454,671.5123622672454,10.760142603124574,1729840878.2595935
67.3090821435792,673.090821435792,10.762197144188002,1729840878.2696311
67.4669577547651,674.669577547651,10.764221753079738,1729840878.2797575
67.62486262533984,676.2486262533985,10.7662167068762,1729840878.289626
67.78279632441352,677.8279632441353,10.768182281882192,1729840878.299597
67.94075842513719,679.4075842513719,10.770118753616217,1729840878.309602
68.09874850469107,680.9874850469107,10.772026396795988,1729840878.3195884
68.25676614427267,682.5676614427267,10.77390548532412,1729840878.3296473
68.41481092908457,684.1481092908457,10.775756292274025,1729840878.3396103
68.57288244832205,685.7288244832205,10.777579089875974,1729840878.3495975
68.73098029516056,687.3098029516057,10.779374149503374,1729840878.3595881
68.88910406674296,688.8910406674296,10.781141741659205,1729840878.369618
69.04725336416648,690.4725336416648,10.782882135962655,1729840878.3797596
69.20542779246966,692.0542779246966,10.78459560113594,1729840878.3896937
69.36362696061894,693.6362696061894,10.786282404991304,1729840878.399619
69.52185048149518,695.2185048149518,10.78794281441819,1729840878.4096394
69.68009797187985,696.8009797187984,10.789577095370621,1729840878.419607
69.83836905244124,698.3836905244124,10.791185512854721,1729840878.4295976
69.99666334772029,699.9666334772029,10.792768330916449,1729840878.439654
70.15498048611637,701.5498048611637,10.79432581262949,1729840878.4496286
70.31332009987287,703.1332009987286,10.795858220083327,1729840878.4596038
70.4716818250625,704.716818250625,10.797365814371494,1729840878.4696147
70.63006530157264,706.3006530157264,10.798848855579992,1729840878.4799557
70.78847017309027,707.8847017309027,10.800307602775883,1729840878.489629
70.94689608708696,709.4689608708695,10.801742313996055,1729840878.499611
71.10534269480353,711.0534269480353,10.80315324623616,1729840878.5096724
71.26380965123467,712.6380965123467,10.804540655439709,1729840878.519624
71.42229661511331,714.222966151133,10.80590479648735,1729840878.5296452
71.58080324889491,715.808032488949,10.807245923186299,1729840878.5396461
71.73932921874153,717.3932921874153,10.80856428825994,1729840878.549593
71.89787419450582,718.9787419450581,10.809860143337595,1729840878.559642
72.0564378497148,720.564378497148,10.81113373894444,1729840878.5696218
72.21501986155351,722.1501986155351,10.8123853244916,1729840878.5797527
72.37361991084859,723.7361991084858,10.813615148266393,1729840878.5896564
72.53223768205157,725.3223768205157,10.814823457422728,1729840878.5996335
72.69087286322217,726.9087286322217,10.816010497971675,1729840878.6096542
72.84952514601137,728.4952514601138,10.81717651477217,1729840878.6196036
73.00819422564442,730.0819422564441,10.818321751521893,1729840878.6296422
73.1668798009036,731.668798009036,10.819446450748282,1729840878.6397562
73.32558157411103,733.2558157411103,10.820550853799714,1729840878.6496289
73.48429925111114,734.8429925111113,10.821635200836822,1729840878.6595929
73.64303254125322,736.4303254125322,10.822699730823961,1729840878.6695526
73.80178115737368,738.0178115737368,10.823744681520841,1729840878.679801
73.96054481577832,739.6054481577833,10.824770289474268,1729840878.689638
74.11932323622436,741.1932323622436,10.825776790010071,1729840878.699672
74.27811614190247,742.7811614190248,10.826764417225139,1729840878.7096102
74.43692325941862,744.3692325941862,10.827733403979613,1729840878.7196043
74.5957443187758,745.957443187758,10.828683981889222,1729840878.7296703
74.75457905335567,747.5457905335567,10.829616381317743,1729840878.7395947
74.91342719990011,749.1342719990012,10.830530831369613,1729840878.7496614
75.07228849849264,750.7228849849264,10.831427559882664,1729840878.7596445
75.23116269253971,752.3116269253971,10.832306793421003,1729840878.769567
75.39004952875193,753.9004952875193,10.833168757268007,1729840878.779814
75.5489487571252,755.4894875712521,10.834013675419481,1729840878.7895887
75.70786013092172,757.0786013092172,10.834841770576903,1729840878.799647
75.8667834066509,758.6678340665089,10.835653264140834,1729840878.8096166
76.02571834405018,760.2571834405018,10.836448376204435,1729840878.819594
76.18466470606577,761.8466470606577,10.837227325547115,1729840878.8296306
76.34362225883334,763.4362225883333,10.8379903296283,1729840878.8396366
76.50259077165845,765.0259077165845,10.838737604581327,1729840878.8495626
76.66157001699713,766.6157001699713,10.839469365207464,1729840878.8596213
76.82055977043622,768.2055977043622,10.840185824970032,1729840878.8696551
76.97955981067362,769.7955981067362,10.840887195988667,1729840878.8797445
77.13856991949856,771.3856991949856,10.84157368903368,1729840878.8896286
77.29758988177171,772.9758988177172,10.842245513520547,1729840878.8996966
77.45661948540521,774.5661948540521,10.8429028775045,1729840878.909634
77.61565852134265,776.1565852134265,10.843545987675236,1729840878.919618
77.77470678353897,777.7470678353898,10.844175049351739,1729840878.9296112
77.93376406894032,779.3376406894032,10.84479026647721,1729840878.9396095
78.09283017746372,780.9283017746372,10.845391841614099,1729840878.9496005
78.25190491197684,782.5190491197684,10.845979975939247,1729840878.9596097
78.41098807827751,784.1098807827751,10.846554869239146,1729840878.9696057
78.57007948507335,785.7007948507335,10.847116719905275,1729840878.9797459
78.72917894396117,787.2917894396118,10.84766572492956,1729840878.9896333
78.88828626940644,788.8828626940643,10.84820207989993,1729840878.9996574
79.04740127872257,790.4740127872258,10.848725978995978,1729840879.0096195
79.20652379205028,792.0652379205028,10.849237614984691,1729840879.0195754
79.36565363233669,793.6565363233669,10.849737179216325,1729840879.0295932
79.52479062531461,795.2479062531461,10.850224861620324,1729840879.0395937
79.68393459948159,796.8393459948159,10.850700850701381,1729840879.0495763
79.84308538607895,798.4308538607895,10.851165333535548,1729840879.0595746
80.00224281907082,800.0224281907082,10.851618495766466,1729840879.0696545
80.161406735123,801.61406735123,10.852060521601677,1729840879.080083
80.32057697358191,803.2057697358191,10.852491593809019,1729840879.089621
80.47975337645343,804.7975337645344,10.852911893713108,1729840879.099725
80.63893578838163,806.3893578838163,10.853321601191922,1729840879.1095908
80.79812405662754,807.9812405662755,10.853720894673444,1729840879.1196296
80.95731803104782,809.5731803104782,10.854109951132402,1729840879.1296062
81.11651756407339,811.1651756407339,10.8544889460871,1729840879.1396244
81.27572251068807,812.7572251068807,10.8548580535963,1729840879.1496103
81.43493272840708,814.3493272840708,10.855217446256225,1729840879.1594582
81.59414807725555,815.9414807725556,10.855567295197586,1729840879.1696236
81.75336841974702,817.5336841974702,10.855907770082748,1729840879.1798146
81.91259362086183,819.1259362086182,10.856239039102912,1729840879.1895974
82.0718235480255,820.7182354802551,10.856561268975412,1729840879.1996014
82.23105807108713,822.3105807108714,10.856874624941064,1729840879.2096243
82.3902970622976,823.902970622976,10.857179270761595,1729840879.2196386
82.54954039628797,825.4954039628797,10.857475368717134,1729840879.229674
82.7087879500476,827.087879500476,10.857763079603785,1729840879.239842
82.8680396029024,828.680396029024,10.85804256273125,1729840879.2496068
83.02729523649303,830.2729523649303,10.858313975920533,1729840879.2596304
83.18655473475297,831.8655473475297,10.858577475501704,1729840879.2696319
83.34581798388665,833.4581798388665,10.858833216311725,1729840879.2797093
83.50508487234751,835.0508487234752,10.859081351692339,1729840879.2896338
83.66435529081608,836.6435529081607,10.859322033488025,1729840879.299644
83.8236291321779,838.2362913217789,10.85955541204401,1729840879.309671
83.98290629150162,839.8290629150163,10.859781636204332,1729840879.3196635
84.14218666601687,841.4218666601687,10.86000085330998,1729840879.3296208
84.3014701550922,843.014701550922,10.860213209197077,1729840879.3396285
84.46075666021302,844.6075666021302,10.860418848195113,1729840879.3495765
84.62004608495945,846.2004608495945,10.860617913125257,1729840879.359645
84.77933833498419,847.7933833498419,10.860810545298689,1729840879.3696907
84.93863331799031,849.3863331799031,10.860996884515016,1729840879.3798149
85.0979309437091,850.979309437091,10.86117706906072,1729840879.3896723
85.25723112387786,852.5723112387786,10.861351235707655,1729840879.3996189
85.41653377221762,854.1653377221762,10.861519519711612,1729840879.4096339
85.57583880441092,855.7583880441092,10.861682054810906,1729840879.419581
85.73514613807951,857.3514613807952,10.861838973225034,1729840879.429621
85.89445569276211,858.9445569276211,10.861990405653358,1729840879.4395986
86.053767389892,860.53767389892,10.862136481273856,1729840879.449672
86.21308115277479,862.1308115277479,10.86227732774189,1729840879.4596047
86.372396906566,863.72396906566,10.862413071189035,1729840879.4695969
86.53171457824871,865.3171457824872,10.86254383622195,1729840879.4797838
86.69103409661122,866.9103409661122,10.86266974592128,1729840879.489634
86.85035539222457,868.5035539222457,10.862790921840606,1729840879.49959
87.00967839742023,870.0967839742023,10.862907484005424,1729840879.5096104
87.16900304626759,871.6900304626758,10.863019550912178,1729840879.5195692
87.32832927455156,873.2832927455156,10.863127239527314,1729840879.529639
87.48765701975012,874.8765701975012,10.863230665286377,1729840879.539607
87.64698622101182,876.4698622101182,10.863329942093145,1729840879.5496097
87.80631681913333,878.0631681913333,10.863425182318794,1729840879.5596237
87.96564875653696,879.6564875653696,10.863516496801095,1729840879.5695949
88.12498197724814,881.2498197724814,10.86360399484365,1729840879.5797174
88.28431642687289,882.843164268729,10.863687784215147,1729840879.58956
88.44365205257533,884.4365205257533,10.863767971148661,1729840879.5996852
88.60298880305515,886.0298880305515,10.863844660340972,1729840879.6096356
88.76232662852505,887.6232662852505,10.863917954951921,1729840879.619581
88.92166548068816,889.2166548068816,10.863987956603786,1729840879.6295855
89.08100531271558,890.8100531271557,10.864054765380697,1729840879.639624
89.24034607922367,892.4034607922367,10.86411847982806,1729840879.6496382
89.39968773625161,893.9968773625161,10.864179196952021,1729840879.6596193
89.55903024123872,895.5903024123871,10.864237012218954,1729840879.6695826
89.71837355300192,897.1837355300192,10.864292019554965,1729840879.679782
89.87771763171314,898.7771763171314,10.864344311345427,1729840879.6896093
90.03706243887665,900.3706243887665,10.864393978434528,1729840879.6997046
90.19640793730652,901.9640793730651,10.864441110124856,1729840879.7096403
90.35575409110398,903.5575409110397,10.864485794176995,1729840879.7196436
90.51510086563478,905.1510086563478,10.864528116809135,1729840879.7297032
90.6744482275066,906.744482275066,10.864568162696717,1729840879.7396183
90.8337961445464,908.337961445464,10.864606014972091,1729840879.7496276
90.99314458577774,909.9314458577774,10.864641755224184,1729840879.7596543
91.15249352139823,911.5249352139823,10.8646754634982,1729840879.7696376
91.3118429227568,913.118429227568,10.864707218295324,1729840879.7797658
91.4711927623311,914.711927623311,10.86473709657245,1729840879.7896426
91.63054301370482,916.3054301370482,10.864765173741922,1729840879.799647
91.78989365154506,917.8989365154506,10.8647915236713,1729840879.8096569
91.94924465157962,919.4924465157962,10.864816218683115,1729840879.819564
92.1085959905744,921.085959905744,10.86483932955467,1729840879.8296242
92.26794764631069,922.6794764631069,10.864860925517826,1729840879.839591
92.42729959756252,924.2729959756252,10.864881074258825,1729840879.8496556
92.58665182407398,925.8665182407399,10.86489984191811,1729840879.8596125
92.74600430653655,927.4600430653654,10.864917293090155,1729840879.8696022
92.9053570265664,929.0535702656641,10.86493349082332,1729840879.8797617
93.06470996668178,930.6470996668178,10.864948496619705,1729840879.8896296
93.22406311028024,932.2406311028024,10.864962370435018,1729840879.8996496
93.38341644161603,933.8341644161603,10.86497517067845,1729840879.9096463
93.54276994577738,935.4276994577738,10.864986954212567,1729840879.919643
93.70212360866383,937.0212360866383,10.8649977763532,1729840879.9296286
93.8614774169635,938.614774169635,10.865007690869346,1729840879.9396467
94.02083135813048,940.2083135813048,10.865016749983093,1729840879.9495647
94.18018542036206,941.8018542036207,10.865025004369523,1729840879.9597917
94.33953959257612,943.3953959257611,10.865032503156645,1729840879.9695773
94.49889386438834,944.9889386438833,10.865039293925324,1729840879.9797156
94.65824822608958,946.5824822608959,10.865045422709226,1729840879.9895787
94.81760266862321,948.176026686232,10.865050933994755,1729840879.9995914
94.97695718356232,949.7695718356232,10.865055870721003,1729840880.0096226
95.1363117630871,951.3631176308709,10.865060274279708,1729840880.0196118
95.29566639996212,952.9566639996211,10.86506418451521,1729840880.029586
95.45502108751366,954.5502108751366,10.86506763972442,1729840880.0396209
95.61437581960698,956.1437581960697,10.86507067665678,1729840880.0495875
95.77373059062363,957.7373059062363,10.865073330514237,1729840880.0596132
95.93308539543877,959.3308539543876,10.865075634951221,1729840880.069566
96.09244022939845,960.9244022939845,10.865077622074619,1729840880.0797317
96.25179508829693,962.5179508829693,10.865079322443759,1729840880.0896118
96.41114996835398,964.1114996835398,10.865080765070388,1729840880.0995789
96.5705048661922,965.705048661922,10.865081977418667,1729840880.1095626
96.72985977881423,967.2985977881423,10.865082985405145,1729840880.1196728
96.88921470358021,968.892147035802,10.865083813398764,1729840880.1297035
97.04856963818493,970.4856963818493,10.86508448422084,1729840880.1396282
97.20792458063522,972.0792458063522,10.865085019145061,1729840880.149663
97.36727952922723,973.6727952922723,10.865085437897477,1729840880.159475
97.52663448252372,975.2663448252372,10.865085758656496,1729840880.1696284
97.68598943933137,976.8598943933137,10.86508599805289,1729840880.1798165
97.84534439867807,978.4534439867807,10.865086171169779,1729840880.1896493
98.00469935979024,980.0469935979024,10.865086291542632,1729840880.199663
98.16405432207011,981.6405432207011,10.865086371159272,1729840880.2096002
98.32340928507307,983.2340928507307,10.865086420459871,1729840880.219556
98.4827642484849,984.827642484849,10.865086448336942,1729840880.2295902
98.6421192120991,986.421192120991,10.865086462135357,1729840880.2396076
98.80147417579423,988.0147417579423,10.865086467652324,1729840880.2495685
98.96082913951112,989.6082913951112,10.865086469137403,1729840880.259601
99.12018410323029,991.2018410323028,10.865086469292502,1729840880.2695596
99.27953906694916,992.7953906694916,10.865086469271874,1729840880.2797568
99.43889403065937,994.3889403065937,10.865086468682119,1729840880.2896209
99.59824899432412,995.9824899432413,10.865086465582184,1729840880.2996445
99.75760395785542,997.5760395785542,10.865086456483363,1729840880.309629
99.91695892109142,999.1695892109142,10.865086436349298,1729840880.3195736
100.07631388377371,1000.7631388377371,10.865086398595976,1729840880.3296404
100.2356688455246,1002.3566884552461,10.865086335091732,1729840880.3395815
100.39502380582445,1003.9502380582445,10.865086236157248,1729840880.3496244
100.55437876398895,1005.5437876398895,10.865086090565557,1729840880.3596196
100.71373371914643,1007.1373371914643,10.865085885542035,1729840880.3695633
100.87308867021517,1008.7308867021517,10.86508560676441,1729840880.3797748
101.03244361588067,1010.3244361588066,10.865085238362763,1729840880.3896036
101.19179855457298,1011.9179855457298,10.865084762919524,1729840880.3996534
101.35115348444401,1013.5115348444401,10.865084161469486,1729840880.4095993
101.51050840334479,1015.1050840334478,10.865083413499791,1729840880.4195802
101.6698633088028,1016.698633088028,10.865082496949956,1729840880.4296288
101.8292181979993,1018.292181979993,10.865081388211857,1729840880.4396183
101.98857306774653,1019.8857306774653,10.865080062129756,1729840880.4496286
102.14792791446514,1021.4792791446514,10.865078492000292,1729840880.4596019
102.30728273416143,1023.0728273416144,10.8650766495725,1729840880.4695725
102.46663752240462,1024.6663752240463,10.86507450504783,1729840880.4798281
102.6259922743042,1026.259922743042,10.865072027080139,1729840880.489658
102.7853469844872,1027.853469844872,10.865069182775732,1729840880.4996448
102.94470164707558,1029.4470164707557,10.865065937693368,1729840880.5096142
103.10405625566337,1031.0405625566336,10.865062255844277,1729840880.519575
103.26341080329412,1032.6341080329412,10.865058099692202,1729840880.5296402
103.42276528243815,1034.2276528243815,10.86505343015341,1729840880.5396237
103.58211968496984,1035.8211968496985,10.865048206596732,1729840880.5496023
103.74147400214495,1037.4147400214495,10.8650423868436,1729840880.5596392
103.90082822457795,1039.0082822457796,10.865035927168083,1729840880.5696225
104.06018234221926,1040.6018234221926,10.865028782296937,1729840880.5797906
104.21953634433264,1042.1953634433264,10.865020905409649,1729840880.589614
104.37889021947241,1043.7889021947242,10.865012248138498,1729840880.599618
104.53824395546084,1045.3824395546085,10.865002760568613,1729840880.609632
104.69759753936542,1046.9759753936542,10.864992391238037,1729840880.6196015
104.85695095747614,1048.5695095747615,10.86498108713781,1729840880.629682
105.01630419528288,1050.1630419528287,10.864968793712041,1729840880.6396127
105.17565723745265,1051.7565723745265,10.864955454857999,1729840880.6495717
105.33501006780693,1053.3501006780693,10.864941012926204,1729840880.659556
105.49436266929902,1054.9436266929902,10.864925408720545,1729840880.6695783
105.65371502399128,1056.5371502399128,10.864908581498371,1729840880.6798038
105.81306711303253,1058.1306711303253,10.864890468970632,1729840880.6896253
105.97241891663533,1059.7241891663534,10.864871007302,1729840880.699872
106.1317704140533,1061.3177041405331,10.86485013111101,1729840880.7103162
106.29112158355846,1062.9112158355847,10.86482777347022,1729840880.7196183
106.45047240241855,1064.5047240241856,10.86480386590636,1729840880.7296996
106.60982284687438,1066.0982284687439,10.864778338400525,1729840880.7397587
106.76917289211711,1067.691728921171,10.864751119388345,1729840880.7497227
106.92852251226567,1069.2852251226568,10.864722135760191,1729840880.759694
107.08787168034402,1070.8787168034403,10.864691312861394,1729840880.769669
107.24722036825852,1072.4722036825851,10.86465857449246,1729840880.7800252
107.40656854677532,1074.0656854677532,10.864623842909321,1729840880.7896492
107.56591618549763,1075.6591618549762,10.864587038823585,1729840880.799671
107.72526325284313,1077.2526325284314,10.864548081402814,1729840880.8097126
107.88460971602133,1078.8460971602133,10.864506888270807,1729840880.8196874
108.04395554101089,1080.4395554101088,10.864463375507905,1729840880.8297431
108.20330069253703,1082.0330069253703,10.864417457651317,1729840880.839791
108.36264513404886,1083.6264513404885,10.864369047695467,1729840880.8496954
108.52198882769682,1085.219888276968,10.864318057092339,1729840880.8596268
108.68133173430999,1086.8133173431,10.864264395751867,1729840880.8696322
108.84067381337354,1088.4067381337354,10.864207972042337,1729840880.8798866
109.0000150230061,1090.000150230061,10.864148692790799,1729840880.8897197
109.15935531993713,1091.5935531993714,10.864086463283522,1729840880.900278
109.31869465948442,1093.1869465948441,10.864021187266447,1729840880.9096525
109.47803299553138,1094.7803299553138,10.863952766945681,1729840880.9196234
109.63737028050457,1096.3737028050457,10.86388110298802,1729840880.9295974
109.7967064653511,1097.967064653511,10.863806094521463,1729840880.9397101
109.956041499516,1099.56041499516,10.863727639135798,1729840880.9496977
110.11537533091982,1101.1537533091982,10.863645632883179,1729840880.9596334
110.27470790593591,1102.747079059359,10.863559970278748,1729840880.9702907
110.43403916936802,1104.3403916936802,10.863470544301274,1729840880.9797554
110.5933690644277,1105.933690644277,10.863377246393835,1729840880.990325
110.75269753271185,1107.5269753271184,10.863279966464509,1729840881.0000496
110.91202451418015,1109.1202451418014,10.863178592887122,1729840881.00965
111.0713499471326,1110.713499471326,10.863073012502,1729840881.019606
111.23067376818709,1112.3067376818708,10.862963110616775,1729840881.0296392
111.38999591225682,1113.8999591225681,10.862848771007213,1729840881.039753
111.54931631252795,1115.4931631252796,10.862729875918074,1729840881.0497918
111.7086349004371,1117.086349004371,10.862606306064022,1729840881.0596778
111.86795160564895,1118.6795160564895,10.862477940630546,1729840881.0696595
112.0272663560338,1120.272663560338,10.862344657274948,1729840881.0799038
112.18657907764522,1121.8657907764523,10.862206332127336,1729840881.0896358
112.34588969469759,1123.458896946976,10.86206283979169,1729840881.0997233
112.50519812954381,1125.051981295438,10.86191405334694,1729840881.1097097
112.66450430265292,1126.645043026529,10.861759844348091,1729840881.1196537
112.82380813258771,1128.2380813258771,10.86160008282741,1729840881.1296952
112.98310953598254,1129.8310953598254,10.861434637295622,1729840881.139703
113.14240842752088,1131.4240842752088,10.861263374743178,1729840881.149704
113.30170471991316,1133.0170471991316,10.861086160641552,1729840881.161397
113.46099832387445,1134.6099832387445,10.860902858944591,1729840881.1696784
113.62028914810222,1136.202891481022,10.86071333208991,1729840881.179813
113.77957709925414,1137.7957709925413,10.86051744100033,1729840881.1897316
113.93886208192589,1139.388620819259,10.860315045085374,1729840881.199753
114.09814399862898,1140.9814399862898,10.860106002242807,1729840881.2100039
114.25742274976861,1142.574227497686,10.859890168860225,1729840881.219628
114.4166982336215,1144.166982336215,10.859667399816708,1729840881.230093
114.57597034631387,1145.7597034631387,10.859437548484504,1729840881.2400997
114.73523898179927,1147.3523898179926,10.859200466730798,1729840881.249738
114.89450403183662,1148.9450403183662,10.858956004919504,1729840881.2596207
115.05376538596815,1150.5376538596815,10.858704011913142,1729840881.2696064
115.21302293149739,1152.1302293149738,10.85844433507475,1729840881.2798696
115.37227655346724,1153.7227655346724,10.858176820269879,1729840881.2896168
115.53152613463803,1155.3152613463803,10.857901311868618,1729840881.2996821
115.69077155546559,1156.9077155546559,10.85761765274771,1729840881.3096356
115.85001269407941,1158.5001269407942,10.857325684292709,1729840881.3196027
116.0092494262608,1160.092494262608,10.857025246400218,1729840881.3296208
116.16848162542104,1161.6848162542103,10.856716177480171,1729840881.339591
116.32770916257971,1163.277091625797,10.85639831445821,1729840881.3496358
116.48693190634283,1164.8693190634283,10.856071492778096,1729840881.3595943
116.64614972288128,1166.4614972288127,10.855735546404215,1729840881.3695803
116.80536247590904,1168.0536247590903,10.855390307824145,1729840881.3798547
116.96457002666165,1169.6457002666166,10.855035608051288,1729840881.3896089
117.12377223387456,1171.2377223387457,10.854671276627585,1729840881.3995712
117.28296895376165,1172.8296895376166,10.854297141626294,1729840881.4096
117.4421600399937,1174.421600399937,10.853913029654857,1729840881.4195936
117.6013453436769,1176.013453436769,10.853518765857828,1729840881.4295933
117.76052471333153,1177.6052471333153,10.853114173919884,1729840881.4396336
117.91969799487052,1179.1969799487051,10.852699076068928,1729840881.4496348
118.07886503157812,1180.788650315781,10.852273293079243,1729840881.4596415
118.23802566408871,1182.3802566408872,10.851836644274758,1729840881.4696164
118.39717973036548,1183.9717973036547,10.851388947532385,1729840881.4798207
118.55632706567933,1185.5632706567933,10.850930019285423,1729840881.4895942
118.71546750258771,1187.1546750258772,10.850459674527084,1729840881.4996593
118.87460087091358,1188.7460087091358,10.84997772681407,1729840881.5098405
119.03372699772434,1190.3372699772435,10.849483988270261,1729840881.5196187
119.19284570731095,1191.9284570731095,10.848978269590482,1729840881.529655
119.35195682116695,1193.5195682116696,10.848460380044367,1729840881.5396626
119.51106015796766,1195.1106015796765,10.847930127480305,1729840881.5496328
119.6701555335494,1196.701555335494,10.8473873183295,1729840881.5596187
119.82924276088875,1198.2924276088875,10.8468317576101,1729840881.5696115
119.98832165008184,1199.8832165008184,10.846263248931441,1729840881.5797553
120.14739200832388,1201.4739200832387,10.845681594498384,1729840881.5896266
120.30645363988846,1203.0645363988847,10.845086595115749,1729840881.5996192
120.46550634610722,1204.6550634610721,10.844478050192853,1729840881.6096346
120.62454992534938,1206.2454992534938,10.843855757748148,1729840881.6196072
120.78358417300144,1207.8358417300144,10.843219514413963,1729840881.6296072
120.94260888144689,1209.4260888144688,10.842569115441348,1729840881.6395764
121.10162384004605,1211.0162384004605,10.841904354705033,1729840881.6496081
121.26062883511594,1212.6062883511595,10.841225024708482,1729840881.659615
121.41962364991028,1214.1962364991027,10.84053091658907,1729840881.6695912
121.57860806459948,1215.7860806459948,10.839821820123364,1729840881.6797385
121.73758185625081,1217.3758185625081,10.839097523732503,1729840881.6895888
121.89654479880856,1218.9654479880855,10.838357814487727,1729840881.6996138
122.05549666307435,1220.5549666307436,10.837602478115981,1729840881.709641
122.21443721668747,1222.1443721668747,10.836831299005658,1729840881.7196198
122.3733662241054,1223.733662241054,10.836044060212457,1729840881.7296684
122.53228344658424,1225.3228344658423,10.835240543465357,1729840881.7396493
122.69118864215946,1226.9118864215945,10.834420529172714,1729840881.7495646
122.85008156562654,1228.5008156562653,10.833583796428476,1729840881.75962
123.00896196852182,1230.0896196852182,10.832730123018534,1729840881.7695656
123.16782959910338,1231.6782959910338,10.831859285427175,1729840881.7796695
123.32668420233213,1233.2668420233213,10.830971058843692,1729840881.7896235
123.48552551985279,1234.8552551985279,10.830065217169093,1729840881.799574
123.64435328997517,1236.4435328997517,10.82914153302296,1729840881.8096206
123.80316724765551,1238.031672476555,10.828199777750433,1729840881.8196137
123.9619671244778,1239.619671244778,10.827239721429313,1729840881.8295968
124.12075264863536,1241.2075264863536,10.82626113287733,1729840881.8398223
124.2795235449125,1242.795235449125,10.82526377965951,1729840881.849623
124.43827953466615,1244.3827953466616,10.824247428095708,1729840881.8595743
124.59702033580781,1245.9702033580782,10.82321184326826,1729840881.869589
124.75574566278547,1247.5574566278547,10.822156789029783,1729840881.8800073
124.9144552265657,1249.144552265657,10.821082028011126,1729840881.8896103
125.07314873461586,1250.7314873461585,10.819987321629435,1729840881.8996565
125.23182589088636,1252.3182589088635,10.818872430096395,1729840881.9096296
125.39048639579319,1253.9048639579319,10.817737112426594,1729840881.9196064
125.54912994620044,1255.4912994620045,10.816581126446048,1729840881.9296873
125.707756235403,1257.0775623540299,10.815404228800862,1729840881.9396532
125.86636495310937,1258.6636495310936,10.814206174966053,1729840881.949637
126.02495578542465,1260.2495578542466,10.81298671925452,1729840881.959628
126.18352841483362,1261.835284148336,10.811745614826155,1729840881.9696128
126.34208252018392,1263.4208252018393,10.81048261369713,1729840881.9801016
126.5006177766695,1265.006177766695,10.809197466749321,1729840881.9896421
126.65913385581402,1266.5913385581403,10.807889923739893,1729840881.9996622
126.81763042545457,1268.1763042545456,10.806559733311051,1729840882.0095751
126.97610714972545,1269.7610714972545,10.805206642999941,1729840882.0196333
127.13456368904211,1271.345636890421,10.803830399248715,1729840882.029612
127.29299970008522,1272.9299970008522,10.802430747414759,1729840882.0396674
127.45141483578492,1274.514148357849,10.801007431781088,1729840882.0496216
127.60980874530524,1276.0980874530524,10.79956019556689,1729840882.0596201
127.76818107402863,1277.6818107402864,10.798088780938269,1729840882.0696054
127.92653146354068,1279.2653146354069,10.796592929019107,1729840882.079899
128.08485955161498,1280.8485955161498,10.795072379902148,1729840882.0896173
128.24316497219823,1282.4316497219822,10.79352687266021,1729840882.0996242
128.40144735539533,1284.0144735539534,10.791956145357592,1729840882.1096706
128.5597063274549,1285.597063274549,10.790359935061637,1729840882.11957
128.7179415107547,1287.1794151075471,10.788737977854494,1729840882.1296391
128.87615252378745,1288.7615252378746,10.787090008845022,1729840882.1398141
129.03433898114662,1290.3433898114663,10.785415762180895,1729840882.1495638
129.19250049351268,1291.9250049351267,10.783714971060881,1729840882.1594887
129.3506366676392,1293.5063666763922,10.781987367747286,1729840882.1695714
129.50874710633946,1295.0874710633946,10.78023268357859,1729840882.1797397
129.6668314084729,1296.668314084729,10.77845064898227,1729840882.1896243
129.8248891689321,1298.2488916893208,10.77664099348778,1729840882.1996481
129.98291997862972,1299.8291997862973,10.774803445739742,1729840882.2096317
130.1409234244858,1301.409234244858,10.77293773351131,1729840882.219607
130.29889908941513,1302.9889908941514,10.771043583717708,1729840882.229646
130.4568465523148,1304.568465523148,10.76912072242998,1729840882.239893
130.61476538805212,1306.1476538805211,10.767168874888904,1729840882.2495925
130.77265516745265,1307.7265516745265,10.765187765519109,1729840882.2595694
130.9305154572884,1309.305154572884,10.763177117943364,1729840882.2695966
131.08834582026626,1310.8834582026625,10.76113665499709,1729840882.2799053
131.2461458150167,1312.461458150167,10.759066098743025,1729840882.2895827
131.40391499608265,1314.0391499608265,10.756965170486108,1729840882.2995772
131.56165291390866,1315.6165291390867,10.754833590788547,1729840882.3095994
131.71935911483016,1317.1935911483015,10.752671079485077,1729840882.319599
131.87703314106298,1318.7703314106298,10.750477355698429,1729840882.3295875
132.03467453069325,1320.3467453069325,10.748252137854974,1729840882.3398576
132.19228281766738,1321.9228281766736,10.745995143700576,1729840882.3496537
132.34985753178222,1323.498575317822,10.743706090316644,1729840882.3596292
132.5073981986757,1325.073981986757,10.741384694136375,1729840882.3696067
132.6649043398175,1326.6490433981749,10.7390306709612,1729840882.379724
132.82237547249997,1328.2237547249997,10.73664373597743,1729840882.3896308
132.97981110982943,1329.7981110982942,10.734223603773101,1729840882.3996298
133.13721076071764,1331.3721076071763,10.731769988355023,1729840882.4096327
133.29457392987348,1332.9457392987347,10.729282603166025,1729840882.4195762
133.45190011779502,1334.5190011779503,10.726761161102408,1729840882.4295862
133.60918882076166,1336.0918882076166,10.724205374531595,1729840882.4396434
133.76643953082672,1337.664395308267,10.721614955309992,1729840882.4496815
133.92365173581013,1339.2365173581013,10.718989614801046,1729840882.459574
134.08082491929153,1340.8082491929154,10.716329063893513,1729840882.4695945
134.2379585606036,1342.379585606036,10.713633013019917,1729840882.4797711
134.39505213482553,1343.9505213482553,10.710901172175241,1729840882.489574
134.55210511277704,1345.5210511277705,10.708133250935793,1729840882.4996154
134.70911696101234,1347.0911696101234,10.705328958478296,1729840882.5095825
134.86608714181472,1348.660871418147,10.702488003599184,1729840882.5195956
135.02301511319115,1350.2301511319115,10.699610094734092,1729840882.5296335
135.17990032886732,1351.7990032886732,10.69669493997757,1729840882.5397065
135.3367422382829,1353.367422382829,10.693742247102984,1729840882.549631
135.49354028658718,1354.9354028658718,10.690751723582641,1729840882.5596285
135.65029391463486,1356.5029391463486,10.687723076608114,1729840882.569664
135.80700255898236,1358.0700255898237,10.684656013110768,1729840882.5796852
135.96366565188418,1359.6366565188418,10.681550239782501,1729840882.5900135
136.1202826212898,1361.202826212898,10.678405463096697,1729840882.59972
136.27685289084067,1362.7685289084068,10.675221389329367,1729840882.6096447
136.43337587986778,1364.3337587986778,10.671997724580516,1729840882.6196089
136.58985100338927,1365.8985100338928,10.668734174795706,1729840882.6295974
136.7462776721085,1367.462776721085,10.665430445787827,1729840882.6396823
136.9026552924125,1369.026552924125,10.662086243259079,1729840882.6495757
137.05898326637063,1370.5898326637064,10.658701272823157,1729840882.6596012
137.21526099173354,1372.1526099173354,10.65527524002763,1729840882.669577
137.37148786193265,1373.7148786193266,10.651807850376551,1729840882.6797972
137.5276632660798,1375.276632660798,10.648298809353248,1729840882.6896653
137.68378658896722,1376.8378658896722,10.644747822443327,1729840882.699606
137.83985721106802,1378.39857211068,10.641154595157884,1729840882.7096524
137.99587450853682,1379.9587450853683,10.63751883305691,1729840882.7196126
138.15183785321082,1381.5183785321083,10.633840241772916,1729840882.7296267
138.30774661261128,1383.0774661261128,10.630118527034728,1729840882.739621
138.4636001499452,1384.636001499452,10.626353394691524,1729840882.7496934
138.6193978241075,1386.193978241075,10.622544550737038,1729840882.7596724
138.77513898968346,1387.7513898968346,10.618691701333978,1729840882.7696226
138.93082299695158,1389.3082299695157,10.614794552838646,1729840882.7797725
139.08644919188677,1390.8644919188678,10.610852811825744,1729840882.7896261
139.24201691616398,1392.4201691616397,10.606866185113388,1729840882.7996788
139.39752550716202,1393.9752550716203,10.602834379788305,1729840882.809637
139.55297429796798,1395.5297429796797,10.598757103231245,1729840882.819609
139.70836261738188,1397.0836261738189,10.594634063142562,1729840882.829604
139.86368978992172,1398.6368978992173,10.59046496756801,1729840882.8396487
140.01895513582895,1400.1895513582895,10.586249524924709,1729840882.8497915
140.17415797107427,1401.7415797107426,10.581987444027316,1729840882.8596108
140.32929760736388,1403.2929760736388,10.57767843411438,1729840882.869556
140.48437335214612,1404.8437335214612,10.573322204874884,1729840882.8797178
140.63938450861838,1406.3938450861838,10.568918466474967,1729840882.8896372
140.79433037573452,1407.9433037573451,10.564466929584837,1729840882.8997073
140.94921024821272,1409.4921024821272,10.559967305405868,1729840882.9096057
141.1040234165436,1411.0402341654362,10.555419305697866,1729840882.9196193
141.25876916699886,1412.5876916699885,10.550822642806526,1729840882.9296515
141.41344678164023,1414.1344678164023,10.54617702969106,1729840882.9397962
141.56805553832893,1415.6805553832894,10.541482179952004,1729840882.9497135
141.72259471073545,1417.2259471073544,10.536737807859192,1729840882.9596753
141.8770635683498,1418.7706356834979,10.531943628379906,1729840882.9696245
142.03146137649216,1420.3146137649217,10.527099357207202,1729840882.979999
142.1857873963239,1421.857873963239,10.522204710788387,1729840882.9896817
142.34004088485906,1423.4004088485906,10.517259406353672,1729840882.9996283
142.49422109497635,1424.9422109497636,10.512263161944992,1729840883.0096433
142.6483272754314,1426.483272754314,10.507215696444979,1729840883.019612
142.80235867086952,1428.0235867086953,10.502116729606085,1729840883.0296102
142.9563145218389,1429.5631452183889,10.496965982079889,1729840883.0397139
143.1101940648042,1431.101940648042,10.491763175446525,1729840883.0496464
143.26399653216072,1432.6399653216072,10.48650803224428,1729840883.0595603
143.41772115224873,1434.1772115224874,10.481200275999344,1729840883.0696113
143.57136714936846,1435.7136714936846,10.475839631255678,1729840883.0797532
143.72493374379553,1437.2493374379553,10.470425823605066,1729840883.0896146
143.87842015179666,1438.7842015179667,10.464958579717273,1729840883.0996006
144.031825585646,1440.31825585646,10.459437627370354,1729840883.1096604
144.1851492536418,1441.8514925364182,10.453862695481106,1729840883.119609
144.33839036012358,1443.383903601236,10.448233514135623,1729840883.1296878
144.49154810548967,1444.9154810548966,10.442549814620019,1729840883.1397898
144.64462168621534,1446.4462168621535,10.436811329451238,1729840883.1496086
144.79761029487125,1447.9761029487124,10.431017792408014,1729840883.1595008
144.95051312014246,1449.5051312014245,10.425168938561939,1729840883.1695664
145.1033293468478,1451.033293468478,10.419264504308634,1729840883.1800716
145.2560581559598,1452.5605815595982,10.413304227399065,1729840883.1896324
145.40869872462497,1454.0869872462497,10.407287846970927,1729840883.1996791
145.56125022618465,1455.6125022618467,10.40121510358017,1729840883.2096496
145.71371183019625,1457.1371183019623,10.395085739232599,1729840883.2195892
145.866082702455,1458.6608270245501,10.388899497415586,1729840883.2296329
146.01836200501612,1460.1836200501612,10.382656123129877,1729840883.2396052
146.17054889621747,1461.7054889621747,10.376355362921478,1729840883.2495968
146.32264253070278,1463.2264253070277,10.369996964913646,1729840883.2596262
146.4746420594451,1464.7464205944511,10.36358067883894,1729840883.269572
146.626546629771,1466.2654662977102,10.357106256071374,1729840883.279765
146.7783553853851,1467.7835538538511,10.350573449658622,1729840883.2896268
146.93006746639503,1469.3006746639503,10.343982014354314,1729840883.2996125
147.08168200933696,1470.8168200933696,10.337331706650383,1729840883.309656
147.23319814720156,1472.3319814720157,10.330622284809488,1729840883.319613
147.3846150094605,1473.846150094605,10.323853508897479,1729840883.3296306
147.5359317220933,1475.359317220933,10.31702514081593,1729840883.3396645
147.68714740761476,1476.8714740761475,10.310136944334712,1729840883.3495948
147.83826118510288,1478.3826118510287,10.303188685124617,1729840883.3596284
147.98927217022714,1479.8927217022715,10.296180130790011,1729840883.369582
148.1401794752774,1481.4017947527739,10.289111050901544,1729840883.3797183
148.2909822091932,1482.909822091932,10.281981217028866,1729840883.3896637
148.44167947759357,1484.4167947759356,10.27479040277338,1729840883.3996015
148.59227038280727,1485.9227038280728,10.267538383801028,1729840883.4097044
148.74275402390361,1487.4275402390363,10.260224937875071,1729840883.4196067
148.89312949672365,1488.9312949672365,10.252849844888893,1729840883.4296668
149.04339589391193,1490.4339589391193,10.245412886898816,1729840883.4396636
149.1935523049487,1491.935523049487,10.237913848156907,1729840883.4496338
149.34359781618255,1493.4359781618255,10.230352515143789,1729840883.459576
149.49353151086368,1494.9353151086368,10.222728676601431,1729840883.469647
149.6433524691774,1496.433524691774,10.215042123565942,1729840883.4798346
149.79305976827834,1497.9305976827834,10.207292649400339,1729840883.4896123
149.94265248232514,1499.4265248232514,10.199480049827276,1729840883.4996943
150.09212968251538,1500.9212968251538,10.191604122961765,1729840883.5096135
150.24149043712126,1502.4149043712125,10.183664669343857,1729840883.5196111
150.39073381152556,1503.9073381152557,10.175661491971265,1729840883.529696
150.53985886825825,1505.3985886825826,10.167594396331966,1729840883.5395932
150.68886466703344,1506.8886466703343,10.159463190436732,1729840883.5496202
150.83775026478685,1508.3775026478684,10.151267684851616,1729840883.5596378
150.9865147157138,1509.8651471571382,10.143007692730366,1729840883.569589
151.13515707130767,1511.3515707130769,10.134683029846776,1729840883.579801
151.28367638039865,1512.8367638039865,10.126293514626962,1729840883.5896137
151.43207168919326,1514.3207168919325,10.117838968181557,1729840883.5998008
151.5803420413142,1515.803420413142,10.109319214337818,1729840883.6096148
151.7284864778405,1517.284864778405,10.100734079671644,1729840883.6195698
151.87650403734852,1518.7650403734851,10.092083393539498,1729840883.6296222
152.02439375595304,1520.2439375595304,10.083366988110214,1729840883.6396563
152.17215466734902,1521.7215466734901,10.074584698396711,1729840883.64963
152.31978580285377,1523.1978580285377,10.065736362287579,1729840883.6596522
152.46728619144966,1524.6728619144965,10.056821820578548,1729840883.6696253
152.61465485982708,1526.1465485982708,10.047840917003825,1729840883.6796796
152.76189083242812,1527.6189083242812,10.038793498267301,1729840883.6896167
152.90899313149052,1529.0899313149052,10.02967941407362,1729840883.699671
153.05596077709214,1530.5596077709215,10.020498517159085,1729840883.709639
153.2027927871959,1532.027927871959,10.011250663322443,1729840883.719533
153.34948817769512,1533.4948817769512,10.00193571145547,1729840883.7297366
153.4960459624593,1534.960459624593,9.992553523573429,1729840883.7397556
153.6424651533805,1536.424651533805,9.98310396484533,1729840883.7496536
153.7887447604199,1537.8874476041988,9.973586903624025,1729840883.759625
153.93488379165495,1539.3488379165497,9.96400221147611,1729840883.7695987
154.08088125332705,1540.8088125332706,9.954349763211646,1729840883.779736
154.22673614988943,1542.2673614988944,9.944629436913678,1729840883.7896688
154.37244748405567,1543.7244748405567,9.934841113967542,1729840883.7997293
154.5180142568485,1545.1801425684848,9.924984679089981,1729840883.809661
154.66343546764907,1546.6343546764906,9.91506002035802,1729840883.8195832
154.8087101142468,1548.0871011424679,9.905067029237642,1729840883.8296804
154.9538371928893,1549.538371928893,9.895005600612219,1729840883.8397036
155.09881569833303,1550.9881569833303,9.884875632810706,1729840883.84976
155.24364462389426,1552.4364462389426,9.874677027635611,1729840883.8597064
155.3883229615003,1553.883229615003,9.864409690390683,1729840883.8696692
155.5328497017414,1555.328497017414,9.854073529908385,1729840883.8801603
155.67722383392282,1556.7722383392284,9.843668458577065,1729840883.8896143
155.82144434611737,1558.2144434611737,9.833194392367888,1729840883.899593
155.9655102252184,1559.655102252184,9.822651250861481,1729840883.9096413
156.10942045699306,1561.0942045699308,9.812038957274293,1729840883.9196093
156.2531740261361,1562.531740261361,9.801357438484672,1729840883.9296658
156.39676991632385,1563.9676991632384,9.79060662505865,1729840883.9396467
156.54020711026877,1565.4020711026876,9.779786451275417,1729840883.949644
156.68348458977422,1566.8348458977423,9.7688968551525,1729840883.9596326
156.82660133578972,1568.2660133578972,9.757937778470614,1729840883.9696062
156.9695563284664,1569.695563284664,9.746909166798204,1729840883.980074
157.112348547213,1571.1234854721301,9.735810969515653,1729840883.9896305
157.25497697075207,1572.5497697075207,9.724643139839166,1729840883.9996452
157.39744057717664,1573.9744057717664,9.713405634844298,1729840884.0096507
157.5397383440071,1575.397383440071,9.702098415489148,1729840884.019612
157.6818692482485,1576.818692482485,9.6907214466372,1729840884.0296795
157.82383226644814,1578.2383226644813,9.679274697079801,1729840884.0396578
157.96562637475358,1579.6562637475358,9.667758139558279,1729840884.0495968
158.10725054897082,1581.0725054897082,9.656171750785672,1729840884.05965
158.24870376462286,1582.4870376462286,9.644515511468112,1729840884.0695949
158.3899849970086,1583.899849970086,9.632789406325797,1729840884.0797734
158.53109322126207,1585.3109322126206,9.62099342411358,1729840884.0896091
158.67202741241172,1586.7202741241172,9.609127557641166,1729840884.0995965
158.81278654544042,1588.1278654544042,9.597191803792915,1729840884.1097686
158.95336959534532,1589.5336959534532,9.585186163547212,1729840884.1196072
159.09377553719827,1590.9377553719828,9.57311064199544,1729840884.1296508
159.2340033462064,1592.3400334620642,9.560965248360546,1729840884.1396472
159.37405199777297,1593.7405199777297,9.54874999601514,1729840884.1496248
159.51392046755845,1595.1392046755846,9.536464902499212,1729840884.159565
159.653607731542,1596.53607731542,9.524109989537372,1729840884.169555
159.793112766083,1597.93112766083,9.511685283055666,1729840884.1797163
159.93243454798292,1599.3243454798292,9.49919081319794,1729840884.189638
160.0715720545475,1600.7157205454748,9.486626614341745,1729840884.199575
160.21052426364892,1602.1052426364893,9.473992725113789,1729840884.209658
160.3492901537885,1603.492901537885,9.46128918840491,1729840884.2196329
160.48786870415935,1604.8786870415936,9.448516051384603,1729840884.2296498
160.62625889470937,1606.2625889470937,9.43567336551504,1729840884.239577
160.76445970620435,1607.6445970620434,9.422761186564632,1729840884.249641
160.90247012029144,1609.0247012029145,9.409779574621094,1729840884.2595992
161.04028911956257,1610.4028911956257,9.396728594104015,1729840884.2695656
161.17791568761825,1611.7791568761825,9.383608313776943,1729840884.2798052
161.31534880913134,1613.1534880913134,9.370418806758952,1729840884.289578
161.4525874699112,1614.5258746991121,9.357160150535723,1729840884.2996056
161.58963065696784,1615.8963065696785,9.343832426970092,1729840884.3096466
161.7264773585763,1617.264773585763,9.330435722312096,1729840884.3195896
161.86312656434103,1618.6312656434102,9.316970127208487,1729840884.3296087
161.99957726526065,1619.9957726526065,9.303435736711744,1729840884.339606
162.13582845379264,1621.3582845379265,9.28983265028852,1729840884.3496478
162.27187912391815,1622.7187912391814,9.276160971827581,1729840884.3595705
162.40772827120702,1624.0772827120702,9.2624208096472,1729840884.3696072
162.54337489288278,1625.4337489288278,9.248612276502008,1729840884.37977
162.67881798788795,1626.7881798788794,9.234735489589301,1729840884.389583
162.8140565569491,1628.1405655694912,9.220790570554783,1729840884.399571
162.94908960264235,1629.4908960264233,9.206777645497777,1729840884.4096136
163.08391612945854,1630.8391612945854,9.192696844975863,1729840884.4195526
163.21853514386896,1632.1853514386896,9.178548304008961,1729840884.429601
163.3529456543906,1633.529456543906,9.164332162082838,1729840884.4396238
163.48714667165177,1634.8714667165177,9.15004856315206,1729840884.4495916
163.62113720845778,1636.2113720845778,9.135697655642375,1729840884.4595904
163.75491627985642,1637.549162798564,9.121279592452494,1729840884.469635
163.88848290320357,1638.8848290320357,9.10679453095533,1729840884.4797723
164.02183609822896,1640.2183609822896,9.092242632998639,1729840884.4896038
164.1549748871017,1641.549748871017,9.077624064905061,1729840884.499673
164.28789829449593,1642.8789829449593,9.062938997471608,1729840884.5096192
164.4206053476564,1644.206053476564,9.04818760596854,1729840884.5195863
164.55309507646407,1645.5309507646407,9.033370070137659,1729840884.5296466
164.68536651350175,1646.8536651350175,9.018486574190003,1729840884.5396183
164.81741869411943,1648.1741869411942,9.003537306802945,1729840884.5496726
164.94925065649988,1649.4925065649988,8.988522461116707,1729840884.5596445
165.080861441724,1650.80861441724,8.973442234730248,1729840884.5696144
165.21225009383613,1652.1225009383613,8.958296829696582,1729840884.579742
165.34341565990928,1653.4341565990928,8.943086452517468,1729840884.589613
165.47435719011034,1654.7435719011035,8.927811314137504,1729840884.5996842
165.60507373776514,1656.0507373776513,8.912471629937624,1729840884.6096182
165.7355643594234,1657.355643594234,8.897067619727958,1729840884.619552
165.86582811492357,1658.6582811492358,8.881599507740129,1729840884.6296036
165.99586406745757,1659.9586406745757,8.866067522618891,1729840884.6396177
166.12567128363537,1661.2567128363537,8.850471897413204,1729840884.649612
166.25524883354944,1662.5524883354944,8.834812869566658,1729840884.659632
166.38459579083911,1663.845957908391,8.819090680907308,1729840884.6695933
166.51371123275464,1665.1371123275464,8.803305577636893,1729840884.6797957
166.64259424022126,1666.4259424022125,8.787457810319433,1729840884.6896307
166.77124389790293,1667.7124389790292,8.771547633869229,1729840884.69966
166.899659294266,1668.99659294266,8.75557530753824,1729840884.7097478
167.02783952164262,1670.2783952164261,8.739541094902854,1729840884.7195933
167.15578367629394,1671.5578367629394,8.723445263850033,1729840884.7296612
167.28349085847313,1672.8349085847312,8.707288086562867,1729840884.7396178
167.41096017248822,1674.1096017248822,8.691069839505506,1729840884.7496812
167.53819072676455,1675.3819072676456,8.674790803407474,1729840884.7596364
167.66518163390722,1676.6518163390722,8.658451263247398,1729840884.7695525
167.79193201076308,1677.9193201076307,8.6420515082361,1729840884.7797174
167.91844097848252,1679.1844097848252,8.625591831799099,1729840884.7896202
168.04470766258112,1680.4470766258112,8.609072531558507,1729840884.7996073
168.17073119300085,1681.7073119300085,8.59249390931431,1729840884.8098938
168.29651070417108,1682.9651070417108,8.575856271025065,1729840884.819596
168.4220453350693,1684.2204533506929,8.559159926787972,1729840884.8296244
168.5473342292815,1685.4733422928148,8.542405190818371,1729840884.8396332
168.6723765350622,1686.723765350622,8.525592381428627,1729840884.849572
168.79717140539435,1687.9717140539435,8.508721821006423,1729840884.859599
168.9217179980487,1689.2171799804871,8.491793835992473,1729840884.869626
169.04601547564292,1690.4601547564291,8.474808756857618,1729840884.8796911
169.1700630057003,1691.700630057003,8.457766918079365,1729840884.889582
169.29385976070833,1692.9385976070832,8.440668658117831,1729840884.8997085
169.41740491817654,1694.1740491817654,8.423514319391096,1729840884.9096117
169.54069766069435,1695.4069766069435,8.406304248249988,1729840884.9195817
169.66373717598827,1696.6373717598826,8.389038794952297,1729840884.9296074
169.7865226569789,1697.8652265697888,8.37171831363641,1729840884.9396167
169.9090533018373,1699.090533018373,8.354343162294377,1729840884.949592
170.03132831404133,1700.3132831404132,8.336913702744425,1729840884.9596329
170.1533469024312,1701.533469024312,8.319430300602892,1729840884.9696221
170.27510828126472,1702.7510828126472,8.301893325255627,1729840884.9797666
170.3966116702723,1703.966116702723,8.284303149828824,1729840884.9896066
170.51785629471132,1705.1785629471133,8.266660151159314,1729840884.9997165
170.63884138542002,1706.3884138542003,8.248964709764305,1729840885.0096
170.75956617887115,1707.5956617887116,8.231217209810598,1729840885.0196388
170.880029917225,1708.8002991722499,8.213418039083258,1729840885.0296023
171.0002318483819,1710.002318483819,8.195567588953757,1729840885.0396266
171.12017122603453,1711.2017122603452,8.177666254347603,1729840885.049636
171.23984730971944,1712.3984730971943,8.15971443371143,1729840885.0596194
171.35925936486822,1713.5925936486822,8.141712528979593,1729840885.0696528
171.4784066628582,1714.784066628582,8.123660945540244,1729840885.079759
171.59728848106246,1715.9728848106247,8.105560092200918,1729840885.08961
171.71590410289974,1717.1590410289973,8.087410381153605,1729840885.0997612
171.83425281788325,1718.3425281788325,8.069212227939332,1729840885.1095855
171.9523339216695,1719.523339216695,8.050966051412283,1729840885.119617
172.07014671610622,1720.7014671610623,8.032672273703408,1729840885.1296084
172.18769050927995,1721.8769050927995,8.014331320183574,1729840885.1396062
172.304964615563,1723.04964615563,7.9959436194262565,1729840885.1496494
172.4219683556598,1724.219683556598,7.977509603169748,1729840885.1594427
172.53870105665288,1725.3870105665287,7.959029706278945,1729840885.1695523
172.65516205204807,1726.5516205204808,7.940504366706644,1729840885.1797614
172.7713506818192,1727.713506818192,7.921934025454442,1729840885.189621
172.88726629245232,1728.8726629245232,7.903319126533173,1729840885.1996179
173.00290823698919,1730.029082369892,7.884660116922924,1729840885.2096062
173.11827587507025,1731.1827587507025,7.86595744653264,1729840885.2195807
173.23336857297699,1732.33368572977,7.847211568159301,1729840885.2296023
173.34818570367364,1733.4818570367363,7.828422937446714,1729840885.23964
173.4627266468484,1734.627266468484,7.809592012843888,1729840885.249584
173.57699078895396,1735.7699078895396,7.790719255563026,1729840885.2595985
173.69097752324734,1736.9097752324733,7.771805129537137,1729840885.269657
173.80468624982922,1738.0468624982923,7.752850101377263,1729840885.2797554
173.91811637568253,1739.1811637568253,7.7338546403293496,1729840885.289614
174.03126731471056,1740.3126731471057,7.714819218230761,1729840885.299656
174.1441384877742,1741.441384877742,7.695744309466415,1729840885.3096232
174.25672932272877,1742.5672932272878,7.676630390924613,1729840885.3195753
174.36903925446,1743.6903925446,7.6574779419525,1729840885.3296688
174.48106772491948,1744.810677249195,7.63828744431123,1729840885.339623
174.5928141831594,1745.9281418315938,7.619059382130776,1729840885.349618
174.70427808536655,1747.0427808536656,7.599794241864463,1729840885.3595982
174.81545889489587,1748.1545889489587,7.58049251224318,1729840885.3695982
174.92635608230304,1749.2635608230305,7.561154684229304,1729840885.379773
175.03696912537666,1750.3696912537666,7.541781250970332,1729840885.3896503
175.14729750916945,1751.4729750916945,7.522372707752243,1729840885.399697
175.25734072602907,1752.5734072602907,7.502929551952604,1729840885.4096096
175.36709827562805,1753.6709827562804,7.483452282993387,1729840885.419646
175.47656966499306,1754.7656966499308,7.463941402293562,1729840885.429691
175.58575440853355,1755.8575440853356,7.444397413221441,1729840885.4396336
175.69465202806958,1756.946520280696,7.4248208210467865,1729840885.449618
175.80326205285908,1758.0326205285908,7.405212132892694,1729840885.4595637
175.91158401962423,1759.1158401962423,7.385571857687269,1729840885.4696367
176.01961747257727,1760.1961747257726,7.3659005061151,1729840885.4798036
176.12736196344557,1761.2736196344556,7.346198590568523,1729840885.4896436
176.2348170514959,1762.3481705149588,7.326466625098704,1729840885.4996204
176.3419823035581,1763.419823035581,7.3067051253665545,1729840885.5096276
176.44885729404797,1764.4885729404796,7.2869146085934595,1729840885.5195906
176.55544160498934,1765.5544160498935,7.267095593511856,1729840885.5296092
176.6617348260356,1766.617348260356,7.247248600315676,1729840885.5396326
176.76773655449037,1767.6773655449038,7.22737415061062,1729840885.5496955
176.87344639532748,1768.7344639532748,7.207472767364319,1729840885.5596216
176.9788639612102,1769.788639612102,7.1875449748563645,1729840885.5696683
177.0839888725098,1770.8398887250978,7.167591298628233,1729840885.5797522
177.1888207573232,1771.8882075732322,7.147612265433111,1729840885.5895946
177.29335925149022,1772.933592514902,7.127608403185601,1729840885.5996542
177.39760399860958,1773.9760399860959,7.1075802409113775,1729840885.6096334
177.50155465005474,1775.0155465005473,7.087528308696748,1729840885.6196103
177.60521086498855,1776.0521086498854,7.067453137638143,1729840885.6295953
177.70857231037735,1777.0857231037735,7.047355259791569,1729840885.6396341
177.8116386610043,1778.116386610043,7.027235208121997,1729840885.6496177
177.91440959948207,1779.1440959948206,7.007093516452725,1729840885.6596053
178.0168848162645,1780.1688481626452,6.986930719414696,1729840885.6696544
178.1190640096579,1781.190640096579,6.966747352395816,1729840885.679799
178.22094688583124,1782.2094688583124,6.946543951490254,1729840885.6896198
178.32253315882585,1783.2253315882585,6.92632105344774,1729840885.6996036
178.4238225505643,1784.238225505643,6.906079195622876,1729840885.7096007
178.52481479085847,1785.2481479085848,6.885818915924459,1729840885.7195663
178.62550961741704,1786.2550961741704,6.865540752764839,1729840885.7296014
178.72590677585202,1787.2590677585204,6.845245245009303,1729840885.7396185
178.82600601968468,1788.2600601968468,6.824932931925515,1729840885.7495863
178.92580711035077,1789.2580711035077,6.804604353133023,1729840885.7596061
179.02530981720489,1790.2530981720488,6.784260048552785,1729840885.7695932
179.12451391752413,1791.2451391752413,6.763900558356824,1729840885.7798388
179.22341919651114,1792.2341919651114,6.743526422917928,1729840885.789624
179.32202544729623,1793.2202544729623,6.723138182759448,1729840885.7996874
179.42033247093886,1794.2033247093887,6.702736378505212,1729840885.8095777
179.51834007642842,1795.1834007642842,6.682321550829522,1729840885.819589
179.6160480806842,1796.160480806842,6.661894240407301,1729840885.829595
179.71345630855473,1797.1345630855471,6.641454987864325,1729840885.8396165
179.8105645928162,1798.1056459281622,6.621004333727633,1729840885.849621
179.90737277417048,1799.0737277417047,6.600542818376054,1729840885.8596466
180.00388070124205,1800.0388070124204,6.580070981990888,1729840885.8696146
180.10008823057447,1801.0008823057447,6.559589364506758,1729840885.880099
180.195995226626,1801.95995226626,6.539098505562635,1729840885.889671
180.2916015617646,1802.9160156176458,6.518598944453021,1729840885.8996053
180.38690711626214,1803.8690711626214,6.4980912200793295,1729840885.9096658
180.4819117782879,1804.819117782879,6.477575870901463,1729840885.9195995
180.5766154439014,1805.766154439014,6.457053434889595,1729840885.9296603
180.67101801704453,1806.7101801704453,6.436524449476151,1729840885.9395802
180.76511940953296,1807.6511940953296,6.415989451508023,1729840885.9496439
180.85891954104684,1808.5891954104684,6.395448977198981,1729840885.9595952
180.95241833912084,1809.5241833912085,6.374903562082363,1729840885.9696476
181.04561573913344,1810.4561573913343,6.354353740963966,1729840885.9797578
181.13851168429562,1811.3851168429562,6.3338000478752186,1729840885.9895685
181.23110612563877,1812.3110612563878,6.3132430160265764,1729840885.999587
181.32339902200204,1813.2339902200204,6.2926831777612255,1729840886.0095758
181.41539034001886,1814.1539034001885,6.272121064509006,1729840886.0195754
181.50708005410297,1815.0708005410297,6.251557206740664,1729840886.0296617
181.59846814643356,1815.9846814643356,6.230992133922346,1729840886.0397031
181.68955460694,1816.8955460693999,6.2104263744704395,1729840886.0496106
181.78033943328572,1817.8033943328571,6.189860455706651,1729840886.059575
181.87082263085148,1818.708226308515,6.169294903813435,1729840886.0696146
181.96100421271808,1819.6100421271808,6.148730243789735,1729840886.0799153
182.0508841996483,1820.508841996483,6.128166999407014,1729840886.0896323
182.14046262006823,1821.4046262006823,6.107605693165653,1729840886.09954
182.22973951004815,1822.2973951004815,6.087046846251653,1729840886.1096988
182.31871491328243,1823.1871491328243,6.066490978493673,1729840886.1196308
182.4073888810691,1824.073888810691,6.045938608320447,1729840886.1296673
182.49576147228865,1824.9576147228865,6.025390252718535,1729840886.1396046
182.58383275338232,1825.8383275338233,6.0048464271904125,1729840886.1496248
182.6716027983297,1826.716027983297,5.984307645712957,1729840886.1594543
182.75907168862574,1827.5907168862573,5.963774420696279,1729840886.1695647
182.84623951325713,1828.4623951325714,5.94324726294294,1729840886.1797626
182.93310636867827,1829.3310636867827,5.922726681607563,1729840886.189602
183.01967235878635,1830.1967235878635,5.902213184156791,1729840886.1996315
183.1059375948961,1831.059375948961,5.881707276329678,1729840886.2096136
183.19190219571385,1831.9190219571385,5.861209462098467,1729840886.2195675
183.2775662873111,1832.7756628731108,5.84072024362974,1729840886.2296898
183.36293000309738,1833.6293000309738,5.820240121246016,1729840886.2398925
183.44799348379271,1834.4799348379272,5.7997695933877305,1729840886.249617
183.53275687739946,1835.3275687739947,5.779309156575654,1729840886.259579
183.6172203391736,1836.172203391736,5.758859305373703,1729840886.2696013
183.70138403159544,1837.0138403159544,5.738420532352204,1729840886.2797353
183.78524812433997,1837.8524812433998,5.717993328051577,1729840886.2896214
183.86881279424645,1838.6881279424645,5.697578180946428,1729840886.2996283
183.95207822528766,1839.5207822528766,5.677175577410127,1729840886.309584
184.0350446085385,1840.350446085385,5.656786001679779,1729840886.319551
184.11771214214423,1841.1771214214423,5.636409935821686,1729840886.329592
184.20008103128805,1842.0008103128805,5.616047859697204,1729840886.339647
184.28215148815835,1842.8215148815834,5.59570025092911,1729840886.3496406
184.36392373191535,1843.6392373191534,5.5753675848683715,1729840886.3596642
184.44539798865725,1844.4539798865726,5.555050334561412,1729840886.369632
184.52657449138607,1845.2657449138608,5.534748970717832,1729840886.3797715
184.60745347997283,1846.0745347997283,5.514463961678568,1729840886.3896396
184.68803520112232,1846.8803520112233,5.494195773384556,1729840886.3996246
184.76831990833756,1847.6831990833757,5.473944869345859,1729840886.4096746
184.84830786188357,1848.4830786188356,5.4537117106112225,1729840886.419644
184.92799932875096,1849.2799932875096,5.4334967557381875,1729840886.4296558
185.00739458261884,1850.0739458261885,5.413300460763593,1729840886.4396539
185.0864939038175,1850.8649390381752,5.393123279174632,1729840886.449641
185.1652975792906,1851.652975792906,5.3729656618803485,1729840886.45966
185.24380590255691,1852.4380590255691,5.352828057183623,1729840886.469632
185.32201917367166,1853.2201917367165,5.332710910753657,1729840886.4797268
185.3999376991876,1853.999376991876,5.312614665598952,1729840886.489586
185.47756179211552,1854.7756179211551,5.292539762040739,1729840886.4996197
185.55489177188448,1855.548917718845,5.27248663768695,1729840886.5096626
185.63192796430164,1856.3192796430164,5.252455727406643,1729840886.5196216
185.7086707015117,1857.0867070151169,5.232447463304944,1729840886.5296164
185.78512032195601,1857.8512032195601,5.2124622746984715,1729840886.5396063
185.86127717033136,1858.6127717033137,5.192500588091264,1729840886.5496309
185.93714159754833,1859.3714159754834,5.172562827151198,1729840886.5595894
186.01271396068938,1860.1271396068937,5.152649412686908,1729840886.5696516
186.0879946229666,1860.8799462296658,5.132760762625201,1729840886.5797617
186.162983953679,1861.62983953679,5.112897291988975,1729840886.5896702
186.23768232816983,1862.3768232816983,5.0930594128756415,1729840886.5996294
186.31209012778314,1863.1209012778313,5.073247534436021,1729840886.609638
186.3862077398204,1863.862077398204,5.053462062853774,1729840886.6196074
186.4600355574966,1864.6003555749662,5.0337034013252975,1729840886.6296432
186.53357397989626,1865.3357397989625,5.013971950040166,1729840886.6396565
186.6068234119289,1866.068234119289,4.994268106162006,1729840886.6496513
186.67978426428454,1866.7978426428454,4.974592263809935,1729840886.659615
186.75245695338862,1867.5245695338863,4.954944814040458,1729840886.6696198
186.824841901357,1868.24841901357,4.935326144829898,1729840886.6797822
186.8969395359504,1868.969395359504,4.915736641057268,1729840886.6896472
186.96875029052876,1869.6875029052876,4.89617668448769,1729840886.6996546
187.04027460400542,1870.4027460400541,4.876646653756314,1729840886.7096043
187.11151292080083,1871.1151292080083,4.857146924352669,1729840886.7195742
187.1824656907963,1871.8246569079631,4.837677868605593,1729840886.7296815
187.25313336928744,1872.5313336928743,4.818239855668597,1729840886.7397115
187.3235164169373,1873.235164169373,4.798833251505725,1729840886.7496727
187.39361529972948,1873.9361529972948,4.779458418877937,1729840886.7596598
187.46343048892084,1874.6343048892084,4.760115717329958,1729840886.7696779
187.5329624609943,1875.329624609943,4.740805503177619,1729840886.7799292
187.60221169761118,1876.0221169761119,4.721528129495663,1729840886.789658
187.67117868556355,1876.7117868556354,4.702283946106087,1729840886.7995906
187.7398639167263,1877.3986391672631,4.683073299566911,1729840886.809619
187.80826788800923,1878.0826788800923,4.663896533161463,1729840886.8196337
187.8763911013087,1878.7639110130872,4.64475398688812,1729840886.829653
187.94423406345953,1879.4423406345954,4.625645997450545,1729840886.839586
188.01179728618627,1880.1179728618627,4.606572898248378,1729840886.8497198
188.07908128605484,1880.7908128605484,4.587535019368432,1729840886.8596365
188.14608658442373,1881.4608658442373,4.568532687576305,1729840886.8695993
188.21281370739513,1882.1281370739512,4.549566226308516,1729840886.8797393
188.27926318576607,1882.7926318576606,4.530635955665074,1729840886.8896084
188.3454355549794,1883.454355549794,4.511742192402512,1729840886.8996325
188.4113313550745,1884.113313550745,4.492885249927371,1729840886.9096618
188.47695113063827,1884.7695113063828,4.474065438290185,1729840886.9196134
188.54229543075567,1885.4229543075567,4.455283064179874,1729840886.9296718
188.60736480896043,1886.0736480896044,4.436538430918584,1729840886.939656
188.67215982318552,1886.7215982318553,4.41783183845702,1729840886.9495924
188.73668103571373,1887.3668103571372,4.399163583370187,1729840886.9596488
188.80092901312804,1888.0092901312805,4.38053395885359,1729840886.9696245
188.86490432626204,1888.6490432626204,4.361943254719853,1729840886.979743
188.92860755015022,1889.2860755015022,4.343391757395802,1729840886.9896214
188.99203926397837,1889.9203926397836,4.324879749919964,1729840886.9996507
189.05520005103375,1890.5520005103376,4.306407511940481,1729840887.0096364
189.1180904986554,1891.180904986554,4.2879753197134916,1729840887.0195966
189.18071119818433,1891.8071119818433,4.26958344610189,1729840887.0296395
189.24306274491383,1892.4306274491382,4.251232160574527,1729840887.0396037
189.30514573803958,1893.0514573803957,4.2329217292058186,1729840887.0496206
189.3669607806099,1893.669607806099,4.214652414675772,1729840887.0596151
189.42850847947602,1894.2850847947602,4.196424476270428,1729840887.0695412
189.48978944524225,1894.8978944524224,4.178238169882659,1729840887.0797617
189.55080429221624,1895.5080429221625,4.160093748013446,1729840887.089606
189.6115536383593,1896.115536383593,4.141991459773489,1729840887.0996199
189.67203810523668,1896.7203810523667,4.1239315508852235,1729840887.1096153
189.73225831796788,1897.3225831796788,4.105914263685252,1729840887.1195717
189.79221490517708,1897.9221490517707,4.087939837127123,1729840887.1296477
189.85190849894354,1898.5190849894354,4.070008506784517,1729840887.1395776
189.9113397347521,1899.113397347521,4.052120504854798,1729840887.149722
189.97050925144367,1899.7050925144367,4.034276060162951,1729840887.1595201
190.02941769116595,1900.2941769116594,4.016475398165855,1729840887.169597
190.08806569932395,1900.8806569932394,3.998718740956954,1729840887.1797607
190.14645392453082,1901.464539245308,3.9810063072712722,1729840887.189603
190.20458301855862,1902.0458301855863,3.963338312490806,1729840887.1996002
190.26245363628934,1902.6245363628934,3.9457149686502344,1729840887.2095828
190.32006643566572,1903.2006643566572,3.9281364844429794,1729840887.2195306
190.3774220776425,1903.774220776425,3.910603065227656,1729840887.2296414
190.43452122613752,1904.3452122613753,3.8931149130348013,1729840887.2396493
190.491364547983,1904.9136454798302,3.8756722265739745,1729840887.2495985
190.54795271287705,1905.4795271287705,3.8582752012411765,1729840887.259629
190.60428639333503,1906.0428639333504,3.840924029126592,1729840887.269573
190.66036626464134,1906.6036626464133,3.8236188990226543,1729840887.2798326
190.71619300480103,1907.1619300480102,3.8063599964324286,1729840887.2895865
190.77176729449175,1907.7176729449175,3.7891475035783193,1729840887.2995903
190.82708981701583,1908.2708981701583,3.771981599411065,1729840887.3096495
190.88216125825232,1908.8216125825234,3.754862459619031,1729840887.3196313
190.93698230660937,1909.3698230660937,3.737790256637833,1729840887.3296514
190.99155365297656,1909.9155365297656,3.720765159660224,1729840887.339669
191.04587599067762,1910.458759906776,3.7037873346463,1729840887.3496497
191.09995001542308,1910.9995001542306,3.686856944333959,1729840887.3596709
191.1537764252632,1911.537764252632,3.669974148249655,1729840887.369635
191.20735592054106,1912.0735592054107,3.6531391027194386,1729840887.3798392
191.26068920384571,1912.606892038457,3.6363519608802504,1729840887.3896573
191.3137769799656,1913.137769799656,3.6196128726914987,1729840887.3995757
191.36661995584222,1913.6661995584222,3.6029219849468994,1729840887.409597
191.41921884052374,1914.1921884052374,3.5862794412865373,1729840887.4195867
191.471574345119,1914.71574345119,3.5696853822092356,1729840887.4296079
191.5236871827516,1915.2368718275159,3.553139945085137,1729840887.4396656
191.57555806851417,1915.7555806851417,3.536643264168549,1729840887.4495535
191.62718771942298,1916.2718771942298,3.520195470611017,1729840887.459615
191.6785768543725,1916.785768543725,3.5037966924746264,1729840887.4695985
191.72972619409032,1917.2972619409031,3.487447054745557,1729840887.4798765
191.7806364610923,1917.806364610923,3.4711466793478447,1729840887.4895756
191.83130837963782,1918.3130837963781,3.454895685157366,1729840887.4996848
191.8817426756852,1918.817426756852,3.4386941880160666,1729840887.509642
191.93194007684755,1919.3194007684756,3.422542300746362,1729840887.5195842
191.98190131234867,1919.8190131234867,3.4064401331657637,1729840887.529682
192.0316271129791,1920.316271129791,3.39038779210172,1729840887.5396113
192.08111821105257,1920.8111821105258,3.3743853814066513,1729840887.5496264
192.1303753403626,1921.3037534036262,3.3584330019731627,1729840887.5597756
192.1793992361393,1921.7939923613928,3.3425307517494574,1729840887.5695634
192.2281906350063,1922.281906350063,3.3266787257549524,1729840887.579737
192.27675027493828,1922.7675027493829,3.310877016096053,1729840887.589618
192.3250788952182,1923.2507889521821,3.2951257119821102,1729840887.599654
192.37317723639526,1923.7317723639526,3.279424899741553,1729840887.609633
192.42104604024271,1924.210460402427,3.2637746628381974,1729840887.619559
192.46868604971624,1924.6868604971623,3.2481750818877133,1729840887.6296248
192.51609800891234,1925.1609800891233,3.232626234674229,1729840887.6396487
192.56328266302705,1925.6328266302705,3.2171281961671294,1729840887.6496158
192.61024075831497,1926.1024075831497,3.201681038537985,1729840887.6596355
192.6569730420484,1926.5697304204841,3.1862848311776153,1729840887.6696568
192.70348026247686,1927.0348026247686,3.170939640713324,1729840887.6797676
192.74976316878676,1927.4976316878676,3.1556455310262574,1729840887.689584
192.79582251106146,1927.9582251106146,3.140402563268899,1729840887.699585
192.84165904024144,1928.4165904024144,3.1252107958826736,1729840887.7096405
192.8872735080848,1928.872735080848,3.110070284615724,1729840887.7197595
192.9326666671281,1929.3266666712811,3.0949810825407713,1729840887.729601
192.97783927064728,1929.778392706473,3.0799432400730895,1729840887.7396472
193.022792072619,1930.2279207261902,3.064956804988636,1729840887.7496095
193.06752582768223,1930.6752582768222,3.0500218224422415,1729840887.759632
193.11204129109996,1931.1204129109997,3.035138334985948,1729840887.7695982
193.15633921872146,1931.5633921872145,3.020306382587421,1729840887.779713
193.2004203669445,1932.0042036694451,3.0055260026484554,1729840887.789605
193.2442854926781,1932.442854926781,2.9907972300236123,1729840887.7996204
193.28793535330533,1932.8793535330533,2.9761200970389208,1729840887.8096294
193.33137070664665,1933.3137070664666,2.961494633510651,1729840887.8195906
193.37459231092322,1933.745923109232,2.946920866764186,1729840887.8295856
193.41760092472074,1934.1760092472075,2.9323988216530106,1729840887.8397439
193.4603973069535,1934.603973069535,2.917928520577693,1729840887.8495767
193.50298221682857,1935.0298221682856,2.9035099835050078,1729840887.8596315
193.54535641381048,1935.4535641381049,2.8891432279871,1729840887.8696434
193.58752065758608,1935.8752065758608,2.874828269180721,1729840887.879898
193.62947570802962,1936.2947570802962,2.8605651198665054,1729840887.8896523
193.6712223251683,1936.7122232516829,2.846353790468349,1729840887.8995912
193.71276126914782,1937.1276126914781,2.8321942890727687,1729840887.909622
193.7540933001986,1937.540933001986,2.81808662144841,1729840887.9195855
193.7952191786019,1937.952191786019,2.8040307910655002,1729840887.9295917
193.83613966465649,1938.3613966465648,2.7900267991154166,1729840887.9395814
193.8768555186454,1938.7685551864543,2.7760746445302704,1729840887.9495623
193.91736750080327,1939.1736750080327,2.762174324002517,1729840887.9596086
193.95767637128353,1939.5767637128351,2.7483258320046264,1729840887.9697113
193.99778289012636,1939.9778289012636,2.7345291608087585,1729840887.979644
194.03768781722658,1940.3768781722658,2.7207843005064714,1729840887.9896421
194.07739191230203,1940.7739191230203,2.7070912390284754,1729840887.9996445
194.1168959348621,1941.168959348621,2.6934499621643617,1729840888.0096316
194.15620064417666,1941.5620064417667,2.6798604535824033,1729840888.0195591
194.1953067992452,1941.953067992452,2.6663226948493275,1729840888.0296667
194.23421515876635,1942.3421515876635,2.6528366654501436,1729840888.0397308
194.27292648110762,1942.729264811076,2.6394023428079176,1729840888.049605
194.31144152427538,1943.1144152427537,2.6260197023035996,1729840888.059603
194.34976104588534,1943.4976104588534,2.6126887172958746,1729840888.0695426
194.38788580313306,1943.8788580313305,2.5994093591409246,1729840888.0797584
194.4258165527649,1944.258165527649,2.5861815972122937,1729840888.0896218
194.46355405104924,1944.6355405104923,2.573005398920678,1729840888.0996022
194.50109905374802,1945.0109905374802,2.5598807297337345,1729840888.1096327
194.53845231608847,1945.3845231608848,2.5468075531958583,1729840888.119526
194.57561459273523,1945.7561459273525,2.5337858309479824,1729840888.1295846
194.61258663776272,1946.125866377627,2.5208155227473146,1729840888.1395807
194.64936920462776,1946.4936920462776,2.5078965864871137,1729840888.1495774
194.68596304614258,1946.8596304614257,2.495028978216377,1729840888.1594944
194.722368914448,1947.22368914448,2.4822126521595713,1729840888.169601
194.75858756098705,1947.5858756098705,2.469447560736281,1729840888.1797512
194.7946197364787,1947.946197364787,2.456733654580848,1729840888.189624
194.83046619089197,1948.3046619089196,2.4440708825620074,1729840888.199634
194.86612767342038,1948.6612767342037,2.431459191802446,1729840888.2095966
194.90160493245656,1949.0160493245658,2.41889852769836,1729840888.2195497
194.9368987155673,1949.368987155673,2.406388833938953,1729840888.2296467
194.97200976946868,1949.720097694687,2.3939300525258904,1729840888.239621
195.0069388400017,1950.069388400017,2.381522123792756,1729840888.2496016
195.0416866721081,1950.416866721081,2.369164986424389,1729840888.2596083
195.07625400980638,1950.7625400980637,2.3568585774762365,1729840888.2695777
195.11064159616825,1951.1064159616826,2.34460283239366,1729840888.2797976
195.14485017329528,1951.4485017329528,2.332397685031113,1729840888.2896101
195.1788804822959,1951.788804822959,2.320243067671381,1729840888.2995348
195.21273326326252,1952.1273326326252,2.3081389110446473,1729840888.3096251
195.24640925524912,1952.4640925524911,2.2960851443476287,1729840888.319579
195.27990919624904,1952.7990919624904,2.284081695262529,1729840888.3296082
195.31323382317296,1953.1323382317296,2.272128489976012,1729840888.3396227
195.34638387182738,1953.4638387182738,2.260225453198103,1729840888.349598
195.37936007689314,1953.7936007689314,2.2483725081809958,1729840888.3596299
195.41216317190427,1954.1216317190426,2.236569576737807,1729840888.3696187
195.44479388922733,1954.4479388922732,2.224816579261301,1729840888.3797877
195.47725296004066,1954.7725296004066,2.213113434742464,1729840888.389616
195.50954111431423,1955.0954111431424,2.2014600607891115,1729840888.3996463
195.54165908078957,1955.4165908078958,2.1898563736443215,1729840888.4099255
195.57360758695998,1955.7360758695997,2.178302288204865,1729840888.4195755
195.60538735905115,1956.0538735905116,2.166797718039554,1729840888.429602
195.63699912200187,1956.3699912200186,2.1553425754074613,1729840888.4395745
195.66844359944514,1956.6844359944514,2.1439367712761275,1729840888.4496741
195.69972151368947,1956.9972151368947,2.1325802153396367,1729840888.4596434
195.73083358570042,1957.3083358570043,2.1212728160366563,1729840888.469606
195.76178053508258,1957.6178053508258,2.1100144805683723,1729840888.4797552
195.7925630800615,1957.9256308006152,2.0988051149163116,1729840888.4896212
195.82318193746627,1958.2318193746628,2.0876446238601503,1729840888.4996486
195.85363782271196,1958.5363782271197,2.0765329109953683,1729840888.509604
195.88393144978264,1958.8393144978263,2.0654698787508536,1729840888.5195284
195.91406353121445,1959.1406353121445,2.054455428406401,1729840888.529612
195.94403477807904,1959.4403477807905,2.04348946011015,1729840888.5396695
195.97384589996724,1959.7384589996725,2.0325718728959004,1729840888.5496218
196.00349760497292,1960.0349760497293,2.021702564700327,1729840888.5596046
196.03299059967722,1960.3299059967721,2.0108814323801614,1729840888.5695722
196.06232558913285,1960.6232558913284,2.0001083717291994,1729840888.5797305
196.0915032768489,1960.915032768489,1.9893832774953033,1729840888.5895853
196.1205243647756,1961.205243647756,1.9787060433972172,1729840888.5996249
196.14938955328955,1961.4938955328955,1.968076562141345,1729840888.6095974
196.17809954117914,1961.7809954117913,1.9574947254384458,1729840888.6196423
196.2066550256301,1962.066550256301,1.9469604240201424,1729840888.6296322
196.23505670221152,1962.3505670221152,1.9364735476554333,1729840888.6396532
196.26330526486177,1962.6330526486176,1.9260339851670505,1729840888.6496444
196.29140140587506,1962.9140140587506,1.9156416244477352,1729840888.659619
196.31934581588794,1963.1934581588794,1.9052963524763804,1729840888.6696498
196.34713918386612,1963.4713918386612,1.8949980553341206,1729840888.6798012
196.37478219709158,1963.7478219709158,1.884746618220289,1729840888.6896195
196.40227554114983,1964.0227554114983,1.8745419254682627,1729840888.699555
196.42961989991753,1964.2961989991752,1.8643838605612402,1729840888.7096071
196.4568159555501,1964.568159555501,1.854272306147859,1729840888.7196217
196.48386438846984,1964.8386438846983,1.8442071440577799,1729840888.7296176
196.5107658773541,1965.1076587735408,1.8341882553170947,1729840888.7396536
196.53752109912367,1965.3752109912366,1.8242155201636798,1729840888.749649
196.56413072893153,1965.6413072893154,1.8142888180624102,1729840888.7597005
196.5905954401517,1965.905954401517,1.804408027720287,1729840888.769632
196.61691590436828,1966.1691590436828,1.7945730271014426,1729840888.7797499
196.6430927913649,1966.430927913649,1.7847836934420584,1729840888.7896333
196.66912676911411,1966.691267691141,1.7750399032651405,1729840888.8027868
196.6950185037673,1966.950185037673,1.765341532395217,1729840888.8096037
196.7207686596445,1967.207686596445,1.755688455972921,1729840888.8196213
196.74637789922474,1967.4637789922474,1.746080548469454,1729840888.829644
196.77184688313628,1967.7184688313628,1.736517683700928,1729840888.83962
196.7971762701473,1967.971762701473,1.7269997348426394,1729840888.8496525
196.82236671715668,1968.2236671715668,1.7175265744431893,1729840888.8595939
196.84741887918506,1968.4741887918506,1.7080980744385297,1729840888.869548
196.87233340936595,1968.7233340936596,1.6987141061658537,1729840888.8797581
196.8971109589373,1968.971109589373,1.6893745403774236,1729840888.8896034
196.921752177233,1969.21752177233,1.6800792472542447,1729840888.8995929
196.94625771167478,1969.4625771167478,1.6708280964196742,1729840888.9096203
196.97062820776412,1969.7062820776412,1.6616209569528628,1729840888.9195158
196.99486430907461,1969.9486430907461,1.6524576974021485,1729840888.9295995
197.01896665724425,1970.1896665724425,1.6433381857982745,1729840888.93963
197.0429358919681,1970.4293589196811,1.63426228966755,1729840888.949575
197.0667726509911,1970.667726509911,1.6252298760448465,1729840888.9596117
197.09047757010094,1970.9047757010094,1.6162408114865325,1729840888.9695847
197.11405128312134,1971.1405128312135,1.6072949620832855,1729840888.979846
197.13749442190536,1971.3749442190535,1.5983921934727494,1729840888.9896436
197.16080761632892,1971.6080761632893,1.5895323708521385,1729840888.9996307
197.18399149428464,1971.8399149428465,1.5807153589906981,1729840889.0096583
197.20704668167556,1972.0704668167557,1.571941022242033,1729840889.0196097
197.22997380240938,1972.2997380240938,1.5632092245563936,1729840889.0295897
197.25277347839258,1972.5277347839258,1.5545198294927722,1729840889.0396152
197.27544632952507,1972.7544632952506,1.5458727002309498,1729840889.0495913
197.29799297369453,1972.9799297369455,1.5372676995833618,1729840889.0596516
197.32041402677146,1973.2041402677146,1.5287046900069559,1729840889.0695994
197.34271010260392,1973.427101026039,1.5201835336148122,1729840889.0797563
197.3648818130128,1973.648818130128,1.5117040921877738,1729840889.0896566
197.38692976778708,1973.8692976778707,1.5032662271858719,1729840889.0996747
197.40885457467922,1974.0885457467923,1.4948697997596945,1729840889.1096177
197.43065683940088,1974.3065683940088,1.4865146707616432,1729840889.1195207
197.45233716561867,1974.5233716561868,1.47820070075705,1729840889.12961
197.47389615495013,1974.7389615495013,1.4699277500351897,1729840889.1395855
197.49533440695976,1974.9533440695975,1.4616956786202095,1729840889.1496527
197.51665251915537,1975.1665251915538,1.4535043462819424,1729840889.1596422
197.53785108698452,1975.3785108698453,1.445353612546585,1729840889.1696086
197.558930703831,1975.5893070383102,1.437243336707283,1729840889.1797688
197.5798919610117,1975.798919610117,1.4291733778346192,1729840889.1895585
197.60073544777336,1976.0073544777335,1.421143594786983,1729840889.1995852
197.62146175128973,1976.2146175128973,1.4131538462208137,1729840889.2096462
197.64207145665867,1976.4207145665866,1.4052039906007785,1729840889.2195392
197.66256514689954,1976.6256514689953,1.3972938862098108,1729840889.2296185
197.68294340295066,1976.8294340295065,1.3894233911590348,1729840889.2396517
197.7032068036669,1977.032068036669,1.3815923633976226,1729840889.2495759
197.72335592581751,1977.233559258175,1.3738006607225142,1729840889.2596085
197.74339134408402,1977.4339134408401,1.3660481407880116,1729840889.2695897
197.7633136310582,1977.633136310582,1.3583346611153448,1729840889.2797074
197.78312335724036,1977.8312335724036,1.3506600791020507,1729840889.289613
197.80282109103763,1978.0282109103764,1.343024252031272,1729840889.2995772
197.82240739876238,1978.2240739876238,1.3354270370809758,1729840889.3096113
197.84188284463087,1978.4188284463087,1.3278682913330595,1729840889.3194606
197.86124799076194,1978.6124799076194,1.3203478717823245,1729840889.3296866
197.88050339717586,1978.8050339717586,1.312865635345382,1729840889.3396032
197.89964962179332,1978.996496217933,1.3054214388694358,1729840889.3495297
197.91868722043455,1979.1868722043455,1.2980151391409862,1729840889.3596036
197.93761674681855,1979.3761674681855,1.2906465928943867,1729840889.3695652
197.95643875256243,1979.5643875256244,1.2833156568203652,1729840889.3797457
197.97515378718094,1979.7515378718094,1.2760221875743785,1729840889.389668
197.99376239808598,1979.9376239808598,1.2687660417849145,1729840889.3996413
198.01226513058646,1980.1226513058646,1.2615470760616887,1729840889.4096189
198.030662527888,1980.3066252788801,1.2543651470036874,1729840889.4207907
198.04895513109307,1980.4895513109307,1.2472201112072128,1729840889.4297671
198.0671434792008,1980.671434792008,1.2401118252737202,1729840889.4397967
198.08522810910748,1980.8522810910747,1.2330401458176574,1729840889.4495542
198.10320955560658,1981.0320955560658,1.2260049294741222,1729840889.4595551
198.1210883513894,1981.210883513894,1.219006032906492,1729840889.4696333
198.13886502704545,1981.3886502704545,1.212043312813897,1729840889.4798937
198.15654011106312,1981.5654011106312,1.2051166259386505,1729840889.489604
198.1741141298304,1981.741141298304,1.1982258290735537,1729840889.4995632
198.19158760763577,1981.9158760763576,1.1913707790691355,1729840889.509642
198.20896106666913,1982.0896106666914,1.1845513328407478,1729840889.51957
198.22623502702288,1982.2623502702288,1.1777673473755996,1729840889.5296633
198.243410006693,1982.4341000669301,1.1710186797397188,1729840889.539592
198.26048652158042,1982.6048652158042,1.1643051870847874,1729840889.549647
198.27746508549225,1982.7746508549226,1.1576267266548985,1729840889.5596316
198.29434621014332,1982.9434621014332,1.150983155793222,1729840889.5695794
198.3111304051577,1983.111304051577,1.1443743319485886,1729840889.5798037
198.32781817807037,1983.2781817807038,1.1378001126819548,1729840889.5895977
198.34441003432892,1983.4441003432892,1.1312603556728345,1729840889.5997307
198.3609064772954,1983.609064772954,1.1247549187255572,1729840889.6095817
198.37730800824824,1983.7730800824825,1.1182836597755372,1729840889.6196012
198.39361512638425,1983.9361512638425,1.111846436895389,1729840889.6295962
198.40982832882077,1984.0982832882078,1.105443108300964,1729840889.6396408
198.4259481105978,1984.259481105978,1.0990735323573215,1729840889.6495454
198.4419749646803,1984.419749646803,1.092737567584594,1729840889.6596134
198.45790938196055,1984.5790938196055,1.0864350726637966,1729840889.6696231
198.47375185126057,1984.7375185126057,1.0801659064425113,1729840889.679681
198.4895028593347,1984.895028593347,1.0739299279405259,1729840889.6896367
198.50516289087213,1985.0516289087213,1.067726996355363,1729840889.6995978
198.52073242849968,1985.207324284997,1.061556971067736,1729840889.7096312
198.5362119527845,1985.362119527845,1.0554197116469233,1729840889.7196085
198.55160194223689,1985.5160194223688,1.0493150778560754,1729840889.7297263
198.5669028733133,1985.669028733133,1.0432429296574188,1729840889.7395964
198.58211522041927,1985.8211522041927,1.0372031272173778,1729840889.7495778
198.5972394559125,1985.972394559125,1.0311955309116492,1729840889.7596354
198.612276050106,1986.12276050106,1.025220001330167,1729840889.769547
198.62722547127134,1986.2722547127134,1.0192763992820062,1729840889.7796836
198.6420881856419,1986.420881856419,1.0133645858001792,1729840889.7895942
198.6568646574162,1986.5686465741621,1.0074844221463959,1729840889.7995596
198.67155534876136,1986.7155534876135,1.0016357698157439,1729840889.8096125
198.68616071981657,1986.8616071981658,0.995818490541259,1729840889.8195677
198.7006812286967,1987.006812286967,0.9900324462984393,1729840889.829606
198.71511733149583,1987.1511733149582,0.9842774993096839,1729840889.8396177
198.729469482291,1987.29469482291,0.9785535120486966,1729840889.8495555
198.74373813314594,1987.4373813314594,0.9728603472447315,1729840889.8596067
198.75792373411488,1987.5792373411489,0.9671978678868349,1729840889.8695772
198.77202673324643,1987.7202673324643,0.9615659372280092,1729840889.8797393
198.7860475765875,1987.860475765875,0.9559644187892662,1729840889.8895774
198.79998670818728,1987.9998670818727,0.9503931763636562,1729840889.8995688
198.8138445701013,1988.138445701013,0.9448520740201793,1729840889.9096608
198.8276216023956,1988.2762160239558,0.9393409761076903,1729840889.919613
198.8413182431507,1988.413182431507,0.9338597472586603,1729840889.9296262
198.8549349284661,1988.5493492846608,0.9284082523929413,1729840889.9396544
198.86847209246423,1988.6847209246423,0.9229863567213918,1729840889.949619
198.88193016729502,1988.8193016729501,0.9175939257495109,1729840889.9596078
198.89530958314018,1988.9530958314017,0.9122308252809557,1729840889.9696033
198.90861076821759,1989.086107682176,0.9068969214209908,1729840889.979743
198.92183414878582,1989.2183414878582,0.9015920805798974,1729840889.9896212
198.93498014914869,1989.349801491487,0.8963161694763233,1729840889.999563
198.94804919165972,1989.4804919165972,0.8910690551405143,1729840890.0096376
198.96104169672685,1989.6104169672685,0.8858506049175716,1729840890.019632
198.97395808281712,1989.7395808281713,0.8806606864705611,1729840890.0296133
198.98679876646125,1989.8679876646124,0.8754991677835875,1729840890.040773
198.99956416225854,1989.9956416225855,0.8703659171648574,1729840890.0496142
199.01225468288155,1990.1225468288155,0.8652608032495994,1729840890.059618
199.02487073908105,1990.2487073908105,0.860183695002986,1729840890.0696042
199.0374127396908,1990.374127396908,0.8551344617229475,1729840890.0797832
199.04988109163253,1990.4988109163253,0.8501129730429877,1729840890.0896306
199.0622761999209,1990.622761999209,0.8451190989348802,1729840890.0996537
199.0745984676684,1990.7459846766842,0.8401527097113259,1729840890.1095762
199.0868482960906,1990.868482960906,0.8352136760285926,1729840890.1195767
199.09902608451105,1990.9902608451105,0.8303018688890322,1729840890.1296425
199.1111322303664,1991.1113223036639,0.8254171596435729,1729840890.139614
199.12316712921162,1991.2316712921163,0.8205594199941917,1729840890.149527
199.1351311747252,1991.3513117472519,0.8157285219962542,1729840890.1596096
199.14702475871422,1991.4702475871422,0.8109243380608646,1729840890.1695945
199.1588482711198,1991.5884827111981,0.8061467409571392,1729840890.179734
199.17060210002228,1991.7060210002228,0.8013956038144219,1729840890.1895862
199.18228663164646,1991.8228663164646,0.7966708001244367,1729840890.199598
199.1939022503671,1991.939022503671,0.7919722037434358,1729840890.209587
199.2054493387142,1992.054493387142,0.7872996888942367,1729840890.219536
199.21692827737843,1992.1692827737843,0.7826531301682387,1729840890.2296581
199.2283394452166,1992.2833944521658,0.7780324025273906,1729840890.2395792
199.239683219257,1992.39683219257,0.7734373813060831,1729840890.2495532
199.25095997470504,1992.5095997470503,0.7688679422130544,1729840890.2595706
199.26217008494874,1992.6217008494873,0.7643239613331474,1729840890.269619
199.27331392156415,1992.7331392156416,0.7598053151290998,1729840890.2797656
199.28439185432106,1992.8439185432105,0.7553118804432746,1729840890.2896369
199.2954042511885,1992.954042511885,0.7508435344993085,1729840890.2995381
199.30635147834042,1993.0635147834041,0.7464001549037391,1729840890.3096552
199.3172339001613,1993.1723390016132,0.7419816196475768,1729840890.3196032
199.32805187925183,1993.2805187925183,0.7375878071078272,1729840890.3296385
199.3388057764345,1993.388057764345,0.7332185960490065,1729840890.3396647
199.34949595075946,1993.4949595075946,0.728873865624557,1729840890.3496172
199.36012275951012,1993.6012275951011,0.7245534953782293,1729840890.3596528
199.37068655820897,1993.7068655820897,0.7202573652454713,1729840890.369546
199.3811877006233,1993.8118770062329,0.7159853555546967,1729840890.379762
199.39162653877096,1993.9162653877097,0.7117373470285902,1729840890.3896177
199.40200342292624,1994.0200342292624,0.7075132207852839,1729840890.399586
199.41231870162565,1994.1231870162565,0.7033128583396007,1729840890.4096487
199.4225727216737,1994.2257272167371,0.6991361416041233,1729840890.419596
199.43276582814886,1994.3276582814885,0.6949829528903511,1729840890.4296188
199.4428983644093,1994.428983644093,0.6908531749097282,1729840890.4396296
199.4529706720989,1994.529706720989,0.6867466907746813,1729840890.4496238
199.462983091153,1994.62983091153,0.6826633839995804,1729840890.4596474
199.47293595980446,1994.7293595980445,0.6786031385017104,1729840890.4696307
199.4828296145895,1994.828296145895,0.6745658386021454,1729840890.4796786
199.49266439035358,1994.926643903536,0.6705513690266169,1729840890.4896023
199.50244062025752,1995.0244062025752,0.6665596149063671,1729840890.4995942
199.5121586357833,1995.121586357833,0.6625904617789082,1729840890.509614
199.52181876674007,1995.2181876674008,0.6586437955887909,1729840890.5195422
199.53142134127015,1995.3142134127015,0.6547195026883319,1729840890.529619
199.540966685855,1995.40966685855,0.6508174698382998,1729840890.539733
199.55045512532132,1995.5045512532133,0.6469375842085352,1729840890.5495775
199.55988698284688,1995.5988698284687,0.6430797333785794,1729840890.5595896
199.56926257996662,1995.692625799666,0.6392438053382623,1729840890.569614
199.57858223657877,1995.7858223657877,0.6354296884882622,1729840890.5798142
199.58784627095073,1995.8784627095074,0.6316372716405603,1729840890.589597
199.59705499972523,1995.9705499972524,0.6278664440189861,1729840890.5995486
199.60620873792627,1996.0620873792627,0.6241170952596207,1729840890.6096065
199.61530779896526,1996.1530779896525,0.6203891154112444,1729840890.6195638
199.62435249464707,1996.2435249464706,0.6166823949356885,1729840890.6296546
199.633343135176,1996.33343135176,0.6129968247082029,1729840890.6395988
199.642280029162,1996.4228002916202,0.6093322960177954,1729840890.6495717
199.65116348362662,1996.5116348362662,0.605688700567482,1729840890.659582
199.6599938040091,1996.599938040091,0.6020659304745895,1729840890.6696315
199.66877129417253,1996.6877129417253,0.5984638782709624,1729840890.6798716
199.67749625640985,1996.7749625640986,0.5948824369031822,1729840890.6896715
199.68616899145,1996.8616899145,0.5913214997327163,1729840890.6995392
199.6947897984639,1996.947897984639,0.587780960536092,1729840890.7095923
199.70335897507064,1997.0335897507064,0.5842607135050102,1729840890.7195787
199.7118768173436,1997.1187681734361,0.5807606532464291,1729840890.7296164
199.72034361981645,1997.2034361981646,0.5772806747826138,1729840890.7396064
199.72875967548921,1997.287596754892,0.5738206735511984,1729840890.7495952
199.7371252758345,1997.371252758345,0.5703805454051913,1729840890.7598612
199.7454407108035,1997.454407108035,0.566960186612949,1729840890.769612
199.75370626883208,1997.5370626883207,0.5635594938581345,1729840890.7798429
199.76192223684686,1997.6192223684686,0.5601783642396772,1729840890.7896478
199.7700889002714,1997.700889002714,0.5568166952716513,1729840890.7995524
199.77820654303216,1997.7820654303216,0.5534743848831702,1729840890.809669
199.78627544756466,1997.8627544756466,0.5501513314182471,1729840890.8195887
199.79429589481956,1997.9429589481956,0.5468474336356497,1729840890.829641
199.8022681642687,1998.022681642687,0.5435625907086852,1729840890.839604
199.81019253391122,1998.1019253391123,0.5402967022250049,1729840890.8496194
199.81806928027962,1998.180692802796,0.5370496681863699,1729840890.8596122
199.82589867844578,1998.2589867844579,0.5338213890084038,1729840890.8696222
199.83368100202713,1998.3368100202713,0.5306117655203106,1729840890.8798075
199.84141652319263,1998.4141652319263,0.5274206989645727,1729840890.8895974
199.84910551266884,1998.4910551266885,0.5242480909966325,1729840890.899539
199.856748239746,1998.56748239746,0.5210938436845627,1729840890.9095976
199.86434497228404,1998.6434497228404,0.5179578595086856,1729840890.9195707
199.8718959767187,1998.7189597671868,0.5148400413612109,1729840890.9296415
199.87940151806737,1998.7940151806738,0.5117402925458183,1729840890.9396162
199.88686185993538,1998.8686185993538,0.5086585167772668,1729840890.949613
199.89427726452186,1998.9427726452186,0.5055946181809112,1729840890.9596133
199.90164799262575,1999.0164799262575,0.5025485012922672,1729840890.9695823
199.90897430365192,1999.0897430365192,0.49952007105654594,1729840890.979745
199.91625645561703,1999.1625645561703,0.49650923282812087,1729840890.989589
199.92349470515566,1999.2349470515567,0.49351589237004845,1729840890.9996881
199.93068930752617,1999.3068930752615,0.4905399558535102,1729840891.0096474
199.93784051661677,1999.3784051661678,0.48758132985729397,1729840891.0195713
199.94494858495148,1999.4494858495148,0.4846399213671848,1729840891.0295937
199.95201376369604,1999.5201376369605,0.4817156377754177,1729840891.039624
199.9590363026639,1999.590363026639,0.47880838688004346,1729840891.0495257
199.96601645032214,1999.6601645032215,0.4759180768843603,1729840891.059588
199.97295445379746,1999.7295445379746,0.473044616396221,1729840891.0695796
199.979850558882,1999.7985055888198,0.4701879144274379,1729840891.0798998
199.98670501003934,1999.8670501003935,0.4673478803930884,1729840891.0896356
199.99351805041044,1999.9351805041044,0.4645244241108415,1729840891.0995898
200.00028992181942,2000.0028992181942,0.4617174558002546,1729840891.1096036
200.00702086477952,2000.0702086477952,0.4589268860820841,1729840891.119585
200.01371111849895,2000.1371111849894,0.45615262597753947,1729840891.129611
200.02036092088673,2000.2036092088674,0.4533945869075726,1729840891.1396286
200.02697050855863,2000.2697050855863,0.4506526806921105,1729840891.1495898
200.03354011684291,2000.3354011684291,0.44792681954927005,1729840891.1596076
200.0400699797862,2000.4006997978622,0.44521691609462444,1729840891.169614
200.0465603301593,2000.465603301593,0.4425228833403647,1729840891.179744
200.05301139946297,2000.5301139946298,0.43984463469454127,1729840891.189602
200.0594234179338,2000.594234179338,0.43718208396021474,1729840891.1995645
200.06579661454987,2000.6579661454987,0.43453514533461934,1729840891.2095644
200.07213121703666,2000.7213121703667,0.43190373340836175,1729840891.2195594
200.07842745187267,2000.7842745187268,0.42928776316451334,1729840891.2296343
200.08468554429524,2000.8468554429523,0.42668714997779666,1729840891.2396042
200.0909057183063,2000.909057183063,0.4241018096136848,1729840891.2495792
200.09708819667802,2000.97088196678,0.4215316582275044,1729840891.2596018
200.10323320095856,2001.0323320095856,0.41897661236354367,1729840891.2695565
200.10934095147778,2001.0934095147777,0.41643658895416813,1729840891.2797813
200.11541166735284,2001.1541166735285,0.41391150531884513,1729840891.2896147
200.12144556649395,2001.2144556649396,0.4114012791632753,1729840891.2995994
200.12744286560996,2001.2744286560996,0.4089058285784244,1729840891.3096437
200.13340378021405,2001.3340378021405,0.4064250720395499,1729840891.3195949
200.1393285246293,2001.3932852462929,0.40395892840528447,1729840891.329607
200.14521731199432,2001.4521731199432,0.40150731691663744,1729840891.3396208
200.15107035426885,2001.5107035426886,0.39907015719602157,1729840891.3496032
200.1568878622394,2001.5688786223939,0.3966473692462813,1729840891.3596282
200.1626700455246,2001.626700455246,0.39423887344965713,1729840891.3695896
200.16841711258107,2001.6841711258107,0.39184459056683885,1729840891.3797796
200.17412927070868,2001.7412927070868,0.38946444173590145,1729840891.3896434
200.1798067260562,2001.798067260562,0.38709834847130153,1729840891.39966
200.18544968362679,2001.8544968362678,0.3847462326628559,1729840891.409617
200.19105834728347,2001.9105834728348,0.38240801657469525,1729840891.4195669
200.19663291975465,2001.9663291975464,0.3800836228442126,1729840891.4296486
200.20217360263948,2002.0217360263948,0.377772974481017,1729840891.4396565
200.20768059641338,2002.0768059641339,0.37547599486588545,1729840891.4495616
200.21315410043346,2002.1315410043346,0.3731926077496812,1729840891.459601
200.2185943129439,2002.185943129439,0.37092273725228786,1729840891.4696345
200.22400143108143,2002.2400143108143,0.3686663078615098,1729840891.4798312
200.22937565088054,2002.2937565088055,0.3664232444320046,1729840891.4896605
200.23471716727903,2002.3471716727904,0.36419347218419773,1729840891.4996421
200.24002617412324,2002.4002617412325,0.36197691670315457,1729840891.5096
200.24530286417345,2002.4530286417346,0.35977350393749497,1729840891.5195348
200.25054742910913,2002.5054742910913,0.3575831601982742,1729840891.5296276
200.2557600595343,2002.557600595343,0.3554058121578745,1729840891.5395675
200.26094094498282,2002.6094094498283,0.35324138684886286,1729840891.5495524
200.26609027392354,2002.6609027392353,0.3510898116628738,1729840891.5596278
200.2712082337657,2002.712082337657,0.34895101434949716,1729840891.5695736
200.2762950108641,2002.7629501086408,0.34682492301509704,1729840891.5797687
200.28135079052424,2002.8135079052424,0.344711466121689,1729840891.5896127
200.28637575700773,2002.8637575700773,0.3426105724858157,1729840891.5995471
200.2913700935372,2002.9137009353722,0.3405221712773354,1729840891.6095998
200.2963339823017,2002.963339823017,0.33844619201833126,1729840891.6195846
200.30126760446166,2003.0126760446165,0.3363825645819034,1729840891.6296394
200.30617114015416,2003.0617114015417,0.3343312191910144,1729840891.639624
200.31104476849802,2003.1104476849803,0.332292086417338,1729840891.6496174
200.31588866759884,2003.1588866759885,0.33026509718005137,1729840891.6595979
200.3207030145541,2003.207030145541,0.32825018274467865,1729840891.669578
200.32548798545827,2003.2548798545827,0.32624727472191495,1729840891.680462
200.3302437554078,2003.3024375540779,0.32425630506643444,1729840891.6896589
200.33497049850615,2003.3497049850616,0.3222772060756842,1729840891.6996307
200.33966838786884,2003.3966838786885,0.3203099103887226,1729840891.7096279
200.34433759562845,2003.4433759562844,0.31835435098502174,1729840891.719591
200.34897829293948,2003.4897829293948,0.3164104611832279,1729840891.729598
200.35359064998346,2003.5359064998347,0.3144781746400298,1729840891.739645
200.3581748359738,2003.5817483597382,0.31255742534890096,1729840891.749608
200.36273101916078,2003.6273101916076,0.3106481476389096,1729840891.7596052
200.36725936683632,2003.6725936683633,0.30875027617351947,1729840891.7696521
200.37176004533904,2003.7176004533903,0.30686374594937504,1729840891.7798023
200.376233220059,2003.76233220059,0.30498849229507385,1729840891.7896354
200.38067905544256,2003.8067905544256,0.3031244508699924,1729840891.7995553
200.38509771499733,2003.8509771499732,0.3012715576630285,1729840891.8096178
200.38948936129685,2003.8948936129686,0.2994297489913862,1729840891.8195758
200.39385415598548,2003.938541559855,0.29759896149938037,1729840891.8295949
200.3981922597831,2003.9819225978308,0.29577913215718965,1729840891.83962
200.4025038324899,2004.025038324899,0.2939701982596592,1729840891.849574
200.4067890329912,2004.0678903299122,0.29217209742504124,1729840891.8596082
200.41104801926207,2004.1104801926208,0.2903847675938067,1729840891.8696067
200.41528094837207,2004.1528094837208,0.28860814702738935,1729840891.8798652
200.41948797649,2004.1948797649,0.28684217430695647,1729840891.8895903
200.42366925888842,2004.2366925888841,0.2850867883321957,1729840891.899601
200.42782494994853,2004.2782494994854,0.2833419283200893,1729840891.9096534
200.43195520316456,2004.3195520316456,0.281607533803653,1729840891.9195464
200.4360601711486,2004.360601711486,0.2798835446307404,1729840891.929635
200.44014000563504,2004.4014000563504,0.2781699009627694,1729840891.9396799
200.4441948574853,2004.4419485748529,0.27646654327352493,1729840891.9496248
200.44822487669217,2004.4822487669217,0.274773412347896,1729840891.959637
200.45223021238462,2004.5223021238462,0.27309044928067827,1729840891.969561
200.45621101283217,2004.5621101283218,0.2714175954752971,1729840891.9797306
200.4601674254494,2004.6016742544941,0.26975479264259583,1729840891.9895918
200.46409959680054,2004.6409959680054,0.26810198279959785,1729840891.9996297
200.46800767260376,2004.6800767260377,0.26645910826826835,1729840892.00969
200.47189179773585,2004.7189179773586,0.2648261116742905,1729840892.0195568
200.4757521162365,2004.7575211623648,0.26320293594580946,1729840892.0296314
200.47958877131273,2004.7958877131273,0.2615895243122104,1729840892.0396423
200.48340190534338,2004.8340190534338,0.25998582030289263,1729840892.0495303
200.4871916598834,2004.8719165988339,0.258391767746021,1729840892.0596097
200.49095817566823,2004.9095817566822,0.2568073107673019,1729840892.06958
200.4947015926182,2004.947015926182,0.25523239378874507,1729840892.0798485
200.49842204984284,2004.9842204984284,0.2536669615274203,1729840892.0896218
200.5021196856451,2005.021196856451,0.25211095899425473,1729840892.0995307
200.5057946375258,2005.057946375258,0.25056433149277346,1729840892.109727
200.50944704218776,2005.0944704218775,0.24902702461787563,1729840892.1196017
200.51307703554014,2005.1307703554014,0.24749898425461758,1729840892.1296468
200.51668475270262,2005.1668475270262,0.24598015657696237,1729840892.139667
200.52027032800964,2005.2027032800966,0.24447048804658955,1729840892.1495807
200.5238338950147,2005.238338950147,0.24296992541163753,1729840892.1594174
200.52737558649432,2005.2737558649433,0.24147841570546902,1729840892.1695747
200.53089553445244,2005.3089553445243,0.23999590624548794,1729840892.1797397
200.53439387012446,2005.3439387012445,0.23852234463188005,1729840892.1896315
200.53787072398134,2005.3787072398134,0.23705767874639605,1729840892.1995513
200.54132622573374,2005.4132622573375,0.23560185675115441,1729840892.2096357
200.54476050433618,2005.4476050433618,0.23415482708741564,1729840892.2195554
200.548173687991,2005.4817368799102,0.23271653847432994,1729840892.229642
200.55156590415257,2005.5156590415256,0.23128693990777016,1729840892.2396502
200.5549372795311,2005.5493727953108,0.22986598065907948,1729840892.2495294
200.5582879400969,2005.582879400969,0.22845361027391142,1729840892.2595956
200.56161801108428,2005.6161801108428,0.22704977857093844,1729840892.2695627
200.56492761699548,2005.6492761699546,0.2256544356407275,1729840892.2797427
200.56821688160477,2005.6821688160476,0.22426753184448422,1729840892.2895777
200.57148592796233,2005.7148592796234,0.22288901781285198,1729840892.2996655
200.57473487839815,2005.7473487839816,0.22151884444470937,1729840892.3096259
200.577963854526,2005.7796385452598,0.22015696290599251,1729840892.3195693
200.58117297724732,2005.8117297724732,0.21880332462847996,1729840892.3296742
200.5843623667551,2005.8436236675511,0.2174578813085759,1729840892.3397305
200.58753214253775,2005.8753214253775,0.21612058490615205,1729840892.3495772
200.5906824233829,2005.906824233829,0.21479138764332362,1729840892.3596153
200.5938133273813,2005.938133273813,0.21347024200328946,1729840892.3695722
200.59692497193055,2005.9692497193055,0.21215710072911165,1729840892.3797028
200.600017473739,2006.00017473739,0.2108519168225591,1729840892.389588
200.60309094882945,2006.0309094882946,0.2095546435428961,1729840892.3995633
200.6061455125429,2006.061455125429,0.20826523440571876,1729840892.4095888
200.60918127954236,2006.0918127954235,0.2069836431817791,1729840892.4195166
200.61219836381647,2006.1219836381647,0.2057098238957895,1729840892.4296215
200.61519687868338,2006.1519687868338,0.20444373082528955,1729840892.43967
200.6181769367942,2006.1817693679423,0.2031853184994059,1729840892.449615
200.62113865013694,2006.2113865013694,0.20193454169776537,1729840892.4595904
200.6240821300399,2006.2408213003991,0.2006913554492602,1729840892.4695451
200.62700748717555,2006.2700748717555,0.19945571503093795,1729840892.4797153
200.62991483156398,2006.2991483156397,0.19822757596680063,1729840892.4897027
200.6328042725766,2006.328042725766,0.19700689402665894,1729840892.4995742
200.63567591893968,2006.3567591893968,0.19579362522499366,1729840892.5096292
200.63852987873796,2006.3852987873795,0.19458772581978678,1729840892.5195858
200.64136625941816,2006.4136625941817,0.19338915231137044,1729840892.5296667
200.64418516779256,2006.4418516779256,0.19219786144128648,1729840892.539637
200.64698671004248,2006.4698671004248,0.1910138101911496,1729840892.5496337
200.64977099172185,2006.4977099172186,0.18983695578149629,1729840892.5596232
200.6525381177606,2006.525381177606,0.1886672556706408,1729840892.569534
200.65528819246822,2006.5528819246822,0.18750466755356143,1729840892.579749
200.65802131953714,2006.5802131953715,0.18634914936074942,1729840892.5895674
200.66073760204625,2006.6073760204627,0.18520065925709872,1729840892.5997777
200.6634371424643,2006.634371424643,0.18405915564075848,1729840892.6096628
200.6661200426532,2006.661200426532,0.18292459714201037,1729840892.619618
200.66878640387156,2006.6878640387156,0.18179694262216906,1729840892.6296237
200.67143632677798,2006.7143632677798,0.18067615117246838,1729840892.6396024
200.67406991143437,2006.7406991143437,0.17956218211291564,1729840892.6495988
200.6766872573094,2006.766872573094,0.17845499499122397,1729840892.6596415
200.67928846328175,2006.7928846328175,0.17735454958166308,1729840892.66963
200.6818736276434,2006.818736276434,0.1762608058839703,1729840892.6797845
200.68444284810298,2006.8444284810298,0.17517372412228305,1729840892.6896274
200.686996221789,2006.8699622178901,0.1740932647439859,1729840892.6995819
200.68953384525312,2006.8953384525312,0.17301938841865372,1729840892.709659
200.6920558144734,2006.920558144734,0.17195205603695918,1729840892.7195902
200.69456222485752,2006.945622248575,0.17089122870957496,1729840892.7295904
200.69705317124598,2006.97053171246,0.1698368677660902,1729840892.7396126
200.69952874791534,2006.9952874791534,0.16878893475393753,1729840892.7495885
200.70198904858134,2007.0198904858134,0.16774739143730066,1729840892.759663
200.70443416640208,2007.0443416640207,0.16671219979606278,1729840892.7696621
200.70686419398123,2007.0686419398123,0.16568332202472646,1729840892.7798014
200.70927922337106,2007.0927922337105,0.1646607205313284,1729840892.789627
200.7116793460756,2007.116793460756,0.16364435793641263,1729840892.799589
200.7140646530538,2007.140646530538,0.16263419707193627,1729840892.80964
200.71643523472252,2007.1643523472253,0.16163020098024283,1729840892.8195648
200.71879118095967,2007.1879118095967,0.16063233291297863,1729840892.829744
200.72113258110718,2007.211325811072,0.1596405563300589,1729840892.8396103
200.72345952397419,2007.2345952397418,0.15865483489863585,1729840892.8495834
200.7257720978399,2007.257720978399,0.15767513249202736,1729840892.8596263
200.7280703904567,2007.280703904567,0.1567014131886939,1729840892.8695722
200.73035448905313,2007.3035448905312,0.15573364127120115,1729840892.8797438
200.73262448033682,2007.3262448033684,0.15477178122520208,1729840892.8896954
200.7348804504975,2007.348804504975,0.15381579773837117,1729840892.8996606
200.73712248520997,2007.3712248520997,0.1528656556994239,1729840892.909619
200.7393506696369,2007.393506696369,0.1519213201970686,1729840892.9196112
200.74156508843194,2007.4156508843193,0.1509827565189994,1729840892.929632
200.74376582574249,2007.4376582574248,0.15004993015087642,1729840892.93964
200.7459529652126,2007.459529652126,0.14912280677531697,1729840892.9495728
200.74812658998596,2007.4812658998596,0.14820135227089537,1729840892.9596643
200.75028678270857,2007.5028678270858,0.14728553271112688,1729840892.969599
200.75243362553175,2007.5243362553174,0.14637531436348006,1729840892.9797568
200.75456720011488,2007.545672001149,0.1454706636883767,1729840892.9897058
200.75668758762822,2007.5668758762822,0.14457154733820765,1729840892.9996262
200.75879486875579,2007.5879486875579,0.14367793215633462,1729840893.0096338
200.76088912369804,2007.6088912369803,0.1427897851761024,1729840893.0196068
200.76297043217468,2007.6297043217469,0.1419070736198691,1729840893.0296376
200.7650388734275,2007.650388734275,0.1410297648980361,1729840893.0396497
200.76709452622302,2007.6709452622301,0.140157826608041,1729840893.049623
200.7691374688552,2007.691374688552,0.13929122653340897,1729840893.0596163
200.7711677791483,2007.711677791483,0.1384299326428131,1729840893.0695975
200.7731855344594,2007.731855344594,0.13757391308906008,1729840893.0798197
200.77519081168123,2007.7519081168123,0.13672313620817178,1729840893.0896606
200.77718368724476,2007.7718368724477,0.13587757051840832,1729840893.0995674
200.77916423712188,2007.7916423712188,0.13503718471932658,1729840893.1095734
200.78113253682807,2007.8113253682807,0.13420194769083693,1729840893.1196458
200.783088661425,2007.8308866142502,0.1333718284922476,1729840893.1296322
200.7850326855232,2007.850326855232,0.13254679636132316,1729840893.1396582
200.78696468328454,2007.8696468328453,0.13172682071336794,1729840893.1495988
200.788884728425,2007.88884728425,0.13091187114027036,1729840893.1595154
200.79079289421705,2007.9079289421704,0.130101917409581,1729840893.1696086
200.79268925349243,2007.9268925349243,0.1292969294636066,1729840893.1797843
200.79457387864446,2007.9457387864445,0.12849687741844917,1729840893.1900325
200.79644684163077,2007.9644684163077,0.1277017315631408,1729840893.1996343
200.79830821397573,2007.9830821397572,0.12691146235867912,1729840893.2096078
200.800158066773,2008.0015806677302,0.12612604043714626,1729840893.21955
200.801996470688,2008.01996470688,0.12534543660078157,1729840893.229658
200.8038234959604,2008.0382349596039,0.12456962182110587,1729840893.2395933
200.8056392124065,2008.056392124065,0.12379856723800309,1729840893.2496004
200.80744368942192,2008.0744368942192,0.12303224415884095,1729840893.2596557
200.80923699598378,2008.092369959838,0.12227062405755085,1729840893.2696478
200.8110192006533,2008.110192006533,0.12151367857377338,1729840893.2797518
200.8127903715782,2008.127903715782,0.12076137951194887,1729840893.2896886
200.81455057649498,2008.1455057649498,0.12001369884044344,1729840893.299634
200.81629988273147,2008.1629988273148,0.11927060869067674,1729840893.3096364
200.8180383572091,2008.1803835720912,0.11853208135625515,1729840893.3195581
200.8197660664453,2008.197660664453,0.11779808929209423,1729840893.3296673
200.82148307655592,2008.2148307655593,0.11706860511355721,1729840893.339618
200.82318945325744,2008.2318945325744,0.11634360159557211,1729840893.3495238
200.82488526186938,2008.248852618694,0.1156230516718022,1729840893.3596423
200.82657056731665,2008.2657056731664,0.1149069284337898,1729840893.3695369
200.82824543413173,2008.2824543413174,0.11419520513007164,1729840893.3797112
200.82990992645708,2008.2990992645707,0.11348785516539017,1729840893.3895645
200.83156410804736,2008.3156410804736,0.11278485209979117,1729840893.399577
200.83320804227174,2008.3320804227174,0.11208616964782259,1729840893.4096756
200.83484179211607,2008.3484179211607,0.1113917816776695,1729840893.4195716
200.83646542018522,2008.3646542018523,0.11070166221035826,1729840893.4295979
200.83807898870523,2008.3807898870523,0.11001578541888968,1729840893.439601
200.83968255952558,2008.396825595256,0.10933412562744849,1729840893.4495692
200.84127619412135,2008.4127619412134,0.1086566573105543,1729840893.459563
200.84285995359548,2008.4285995359548,0.1079833550922693,1729840893.4695654
200.84443389868088,2008.4443389868088,0.10731419374534568,1729840893.4797928
200.84599808974264,2008.4599808974262,0.10664914819045634,1729840893.489656
200.84755258678018,2008.475525867802,0.10598819349536903,1729840893.4996285
200.8490974494294,2008.4909744942938,0.10533130487413622,1729840893.5097377
200.85063273696474,2008.5063273696474,0.1046784576863189,1729840893.5195346
200.85215850830147,2008.5215850830148,0.10402962743618005,1729840893.5296042
200.85367482199763,2008.5367482199763,0.1033847897718676,1729840893.5397184
200.8551817362562,2008.5518173625621,0.10274392048467007,1729840893.5495746
200.85667930892723,2008.5667930892723,0.10210699550819946,1729840893.559622
200.8581675975098,2008.581675975098,0.10147399091762566,1729840893.5695543
200.85964665915427,2008.5964665915426,0.10084488292888771,1729840893.5797596
200.8611165506641,2008.6111655066409,0.10021964789790871,1729840893.5896084
200.86257732849805,2008.6257732849804,0.09959826231986568,1729840893.5995693
200.8640290487722,2008.640290487722,0.0989807028283991,1729840893.6096015
200.86547176726197,2008.6547176726197,0.09836694619482422,1729840893.6195652
200.866905539404,2008.66905539404,0.09775696932740452,1729840893.6296377
200.86833042029832,2008.6833042029832,0.09715074927059675,1729840893.6395984
200.86974646471026,2008.6974646471026,0.09654826320428356,1729840893.649551
200.8711537270724,2008.711537270724,0.09594948844300788,1729840893.6596088
200.8725522614866,2008.725522614866,0.09535440243527837,1729840893.6697829
200.8739421217259,2008.739421217259,0.09476298276276829,1729840893.6797464
200.87532336123644,2008.7532336123645,0.09417520713961025,1729840893.68964
200.87669603313952,2008.7669603313952,0.09359105341166973,1729840893.6996078
200.87806019023336,2008.7806019023335,0.0930104995557759,1729840893.7096314
200.8794158849951,2008.794158849951,0.0924335236790359,1729840893.7195938
200.8807631695827,2008.807631695827,0.09186010401807287,1729840893.7295864
200.8821020958368,2008.821020958368,0.09129021893832423,1729840893.7396588
200.88343271528262,2008.8343271528263,0.0907238469333258,1729840893.7495933
200.88475507913182,2008.847550791318,0.0901609666239942,1729840893.759617
200.88606923828434,2008.8606923828434,0.08960155675789316,1729840893.7696037
200.88737524333024,2008.8737524333023,0.08904559620856922,1729840893.7797523
200.88867314455163,2008.8867314455163,0.08849306397482515,1729840893.7896223
200.8899629919244,2008.899629919244,0.08794393917999521,1729840893.7995315
200.89124483512003,2008.9124483512003,0.0873982010712897,1729840893.8095906
200.89251872350752,2008.925187235075,0.08685582901907196,1729840893.8195925
200.89378470615497,2008.9378470615497,0.08631680251616913,1729840893.8296382
200.8950428318316,2008.950428318316,0.0857811011772256,1729840893.8397145
200.89629314900938,2008.9629314900938,0.08524870473795332,1729840893.8496754
200.89753570586484,2008.9753570586483,0.08471959305449595,1729840893.8596308
200.8987705502808,2008.987705502808,0.08419374610273778,1729840893.8695881
200.89999772984817,2008.9999772984816,0.0836711439776412,1729840893.879957
200.90121729186765,2009.0121729186765,0.08315176689255921,1729840893.8896039
200.90242928335147,2009.0242928335147,0.08263559517856578,1729840893.899627
200.90363375102504,2009.0363375102504,0.08212260928381276,1729840893.909628
200.9048307413288,2009.048307413288,0.08161278977286734,1729840893.919547
200.90602030041978,2009.0602030041978,0.08110611732602457,1729840893.9296181
200.90720247417337,2009.0720247417337,0.08060257273867677,1729840893.9403365
200.90837730818495,2009.0837730818496,0.08010213692067225,1729840893.949645
200.90954484777157,2009.0954484777158,0.07960479089564565,1729840893.959653
200.91070513797365,2009.1070513797365,0.07911051580038908,1729840893.9695468
200.9118582235566,2009.118582235566,0.07861929288419134,1729840893.979754
200.91300414901244,2009.1300414901243,0.0781311035082144,1729840893.9896188
200.91414295856143,2009.1414295856143,0.0776459291448699,1729840893.9996052
200.91527469615374,2009.1527469615376,0.07716375137716724,1729840894.0096862
200.91639940547105,2009.1639940547107,0.07668455189809187,1729840894.0194752
200.91751712992814,2009.1751712992814,0.07620831250998172,1729840894.029664
200.91862791267445,2009.1862791267445,0.07573501512389136,1729840894.0396917
200.91973179659573,2009.1973179659572,0.07526464175900216,1729840894.0496223
200.92082882431558,2009.2082882431557,0.07479717454198465,1729840894.0596519
200.92191903819702,2009.2191903819703,0.07433259570638029,1729840894.0696
200.92300248034405,2009.2300248034405,0.0738708875920171,1729840894.0796947
200.92407919260324,2009.2407919260324,0.07341203264437723,1729840894.0896149
200.9251492165652,2009.2514921656518,0.07295601341400548,1729840894.099544
200.9262125935661,2009.262125935661,0.07250281255591595,1729840894.109585
200.92726936468935,2009.2726936468935,0.07205241282897923,1729840894.1195335
200.92831957076692,2009.2831957076692,0.07160479709533973,1729840894.1296473
200.92936325238094,2009.2936325238093,0.07115994831981709,1729840894.1396682
200.9304004498652,2009.304004498652,0.07071784956932703,1729840894.1495697
200.93143120330666,2009.3143120330665,0.07027848401228987,1729840894.1595023
200.93245555254686,2009.3245555254684,0.06984183491803542,1729840894.1696103
200.9334735371834,2009.334735371834,0.06940788565624878,1729840894.1797616
200.9344851965715,2009.344851965715,0.06897661969638769,1729840894.1896198
200.93549056982533,2009.3549056982533,0.06854802060709986,1729840894.1995573
200.93648969581955,2009.3648969581955,0.0681220720556528,1729840894.209619
200.93748261319067,2009.3748261319067,0.0676987578073831,1729840894.219545
200.93846936033856,2009.3846936033856,0.06727806172511208,1729840894.2295513
200.93944997542783,2009.3944997542783,0.06685996776859504,1729840894.2397454
200.94042449638923,2009.4042449638923,0.06644445999395643,1729840894.2496116
200.94139296092106,2009.4139296092108,0.06603152255314981,1729840894.259613
200.9423554064906,2009.423554064906,0.0656211396933859,1729840894.2696044
200.9433118703355,2009.433118703355,0.06521329575660317,1729840894.2798297
200.94426238946505,2009.4426238946505,0.06480797517889236,1729840894.2895977
200.94520700066175,2009.4520700066175,0.06440516248999018,1729840894.299528
200.9461457404825,2009.461457404825,0.06400484231269665,1729840894.3098378
200.94707864526006,2009.4707864526006,0.06360699936237779,1729840894.3195825
200.94800575110432,2009.4800575110432,0.06321161844639711,1729840894.3295906
200.94892709390373,2009.4892709390374,0.06281868446361116,1729840894.3396413
200.9498427093266,2009.498427093266,0.062428182403804655,1729840894.3496022
200.95075263282234,2009.5075263282233,0.0620400973471984,1729840894.3596811
200.95165689962298,2009.5165689962298,0.06165441446390574,1729840894.3696475
200.9525555447442,2009.525555447442,0.061271119013413866,1729840894.379874
200.95344860298692,2009.5344860298692,0.060890196344089986,1729840894.389583
200.9543361089384,2009.543361089384,0.060511631892611106,1729840894.3995411
200.95521809697362,2009.5521809697361,0.06013541118350574,1729840894.4096293
200.9560946012565,2009.560946012565,0.05976151982860678,1729840894.4195344
200.95696565574121,2009.5696565574121,0.059389943526579,1729840894.4296112
200.95783129417347,2009.5783129417348,0.05902066806237549,1729840894.4396555
200.95869155009177,2009.5869155009177,0.058653679306761575,1729840894.4495203
200.95954645682858,2009.5954645682857,0.058288963215789025,1729840894.4596603
200.96039604751164,2009.6039604751163,0.057926505830344865,1729840894.4696407
200.96124035506523,2009.6124035506523,0.05756629327561846,1729840894.4797573
200.96207941221132,2009.6207941221132,0.05720831176061658,1729840894.4896257
200.9629132514709,2009.629132514709,0.05685254757768554,1729840894.4995742
200.96374190516502,2009.6374190516503,0.05649898710200851,1729840894.5096276
200.9645654054162,2009.6456540541622,0.05614761679114899,1729840894.5195699
200.96538378414954,2009.6538378414953,0.055798423184542756,1729840894.5296218
200.96619707309384,2009.6619707309383,0.05545139290302181,1729840894.5396414
200.96700530378288,2009.670053037829,0.055106512648357864,1729840894.5495095
200.96780850755664,2009.6780850755663,0.05476376920278625,1729840894.5596461
200.96860671556237,2009.6860671556237,0.05442314942850324,1729840894.5696013
200.9693999587558,2009.6939995875578,0.05408464026722548,1729840894.579739
200.97018826790224,2009.7018826790224,0.05374822873973528,1729840894.589593
200.9709716735779,2009.709716735779,0.05341390194539919,1729840894.5996225
200.97175020617087,2009.7175020617087,0.05308164706170082,1729840894.6095943
200.9725238958823,2009.725238958823,0.052751451343796774,1729840894.619509
200.97329277272755,2009.7329277272754,0.052423302124058324,1729840894.6295915
200.97405686653735,2009.7405686653735,0.05209718681161846,1729840894.63962
200.97481620695888,2009.7481620695887,0.051773092891913564,1729840894.6495647
200.97557082345682,2009.7557082345681,0.051451007926244685,1729840894.6596274
200.9763207453146,2009.7632074531462,0.0511309195513352,1729840894.6695445
200.9770660016354,2009.770660016354,0.0508128154788654,1729840894.6798477
200.9778066213432,2009.778066213432,0.050496683495069306,1729840894.6896439
200.97854263318405,2009.7854263318404,0.050182511460254986,1729840894.6995463
200.9792740657269,2009.7927406572692,0.04987028730839427,1729840894.7096505
200.98000094736494,2009.8000094736494,0.049559999046689285,1729840894.7196085
200.9807233063164,2009.807233063164,0.04925163475512129,1729840894.7296143
200.98144117062583,2009.8144117062584,0.04894518258605274,1729840894.739585
200.98215456816504,2009.8215456816504,0.048640630763776116,1729840894.7496102
200.98286352663422,2009.8286352663422,0.04833796758408937,1729840894.7596207
200.98356807356285,2009.8356807356286,0.048037181413876695,1729840894.7696102
200.98426823631092,2009.8426823631094,0.047738260690728396,1729840894.7798965
200.98496404206983,2009.8496404206983,0.04744119392244883,1729840894.78961
200.98565551786345,2009.8565551786346,0.04714596968670293,1729840894.799595
200.98634269054912,2009.8634269054912,0.04685257663058451,1729840894.8096445
200.98702558681873,2009.8702558681873,0.046561003470200646,1729840894.8195567
200.98770423319962,2009.877042331996,0.04627123899026664,1729840894.8295655
200.98837865605572,2009.8837865605572,0.04598327204371344,1729840894.8395898
200.98904888158836,2009.8904888158836,0.045697091551247127,1729840894.849584
200.98971493583747,2009.8971493583747,0.0454126865010025,1729840894.8596349
200.99037684468237,2009.9037684468237,0.045130045948084785,1729840894.869552
200.9910346338429,2009.910346338429,0.04484915901422859,1729840894.8800828
200.99168832888026,2009.9168832888026,0.044570014887357345,1729840894.8896904
200.99233795519805,2009.9233795519806,0.044292602821228044,1729840894.8996115
200.99298353804326,2009.9298353804327,0.0440169121350209,1729840894.9096272
200.99362510250714,2009.9362510250714,0.04374293221294501,1729840894.9195595
200.9942626735262,2009.9426267352621,0.04347065250387061,1729840894.9296074
200.99489627588318,2009.9489627588318,0.043200062520931226,1729840894.9395912
200.99552593420788,2009.9552593420788,0.04293115184115415,1729840894.9495556
200.99615167297821,2009.961516729782,0.04266391010506965,1729840894.9596047
200.99677351652107,2009.9677351652108,0.04239832701633972,1729840894.9695888
200.99739148901324,2009.9739148901324,0.04213439234138505,1729840894.9798474
200.9980056144823,2009.980056144823,0.0418720959090102,1729840894.9896822
200.99861591680764,2009.9861591680765,0.041611427610037666,1729840894.9996097
200.9992224197212,2009.9922241972122,0.04135237739692599,1729840895.0096068
200.99982514680852,2009.998251468085,0.041094935283405576,1729840895.0195334
201.00042412150952,2010.0042412150951,0.040839091344134104,1729840895.0296478
201.00101936711948,2010.0101936711949,0.04058483571430571,1729840895.0396302
201.00161090678986,2010.0161090678987,0.04033215858930461,1729840895.0495543
201.00219876352918,2010.0219876352917,0.04008105022434805,1729840895.0596
201.00278296020392,2010.0278296020392,0.039831500934131014,1729840895.0696034
201.0033635195394,2010.0336351953938,0.039583501092467444,1729840895.0797648
201.00394046412057,2010.0394046412057,0.039337041131924266,1729840895.0896664
201.00451381639294,2010.0451381639296,0.03909211154350167,1729840895.0995984
201.00508359866342,2010.0508359866342,0.03884870287627784,1729840895.1096296
201.00564983310113,2010.0564983310114,0.03860680573702524,1729840895.119567
201.00621254173825,2010.0621254173825,0.0383664107899051,1729840895.1296706
201.00677174647092,2010.0677174647092,0.03812750875612814,1729840895.1395905
201.00732746906,2010.0732746905999,0.037890090413574384,1729840895.1495278
201.00787973113188,2010.0787973113188,0.037654146596491245,1729840895.1595137
201.0084285541794,2010.084285541794,0.03741966819514353,1729840895.169474
201.00897395956258,2010.0897395956258,0.03718664615548484,1729840895.1797686
201.00951596850945,2010.0951596850946,0.03695507147880939,1729840895.1897078
201.01005460211687,2010.1005460211686,0.036724935221442934,1729840895.199664
201.01058988135134,2010.1058988135132,0.0364962284943946,1729840895.2096553
201.01112182704975,2010.1112182704974,0.03626894246303536,1729840895.2195728
201.01165045992028,2010.1165045992027,0.03604306834678539,1729840895.2296267
201.01217580054305,2010.1217580054304,0.03581859741875704,1729840895.239611
201.01269786937098,2010.1269786937098,0.035595521005472364,1729840895.2495985
201.01321668673057,2010.1321668673058,0.0353738304865292,1729840895.259618
201.01373227282266,2010.1373227282265,0.03515351729427074,1729840895.2695515
201.01424464772322,2010.1424464772322,0.03493457291348534,1729840895.2798927
201.01475383138404,2010.1475383138404,0.034716988881069,1729840895.2896647
201.0152598436336,2010.1525984363361,0.03450075678575004,1729840895.2996411
201.01576270417772,2010.1576270417772,0.03428586826774449,1729840895.3096216
201.0162624326004,2010.1626243260039,0.03407231501847896,1729840895.3195448
201.01675904836452,2010.1675904836452,0.03386008878023716,1729840895.3296022
201.01725257081256,2010.1725257081257,0.03364918134589878,1729840895.3397322
201.0177430191674,2010.177430191674,0.03343958455861973,1729840895.3495812
201.018230412533,2010.1823041253301,0.03323129031152483,1729840895.3595362
201.01871476989518,2010.1871476989518,0.03302429054740941,1729840895.3696134
201.01919611012227,2010.1919611012227,0.03281857725843906,1729840895.3797271
201.01967445196587,2010.1967445196588,0.03261414248587435,1729840895.3896515
201.0201498140616,2010.201498140616,0.032410978319747485,1729840895.3995872
201.02062221492974,2010.2062221492974,0.03220907689858166,1729840895.4096653
201.021091672976,2010.2109167297601,0.03200843040909973,1729840895.4195633
201.02155820649224,2010.2155820649225,0.031809031085932915,1729840895.4296508
201.02202183365705,2010.2202183365705,0.031610871211317004,1729840895.4395986
201.02248257253655,2010.2248257253655,0.03141394311483836,1729840895.4496093
201.02294044108504,2010.2294044108503,0.031218239173126605,1729840895.4596145
201.0233954571457,2010.2339545714572,0.031023751809575728,1729840895.4696388
201.02384763845131,2010.2384763845132,0.030830473494068755,1729840895.4797273
201.02429700262482,2010.2429700262483,0.030638396742675766,1729840895.4896324
201.02474356718014,2010.2474356718014,0.030447514117405206,1729840895.4996333
201.02518734952272,2010.2518734952273,0.0302578182259019,1729840895.509678
201.0256283669503,2010.2562836695029,0.030069301721193042,1729840895.5196028
201.02606663665344,2010.2606663665345,0.02988195730140042,1729840895.529646
201.02650217571636,2010.2650217571636,0.02969577770947751,1729840895.5396273
201.02693500111747,2010.2693500111745,0.029510755732927052,1729840895.5495944
201.02736512973001,2010.2736512973001,0.029326884203534576,1729840895.5596466
201.0277925783228,2010.2779257832278,0.029144155997110843,1729840895.5695376
201.02821736356069,2010.2821736356068,0.028962564033221838,1729840895.5796914
201.02863950200546,2010.2863950200547,0.0287821012749383,1729840895.5898566
201.02905901011624,2010.2905901011625,0.028602760728524856,1729840895.599599
201.02947590425023,2010.2947590425024,0.028424535443241083,1729840895.6095934
201.02989020066332,2010.2989020066332,0.02824741851104129,1729840895.6195648
201.03030191551068,2010.3030191551068,0.028071403066327605,1729840895.6296818
201.03071106484742,2010.3071106484742,0.027896482285701296,1729840895.639715
201.0311176646292,2010.3111766462919,0.027722649387692755,1729840895.6496232
201.0315217307128,2010.315217307128,0.027549897632525244,1729840895.6595757
201.0319232788568,2010.319232788568,0.027378220321839564,1729840895.669613
201.0323223247221,2010.323223247221,0.0272076107984649,1729840895.6796277
201.03271888387258,2010.3271888387258,0.027038062446163025,1729840895.6896021
201.03311297177567,2010.3311297177565,0.026869568689367185,1729840895.6996233
201.03350460380295,2010.3350460380295,0.026702122992972477,1729840895.7096782
201.0338937952308,2010.338937952308,0.026535718862048085,1729840895.719614
201.03428056124082,2010.3428056124083,0.02637034984159925,1729840895.7296789
201.0346649169206,2010.346649169206,0.02620600951636831,1729840895.7396834
201.0350468772642,2010.350468772642,0.026042691510546945,1729840895.7495956
201.0354264571727,2010.3542645717268,0.025880389487554112,1729840895.7595887
201.03580367145486,2010.3580367145487,0.025719097149812242,1729840895.7695262
201.03617853482766,2010.3617853482765,0.025558808238479003,1729840895.7797515
201.03655106191678,2010.3655106191677,0.025399516533232358,1729840895.7896028
201.03692126725733,2010.3692126725732,0.025241215852053855,1729840895.7995992
201.0372891652942,2010.372891652942,0.02508390005094796,1729840895.8096116
201.0376547703828,2010.376547703828,0.024927563023767974,1729840895.8195617
201.0380180967895,2010.380180967895,0.024772198701940695,1729840895.8295712
201.0383791586922,2010.3837915869221,0.024617801054267474,1729840895.8396204
201.03873797018096,2010.3873797018096,0.024464364086689727,1729840895.8496215
201.03909454525837,2010.3909454525838,0.024311881842038474,1729840895.8596585
201.03944889784023,2010.3944889784023,0.02416034839986203,1729840895.869624
201.03980104175608,2010.3980104175607,0.024009757876156,1729840895.879776
201.04015099074962,2010.4015099074963,0.023860104423159,1729840895.8895576
201.04049875847937,2010.4049875847936,0.023711382229137712,1729840895.8997386
201.04084435851908,2010.4084435851908,0.023563585518163066,1729840895.9096417
201.04118780435837,2010.4118780435838,0.023416708549904186,1729840895.9195886
201.04152910940314,2010.4152910940315,0.02327074561937259,1729840895.929583
201.04186828697615,2010.4186828697616,0.023125691056760544,1729840895.9396644
201.04220535031754,2010.4220535031754,0.022981539227190595,1729840895.949648
201.04254031258526,2010.4254031258527,0.022838284530507735,1729840895.9596572
201.04287318685567,2010.4287318685567,0.02269592140109644,1729840895.9695926
201.043203986124,2010.4320398612401,0.02255444430762843,1729840895.9797473
201.04353272330485,2010.4353272330486,0.022413847752876137,1729840895.9896936
201.04385941123266,2010.4385941123267,0.022274126273526207,1729840895.9996572
201.04418406266228,2010.4418406266227,0.02213527443992902,1729840896.0096622
201.0445066902694,2010.445066902694,0.021997286855913956,1729840896.0196035
201.04482730665106,2010.4482730665106,0.021860158158601095,1729840896.0296392
201.0451459243261,2010.451459243261,0.021723883018170298,1729840896.0396178
201.04546255573575,2010.4546255573575,0.02158845613768534,1729840896.0496678
201.04577721324392,2010.4577721324392,0.02145387225286477,1729840896.059649
201.04608990913786,2010.4608990913787,0.021320126131927353,1729840896.0695865
201.04640065562853,2010.4640065562853,0.02118721257534517,1729840896.0797434
201.04670946485112,2010.4670946485112,0.021055126415683745,1729840896.0896041
201.0470163488655,2010.470163488655,0.020923862517379987,1729840896.0995643
201.04732131965667,2010.4732131965668,0.020793415776559243,1729840896.1096015
201.04762438913525,2010.4762438913526,0.02066378112084344,1729840896.1196084
201.04792556913787,2010.4792556913787,0.020534953509166343,1729840896.1296391
201.04822487142778,2010.4822487142778,0.020406927931578167,1729840896.13966
201.0485223076951,2010.485223076951,0.020279699409027074,1729840896.149587
201.04881788955743,2010.4881788955743,0.02015326299322595,1729840896.1595395
201.04911162856024,2010.4911162856024,0.020027613766414376,1729840896.169633
201.04940353617732,2010.4940353617733,0.019902746841195196,1729840896.1797628
201.04969362381124,2010.4969362381123,0.019778657360349783,1729840896.1896493
201.0499819027937,2010.4998190279368,0.01965534049663553,1729840896.1996377
201.0502683843861,2010.502683843861,0.019532791452650855,1729840896.2096655
201.0505530797799,2010.5055307977989,0.01941100546057939,1729840896.2195878
201.05083600009704,2010.5083600009702,0.019289977782085188,1729840896.229607
201.0511171563904,2010.511171563904,0.019169703708072916,1729840896.2396586
201.05139655964427,2010.5139655964426,0.019050178558551067,1729840896.2496176
201.05167422077466,2010.5167422077466,0.018931397682415252,1729840896.259664
201.0519501506298,2010.5195015062982,0.018813356457314967,1729840896.269675
201.0522243599906,2010.5222435999058,0.018696050289440436,1729840896.279825
201.0524968595709,2010.5249685957092,0.018579474613368063,1729840896.289639
201.0527676600181,2010.5276766001812,0.01846362489187925,1729840896.299579
201.0530367719134,2010.5303677191341,0.018348496615805843,1729840896.309628
201.05330420577235,2010.5330420577234,0.01823408530382764,1729840896.3195446
201.05356997204507,2010.5356997204508,0.018120386502316066,1729840896.3296423
201.05383408111683,2010.5383408111684,0.018007395785179625,1729840896.339637
201.0540965433084,2010.5409654330838,0.017895108753684497,1729840896.3495972
201.05435736887637,2010.5435736887637,0.017783521036273342,1729840896.3596358
201.05461656801367,2010.5461656801367,0.017672628288419645,1729840896.3696551
201.0548741508499,2010.548741508499,0.017562426192451852,1729840896.380203
201.05513012745172,2010.5513012745173,0.017452910457381066,1729840896.3897424
201.0553845078232,2010.553845078232,0.01734407681876604,1729840896.3996167
201.05563730190627,2010.5563730190627,0.01723592103852134,1729840896.409644
201.05588851958115,2010.5588851958114,0.017128438904775223,1729840896.4195333
201.0561381706666,2010.561381706666,0.017021626231690234,1729840896.4295988
201.05638626492038,2010.5638626492037,0.01691547885931044,1729840896.4396563
201.05663281203962,2010.5663281203963,0.016809992653428196,1729840896.4495623
201.0568778216612,2010.568778216612,0.0167051635053852,1729840896.4596384
201.0571213033621,2010.571213033621,0.0166009873319517,1729840896.46955
201.0573632666598,2010.5736326665979,0.016497460075141746,1729840896.4797888
201.05760372101258,2010.5760372101258,0.016394577702067537,1729840896.489678
201.05784267582,2010.5784267582,0.016292336204813296,1729840896.4995723
201.0580801404232,2010.5808014042318,0.016190731600238095,1729840896.5096498
201.05831612410515,2010.5831612410516,0.01608975992985684,1729840896.5196
201.05855063609127,2010.5855063609126,0.01598941725967329,1729840896.5295784
201.05878368554957,2010.5878368554957,0.01588969968002729,1729840896.539695
201.05901528159106,2010.5901528159106,0.01579060330545623,1729840896.5495684
201.05924543327015,2010.5924543327014,0.015692124274549357,1729840896.5595949
201.05947414958496,2010.5947414958496,0.015594258749775491,1729840896.5695662
201.05970143947764,2010.5970143947764,0.015497002917365776,1729840896.5798192
201.0599273118348,2010.599273118348,0.015400352987166244,1729840896.5896304
201.06015177548775,2010.6015177548775,0.015304305192456624,1729840896.5996017
201.06037483921295,2010.6037483921295,0.015208855789863307,1729840896.6096127
201.06059651173229,2010.6059651173227,0.01511400105916394,1729840896.619538
201.0608168017134,2010.608168017134,0.015019737303171965,1729840896.629588
201.06103571777004,2010.6103571777003,0.014926060847589184,1729840896.6396081
201.0612532684624,2010.612532684624,0.014832968040879635,1729840896.6495767
201.06146946229748,2010.6146946229749,0.014740455254107943,1729840896.6596296
201.06168430772934,2010.6168430772934,0.014648518880795436,1729840896.6696224
201.0618978131595,2010.618978131595,0.014557155336827776,1729840896.6797376
201.06210998693726,2010.6210998693725,0.014466361060256006,1729840896.689639
201.06232083735995,2010.6232083735995,0.014376132511200623,1729840896.6996377
201.06253037267334,2010.6253037267334,0.014286466171711254,1729840896.7096379
201.0627386010719,2010.6273860107192,0.014197358545615657,1729840896.719594
201.0629455306992,2010.629455306992,0.01410880615840604,1729840896.729627
201.06315116964808,2010.6315116964809,0.014020805557084515,1729840896.7396
201.06335552596107,2010.6335552596106,0.013933353310063623,1729840896.7496395
201.0635586076307,2010.6355860763072,0.01384644600700291,1729840896.759567
201.06376042259984,2010.6376042259985,0.013760080258691687,1729840896.76961
201.06396097876188,2010.6396097876188,0.01367425269690159,1729840896.779884
201.06416028396114,2010.6416028396116,0.013588959974288883,1729840896.7896473
201.06435834599316,2010.6435834599315,0.013504198764255904,1729840896.7995896
201.06455517260497,2010.6455517260497,0.013419965760807173,1729840896.8096
201.06475077149545,2010.6475077149546,0.013336257678435715,1729840896.8195689
201.0649451503156,2010.649451503156,0.013253071251989823,1729840896.8296702
201.06513831666874,2010.6513831666873,0.013170403236552275,1729840896.8396006
201.065330278111,2010.65330278111,0.013088250407333746,1729840896.8496006
201.06552104215143,2010.6552104215143,0.013006609559509386,1729840896.8596213
201.0657106162524,2010.657106162524,0.012925477508126448,1729840896.8696692
201.06589900782984,2010.6589900782983,0.012844851087987053,1729840896.8797772
201.06608622425358,2010.6608622425358,0.012764727153498967,1729840896.8896806
201.06627227284758,2010.6627227284757,0.0126851025785637,1729840896.8995433
201.06645716089022,2010.6645716089022,0.012605974256468144,1729840896.909615
201.0666408956146,2010.666408956146,0.012527339099767332,1729840896.9195442
201.06682348420884,2010.6682348420884,0.012449194040156542,1729840896.9296594
201.0670049338163,2010.670049338163,0.012371536028339847,1729840896.9396162
201.06718525153593,2010.6718525153592,0.012294362033953732,1729840896.94955
201.0673644444225,2010.6736444442251,0.012217669045394786,1729840896.959576
201.06754251948692,2010.6754251948691,0.012141454069753976,1729840896.9695263
201.06771948369638,2010.6771948369637,0.012065714132669214,1729840896.9797196
201.0678953439748,2010.678953439748,0.011990446278240086,1729840896.9896188
201.068070107203,2010.68070107203,0.011915647568876864,1729840896.9995253
201.06824378021895,2010.6824378021895,0.011841315085233006,1729840897.0096712
201.06841636981812,2010.6841636981812,0.011767445926043507,1729840897.0195425
201.06858788275363,2010.6858788275363,0.011694037208046737,1729840897.0296147
201.06875832573664,2010.6875832573664,0.01162108606588319,1729840897.0396173
201.0689277054365,2010.689277054365,0.011548589651935615,1729840897.049615
201.06909602848106,2010.6909602848104,0.011476545136272165,1729840897.0597193
201.0692633014569,2010.692633014569,0.01140494970650785,1729840897.069563
201.0694295309097,2010.694295309097,0.011333800567722818,1729840897.0798318
201.0695947233443,2010.695947233443,0.011263094942307816,1729840897.0896208
201.06975888522507,2010.6975888522506,0.011192830069905568,1729840897.0995717
201.06992202297621,2010.6992202297622,0.011123003207284654,1729840897.1096303
201.07008414298187,2010.7008414298186,0.011053611628218718,1729840897.1195762
201.0702452515865,2010.702452515865,0.010984652623418967,1729840897.129742
201.07040535509503,2010.7040535509504,0.010916123500392061,1729840897.1397033
201.07056445977318,2010.7056445977319,0.010848021583361955,1729840897.1496067
201.07072257184765,2010.7072257184766,0.01078034421315266,1729840897.159516
201.07087969750637,2010.7087969750637,0.010713088747085209,1729840897.169568
201.07103584289877,2010.7103584289875,0.010646252558901281,1729840897.1797853
201.071191014136,2010.71191014136,0.010579833038619313,1729840897.1895683
201.07134521729114,2010.7134521729113,0.010513827592466995,1729840897.1995852
201.0714984583995,2010.714984583995,0.01044823364277292,1729840897.2095876
201.0716507434588,2010.716507434588,0.010383048627861768,1729840897.2195125
201.07180207842944,2010.7180207842944,0.010318270001961949,1729840897.229674
201.07195246923467,2010.7195246923468,0.010253895235095456,1729840897.2396863
201.07210192176092,2010.7210192176092,0.010189921813012148,1729840897.2496402
201.07225044185793,2010.7225044185793,0.01012634723704231,1729840897.2596757
201.07239803533906,2010.7239803533907,0.010063169024043361,1729840897.269617
201.07254470798142,2010.7254470798143,0.01000038470628084,1729840897.2798011
201.07269046552622,2010.7269046552622,0.00993799183136268,1729840897.28967
