0.009698896379873973,0.09698896379873972,0.6612868866121195,1729841300.2568336
0.019452994971923897,0.19452994971923898,0.6650506652518919,1729841300.2596993
0.02926259360268331,0.29262593602683307,0.6688347502000733,1729841300.2696276
0.03912799151721286,0.39127991517212857,0.6726392381742008,1729841300.28024
0.049049489383673685,0.49049489383673683,0.6764642262036331,1729841300.2896132
0.059027389297888255,0.5902738929788826,0.6803098116286945,1729841300.2996252
0.06906199478788902,0.6906199478788901,0.6841760920998434,1729841300.3096886
0.07915361081845412,0.7915361081845412,0.6880631655767895,1729841300.3196456
0.08930254379562919,0.8930254379562919,0.6919711303275486,1729841300.3296268
0.09950910157123569,0.9950910157123569,0.695900084927523,1729841300.3397236
0.10977359344736487,1.0977359344736488,0.6998501282585166,1729841300.3496113
0.12009633018085694,1.2009633018085695,0.7038213595077336,1729841300.3596509
0.1304776239877647,1.304776239877647,0.7078138781667145,1729841300.3696158
0.140917788547802,1.40917788547802,0.7118277840303071,1729841300.379804
0.15141713900877582,1.5141713900877583,0.7158631771955408,1729841300.3897467
0.16197599199100163,1.6197599199100163,0.7199201580604913,1729841300.399646
0.17259466559170164,1.7259466559170165,0.7239988273231204,1729841300.409688
0.18327347938938565,1.8327347938938565,0.7280992859800774,1729841300.4196715
0.19401275444821364,1.9401275444821364,0.7322216353254645,1729841300.4296443
0.20481281332234,2.0481281332234,0.7363659769495767,1729841300.4401875
0.2156739800602385,2.156739800602385,0.7405324127375954,1729841300.449594
0.2265965802090078,2.265965802090078,0.7447210448682606,1729841300.4596221
0.2375809408186568,2.375809408186568,0.7489319758124859,1729841300.4696062
0.24862739044636953,2.4862739044636952,0.7531653083319851,1729841300.4798281
0.2597362591607489,2.5973625916074887,0.7574211454778068,1729841300.489849
0.2709078785460386,2.709078785460386,0.7616995905888653,1729841300.4995885
0.28214258170632334,2.8214258170632336,0.7660007472904431,1729841300.5095987
0.2934407032697058,2.9344070326970577,0.7703247194926226,1729841300.5198686
0.30480257939246075,3.0480257939246074,0.7746716113887226,1729841300.529621
0.3162285477631652,3.1622854776316522,0.779041527453652,1729841300.5401382
0.3277189476068044,3.2771894760680444,0.783434572442282,1729841300.5496042
0.3392741196888527,3.392741196888527,0.7878508513877203,1729841300.559626
0.35089440631932906,3.5089440631932907,0.7922904695995927,1729841300.569563
0.3625801513568266,3.6258015135682657,0.7967535326622566,1729841300.5799754
0.37433170021251544,3.7433170021251545,0.8012401464329975,1729841300.5900867
0.38614939985411856,3.8614939985411856,0.805750417040173,1729841300.5996716
0.39803359880985945,3.9803359880985942,0.8102844508813087,1729841300.6097493
0.4099846471723819,4.099846471723819,0.8148423546211829,1729841300.6195915
0.4220028966026408,4.220028966026408,0.8194242351898409,1729841300.6295853
0.43408870033376257,4.340887003337626,0.8240301997805768,1729841300.6397529
0.44624241317487684,4.462424131748769,0.8286603558478911,1729841300.6495926
0.45846439151491586,4.584643915149159,0.8333148111053641,1729841300.6596804
0.47075499332638376,4.707549933263838,0.8379936735235545,1729841300.6695454
0.48311457816909265,4.8311457816909265,0.8426970513277612,1729841300.6804166
0.495543507193867,4.955435071938671,0.8474250529958598,1729841300.6898227
0.5080421431462143,5.080421431462144,0.852177787255979,1729841300.699627
0.5206108503699614,5.206108503699614,0.8569553630842022,1729841300.7096336
0.5332499948108571,5.3324999481085715,0.8617578897022329,1729841300.719667
0.5459599440201388,5.459599440201388,0.8665854765749421,1729841300.7296364
0.5587410671580634,5.587410671580634,0.8714382334079647,1729841300.7397602
0.5715937349974017,5.715937349974017,0.8763162701451803,1729841300.749603
0.5845183199268955,5.845183199268956,0.8812196969661736,1729841300.7595959
0.5975151959546766,5.975151959546766,0.8861486242836565,1729841300.7695427
0.6105847387116474,6.105847387116475,0.8911031627408212,1729841300.779699
0.6237273254548222,6.237273254548223,0.8960834232086834,1729841300.7899272
0.6369433350706281,6.369433350706281,0.9010895167833122,1729841300.7995877
0.6502331480781652,6.502331480781653,0.9061215547830932,1729841300.809941
0.6635971466324265,6.635971466324265,0.9111796487458863,1729841300.8196487
0.6770357145274736,6.770357145274736,0.916263910426139,1729841300.8296394
0.6905492371995711,6.90549237199571,0.9213744517919855,1729841300.8401487
0.704138101730277,7.04138101730277,0.9265113850222593,1729841300.8496184
0.7178026968494886,7.178026968494886,0.9316748225034674,1729841300.8596544
0.7315434129384432,7.315434129384432,0.9368648768267287,1729841300.869683
0.7453606420326733,7.453606420326732,0.9420816607846396,1729841300.880392
0.7592547778249148,7.592547778249148,0.947325287368088,1729841300.8898304
0.7732262156679685,7.732262156679685,0.9525958697630446,1729841300.8996875
0.7872753525775125,7.872753525775124,0.9578935213472699,1729841300.9098268
0.8014025872348667,8.014025872348666,0.9632183556869764,1729841300.9196825
0.815608319989707,8.15608319989707,0.968570486533457,1729841300.92965
0.8298929528627292,8.298929528627292,0.9739500278196351,1729841300.9402187
0.844256889548262,8.44256889548262,0.9793570936565621,1729841300.9496212
0.8587005354168268,8.587005354168268,0.9847917983298784,1729841300.9597232
0.8732242975176465,8.732242975176465,0.9902542562962167,1729841300.969562
0.887828584581099,8.878285845810991,0.9957445821795281,1729841300.9797423
0.9025138070211169,9.02513807021117,1.001262890767377,1729841300.9904892
0.9172803769375321,9.17280376937532,1.0068092970071734,1729841300.9997094
0.9321287081183633,9.321287081183634,1.0123839160023265,1729841301.0101128
0.9470592160420487,9.470592160420487,1.0179868630084015,1729841301.0196364
0.9620723178796176,9.620723178796176,1.0236182534291205,1729841301.0296614
0.9771684324968065,9.771684324968065,1.0292782028124192,1729841301.040669
0.9923479804561139,9.92347980456114,1.0349668268463559,1729841301.0496595
1.0076113840187955,10.076113840187954,1.040684241355008,1729841301.0597003
1.0229590671467972,10.229590671467971,1.0464305622942958,1729841301.0696795
1.0383914555046276,10.383914555046276,1.0522059057477426,1729841301.079783
1.053908976461166,10.53908976461166,1.0580103879221918,1729841301.0900843
1.0695120590914076,10.695120590914076,1.0638441251434527,1729841301.099569
1.0852011341781427,10.852011341781427,1.0697072338518618,1729841301.1096487
1.100976634213572,11.00976634213572,1.0755998305978436,1729841301.1202068
1.116838993400854,11.168389934008541,1.0815220320373344,1729841301.1296527
1.132788647655585,11.32788647655585,1.0874739549272265,1729841301.1397727
1.148826034607212,11.48826034607212,1.0934557161206693,1729841301.1495657
1.1649515936003745,11.649515936003745,1.0994674325623548,1729841301.1595852
1.1811657656961767,11.811657656961767,1.1055092212837432,1729841301.1695893
1.1974689936733902,11.974689936733903,1.1115811993981952,1729841301.1798155
1.2138617220295822,12.138617220295822,1.117683484096075,1729841301.1898282
1.2303443969821715,12.303443969821714,1.1238161926397459,1729841301.1996133
1.2469174664694118,12.469174664694119,1.1299794423585647,1729841301.2099535
1.263581380151298,12.635813801512981,1.1361733506437182,1729841301.2196057
1.2803365894103982,12.803365894103981,1.1423980349431047,1729841301.229617
1.2971835473526074,12.971835473526074,1.1486536127560625,1729841301.2397754
1.3141227088078258,13.141227088078258,1.15494020162806,1729841301.2495964
1.331154530330555,13.31154530330555,1.1612579191453511,1729841301.2596686
1.348279470200417,13.48279470200417,1.1676068829294926,1729841301.269561
1.3654979884225917,13.654979884225916,1.1739872106318823,1729841301.279812
1.3828105467281717,13.828105467281716,1.1803990199281353,1729841301.2898111
1.4002176085744358,14.002176085744358,1.18684242851249,1729841301.2996006
1.4177196391450377,14.177196391450376,1.1933175540920635,1729841301.309625
1.4353171053501106,14.353171053501105,1.1998245143810673,1729841301.3196645
1.4530104758262847,14.530104758262848,1.2063634270949868,1729841301.3296351
1.4708002209366196,14.708002209366196,1.2129344099446302,1729841301.3398077
1.4886868127704478,14.886868127704478,1.2195375806301494,1729841301.349614
1.5066707251431295,15.066707251431295,1.2261730568349878,1729841301.3596315
1.5247524335957174,15.247524335957173,1.2328409562197378,1729841301.3695898
1.5429324153945314,15.429324153945315,1.2395413964159536,1729841301.3798413
1.561211149530639,15.61211149530639,1.246274495019849,1729841301.3896692
1.579589116719246,15.79589116719246,1.2530403695859873,1729841301.3996208
1.5980667993989897,15.980667993989897,1.2598391376208442,1729841301.4098032
1.6166446817311395,16.166446817311396,1.2666709165763133,1729841301.4196181
1.6353232495987,16.353232495987,1.2735358238431653,1729841301.4296103
1.6541029906054168,16.541029906054167,1.2804339767443838,1729841301.4398873
1.6729843940746845,16.729843940746846,1.2873654925284959,1729841301.4495986
1.6919679510483543,16.919679510483544,1.294330488362743,1729841301.4596426
1.711054154285442,17.11054154285442,1.3013290813262606,1729841301.4695683
1.7302434982607344,17.302434982607345,1.3083613884031442,1729841301.4797647
1.7495364791632915,17.495364791632916,1.3154275264754178,1729841301.489695
1.7689335948948464,17.689335948948465,1.3225276123159928,1729841301.4996817
1.7884353450681,17.884353450681,1.329661762581477,1729841301.5096886
1.8080422310049096,18.080422310049094,1.3368300938049738,1729841301.5196555
1.8277547557343687,18.277547557343688,1.344032722388761,1729841301.529626
1.8475734239907824,18.475734239907823,1.351269764596916,1729841301.5400286
1.8674987422115286,18.674987422115287,1.3585413365478411,1729841301.549603
1.887531218534813,18.87531218534813,1.365847554206763,1729841301.5596201
1.9076713627973096,19.076713627973096,1.3731885333780982,1729841301.5695508
1.9279196865316897,19.279196865316898,1.3805643896977566,1729841301.5797381
1.9482767029640369,19.482767029640367,1.387975238625405,1729841301.5897193
1.968742927011147,19.68742927011147,1.39542119543661,1729841301.5996382
1.9893188752777116,19.893188752777114,1.4029023752149217,1729841301.609701
2.0100050660533846,20.100050660533846,1.4104188928438701,1729841301.6195862
2.0308020193097303,20.308020193097303,1.4179708629988907,1729841301.629654
2.051710256697052,20.51710256697052,1.4255584001391972,1729841301.639799
2.0727303015410987,20.72730301541099,1.4331816184995072,1729841301.64966
2.0938626788396526,20.938626788396526,1.4408406320817717,1729841301.6596425
2.1151079152589904,21.151079152589904,1.448535554646764,1729841301.6696084
2.1364665391302227,21.364665391302225,1.4562664997056116,1729841301.68046
2.1579390804455074,21.579390804455073,1.4640335805112772,1729841301.6900465
2.179526070854136,21.79526070854136,1.4718369100498931,1729841301.699536
2.2012280436584937,22.012280436584938,1.479676601032102,1729841301.709672
2.223045533809888,22.230455338098878,1.48755276588423,1729841301.7197773
2.2449790779042504,22.449790779042505,1.4954655167394562,1729841301.7296488
2.2670292141777058,22.670292141777058,1.5034149654288582,1729841301.7401195
2.289196482502008,22.891964825020082,1.5114012234723904,1729841301.74963
2.3114814243798447,23.11481424379845,1.519424402069774,1729841301.7596297
2.333884582940005,23.33884582940005,1.5274846120913426,1729841301.7696033
2.356406502932412,23.56406502932412,1.5355819640687456,1729841301.7797554
2.3790477307230202,23.7904773072302,1.5437165681856462,1729841301.790064
2.4018088142885725,24.018088142885723,1.5518885342682565,1729841301.7995522
2.424690303211218,24.24690303211218,1.5600979717758803,1729841301.809673
2.4476927486729902,24.476927486729902,1.5683449897913049,1729841301.8195891
2.4708167034501436,24.708167034501436,1.5766296970111482,1729841301.8296351
2.494062721907347,24.94062721907347,1.584952201736119,1729841301.840125
2.5174313599917313,25.174313599917312,1.5933126118612029,1729841301.8496737
2.540923175226797,25.40923175226797,1.6017110348657513,1729841301.8596332
2.5645387267061674,25.645387267061675,1.6101475778035026,1729841301.8695571
2.588278575087203,25.88278575087203,1.6186223472925347,1729841301.8798018
2.61214328258446,26.1214328258446,1.627135449505117,1729841301.8896627
2.6361334129630025,26.361334129630023,1.6356869901574849,1729841301.8996255
2.6602495315315653,26.602495315315654,1.6442770744995576,1729841301.9096029
2.684492205135559,26.84492205135559,1.6529058073045422,1729841301.9200587
2.7088620021499263,27.088620021499263,1.6615732928584956,1729841301.9296303
2.7333594924718443,27.333594924718444,1.6702796349497737,1729841301.9397886
2.7579852475132656,27.579852475132654,1.6790249368584205,1729841301.949599
2.782739840193309,27.827398401933088,1.687809301345473,1729841301.9596164
2.807623844930489,28.076238449304892,1.6966328306422034,1729841301.969517
2.8326378376347856,28.326378376347854,1.7054956264392322,1729841301.9798892
2.8577823956995547,28.577823956995548,1.7143977898756424,1729841301.990054
2.8830580979932785,28.830580979932783,1.7233394215279427,1729841301.9995735
2.908465524851151,29.08465524851151,1.7323206213989908,1729841302.0096877
2.934005258066501,29.34005258066501,1.7413414889068284,1729841302.0195806
2.959677880882049,29.596778808820492,1.7504021228734532,1729841302.0296195
2.985483977981001,29.85483977981001,1.759502621513484,1729841302.039949
3.011424135477971,30.114241354779708,1.7686430824227772,1729841302.0496109
3.0374989409097397,30.374989409097395,1.777823602566951,1729841302.0597427
3.0637089832258404,30.637089832258404,1.7870442782698606,1729841302.0695693
3.0900548527789757,30.90054852778976,1.7963052052019306,1729841302.079812
3.116537141315263,31.16537141315263,1.8056064783685193,1729841302.0899274
3.143156441964308,31.43156441964308,1.8149481920980846,1729841302.0996573
3.169913349229102,31.69913349229102,1.8243304400303837,1729841302.109741
3.1968084589757457,31.968084589757456,1.8337533151045344,1729841302.1197326
3.223842368422999,32.23842368422999,1.8432169095470121,1729841302.1296523
3.2510156761316504,32.5101567613165,1.8527213148595953,1729841302.139777
3.2783289819937105,32.7832898199371,1.8622666218072352,1729841302.1495912
3.3057828872214263,33.057828872214266,1.8718529204058163,1729841302.159533
3.3333779943361144,33.333779943361144,1.88148029990988,1729841302.16959
3.3611149071568134,33.611149071568136,1.891148848800283,1729841302.1798196
3.388994230788754,33.889942307887544,1.9008586547717619,1729841302.1905885
3.417016571611647,34.17016571611647,1.9106098047204283,1729841302.199594
3.4451825372677845,34.451825372677845,1.9204023847312206,1729841302.2098522
3.4734927366499577,34.734927366499576,1.9302364800652543,1729841302.2195725
3.501947779889188,35.01947779889188,1.940112175147121,1729841302.229612
3.5305482783422706,35.305482783422704,1.9500295535521188,1729841302.2397687
3.5592948445791306,35.59294844579131,1.9599886979934136,1729841302.2496207
3.588188092369988,35.88188092369988,1.9699896903091452,1729841302.2596364
3.6172286366723334,36.172286366723334,1.980032611449433,1729841302.2695286
3.646417093617714,36.46417093617714,1.9901175414633647,1729841302.2799208
3.6757540804983253,36.75754080498325,2.000244559485875,1729841302.2896147
3.705240215753411,37.05240215753411,2.010413743724607,1729841302.2996027
3.734876118955468,37.34876118955468,2.020625171446669,1729841302.3096132
3.764662410796257,37.646624107962566,2.030878918965353,1729841302.3199751
3.7945997130726186,37.945997130726184,2.0411750616267827,1729841302.329615
3.82468864867209,38.246886486720896,2.051513673796503,1729841302.3397586
3.854929841558326,38.54929841558326,2.061894828846034,1729841302.349604
3.8853239167563225,38.853239167563224,2.0723185991393063,1729841302.3596258
3.915871500337438,39.158715003374375,2.082785056019107,1729841302.3695369
3.9465732194042173,39.465732194042175,2.0932942697934322,1729841302.3797495
3.977429702075014,39.77429702075014,2.103846309721794,1729841302.3897083
4.00844157746841,40.0844157746841,2.1144412440014495,1729841302.3996124
4.039609475687435,40.39609475687435,2.1250791397536215,1729841302.4098759
4.070934027803578,40.70934027803578,2.1357600630096325,1729841302.4196146
4.102415865840603,41.02415865840604,2.1464840786969965,1729841302.429673
4.134055622758152,41.340556227581516,2.157251250625455,1729841302.4400668
4.165853932435144,41.65853932435144,2.1680616414729794,1729841302.4495687
4.1978114296529725,41.978114296529725,2.1789153127716965,1729841302.459623
4.229928750078493,42.29928750078493,2.189812324893813,1729841302.46955
4.2622065302468,42.622065302468,2.2007527370374405,1729841302.4800878
4.294645407543802,42.94645407543803,2.2117366072124067,1729841302.4896834
4.327246020188584,43.272460201885835,2.2227639922260334,1729841302.4995944
4.360009007215559,43.60009007215559,2.2338349476688375,1729841302.5096228
4.392935008456413,43.92935008456413,2.244949527900218,1729841302.5196986
4.426024664521839,44.260246645218395,2.2561077860341,1729841302.5296311
4.459278616783058,44.59278616783058,2.267309773924511,1729841302.5399957
4.492697507353126,44.92697507353127,2.2785555421511914,1729841302.54961
4.526281979068039,45.26281979068039,2.2898451400050783,1729841302.5596411
4.560032675467609,45.60032675467609,2.301178615473815,1729841302.5695899
4.593950240776142,45.93950240776142,2.3125560152272175,1729841302.5798538
4.628035319882894,46.28035319882894,2.3239773846026974,1729841302.5897942
4.662288558322317,46.622885583223166,2.3354427675906697,1729841302.5996363
4.696710602254082,46.96710602254082,2.346952206819905,1729841302.6097448
4.731302098442902,47.31302098442902,2.3585057435428958,1729841302.6196263
4.7660636942381265,47.66063694238127,2.3701034176211566,1729841302.6296546
4.800996037553123,48.00996037553123,2.3817452675105395,1729841302.639782
4.836099776844449,48.36099776844449,2.393431330246477,1729841302.64959
4.8713755610908,48.713755610908,2.405161641429266,1729841302.659633
4.9068240397717435,49.06824039771743,2.4169362352092723,1729841302.669519
4.94244586284624,49.4244586284624,2.428755144272171,1729841302.6801527
4.978241680730941,49.7824168073094,2.44061839982412,1729841302.6897733
5.014212144278271,50.14212144278271,2.452526031576973,1729841302.6996348
5.050357904754296,50.503579047542964,2.4644780677334275,1729841302.7096627
5.086679613816373,50.86679613816373,2.4764745349722084,1729841302.7200608
5.123177923490576,51.23177923490576,2.4885154584332154,1729841302.7296054
5.1598534861489105,51.59853486148911,2.5006008617026607,1729841302.7397575
5.19670695448631,51.9670695448631,2.512730766798228,1729841302.7496412
5.233738981497412,52.33738981497412,2.5249051941542042,1729841302.7596643
5.2709502204531145,52.70950220453115,2.5371241626066086,1729841302.769585
5.30834132487692,53.0834132487692,2.5493876893783565,1729841302.7797039
5.345912948521057,53.45912948521057,2.5616957900643778,1729841302.789815
5.383665745342386,53.836657453423854,2.5740484786167785,1729841302.799514
5.421600369478084,54.216003694780845,2.5864457673299786,1729841302.81056
5.45971747522112,54.597174752211195,2.598887666825898,1729841302.819597
5.498017716995499,54.98017716995499,2.6113741860391064,1729841302.8296618
5.536501749331307,55.36501749331307,2.6239053322020167,1729841302.8400607
5.575170226839519,55.751702268395185,2.6364811108300934,1729841302.8495805
5.614023804186607,56.14023804186607,2.6491015257070645,1729841302.8596854
5.653063136068922,56.53063136068922,2.6617665788701546,1729841302.8695939
5.692288877186863,56.92288877186863,2.6744762705953535,1729841302.8798268
5.731701682218829,57.31701682218829,2.687230599382688,1729841302.8896716
5.771302205794957,57.713022057949566,2.7000295619415295,1729841302.8995447
5.811091102470642,58.11091102470642,2.712873153175951,1729841302.9096205
5.851069026699848,58.51069026699848,2.7257613661700697,1729841302.9200485
5.891236632808199,58.91236632808199,2.738694192173454,1729841302.9296386
5.931594574965856,59.31594574965856,2.7516716205865652,1729841302.9399457
5.9721435071601885,59.72143507160189,2.764693638946217,1729841302.9495664
6.012884083168226,60.128840831682254,2.7777602329111026,1729841302.959691
6.0538169565289,60.538169565288996,2.79087138624734,1729841302.9696078
6.094942780515075,60.949427805150755,2.804027080814061,1729841302.980157
6.1362622081053715,61.362622081053715,2.8172272965490723,1729841302.9898117
6.177775891955772,61.77775891955772,2.8304720114545594,1729841302.9996557
6.219484484371026,62.194844843710264,2.843761201582809,1729841303.0097249
6.261388637275844,62.61388637275844,2.857094841022013,1729841303.0195792
6.303489002185879,63.034890021858786,2.870472901882155,1729841303.0296226
6.34578623017851,63.457862301785106,2.883895354280904,1729841303.0398543
6.388280971863416,63.882809718634164,2.8973621663295956,1729841303.0495982
6.430973877352943,64.30973877352943,2.9108733041193036,1729841303.0596728
6.473865596232269,64.7386559623227,2.924428731706908,1729841303.0696454
6.516956777529368,65.16956777529369,2.938028411101336,1729841303.079857
6.560248069684775,65.60248069684775,2.9516723022497633,1729841303.0897825
6.603740120521139,66.0374012052114,2.965360363023981,1729841303.0996296
6.64743357721259,66.4743357721259,2.979092549206798,1729841303.1096241
6.691329086253902,66.91329086253903,2.9928688144785243,1729841303.1196089
6.735427293429458,67.35427293429458,3.0066891104035482,1729841303.129619
6.779728843782021,67.79728843782021,3.0205533864170055,1729841303.140284
6.824234381581309,68.24234381581309,3.0344615898115324,1729841303.149639
6.868944550292385,68.68944550292385,3.0484136657240795,1729841303.1595666
6.9138599925438395,69.1385999254384,3.0624095571228906,1729841303.1695027
6.958981350095799,69.58981350095799,3.076449204794507,1729841303.1796725
7.0043092638077376,70.04309263807738,3.0905325473309153,1729841303.1902468
7.049844373606101,70.498443736061,3.1046595211167913,1729841303.199633
7.0955873184517495,70.9558731845175,3.1188300603168306,1729841303.20976
7.141538736307213,71.41538736307213,3.133044096863216,1729841303.2196116
7.187699264103765,71.87699264103765,3.1473015604431867,1729841303.229657
7.234069537708316,72.34069537708316,3.1616023784867107,1729841303.2398589
7.280650191890128,72.80650191890129,3.1759464761542837,1729841303.2495263
7.327441860287352,73.27441860287352,3.1903337763248665,1729841303.2596111
7.374445175373389,73.7444517537339,3.2047641995839147,1729841303.2695155
7.421660768423081,74.21660768423081,3.219237664211559,1729841303.2801027
7.469089269478723,74.69089269478724,3.2337540861709,1729841303.289979
7.516731307315917,75.16731307315916,3.248313379096457,1729841303.2996101
7.564587509409245,75.64587509409245,3.262915454282725,1729841303.30961
7.612658501897788,76.12658501897788,3.2775602206728918,1729841303.3196654
7.660944909550474,76.60944909550474,3.2922475848476944,1729841303.3296454
7.709447355731267,77.09447355731267,3.3069774510144176,1729841303.3406234
7.758166462364199,77.58166462364198,3.3217497209960216,1729841303.3496542
7.807102849898242,78.07102849898241,3.3365642942204667,1729841303.3597186
7.856257137272026,78.56257137272026,3.3514210677101506,1729841303.36956
7.905629941878406,79.05629941878405,3.366319936071518,1729841303.3801587
7.955221879528876,79.55221879528877,3.381260791484835,1729841303.3898048
8.005033564417841,80.05033564417842,3.396243523694123,1729841303.3996234
8.055065609086736,80.55065609086736,3.4112680199972507,1729841303.4100564
8.105318624388005,81.05318624388005,3.42633416523622,1729841303.4195921
8.15579321944895,81.55793219448951,3.4414418417875927,1729841303.4296083
8.206490001635428,82.06490001635429,3.4565909295531334,1729841303.4397423
8.257409576515414,82.57409576515414,3.4717813059505804,1729841303.4496515
8.308552547822444,83.08552547822444,3.487012845904651,1729841303.4596953
8.359919517418918,83.59919517418918,3.502285421838195,1729841303.4695957
8.41151108525928,84.11511085259279,3.5175989036635587,1729841303.4798887
8.463327849353073,84.63327849353072,3.532953158774127,1729841303.489795
8.51537040572787,85.1537040572787,3.5483480520360695,1729841303.499625
8.567639348392095,85.67639348392095,3.5637834457802713,1729841303.5096626
8.620135269297721,86.20135269297721,3.5792591997944987,1729841303.5196433
8.672858758302858,86.72858758302858,3.5947751713157183,1729841303.5296237
8.725810403134231,87.25810403134231,3.6103312150226623,1729841303.5404112
8.778990789349557,87.78990789349557,3.6259271830285984,1729841303.549638
8.83240050029981,88.3240050029981,3.6415629248742913,1729841303.5597215
8.886040117091397,88.86040117091397,3.657238287521208,1729841303.5695357
8.939910218548228,89.39910218548228,3.672953115344934,1729841303.5798051
8.994011381173692,89.94011381173692,3.6887072501288003,1729841303.5897715
9.048344179112558,90.48344179112559,3.7045005310577572,1729841303.5995889
9.102909184112766,91.02909184112767,3.7203327947124487,1729841303.6096587
9.157706965487161,91.57706965487162,3.736203875063546,1729841303.6196513
9.21273809007512,92.1273809007512,3.75211360346632,1729841303.6296644
9.268003122204126,92.68003122204126,3.7680618086554016,1729841303.6397781
9.323502623651255,93.23502623651254,3.784048316739856,1729841303.6496615
9.379237153604597,93.79237153604598,3.800072951198443,1729841303.6596735
9.435207268624618,94.35207268624617,3.816135532875144,1729841303.669634
9.491413522605447,94.91413522605447,3.8322358799749576,1729841303.6798556
9.54785646673612,95.4785646673612,3.8483738080598986,1729841303.6899617
9.604536649461755,96.04536649461755,3.8645491300453267,1729841303.6996493
9.661454616444692,96.61454616444692,3.880761656196449,1729841303.7096505
9.718610910525568,97.18610910525568,3.8970111941251613,1729841303.7196856
9.776006071684364,97.76006071684364,3.9132975487870976,1729841303.7296915
9.833640637001407,98.33640637001407,3.9296205224789693,1729841303.7402747
9.891515140618335,98.91515140618336,3.9459799148361885,1729841303.7496219
9.949630113699037,99.49630113699037,3.962375522830733,1729841303.759632
10.007986084390557,100.07986084390558,3.9788071407693097,1729841303.7695394
10.06658357778399,100.66583577783989,3.9952745602917865,1729841303.7796862
10.125423115875334,101.25423115875334,4.011777570369918,1729841303.789721
10.18450521752636,101.84505217526359,4.028315957306328,1729841303.799593
10.24383039842544,102.43830398425439,4.044889504733805,1729841303.809641
10.30339917104839,103.0339917104839,4.061497993614877,1729841303.819668
10.363212044619308,103.63212044619308,4.078141202241675,1729841303.829972
10.423269525071401,104.23269525071402,4.0948189062360925,1729841303.8405747
10.483572115007833,104.83572115007833,4.111530878550254,1729841303.8496053
10.544120313662582,105.44120313662582,4.128276889467243,1729841303.8596134
10.604914616861304,106.04914616861305,4.145056706602189,1729841303.8695662
10.665955516982226,106.65955516982226,4.161870094903617,1729841303.8805606
10.727243502917062,107.27243502917062,4.1787168166551005,1729841303.8899755
10.788779060031949,107.88779060031949,4.19559663147727,1729841303.8996112
10.850562670128433,108.50562670128433,4.2125092963300625,1729841303.9096072
10.912594811404476,109.12594811404476,4.229454565515356,1729841303.9196439
10.97487595841552,109.74875958415521,4.246432190679859,1729841303.9296827
11.037406582035587,110.37406582035587,4.263441920818359,1729841303.9397242
11.100187149418437,111.00187149418437,4.280483502277262,1729841303.9495466
11.163218123958783,111.63218123958784,4.297556678758485,1729841303.95962
11.22649996525357,112.26499965253569,4.314661191323642,1729841303.9695895
11.290033129063309,112.90033129063309,4.331796778398565,1729841303.9799042
11.353818067273494,113.53818067273494,4.348963175778168,1729841303.989689
11.417855227856094,114.17855227856094,4.366160116631622,1729841303.999593
11.48214505483112,114.8214505483112,4.383387331507863,1729841304.0099638
11.54668798822828,115.4668798822828,4.4006445483414485,1729841304.0195713
11.611484464048724,116.11484464048723,4.417931492458734,1729841304.0296533
11.676534914226892,116.76534914226892,4.435247886584388,1729841304.040001
11.741839766592447,117.41839766592447,4.452593450848256,1729841304.049589
11.807399444832335,118.07399444832335,4.469967902792554,1729841304.0596168
11.873214368452931,118.73214368452932,4.487370957379402,1729841304.0695605
11.939284952742323,119.39284952742324,4.504802326998717,1729841304.0800755
12.005611608732702,120.05611608732701,4.522261721476416,1729841304.0896916
12.07219474316288,120.7219474316288,4.539748848083016,1729841304.0996118
12.139034758440951,121.39034758440951,4.557263411542529,1729841304.1096106
12.206132052607067,122.06132052607067,4.574805114041744,1729841304.1196072
12.273487019296374,122.73487019296374,4.592373655239829,1729841304.129639
12.34110004770208,123.41100047702079,4.609968732278309,1729841304.1397874
12.408971522538687,124.08971522538687,4.62759003979139,1729841304.149596
12.477101824005373,124.77101824005373,4.645237269916601,1729841304.1595817
12.545491327749529,125.4549132774953,4.662910112305852,1729841304.169535
12.614140404830477,126.14140404830478,4.680608254136796,1729841304.1797397
12.68304942168335,126.8304942168335,4.698331380124563,1729841304.18978
12.752218740083153,127.52218740083153,4.716079172533858,1729841304.1995764
12.821648717109003,128.21648717109002,4.733851311191397,1729841304.2098093
12.891339705108567,128.91339705108567,4.751647473498721,1729841304.2195566
12.961292051662678,129.6129205166268,4.769467334445355,1729841304.2296722
13.031506099550157,130.31506099550157,4.787310566622324,1729841304.239768
13.101982186712847,131.01982186712848,4.805176840236029,1729841304.2496104
13.172720646220839,131.7272064622084,4.8230658231225,1729841304.2596312
13.24372180623792,132.4372180623792,4.840977180761975,1729841304.2695713
13.31498598998725,133.1498598998725,4.858910576293862,1729841304.2798822
13.386513515717242,133.86513515717243,4.876865670532064,1729841304.2900586
13.458304696667696,134.58304696667696,4.894842121980632,1729841304.2995768
13.530359841036146,135.30359841036147,4.912839586849823,1729841304.3096051
13.602679251944467,136.02679251944468,4.930857719072474,1729841304.3199604
13.675263227405711,136.7526322740571,4.948896170320767,1729841304.3296099
13.748112060291206,137.48112060291206,4.9669545900233345,1729841304.3399189
13.821226038297906,138.21226038297905,4.985032625382731,1729841304.349589
13.894605443916005,138.94605443916004,5.003129921393258,1729841304.3596346
13.968250554396809,139.6825055439681,5.021246120859151,1729841304.3695605
14.042161641720897,140.42161641720898,5.039380864413118,1729841304.3797421
14.11633897256654,141.1633897256654,5.057533790535248,1729841304.389915
14.190782808278417,141.90782808278416,5.075704535572249,1729841304.3996305
14.265493404836612,142.6549340483661,5.0938927337570625,1729841304.4097674
14.340471012825901,143.404710128259,5.112098017228832,1729841304.41958
14.415715877405349,144.1571587740535,5.130320016053209,1729841304.4295926
14.491228238278191,144.9122823827819,5.148558358243016,1729841304.439722
14.567008329662043,145.67008329662042,5.1668126697792776,1729841304.4496024
14.643056380259406,146.43056380259407,5.185082574632565,1729841304.4596467
14.719372613228504,147.19372613228504,5.203367694784729,1729841304.4695268
14.79595724615444,147.9595724615444,5.22166765025095,1729841304.4798365
14.872810491020674,148.72810491020675,5.239982059102147,1729841304.4897003
14.949932554180846,149.49932554180845,5.2583105374877155,1729841304.499636
15.027323636330928,150.27323636330928,5.2766526996586345,1729841304.5096235
15.104983932481733,151.04983932481733,5.295008157990883,1729841304.5197241
15.182913631931752,151.8291363193175,5.31337652300921,1729841304.5296023
15.261112918240364,152.61112918240366,5.331757403411255,1729841304.5403836
15.339581969201394,153.39581969201393,5.35015040609196,1729841304.5495925
15.418320956817034,154.18320956817035,5.36855513616836,1729841304.5596101
15.497330047272143,154.97330047272143,5.3869711970046845,1729841304.5695593
15.576609400908904,155.76609400908904,5.4053981902377695,1729841304.5799062
15.65615917220187,156.5615917220187,5.423835715802837,1729841304.5897186
15.735979509733388,157.3597950973339,5.442283371959548,1729841304.5996
15.816070556169416,158.16070556169416,5.460740755318421,1729841304.6098154
15.896432448235721,158.9643244823572,5.4792074608675385,1729841304.6195822
15.977065316694484,159.77065316694484,5.497683081999569,1729841304.629622
16.0579692863213,160.57969286321298,5.516167210539141,1729841304.6397727
16.13914447588258,161.3914447588258,5.534659436770465,1729841304.6496193
16.220590998113384,162.20590998113383,5.553159349465311,1729841304.659662
16.302308959695633,163.02308959695634,5.571666535911275,1729841304.6695836
16.384298461236778,163.8429846123678,5.590180581940334,1729841304.6801233
16.46655959724886,164.6655959724886,5.608701071957719,1729841304.6897283
16.549092456128022,165.49092456128022,5.62722758897107,1729841304.6996164
16.631897120134436,166.31897120134437,5.645759714619884,1729841304.7095876
16.714973665372682,167.14973665372682,5.664297029205256,1729841304.719648
16.798322161772543,167.98322161772543,5.682839111719891,1729841304.7296581
16.881942673070277,168.8194267307028,5.701385539878413,1729841304.7397597
16.96583525679031,169.6583525679031,5.719935890147945,1729841304.7496324
17.049999964227393,170.49999964227393,5.738489737778952,1729841304.7596936
17.134436840429213,171.34436840429214,5.757046656836371,1729841304.76957
17.219145924179475,172.19145924179475,5.775606220230995,1729841304.7797732
17.304127247981427,173.04127247981427,5.794167999751119,1729841304.7897332
17.389380838041863,173.89380838041862,5.812731566094456,1729841304.7996597
17.474906714255617,174.74906714255616,5.831296488900279,1729841304.8099637
17.560704890190497,175.60704890190496,5.84986233678185,1729841304.8196464
17.646775373072717,176.46775373072717,5.868428677359062,1729841304.8296475
17.733118163772826,177.33118163772826,5.8869950772913295,1729841304.8401015
17.819733256792087,178.19733256792088,5.905561102310741,1729841304.849621
17.906620640249375,179.06620640249375,5.924126317255395,1729841304.8596637
17.99378029586856,179.9378029586856,5.9426902861030095,1729841304.8695374
18.081212198966384,180.81212198966384,5.961252572004731,1729841304.8797753
18.16891631844082,181.68916318440822,5.979812737319161,1729841304.890011
18.256892616759984,182.56892616759984,5.9983703436466005,1729841304.8995962
18.34514104995148,183.4514104995148,6.016924951863509,1729841304.9096308
18.43366156759232,184.3366156759232,6.035476122157155,1729841304.9198573
18.52245411279932,185.2245411279932,6.054023414060473,1729841304.9296234
18.61151862222001,186.11518622220012,6.0725663864871064,1729841304.9400337
18.700855026024076,187.00855026024075,6.091104597766658,1729841304.9496157
18.790463247895303,187.90463247895303,6.109637605680088,1729841304.9597147
18.88034320502407,188.8034320502407,6.128164967495338,1729841304.9695556
18.970494808100323,189.70494808100324,6.1466862400030795,1729841304.9802144
19.06091796130713,190.6091796130713,6.165200979552661,1729841304.9899888
19.151612562314714,191.51612562314713,6.183708742088211,1729841304.9995837
19.242578502275062,192.42578502275063,6.202209083184891,1729841305.009859
19.33381566581703,193.3381566581703,6.220701558085307,1729841305.019616
19.42532393104202,194.25323931042018,6.239185721736051,1729841305.0296829
19.517103169520148,195.17103169520146,6.2576611288244175,1729841305.040211
19.609153246287015,196.09153246287013,6.2761273338152055,1729841305.049616
19.701474019840965,197.01474019840964,6.294583890987694,1729841305.0596223
19.79406534214091,197.9406534214091,6.313030354472712,1729841305.06958
19.886927058604705,198.86927058604704,6.331466278289836,1729841305.0798779
19.980059008108054,199.80059008108054,6.349891216384698,1729841305.0899634
20.073461022983984,200.73461022983986,6.368304722666403,1729841305.0996373
20.167132929022856,201.67132929022856,6.386706351045026,1729841305.1096377
20.261074545472926,202.61074545472925,6.405095655469234,1729841305.1196854
20.35528568504147,203.55285685041468,6.423472189963971,1729841305.129669
20.449766153896455,204.49766153896456,6.441835508668235,1729841305.1397374
20.544515751668765,205.44515751668766,6.460185165872922,1729841305.1496148
20.639534271454984,206.39534271454983,6.478520716058741,1729841305.159622
20.734821499820743,207.34821499820742,6.496841713934208,1729841305.1696203
20.830377216804614,208.30377216804612,6.515147714473676,1729841305.1797795
20.92620119592257,209.2620119592257,6.533438272955418,1729841305.1900759
21.022293204172996,210.22293204172996,6.551712944999769,1729841305.199607
21.11865300204228,211.1865300204228,6.569971286607284,1729841305.2096179
21.21528034351093,212.1528034351093,6.588212854196957,1729841305.219603
21.312174976060287,213.12174976060288,6.606437204644427,1729841305.2296317
21.40933664067978,214.0933664067978,6.624643895320245,1729841305.2397735
21.506765071874742,215.06765071874742,6.642832484128113,1729841305.2496095
21.604459997674795,216.04459997674795,6.661002529543161,1729841305.2596526
21.702421139642784,217.02421139642783,6.679153590650211,1729841305.269591
21.800648212884294,218.00648212884295,6.697285227182025,1729841305.2802005
21.899140926057704,218.99140926057703,6.715396999557562,1729841305.290038
21.997898981384814,219.97898981384816,6.733488468920191,1729841305.2996042
22.096922074662036,220.96922074662035,6.751559197175901,1729841305.3095748
22.196209895272123,221.96209895272122,6.769608747031452,1729841305.3198085
22.29576212619649,222.9576212619649,6.787636682032524,1729841305.3296201
22.395578444028068,223.9557844402807,6.805642566601782,1729841305.3398654
22.49565851898473,224.9565851898473,6.823625966076907,1729841305.3495946
22.596002014923258,225.96002014923258,6.841586446748574,1729841305.3596196
22.696608589353886,226.96608589353886,6.859523575898359,1729841305.369536
22.797477893455387,227.97477893455385,6.877436921836566,1729841305.3796976
22.89860957209071,228.9860957209071,6.895326053939994,1729841305.3899317
23.000003263823174,230.00003263823174,6.913190542689604,1729841305.3995833
23.101658600933224,231.01658600933223,6.9310299597081,1729841305.409856
23.203575209435716,232.03575209435715,6.948843877797421,1729841305.4195855
23.30575270909776,233.0575270909776,6.966631870976117,1729841305.4296432
23.40819071345712,234.0819071345712,6.984393514516622,1729841305.4400253
23.510888829841143,235.10888829841144,7.002128384982408,1729841305.4496057
23.613846659386233,236.13846659386235,7.01983606026502,1729841305.459596
23.71706379705788,237.17063797057878,7.037516119620971,1729841305.4695716
23.82053983167121,238.2053983167121,7.055168143708519,1729841305.4803002
23.92427434591209,239.2427434591209,7.072791714624292,1729841305.4895744
24.028266916358753,240.2826691635875,7.090386415939751,1729841305.4995959
24.132517113503965,241.32517113503965,7.107951832737527,1729841305.5096376
24.237024501777714,242.37024501777714,7.125487551647585,1729841305.519683
24.34178863957044,243.4178863957044,7.1429931608832025,1729841305.5295715
24.446809079256774,244.46809079256775,7.160468250276806,1729841305.5401611
24.552085367219817,245.52085367219817,7.177912411315611,1729841305.5496032
24.657617043875923,246.57617043875922,7.195325237177068,1729841305.5596209
24.76340364370001,247.63403643700008,7.212706322764148,1729841305.5695481
24.869444695251378,248.69444695251377,7.230055264740393,1729841305.579894
24.97573972120005,249.7573972120005,7.247371661564792,1729841305.5897098
25.08228823835361,250.8228823835361,7.264655113526426,1729841305.599597
25.189089757684542,251.89089757684542,7.2819052227789145,1729841305.6097007
25.29614378435809,252.9614378435809,7.299121593374638,1729841305.6195912
25.4034498177606,254.034498177606,7.31630383129872,1729841305.6296318
25.51100735152836,255.1100735152836,7.333451544502793,1729841305.6396964
25.618815873576935,256.1881587357693,7.350564342938515,1729841305.6496067
25.726874866130995,257.2687486613099,7.3676418385908455,1729841305.6596122
25.835183805754614,258.35183805754616,7.384683645511077,1729841305.6695316
25.943742163382055,259.4374216338206,7.401689379849597,1729841305.6803067
26.05254940434904,260.5254940434904,7.418658659888408,1729841305.6896453
26.161604988424486,261.61604988424483,7.43559110607336,1729841305.6996303
26.270908369842708,262.7090836984271,7.452486341046134,1729841305.7096162
26.38045899733609,263.80458997336086,7.469343989675931,1729841305.7196443
26.49025631416821,264.9025631416821,7.486163679090878,1729841305.729628
26.600299758167445,266.00299758167444,7.50294503870917,1729841305.739735
26.71058876176099,267.10588761760994,7.519687700269888,1729841305.7496333
26.821122752009366,268.21122752009364,7.536391297863543,1729841305.7596028
26.931901150641327,269.3190115064133,7.5530554679623005,1729841305.7695644
27.042923374089256,270.4292337408925,7.569679849449914,1729841305.7797258
27.154188833524945,271.54188833524944,7.586264083651329,1729841305.7896934
27.265696934895846,272.65696934895846,7.602807814361983,1729841305.799617
27.37744707896173,273.7744707896173,7.619310687876782,1729841305.8096097
27.48943866133175,274.8943866133175,7.635772353018742,1729841305.8197362
27.601671072501954,276.01671072501955,7.652192461167305,1729841305.8296635
27.714143697893174,277.1414369789317,7.668570666286323,1729841305.839755
27.826855917889354,278.26855917889355,7.684906624951694,1729841305.8496733
27.93980710787624,279.3980710787624,7.701199996378666,1729841305.8596675
28.052996638280504,280.529966382805,7.717450442448772,1729841305.869621
28.166423874609226,281.6642387460923,7.733657627736438,1729841305.8798025
28.280088177489784,282.80088177489785,7.749821219535215,1729841305.8895867
28.393988902710106,283.93988902710106,7.765940887883659,1729841305.8996358
28.508125401259313,285.08125401259315,7.782016305590837,1729841305.9095693
28.62249701936872,286.22497019368717,7.7980471482614835,1729841305.9199278
28.737103098553195,287.37103098553195,7.814033094320766,1729841305.9296348
28.85194297565289,288.5194297565289,7.829973825038682,1729841305.9396706
28.967015982875317,289.6701598287532,7.845869024554078,1729841305.9496295
29.08232144783777,290.82321447837774,7.861718379898288,1729841305.9596407
29.197858693610094,291.97858693610095,7.877521581018369,1729841305.9695568
29.313627038757772,293.1362703875777,7.893278320799983,1729841305.9797158
29.429625797385366,294.29625797385364,7.908988295089837,1729841305.9896894
29.54585427918027,295.4585427918027,7.924651202717778,1729841305.9996383
29.662311789456766,296.62311789456766,7.940266745518448,1729841306.0097873
29.778997629200425,297.78997629200427,7.955834628352566,1729841306.0196247
29.895911095112783,298.95911095112785,7.9713545591277875,1729841306.0296576
30.01305147965634,300.1305147965634,7.986826248819164,1729841306.0396924
30.13041807109983,301.3041807109983,8.0022494114892,1729841306.0496995
30.248010153563797,302.48010153563797,8.01762376430748,1729841306.0596514
30.365827007066457,303.65827007066457,8.032949027569897,1729841306.0696244
30.48386790756981,304.8386790756981,8.048224924717456,1729841306.0797827
30.60213212702605,306.0213212702605,8.06345118235466,1729841306.089635
30.720618933424223,307.20618933424225,8.078627530267473,1729841306.0996294
30.839327590837147,308.3932759083715,8.09375370144087,1729841306.109632
30.958257359468575,309.58257359468575,8.108829432075936,1729841306.1196458
31.07740749570062,310.7740749570062,8.123854461606573,1729841306.129669
31.196777252141402,311.967772521414,8.138828532715744,1729841306.1399746
31.316365877672933,313.16365877672933,8.153751391351316,1729841306.1496038
31.436172617499235,314.3617261749923,8.168622786741441,1729841306.1596053
31.55619671319466,315.5619671319466,8.183442471409531,1729841306.1695762
31.676437402752434,316.76437402752435,8.198210201188783,1729841306.1797657
31.796893920633423,317.9689392063342,8.212925735236269,1729841306.1897352
31.91756549781507,319.1756549781507,8.227588836046586,1729841306.1996698
32.03845136184053,320.3845136184053,8.242199269465084,1729841306.209877
32.159550736868034,321.59550736868033,8.256756804700629,1729841306.219561
32.280862843720364,322.80862843720365,8.27126121433795,1729841306.23009
32.40238689993457,324.0238689993457,8.285712274349523,1729841306.2398121
32.5241221198118,325.241221198118,8.300109764107033,1729841306.2495964
32.646067714467335,326.46067714467335,8.314453466392385,1729841306.2595818
32.76822289188076,327.6822289188076,8.328743167408257,1729841306.2695596
32.89058685694628,328.90586856946277,8.342978656788254,1729841306.2798371
33.01315881152316,330.13158811523164,8.357159727606563,1729841306.2896633
33.13593795448638,331.3593795448638,8.371286176387203,1729841306.2996323
33.258923481777295,332.58923481777293,8.385357803112814,1729841306.3095608
33.38211458645453,333.82114586454526,8.399374411233017,1729841306.3196142
33.505510458744915,335.05510458744914,8.413335807672313,1729841306.329632
33.629110286094594,336.29110286094595,8.427241802837553,1729841306.3399787
33.752913253220164,337.52913253220163,8.441092210624955,1729841306.3496158
33.876918542159984,338.76918542159984,8.454886848426677,1729841306.3595793
34.00112533232551,340.01125332325506,8.46862553713697,1729841306.3696089
34.12553280055276,341.25532800552764,8.482308101157859,1729841306.3797572
34.25014012115384,342.5014012115384,8.495934368404404,1729841306.3899975
34.37494646596852,343.7494646596852,8.509504170309507,1729841306.399558
34.49995100441591,344.99951004415914,8.523017341828297,1729841306.409732
34.62515290354619,346.2515290354619,8.536473721442059,1729841306.4195702
34.75055132809233,347.5055132809233,8.549873151161734,1729841306.4296489
34.87614544052197,348.76145440521964,8.563215476530988,1729841306.439682
35.00193440108921,350.0193440108921,8.576500546628838,1729841306.4496124
35.12791736788654,351.2791736788654,8.589728214071846,1729841306.4595866
35.254093496896715,352.5409349689671,8.602898335015878,1729841306.4695532
35.38046194204472,353.8046194204472,8.616010769157448,1729841306.4798973
35.50702185524967,355.07021855249667,8.629065379734612,1729841306.4896028
35.63377238647681,356.33772386476807,8.642062033527445,1729841306.499662
35.760712683789414,357.60712683789416,8.655000600858097,1729841306.509595
35.887841893400775,358.87841893400775,8.66788095559041,1729841306.519682
36.0151591597261,360.151591597261,8.680702975129133,1729841306.5296433
36.14266362543446,361.4266362543446,8.693466540418699,1729841306.5397115
36.27035443150066,362.7035443150066,8.706171535941596,1729841306.5496688
36.39823071725709,363.9823071725709,8.718817849716313,1729841306.559628
36.5262916204456,365.26291620445596,8.731405373294884,1729841306.5696244
36.65453627726921,366.5453627726921,8.743934001760005,1729841306.5803487
36.78296382244392,367.8296382244392,8.75640363372176,1729841306.5897086
36.91157338925033,369.1157338925033,8.76881417131393,1729841306.5996199
37.0403641095853,370.403641095853,8.78116552018989,1729841306.6096327
37.169335114013485,371.69335114013484,8.793457589518132,1729841306.6195972
37.29848553181883,372.98485531818824,8.80569029197735,1729841306.629625
37.42781449105596,374.2781449105596,8.817863543751164,1729841306.6397157
37.557321118601536,375.5732111860153,8.829977264522444,1729841306.6496117
37.687004540205436,376.87004540205436,8.842031377467217,1729841306.6596534
37.81686388054194,378.1686388054194,8.854025809248222,1729841306.6695833
37.94689826326074,379.46898263260744,8.86596049000806,1729841306.679795
38.07710681103789,380.7710681103789,8.877835353361965,1729841306.6896975
38.207488645626626,382.07488645626626,8.889650336390202,1729841306.699619
38.338042887908045,383.38042887908045,8.901405379630097,1729841306.7096164
38.468768657941716,384.6876865794172,8.91310042706766,1729841306.719656
38.59966507501612,385.99665075016117,8.924735426128894,1729841306.7296536
38.73073125769897,387.3073125769897,8.936310327670691,1729841306.7400522
38.86196632388739,388.61966323887384,8.94782508597139,1729841306.7496176
38.99336939085795,389.93369390857947,8.959279658720972,1729841306.7596307
39.124939575316574,391.24939575316574,8.9706740070109,1729841306.7695682
39.256675993448255,392.56675993448255,8.982008095323602,1729841306.7797415
39.38857776096663,393.8857776096663,8.993281891521626,1729841306.7897613
39.52064399316341,395.2064399316341,9.004495366836418,1729841306.7996218
39.65287380495759,396.52873804957596,9.01564849585679,1729841306.8096566
39.78526631094455,397.85266310944553,9.026741256517038,1729841306.8196135
39.91782062544491,399.1782062544491,9.037773630084729,1729841306.8296103
40.05053586255327,400.50535862553266,9.048745601148156,1729841306.8401573
40.18341113618669,401.8341113618669,9.059657157603475,1729841306.849618
40.31644556013304,403.1644556013304,9.070508290641518,1729841306.859629
40.44963824809911,404.49638248099114,9.081298994734286,1729841306.8695877
40.582988313758534,405.82988313758534,9.09202926762113,1729841306.8800511
40.716494870799494,407.16494870799494,9.102699110294626,1729841306.889648
40.85015703297224,408.5015703297224,9.113308526986142,1729841306.8996024
40.98397391413638,409.8397391413638,9.123857525151108,1729841306.9096344
41.11794462830791,411.1794462830791,9.134346115453983,1729841306.9200883
41.252068289706095,412.52068289706096,9.144774311752936,1729841306.9296305
41.386344012800066,413.86344012800066,9.155142131084233,1729841306.9397984
41.5207709123552,415.207709123552,9.165449593646343,1729841306.9495983
41.65534810347925,416.55348103479247,9.175696722783771,1729841306.9596276
41.79007470166827,417.90074701668266,9.185883544970594,1729841306.9695725
41.92494982285225,419.2494982285225,9.196010089793752,1729841306.9797711
42.059972583440526,420.59972583440526,9.206076389936062,1729841306.990052
42.195142100366944,421.95142100366945,9.216082481158955,1729841306.9996438
42.33045749113474,423.30457491134734,9.22602840228498,1729841307.009814
42.46591787386119,424.6591787386119,9.235914195180033,1729841307.0195515
42.60152236732197,426.0152236732197,9.245739904735357,1729841307.0296412
42.73727009099528,427.3727009099528,9.255505578849274,1729841307.0399177
42.87316016510565,428.7316016510565,9.265211268408693,1729841307.0496564
43.009191710667515,430.09191710667517,9.274857027270379,1729841307.0596826
43.14536384952849,431.45363849528496,9.284442912241985,1729841307.069556
43.28167570441238,432.8167570441238,9.293968983062868,1729841307.0798736
43.41812639896187,434.1812639896187,9.303435302384665,1729841307.089667
43.55471505778095,435.54715057780953,9.312841935751672,1729841307.0996268
43.691440806477104,436.914408064771,9.322188951580992,1729841307.1096048
43.82830277170307,438.28302771703073,9.33147642114248,1729841307.119682
43.96530008119845,439.6530008119845,9.34070441853849,1729841307.1296334
44.10243186383091,441.02431863830907,9.349873020683415,1729841307.1397066
44.23969724963714,442.3969724963714,9.358982307283027,1729841307.1496515
44.37709536986348,443.7709536986348,9.36803236081364,1729841307.1595762
44.514625357006274,445.14625357006275,9.377023266501075,1729841307.1695178
44.65228634485184,446.52286344851836,9.38595511229945,1729841307.1800776
44.790077468516195,447.90077468516193,9.394827988869785,1729841307.1896226
44.92799786448445,449.2799786448445,9.403641989558443,1729841307.1996446
45.06604667064987,450.6604667064987,9.412397210375396,1729841307.2098703
45.20422302635259,452.0422302635259,9.421093749972332,1729841307.2196112
45.34252607241808,453.4252607241808,9.4297317096206,1729841307.2296543
45.48095495119523,454.8095495119523,9.438311193189007,1729841307.2396474
45.61950880659409,456.1950880659409,9.446832307121442,1729841307.249594
45.75818678412334,457.58186784123336,9.455295160414394,1729841307.259625
45.89698803092738,458.96988030927383,9.463699864594288,1729841307.2695696
46.035911695823124,460.35911695823125,9.472046533694709,1729841307.2800527
46.17495692933639,461.7495692933639,9.480335284233488,1729841307.2900007
46.314122883738044,463.1412288373804,9.488566235189655,1729841307.2996209
46.45340871307974,464.5340871307974,9.496739507980278,1729841307.3096707
46.59281357322932,465.9281357322932,9.504855226437165,1729841307.319872
46.73233662190593,467.32336621905927,9.512913516783481,1729841307.329679
46.871977018714695,468.71977018714693,9.520914507610218,1729841307.3400557
47.01173392518115,470.1173392518115,9.528858329852595,1729841307.349651
47.15160650478522,471.5160650478522,9.536745116766326,1729841307.3596654
47.29159392299498,472.9159392299498,9.54457500390381,1729841307.3696356
47.43169534729991,474.3169534729991,9.552348129090223,1729841307.3798292
47.571909947243924,475.7190994724392,9.560064632399511,1729841307.389715
47.71223689445799,477.1223689445799,9.567724656130322,1729841307.3996468
47.8526753626924,478.526753626924,9.575328344781823,1729841307.409664
47.993224527848696,479.93224527848696,9.582875845029482,1729841307.4196017
48.133883568011214,481.33883568011214,9.590367305700738,1729841307.429604
48.274651663478316,482.7465166347832,9.59780287775063,1729841307.4413106
48.41552799679322,484.15527996793224,9.605182714237351,1729841307.4496045
48.55651175277449,485.5651175277449,9.612506970297753,1729841307.4596114
48.69760211854615,486.9760211854615,9.619775803122769,1729841307.469566
48.83879828356748,488.3879828356748,9.626989371932824,1729841307.479859
48.98009943966238,489.8009943966238,9.634147837953162,1729841307.4900484
49.121504781048465,491.21504781048463,9.641251364389145,1729841307.4996123
49.26301350436569,492.6301350436569,9.648300116401524,1729841307.509633
49.404624808704696,494.04624808704693,9.655294261081641,1729841307.519667
49.54633789563475,495.46337895634747,9.662233967426635,1729841307.529616
49.68815196923134,496.8815196923134,9.6691194063146,1729841307.5404112
49.830066236103406,498.30066236103403,9.675950750479712,1729841307.549617
49.97207990542016,499.7207990542016,9.682728174487362,1729841307.5596125
50.11419218893762,501.14192188937625,9.689451854709244,1729841307.5696037
50.25640230102473,502.5640230102473,9.696121969298446,1729841307.5797365
50.3987094586891,503.987094586891,9.702738698164524,1729841307.5897381
50.541112881602416,505.4111288160242,9.709302222948576,1729841307.5996099
50.68361179212548,506.8361179212548,9.715812726998312,1729841307.609698
50.826205415332865,508.2620541533287,9.722270395343113,1729841307.6196325
50.96889297903719,509.68892979037196,9.728675414669116,1729841307.6296282
51.11167371381311,511.1167371381311,9.735027973294295,1729841307.6399777
51.25454685302083,512.5454685302083,9.741328261143549,1729841307.6495867
51.39751163282933,513.9751163282933,9.747576469723814,1729841307.6596375
51.54056729223921,515.4056729223921,9.753772792099191,1729841307.669558
51.68371307310516,516.8371307310516,9.759917422866089,1729841307.6800206
51.82694822015806,518.2694822015806,9.766010558128407,1729841307.6900826
51.97027198102674,519.7027198102674,9.772052395472729,1729841307.6996725
52.11368360625935,521.1368360625935,9.778043133943553,1729841307.7097075
52.25718234934439,522.5718234934438,9.783982974018569,1729841307.7199037
52.40076746673136,524.0076746673136,9.789872117583956,1729841307.729802
52.54443821785106,525.4443821785106,9.795710767909721,1729841307.7412257
52.68819386513553,526.8819386513553,9.801499129625102,1729841307.7496264
52.832033674037625,528.3203367403762,9.807237408693988,1729841307.7602632
52.97595691305021,529.7595691305021,9.812925812390418,1729841307.7696402
53.11996285372505,531.1996285372505,9.818564549274104,1729841307.7799203
53.26405077069128,532.6405077069128,9.82415382916603,1729841307.7901227
53.40821994167356,534.0821994167355,9.829693863124104,1729841307.7996824
53.55246964750987,535.5246964750986,9.83518486341886,1729841307.809766
53.6967991721689,536.967991721689,9.840627043509242,1729841307.8196576
53.841207802767194,538.4120780276719,9.846020618018436,1729841307.8296766
53.985694829585796,539.8569482958579,9.851365802709788,1729841307.8396916
54.13025954608668,541.3025954608668,9.856662814462776,1729841307.8499703
54.27490124892873,542.7490124892872,9.861911871249069,1729841307.8598669
54.419619237983426,544.1961923798342,9.867113192108654,1729841307.869612
54.56441281635018,545.6441281635018,9.872266997126053,1729841307.880357
54.70928129037126,547.0928129037126,9.877373507406604,1729841307.8929007
54.85422396964646,548.5422396964647,9.882432945052846,1729841307.899915
54.99924016704738,549.9924016704738,9.88744553314097,1729841307.9100883
55.14432919873133,551.4432919873133,9.892411495697372,1729841307.9217918
55.28949038415493,552.8949038415493,9.897331057675297,1729841307.9297552
55.434723046087406,554.347230460874,9.902204444931561,1729841307.9405918
55.580026510623455,555.8002651062345,9.907031884203386,1729841307.9500444
55.725400107195824,557.2540010719582,9.91181360308532,1729841307.9596798
55.87084316858758,558.7084316858758,9.916549830006261,1729841307.9721339
56.01635503094396,560.1635503094396,9.921240794206579,1729841307.9798436
56.16193503378401,561.6193503378402,9.925886725715344,1729841307.989745
56.30758252001175,563.0758252001175,9.93048785532766,1729841307.9996426
56.4532968359271,564.532968359271,9.935044414582098,1729841308.0098777
56.59907733123648,565.9907733123648,9.939556635738247,1729841308.0196533
56.74492335906304,567.4492335906303,9.944024751754371,1729841308.0296714
56.89083427595656,568.9083427595656,9.948448996265176,1729841308.0397537
57.03680944190309,570.3680944190309,9.952829603559696,1729841308.049663
57.182848220334186,571.8284822033419,9.957166808559295,1729841308.0596697
57.32894997813589,573.2894997813589,9.961460846795775,1729841308.069647
57.47511408565733,574.7511408565733,9.965711954389622,1729841308.0799499
57.621339916719094,576.2133991671909,9.96992036802835,1729841308.0897436
57.76762684862116,577.6762684862116,9.974086324944986,1729841308.0997007
57.913974262150646,579.1397426215065,9.978210062896672,1729841308.109673
58.060381541589145,580.6038154158914,9.98229182014338,1729841308.1198123
58.2068480747198,582.068480747198,9.986331835426778,1729841308.1297326
58.35337325283407,583.5337325283407,9.990330347949197,1729841308.1397867
58.49995647073816,584.9995647073816,9.994287597352741,1729841308.149608
58.646597126759204,586.4659712675921,9.998203823698534,1729841308.1595786
58.793294622751056,587.9329462275106,10.00207926744607,1729841308.1696146
58.94004836409987,589.4004836409987,10.005914169432739,1729841308.179743
59.08685775972935,590.8685775972934,10.009708770853434,1729841308.1897364
59.23372222210565,592.3372222210564,10.013463313240347,1729841308.1996186
59.380641167242075,593.8064116724207,10.017178038442852,1729841308.2096617
59.527614014703424,595.2761401470342,10.020853188607562,1729841308.2196503
59.67464018761005,596.7464018761005,10.0244890061585,1729841308.2296858
59.821719112641645,598.2171911264164,10.02808573377742,1729841308.2396977
59.968850220040736,599.6885022004074,10.031643614384262,1729841308.249617
60.11603294361589,601.1603294361589,10.035162891117754,1729841308.2596517
60.26326672074465,602.6326672074465,10.038643807316145,1729841308.2695985
60.41055099237618,604.1055099237618,10.042086606498094,1729841308.27987
60.55788520303361,605.5788520303361,10.045491532343688,1729841308.2896237
60.70526880081614,607.0526880081615,10.048858828675606,1729841308.2996902
60.85270123740089,608.5270123740089,10.052188739440442,1729841308.309609
61.0001819680444,610.001819680444,10.055481508690148,1729841308.319594
61.14771045158391,611.4771045158391,10.058737380563645,1729841308.3296776
61.2952861504384,612.952861504384,10.061956599268566,1729841308.3396454
61.44290853060931,614.429085306093,10.06513940906315,1729841308.3496244
61.590577061681,615.9057706168101,10.068286054238287,1729841308.3596966
61.738291216821025,617.3829121682103,10.071396779099702,1729841308.3696072
61.88605047278002,618.8605047278002,10.074471827950294,1729841308.3800893
62.03385430989147,620.3385430989147,10.07751144507262,1729841308.3896732
62.1817022120711,621.817022120711,10.08051587471153,1729841308.3995569
62.329593666816116,623.2959366681612,10.08348536105695,1729841308.4096942
62.47752816520411,624.7752816520411,10.086420148226809,1729841308.4195771
62.6255052018918,626.2550520189179,10.089320480250128,1729841308.4296145
62.773524275113424,627.7352427511343,10.092186601050248,1729841308.440172
62.92158488667899,629.2158488667899,10.095018754428212,1729841308.4496572
63.069686541972246,630.6968654197225,10.097817184046297,1729841308.4596777
63.21782874994835,632.1782874994835,10.100582133411699,1729841308.4696114
63.366011023131435,633.6601102313143,10.103313845860363,1729841308.479836
63.51423287761179,635.1423287761179,10.106012564540968,1729841308.489935
63.66249383304292,636.6249383304292,10.108678532399065,1729841308.4996202
63.810793412638354,638.1079341263835,10.111311992161353,1729841308.5096397
63.95913114316816,639.5913114316816,10.113913186320131,1729841308.519817
64.1075065549553,641.075065549553,10.116482357117869,1729841308.529633
64.25591918187175,642.5591918187174,10.119019746531954,1729841308.5403214
64.40436856133441,644.0436856133441,10.121525596259584,1729841308.54959
64.55285423430072,645.5285423430073,10.124000147702795,1729841308.559607
64.70137574526417,647.0137574526417,10.126443641953657,1729841308.5695665
64.84993264224948,648.4993264224948,10.128856319779617,1729841308.5798228
64.9985244768077,649.985244768077,10.131238421608984,1729841308.5898585
65.14715080401095,651.4715080401095,10.133590187516573,1729841308.5996644
65.29581118244708,652.9581118244708,10.135911857209491,1729841308.6100001
65.44450517421406,654.4450517421405,10.138203670013082,1729841308.6195855
65.59323234491416,655.9323234491416,10.140465864857012,1729841308.6296217
65.74199226364794,657.4199226364794,10.142698680261507,1729841308.639673
65.8907845030081,658.907845030081,10.14490235432374,1729841308.6496248
66.03960863907301,660.39608639073,10.147077124704367,1729841308.6596277
66.18846425140012,661.8846425140011,10.149223228614208,1729841308.6695542
66.33735092301923,663.3735092301923,10.151340902801072,1729841308.6798787
66.48626824042545,664.8626824042544,10.153430383536751,1729841308.6896534
66.63521579357203,666.3521579357202,10.155491906604125,1729841308.6995983
66.78419317586305,667.8419317586305,10.15752570728444,1729841308.7096066
66.93319998414584,669.3319998414585,10.15953202034473,1729841308.7196562
67.08223581870325,670.8223581870325,10.161511080025372,1729841308.729645
67.23130028324576,672.3130028324576,10.163463120027792,1729841308.7396827
67.38039298490341,673.8039298490341,10.165388373502319,1729841308.7496412
67.52951353421751,675.2951353421752,10.167287073036182,1729841308.759728
67.67866154513224,676.7866154513224,10.169159450641642,1729841308.7695458
67.82783663498601,678.2783663498601,10.171005737744274,1729841308.7799015
67.97703842450274,679.7703842450273,10.172826165171395,1729841308.7896411
68.12626653778283,681.2626653778283,10.174620963140626,1729841308.7996116
68.27552060229415,682.7552060229415,10.17639036124859,1729841308.810317
68.42480024886271,684.2480024886271,10.17813458845977,1729841308.8196557
68.57410511166324,685.7410511166324,10.179853873095484,1729841308.8296509
68.72343482820959,687.2343482820959,10.181548442823013,1729841308.8396633
68.872789039345,688.7278903934499,10.183218524644865,1729841308.8497324
69.02216738923217,690.2216738923216,10.18486434488817,1729841308.8596227
69.17156952534322,691.7156952534322,10.18648612919422,1729841308.8695843
69.32099509844947,693.2099509844948,10.18808410250814,1729841308.8801892
69.4704437626111,694.704437626111,10.189658489068702,1729841308.8896482
69.61991517516658,696.1991517516658,10.191209512398254,1729841308.8996346
69.76940899672212,697.6940899672212,10.192737395292811,1729841308.909592
69.91892489114078,699.1892489114077,10.194242359812261,1729841308.9197118
70.06846252553157,700.6846252553157,10.195724627270696,1729841308.9296212
70.21802157023838,702.1802157023837,10.197184418226904,1729841308.939859
70.36760169882874,703.6760169882873,10.198621952474955,1729841308.9496207
70.5172025880825,705.172025880825,10.200037449034948,1729841308.959623
70.66682391798031,706.6682391798031,10.201431126143868,1729841308.9695807
70.81646537169203,708.1646537169204,10.202803201246574,1729841308.979773
70.96612663556498,709.6612663556498,10.204153890986928,1729841308.9896994
71.11580739911201,711.1580739911201,10.205483411199026,1729841308.999589
71.2655073549996,712.655073549996,10.206791976898582,1729841309.0099275
71.41522619903562,714.1522619903561,10.208079802274412,1729841309.0196626
71.56496363015717,715.6496363015717,10.209347100680057,1729841309.029606
71.71471935041815,717.1471935041815,10.210594084625532,1729841309.0398185
71.8644930649768,718.644930649768,10.211820965769176,1729841309.049594
72.01428448208307,720.1428448208308,10.213027954909647,1729841309.0596337
72.16409331306592,721.6409331306592,10.214215261978023,1729841309.0696008
72.31391927232046,723.1391927232046,10.215383096030031,1729841309.0798287
72.46376207729502,724.6376207729502,10.216531665238382,1729841309.089999
72.61362144847804,726.1362144847805,10.217661176885237,1729841309.099621
72.76349710938497,727.6349710938497,10.21877183735478,1729841309.1096048
72.91338878654494,729.1338878654494,10.219863852125913,1729841309.1201854
73.0632962094874,730.6329620948741,10.22093742576506,1729841309.129637
73.21321911072864,732.1321911072864,10.221992761919086,1729841309.1400952
73.36315722575817,733.6315722575818,10.223030063308334,1729841309.149574
73.51311029302505,735.1311029302506,10.224049531719764,1729841309.15952
73.6630780539241,736.630780539241,10.225051368000207,1729841309.1695688
73.81306025278202,738.1306025278202,10.226035772049737,1729841309.17973
73.9630566368434,739.6305663684341,10.227002942815133,1729841309.1896367
74.11306695625666,741.1306695625666,10.227953078283468,1729841309.1996615
74.26309096405986,742.6309096405986,10.22888637547579,1729841309.2098234
74.41312841616643,744.1312841616643,10.229803030440925,1729841309.2195735
74.56317907135086,745.6317907135086,10.230703238249358,1729841309.2296457
74.71324269123424,747.1324269123425,10.23158719298725,1729841309.239682
74.86331904026976,748.6331904026976,10.232455087750532,1729841309.2496555
75.01340788572803,750.1340788572803,10.23330711463911,1729841309.2596037
75.1635089976825,751.6350899768249,10.234143464751183,1729841309.2695892
75.31362214899458,753.1362214899458,10.234964328177629,1729841309.2799408
75.46374711529886,754.6374711529886,10.235769893996526,1729841309.289831
75.61388367498813,756.1388367498813,10.236560350267746,1729841309.29967
75.7640316091984,757.640316091984,10.237335884027654,1729841309.3096397
75.91419070179379,759.1419070179379,10.238096681283903,1729841309.3200696
76.06436073935137,760.6436073935138,10.238842927010317,1729841309.3296103
76.21454151114595,762.1454151114596,10.239574805141881,1729841309.3397899
76.36473280913472,763.6473280913472,10.240292498569813,1729841309.3496487
76.51493442794194,765.1493442794194,10.240996189136721,1729841309.359623
76.6651461648434,766.6514616484341,10.241686057631874,1729841309.3696318
76.81536781975102,768.1536781975102,10.242362283786528,1729841309.3801088
76.96559919519714,769.6559919519714,10.243025046269384,1729841309.38966
77.11584009631896,771.1584009631896,10.243674522682088,1729841309.39964
77.2660903308428,772.660903308428,10.244310889554848,1729841309.4097216
77.4163497090683,774.163497090683,10.244934322342127,1729841309.4195943
77.5666180438526,775.666180438526,10.245544995418417,1729841309.4296663
77.71689515059445,777.1689515059445,10.246143082074106,1729841309.439688
77.86718084721825,778.6718084721825,10.246728754511413,1729841309.4496934
78.01747495415798,780.1747495415798,10.247302183840414,1729841309.4596312
78.16777729434119,781.6777729434119,10.247863540075153,1729841309.4696238
78.31808769317286,783.1808769317286,10.248412992129817,1729841309.4800155
78.46840597851917,784.6840597851917,10.248950707815004,1729841309.4896014
78.6187319806913,786.1873198069129,10.249476853834055,1729841309.499629
78.76906553242911,787.6906553242911,10.249991595779486,1729841309.5096107
78.91940646888484,789.1940646888485,10.250495098129456,1729841309.5196202
79.06975462760668,790.6975462760669,10.250987524244346,1729841309.5296562
79.22010984852231,792.2010984852232,10.251469036363401,1729841309.539795
79.37047197392246,793.7047197392246,10.25193979560143,1729841309.5496166
79.52084084844434,795.2084084844433,10.252399961945596,1729841309.5596054
79.67121631905502,796.7121631905502,10.25284969425226,1729841309.5695364
79.8215982350349,798.215982350349,10.253289150243914,1729841309.5797272
79.97198644796094,799.7198644796094,10.253718486506163,1729841309.5900047
80.12238081168998,801.2238081168998,10.254137858484786,1729841309.5996444
80.27278118234197,802.7278118234198,10.25454742048286,1729841309.6096535
80.4231874182832,804.231874182832,10.254947325657946,1729841309.6196582
80.57359938010941,805.7359938010941,10.255337726019352,1729841309.6296382
80.72401693062895,807.2401693062895,10.25571877242544,1729841309.6397038
80.87443993484582,808.7443993484583,10.256090614581014,1729841309.64961
81.02486825994278,810.2486825994278,10.25645340103476,1729841309.659566
81.17530177526427,811.7530177526428,10.256807279176746,1729841309.6696029
81.32574035229948,813.2574035229948,10.257152395235995,1729841309.6800692
81.47618386466519,814.7618386466519,10.257488894278092,1729841309.6899178
81.62663218808873,816.2663218808873,10.257816920202877,1729841309.6996605
81.77708520039084,817.7708520039084,10.258136615742174,1729841309.709582
81.92754278146849,819.2754278146849,10.258448122457587,1729841309.7197013
82.0780048132777,820.780048132777,10.258751580738346,1729841309.7296555
82.22847117981632,822.2847117981632,10.259047129799217,1729841309.7397575
82.37894176710677,823.7894176710677,10.259334907678449,1729841309.7496414
82.52941646317872,825.2941646317872,10.259615051235786,1729841309.759628
82.67989515805185,826.7989515805185,10.259887696150532,1729841309.769622
82.83037774371844,828.3037774371844,10.260152976919654,1729841309.7797616
82.98086411412604,829.8086411412603,10.260411026855955,1729841309.7896533
83.13135416516003,831.3135416516003,10.26066197808627,1729841309.7998786
83.2818477946263,832.818477946263,10.260905961549735,1729841309.8096154
83.43234490223368,834.3234490223368,10.26114310699609,1729841309.8196454
83.58284538957656,835.8284538957656,10.261373542984035,1729841309.8296854
83.73334916011737,837.3334916011737,10.26159739687962,1729841309.8396661
83.88385611916907,838.8385611916907,10.261814794854693,1729841309.8496718
84.03436617387759,840.3436617387758,10.262025861885391,1729841309.859636
84.18487923320428,841.8487923320429,10.262230721750663,1729841309.8695745
84.33539520790839,843.3539520790839,10.26242949703085,1729841309.8799372
84.48591401052936,844.8591401052936,10.26262230910629,1729841309.8896005
84.63643555536929,846.3643555536929,10.26280927815598,1729841309.8996468
84.78695975847526,847.8695975847527,10.262990523156278,1729841309.909586
84.93748653762171,849.374865376217,10.263166161879617,1729841309.9196148
85.08801581229268,850.8801581229268,10.263336310893298,1729841309.9296558
85.23854750366424,852.3854750366423,10.263501085558286,1729841309.9397984
85.38908153458667,853.8908153458667,10.26366060002807,1729841309.9496455
85.5396178295668,855.3961782956679,10.263814967247535,1729841309.9596095
85.69015631475023,856.9015631475022,10.263964298951887,1729841309.9696069
85.84069691790361,858.4069691790362,10.264108705665604,1729841309.9797778
85.99123956839685,859.9123956839685,10.264248296701426,1729841309.9899142
86.14178419718529,861.4178419718529,10.26438318015937,1729841309.9996498
86.29233073679198,862.9233073679198,10.264513462925793,1729841310.0097287
86.44287912128982,864.4287912128982,10.264639250672463,1729841310.0195825
86.59342928628372,865.9342928628372,10.264760647855683,1729841310.0296128
86.7439811688928,867.439811688928,10.264877757715439,1729841310.0397868
86.89453470773252,868.9453470773252,10.264990682274568,1729841310.0496094
87.04508984289679,870.4508984289679,10.265099522337968,1729841310.0595894
87.19564651594014,871.9564651594014,10.265204377491827,1729841310.0696201
87.34620466985983,873.4620466985983,10.265305346102886,1729841310.0797174
87.49676424907791,874.9676424907791,10.26540252531773,1729841310.0895858
87.64732519942336,876.4732519942336,10.265496011062089,1729841310.099591
87.79788746811415,877.9788746811415,10.26558589804019,1729841310.10963
87.94845100373934,879.4845100373934,10.265672279734112,1729841310.119742
88.09901575624109,880.9901575624109,10.26575524840318,1729841310.1296525
88.24958167689681,882.4958167689681,10.265834895083374,1729841310.1398885
88.40014871830112,884.0014871830112,10.265911309586768,1729841310.149625
88.55071683434795,885.5071683434795,10.26598458050098,1729841310.1596067
88.70128598021255,887.0128598021255,10.266054795188658,1729841310.1695998
88.8518561123335,888.518561123335,10.266122039786982,1729841310.1797907
89.00242718839475,890.0242718839474,10.266186399207175,1729841310.1896286
89.15299916730764,891.5299916730764,10.26624795713406,1729841310.199642
89.3035720091929,893.0357200919291,10.266306796025608,1729841310.209791
89.45414567536265,894.5414567536266,10.266362997112525,1729841310.219609
89.60472012830238,896.0472012830237,10.266416640397846,1729841310.2296195
89.75529533165293,897.5529533165293,10.266467804656559,1729841310.2396636
89.90587125019253,899.0587125019254,10.266516567435227,1729841310.2496085
90.05644784981872,900.5644784981872,10.266563005051653,1729841310.2596343
90.20702509753035,902.0702509753035,10.266607192594536,1729841310.269553
90.35760296140953,903.5760296140952,10.266649203923155,1729841310.2803886
90.50818141060361,905.0818141060361,10.266689111667073,1729841310.2896748
90.65876041530716,906.5876041530715,10.266726987225843,1729841310.29959
90.80933994674386,908.0933994674386,10.266762900768741,1729841310.309645
90.95991997714853,909.5991997714852,10.266796921234501,1729841310.31985
91.11050047974902,911.1050047974902,10.266829116331074,1729841310.329627
91.2610814287482,912.610814287482,10.266859552535392,1729841310.3398702
91.41166279930584,914.1166279930585,10.266888295093151,1729841310.3496144
91.56224456752064,915.6224456752063,10.266915408018596,1729841310.3596413
91.71282671041205,917.1282671041205,10.266940954094332,1729841310.369604
91.86340920590233,918.6340920590233,10.266964994871135,1729841310.379791
92.01399203279837,920.1399203279836,10.266987590667771,1729841310.3896923
92.1645751707737,921.645751707737,10.267008800570842,1729841310.3996599
92.31515860035037,923.1515860035038,10.267028682434624,1729841310.409919
92.46574230288087,924.6574230288087,10.267047292880918,1729841310.4196024
92.61632626053007,926.1632626053007,10.267064687298921,1729841310.429665
92.76691045625716,927.6691045625716,10.267080919845096,1729841310.44009
92.91749487379754,929.1749487379753,10.26709604344305,1729841310.4496417
93.0680794976447,930.680794976447,10.267110109783424,1729841310.4596612
93.21866431303222,932.1866431303222,10.267123169323787,1729841310.4696136
93.36924930591563,933.6924930591563,10.267135271288542,1729841310.4803002
93.51983446295432,935.1983446295433,10.267146463668832,1729841310.4896648
93.67041977149347,936.7041977149347,10.267156793222464,1729841310.4996417
93.82100521954597,938.2100521954596,10.267166305473822,1729841310.509635
93.97159079577428,939.7159079577427,10.2671750447138,1729841310.5196807
94.12217648947238,941.2217648947238,10.267183053999743,1729841310.5296392
94.27276229054767,942.7276229054768,10.267190375155373,1729841310.5399227
94.42334818950287,944.2334818950287,10.267197048770745,1729841310.5496166
94.57393417741794,945.7393417741794,10.267203114202188,1729841310.5596442
94.72452024593196,947.2452024593196,10.267208609572267,1729841310.5696063
94.87510638722503,948.7510638722504,10.267213571769735,1729841310.5798056
95.02569259400022,950.2569259400022,10.267218036449496,1729841310.5897005
95.17627885946543,951.7627885946542,10.26722203803257,1729841310.5995634
95.3268651773153,953.268651773153,10.267225609706063,1729841310.609828
95.47745154171314,954.7745154171314,10.26722878342314,1729841310.6195889
95.62803794727277,956.2803794727278,10.267231589903002,1729841310.6296446
95.77862438904049,957.7862438904049,10.267234058630853,1729841310.6401658
95.92921086247695,959.2921086247695,10.267236217857894,1729841310.6500094
96.07979736343904,960.7979736343905,10.267238094601295,1729841310.6596115
96.23038388816181,962.303838881618,10.26723971464419,1729841310.669591
96.38097043324036,963.8097043324036,10.267241102535653,1729841310.6797884
96.53155699561177,965.3155699561177,10.267242281590697,1729841310.6896877
96.68214357253693,966.8214357253693,10.267243273890255,1729841310.6995745
96.83273016158252,968.3273016158251,10.267244100281175,1729841310.7096114
96.98331676060286,969.8331676060286,10.267244780376215,1729841310.7196605
97.13390336772183,971.3390336772183,10.267245332554038,1729841310.7296548
97.28448998131475,972.8448998131475,10.267245773959202,1729841310.7401903
97.43507659999032,974.3507659999033,10.267246120502156,1729841310.7496367
97.58566322257248,975.8566322257248,10.267246386859245,1729841310.7596095
97.7362498480823,977.362498480823,10.2672465864727,1729841310.7695634
97.88683647571993,978.8683647571993,10.267246731550635,1729841310.779801
98.03742310484648,980.3742310484648,10.267246833067054,1729841310.7900739
98.18800973496589,981.8800973496589,10.267246900761837,1729841310.7995539
98.33859636570685,983.3859636570685,10.267246943140753,1729841310.809725
98.48918299680471,984.8918299680472,10.267246967475453,1729841310.8196657
98.6397696280834,986.397696280834,10.267246979803465,1729841310.8296392
98.79035625943725,987.9035625943725,10.267246984928201,1729841310.8396766
98.94094289081296,989.4094289081296,10.267246986418956,1729841310.849594
99.0915295221915,990.9152952219149,10.267246986610903,1729841310.859621
99.24211615356994,992.4211615356994,10.267246986605102,1729841310.8695931
99.39270278494344,993.9270278494344,10.267246986268487,1729841310.8799975
99.5432894162871,995.432894162871,10.267246984233878,1729841310.890073
99.69387604753786,996.9387604753786,10.267246977899978,1729841310.8996406
99.84446267857642,998.4446267857642,10.267246963431365,1729841310.9096377
99.99504930920911,999.950493092091,10.267246935758504,1729841310.9199586
100.14563593914981,1001.4563593914982,10.26724688857774,1729841310.9296188
100.29622256800185,1002.9622256800185,10.267246814351298,1729841310.940023
100.44680919523992,1004.4680919523992,10.267246704307286,1729841310.949647
100.59739582019192,1005.9739582019192,10.267246548439697,1729841310.9596026
100.74798244202093,1007.4798244202093,10.267246335508403,1729841310.9695706
100.89856905970704,1008.9856905970704,10.26724605303916,1729841310.97983
101.04915567202931,1010.4915567202931,10.267245687323616,1729841310.989676
101.19974227754764,1011.9974227754765,10.267245223419295,1729841310.9996116
101.35032887458466,1013.5032887458466,10.267244645149619,1729841311.0098572
101.50091546120765,1015.0091546120766,10.267243935103899,1729841311.0195901
101.65150203521044,1016.5150203521044,10.267243074637344,1729841311.029605
101.80208859409528,1018.0208859409528,10.267242043871061,1729841311.0401938
101.95267513505479,1019.5267513505479,10.267240821692063,1729841311.0496082
102.10326165495381,1021.0326165495381,10.267239385753278,1729841311.0596287
102.25384815031134,1022.5384815031134,10.267237712473552,1729841311.0695884
102.40443461728242,1024.0443461728241,10.26723577703766,1729841311.079825
102.55502105164001,1025.5502105164,10.26723355339632,1729841311.089983
102.70560744875695,1027.0560744875695,10.267231014266201,1729841311.0995708
102.8561938035878,1028.561938035878,10.267228131129942,1729841311.109591
103.00678011065077,1030.0678011065077,10.26722487423616,1729841311.1198199
103.1573663640096,1031.5736636400961,10.267221212599477,1729841311.1296208
103.30795255725552,1033.0795255725552,10.267217114000543,1729841311.1402712
103.45853868348907,1034.5853868348906,10.267212544986046,1729841311.1496453
103.60912473530206,1036.0912473530207,10.267207470868758,1729841311.1595542
103.75971070475946,1037.5971070475946,10.267201855727548,1729841311.1696424
103.91029658338128,1039.1029658338127,10.267195662407424,1729841311.179728
104.06088236212453,1040.6088236212454,10.267188852519565,1729841311.18972
104.21146803136504,1042.1146803136505,10.267181386441369,1729841311.1995862
104.36205358087946,1043.6205358087946,10.267173223316489,1729841311.2107506
104.51263899982708,1045.1263899982707,10.267164321054883,1729841311.2196162
104.66322427673178,1046.6322427673178,10.267154636332878,1729841311.2296379
104.81380939946395,1048.1380939946396,10.267144124593212,1729841311.2399156
104.96439435522237,1049.6439435522236,10.267132740045108,1729841311.249596
105.11497913051612,1051.1497913051612,10.267120435664346,1729841311.259609
105.26556371114653,1052.6556371114652,10.267107163193323,1729841311.2695599
105.41614808218903,1054.1614808218903,10.267092873141152,1729841311.279812
105.56673222797511,1055.667322279751,10.26707751478374,1729841311.2897096
105.71731613207422,1057.173161320742,10.267061036163875,1729841311.2996023
105.86789977727567,1058.6789977727567,10.267043384091346,1729841311.3095484
106.01848314557058,1060.1848314557058,10.267024504143032,1729841311.3201637
106.16906621813379,1061.690662181338,10.267004340663032,1729841311.3297079
106.31964897530574,1063.1964897530574,10.266982836762782,1729841311.339632
106.47023139657445,1064.7023139657445,10.26695993432119,1729841311.3496077
106.62081346055741,1066.208134605574,10.26693557398478,1729841311.3595903
106.77139514498353,1067.7139514498353,10.266909695167843,1729841311.369605
106.92197642667504,1069.2197642667504,10.266882236052592,1729841311.3798168
107.07255728152946,1070.7255728152945,10.26685313358934,1729841311.3904479
107.22313768450148,1072.231376845015,10.26682232349668,1729841311.399653
107.37371760958497,1073.7371760958497,10.266789740261672,1729841311.410214
107.52429702979487,1075.2429702979487,10.266755317140058,1729841311.4196074
107.67487591714912,1076.7487591714912,10.266718986156464,1729841311.4296436
107.82545424265068,1078.2545424265068,10.266680678104636,1729841311.439701
107.97603197626938,1079.7603197626938,10.266640322547682,1729841311.4496064
108.12660908692398,1081.2660908692399,10.26659784781832,1729841311.4596372
108.27718554246403,1082.7718554246403,10.266553181019145,1729841311.4695919
108.4277613096519,1084.277613096519,10.266506248022916,1729841311.4799018
108.57833635414474,1085.7833635414474,10.26645697347285,1729841311.4896798
108.7289106404764,1087.289106404764,10.266405280782928,1729841311.499677
108.87948413203947,1088.7948413203947,10.266351092138231,1729841311.5096657
109.03005679106721,1090.300567910672,10.266294328495269,1729841311.5198758
109.18062857861558,1091.8062857861557,10.266234909582355,1729841311.5296535
109.33119945454521,1093.311994545452,10.266172753899973,1729841311.5398607
109.48176937750338,1094.8176937750338,10.266107778721173,1729841311.549552
109.63233830490606,1096.3233830490606,10.26603990009198,1729841311.5595999
109.7829061929199,1097.829061929199,10.26596903283184,1729841311.5695236
109.93347299644424,1099.3347299644424,10.26589509053405,1729841311.5797658
110.08403866909315,1100.8403866909314,10.265817985566239,1729841311.5898454
110.23460316317744,1102.3460316317744,10.265737629070859,1729841311.5995567
110.38516642968673,1103.8516642968673,10.265653930965696,1729841311.6096373
110.53572841827147,1105.3572841827147,10.265566799944404,1729841311.6196344
110.68628907722501,1106.86289077225,10.265476143477052,1729841311.6296294
110.83684835346563,1108.3684835346562,10.26538186781072,1729841311.6398828
110.98740619251865,1109.8740619251864,10.265283877970084,1729841311.649655
111.1379625384985,1111.379625384985,10.265182077758052,1729841311.65966
111.2885173340908,1112.885173340908,10.265076369756407,1729841311.66956
111.43907052053447,1114.3907052053446,10.264966655326493,1729841311.6798027
111.58962203760385,1115.8962203760384,10.26485283460991,1729841311.6896782
111.74017182359077,1117.4017182359078,10.264734806529242,1729841311.699625
111.89071981528676,1118.9071981528675,10.26461246878882,1729841311.709628
112.04126594796512,1120.4126594796512,10.2644857178755,1729841311.7202864
112.19181015536314,1121.9181015536315,10.264354449059473,1729841311.729603
112.34235236966423,1123.4235236966422,10.264218556395118,1729841311.7396646
112.49289252148007,1124.9289252148008,10.264077932721863,1729841311.7496192
112.6434305398329,1126.4343053983291,10.263932469665091,1729841311.7596297
112.79396635213766,1127.9396635213766,10.263782057637082,1729841311.7695274
112.94449988418417,1129.4449988418417,10.263626585837963,1729841311.7797089
113.09503106011947,1130.9503106011946,10.263465942256726,1729841311.789726
113.24555980243,1132.4555980243,10.263300013672245,1729841311.799651
113.39608603192389,1133.960860319239,10.263128685654353,1729841311.8096228
113.54660966771323,1135.4660966771323,10.26295184256494,1729841311.8196561
113.6971306271964,1136.971306271964,10.26276936755909,1729841311.8296645
113.84764882604037,1138.4764882604036,10.262581142586262,1729841311.8401859
113.99816417816301,1139.98164178163,10.262387048391492,1729841311.8496196
114.14867659571549,1141.4867659571548,10.262186964516655,1729841311.8596063
114.2991859890646,1142.991859890646,10.26198076930174,1729841311.869524
114.4496922667752,1144.496922667752,10.261768339886194,1729841311.879741
114.6001953355926,1146.001953355926,10.261549552210276,1729841311.889528
114.75069510042499,1147.50695100425,10.261324281016481,1729841311.8995743
114.90119146432589,1149.011914643259,10.26109239985098,1729841311.9096282
115.05168432847664,1150.5168432847663,10.260853781065126,1729841311.9201946
115.2021735921689,1152.021735921689,10.260608295816986,1729841311.9296243
115.35265915278717,1153.5265915278717,10.260355814072927,1729841311.9396715
115.50314090579131,1155.0314090579132,10.26009620460925,1729841311.9496195
115.65361874469916,1156.5361874469916,10.25982933501385,1729841311.9596183
115.80409256106908,1158.040925610691,10.259555071687958,1729841311.969555
115.95456224448263,1159.5456224448262,10.259273279847896,1729841311.9798226
116.10502768252715,1161.0502768252716,10.258983823526906,1729841311.9896512
116.2554887607785,1162.554887607785,10.258686565577008,1729841311.9996376
116.40594536278373,1164.0594536278372,10.258381367670928,1729841312.0096798
116.55639737004378,1165.5639737004378,10.258068090304068,1729841312.0195863
116.70684466199636,1167.0684466199637,10.25774659279652,1729841312.0296814
116.85728711599857,1168.5728711599857,10.25741673329515,1729841312.0396705
117.0077246073099,1170.0772460730989,10.257078368775728,1729841312.049665
117.15815700907494,1171.5815700907494,10.256731355045106,1729841312.0595865
117.30858419230637,1173.0858419230638,10.256375546743467,1729841312.0695744
117.45900602586781,1174.590060258678,10.25601079734661,1729841312.0799603
117.60942237645685,1176.0942237645686,10.255636959168324,1729841312.0895722
117.75983310858797,1177.5983310858796,10.255253883362784,1729841312.0996351
117.91023808457561,1179.1023808457562,10.254861419927026,1729841312.1096184
118.06063716451725,1180.6063716451724,10.254459417703497,1729841312.1196823
118.21103020627645,1182.1103020627645,10.254047724382628,1729841312.1296506
118.36141706546607,1183.6141706546607,10.253626186505505,1729841312.1404974
118.5117975954314,1185.117975954314,10.253194649466584,1729841312.149631
118.66217164723341,1186.6217164723341,10.25275295751648,1729841312.1596317
118.812539069632,1188.12539069632,10.252300953764813,1729841312.1695871
118.96289970906929,1189.6289970906928,10.251838480183121,1729841312.1797843
119.11325340965305,1191.1325340965304,10.251365377607856,1729841312.189669
119.26360001314,1192.6360001314001,10.250881485743419,1729841312.1996238
119.41393935891932,1194.1393935891933,10.250386643165287,1729841312.2096472
119.56427128399609,1195.642712839961,10.249880687323213,1729841312.2196336
119.71459562297485,1197.1459562297487,10.249363454544465,1729841312.2296321
119.86491220804322,1198.6491220804323,10.248834780037182,1729841312.2397268
120.01522086895548,1200.1522086895548,10.248294497893767,1729841312.2495923
120.16552143301628,1201.6552143301628,10.247742441094369,1729841312.259603
120.31581372506439,1203.158137250644,10.24717844151044,1729841312.2695308
120.46609756745646,1204.6609756745645,10.246602329908368,1729841312.2797782
120.61637278005091,1206.1637278005092,10.246013935953176,1729841312.2896078
120.76663918019179,1207.6663918019178,10.245413088212317,1729841312.2996316
120.91689658269279,1209.168965826928,10.24479961415954,1729841312.3096724
121.0671447998212,1210.671447998212,10.24417334017882,1729841312.319684
121.217383641282,1212.17383641282,10.243534091568407,1729841312.3296168
121.36761291420204,1213.6761291420205,10.242881692544907,1729841312.339756
121.5178324231142,1215.178324231142,10.242215966247498,1729841312.349634
121.66804196994164,1216.6804196994165,10.241536734742184,1729841312.3596756
121.81824135398215,1218.1824135398215,10.240843819026168,1729841312.3695524
121.96843037189252,1219.6843037189253,10.240137039032293,1729841312.3797586
122.11860881767302,1221.1860881767302,10.239416213633573,1729841312.3896542
122.26877648265189,1222.6877648265188,10.238681160647817,1729841312.4000385
122.41893315546996,1224.1893315546995,10.237931696842336,1729841312.4098938
122.56907862206532,1225.690786220653,10.237167637938748,1729841312.4195743
122.719212665658,1227.19212665658,10.236388798617861,1729841312.4296372
122.86933506673486,1228.6933506673486,10.235594992524666,1729841312.4396758
123.01944560303441,1230.194456030344,10.234786032273401,1729841312.449643
123.16954404953178,1231.6954404953178,10.233961729452739,1729841312.459642
123.31963017842376,1233.1963017842377,10.233121894631036,1729841312.4695969
123.46970375911394,1234.6970375911394,10.232266337361708,1729841312.4798312
123.61976455819787,1236.1976455819788,10.231394866188676,1729841312.4895399
123.76981233944835,1237.6981233944834,10.23050728865194,1729841312.499611
123.91984686380077,1239.1984686380076,10.22960341129322,1729841312.5096872
124.06986788933858,1240.698678893386,10.22868303966173,1729841312.519971
124.2198751712788,1242.198751712788,10.22774597832002,1729841312.529625
124.36986846195767,1243.6986846195766,10.226792030849946,1729841312.539698
124.51984751081629,1245.198475108163,10.22582099985874,1729841312.5495553
124.66981206438649,1246.698120643865,10.224832686985167,1729841312.5596435
124.81976186627668,1248.1976186627667,10.223826892905803,1729841312.5696375
124.9696966571578,1249.696966571578,10.222803417341424,1729841312.5797677
125.11961617474947,1251.1961617474947,10.221762059063485,1729841312.5896206
125.2695201538061,1252.695201538061,10.220702615900715,1729841312.5996044
125.4194083261032,1254.194083261032,10.219624884745834,1729841312.6096983
125.56928042042374,1255.6928042042373,10.218528661562356,1729841312.6195838
125.7191361625446,1257.191361625446,10.217413741391528,1729841312.6296563
125.8689752752232,1258.6897527522322,10.216279918359364,1729841312.6397598
126.01879747818414,1260.1879747818414,10.215126985683796,1729841312.6496315
126.16860248810596,1261.6860248810597,10.21395473568195,1729841312.6597207
126.31839001860813,1263.1839001860812,10.212762959777521,1729841312.6695943
126.46815978023797,1264.6815978023797,10.211551448508278,1729841312.6799126
126.61791148045779,1266.179114804578,10.210319991533673,1729841312.6900942
126.76764482363217,1267.6764482363217,10.209068377642584,1729841312.6995902
126.9173595110152,1269.173595110152,10.207796394761163,1729841312.7096472
127.0670552407381,1270.670552407381,10.206503829960814,1729841312.719708
127.21673170779663,1272.1673170779663,10.205190469466283,1729841312.729641
127.3663886040389,1273.6638860403891,10.203856098663875,1729841312.7402997
127.5160256181532,1275.1602561815318,10.202500502109798,1729841312.7496095
127.66564243565587,1276.6564243565588,10.201123463538622,1729841312.7597022
127.81523873887949,1278.152387388795,10.199724765871865,1729841312.7695544
127.96481420696095,1279.6481420696095,10.198304191226713,1729841312.779761
128.1143685158299,1281.1436851582991,10.196861520924852,1729841312.7900894
128.26390133819714,1282.6390133819714,10.195396535501436,1729841312.7996082
128.41341234354326,1284.1341234354327,10.193909014714187,1729841312.8099155
128.5629011981073,1285.629011981073,10.192398737552615,1729841312.8196237
128.7123675648758,1287.1236756487579,10.190865482247375,1729841312.82963
128.86181110357154,1288.6181110357154,10.18930902627974,1729841312.8403423
129.0112314706429,1290.112314706429,10.187729146391234,1729841312.849633
129.16062831925314,1291.6062831925315,10.186125618593369,1729841312.8596795
129.3100012992697,1293.100012992697,10.184498218177527,1729841312.8695788
129.45935005725389,1294.593500572539,10.18284671972498,1729841312.8800776
129.60867423645064,1296.0867423645063,10.181170897117031,1729841312.8902178
129.75797347677832,1297.579734767783,10.179470523545314,1729841312.8996189
129.9072474148188,1299.0724741481881,10.177745371522198,1729841312.9095573
130.05649568380773,1300.5649568380773,10.175995212891356,1729841312.9198198
130.20571791362468,1302.0571791362468,10.174219818838461,1729841312.929604
130.35491373078386,1303.5491373078387,10.172418959902018,1729841312.9396617
130.50408275842472,1305.0408275842472,10.170592405984332,1729841312.9496064
130.6532246163027,1306.5322461630271,10.168739926362631,1729841312.9596086
130.80233892078036,1308.0233892078036,10.166861289700318,1729841312.969547
130.9514252848184,1309.5142528481842,10.164956264058354,1729841312.9798138
131.1004833179672,1311.004833179672,10.163024616906812,1729841312.9900653
131.24951262635807,1312.4951262635807,10.16106611513654,1729841312.9995828
131.39851281269512,1313.9851281269512,10.159080525070992,1729841313.0100834
131.54748347624704,1315.4748347624704,10.15706761247819,1729841313.019606
131.69642421283916,1316.9642421283916,10.155027142582837,1729841313.029626
131.8453346148456,1318.453346148456,10.152958880078558,1729841313.0401423
131.99421427118173,1319.9421427118173,10.150862589140319,1729841313.0496287
132.14306276729675,1321.4306276729676,10.148738033436953,1729841313.0596945
132.29187968516635,1322.9187968516635,10.146584976143862,1729841313.06959
132.4406646032858,1324.406646032858,10.144403179955852,1729841313.0807197
132.589417096663,1325.89417096663,10.142192407100117,1729841313.0895958
132.73813673681187,1327.3813673681186,10.139952419349369,1729841313.0996366
132.8868230917458,1328.868230917458,10.137682978035121,1729841313.1096427
133.0354757259715,1330.3547572597151,10.135383844061117,1729841313.1196887
133.18409420048278,1331.8409420048279,10.133054777916907,1729841313.1296275
133.33267807275476,1333.3267807275477,10.13069553969157,1729841313.139764
133.48122689673824,1334.8122689673824,10.128305889087601,1729841313.149653
133.62974022285414,1336.2974022285414,10.125885585434922,1729841313.1595912
133.7782175979883,1337.7821759798828,10.123434387705066,1729841313.1695254
133.9266585654864,1339.266585654864,10.120952054525509,1729841313.1798496
134.0750626651492,1340.750626651492,10.118438344194129,1729841313.1896775
134.2234294332278,1342.234294332278,10.115893014693851,1729841313.1996012
134.37175840241937,1343.7175840241937,10.113315823707417,1729841313.209681
134.52004910186287,1345.2004910186288,10.110706528632317,1729841313.219656
134.6683010571351,1346.683010571351,10.108064886595866,1729841313.229633
134.81651379024703,1348.1651379024702,10.10539065447044,1729841313.23992
134.96468681964018,1349.6468681964018,10.102683588888862,1729841313.2496445
135.11281966018345,1351.1281966018346,10.099943446259932,1729841313.2596157
135.26091182316995,1352.6091182316995,10.097169982784113,1729841313.2696042
135.40896281631427,1354.0896281631426,10.094362954469373,1729841313.2799695
135.55697214374985,1355.5697214374984,10.091522117147173,1729841313.2896006
135.70493930602657,1357.0493930602656,10.08864722648861,1729841313.2996507
135.85286380010882,1358.5286380010882,10.085738038020708,1729841313.309583
136.0007451193734,1360.007451193734,10.082794307142857,1729841313.320087
136.14858275360803,1361.4858275360803,10.079815789143423,1729841313.32965
136.29637618900995,1362.9637618900995,10.076802239216475,1729841313.339956
136.44412490818476,1364.4412490818477,10.073753412478698,1729841313.3495936
136.59182839014554,1365.9182839014554,10.070669063986434,1729841313.3596346
136.7394861103122,1367.3948611031221,10.06754894875288,1729841313.3695812
136.8870975405112,1368.870975405112,10.064392821765434,1729841313.3796868
137.03466214897526,1370.3466214897526,10.061200438003201,1729841313.3897328
137.18217940034364,1371.8217940034365,10.057971552454633,1729841313.3996806
137.3296487556625,1373.296487556625,10.054705920135328,1729841313.4098332
137.4770696723855,1374.770696723855,10.051403296105974,1729841313.4196217
137.62444160437482,1376.2444160437483,10.048063435490445,1729841313.429602
137.77176400190228,1377.7176400190228,10.044686093494038,1729841313.4398835
137.91903631165084,1379.1903631165085,10.041271025421866,1729841313.4497042
138.06625797671634,1380.6625797671634,10.037817986697386,1729841313.4596562
138.2134284366095,1382.134284366095,10.034326732881087,1729841313.469658
138.36054712725817,1383.6054712725818,10.030797019689311,1729841313.4800584
138.50761348101,1385.0761348101,10.027228603013226,1729841313.4895754
138.65462692663513,1386.5462692663514,10.02362123893794,1729841313.499663
138.80158688932946,1388.0158688932945,10.019974683761763,1729841313.5096195
138.94849279071798,1389.4849279071798,10.016288694015602,1729841313.5198328
139.0953440488585,1390.9534404885849,10.012563026482503,1729841313.5296202
139.2421400782456,1392.421400782456,10.00879743821735,1729841313.5397596
139.38888028981498,1393.8888028981498,10.004991686566665,1729841313.549655
139.53556409094793,1395.3556409094792,10.001145529188587,1729841313.559642
139.6821908854763,1396.821908854763,9.997258724072973,1729841313.56957
139.82876007368756,1398.2876007368757,9.993331029561624,1729841313.5797691
139.97527105233038,1399.752710523304,9.989362204368675,1729841313.5896668
140.12172321462026,1401.2172321462026,9.98535200760109,1729841313.5996149
140.2681159502457,1402.681159502457,9.981300198779321,1729841313.6100755
140.41444864537448,1404.1444864537448,9.977206537858068,1729841313.6196153
140.56072068266047,1405.6072068266049,9.9730707852472,1729841313.6296604
140.70693144125045,1407.0693144125044,9.968892701832782,1729841313.6398995
140.8530802967915,1408.530802967915,9.96467204899826,1729841313.649627
140.99916662143858,1409.9916662143858,9.960408588645732,1729841313.6596434
141.1451897838625,1411.451897838625,9.956102083217393,1729841313.6697662
141.29114914925808,1412.9114914925808,9.951752295717071,1729841313.680374
141.43704407935277,1414.3704407935277,9.947358989731894,1729841313.6896663
141.5828739324155,1415.828739324155,9.942921929454096,1729841313.699656
141.72863806326586,1417.2863806326586,9.938440879702915,1729841313.709626
141.8743358232836,1418.7433582328358,9.93391560594664,1729841313.719666
142.01996656041854,1420.1996656041854,9.92934587432475,1729841313.729664
142.16552961920075,1421.6552961920074,9.924731451670189,1729841313.7396855
142.31102434075095,1423.1102434075094,9.92007210553174,1729841313.7496512
142.45645006279142,1424.5645006279142,9.91536760419652,1729841313.7597067
142.60180611965714,1426.0180611965714,9.910617716712586,1729841313.769622
142.74709184230724,1427.4709184230724,9.905822212911644,1729841313.7797854
142.89230655833694,1428.9230655833694,9.900980863431869,1729841313.7896192
143.0374495919896,1430.374495919896,9.896093439740827,1729841313.799662
143.18252026416926,1431.8252026416926,9.891159714158514,1729841313.8096414
143.32751789245347,1433.2751789245347,9.886179459880466,1729841313.8196707
143.47244179110658,1434.7244179110658,9.88115245100101,1729841313.8296623
143.61729127109305,1436.1729127109306,9.87607846253656,1729841313.8396838
143.76206564009155,1437.6206564009155,9.870957270449066,1729841313.8497055
143.90676420250898,1439.0676420250898,9.865788651669511,1729841313.8595936
144.0513862594952,1440.513862594952,9.860572384121514,1729841313.869591
144.19593110895772,1441.959311089577,9.855308246745029,1729841313.8799403
144.34039804557722,1443.4039804557722,9.849996019520113,1729841313.8896325
144.48478636082294,1444.8478636082293,9.844635483490794,1729841313.899674
144.62909534296872,1446.2909534296873,9.839226420789016,1729841313.9096339
144.77332427710934,1447.7332427710935,9.833768614658648,1729841313.9199364
144.9174724451771,1449.174724451771,9.828261849479595,1729841313.929662
145.06153912595892,1450.6153912595892,9.822705910791962,1729841313.9396784
145.20552359511365,1452.0552359511364,9.817100585320299,1729841313.9496334
145.3494251251898,1453.494251251898,9.811445660997906,1729841313.9596689
145.49324298564372,1454.9324298564372,9.805740926991225,1729841313.9695468
145.63697644285787,1456.3697644285787,9.799986173724262,1729841313.9797642
145.7806247601598,1457.806247601598,9.794181192903107,1729841313.9896507
145.92418719784126,1459.2418719784127,9.788325777540472,1729841313.9995916
146.06766301317762,1460.6766301317762,9.782419721980324,1729841314.0099344
146.21105146044792,1462.1105146044792,9.776462821922541,1729841314.0196211
146.35435179095498,1463.5435179095498,9.770454874447625,1729841314.0296068
146.4975632530461,1464.975632530461,9.76439567804147,1729841314.0396202
146.64068509213405,1466.4068509213405,9.758285032620165,1729841314.0496793
146.78371655071828,1467.8371655071828,9.752122739554832,1729841314.0596077
146.92665686840678,1469.2665686840678,9.745908601696513,1729841314.0695865
147.06950528193806,1470.6950528193806,9.739642423401087,1729841314.0797477
147.21226102520365,1472.1226102520363,9.733324010554211,1729841314.0896146
147.35492332927083,1473.5492332927083,9.726953170596298,1729841314.0996644
147.49749142240586,1474.9749142240585,9.72052971254751,1729841314.109689
147.63996453009744,1476.3996453009745,9.714053447032784,1729841314.1196363
147.78234187508076,1477.8234187508076,9.707524186306863,1729841314.12966
147.92462267736158,1479.246226773616,9.700941744279344,1729841314.139683
148.06680615424102,1480.6680615424102,9.694305936539754,1729841314.1496487
148.20889152034053,1482.0889152034053,9.6876165803826,1729841314.1596534
148.3508779876272,1483.508779876272,9.680873494832458,1729841314.1695964
148.49276476543957,1484.9276476543957,9.674076500669031,1729841314.1797047
148.63455106051373,1486.3455106051374,9.667225420452235,1729841314.1896565
148.77623607700977,1487.7623607700978,9.660320078547251,1729841314.199664
148.91781901653863,1489.1781901653862,9.653360301149585,1729841314.2097936
149.05929907818938,1490.5929907818938,9.6463459163101,1729841314.2196136
149.2006754585567,1492.006754585567,9.63927675396004,1729841314.2296128
149.34194735176885,1493.4194735176884,9.63215264593603,1729841314.2396593
149.48311394951605,1494.8311394951606,9.624973426005049,1729841314.2496848
149.62417444107905,1496.2417444107905,9.617738929889372,1729841314.259594
149.7651280133583,1497.651280133583,9.610448995291486,1729841314.269583
149.90597385090322,1499.0597385090323,9.603103461918957,1729841314.279899
150.0467111359421,1500.467111359421,9.595702171509272,1729841314.2896695
150.18733904841213,1501.8733904841213,9.588244967854623,1729841314.299576
150.32785676598996,1503.2785676598996,9.58073169682664,1729841314.3095827
150.4682634641226,1504.682634641226,9.573162206401092,1729841314.3196483
150.6085583160585,1506.085583160585,9.5655363466825,1729841314.3296223
150.74874049287925,1507.4874049287926,9.557853969928722,1729841314.339737
150.88880916353153,1508.8880916353153,9.55011493057544,1729841314.349553
151.02876349485933,1510.2876349485932,9.542319085260605,1729841314.3596845
151.16860265163666,1511.6860265163666,9.534466292848794,1729841314.3695557
151.30832579660054,1513.0832579660055,9.526556414455492,1729841314.379748
151.44793209048444,1514.4793209048444,9.518589313471288,1729841314.3903024
151.58742069205186,1515.8742069205186,9.510564855585999,1729841314.3996327
151.72679075813053,1517.2679075813053,9.50248290881269,1729841314.4098258
151.86604144364682,1518.6604144364683,9.494343343511593,1729841314.41963
152.00517190166042,1520.0517190166042,9.486146032413956,1729841314.4296596
152.14418128339958,1521.4418128339958,9.477890850645753,1729841314.439736
152.28306873829652,1522.8306873829652,9.469577675751314,1729841314.4496286
152.42183341402324,1524.2183341402324,9.461206387716818,1729841314.4596825
152.56047445652771,1525.604744565277,9.452776868993702,1729841314.4696577
152.69899101007033,1526.9899101007034,9.444289004521911,1729841314.4799097
152.8373822172608,1528.373822172608,9.435742681753057,1729841314.4896011
152.97564721909526,1529.7564721909525,9.427137790673418,1729841314.4996898
153.11378515499388,1531.1378515499387,9.41847422382683,1729841314.509578
153.25179516283856,1532.5179516283856,9.409751876337419,1729841314.5197313
153.38967637901126,1533.8967637901126,9.4009706459322,1729841314.529577
153.5274279384324,1535.274279384324,9.392130432963528,1729841314.5396924
153.66504897459976,1536.6504897459977,9.383231140431395,1729841314.54964
153.8025386196276,1538.025386196276,9.374272674005562,1729841314.5596392
153.9398960042861,1539.398960042861,9.365254942047546,1729841314.5695705
154.0771202580413,1540.771202580413,9.356177855632431,1729841314.5797276
154.21421050909504,1542.1421050909503,9.347041328570501,1729841314.589696
154.3511658844255,1543.5116588442552,9.337845277428722,1729841314.5996027
154.48798550982792,1544.8798550982792,9.328589621552005,1729841314.6104066
154.62466850995563,1546.2466850995563,9.319274283084336,1729841314.6195748
154.76121400836143,1547.6121400836143,9.309899186989671,1729841314.6296918
154.8976211275393,1548.976211275393,9.30046426107266,1729841314.6396563
155.03388898896628,1550.3388898896628,9.290969435999166,1729841314.6496887
155.17001671314475,1551.7001671314474,9.281414645316595,1729841314.6597488
155.30600341964504,1553.0600341964505,9.271799825473995,1729841314.669639
155.44184822714823,1554.4184822714824,9.262124915841964,1729841314.6805646
155.5775502534893,1555.7755025348931,9.252389858732336,1729841314.6896887
155.71310861570058,1557.1310861570057,9.242594599417638,1729841314.699663
155.84852243005543,1558.4852243005544,9.23273908615033,1729841314.7096255
155.9837908121122,1559.837908121122,9.222823270181813,1729841314.7196603
156.11891287675857,1561.1891287675858,9.212847105781202,1729841314.7296643
156.25388773825597,1562.5388773825598,9.202810550253865,1729841314.740203
156.3887145102845,1563.887145102845,9.192713563959709,1729841314.749672
156.5233923059879,1565.233923059879,9.182556110331218,1729841314.7597222
156.6579202380189,1566.5792023801891,9.172338155891257,1729841314.7696574
156.79229741858487,1567.9229741858487,9.162059670270596,1729841314.7798471
156.92652295949352,1569.2652295949351,9.151720626225178,1729841314.7898076
157.06059597219914,1570.6059597219914,9.14132099965314,1729841314.7996194
157.1945155678488,1571.9451556784882,9.130860769611534,1729841314.8097582
157.32828085732902,1573.2828085732901,9.120339918332798,1729841314.8196816
157.4618909513125,1574.6189095131251,9.109758431240934,1729841314.8296669
157.59534496030525,1575.9534496030526,9.09911629696741,1729841314.8401754
157.72864199469376,1577.2864199469377,9.088413507366766,1729841314.8496845
157.86178116479257,1578.6178116479257,9.077650057531947,1729841314.8596778
157.99476158089197,1579.9476158089196,9.066825945809311,1729841314.8695943
158.12758235330594,1581.2758235330593,9.055941173813363,1729841314.880541
158.26024259242027,1582.6024259242026,9.044995746441167,1729841314.889737
158.39274140874093,1583.9274140874093,9.033989671886461,1729841314.8996043
158.5250779129426,1585.250779129426,9.022922961653457,1729841314.9096205
158.65725121591748,1586.572512159175,9.011795630570312,1729841314.9202757
158.78926042882418,1587.8926042882417,9.000607696802296,1729841314.929652
158.92110466313684,1589.2110466313684,8.989359181864627,1729841314.9403307
159.05278303069448,1590.527830306945,8.978050110634964,1729841314.9495792
159.18429464375052,1591.8429464375051,8.966680511365604,1729841314.9598207
159.3156386150224,1593.156386150224,8.955250415695291,1729841314.9695697
159.44681405774142,1594.4681405774143,8.943759858660732,1729841314.9797983
159.57782008570277,1595.7782008570277,8.932208878707742,1729841314.991377
159.70865581331566,1597.0865581331566,8.920597517702037,1729841314.9995947
159.83932035565363,1598.3932035565363,8.908925820939706,1729841315.009701
159.96981282850507,1599.6981282850506,8.897193837157289,1729841315.0196016
160.10013234842373,1601.0013234842372,8.885401618541522,1729841315.0296843
160.23027803277952,1602.3027803277953,8.873549220738708,1729841315.039887
160.36024899980941,1603.6024899980941,8.861636702863732,1729841315.0496187
160.49004436866835,1604.9004436866835,8.849664127508685,1729841315.0596812
160.61966325948043,1606.1966325948042,8.837631560751149,1729841315.069597
160.7491047933901,1607.491047933901,8.825539072162067,1729841315.079826
160.87836809261358,1608.7836809261357,8.813386734813275,1729841315.089882
161.00745228049024,1610.0745228049025,8.801174625284602,1729841315.099565
161.13635648153416,1611.3635648153418,8.788902823670636,1729841315.10966
161.2650798214858,1612.6507982148582,8.776571413587064,1729841315.1196766
161.39362142736374,1613.9362142736375,8.764180482176629,1729841315.129615
161.52198042751644,1615.2198042751643,8.75173012011471,1729841315.139977
161.65015595167412,1616.5015595167413,8.739220421614469,1729841315.1495972
161.77814713100085,1617.7814713100086,8.726651484431644,1729841315.1596382
161.90595309814637,1619.0595309814637,8.714023409868883,1729841315.1696234
162.03357298729836,1620.3357298729836,8.70133630277973,1729841315.1798208
162.16100593423442,1621.6100593423444,8.68859027157215,1729841315.1900437
162.28825107637437,1622.8825107637435,8.675785428211684,1729841315.199629
162.4153075528324,1624.1530755283238,8.662921888224167,1729841315.209691
162.54217450446927,1625.4217450446927,8.649999770698024,1729841315.2197113
162.66885107394478,1626.6885107394478,8.637019198286186,1729841315.2296185
162.79533640576983,1627.9533640576983,8.623980297207533,1729841315.239768
162.9216296463589,1629.216296463589,8.610883197247952,1729841315.2495887
163.04772994408233,1630.4772994408233,8.597728031760965,1729841315.2596526
163.17363644931862,1631.736364493186,8.584514937667906,1729841315.269585
163.2993483145068,1632.993483145068,8.571244055457706,1729841315.279825
163.4248646941987,1634.248646941987,8.557915529186213,1729841315.2898648
163.55018474511132,1635.5018474511132,8.544529506475103,1729841315.2996202
163.675307626179,1636.75307626179,8.531086138510345,1729841315.3097441
163.8002324986058,1638.0023249860578,8.517585580040244,1729841315.3199983
163.92495852591753,1639.2495852591753,8.50402798937302,1729841315.3297184
164.04948487401413,1640.4948487401412,8.490413528373985,1729841315.3400373
164.17381071122165,1641.7381071122165,8.47674236246225,1729841315.3495479
164.29793520834437,1642.9793520834437,8.463014660607001,1729841315.3597386
164.4218575387168,1644.2185753871681,8.449230595323344,1729841315.3695345
164.54557687825562,1645.455768782556,8.435390342667683,1729841315.3798
164.6690924055115,1646.690924055115,8.421494082232684,1729841315.3897223
164.79240330172098,1647.9240330172097,8.407541997141763,1729841315.3995852
164.9155087508581,1649.155087508581,8.393534274043152,1729841315.409702
165.03840793968598,1650.3840793968598,8.379471103103505,1729841315.4196208
165.16110005780843,1651.6110005780843,8.36535267800107,1729841315.4297616
165.2835842977212,1652.835842977212,8.351179195918391,1729841315.4397156
165.4058598548634,1654.0585985486339,8.336950857534587,1729841315.4496045
165.52792592766858,1655.2792592766857,8.32266786701717,1729841315.459641
165.64978171761578,1656.4978171761577,8.30833043201341,1729841315.4696088
165.77142642928047,1657.7142642928047,8.293938763641268,1729841315.480272
165.8928592703853,1658.928592703853,8.279493076479865,1729841315.4897592
166.01407945185062,1660.1407945185063,8.264993588559504,1729841315.49963
166.13508618784513,1661.3508618784513,8.250440521351258,1729841315.5096037
166.25587869583603,1662.5587869583603,8.235834099756094,1729841315.5198507
166.37645619663923,1663.7645619663922,8.221174552093549,1729841315.529678
166.4968179144693,1664.9681791446928,8.206462110089976,1729841315.5396943
166.61696307698924,1666.1696307698924,8.191697008866326,1729841315.5495908
166.73689091536014,1667.3689091536014,8.176879486925493,1729841315.5596082
166.8566006642905,1668.566006642905,8.16200978613921,1729841315.569576
166.97609156208554,1669.7609156208555,8.147088151734506,1729841315.579772
167.09536285069615,1670.9536285069614,8.132114832279713,1729841315.589883
167.21441377576764,1672.1441377576764,8.11709007967003,1729841315.5995858
167.33324358668844,1673.3324358668845,8.10201414911266,1729841315.6096683
167.45185153663832,1674.518515366383,8.086887299111492,1729841315.6196406
167.5702368826366,1675.7023688263662,8.07170979145135,1729841315.6295912
167.68839888559,1676.8839888559,8.056481891181804,1729841315.6399481
167.80633681034027,1678.0633681034028,8.041203866600558,1729841315.6495957
167.9240499257116,1679.2404992571162,8.02587598923638,1729841315.6597147
168.04153750455777,1680.4153750455775,8.010498533831614,1729841315.6696122
168.15879882380892,1681.587988238089,7.995071778324281,1729841315.6800034
168.2758331645183,1682.758331645183,7.9795960038297125,1729841315.6896367
168.39263981190848,1683.9263981190848,7.96407149462179,1729841315.6996253
168.50921805541742,1685.0921805541743,7.948498538113747,1729841315.7096963
168.6255671887443,1686.255671887443,7.932877424838557,1729841315.7198324
168.74168650989486,1687.4168650989486,7.917208448428886,1729841315.7295938
168.85757532122668,1688.5757532122668,7.901491905596658,1729841315.7402325
168.97323292949392,1689.732329294939,7.885728096112177,1729841315.7495968
169.08865864589197,1690.8865864589197,7.869917322782859,1729841315.7597678
169.20385178610164,1692.0385178610163,7.854059891431541,1729841315.7695997
169.318811670333,1693.1881167033298,7.83815611087439,1729841315.779696
169.43353762336903,1694.3353762336903,7.82220629289842,1729841315.7896242
169.54802897460888,1695.4802897460888,7.806210752238584,1729841315.799602
169.66228505811068,1696.6228505811068,7.790169806554498,1729841315.8096375
169.7763052126341,1697.7630521263409,7.7740837764067505,1729841315.8196218
169.8900887816826,1698.900887816826,7.757952985232841,1729841315.8296547
170.00363511354527,1700.0363511354526,7.741777759322709,1729841315.839678
170.1169435613382,1701.169435613382,7.725558427793898,1729841315.8496282
170.23001348304567,1702.3001348304567,7.709295322566346,1729841315.859656
170.3428442415609,1703.428442415609,7.692988778336771,1729841315.8695416
170.4554352047263,1704.5543520472631,7.676639132552716,1729841315.8804746
170.56778574537353,1705.6778574537352,7.660246725386212,1729841315.8896015
170.67989524136297,1706.7989524136296,7.6438118997070825,1729841315.8996346
170.79176307562295,1707.9176307562295,7.627335001055869,1729841315.909624
170.90338863618854,1709.0338863618854,7.610816377616439,1729841315.9196677
171.01477131623983,1710.1477131623983,7.594256380188206,1729841315.9295998
171.12591051414,1711.2591051414001,7.5776553621580165,1729841315.9396882
171.2368056334727,1712.368056334727,7.561013679471698,1729841315.9496272
171.3474560830793,1713.474560830793,7.54433169060527,1729841315.9596572
171.45786127709547,1714.5786127709548,7.527609756535808,1729841315.969606
171.56802063498753,1715.6802063498753,7.510848240711988,1729841315.9797413
171.67793358158815,1716.7793358158815,7.494047509024309,1729841315.9899457
171.78759954713178,1717.8759954713178,7.477207929774993,1729841315.9996107
171.8970179672896,1718.970179672896,7.460329873647572,1729841316.010019
172.00618828320398,1720.0618828320398,7.443413713676149,1729841316.0195873
172.11510994152246,1721.1510994152245,7.426459825214384,1729841316.029625
172.22378239443134,1722.2378239443133,7.409468585904163,1729841316.0399714
172.3322050996888,1723.3220509968878,7.392440375643965,1729841316.0496218
172.44037752065748,1724.4037752065747,7.375375576556958,1729841316.0596383
172.5482991263367,1725.482991263367,7.358274572958793,1729841316.0695698
172.65596939139405,1726.5596939139405,7.341137751325135,1729841316.0800416
172.7633877961967,1727.6338779619668,7.323965500258922,1729841316.0897605
172.870553826842,1728.7055382684202,7.306758210457321,1729841316.0996099
172.97746697518784,1729.7746697518783,7.289516274678478,1729841316.1096482
173.08412673888222,1730.8412673888222,7.272240087707969,1729841316.1196187
173.19053262139266,1731.9053262139266,7.254930046325013,1729841316.1296258
173.2966841320348,1732.966841320348,7.237586549268439,1729841316.1403086
173.40258078600078,1734.0258078600077,7.220209997202426,1729841316.1496043
173.50822210438682,1735.0822210438682,7.202800792681979,1729841316.1596074
173.61360761422054,1736.1360761422054,7.185359340118209,1729841316.1695905
173.71873684848765,1737.1873684848765,7.16788604574338,1729841316.1797893
173.82360934615815,1738.2360934615815,7.150381317575726,1729841316.190417
173.92822465221198,1739.2822465221197,7.132845565384081,1729841316.1996422
174.03258231766418,1740.3258231766417,7.1152792006522905,1729841316.2098763
174.13668189958958,1741.3668189958958,7.097682636543431,1729841316.219633
174.24052296114678,1742.4052296114678,7.080056287863825,1729841316.229606
174.34410507160186,1743.4410507160187,7.062400571026901,1729841316.240468
174.4474278063513,1744.4742780635129,7.044715904016835,1729841316.2496371
174.55049074694455,1745.5049074694455,7.027002706352054,1729841316.2596486
174.65329348110598,1746.5329348110597,7.0092613990485475,1729841316.269547
174.75583560275626,1747.5583560275627,6.991492404583035,1729841316.2800941
174.85811671203336,1748.5811671203337,6.973696146855971,1729841316.2899375
174.96013641531272,1749.6013641531272,6.9558730511543985,1729841316.299632
175.06189432522717,1750.6189432522717,6.938023544114684,1729841316.30971
175.16339006068617,1751.6339006068617,6.92014805368508,1729841316.319689
175.26462324689436,1752.6462324689437,6.902247009088189,1729841316.3296776
175.36559351536988,1753.655935153699,6.8843208407833085,1729841316.339637
175.46630050396183,1754.6630050396184,6.866369980428633,1729841316.3496554
175.56674385686736,1755.6674385686736,6.848394860843367,1729841316.359704
175.66692322464812,1756.6692322464812,6.830395915969738,1729841316.3695507
175.76683826424616,1757.6683826424617,6.812373580834897,1729841316.3799577
175.8664886389993,1758.664886389993,6.79432829151275,1729841316.3896313
175.9658740186559,1759.658740186559,6.776260485085697,1729841316.3995745
176.06499407938915,1760.6499407938916,6.758170599606288,1729841316.4097033
176.16384850381064,1761.6384850381064,6.740059074058822,1729841316.4195876
176.26243698098355,1762.6243698098356,6.721926348320876,1729841316.429584
176.36075920643515,1763.6075920643516,6.703772863124776,1729841316.4397035
176.45881488216872,1764.5881488216874,6.685599060019028,1729841316.4495857
176.55660371667508,1765.566037166751,6.667405381329699,1729841316.4596577
176.6541254249433,1766.5412542494328,6.649192270121752,1729841316.4696722
176.75137972847097,1767.5137972847097,6.630960170160378,1729841316.479854
176.84836635527407,1768.4836635527406,6.612709525872276,1729841316.4897866
176.94508503989593,1769.4508503989593,6.5944407823069255,1729841316.4996092
177.04153552341583,1770.4153552341584,6.576154385097854,1729841316.5096107
177.13771755345707,1771.3771755345706,6.557850780423905,1729841316.5198863
177.23363088419433,1772.3363088419433,6.539530414970491,1729841316.529632
177.3292752763605,1773.292752763605,6.521193735890865,1729841316.5396347
177.42465049725314,1774.2465049725315,6.502841190767432,1729841316.5496309
177.51975632074,1775.1975632074,6.4844732275730195,1729841316.559659
177.61459252726428,1776.1459252726427,6.466090294632258,1729841316.5695915
177.70915890384924,1777.0915890384924,6.447692840582923,1729841316.5797427
177.80345524410222,1778.0345524410222,6.429281314337381,1729841316.5899715
177.89748134821807,1778.9748134821807,6.410856165044022,1729841316.599573
177.99123702298203,1779.9123702298202,6.3924178420488005,1729841316.6096926
178.08472208177216,1780.8472208177216,6.373966794856809,1729841316.619583
178.17793634456098,1781.7793634456098,6.35550347309392,1729841316.6296625
178.27087963791678,1782.7087963791678,6.33702832646851,1729841316.6399672
178.36355179500427,1783.6355179500426,6.318541804733256,1729841316.6496694
178.45595265558458,1784.5595265558459,6.300044357647012,1729841316.6596723
178.54808206601487,1785.4808206601488,6.281536434936802,1729841316.669583
178.6399398792473,1786.399398792473,6.2630184862598846,1729841316.680413
178.73152595482742,1787.3152595482743,6.244490961165923,1729841316.6896443
178.8228401588921,1788.2284015889209,6.22595430905928,1729841316.6996949
178.91388236416677,1789.1388236416676,6.207408979161422,1729841316.709716
179.00465244996224,1790.0465244996224,6.188855420473442,1729841316.7198863
179.09515030217088,1790.9515030217087,6.1702940817387155,1729841316.7296245
179.18537581326234,1791.8537581326234,6.151725411405687,1729841316.739703
179.27532888227867,1792.7532888227868,6.133149857590793,1729841316.7496243
179.36500941482888,1793.6500941482886,6.114567868041531,1729841316.7596712
179.454417323083,1794.54417323083,6.095979890099689,1729841316.7695365
179.54355252576562,1795.435525257656,6.077386370664723,1729841316.779733
179.63241494814886,1796.3241494814886,6.058787756157284,1729841316.7896533
179.72100452204475,1797.2100452204475,6.040184492482944,1729841316.7996159
179.80932118579727,1798.0932118579726,6.02157702499608,1729841316.8097892
179.8973648842736,1798.973648842736,6.002965798463899,1729841316.8195934
179.9851355688551,1799.851355688551,5.98435125703073,1729841316.829622
180.07263319742756,1800.7263319742756,5.965733844182418,1729841316.8397815
180.15985773437112,1801.5985773437112,5.947114002710973,1729841316.8496022
180.2468091505495,1802.468091505495,5.928492174679382,1729841316.8596487
180.3334874232988,1803.334874232988,5.909868801386643,1729841316.8695247
180.41989253641583,1804.1989253641582,5.891244323333016,1729841316.8801317
180.50602448014587,1805.0602448014588,5.8726191801854695,1729841316.8896422
180.5918832511699,1805.9188325116988,5.853993810743346,1729841316.899574
180.67746885259143,1806.7746885259144,5.83536865290428,1729841316.9096801
180.7627812939228,1807.627812939228,5.816744143630305,1729841316.9195905
180.8478205910709,1808.478205910709,5.798120718914223,1729841316.929625
180.93258676632246,1809.3258676632245,5.779498813746212,1729841316.9396281
181.01707984832893,1810.1707984832892,5.760878862080654,1729841316.949638
181.10129987209075,1811.0129987209075,5.7422612968032265,1729841316.9596782
181.1852468789412,1811.852468789412,5.723646549698257,1729841316.9696295
181.2689209165298,1812.689209165298,5.705035051416302,1729841316.979816
181.3523220388052,1813.5232203880519,5.686427231442013,1729841316.9896247
181.43545030599756,1814.3545030599757,5.667823518062248,1729841316.9996715
181.5183057846006,1815.1830578460062,5.649224338334485,1729841317.009666
181.6008885473531,1816.0088854735309,5.630630118055454,1729841317.019662
181.68319867321983,1816.8319867321984,5.612041281730094,1729841317.0296042
181.76523624737237,1817.6523624737238,5.593458252540764,1729841317.0396552
181.84700136116908,1818.4700136116908,5.574881452316742,1729841317.0496082
181.92849411213484,1819.2849411213483,5.55631130150402,1729841317.0597136
182.00971460394044,1820.0971460394044,5.537748219135395,1729841317.069583
182.09066294638126,1820.9066294638126,5.5191926228008175,1729841317.0799978
182.17133925535583,1821.7133925535584,5.500644928618092,1729841317.089628
182.2517436528437,1822.517436528437,5.4821055512038255,1729841317.0996222
182.33187626688297,1823.3187626688298,5.463574903644738,1729841317.1096625
182.41173723154765,1824.1173723154766,5.445053397469228,1729841317.1196234
182.4913266869241,1824.9132668692412,5.426541442619269,1729841317.1296296
182.57064477908762,1825.7064477908762,5.408039447422638,1729841317.1398308
182.64969166007816,1826.4969166007816,5.389547818565434,1729841317.149671
182.728467487876,1827.2846748787601,5.371066961064922,1729841317.159639
182.8069724263768,1828.069724263768,5.3525972782427145,1729841317.1696281
182.88520664536634,1828.8520664536634,5.334139171698262,1729841317.1798365
182.96317032049492,1829.6317032049492,5.315693041282685,1729841317.1896029
183.0408636332513,1830.408636332513,5.297259285072913,1729841317.1996582
183.11828677093632,1831.182867709363,5.278838299346194,1729841317.210017
183.19543992663614,1831.9543992663614,5.260430478554887,1729841317.219618
183.2723232991951,1832.7232329919511,5.242036215301652,1729841317.229616
183.34893709318825,1833.4893709318826,5.223655900314925,1729841317.2399397
183.42528151889348,1834.2528151889348,5.205289922424773,1729841317.2496881
183.50135679226335,1835.0135679226335,5.1869386685390655,1729841317.2596593
183.57716313489652,1835.7716313489652,5.168602523620014,1729841317.269603
183.65270077400893,1836.5270077400894,5.150281870661041,1729841317.280355
183.72796994240457,1837.2796994240457,5.131977090664005,1729841317.2898965
183.8029708784459,1838.029708784459,5.113688562616774,1729841317.2996526
183.87770382602403,1838.7770382602403,5.095416663471158,1729841317.309741
183.95216903452854,1839.5216903452854,5.07716176812119,1729841317.3196087
184.02636675881695,1840.2636675881695,5.058924249381751,1729841317.3296342
184.10029725918395,1841.0029725918394,5.040704477967575,1729841317.3407507
184.1739608013303,1841.739608013303,5.022502822472592,1729841317.34959
184.24735765633142,1842.473576563314,5.004319649349625,1729841317.3596597
184.32048810060564,1843.2048810060564,4.9861553228904825,1729841317.369587
184.39335241588233,1843.9335241588233,4.968010205206362,1729841317.3797936
184.46595088916956,1844.6595088916956,4.9498846562086465,1729841317.389823
184.53828381272152,1845.382838127215,4.9317790335900575,1729841317.3996272
184.6103514840058,1846.103514840058,4.913693692806181,1729841317.4099138
184.6821542056703,1846.8215420567028,4.895628987057319,1729841317.419657
184.75369228550977,1847.5369228550976,4.8775852672707565,1729841317.4296098
184.82496603643241,1848.2496603643242,4.859562882083353,1729841317.440163
184.8959757764259,1848.959757764259,4.8415621778245255,1729841317.4495971
184.96672182852333,1849.6672182852333,4.82358349849957,1729841317.4596653
185.0372045207689,1850.372045207689,4.8056271857733766,1729841317.46961
185.10742418618335,1851.0742418618336,4.787693578954495,1729841317.4805434
185.17738116272915,1851.7738116272915,4.769783014979571,1729841317.4896069
185.2470757932755,1852.470757932755,4.7518958283981405,1729841317.4996595
185.31650842556317,1853.1650842556317,4.734032351357801,1729841317.509688
185.3856794121689,1853.856794121689,4.71619291358974,1729841317.519602
185.45458911046995,1854.5458911046994,4.698377842394635,1729841317.529615
185.5232378826081,1855.232378826081,4.6805874626289095,1729841317.5409288
185.59162609545365,1855.9162609545365,4.662822096691362,1729841317.5496216
185.6597541205692,1856.597541205692,4.645082064510163,1729841317.5596359
185.72762233417325,1857.2762233417325,4.627367683530204,1729841317.5695615
185.7952311171035,1857.952311171035,4.609679268700814,1729841317.5802474
185.86258085478022,1858.625808547802,4.592017132463849,1729841317.5896316
185.92967193716916,1859.2967193716916,4.574381584742114,1729841317.5995967
185.99650475874455,1859.9650475874455,4.556772932928199,1729841317.6099477
186.06307971845175,1860.6307971845174,4.539191481873608,1729841317.6196313
186.12939721966987,1861.2939721966986,4.521637533878309,1729841317.6296825
186.19545767017422,1861.954576701742,4.504111388680599,1729841317.6397219
186.26126148209855,1862.6126148209855,4.486613343447344,1729841317.6496713
186.32680907189723,1863.2680907189724,4.46914369276458,1729841317.659709
186.3921008603072,1863.921008603072,4.451702728628451,1729841317.6696546
186.45713727230998,1864.5713727230998,4.434290740436537,1729841317.67997
186.52191873709327,1865.2191873709328,4.416908014979477,1729841317.6896484
186.5864456880128,1865.8644568801278,4.399554836432998,1729841317.6996644
186.65071856255364,1866.5071856255363,4.382231486350256,1729841317.7097063
186.71473780229184,1867.1473780229185,4.364938243654554,1729841317.7196505
186.77850385285564,1867.7850385285565,4.347675384632379,1729841317.7295852
186.84201716388668,1868.4201716388668,4.330443182926799,1729841317.7396822
186.9052781890012,1869.0527818900118,4.313241909531214,1729841317.749635
186.96828738575107,1869.6828738575107,4.296071832783432,1729841317.7597268
187.03104521558478,1870.3104521558478,4.278933218360071,1729841317.7695696
187.0935521438083,1870.935521438083,4.261826329271331,1729841317.779994
187.1558086395459,1871.5580863954592,4.2447514258560926,1729841317.7896347
187.21781517570093,1872.1781517570093,4.227708765777326,1729841317.7995882
187.2795722289165,1872.795722289165,4.210698604017882,1729841317.8096511
187.34108027953604,1873.4108027953605,4.193721192876544,1729841317.8195941
187.40233981156408,1874.0233981156407,4.176776781964484,1729841317.829663
187.46335131262657,1874.6335131262658,4.159865618201965,1729841317.8396552
187.52411527393147,1875.2411527393147,4.142987945815441,1729841317.8497164
187.58463219022917,1875.8463219022917,4.1261440063349415,1729841317.859673
187.644902559773,1876.4490255977298,4.1093340385917765,1729841317.8695688
187.70492688427944,1877.0492688427944,4.0925582787165435,1729841317.8798683
187.7647056688887,1877.647056688887,4.075816960137498,1729841317.8897402
187.82423942212486,1878.2423942212486,4.059110313579191,1729841317.8995774
187.8835286558564,1878.835286558564,4.04243856706143,1729841317.9096448
187.9425738852563,1879.425738852563,4.025801945898546,1729841317.91961
188.0013756287626,1880.013756287626,4.009200672698987,1729841317.929718
188.05993440803843,1880.5993440803843,3.99263496736517,1729841317.9397933
188.11825074793265,1881.1825074793264,3.9761050470936787,1729841317.9496458
188.17632517643986,1881.7632517643985,3.9596111263757097,1729841317.959652
188.23415822466094,1882.3415822466095,3.943153416997882,1729841317.9695797
188.29175042676331,1882.9175042676331,3.926732128043259,1729841317.9803057
188.34910231994132,1883.4910231994131,3.910347465892719,1729841317.98963
188.40621444437664,1884.0621444437666,3.893999634226585,1729841317.9996052
188.46308734319865,1884.6308734319864,3.877688834026544,1729841318.009695
188.51972156244497,1885.1972156244497,3.8614152635778582,1729841318.019616
188.57611765102186,1885.7611765102185,3.84517911847182,1729841318.0296469
188.63227616066482,1886.322761606648,3.8289805916085307,1729841318.0397952
188.68819764589907,1886.8819764589907,3.8128198731999117,1729841318.0496464
188.7438826640003,1887.4388266400028,3.796697150773017,1729841318.0596619
188.79933177495525,1887.9933177495525,3.780612609173571,1729841318.0696354
188.85454554142248,1888.5454554142248,3.764566430569811,1729841318.0801525
188.90952452869314,1889.0952452869315,3.7485587944565717,1729841318.0896258
188.96426930465182,1889.6426930465182,3.7325898776596294,1729841318.0996625
189.01878043973747,1890.1878043973747,3.7166598543403015,1729841318.1096723
189.07305850690443,1890.7305850690443,3.7007688960003042,1729841318.119629
189.12710408158347,1891.2710408158346,3.6849171714868323,1729841318.1296248
189.18091774164293,1891.8091774164293,3.6691048469979233,1729841318.1396465
189.23450006734996,1892.3450006734995,3.6533320860880334,1729841318.149645
189.2878516413318,1892.878516413318,3.6375990496738764,1729841318.159705
189.34097304853725,1893.4097304853726,3.621905896040478,1729841318.1696353
189.3938648761981,1893.938648761981,3.6062527808474734,1729841318.1804237
189.44652771379077,1894.4652771379078,3.5906398571356357,1729841318.1900516
189.4989621529979,1894.989621529979,3.5750672753336303,1729841318.1996627
189.5511687876703,1895.511687876703,3.5595351832650026,1729841318.2101145
189.6031482137887,1896.031482137887,3.544043726155352,1729841318.2196019
189.65490102942584,1896.5490102942586,3.5285930466397657,1729841318.2296672
189.7064278347086,1897.064278347086,3.513183284770453,1729841318.2398076
189.7577292317801,1897.577292317801,3.497814578024566,1729841318.2496467
189.80880582476226,1898.0880582476225,3.482487061312278,1729841318.2596068
189.85965821971806,1898.5965821971806,3.4672008669850083,1729841318.269628
189.9102870246143,1899.1028702461429,3.4519561248439086,1729841318.2798655
189.96069284928424,1899.6069284928424,3.4367529621484874,1729841318.289735
190.01087630539047,1900.1087630539046,3.4215915036254705,1729841318.2996447
190.06083800638788,1900.608380063879,3.406471871477863,1729841318.309672
190.1105785674868,1901.105785674868,3.3913941853941543,1729841318.3196344
190.16009860561627,1901.6009860561626,3.376358562557745,1729841318.3296514
190.2093987393874,1902.0939873938742,3.3613651176565478,1729841318.3397226
190.25847958905698,1902.5847958905697,3.346413962892754,1729841318.349632
190.30734177649106,1903.0734177649106,3.331505207992807,1729841318.3596547
190.3559859251289,1903.5598592512888,3.3166389602175084,1729841318.3695822
190.40441265994687,1904.0441265994687,3.301815324372339,1729841318.379733
190.45262260742268,1904.5262260742268,3.287034402817902,1729841318.3897865
190.5006163954996,1905.006163954996,3.272296295480558,1729841318.3997085
190.54839465355096,1905.4839465355096,3.257601099863213,1729841318.4096816
190.59595801234474,1905.9595801234473,3.242948911056261,1729841318.4196303
190.6433071040084,1906.4330710400839,3.2283398217486763,1729841318.42966
190.6904425619937,1906.904425619937,3.2137739222392723,1729841318.439796
190.737365021042,1907.37365021042,3.199251300448097,1729841318.4496617
190.78407511714934,1907.8407511714934,3.1847720419279737,1729841318.459648
190.83057348753206,1908.3057348753207,3.1703362298761766,1729841318.4695656
190.87686077059234,1908.7686077059234,3.155943945146256,1729841318.4804888
190.922937605884,1909.22937605884,3.141595266259989,1729841318.4896271
190.96880463407848,1909.6880463407847,3.1272902694194835,1729841318.4997394
191.01446249693106,1910.1446249693106,3.113029028519369,1729841318.5100646
191.0599118372471,1910.5991183724711,3.098811615159163,1729841318.5196674
191.10515329884868,1911.0515329884868,3.084638098655722,1729841318.5296736
191.15018752654112,1911.5018752654112,3.070508546055832,1729841318.5397966
191.19501516608008,1911.9501516608009,3.056423022148919,1729841318.5496445
191.2396368641385,1912.396368641385,3.0423815894798443,1729841318.55975
191.28405326827396,1912.8405326827396,3.028384308361857,1729841318.569588
191.32826502689605,1913.2826502689604,3.0144312368895987,1729841318.579839
191.3722727892341,1913.722727892341,3.000522430952275,1729841318.5895674
191.416077205305,1914.1607720530499,2.9866579442468657,1729841318.59959
191.45967892588118,1914.596789258812,2.972837828291495,1729841318.6096523
191.50307860245903,1915.0307860245903,2.959062132438846,1729841318.619597
191.5462768872271,1915.462768872271,2.9453309038896887,1729841318.6297023
191.58927443303492,1915.8927443303492,2.9316441877065316,1729841318.6398973
191.6320718933618,1916.320718933618,2.9180020268272893,1729841318.6496446
191.67466992228577,1916.7466992228578,2.9044044620790856,1729841318.6596797
191.71706917445297,1917.1706917445297,2.8908515321921557,1729841318.6696134
191.759270305047,1917.5927030504702,2.8773432738137643,1729841318.6802313
191.80127396975865,1918.0127396975865,2.863879721522248,1729841318.689637
191.84308082475567,1918.4308082475568,2.850460907841116,1729841318.6996493
191.88469152665294,1918.8469152665293,2.83708686325323,1729841318.70983
191.92610673248268,1919.2610673248269,2.8237576162150333,1729841318.7196128
191.96732709966497,1919.6732709966498,2.8104731931708704,1729841318.7296598
192.00835328597842,1920.083532859784,2.797233618567346,1729841318.7399986
192.0491859495311,1920.491859495311,2.7840389148677707,1729841318.7496476
192.08982574873173,1920.8982574873173,2.7708891025666276,1729841318.759605
192.13027334226086,1921.3027334226085,2.757784200204126,1729841318.7696466
192.1705293890426,1921.705293890426,2.7447242243807937,1729841318.7798269
192.21059454821622,1922.1059454821623,2.7317091897721166,1729841318.7895987
192.2504694791083,1922.5046947910828,2.718739109143245,1729841318.799677
192.29015484120475,1922.9015484120475,2.705813993363699,1729841318.809838
192.3296512941234,1923.2965129412341,2.6929338514221772,1729841318.8196747
192.3689594975865,1923.689594975865,2.6800986904413575,1729841318.8296573
192.40808011139362,1924.080801113936,2.66730851569276,1729841318.8396065
192.4470137953947,1924.470137953947,2.6545633306116247,1729841318.8496683
192.48576120946336,1924.8576120946336,2.641863136811855,1729841318.8596513
192.52432301347045,1925.2432301347044,2.6292079341009478,1729841318.8696115
192.56269986725763,1925.6269986725763,2.6165977204949735,1729841318.8800883
192.60089243061148,1926.0089243061147,2.604032492233613,1729841318.8896177
192.63890136323755,1926.3890136323755,2.5915122437951457,1729841318.8996718
192.67672732473483,1926.7672732473484,2.579036967911529,1729841318.9097989
192.71437097457027,1927.1437097457028,2.566606655583448,1729841318.9196658
192.7518329720537,1927.5183297205372,2.554221296095416,1729841318.9296937
192.78911397631285,1927.8911397631284,2.541880877030861,1729841318.9402573
192.82621464626857,1928.2621464626857,2.529585384287241,1729841318.9496474
192.8631356406104,1928.631356406104,2.5173348020911677,1729841318.959639
192.89987761777223,1928.9987761777224,2.505129113013534,1729841318.9696972
192.9364412359083,1929.364412359083,2.4929682979846657,1729841318.9802234
192.97282715286923,1929.7282715286924,2.4808523363094226,1729841318.9895995
193.00903602617862,1930.0903602617861,2.468781205682383,1729841318.9996262
193.04506851300943,1930.4506851300944,2.4567548822029455,1729841319.0097775
193.08092527016092,1930.8092527016092,2.4447733403905074,1729841319.0196767
193.11660695403572,1931.166069540357,2.4328365531995724,1729841319.0296605
193.15211422061705,1931.5211422061705,2.4209444920348773,1729841319.039616
193.1874477254462,1931.874477254462,2.4090971267665235,1729841319.0496721
193.22260812360025,1932.2260812360025,2.3972944257450965,1729841319.0596392
193.25759606967011,1932.5759606967013,2.3855363558167486,1729841319.069663
193.2924122177385,1932.924122177385,2.373822882338284,1729841319.080084
193.32705722135844,1933.2705722135845,2.362153969192251,1729841319.089661
193.36153173353185,1933.6153173353184,2.350529578801976,1729841319.0997038
193.39583640668832,1933.9583640668832,2.338949672146602,1729841319.109664
193.42997189266418,1934.2997189266418,2.327414208776104,1729841319.119627
193.46393884268173,1934.6393884268173,2.3159231468262895,1729841319.1297193
193.49773790732877,1934.9773790732877,2.3044764430337725,1729841319.1402748
193.53136973653824,1935.3136973653823,2.2930740527508853,1729841319.1496377
193.5648349795682,1935.648349795682,2.281715929960635,1729841319.1595986
193.59813428498185,1935.9813428498185,2.2704020272915617,1729841319.1696503
193.63126830062808,1936.3126830062808,2.2591322960326217,1729841319.179878
193.6642376736218,1936.642376736218,2.247906686147987,1729841319.189576
193.69704305032494,1936.9704305032494,2.236725146291871,1729841319.1996615
193.72968507632726,1937.2968507632727,2.225587623823264,1729841319.2096145
193.76216439642775,1937.6216439642776,2.2144940648206664,1729841319.2196121
193.794481654616,1937.94481654616,2.2034444140967704,1729841319.2296386
193.82663749405373,1938.2663749405374,2.192438615213094,1729841319.2397
193.85863255705686,1938.5863255705685,2.181476610494638,1729841319.2496963
193.89046748507747,1938.9046748507747,2.1705583410443836,1729841319.259682
193.92214291868603,1939.2214291868604,2.159683746757864,1729841319.2695642
193.95365949755407,1939.5365949755408,2.148852766337628,1729841319.2797575
193.98501786043676,1939.8501786043676,2.138065337307671,1729841319.2896335
194.01621864515587,1940.1621864515587,2.1273213960278223,1729841319.299684
194.04726248858296,1940.4726248858296,2.1166208777080886,1729841319.3096516
194.0781500266226,1940.781500266226,2.1059637164229414,1729841319.319653
194.10888189419612,1941.088818941961,2.0953498451255648,1729841319.329615
194.13945872522513,1941.3945872522513,2.0847791956620227,1729841319.3396251
194.16988115261572,1941.6988115261572,2.074251698785428,1729841319.349682
194.20014980824246,1942.0014980824246,2.0637672841699874,1729841319.359657
194.2302653229329,1942.3026532293288,2.0533258804250725,1729841319.369668
194.26022832645208,1942.6022832645208,2.0429274151091565,1729841319.3803086
194.29003944748737,1942.9003944748738,2.0325718147437506,1729841319.3895893
194.31969931363346,1943.1969931363346,2.0222590048272586,1729841319.3996353
194.34920855137753,1943.4920855137752,2.0119889098487675,1729841319.4096944
194.37856778608466,1943.7856778608466,2.0017614533017998,1729841319.4196901
194.40777764198344,1944.0777764198344,1.9915765576979931,1729841319.429601
194.43683874215176,1944.3683874215176,1.9814341445807104,1729841319.4397683
194.4657517085028,1944.657517085028,1.971334134538605,1729841319.4496403
194.49451716177123,1944.9451716177123,1.961276447219115,1729841319.4596617
194.5231357214996,1945.231357214996,1.9512610013418945,1729841319.469561
194.551608006025,1945.5160800602498,1.9412877147121572,1729841319.48086
194.57993463246564,1945.7993463246564,1.9313565042340104,1729841319.4896097
194.60811621670808,1946.081162167081,1.9214672859236634,1729841319.499601
194.63615337339428,1946.361533733943,1.9116199749226015,1729841319.5096624
194.6640467159089,1946.640467159089,1.901814485510677,1729841319.5196033
194.691796856367,1946.91796856367,1.8920507311191577,1729841319.529632
194.71940440560167,1947.1940440560165,1.8823286243436643,1729841319.5400202
194.74686997315197,1947.4686997315198,1.872648076957079,1729841319.5496495
194.77419416725112,1947.7419416725113,1.8630089999223574,1729841319.5595772
194.80137759481477,1948.0137759481477,1.85341130340529,1729841319.569564
194.82842086142946,1948.2842086142946,1.843854896787157,1729841319.5799217
194.85532457134138,1948.5532457134138,1.8343396886773482,1729841319.5898132
194.88208932744516,1948.8208932744515,1.8248655869258992,1729841319.599638
194.9087157312729,1949.087157312729,1.8154324986359411,1729841319.6096833
194.9352043829835,1949.352043829835,1.8060403301760994,1729841319.6196368
194.96155588135196,1949.6155588135196,1.7966889871927914,1729841319.6296346
194.98777082375904,1949.8777082375905,1.7873783746224599,1729841319.6397367
195.01384980618096,1950.1384980618095,1.7781083967037434,1729841319.6496534
195.03979342317945,1950.3979342317944,1.7688789569895678,1729841319.6595998
195.0656022678917,1950.656022678917,1.7596899583591183,1729841319.6695487
195.09127693202086,1950.9127693202086,1.750541303029831,1729841319.6800127
195.1168180058263,1951.168180058263,1.7414328925691864,1729841319.6896782
195.14222607811442,1951.4222607811441,1.732364627906531,1729841319.6996074
195.16750173622935,1951.6750173622936,1.7233364093447519,1729841319.709661
195.192645566044,1951.92645566044,1.7143481365719089,1729841319.7196312
195.21765815195118,1952.1765815195117,1.7053997086727704,1729841319.7296293
195.24254007685494,1952.4254007685495,1.69649102414029,1729841319.739646
195.267291922162,1952.67291922162,1.687621980886963,1729841319.7500012
195.2919142677735,1952.9191426777352,1.6787924762561703,1729841319.7596188
195.31640769207675,1953.1640769207675,1.6700024070333745,1729841319.7695906
195.34077277193717,1953.4077277193717,1.661251669457281,1729841319.7799525
195.36501008269056,1953.6501008269056,1.6525401592309026,1729841319.7896166
195.3891201981353,1953.8912019813529,1.643867771532529,1729841319.7996619
195.41310369052482,1954.1310369052483,1.6352344010266544,1729841319.8096159
195.43696113056032,1954.3696113056033,1.6266399418747837,1729841319.8196392
195.46069308738342,1954.6069308738342,1.6180842877461876,1729841319.8296695
195.48430012856915,1954.8430012856916,1.6095673318285562,1729841319.8395777
195.50778282011908,1955.0778282011906,1.6010889668385977,1729841319.8496292
195.53114172645454,1955.3114172645453,1.5926490850325055,1729841319.8596728
195.55437741040996,1955.5437741040996,1.5842475782163972,1729841319.86964
195.57749043322653,1955.7749043322654,1.5758843377566711,1729841319.879945
195.60048135454582,1956.004813545458,1.5675592545902115,1729841319.889562
195.62335073240368,1956.2335073240367,1.5592722192346093,1729841319.8996127
195.64609912322416,1956.4609912322417,1.551023121798215,1729841319.9098375
195.66872708181376,1956.6872708181377,1.542811851990191,1729841319.9200156
195.69123516135562,1956.9123516135562,1.5346382991303964,1729841319.9296
195.71362391340404,1957.1362391340404,1.5265023521592698,1729841319.939731
195.735893887879,1957.35893887879,1.5184038996475666,1729841319.9495943
195.75804563306093,1957.5804563306092,1.5103428298060495,1729841319.9596474
195.7800796955855,1957.800796955855,1.5023190304950929,1729841319.9696193
195.80199662043867,1958.0199662043867,1.4943323892342042,1729841319.9797482
195.82379695095187,1958.2379695095187,1.4863827932114584,1729841319.9895725
195.84548122879718,1958.454812287972,1.4784701292928306,1729841319.9996598
195.8670499939828,1958.670499939828,1.470594284031508,1729841320.0102618
195.88850378484855,1958.8850378484856,1.4627551436770665,1729841320.019647
195.9098431380617,1959.0984313806168,1.4549525941845618,1729841320.029639
195.93106858861253,1959.3106858861254,1.4471865212235786,1729841320.0399425
195.9521806698105,1959.5218066981051,1.439456810187176,1729841320.0495822
195.97317991328023,1959.7317991328023,1.431763346200759,1729841320.0596485
195.9940668489577,1959.9406684895769,1.4241060141308373,1729841320.0695553
196.01484200508656,1960.1484200508658,1.4164846985937614,1729841320.0800743
196.03550590821467,1960.3550590821467,1.4088992839643242,1729841320.0896425
196.05605908319063,1960.5605908319062,1.4013496543843245,1729841320.099636
196.07650205316045,1960.7650205316045,1.393835693770994,1729841320.1105137
196.09683533956448,1960.9683533956447,1.3863572858254207,1729841320.1196342
196.11705946213422,1961.1705946213422,1.3789143140408096,1729841320.1297307
196.13717493888953,1961.3717493888953,1.3715066617107488,1729841320.1398082
196.15718228613576,1961.5718228613578,1.3641342119373159,1729841320.14963
196.17708201846102,1961.7708201846103,1.3567968476391388,1729841320.1595652
196.1968746487337,1961.968746487337,1.3494944515594194,1729841320.1696177
196.21656068809995,1962.1656068809993,1.34222690627378,1729841320.1798356
196.23614064598132,1962.3614064598132,1.334994094198134,1729841320.1896021
196.2556150300726,1962.556150300726,1.3277958975963993,1729841320.19961
196.27498434633964,1962.7498434633962,1.3206321985881966,1729841320.2096806
196.29424909901735,1962.9424909901736,1.313502879156401,1729841320.219653
196.3134097906079,1963.134097906079,1.3064078211547054,1729841320.2296956
196.33246692187873,1963.3246692187872,1.2993469063149805,1729841320.2397118
196.35142099186115,1963.5142099186114,1.2923200162547153,1729841320.249674
196.37027249784848,1963.7027249784846,1.2853270324842134,1729841320.2596185
196.3890219353948,1963.890219353948,1.278367836413871,1729841320.2695816
196.4076697983135,1964.0766979831349,1.2714423093612377,1729841320.2798054
196.42621657867602,1964.2621657867603,1.264550332558102,1729841320.2896006
196.44466276681072,1964.4466276681073,1.25769178715745,1729841320.2996116
196.4630088513018,1964.6300885130179,1.2508665542403785,1729841320.3098521
196.48125531898836,1964.8125531898836,1.2440745148229022,1729841320.3195958
196.49940265496352,1964.9940265496352,1.2373155498626895,1729841320.329684
196.51745134257374,1965.1745134257374,1.2305895402657792,1729841320.3397799
196.53540186341806,1965.3540186341806,1.2238963668931133,1729841320.3496926
196.55325469734757,1965.5325469734757,1.2172359105671122,1729841320.3596513
196.57101032246499,1965.7101032246499,1.210608052078115,1729841320.3696363
196.5886692151242,1965.8866921512422,1.2040126721907252,1729841320.37986
196.60623184993008,1966.0623184993008,1.197449651650148,1729841320.38959
196.62369869973813,1966.2369869973813,1.190918871188407,1729841320.3996816
196.64107023565458,1966.4107023565457,1.1844202115305171,1729841320.4097242
196.65834692703623,1966.5834692703625,1.1779535534005279,1729841320.4195652
196.6755292414906,1966.755292414906,1.1715187775275864,1729841320.4296162
196.69261764487604,1966.9261764487603,1.1651157646518497,1729841320.4396398
196.70961260130196,1967.0961260130196,1.1587443955303807,1729841320.4496288
196.72651457312926,1967.2651457312927,1.1524045509429348,1729841320.459622
196.7433240209707,1967.433240209707,1.1460961116976807,1729841320.4695663
196.76004140369133,1967.6004140369132,1.139818958636882,1729841320.4798412
196.77666717840918,1967.7666717840918,1.133572972642485,1729841320.489592
196.79320180049586,1967.9320180049585,1.127358034641633,1729841320.499561
196.80964572357732,1968.0964572357732,1.121174025612124,1729841320.5099432
196.82599939953462,1968.2599939953461,1.1150208265878059,1729841320.5196743
196.84226327850496,1968.4226327850497,1.1088983186638937,1729841320.5296214
196.85843780888254,1968.5843780888254,1.102806383002202,1729841320.5396585
196.87452343731962,1968.7452343731961,1.096744900836342,1729841320.549699
196.89052060872774,1968.9052060872773,1.090713753476859,1729841320.5596154
196.90642976627882,1969.0642976627882,1.0847128223162346,1729841320.5695565
196.92225135140646,1969.2225135140645,1.0787419888339207,1729841320.579745
196.93798580380732,1969.3798580380733,1.0728011346012407,1729841320.5895817
196.95363356144253,1969.5363356144253,1.0668901412862353,1729841320.599675
196.96919506053916,1969.6919506053916,1.0610088906584674,1729841320.609677
196.98467073559178,1969.8467073559177,1.0551572645937333,1729841320.6196172
197.0000610193641,1970.000610193641,1.0493351450787538,1729841320.629617
197.01536634289067,1970.1536634289068,1.0435424142157308,1729841320.6396708
197.03058713547864,1970.3058713547864,1.0377789542269158,1729841320.6496546
197.04572382470954,1970.4572382470953,1.0320446474590723,1729841320.6596549
197.06077683644122,1970.607768364412,1.0263393763878919,1729841320.669629
197.07574659480977,1970.7574659480977,1.0206630236223424,1729841320.680168
197.09063352223163,1970.9063352223163,1.0150154719089708,1729841320.6896298
197.1054380394055,1971.054380394055,1.0093966041360825,1729841320.6996307
197.12016056531468,1971.2016056531468,1.0038063033379798,1729841320.7098362
197.13480151722908,1971.3480151722908,0.9982444526990035,1729841320.7195854
197.14936131070763,1971.4936131070763,0.9927109355576358,1729841320.7296002
197.1638403596005,1971.638403596005,0.9872056354104546,1729841320.740299
197.17823907605154,1971.7823907605155,0.981728435916086,1729841320.7495883
197.1925578705007,1971.925578705007,0.9762792208990521,1729841320.7596319
197.2067971516865,1972.0679715168649,0.9708578743535983,1729841320.7695909
197.22095732664852,1972.2095732664852,0.9654642804474707,1729841320.7802982
197.23503880073017,1972.3503880073017,0.9600983235255891,1729841320.7896192
197.24904197758116,1972.4904197758115,0.9547598881136976,1729841320.799641
197.26296725916032,1972.6296725916031,0.9494488589219616,1729841320.8098748
197.27681504573826,1972.7681504573825,0.9441651208484851,1729841320.8196692
197.2905857359003,1972.905857359003,0.9389085589828208,1729841320.8295925
197.3042797265492,1973.042797265492,0.9336790586093484,1729841320.8397112
197.31789741290817,1973.1789741290818,0.9284765052106734,1729841320.8496685
197.33143918852377,1973.3143918852377,0.9233007844709376,1729841320.8596094
197.34490544526892,1973.4490544526893,0.9181517822790648,1729841320.8696024
197.35829657334597,1973.5829657334598,0.9130293847319975,1729841320.8798041
197.37161296128977,1973.7161296128977,0.9079334781378228,1729841320.88964
197.38485499597084,1973.8485499597084,0.9028639490188921,1729841320.8996186
197.39802306259855,1973.9802306259855,0.8978206841148764,1729841320.909699
197.41111754472433,1974.1111754472433,0.8928035703857484,1729841320.9196324
197.42413882424498,1974.2413882424498,0.8878124950147621,1729841320.929644
197.43708728140592,1974.370872814059,0.8828473454113193,1729841320.9396644
197.44996329480466,1974.4996329480466,0.8779080092138527,1729841320.9496243
197.4627672413941,1974.627672413941,0.8729943742925956,1729841320.9596581
197.475499496486,1974.75499496486,0.8681063287523545,1729841320.9696488
197.48816043375453,1974.8816043375452,0.8632437609351895,1729841320.9800398
197.50075042523963,1975.0075042523963,0.8584065594230987,1729841320.9895754
197.5132698413507,1975.1326984135071,0.8535946130406009,1729841320.9996607
197.5257190508702,1975.257190508702,0.8488078108573112,1729841321.0100853
197.5380984209572,1975.380984209572,0.8440460421904279,1729841321.019631
197.55040831715107,1975.5040831715107,0.8393091966072268,1729841321.0296817
197.56264910337524,1975.6264910337522,0.8345971639274608,1729841321.0399277
197.57482114194087,1975.7482114194088,0.8299098342257454,1729841321.0496194
197.58692479355068,1975.8692479355068,0.8252470978338773,1729841321.0596168
197.59896041730266,1975.9896041730267,0.8206088453431291,1729841321.0695798
197.61092837069407,1976.1092837069407,0.8159949676064875,1729841321.079853
197.62282900962512,1976.2282900962512,0.8114053557408225,1729841321.0896122
197.634662688403,1976.3466268840302,0.8068399011290881,1729841321.0996182
197.6464297597458,1976.4642975974582,0.8022984954223864,1729841321.1097107
197.65813057478647,1976.5813057478647,0.7977810305420585,1729841321.119629
197.6697654830767,1976.697654830767,0.7932873986816846,1729841321.1296344
197.68133483259115,1976.8133483259114,0.7888174923090985,1729841321.1396434
197.69283896973133,1976.9283896973134,0.7843712041682898,1729841321.1495924
197.70427823932974,1977.0427823932973,0.7799484272813297,1729841321.159571
197.71565298465399,1977.1565298465398,0.7755490549502275,1729841321.1696117
197.7269635474109,1977.2696354741088,0.7711729807587295,1729841321.1802707
197.73821026775065,1977.3821026775065,0.7668200985741154,1729841321.1895816
197.74939348427105,1977.4939348427106,0.7624903025489334,1729841321.1996577
197.76051353402164,1977.6051353402163,0.7581834871226738,1729841321.2097034
197.77157075250798,1977.7157075250798,0.7538995470234762,1729841321.2195976
197.78256547369588,1977.8256547369588,0.7496383772697064,1729841321.2296395
197.79349803001574,1977.9349803001573,0.7453998731715752,1729841321.240188
197.80436875236674,1978.0436875236674,0.7411839303326462,1729841321.2496738
197.8151779701213,1978.1517797012132,0.736990444651392,1729841321.2596111
197.82592601112935,1978.2592601112935,0.7328193123226188,1729841321.2696073
197.83661320172268,1978.3661320172268,0.7286704298389373,1729841321.279835
197.84723986671935,1978.4723986671934,0.7245436939921446,1729841321.2896206
197.85780632942814,1978.5780632942815,0.7204390018746099,1729841321.2995515
197.86831291165294,1978.6831291165295,0.7163562508805585,1729841321.3101757
197.87875993369715,1978.7875993369717,0.7122953387074136,1729841321.3196476
197.88914771436825,1978.8914771436826,0.7082561633570388,1729841321.3296185
197.89947657098222,1978.994765709822,0.7042386231369522,1729841321.3396847
197.909746819368,1979.09746819368,0.7002426166615232,1729841321.3496537
197.9199587738721,1979.1995877387212,0.6962680428531505,1729841321.359667
197.9301127473631,1979.301127473631,0.6923148009433489,1729841321.369627
197.94020905123614,1979.4020905123614,0.6883827904738882,1729841321.3799543
197.95024799541758,1979.502479954176,0.6844719112978039,1729841321.389626
197.9602298883695,1979.6022988836949,0.6805820635804614,1729841321.3997123
197.97015503709434,1979.7015503709436,0.6767131478005519,1729841321.4100647
197.98002374713954,1979.8002374713953,0.6728650647510277,1729841321.419637
197.98983632260206,1979.8983632260206,0.6690377155400589,1729841321.4296477
197.99959306613312,1979.9959306613312,0.6652310015919449,1729841321.4398868
198.00929427894278,1980.0929427894278,0.6614448246479656,1729841321.449636
198.01894026080467,1980.1894026080467,0.657679086767246,1729841321.4596643
198.0285313100606,1980.285313100606,0.6539336903275432,1729841321.469605
198.03806772362526,1980.3806772362527,0.6502085380260623,1729841321.4798317
198.04754979699095,1980.4754979699096,0.6465035328801998,1729841321.4895918
198.05697782423226,1980.5697782423226,0.642818578228262,1729841321.499657
198.06635209801075,1980.6635209801075,0.6391535777301682,1729841321.5096912
198.07567290957977,1980.7567290957977,0.6355084353681504,1729841321.5196245
198.0849405487891,1980.8494054878909,0.6318830554473485,1729841321.529604
198.09415530408975,1980.9415530408976,0.6282773425964658,1729841321.5397522
198.10331746253874,1981.0331746253873,0.6246912017683395,1729841321.5496416
198.11242730980376,1981.1242730980375,0.6211245382405137,1729841321.5596418
198.12148513016803,1981.2148513016803,0.6175772576157803,1729841321.5695903
198.13049120653505,1981.3049120653504,0.6140492658226899,1729841321.5798447
198.13944582043345,1981.3944582043346,0.6105404691160123,1729841321.5895836
198.1483492520216,1981.483492520216,0.6070507740772195,1729841321.5996134
198.15720178009263,1981.5720178009265,0.6035800876149493,1729841321.6098473
198.16600368207907,1981.6600368207905,0.6001283169653482,1729841321.6195867
198.17475523405773,1981.7475523405774,0.5966953696925297,1729841321.6296604
198.18345671075454,1981.8345671075454,0.5932811536888905,1729841321.6399665
198.1921083855493,1981.921083855493,0.589885577175455,1729841321.6497426
198.20071053048053,1982.0071053048055,0.5865085487022272,1729841321.6596172
198.20926341625037,1982.0926341625036,0.5831499771484323,1729841321.6697242
198.21776731222928,1982.1776731222928,0.5798097717228237,1729841321.6798844
198.226222486461,1982.26222486461,0.5764878419639159,1729841321.68966
198.23462920566735,1982.3462920566735,0.5731840977402085,1729841321.699629
198.24298773525297,1982.4298773525297,0.5698984492503938,1729841321.7096837
198.25129833931035,1982.5129833931035,0.5666308070235557,1729841321.7196105
198.25956128062452,1982.5956128062453,0.5633810819192837,1729841321.729648
198.26777682067805,1982.6777682067805,0.5601491851278804,1729841321.7396781
198.2759452196557,1982.759452196557,0.5569350281703918,1729841321.7496753
198.28406673644952,1982.8406673644952,0.553738522898801,1729841321.7595625
198.29214162866344,1982.9214162866344,0.5505595814960265,1729841321.7695513
198.30017015261836,1983.0017015261838,0.5473981164760373,1729841321.7802093
198.30815256335686,1983.0815256335686,0.5442540406838516,1729841321.7896044
198.3160891146481,1983.160891146481,0.5411272672955827,1729841321.7996378
198.32398005899267,1983.2398005899267,0.5380177098184193,1729841321.809608
198.3318256476275,1983.318256476275,0.5349252820906225,1729841321.8196578
198.33962613053063,1983.3962613053063,0.5318498982814648,1729841321.8296442
198.34738175642607,1983.4738175642608,0.5287914728912109,1729841321.8397305
198.35509277278877,1983.5509277278877,0.5257499207510092,1729841321.849725
198.36275942584928,1983.6275942584928,0.5227251570228033,1729841321.8596714
198.37038196059876,1983.7038196059875,0.5197170971992604,1729841321.8696034
198.3779606207938,1983.779606207938,0.5167256571035941,1729841321.8798358
198.3854956489612,1983.854956489612,0.5137507528894452,1729841321.8897183
198.39298728640287,1983.9298728640288,0.5107923010407147,1729841321.899659
198.40043577320066,1984.0043577320066,0.507850218371406,1729841321.9097645
198.40784134822118,1984.0784134822118,0.5049244220253899,1729841321.919618
198.41520424912065,1984.1520424912064,0.502014829476231,1729841321.9296184
198.42252471234977,1984.2252471234976,0.4991213585269654,1729841321.9396353
198.42980297315844,1984.2980297315844,0.4962439273098058,1729841321.9496305
198.43703926560073,1984.3703926560074,0.4933824542859624,1729841321.9596462
198.44423382253956,1984.4423382253956,0.49053685824531024,1729841321.969619
198.45138687565162,1984.5138687565163,0.4877070583061338,1729841321.9801595
198.45849865543215,1984.5849865543214,0.48489297391480357,1729841321.9895833
198.4655693911997,1984.6556939119969,0.48209452484547755,1729841321.9996283
198.47259931110102,1984.7259931110102,0.4793116311997798,1729841322.0101063
198.4795886421158,1984.795886421158,0.47654421340640796,1729841322.0196066
198.48653761006145,1984.8653761006144,0.4737921922208346,1729841322.0295913
198.49344643959793,1984.9344643959794,0.47105548872490766,1729841322.0401266
198.50031535423253,1985.0031535423252,0.46833402432645443,1729841322.0496912
198.50714457632458,1985.0714457632457,0.46562772075890657,1729841322.0596704
198.5139343270903,1985.139343270903,0.4629365000808774,1729841322.0696526
198.52068482660758,1985.2068482660757,0.4602602846757302,1729841322.079787
198.52739629382057,1985.2739629382058,0.4575989972511538,1729841322.089608
198.53406894654464,1985.3406894654463,0.45495256083871305,1729841322.099658
198.54070300147097,1985.4070300147098,0.4523208987933851,1729841322.1098793
198.5472986741714,1985.472986741714,0.4497039347930889,1729841322.1196187
198.5538561791031,1985.538561791031,0.4471015928381912,1729841322.129625
198.56037572961324,1985.6037572961325,0.4445137972510127,1729841322.1396646
198.56685753794383,1985.6685753794384,0.4419404726753362,1729841322.1496434
198.57330181523633,1985.7330181523635,0.4393815440758735,1729841322.159671
198.5797087715364,1985.797087715364,0.4368369367377307,1729841322.1696093
198.5860786157985,1985.8607861579849,0.434306576265888,1729841322.1798701
198.59241155589075,1985.9241155589075,0.4317903885846326,1729841322.1896255
198.59870779859943,1985.9870779859943,0.4292882999369907,1729841322.199649
198.60496754963376,1986.0496754963376,0.42680023688417834,1729841322.20972
198.61119101363045,1986.1119101363045,0.4243261263050029,1729841322.219572
198.61737839415844,1986.1737839415844,0.4218658953952785,1729841322.2296133
198.62352989372354,1986.2352989372355,0.41941947166723836,1729841322.2399075
198.62964571377302,1986.2964571377302,0.41698678294887714,1729841322.2496028
198.63572605470023,1986.3572605470022,0.41456775738339346,1729841322.2596517
198.64177111584925,1986.4177111584925,0.4121623234285112,1729841322.2696366
198.6477810955195,1986.4778109551949,0.4097704098558703,1729841322.2803278
198.65375619097023,1986.5375619097022,0.4073919457503623,1729841322.289586
198.65969659842526,1986.5969659842526,0.40502686050949444,1729841322.2996614
198.66560251307746,1986.6560251307747,0.40267508384270756,1729841322.310015
198.67147412909333,1986.7147412909333,0.4003365457707082,1729841322.3196008
198.67731163961753,1986.7731163961753,0.3980111766247936,1729841322.3296142
198.6831152367775,1986.8311523677748,0.3956989070461694,1729841322.3398707
198.68888511168794,1986.8888511168793,0.3933996679852323,1729841322.3496704
198.69462145445533,1986.9462145445532,0.39111339070087703,1729841322.3596425
198.70032445418246,1987.0032445418246,0.3888400067597948,1729841322.3695805
198.70599429897297,1987.0599429897297,0.3865794480357503,1729841322.3803513
198.71163117593576,1987.1163117593576,0.384331646708832,1729841322.389638
198.71723527118954,1987.1723527118954,0.3820965352647525,1729841322.399645
198.72280676986725,1987.2280676986725,0.3798740464940986,1729841322.409698
198.7283458561206,1987.2834585612059,0.37766411349157836,1729841322.419602
198.73385271312443,1987.3385271312443,0.37546666965526065,1729841322.4296103
198.73932752308122,1987.3932752308122,0.3732816486858328,1729841322.4396565
198.74477046722544,1987.4477046722543,0.3711089845858295,1729841322.4496558
198.75018172582804,1987.5018172582804,0.3689486116588514,1729841322.4596176
198.75556147820086,1987.5556147820087,0.3668004645087992,1729841322.4696038
198.76090990270092,1987.609099027009,0.36466447803906576,1729841322.479812
198.7662271767349,1987.662271767349,0.36254058745178797,1729841322.4896553
198.7715134767635,1987.715134767635,0.3604287282470102,1729841322.4996507
198.7767689783057,1987.767689783057,0.3583288362219046,1729841322.5096607
198.7819938559433,1987.819938559433,0.356240847469959,1729841322.519604
198.78718828332504,1987.8718828332503,0.3541646983801565,1729841322.529621
198.79235243317103,1987.9235243317103,0.3521003256361921,1729841322.539653
198.79748647727712,1987.974864772771,0.3500476662155949,1729841322.549633
198.80259058651905,1988.0259058651905,0.34800665738893444,1729841322.5596173
198.80766493085684,1988.0766493085684,0.34597723671900327,1729841322.5695968
198.81270967933904,1988.1270967933904,0.3439593420599485,1729841322.5797963
198.81772500010698,1988.1772500010698,0.3419529115564617,1729841322.5895956
198.822711060399,1988.22711060399,0.33995788364289425,1729841322.5996444
198.82766802655476,1988.2766802655476,0.33797419704245457,1729841322.6099625
198.83259606401938,1988.325960640194,0.3360017907663162,1729841322.6195767
198.83749533734772,1988.3749533734772,0.3340406041127777,1729841322.6296186
198.8423660102085,1988.423660102085,0.33209057666639397,1729841322.6397822
198.8472082453886,1988.472082453886,0.3301516482971165,1729841322.6496503
198.85202220479707,1988.5202220479707,0.32822375915941415,1729841322.6596081
198.85680804946944,1988.5680804946944,0.3263068496914292,1729841322.6696205
198.8615659395718,1988.615659395718,0.32440086061405915,1729841322.6799126
198.86629603440497,1988.6629603440497,0.3225057329301111,1729841322.6896126
198.87099849240855,1988.7099849240853,0.32062140792337623,1729841322.6996505
198.87567347116513,1988.7567347116512,0.3187478271578128,1729841322.7097502
198.88032112740427,1988.8032112740427,0.3168849324765779,1729841322.7196302
198.88494161700672,1988.8494161700671,0.31503266600119795,1729841322.7296727
198.88953509500834,1988.8953509500834,0.31319097013062724,1729841322.7404163
198.89410171560425,1988.9410171560426,0.31135978754038285,1729841322.7496336
198.89864163215287,1988.9864163215288,0.3095390611816422,1729841322.7596216
198.90315499717994,1989.0315499717994,0.3077287342803052,1729841322.7696018
198.90764196238248,1989.076419623825,0.3059287503361168,1729841322.7801182
198.91210267863292,1989.1210267863291,0.30413905312176426,1729841322.7896266
198.91653729598292,1989.1653729598293,0.3023595866819362,1729841322.7996554
198.92094596366746,1989.2094596366746,0.3005902953324535,1729841322.8097324
198.92532883010884,1989.2532883010883,0.29883112365932285,1729841322.8196173
198.9296860429205,1989.296860429205,0.2970820165178092,1729841322.8295937
198.93401774891106,1989.3401774891106,0.29534291903154775,1729841322.839681
198.9383240940882,1989.383240940882,0.29361377659161314,1729841322.8496163
198.94260522366255,1989.4260522366255,0.2918945348555797,1729841322.8596177
198.94686128205169,1989.468612820517,0.290185139746612,1729841322.869589
198.95109241288384,1989.5109241288383,0.28848553745253924,1729841322.8798094
198.95529875900192,1989.5529875900193,0.2867956744249318,1729841322.8896036
198.95948046246733,1989.5948046246733,0.285115497378156,1729841322.8996553
198.96363766456372,1989.6363766456373,0.28344495328844155,1729841322.9109087
198.96777050580096,1989.6777050580095,0.2817839893929863,1729841322.9196024
198.9718791259188,1989.718791259188,0.2801325531889758,1729841322.929598
198.97596366389084,1989.7596366389084,0.27849059243268237,1729841322.9397984
198.98002425792814,1989.8002425792813,0.27685805513850625,1729841322.9496782
198.98406104548312,1989.8406104548312,0.27523488957805875,1729841322.9596179
198.98807416325326,1989.8807416325326,0.27362104427921374,1729841322.9695857
198.99206374718486,1989.9206374718485,0.272016468025168,1729841322.9802063
198.99602993247674,1989.9602993247674,0.2704211098535174,1729841322.9895906
198.99997285358404,1989.9997285358404,0.26883491905530854,1729841322.999579
199.00389264422185,1990.0389264422186,0.2672578451740828,1729841323.0100296
199.00778943736893,1990.0778943736893,0.2656898380049475,1729841323.0196035
199.01166336527132,1990.116633652713,0.26413084759363614,1729841323.0296383
199.01551455944613,1990.1551455944614,0.26258082423559004,1729841323.039605
199.01934315068507,1990.1934315068506,0.2610397184749582,1729841323.0496163
199.02314926905817,1990.2314926905817,0.259507481103711,1729841323.0596037
199.02693304391732,1990.2693304391732,0.25798406316066136,1729841323.0696018
199.03069460389995,1990.3069460389995,0.25646941593053385,1729841323.0798392
199.03443407693257,1990.3443407693258,0.25496349094303405,1729841323.0899167
199.03815159023438,1990.3815159023438,0.25346623997187856,1729841323.0995784
199.0418472703208,1990.418472703208,0.25197761503388016,1729841323.1097133
199.04552124300707,1990.4552124300708,0.2504975683879851,1729841323.119651
199.04917363341178,1990.4917363341178,0.24902605253433685,1729841323.1296465
199.05280456596034,1990.5280456596033,0.24756302021331877,1729841323.1399207
199.05641416438857,1990.5641416438857,0.24610842440464276,1729841323.1496425
199.0600025517461,1990.6000255174608,0.24466221832636337,1729841323.1595194
199.06356985039994,1990.6356985039995,0.2432243554339879,1729841323.1695552
199.06711618203792,1990.6711618203792,0.24179478941947985,1729841323.1798635
199.07064166767213,1990.7064166767213,0.24037347421036004,1729841323.1895835
199.07414642764235,1990.7414642764234,0.23896036396873677,1729841323.1996143
199.07763058161953,1990.7763058161954,0.23755541309039452,1729841323.209675
199.08109424860913,1990.8109424860913,0.23615857620380987,1729841323.2196586
199.0845375469546,1990.845375469546,0.23476980816926685,1729841323.229588
199.08796059434073,1990.8796059434073,0.2333890640778693,1729841323.2396498
199.09136350779696,1990.9136350779695,0.23201629925062428,1729841323.249673
199.0947464037008,1990.947464037008,0.23065146923751834,1729841323.2596347
199.09810939778126,1990.9810939778126,0.2292945298165654,1729841323.2696092
199.101452605122,1991.01452605122,0.22794543699285463,1729841323.2798338
199.10477614016477,1991.0477614016477,0.22660414699763742,1729841323.2896438
199.10808011671267,1991.0808011671268,0.2252706162874072,1729841323.2996147
199.11136464793347,1991.1136464793346,0.22394480154293306,1729841323.3096905
199.11462984636282,1991.1462984636282,0.22262665966834327,1729841323.3196175
199.1178758239076,1991.1787582390762,0.22131614779021036,1729841323.3296487
199.12110269184916,1991.2110269184916,0.220013223256583,1729841323.3397117
199.12431056084642,1991.2431056084642,0.21871784363609437,1729841323.3496447
199.12749954093928,1991.274995409393,0.21742996671702408,1729841323.3596025
199.13066974155169,1991.3066974155167,0.2161495505063622,1729841323.3695188
199.13382127149492,1991.3382127149493,0.21487655322890498,1729841323.379945
199.13695423897073,1991.3695423897072,0.21361093332629033,1729841323.3896356
199.14006875157452,1991.4006875157452,0.21235264945612742,1729841323.399648
199.14316491629845,1991.4316491629845,0.21110166049103207,1729841323.4096777
199.14624283953464,1991.4624283953463,0.2098579255177475,1729841323.4196217
199.14930262707827,1991.4930262707826,0.20862140383619754,1729841323.4297075
199.15234438413074,1991.5234438413074,0.2073920549585735,1729841323.4400468
199.15536821530267,1991.5536821530268,0.20616983860841764,1729841323.4496124
199.15837422461706,1991.5837422461707,0.20495471471973326,1729841323.459649
199.16136251551234,1991.6136251551234,0.20374664343604842,1729841323.4695218
199.16433319084547,1991.6433319084547,0.2025455851095208,1729841323.480661
199.1672863528949,1991.6728635289492,0.20135150029999616,1729841323.4895933
199.17022210336373,1991.7022210336372,0.2001643497741592,1729841323.4996395
199.1731405433826,1991.731405433826,0.19898409450456733,1729841323.5099144
199.17604177351276,1991.7604177351277,0.19781069566878906,1729841323.5196083
199.17892589374907,1991.7892589374906,0.1966441146484874,1729841323.529693
199.18179300352296,1991.8179300352294,0.19548431302853175,1729841323.5398474
199.1846432017054,1991.846432017054,0.19433125259606876,1729841323.5496738
199.18747658660988,1991.8747658660986,0.19318489533965733,1729841323.5596426
199.1902932559953,1991.9029325599531,0.19204520344836262,1729841323.5696075
199.19309330706892,1991.9309330706892,0.1909121393108626,1729841323.5800967
199.19587683648933,1991.9587683648933,0.189785665514574,1729841323.5896409
199.19864394036924,1991.9864394036924,0.188665744844718,1729841323.5996425
199.20139471427848,1992.0139471427847,0.18755234028350132,1729841323.609668
199.2041292532468,1992.041292532468,0.18644541500916056,1729841323.6196177
199.20684765176676,1992.0684765176677,0.1853449323951326,1729841323.6296458
199.2095500037966,1992.095500037966,0.18425085600916113,1729841323.6398637
199.21223640276304,1992.1223640276303,0.18316314961239066,1729841323.6496794
199.2149069415641,1992.149069415641,0.1820817771585299,1729841323.6596842
199.21756171257195,1992.1756171257196,0.18100670279295472,1729841323.6696405
199.2202008076357,1992.202008076357,0.17993789085183232,1729841323.6801078
199.22282431808418,1992.2282431808417,0.17887530586126865,1729841323.6896205
199.22543233472868,1992.2543233472868,0.1778189125364238,1729841323.6996307
199.22802494786575,1992.2802494786574,0.17676867578065214,1729841323.709864
199.23060224727993,1992.3060224727992,0.1757245606846498,1729841323.7196095
199.23316432224652,1992.3316432224651,0.1746865325255753,1729841323.7296598
199.23571126153425,1992.3571126153424,0.17365455676619512,1729841323.7397316
199.238243153408,1992.38243153408,0.17262859905403638,1729841323.7496572
199.24076008563154,1992.4076008563154,0.17160862522052356,1729841323.759629
199.24326214547014,1992.4326214547013,0.17059460128014003,1729841323.7695694
199.2457494196933,1992.457494196933,0.16958649342955057,1729841323.7799377
199.24822199457748,1992.482219945775,0.16858426804679127,1729841323.7896352
199.25067995590854,1992.5067995590853,0.16758789169037258,1729841323.7995992
199.25312338898456,1992.5312338898457,0.16659733109849584,1729841323.809622
199.2555523786184,1992.555523786184,0.16561255318817047,1729841323.820137
199.25796700914032,1992.5796700914032,0.16463352505440043,1729841323.8296568
199.26036736440054,1992.6036736440053,0.16366021396932084,1729841323.8396554
199.26275352777188,1992.6275352777188,0.1626925873813987,1729841323.849784
199.2651255821523,1992.6512558215231,0.16173061291457658,1729841323.859627
199.2674836099675,1992.674836099675,0.16077425836745562,1729841323.8696136
199.26982769317343,1992.6982769317342,0.15982349171245702,1729841323.8804011
199.27215791325875,1992.7215791325875,0.15887828109502267,1729841323.8898468
199.2744743512476,1992.744743512476,0.15793859483278738,1729841323.8996513
199.27677708770182,1992.7677708770182,0.1570044014147245,1729841323.9097872
199.27906620272367,1992.7906620272367,0.15607566950038199,1729841323.9195938
199.28134177595823,1992.8134177595823,0.15515236791903875,1729841323.9296298
199.28360388659584,1992.8360388659585,0.15423446566889454,1729841323.9396122
199.2858526133747,1992.8585261337469,0.15332193191627952,1729841323.9496858
199.2880880345831,1992.880880345831,0.15241473599481759,1729841323.959656
199.29031022806214,1992.9031022806214,0.15151284740466964,1729841323.9696202
199.2925192712079,1992.925192712079,0.15061623581167383,1729841323.979972
199.29471524097409,1992.9471524097407,0.14972487104661725,1729841323.9895818
199.29689821387424,1992.9689821387424,0.14883872310436552,1729841323.9996283
199.29906826598426,1992.9906826598426,0.14795776214312206,1729841324.0098052
199.30122547294476,1993.0122547294477,0.14708195848362515,1729841324.0195997
199.3033699099634,1993.033699099634,0.1462112826083486,1729841324.0296
199.30550165181728,1993.0550165181728,0.14534570516073253,1729841324.039691
199.3076207728553,1993.076207728553,0.14448519694440187,1729841324.0496843
199.3097273470005,1993.097273470005,0.1436297289223616,1729841324.0596519
199.3118214477523,1993.118214477523,0.1427792722162382,1729841324.0695848
199.31390314818896,1993.1390314818896,0.14193379810551954,1729841324.0797696
199.31597252096978,1993.1597252096979,0.14109327802675176,1729841324.08964
199.31802963833744,1993.1802963833743,0.14025768357278978,1729841324.0995905
199.3200745721202,1993.200745721202,0.139426986492021,1729841324.1096988
199.32210739373434,1993.2210739373434,0.13860115868762102,1729841324.119644
199.3241281741862,1993.241281741862,0.1377801722167542,1729841324.1295714
199.3261369840746,1993.2613698407458,0.1369639992898668,1729841324.1396136
199.32813389359296,1993.2813389359296,0.1361526122698875,1729841324.1496317
199.33011897253166,1993.3011897253166,0.13534598367150275,1729841324.1596563
199.33209229028014,1993.3209229028014,0.13454408616037683,1729841324.1695828
199.33405391582914,1993.3405391582914,0.13374689255242544,1729841324.1797926
199.33600391777287,1993.3600391777286,0.1329543758130678,1729841324.1895895
199.33794236431126,1993.3794236431127,0.13216650905649296,1729841324.1995964
199.33986932325203,1993.3986932325204,0.131383265544889,1729841324.210001
199.34178486201293,1993.4178486201292,0.1306046186877483,1729841324.2195663
199.34368904762388,1993.436890476239,0.129830542041111,1729841324.2295892
199.34558194672908,1993.455819467291,0.1290610093068152,1729841324.239661
199.34746362558914,1993.4746362558915,0.12829599433180605,1729841324.2495942
199.34933415008322,1993.4933415008322,0.12753547110738261,1729841324.2595887
199.35119358571114,1993.5119358571114,0.12677941376849078,1729841324.269561
199.35304199759543,1993.5304199759544,0.12602779659298258,1729841324.2801487
199.35487945048345,1993.5487945048344,0.12528059400092517,1729841324.289651
199.3567060087495,1993.567060087495,0.12453778055386366,1729841324.2995727
199.35852173639682,1993.5852173639682,0.12379933095411233,1729841324.309719
199.36032669705963,1993.6032669705965,0.12306522004406006,1729841324.3195584
199.3621209540053,1993.6212095400529,0.12233542280545628,1729841324.329569
199.3639045701362,1993.6390457013622,0.1216099143586844,1729841324.3400185
199.36567760799196,1993.6567760799196,0.12088866996209213,1729841324.349626
199.36744012975117,1993.6744012975118,0.12017166501126852,1729841324.3596575
199.3691921972337,1993.691921972337,0.1194588750383796,1729841324.3696077
199.37093387190248,1993.7093387190248,0.1187502757114347,1729841324.3803952
199.37266521486558,1993.7266521486558,0.11804584283362396,1729841324.3897595
199.37438628687812,1993.7438628687812,0.11734555234262012,1729841324.399636
199.37609714834431,1993.7609714834432,0.1166493803099018,1729841324.4096942
199.37779785931934,1993.7779785931934,0.11595730294005535,1729841324.4196396
199.37948847951134,1993.7948847951134,0.11526929657011231,1729841324.4296665
199.38116906828333,1993.8116906828332,0.1145853376688637,1729841324.4396722
199.3828396846551,1993.828396846551,0.1139054028361779,1729841324.4496357
199.38450038730517,1993.8450038730516,0.11322946880235407,1729841324.4596395
199.38615123457268,1993.8615123457269,0.11255751242742762,1729841324.4695818
199.38779228445927,1993.8779228445926,0.1118895107005129,1729841324.480024
199.38942359463095,1993.8942359463094,0.11122544073914775,1729841324.4896693
199.39104522242002,1993.9104522242,0.1105652797886203,1729841324.499639
199.3926572248269,1993.9265722482692,0.10990900522133296,1729841324.5100012
199.39425965852197,1993.9425965852197,0.10925659453610259,1729841324.5196118
199.39585257984749,1993.958525798475,0.10860802535757252,1729841324.5296156
199.3974360448193,1993.974360448193,0.10796327543549666,1729841324.5398676
199.39901010912882,1993.9901010912881,0.10732232264414798,1729841324.5496352
199.40057482814473,1994.0057482814473,0.10668514498162573,1729841324.5596485
199.4021302569148,1994.021302569148,0.10605172056925505,1729841324.5696104
199.40367645016775,1994.0367645016775,0.1054220276509279,1729841324.5804496
199.40521346231498,1994.0521346231499,0.10479604459246361,1729841324.589658
199.40674134745237,1994.0674134745236,0.10417374988099248,1729841324.5996695
199.40826015936202,1994.0826015936202,0.10355512212429674,1729841324.6097114
199.40976995151408,1994.097699515141,0.10294014005022434,1729841324.6195943
199.41127077706847,1994.1127077706847,0.10232878250601574,1729841324.629645
199.41276268887654,1994.1276268887655,0.10172102845770348,1729841324.6397738
199.41424573948294,1994.1424573948293,0.10111685698951534,1729841324.6496038
199.41571998112727,1994.1571998112727,0.10051624730321529,1729841324.6596415
199.41718546574577,1994.1718546574577,0.09991917871749956,1729841324.6696637
199.41864224497309,1994.1864224497308,0.09932563066741751,1729841324.6799114
199.42009037014392,1994.2009037014393,0.09873558270372151,1729841324.6896036
199.42152989229479,1994.2152989229478,0.09814901449228253,1729841324.699736
199.42296086216558,1994.2296086216559,0.09756590581346836,1729841324.7096634
199.42438333020135,1994.2438333020136,0.09698623656156102,1729841324.7196605
199.42579734655394,1994.2579734655394,0.0964099867441528,1729841324.729814
199.42720296108357,1994.2720296108357,0.0958371364815298,1729841324.739906
199.42860022336058,1994.2860022336058,0.09526766600611603,1729841324.7496758
199.42998918266701,1994.29989182667,0.09470155566185157,1729841324.7596147
199.43136988799822,1994.3136988799822,0.09413878590360292,1729841324.769562
199.43274238806455,1994.3274238806455,0.09357933729661938,1729841324.7799118
199.4341067312929,1994.341067312929,0.09302319051587937,1729841324.7895672
199.43546296582832,1994.354629658283,0.09247032634557706,1729841324.799631
199.43681113953562,1994.3681113953562,0.09192072567850773,1729841324.8096828
199.43815130000098,1994.3815130000098,0.09137436951551181,1729841324.8196366
199.4394834945335,1994.394834945335,0.09083123896486911,1729841324.8295865
199.44080777016677,1994.4080777016677,0.09029131524176237,1729841324.8396146
199.44212417366037,1994.4212417366039,0.08975457966769107,1729841324.8496459
199.44343275150158,1994.4343275150159,0.08922101366993673,1729841324.8596084
199.44473354990672,1994.447335499067,0.08869059878094121,1729841324.8695776
199.44602661482284,1994.4602661482284,0.0881633166378164,1729841324.880143
199.4473119919292,1994.473119919292,0.08763914898172787,1729841324.8896248
199.4485897266388,1994.485897266388,0.08711807765737434,1729841324.8996704
199.44985986409978,1994.498598640998,0.0866000846124193,1729841324.9096882
199.4511224491971,1994.511224491971,0.08608515189696342,1729841324.9196112
199.45237752655393,1994.5237752655394,0.08557326166296542,1729841324.9296236
199.45362514053315,1994.5362514053315,0.08506439616371098,1729841324.9395866
199.45486533523882,1994.548653352388,0.08455853775328337,1729841324.949585
199.45609815451766,1994.5609815451767,0.08405566888600213,1729841324.959578
199.45732364196056,1994.5732364196056,0.0835557721159168,1729841324.9695444
199.45854184090393,1994.5854184090394,0.08305883009622073,1729841324.9798098
199.45975279443124,1994.5975279443123,0.08256482557876788,1729841324.989586
199.46095654537442,1994.6095654537442,0.08207374141353285,1729841324.9996965
199.4621531363153,1994.6215313631528,0.08158556054805666,1729841325.0096848
199.46334260958704,1994.6334260958704,0.08110026602694576,1729841325.0195963
199.4645250072755,1994.645250072755,0.08061784099133562,1729841325.0296233
199.46570037122075,1994.6570037122074,0.08013826867840934,1729841325.0396848
199.4668687430183,1994.668687430183,0.07966153242081675,1729841325.0496752
199.4680301640207,1994.6803016402068,0.07918761564622145,1729841325.059625
199.46918467533877,1994.6918467533876,0.07871650187672885,1729841325.0695984
199.47033231784306,1994.7033231784305,0.07824817472842427,1729841325.0797493
199.47147313216516,1994.7147313216515,0.07778261791084184,1729841325.0895724
199.47260715869913,1994.7260715869913,0.0773198152264778,1729841325.0996122
199.47373443760281,1994.7373443760282,0.07685975057024863,1729841325.1102943
199.47485500879918,1994.7485500879918,0.07640240792903108,1729841325.1195788
199.4759689119777,1994.759689119777,0.07594777138114339,1729841325.1296072
199.47707618659564,1994.7707618659565,0.07549582509585862,1729841325.1396418
199.4781768718794,1994.7817687187942,0.07504655333290189,1729841325.1496248
199.47927100682588,1994.7927100682589,0.0745999404419655,1729841325.1595962
199.48035863020374,1994.8035863020373,0.07415597086223102,1729841325.1695936
199.48143978055467,1994.8143978055466,0.07371462912184179,1729841325.1798787
199.48251449619482,1994.8251449619484,0.07327589983748006,1729841325.1896298
199.48358281521595,1994.8358281521596,0.07283976771382172,1729841325.1996944
199.4846447754868,1994.846447754868,0.0724062175431135,1729841325.209687
199.4857004146543,1994.857004146543,0.07197523420465246,1729841325.2196105
199.48674977014494,1994.8674977014493,0.07154680266434554,1729841325.229609
199.48779287916594,1994.8779287916593,0.0711209079741979,1729841325.2396245
199.4888297787065,1994.888297787065,0.07069753527187772,1729841325.2496572
199.48986050553916,1994.8986050553915,0.07027666978024905,1729841325.2596426
199.49088509622092,1994.9088509622093,0.0698582968068655,1729841325.2696157
199.49190358709458,1994.919035870946,0.0694424017435511,1729841325.2798126
199.49291601428985,1994.9291601428986,0.06902897006590458,1729841325.2896512
199.49392241372468,1994.9392241372468,0.06861798733288382,1729841325.2996535
199.4949228211064,1994.949228211064,0.06820943918629951,1729841325.3098414
199.495917271933,1994.95917271933,0.06780331135040485,1729841325.319579
199.49690580149425,1994.9690580149424,0.06739958963140702,1729841325.3296661
199.49788844487298,1994.9788844487298,0.06699825991704444,1729841325.3396597
199.49886523694622,1994.9886523694622,0.06659930817611959,1729841325.3496325
199.49983621238636,1994.9983621238634,0.0662027204580673,1729841325.35964
199.5008014056624,1995.008014056624,0.0658084828925054,1729841325.3695946
199.50176085104107,1995.0176085104108,0.06541658168878706,1729841325.3797357
199.50271458258797,1995.0271458258796,0.06502700313557441,1729841325.389589
199.50366263416876,1995.0366263416877,0.0646397336003981,1729841325.399687
199.50460503945035,1995.0460503945035,0.06425475952923088,1729841325.4102314
199.50554183190195,1995.0554183190195,0.06387206744602225,1729841325.4196208
199.5064730447963,1995.064730447963,0.06349164395231122,1729841325.4296315
199.50739871121075,1995.0739871121075,0.06311347572676262,1729841325.4398422
199.50831886402838,1995.0831886402839,0.06273754952476751,1729841325.4496322
199.50923353593913,1995.0923353593912,0.062363852178007884,1729841325.4596245
199.51014275944092,1995.1014275944092,0.06199237059403573,1729841325.469607
199.51104656684078,1995.1104656684079,0.06162309175585734,1729841325.480128
199.5119449902559,1995.119449902559,0.06125600272150522,1729841325.4896412
199.51283806161476,1995.1283806161475,0.06089109062362952,1729841325.4996035
199.51372581265818,1995.1372581265819,0.06052834266908591,1729841325.5097072
199.51460827494046,1995.1460827494045,0.0601677461385377,1729841325.5195901
199.51548547983043,1995.1548547983043,0.05980928838601529,1729841325.5296237
199.5163574585125,1995.163574585125,0.059452956838523585,1729841325.5396602
199.51722424198772,1995.1722424198772,0.059098738995654765,1729841325.5499988
199.5180858610749,1995.180858610749,0.05874662242916018,1729841325.559626
199.5189423464116,1995.1894234641159,0.05839659478256842,1729841325.5696
199.5197937284552,1995.197937284552,0.05804864377076435,1729841325.57988
199.52064003748393,1995.2064003748392,0.05770275717961604,1729841325.5895982
199.5214813035979,1995.2148130359792,0.057358922865573314,1729841325.5997288
199.52231755672022,1995.2231755672024,0.05701712875526632,1729841325.609623
199.52314882659786,1995.2314882659787,0.05667736284511116,1729841325.6195612
199.52397514280278,1995.2397514280278,0.05633961320094394,1729841325.629654
199.52479653473296,1995.2479653473297,0.05600386795761225,1729841325.6396239
199.5256130316133,1995.2561303161328,0.05567011531859323,1729841325.6498098
199.5264246624967,1995.2642466249672,0.05533834355562939,1729841325.6596758
199.52723145626513,1995.2723145626512,0.05500854100832009,1729841325.6696253
199.52803344163038,1995.280334416304,0.05468069608375381,1729841325.6798787
199.5288306471353,1995.2883064713528,0.05435479725615466,1729841325.6896107
199.52962310115464,1995.2962310115463,0.0540308330664756,1729841325.6995597
199.53041083189606,1995.3041083189605,0.05370879212201651,1729841325.709675
199.5311938674011,1995.311938674011,0.05338866309610446,1729841325.7195895
199.5319722355461,1995.3197223554612,0.053070434727674476,1729841325.7295804
199.53274596404327,1995.3274596404326,0.05275409582093027,1729841325.7396207
199.53351508044153,1995.3351508044152,0.052439635244956984,1729841325.7496636
199.53427961212745,1995.3427961212744,0.052127041933360596,1729841325.7596507
199.5350395863263,1995.350395863263,0.051816304883951725,1729841325.7695928
199.53579503010286,1995.3579503010287,0.051507413158313975,1729841325.7798116
199.53654597036248,1995.3654597036248,0.051200355881498405,1729841325.7896283
199.53729243385186,1995.3729243385187,0.05089512224164339,1729841325.7996287
199.5380344471601,1995.380344471601,0.0505917014896371,1729841325.8095784
199.53877203671954,1995.3877203671955,0.05029008293874804,1729841325.8195734
199.5395052288067,1995.3950522880668,0.04999025596427864,1729841325.8296828
199.54023404954313,1995.4023404954314,0.04969221000322599,1729841325.8395863
199.54095852489644,1995.4095852489645,0.04939593455393543,1729841325.849685
199.54167868068106,1995.4167868068107,0.049101419175731076,1729841325.8596869
199.54239454255918,1995.4239454255917,0.04880865348859964,1729841325.869604
199.54310613604164,1995.4310613604164,0.04851762717284047,1729841325.8798904
199.5438134864888,1995.438134864888,0.04822832996872628,1729841325.8896015
199.54451661911142,1995.4451661911141,0.047940751676167404,1729841325.8996284
199.5452155589715,1995.452155589715,0.047654882154361866,1729841325.9096985
199.54591033098325,1995.4591033098325,0.04737071132149162,1729841325.9195533
199.54660095991377,1995.4660095991378,0.047088229154344186,1729841325.9296112
199.5472874703841,1995.4728747038412,0.046807425688028426,1729841325.9398544
199.54796988686994,1995.4796988686994,0.04652829101561218,1729841325.9497366
199.54864823370252,1995.4864823370253,0.04625081528781316,1729841325.9596457
199.54932253506948,1995.4932253506947,0.04597498871266148,1729841325.9696403
199.54999281501566,1995.4999281501566,0.045700801555192294,1729841325.9798439
199.55065909744394,1995.5065909744394,0.04542824413711011,1729841325.9896212
199.55132140611613,1995.5132140611613,0.04515730683647079,1729841325.9996448
199.55197976465368,1995.5197976465367,0.044887980087356505,1729841326.0096254
199.55263419653858,1995.5263419653857,0.04462025437958261,1729841326.0196316
199.55328472511417,1995.5328472511417,0.04435412025835306,1729841326.0296128
199.5539313735859,1995.539313735859,0.04408956832395483,1729841326.039704
199.5545741650222,1995.5457416502218,0.04382658923146132,1729841326.0495954
199.55521312235516,1995.5521312235514,0.04356517369039481,1729841326.0596313
199.55584826838148,1995.5584826838149,0.04330531246445646,1729841326.0696666
199.55647962576316,1995.5647962576315,0.0430469963711817,1729841326.07979
199.5571072170283,1995.5710721702828,0.042790216281650695,1729841326.0895686
199.5577310645719,1995.577310645719,0.04253496312019167,1729841326.099591
199.55835119065662,1995.5835119065662,0.042281227864048754,1729841326.1098049
199.55896761741354,1995.5896761741355,0.042029001543126165,1729841326.1196146
199.559580366843,1995.5958036684299,0.04177827523966848,1729841326.129615
199.56018946081525,1995.6018946081526,0.04152904008793912,1729841326.1397312
199.5607949210713,1995.607949210713,0.041281287273955636,1729841326.149607
199.56139676922365,1995.6139676922364,0.04103500803519311,1729841326.1595929
199.56199502675702,1995.6199502675702,0.04079019366027681,1729841326.169572
199.56258971502908,1995.6258971502907,0.0405468354886962,1729841326.1799786
199.56318085527127,1995.6318085527128,0.040304924910534945,1729841326.1896262
199.56376846858944,1995.6376846858943,0.040064453366145836,1729841326.199601
199.5643525759647,1995.643525759647,0.03982541234590564,1729841326.2096632
199.564933198254,1995.6493319825402,0.03958779338988294,1729841326.2196562
199.56551035619103,1995.6551035619102,0.03935158808760897,1729841326.2296038
199.56608407038672,1995.6608407038673,0.039116788077745435,1729841326.2396328
199.5666543613302,1995.6665436133019,0.03888338504784827,1729841326.2500205
199.56722124938935,1995.6722124938935,0.038651370734053225,1729841326.2596188
199.56778475481156,1995.6778475481156,0.03842073692080761,1729841326.2695694
199.5683448977244,1995.6834489772439,0.03819147544061807,1729841326.2802649
199.5689016981364,1995.689016981364,0.037963578173757506,1729841326.2896006
199.56945517593766,1995.6945517593767,0.03773703704797193,1729841326.2996113
199.57000535090063,1995.7000535090062,0.037511844038246034,1729841326.3096354
199.57055224268066,1995.7055224268065,0.03728799116651538,1729841326.3196163
199.57109587081686,1995.7109587081686,0.03706547050141418,1729841326.3296118
199.57163625473265,1995.7163625473265,0.03684427415796798,1729841326.3395836
199.5721734137365,1995.7217341373648,0.03662439429737341,1729841326.3496726
199.57270736702256,1995.7270736702255,0.03640582312671037,1729841326.3596654
199.57323813367137,1995.7323813367136,0.036188552898677395,1729841326.3695831
199.5737657326505,1995.7376573265049,0.03597257591135716,1729841326.3803642
199.5742901828152,1995.7429018281518,0.035757884507925164,1729841326.3896325
199.5748115029091,1995.7481150290912,0.03554447107641168,1729841326.3996081
199.5753297115649,1995.753297115649,0.03533232804942288,1729841326.409624
199.57584482730488,1995.7584482730488,0.03512144790390992,1729841326.4196124
199.57635686854164,1995.7635686854164,0.03491182316089714,1729841326.4295814
199.57686585357874,1995.7686585357874,0.03470344638524403,1729841326.4396434
199.57737180061133,1995.7737180061133,0.034496310185389456,1729841326.4496503
199.5778747277268,1995.778747277268,0.034290407213094065,1729841326.4596264
199.57837465290538,1995.7837465290538,0.03408573016319871,1729841326.4696026
199.5788715940208,1995.788715940208,0.03388227177336689,1729841326.4798288
199.57936556884087,1995.7936556884088,0.033680024823857346,1729841326.4896076
199.5798565950282,1995.798565950282,0.03347898213727185,1729841326.499585
199.58034469014063,1995.8034469014065,0.033279136578290514,1729841326.5096593
199.5808298716321,1995.808298716321,0.033080481053476385,1729841326.5196214
199.58131215685302,1995.8131215685303,0.03288300851098769,1729841326.5295906
199.58179156305104,1995.8179156305105,0.032686711940359325,1729841326.539641
199.58226810737156,1995.8226810737156,0.03249158437227018,1729841326.5496275
199.58274180685837,1995.8274180685837,0.03229761887830329,1729841326.5596597
199.58321267845423,1995.8321267845422,0.03210480857070608,1729841326.569666
199.5836807390015,1995.8368073900149,0.031913146602157605,1729841326.5798047
199.58414600524267,1995.8414600524268,0.03172262616553234,1729841326.5896091
199.584608493821,1995.84608493821,0.03153324049367989,1729841326.5996864
199.58506822128112,1995.850682212811,0.031344982859181636,1729841326.6096509
199.58552520406946,1995.8552520406945,0.031157846574125125,1729841326.6196492
199.58597945853504,1995.8597945853503,0.030971824989898034,1729841326.6296606
199.58643100092988,1995.8643100092988,0.0307869114969217,1729841326.6396742
199.58687984740968,1995.8687984740968,0.03060309952446283,1729841326.6496484
199.5873260140343,1995.8732601403428,0.030420382540381263,1729841326.6596577
199.58776951676833,1995.8776951676832,0.030238754050931016,1729841326.6697576
199.58821037148175,1995.8821037148175,0.03005820760053113,1729841326.6800847
199.58864859395035,1995.8864859395035,0.029878736771536518,1729841326.689565
199.5890841998564,1995.890841998564,0.02970033518402837,1729841326.6996646
199.58951720478908,1995.8951720478908,0.029522996495595644,1729841326.709661
199.58994762424518,1995.8994762424518,0.029346714401113028,1729841326.7196894
199.5903754736295,1995.903754736295,0.02917148263251712,1729841326.7296429
199.5908007682555,1995.9080076825549,0.028997294958632347,1729841326.739656
199.59122352334566,1995.9122352334566,0.02882414518490628,1729841326.749652
199.5916437540323,1995.916437540323,0.02865202715324444,1729841326.7596111
199.5920614753579,1995.920614753579,0.028480934741754504,1729841326.769634
199.5924767022756,1995.924767022756,0.02831086186456333,1729841326.779774
199.5928894496499,1995.928894496499,0.02814180247162512,1729841326.789651
199.59329973225707,1995.9329973225706,0.027973750548479837,1729841326.79968
199.59370756478566,1995.9370756478565,0.02780670011605424,1729841326.8096957
199.59411296183706,1995.9411296183705,0.027640645230473604,1729841326.8195806
199.594515937926,1995.9451593792598,0.02747557998285388,1729841326.8296485
199.59491650748103,1995.9491650748103,0.027311498499084985,1729841326.8397033
199.59531468484508,1995.9531468484508,0.027148394939646048,1729841326.8496268
199.59571048427594,1995.9571048427595,0.026986263499401142,1729841326.8595977
199.59610391994676,1995.9610391994675,0.02682509840738434,1729841326.869636
199.5964950059465,1995.964950059465,0.026664893926623856,1729841326.880272
199.59688375628056,1995.9688375628057,0.026505644353935987,1729841326.8895712
199.5972701848711,1995.972701848711,0.026347344019727936,1729841326.899683
199.59765430555765,1995.9765430555765,0.0261899872878113,1729841326.9096804
199.59803613209758,1995.9803613209758,0.026033568555183573,1729841326.919603
199.59841567816653,1995.9841567816652,0.02587808225187893,1729841326.9296327
199.59879295735897,1995.9879295735896,0.025723522840735535,1729841326.9399056
199.5991679831886,1995.9916798318861,0.02556988481722322,1729841326.9496238
199.59954076908892,1995.9954076908891,0.02541716270925165,1729841326.959667
199.59991132841355,1995.9991132841355,0.025265351076982023,1729841326.96961
199.60027967443688,1996.0027967443689,0.025114444512651213,1729841326.980156
199.60064582035443,1996.0064582035443,0.024964437640369264,1729841326.989603
199.60100977928332,1996.0100977928332,0.024815325115923992,1729841326.9996197
199.60137156426273,1996.0137156426274,0.02466710162664243,1729841327.0097086
199.60173118825446,1996.0173118825446,0.02451976189116878,1729841327.0195756
199.60208866414325,1996.0208866414325,0.024373300659277897,1729841327.0296357
199.6024440047373,1996.024440047373,0.024227712711718974,1729841327.039617
199.6027972227687,1996.0279722276869,0.024082992860029018,1729841327.0496173
199.60314833089387,1996.0314833089387,0.02393913594634456,1729841327.0596707
199.60349734169412,1996.0349734169413,0.02379613684324,1729841327.0696487
199.6038442676759,1996.038442676759,0.02365399045352512,1729841327.0799713
199.6041891212714,1996.0418912127138,0.023512691710101175,1729841327.089628
199.6045319148389,1996.045319148389,0.0233722355757513,1729841327.0997345
199.6048726606633,1996.048726606633,0.023232617042993065,1729841327.1098766
199.60521137095637,1996.0521137095636,0.023093831133891962,1729841327.1195788
199.60554805785742,1996.0554805785741,0.022955872899910412,1729841327.1295745
199.60588273343356,1996.0588273343355,0.022818737421703483,1729841327.140138
199.60621540968017,1996.0621540968018,0.022682419808967902,1729841327.149693
199.60654609852133,1996.0654609852133,0.02254691520027685,1729841327.1595163
199.60687481181026,1996.0687481181026,0.022412218762912994,1729841327.1695647
199.6072015613297,1996.072015613297,0.022278325692681955,1729841327.179999
199.60752635879234,1996.0752635879235,0.022145231213757777,1729841327.1895537
199.60784921584127,1996.0784921584127,0.022012930578533707,1729841327.1996615
199.60817014405032,1996.0817014405031,0.02188141906742147,1729841327.2096786
199.6084891549245,1996.0848915492452,0.0217506919887287,1729841327.219611
199.6088062599005,1996.0880625990048,0.021620744678475967,1729841327.2297034
199.60912147034688,1996.0912147034687,0.021491572500224487,1729841327.239656
199.60943479756472,1996.0943479756472,0.021363170844930446,1729841327.249648
199.60974625278783,1996.0974625278782,0.021235535130783356,1729841327.259595
199.61005584718322,1996.1005584718323,0.021108660803046186,1729841327.2696984
199.61036359185152,1996.1036359185152,0.020982543333909698,1729841327.2797697
199.61066949782736,1996.1066949782735,0.020857178222298822,1729841327.289614
199.6109735760797,1996.1097357607969,0.020732560993750093,1729841327.2996721
199.61127583751224,1996.1127583751224,0.020608687200255327,1729841327.3096843
199.61157629296392,1996.1157629296392,0.020485552420094644,1729841327.319653
199.61187495320914,1996.1187495320914,0.020363152257678374,1729841327.3296368
199.61217182895822,1996.1217182895823,0.02024148234341383,1729841327.339646
199.6124669308578,1996.1246693085782,0.02012053833353833,1729841327.3496332
199.61276026949116,1996.1276026949117,0.020000315909975308,1729841327.3596005
199.61305185537864,1996.1305185537865,0.019880810780183333,1729841327.3696203
199.61334169897796,1996.1334169897796,0.01976201867699623,1729841327.3797967
199.61362981068467,1996.1362981068467,0.01964393535850406,1729841327.3896034
199.61391620083248,1996.1391620083248,0.019526556607864842,1729841327.3996806
199.61420087969356,1996.1420087969354,0.019409878233178413,1729841327.4097278
199.614483857479,1996.14483857479,0.01929389606735854,1729841327.4196775
199.61476514433915,1996.1476514433914,0.019178605967960616,1729841327.4296064
199.61504475036392,1996.1504475036393,0.019064003817044872,1729841327.4397802
199.61532268558324,1996.1532268558324,0.01895008552103783,1729841327.44962
199.6155989599673,1996.155989599673,0.018836847010584856,1729841327.4596543
199.61587358342695,1996.1587358342695,0.01872428424042405,1729841327.4695997
199.61614656581415,1996.1614656581414,0.018612393189215704,1729841327.479768
199.61641791692213,1996.1641791692214,0.018501169859417965,1729841327.489614
199.61668764648587,1996.1668764648587,0.018390610277167818,1729841327.4996083
199.61695576418245,1996.1695576418244,0.018280710492117658,1729841327.5098248
199.6172222796313,1996.172222796313,0.018171466577282525,1729841327.519606
199.6174872023946,1996.1748720239461,0.018062874628942405,1729841327.529662
199.6177505419777,1996.177505419777,0.017954930766498345,1729841327.5396378
199.61801230782922,1996.1801230782921,0.01784763113228771,1729841327.5496469
199.61827250934166,1996.1827250934166,0.017740971891536228,1729841327.5596256
199.61853115585157,1996.1853115585157,0.017634949232139485,1729841327.5696096
199.6187882566399,1996.187882566399,0.017529559364583003,1729841327.5798402
199.61904382093238,1996.1904382093237,0.017424798521794793,1729841327.589628
199.6192978578998,1996.192978578998,0.017320662959010358,1729841327.5995915
199.61955037665837,1996.1955037665837,0.017217148953637684,1729841327.6096349
199.61980138626998,1996.1980138626998,0.01711425280513823,1729841327.6196222
199.62005089574262,1996.2005089574263,0.01701197083490258,1729841327.6296246
199.62029891403063,1996.2029891403063,0.016910299386103,1729841327.6396508
199.62054545003502,1996.2054545003502,0.01680923482357799,1729841327.6496484
199.6207905126038,1996.207905126038,0.016708773533691934,1729841327.6596434
199.62103411053232,1996.210341105323,0.016608911924246295,1729841327.6696317
199.62127625256352,1996.2127625256353,0.016509646424300195,1729841327.6798463
199.62151694738833,1996.2151694738832,0.01641097348409226,1729841327.6896372
199.62175620364584,1996.2175620364585,0.016312889574870093,1729841327.699601
199.6219940299238,1996.219940299238,0.016215391188833417,1729841327.7097201
199.6222304347587,1996.222304347587,0.016118474838931585,1729841327.7196574
199.6224654266363,1996.224654266363,0.01602213705881561,1729841327.7296667
199.62269901399173,1996.2269901399172,0.015926374402655208,1729841327.739635
199.62293120520997,1996.2293120520997,0.015831183445062402,1729841327.749648
199.62316200862597,1996.2316200862597,0.015736560780945874,1729841327.7595768
199.6233914325251,1996.233914325251,0.015642503025404375,1729841327.7695556
199.62361948514334,1996.2361948514333,0.015549006813605937,1729841327.7800508
199.62384617466762,1996.2384617466762,0.015456068800667078,1729841327.7896354
199.6240715092361,1996.240715092361,0.015363685661540893,1729841327.7996564
199.6242954969385,1996.2429549693848,0.015271854090899817,1729841327.809635
199.6245181458163,1996.245181458163,0.015180570803004168,1729841327.8196766
199.62473946386308,1996.2473946386308,0.015089832531597347,1729841327.8303728
199.62495945902484,1996.2495945902483,0.014999636029820573,1729841327.8396666
199.6251781392002,1996.251781392002,0.014909978070042351,1729841327.8499503
199.62539551224071,1996.2539551224072,0.014820855443794523,1729841327.859652
199.62561158595122,1996.2561158595122,0.014732264961628383,1729841327.869623
199.62582636809,1996.2582636809,0.014644203453018756,1729841327.879855
199.62603986636913,1996.2603986636914,0.014556667766246756,1729841327.88967
199.62625208845472,1996.2625208845473,0.014469654768296758,1729841327.8996496
199.6264630419672,1996.2646304196721,0.01438316134473383,1729841327.9096916
199.62667273448164,1996.2667273448164,0.014297184399609586,1729841327.9196467
199.62688117352792,1996.268811735279,0.014211720855339616,1729841327.929621
199.62708836659104,1996.2708836659103,0.014126767652595129,1729841327.9396048
199.62729432111146,1996.2729432111146,0.014042321750223019,1729841327.949701
199.62749904448523,1996.2749904448524,0.013958380125082437,1729841327.959623
199.6277025440644,1996.277025440644,0.013874939772018147,1729841327.9695654
199.62790482715712,1996.2790482715714,0.013791997703665126,1729841327.9801261
199.62810590102805,1996.2810590102804,0.013709550950414817,1729841327.9895883
199.62830577289853,1996.2830577289853,0.013627596560289001,1729841327.9996374
199.62850444994686,1996.2850444994685,0.013546131598815458,1729841328.0099192
199.62870193930854,1996.2870193930853,0.013465153148948028,1729841328.019574
199.62889824807658,1996.2889824807658,0.013384658310968911,1729841328.0296845
199.6290933833017,1996.2909338330169,0.013304644202357219,1729841328.0395906
199.6292873519926,1996.292873519926,0.01322510795771259,1729841328.0496597
199.62948016111613,1996.2948016111613,0.013146046728632621,1729841328.0596209
199.62967181759774,1996.2967181759773,0.013067457683664907,1729841328.0696301
199.6298623283215,1996.298623283215,0.012989338008132956,1729841328.0799754
199.63005170013048,1996.3005170013048,0.012911684904082898,1729841328.0895574
199.63023993982696,1996.3023993982697,0.012834495590196449,1729841328.0996716
199.63042705417266,1996.3042705417265,0.012757767301636358,1729841328.1097484
199.63061304988895,1996.3061304988896,0.01268149729001622,1729841328.1196208
199.63079793365722,1996.3079793365723,0.012605682823269015,1729841328.1296136
199.63098171211894,1996.3098171211893,0.01253032118553521,1729841328.139782
199.63116439187604,1996.3116439187604,0.012455409677111229,1729841328.149766
199.63134597949107,1996.3134597949106,0.01238094561430736,1729841328.1596262
199.63152648148747,1996.3152648148748,0.012306926329387347,1729841328.1696308
199.63170590434976,1996.3170590434975,0.012233349170458263,1729841328.1797545
199.63188425452378,1996.3188425452379,0.01216021150138169,1729841328.1896238
199.632061538417,1996.32061538417,0.012087510701693782,1729841328.1995726
199.6322377623986,1996.322377623986,0.01201524416648092,1729841328.2096734
199.63241293279987,1996.3241293279987,0.01194340930631932,1729841328.2195816
199.63258705591429,1996.325870559143,0.011872003547161336,1729841328.2296638
199.63276013799782,1996.3276013799782,0.011801024330259091,1729841328.2396379
199.63293218526914,1996.3293218526915,0.011730469112070319,1729841328.2496302
199.63310320390983,1996.3310320390983,0.011660335364162444,1729841328.259736
199.6332732000646,1996.332732000646,0.011590620573134425,1729841328.2696412
199.6334421798415,1996.334421798415,0.011521322240517273,1729841328.279776
199.63361014931218,1996.3361014931218,0.01145243788270478,1729841328.2895803
199.6337771145121,1996.337771145121,0.011383965030839827,1729841328.2995982
199.6339430814407,1996.339430814407,0.011315901230730896,1729841328.3098342
199.6341080560616,1996.3410805606159,0.011248244042788125,1729841328.3196478
199.63427204430292,1996.342720443029,0.01118099104192738,1729841328.3296409
199.63443505205737,1996.3443505205737,0.011114139817463675,1729841328.3396397
199.63459708518258,1996.3459708518258,0.01104768797306499,1729841328.3495743
199.63475814950115,1996.3475814950116,0.010981633126615487,1729841328.3596175
199.63491825080104,1996.3491825080105,0.010915972910188865,1729841328.3695483
199.6350773948356,1996.3507739483562,0.010850704969924019,1729841328.3801832
199.63523558732396,1996.3523558732395,0.010785826965962864,1729841328.389655
199.63539283395107,1996.3539283395107,0.010721336572343754,1729841328.3997066
199.63554914036797,1996.3554914036797,0.010657231476942863,1729841328.4097073
199.635704512192,1996.35704512192,0.010593509381401356,1729841328.41964
199.63585895500702,1996.3585895500703,0.010530168001008144,1729841328.4295888
199.63601247436355,1996.3601247436354,0.010467205064641272,1729841328.4396577
199.636165075779,1996.36165075779,0.010404618314686198,1729841328.4496212
199.63631676473784,1996.3631676473783,0.010342405506964747,1729841328.4595945
199.63646754669188,1996.3646754669187,0.010280564410635629,1729841328.4695554
199.63661742706037,1996.3661742706038,0.010219092808132269,1729841328.4798985
199.63676641123024,1996.3676641123025,0.01015798849506333,1729841328.4896052
199.63691450455624,1996.3691450455624,0.010097249280166531,1729841328.4995928
199.63706171236126,1996.3706171236126,0.010036872985216272,1729841328.5097272
199.63720803993635,1996.3720803993635,0.009976857444920606,1729841328.5196304
