0.01285545428332693,0.1285545428332693,0.8765062545308032,1729841922.5857368
0.025784073135816377,0.25784073135816377,0.8814947365453337,1729841922.590018
0.038786244216980514,0.38786244216980514,0.8865096498301691,1729841922.5996487
0.05186235690867945,0.5186235690867945,0.8915511118178548,1729841922.6096194
0.06501280231890313,0.6501280231890314,0.8966192401987959,1729841922.6196861
0.07823797328551188,0.7823797328551187,0.9017141529184306,1729841922.629899
0.0915382643799352,0.915382643799352,0.9068359681743902,1729841922.6395757
0.10491407191082723,1.0491407191082722,0.9119848044135376,1729841922.6495714
0.11836579392767854,1.1836579392767854,0.9171607803289975,1729841922.659676
0.1318938302243836,1.3189383022438361,0.9223640148571294,1729841922.6696236
0.14549858234276292,1.4549858234276292,0.9275946271744365,1729841922.679792
0.15918045357603897,1.5918045357603896,0.9328527366944203,1729841922.6896415
0.17293984897226544,1.7293984897226544,0.9381384630643895,1729841922.699594
0.18677717533770855,1.8677717533770855,0.9434519261621978,1729841922.709699
0.2006928412401801,2.006928412401801,0.9487932460929566,1729841922.719692
0.21468725701232097,2.1468725701232096,0.954162543185643,1729841922.7296674
0.22876083475483425,2.2876083475483426,0.9595599379896834,1729841922.739579
0.24291398833966804,2.4291398833966804,0.9649855512715059,1729841922.7496297
0.25714713341314543,2.5714713341314543,0.9704395040109498,1729841922.7596982
0.27146068739904256,2.7146068739904257,0.9759219173977188,1729841922.7695913
0.28585506950161255,2.8585506950161257,0.9814329128276983,1729841922.7796571
0.3003307007085552,3.003307007085552,0.9869726118992445,1729841922.7896092
0.31488800379393145,3.1488800379393145,0.9925411364094311,1729841922.799851
0.329527403321021,3.2952740332102097,0.9981386083501752,1729841922.8095946
0.3442493256451238,3.442493256451238,1.0037651499043965,1729841922.8196547
0.35905419891630264,3.590541989163026,1.009420883442003,1729841922.8296833
0.3739424530820672,3.739424530820672,1.0151059315159228,1729841922.8395936
0.3889145198899985,3.8891451988999846,1.0208204168580033,1729841922.8496203
0.4039708328903117,4.039708328903117,1.0265644623748504,1729841922.8596766
0.4191118274383585,4.1911182743835855,1.032338191143666,1729841922.8696377
0.43433794069706577,4.343379406970658,1.0381417264079347,1729841922.8796983
0.4496496116393112,4.4964961163931125,1.0439751915731184,1729841922.8896036
0.4650472810502346,4.650472810502346,1.0498387102022524,1729841922.8996499
0.48053139152948293,4.805313915294829,1.055732406011464,1729841922.9096267
0.49610238749339003,4.9610238749339,1.0616564028654776,1729841922.9196935
0.511760715177088,5.11760715177088,1.0676108247729883,1729841922.929664
0.5275068226365508,5.275068226365508,1.073595795882016,1729841922.9395976
0.5433411597505681,5.433411597505681,1.0796114404751784,1729841922.9496179
0.5592641782226491,5.59264178222649,1.0856578829648815,1729841922.959685
0.575276331582855,5.75276331582855,1.0917352478884763,1729841922.9696608
0.5913780751895589,5.9137807518955885,1.0978436599033103,1729841922.9796906
0.6075698662311323,6.075698662311323,1.1039832437817272,1729841922.9896832
0.623852163727558,6.23852163727558,1.1101541244060162,1729841922.9997828
0.6402254285319664,6.402254285319664,1.11635642676324,1729841923.0095787
0.6566901233320962,6.566901233320962,1.1225902759400435,1729841923.0197115
0.6732467126516778,6.732467126516778,1.1288557971173891,1729841923.029693
0.6898956628517373,6.898956628517373,1.1351531155651604,1729841923.0396621
0.706637442131822,7.06637442131822,1.1414823566367827,1729841923.0496445
0.7234725205311444,7.234725205311444,1.147843645763699,1729841923.0602777
0.7404013699296453,7.404013699296454,1.1542371084498186,1729841923.0696168
0.7574244640489736,7.574244640489736,1.1606628702658548,1729841923.0798213
0.7745422784533822,7.745422784533822,1.1671210568436376,1729841923.0896525
0.7917552905505398,7.917552905505398,1.1736117938703061,1729841923.0995576
0.8090639795922558,8.09063979592256,1.1801352070824422,1729841923.1096392
0.8264688266751187,8.264688266751186,1.1866914222601452,1729841923.1196296
0.8439703147410459,8.439703147410459,1.1932805652210239,1729841923.1296113
0.8615689285777444,8.615689285777444,1.1999027618140752,1729841923.1397192
0.8792651548190813,8.792651548190813,1.2065581379135701,1729841923.149631
0.8970594819453626,8.970594819453625,1.2132468194127655,1729841923.1596572
0.9149524002835185,9.149524002835186,1.2199689322176082,1729841923.1696768
0.9329444020071971,9.329444020071971,1.2267246022403477,1729841923.179795
0.9510359811367601,9.510359811367602,1.233513955393033,1729841923.1896636
0.9692276335391854,9.692276335391854,1.2403371175810016,1729841923.1996202
0.9875198569278705,9.875198569278705,1.2471942146962225,1729841923.2096233
1.0059131508623382,10.059131508623382,1.2540853726105845,1729841923.2201507
1.0244080167478427,10.244080167478426,1.2610107171691287,1729841923.2296753
1.043004957834875,10.43004957834875,1.2679703741831685,1729841923.239673
1.0617044792185664,10.617044792185663,1.2749644694233475,1729841923.2496119
1.0805070878379888,10.805070878379887,1.2819931286125912,1729841923.2597225
1.0994132924753506,10.994132924753506,1.2890564774190403,1729841923.2696466
1.1184236037550879,11.184236037550878,1.296154641448814,1729841923.2797859
1.1375385341428481,11.375385341428482,1.3032877462387682,1729841923.2896113
1.156758597944366,11.56758597944366,1.3104559172491261,1729841923.299691
1.1760843113042307,11.760843113042307,1.3176592798560525,1729841923.3096266
1.1955161922045434,11.955161922045434,1.3248979593441423,1729841923.3197076
1.2150547604634616,12.150547604634616,1.3321720808987778,1729841923.3296177
1.234700537733632,12.34700537733632,1.339481769598509,1729841923.3395884
1.2544540475005097,12.544540475005096,1.346827150407226,1729841923.3495803
1.274315815080561,12.743158150805609,1.3542083481663405,1729841923.359584
1.2942863676193506,12.942863676193506,1.3616254875868248,1729841923.3696463
1.3143662340895117,13.143662340895117,1.3690786932412284,1729841923.3797467
1.3345559452885958,13.345559452885958,1.3765680895555232,1729841923.3896837
1.3548560338368032,13.548560338368032,1.3840938008009585,1729841923.3997014
1.3752670341745923,13.752670341745922,1.3916559510857334,1729841923.4096606
1.395789482560166,13.95789482560166,1.3992546643466963,1729841923.419685
1.4164239170668336,14.164239170668335,1.4068900643408289,1729841923.4296913
1.4371708775802488,14.371708775802487,1.4145622746367743,1729841923.4396405
1.4580309057955196,14.580309057955196,1.422271418606162,1729841923.4496205
1.479004545214193,14.790045452141928,1.4300176194149476,1729841923.4596143
1.5000923411411065,15.000923411411065,1.437801000014567,1729841923.4696097
1.5212948406811149,15.21294840681115,1.4456216831331052,1729841923.479726
1.54261259273568,15.4261259273568,1.4534797912662776,1729841923.48962
1.5640461479993317,15.640461479993316,1.4613754466684257,1729841923.4998138
1.5855960589559928,15.855960589559928,1.4693087713433184,1729841923.5095847
1.6072628798751682,16.072628798751683,1.4772798870349502,1729841923.519655
1.6290471668079993,16.290471668079995,1.4852889152182187,1729841923.529594
1.650949477583178,16.50949477583178,1.4933359770894996,1729841923.539593
1.6729703718027227,16.729703718027228,1.501421193557166,1729841923.5498376
1.6951104108376145,16.951104108376146,1.509544685231973,1729841923.559697
1.7173701578232892,17.17370157823289,1.5177065724174263,1729841923.569651
1.739750177654988,17.39750177654988,1.52590697509997,1729841923.5797606
1.762251036982963,17.62251036982963,1.5341460129391682,1729841923.589712
1.7848733042075366,17.848733042075366,1.5424238052577413,1729841923.5998347
1.8076175494740148,18.07617549474015,1.5507404710315353,1729841923.6096227
1.8304843446674504,18.304843446674504,1.5590961288794092,1729841923.619967
1.8534742634072578,18.53474263407258,1.5674908970530184,1729841923.6296203
1.8765878810416765,18.765878810416766,1.575924893426516,1729841923.6396086
1.8998257746420812,18.998257746420812,1.584398235486152,1729841923.6498234
1.92318852299714,19.2318852299714,1.5929110403198163,1729841923.6596575
1.9466767066068154,19.466767066068154,1.6014634246064436,1729841923.6696131
1.970290907676211,19.70290907676211,1.6100555046053722,1729841923.6796584
1.9940317101092595,19.940317101092596,1.6186873961455945,1729841923.6896496
2.0178996995022516,20.178996995022516,1.62735921461489,1729841923.7000465
2.0418954631372053,20.418954631372053,1.6360710749489589,1729841923.7097213
2.0660195899750735,20.660195899750736,1.644823091620339,1729841923.7196612
2.0902726706487873,20.902726706487872,1.6536153786273382,1729841923.72965
2.114655297456137,21.14655297456137,1.6624480494828338,1729841923.73959
2.139168064352488,21.39168064352488,1.6713212172029785,1729841923.749773
2.163811566943327,21.63811566943327,1.6802349942958341,1729841923.7597115
2.1885864024766417,21.885864024766416,1.6891894927499007,1729841923.7696192
2.2134931698351337,22.134931698351338,1.6981848240225834,1729841923.7797358
2.238532469528255,22.385324695282552,1.7072210990285215,1729841923.7896702
2.2637049036840784,22.637049036840786,1.716298428127891,1729841923.7996607
2.2890110760409894,22.890110760409893,1.7254169211145673,1729841923.8096364
2.314451591939208,23.144515919392077,1.7345766872042359,1729841923.8196402
2.3400270583121303,23.400270583121305,1.7437778350223714,1729841923.8296602
2.365738083677498,23.657380836774983,1.753020472592198,1729841923.8396225
2.391585278128385,23.91585278128385,1.7623047073224805,1729841923.8496475
2.4175692533240043,24.175692533240042,1.7716306459953004,1729841923.859732
2.4436906224803385,24.436906224803387,1.7809983947536954,1729841923.8696795
2.4699500003605825,24.699500003605827,1.7904080590892346,1729841923.879735
2.496348003265407,24.96348003265407,1.799859743829519,1729841923.889662
2.5228852490230333,25.228852490230334,1.8093535531255491,1729841923.8996263
2.549562356979126,25.495623569791263,1.8188895904390727,1729841923.9096024
2.576379947986495,25.76379947986495,1.8284679585297927,1729841923.9197156
2.6033386443946105,26.033386443946107,1.8380887594425208,1729841923.9296927
2.6304390700389293,26.30439070038929,1.847752094494235,1729841923.9396462
2.657681850230027,26.57681850230027,1.857458064261055,1729841923.949636
2.685067611742541,26.85067611742541,1.8672067685651332,1729841923.9596982
2.7125969828039196,27.125969828039196,1.8769983064614668,1729841923.9696074
2.7402705930829736,27.402705930829736,1.8868327762246353,1729841923.9798174
2.7680890736782358,27.68089073678236,1.896710275335432,1729841923.9896533
2.7960530571061213,27.960530571061213,1.9066309004674324,1729841923.999632
2.8241631772888907,28.24163177288891,1.916594747473472,1729841924.009632
2.8524200695424113,28.524200695424113,1.9266019113720767,1729841924.0196939
2.8808243705637224,28.808243705637224,1.9366524863337475,1729841924.0296788
2.909376718418394,29.09376718418394,1.9467465656672425,1729841924.0396285
2.938077752527686,29.380777525276862,1.9568842418057266,1729841924.049844
2.9669281136555012,29.669281136555014,1.9670656062928402,1729841924.059759
2.9959284438951346,29.959284438951347,1.9772907497687542,1729841924.0696452
3.025079386655816,30.250793866558162,1.987559761956089,1729841924.0797787
3.0543815866490447,30.543815866490448,1.9978727316457552,1729841924.0896382
3.083835689874717,30.838356898747172,2.0082297466827677,1729841924.0996382
3.113442343607042,31.13442343607042,2.0186308939519475,1729841924.1096277
3.1432021963802494,31.432021963802494,2.0290762593635603,1729841924.119676
3.1731158979740837,31.731158979740837,2.0395659278388725,1729841924.129655
3.2031840993990865,32.03184099399087,2.0500999832956848,1729841924.1396239
3.2334074528816643,32.33407452881664,2.060678508633704,1729841924.1496475
3.263786611848943,32.637866118489434,2.0713015857199513,1729841924.1595972
3.294322230913405,32.94322230913405,2.081969295374004,1729841924.1696723
3.32501496585731,33.2501496585731,2.092681717353248,1729841924.1797767
3.3558654736168987,33.55865473616899,2.1034389303380174,1729841924.1896496
3.386874412266377,33.86874412266377,2.1142410119166866,1729841924.1998193
3.4180424410016816,34.18042441001682,2.1250880385706794,1729841924.2096581
3.449370220124023,34.49370220124023,2.135980085659448,1729841924.21964
3.4808584110232093,34.80858411023209,2.1469172274053485,1729841924.2296526
3.512507676160745,35.12507676160745,2.1578995368785034,1729841924.239625
3.5443186790527106,35.44318679052711,2.168927085981555,1729841924.249565
3.576292084252413,35.76292084252413,2.1799999454343735,1729841924.2597163
3.608428557332814,36.08428557332814,2.1911181847587504,1729841924.269659
3.6407287648687334,36.40728764868734,2.2022818722629585,1729841924.2797675
3.673193374418822,36.73193374418822,2.213491075026337,1729841924.2896256
3.705823054507312,37.05823054507312,2.22474585888374,1729841924.2996294
3.7386184746055355,37.386184746055356,2.236046288410025,1729841924.3096213
3.7715803051132144,37.71580305113214,2.2473924269044034,1729841924.3196568
3.8047092173395227,38.04709217339523,2.25878433637479,1729841924.3295918
3.8380058834839157,38.380058834839154,2.270222077522084,1729841924.339654
3.871470976616731,38.71470976616731,2.281705709724435,1729841924.3498137
3.9051051706595548,39.051051706595544,2.293235291021413,1729841924.360142
3.938909140365357,39.389091403653566,2.3048108780981615,1729841924.3696158
3.9728835612983944,39.72883561298394,2.3164325262695287,1729841924.3797436
4.007029109813877,40.070291098138775,2.328100289464102,1729841924.3896444
4.041346463037406,40.41346463037406,2.339814220208265,1729841924.3998485
4.075836298844167,40.75836298844167,2.3515743696101628,1729841924.4095967
4.110499295837901,41.10499295837901,2.3633807873436674,1729841924.420265
4.145336133329625,41.45336133329625,2.3752335216322895,1729841924.4296603
4.18034749131613,41.8034749131613,2.38713261923307,1729841924.439612
4.215534050458234,42.15534050458234,2.3990781254204205,1729841924.4495687
4.250896492058796,42.508964920587964,2.411070083969952,1729841924.4596872
4.286435498040501,42.86435498040501,2.423108537142275,1729841924.4696307
4.322151750923398,43.221517509233976,2.435193525666753,1729841924.4797115
4.358045933802205,43.58045933802205,2.4473250887252562,1729841924.489598
4.394118730323373,43.94118730323373,2.459503263935885,1729841924.499635
4.430370824661914,44.30370824661914,2.4717280873366616,1729841924.5096152
4.466802901497982,44.66802901497982,2.4839995933692127,1729841924.519611
4.5034156459932255,45.034156459932255,2.496317814862445,1729841924.5296338
4.540209743766889,45.402097437668886,2.508682783016169,1729841924.539583
4.577185880871683,45.77185880871683,2.5210945273847636,1729841924.549856
4.6143447437694105,46.14344743769411,2.5335530758607816,1729841924.5596232
4.651687019306352,46.51687019306352,2.5460584546585827,1729841924.5696182
4.689213394688411,46.892133946884115,2.5586106882979274,1729841924.579742
4.726924557456023,47.26924557456023,2.5712097995875847,1729841924.5896566
4.764821195458815,47.64821195458815,2.5838558096089463,1729841924.59983
4.802903996830034,48.02903996830034,2.5965487376996177,1729841924.609568
4.841173649960731,48.41173649960731,2.609288601437028,1729841924.6196887
4.879630843473701,48.796308434737014,2.6220754166220215,1729841924.6296115
4.918276266197191,49.18276266197191,2.6349091972625014,1729841924.6396134
4.957110607138359,49.571106071383596,2.647789955557031,1729841924.6498492
4.9961345554565,49.961345554565,2.6607177018784687,1729841924.6596735
5.035348800436027,50.353488004360266,2.6736924447576347,1729841924.6695666
5.074754031459215,50.74754031459215,2.68671419086694,1729841924.6797419
5.114350937978707,51.14350937978707,2.699782945004108,1729841924.6896863
5.154140209489777,51.54140209489776,2.7128987100758386,1729841924.699561
5.1941225355023555,51.941225355023555,2.726061487081561,1729841924.7095594
5.234298605512823,52.34298605512823,2.7392712750971673,1729841924.71959
5.274669108975554,52.746691089755544,2.7525280712588,1729841924.7296405
5.315234735274235,53.152347352742346,2.765831870746663,1729841924.7396324
5.355996173692933,53.55996173692933,2.7791826667688473,1729841924.7496314
5.396954113386945,53.969541133869456,2.7925804505452354,1729841924.7596612
5.438109243353392,54.38109243353392,2.8060252112913937,1729841924.769615
5.479462252401595,54.79462252401595,2.81951693620255,1729841924.779706
5.521013829123199,55.21013829123199,2.8330556104375737,1729841924.78961
5.562764661862085,55.627646618620844,2.8466412171030533,1729841924.7997181
5.604715438684024,56.04715438684024,2.8602737372373626,1729841924.8096077
5.64686684734612,56.46866847346119,2.873953149794833,1729841924.8196073
5.689219575266007,56.89219575266007,2.887679431629951,1729841924.8296602
5.731774309490823,57.31774309490823,2.9014525574816257,1729841924.8395565
5.774531736665949,57.74531736665949,2.9152724999574944,1729841924.8495536
5.817492543003526,58.17492543003526,2.929139229518341,1729841924.859633
5.860657414250734,58.60657414250734,2.9430527144625125,1729841924.8695695
5.904027035657852,59.04027035657852,2.9570129209104743,1729841924.8796532
5.94760209194609,59.47602091946089,2.9710198127893794,1729841924.8898907
5.991383267275196,59.91383267275196,2.9850733518177655,1729841924.899617
6.035371245210836,60.35371245210836,2.9991734974902715,1729841924.9096177
6.079566708691759,60.79566708691759,3.013320207062501,1729841924.9199514
6.123970339996734,61.23970339996734,3.0275134355359063,1729841924.9297042
6.168582820711267,61.685828207112664,3.041753135642819,1729841924.9395788
6.213404831694104,62.13404831694105,3.0560392578315203,1729841924.9498127
6.258437053043517,62.584370530435166,3.070371750251438,1729841924.9596813
6.3036801640633655,63.036801640633655,3.084750558738428,1729841924.9696722
6.349134843228955,63.491348432289556,3.0991756268001587,1729841924.9798362
6.394801768152675,63.94801768152675,3.113646895601596,1729841924.989627
6.440681615549427,64.40681615549427,3.1281643039506046,1729841924.9996414
6.486775061201847,64.86775061201847,3.1427277882836324,1729841925.0096037
6.533082779925312,65.33082779925311,3.157337282651556,1729841925.0196645
6.579605445532751,65.7960544553275,3.1719927187055696,1729841925.029648
6.62634373079924,66.2634373079924,3.1866940256832925,1729841925.0396237
6.673298307426403,66.73298307426404,3.201441130394898,1729841925.0495918
6.7204698460066075,67.20469846006607,3.216233957209439,1729841925.059701
6.76785901598696,67.6785901598696,3.2310724280412617,1729841925.069637
6.815466485633112,68.15466485633112,3.2459564623365833,1729841925.0797985
6.863292921992861,68.63292921992861,3.260885977060194,1729841925.0896547
6.911338990859564,69.11338990859564,3.2758608866822843,1729841925.1002207
6.95960535673536,69.59605356735361,3.2908811031654257,1729841925.109623
7.008092682794203,70.08092682794202,3.3059465359517213,1729841925.1196318
7.056801630844707,70.56801630844707,3.3210570919500593,1729841925.1296105
7.105732861292808,71.05732861292809,3.336212675523566,1729841925.1396046
7.154887033104247,71.54887033104247,3.3514131884771836,1729841925.1495345
7.204264803766864,72.04264803766864,3.3666585300454197,1729841925.159604
7.253866829252728,72.53866829252728,3.3819485968802705,1729841925.169641
7.303693763980081,73.03693763980081,3.3972832830392927,1729841925.1797063
7.353746260775114,73.53746260775114,3.412662479973854,1729841925.1896336
7.404024970833574,74.04024970833574,3.4280860765175727,1729841925.1996214
7.454530543682205,74.54530543682205,3.4435539588749084,1729841925.209619
7.505263627140018,75.05263627140019,3.459066010609947,1729841925.2196658
7.556224867279408,75.56224867279408,3.4746221126353833,1729841925.2296386
7.607414908387104,76.07414908387103,3.4902221432016645,1729841925.2396164
7.65883439292497,76.5883439292497,3.5058659778863537,1729841925.249592
7.710483961490646,77.10483961490647,3.521553489583679,1729841925.259671
7.762364252778047,77.62364252778048,3.537284548494253,1729841925.269644
7.814475903537702,78.14475903537702,3.5530590221150473,1729841925.2797496
7.866819548536961,78.66819548536961,3.568876775229548,1729841925.289641
7.919395820520056,79.19395820520056,3.5847376698981033,1729841925.2996547
7.97220535016802,79.7220535016802,3.6006415654484942,1729841925.3096879
8.025248766058477,80.25248766058476,3.616588318466771,1729841925.3196838
8.078526694625296,80.78526694625296,3.632577782788213,1729841925.3296366
8.132039760118122,81.32039760118121,3.6486098094886033,1729841925.3396351
8.185788584561774,81.85788584561774,3.6646842468756904,1729841925.3496022
8.239773787715524,82.39773787715524,3.6808009404808772,1729841925.3595967
8.293995987032266,82.93995987032267,3.696959733051148,1729841925.3696508
8.348455797617554,83.48455797617554,3.713160464541255,1729841925.3797538
8.403153832188542,84.03153832188542,3.7294029721061217,1729841925.3896425
8.458090701032816,84.58090701032816,3.7456870900934818,1729841925.3996055
8.51326701196711,85.1326701196711,3.762012650036825,1729841925.4100945
8.568683370295938,85.68683370295938,3.7783794806485145,1729841925.4202638
8.624340378770112,86.24340378770113,3.7947874078132187,1729841925.429624
8.680238637545184,86.80238637545185,3.8112362545815803,1729841925.4395816
8.736378744139786,87.36378744139786,3.8277258411641557,1729841925.449543
8.792761293393895,87.92761293393895,3.8442559849256015,1729841925.459687
8.849386877427005,88.49386877427006,3.860826500379162,1729841925.4696276
8.906256085596238,89.06256085596239,3.8774371991813967,1729841925.4797487
8.963369504454366,89.63369504454366,3.8940878901272042,1729841925.489675
9.020727717707775,90.20727717707774,3.910778379145125,1729841925.499638
9.078331306174354,90.78331306174354,3.927508469292919,1729841925.5096247
9.136180847741336,91.36180847741336,3.944277960753428,1729841925.5196643
9.194276917323075,91.94276917323074,3.9610866508307425,1729841925.529675
9.25262008681877,92.52620086818769,3.977934333946633,1729841925.5396209
9.311210925070144,93.11210925070144,3.994820801637317,1729841925.5496337
9.370049997819079,93.70049997819079,4.011745842550496,1729841925.559656
9.429137867665213,94.29137867665213,4.028709242442696,1729841925.5696313
9.488475094023501,94.88475094023501,4.045710784176922,1729841925.5797305
9.548062233081746,95.48062233081745,4.062750247720621,1729841925.589647
9.607899837758104,96.07899837758104,4.079827410143966,1729841925.599646
9.667988457658575,96.67988457658575,4.09694204561842,1729841925.6096323
9.72832863903447,97.2832863903447,4.114093925415662,1729841925.619675
9.788920924739863,97.88920924739863,4.131282817906806,1729841925.6296635
9.849765854189053,98.49765854189053,4.1485084885619585,1729841925.6396327
9.91086396331401,99.10863963314011,4.165770699950081,1729841925.6496043
9.972215784521826,99.72215784521825,4.183069211739217,1729841925.6596768
10.033821846652174,100.33821846652174,4.200403780697014,1729841925.669678
10.095682674934789,100.9568267493479,4.217774160691619,1729841925.6797893
10.157798790946954,101.57798790946954,4.235180102692869,1729841925.6896749
10.220170712571015,102.20170712571016,4.252621354773863,1729841925.6996071
10.282798953951925,102.82798953951925,4.270097662112858,1729841925.7096105
10.345684025454817,103.45684025454817,4.287608766995507,1729841925.7196789
10.40882643362262,104.0882643362262,4.305154408817459,1729841925.7296479
10.47222668113371,104.72226681133711,4.322734324087306,1729841925.7396057
10.535885266759623,105.35885266759622,4.340348246429871,1729841925.7496378
10.599802685322805,105.99802685322805,4.35799590658988,1729841925.7598295
10.663979427654434,106.63979427654434,4.375677032435964,1729841925.7696536
10.728415980552299,107.28415980552299,4.393391348965043,1729841925.7797155
10.793112826738755,107.93112826738755,4.411138578307051,1729841925.7896254
10.858070444818743,108.58070444818743,4.428918439730067,1729841925.799637
10.923289309237903,109.23289309237903,4.446730649645766,1729841925.8096483
10.988769890240759,109.88769890240759,4.4645749216152755,1729841925.8197134
11.054512653829004,110.54512653829005,4.482450966355377,1729841925.8296347
11.120518061719881,111.2051806171988,4.500358491745112,1729841925.8395362
11.186786571304669,111.86786571304668,4.518297202832735,1729841925.849602
11.253318635607261,112.5331863560726,4.536266801843074,1729841925.8596792
11.320114703242877,113.20114703242878,4.554266988185238,1729841925.869645
11.387175218376884,113.87175218376883,4.572297458460731,1729841925.8797848
11.454500620683735,114.54500620683734,4.590357906471938,1729841925.8896253
11.522091345306057,115.22091345306058,4.6084480232310066,1729841925.899573
11.589947822813853,115.89947822813853,4.626567496969103,1729841925.9095368
11.658070479163863,116.58070479163862,4.644716013146062,1729841925.9196744
11.726459735659057,117.26459735659057,4.662893254460425,1729841925.929643
11.795116008908298,117.95116008908298,4.681098900859872,1729841925.9395523
11.86403971078615,118.6403971078615,4.699332629552043,1729841925.9495316
11.933231248392852,119.33231248392852,4.717594115015763,1729841925.9596865
12.002691024014473,120.02691024014473,4.7358830290126415,1729841925.9696279
12.072419435083226,120.72419435083226,4.754199040599073,1729841925.9796686
12.142416874137988,121.42416874137987,4.7725418161386655,1729841925.989643
12.212683728784976,122.12683728784975,4.790911019315024,1729841925.9997232
12.283220381658644,122.83220381658644,4.809306311144941,1729841926.009613
12.354027210382773,123.54027210382773,4.8277273499920215,1729841926.0196557
12.425104587531749,124.25104587531749,4.846173791580662,1729841926.0295875
12.496452880592079,124.96452880592079,4.864645289010468,1729841926.03958
12.568072451924104,125.68072451924104,4.883141492771035,1729841926.0496237
12.639963658723945,126.39963658723944,4.901662050757169,1729841926.0596714
12.712126852985671,127.1212685298567,4.920206608284479,1729841926.0696619
12.78456238146371,127.8456238146371,4.938774808105402,1729841926.079696
12.857270585635495,128.57270585635496,4.95736629042559,1729841926.089689
12.930251801664356,129.30251801664357,4.975980692920744,1729841926.0996327
13.003506360362667,130.03506360362667,4.994617650753828,1729841926.109631
13.077034587155254,130.77034587155254,5.013276796592669,1729841926.1196685
13.150836802043056,131.50836802043057,5.031957760628,1729841926.1296399
13.224913319567076,132.24913319567077,5.050660170591875,1729841926.139582
13.299264448772586,132.99264448772587,5.069383651776493,1729841926.1495802
13.373890493173631,133.7389049317363,5.088127827053432,1729841926.159584
13.44879175071781,134.4879175071781,5.106892316893269,1729841926.1696396
13.523968513751356,135.23968513751356,5.125676739385624,1729841926.1796634
13.59942106898452,135.9942106898452,5.144480710259568,1729841926.1896195
13.675149697457249,136.7514969745725,5.1633038429044795,1729841926.1995852
13.751154674505178,137.5115467450518,5.182145748391242,1729841926.209585
13.827436269725958,138.27436269725956,5.201006035493896,1729841926.219631
13.903994746945871,139.03994746945872,5.219884310711641,1729841926.2296336
13.980830364186815,139.80830364186815,5.2387801782912575,1729841926.2395942
14.057943373633588,140.5794337363359,5.257693240249921,1729841926.2496393
14.135334021601535,141.35334021601534,5.2766230963984,1729841926.2597291
14.213002548504528,142.13002548504528,5.295569344364653,1729841926.2696257
14.290949188823308,142.90949188823308,5.314531579617813,1729841926.2797291
14.36917417107418,143.6917417107418,5.333509395492556,1729841926.2896621
14.447677717778063,144.47677717778063,5.352502383213871,1729841926.2996132
14.526460045429927,145.26460045429926,5.371510131922185,1729841926.3096125
14.605521364468585,146.05521364468584,5.3905322286989055,1729841926.3196404
14.684861879246881,146.8486187924688,5.409568258592319,1729841926.3295865
14.764481788002252,147.64481788002252,5.428617804643882,1729841926.3396313
14.844381282827685,148.44381282827686,5.447680447914881,1729841926.3496253
14.924560549643076,149.24560549643076,5.4667557675134635,1729841926.359695
15.005019768166978,150.05019768166977,5.485843340622061,1729841926.3696854
15.085759111888771,150.8575911188877,5.5049427425251505,1729841926.3797486
15.166778748041239,151.6677874804124,5.524053546637412,1729841926.3896556
15.248078837573555,152.48078837573556,5.543175324532225,1729841926.3996356
15.329659535124712,153.2965953512471,5.562307645970554,1729841926.4096153
15.411520988997356,154.11520988997356,5.581450078930161,1729841926.419631
15.493663341132079,154.9366334113208,5.600602189635209,1729841926.4296234
15.576086727082128,155.76086727082128,5.619763542586178,1729841926.4395695
15.658791275988573,156.58791275988574,5.638933700590162,1729841926.4495654
15.741777110555923,157.4177711055592,5.658112224791505,1729841926.4596467
15.825044347028186,158.25044347028185,5.677298674702767,1729841926.4696126
15.9085930951654,159.085930951654,5.69649260823605,1729841926.4797356
15.992423458220628,159.92423458220628,5.715693581734635,1729841926.4895947
16.076535532917408,160.76535532917407,5.734901150004971,1729841926.4996142
16.160929409427688,161.6092940942769,5.7541148663489885,1729841926.5096397
16.24560517135025,162.4560517135025,5.773334282596733,1729841926.5195997
16.33056289568959,163.30562895689587,5.792558949139313,1729841926.5296557
16.415802652835314,164.15802652835313,5.811788414962186,1729841926.5395715
16.50132450654201,165.01324506542008,5.831022227678743,1729841926.5495975
16.587128513909615,165.87128513909616,5.850259933564186,1729841926.559643
16.6732147253643,166.732147253643,5.869501077589748,1729841926.5696442
16.759583184639844,167.59583184639843,5.888745203457169,1729841926.5797942
16.84623392875953,168.4623392875953,5.907991853633505,1729841926.589609
16.93316698801855,169.33166988018547,5.927240569386216,1729841926.5996082
17.020382385966915,170.20382385966914,5.94649089081851,1729841926.6096056
17.107880139392933,171.07880139392933,5.965742356905025,1729841926.619623
17.195660258307157,171.95660258307157,5.984994505527735,1729841926.6296396
17.283722745926898,172.83722745926897,6.004246873512158,1729841926.639615
17.372067598661268,173.72067598661266,6.023498996663821,1729841926.6495898
17.460694806096754,174.60694806096754,6.042750409804991,1729841926.6596417
17.549604350983348,175.49604350983347,6.062000646811655,1729841926.669655
17.6387962092212,176.387962092212,6.0812492406507515,1729841926.679764
17.72827034984785,177.2827034984785,6.100495723417661,1729841926.6896644
17.818026735025988,178.1802673502599,6.119739626373923,1729841926.6997058
17.90806532003179,179.0806532003179,6.138980479985195,1729841926.7096267
17.998386053243788,179.9838605324379,6.158217813959427,1729841926.7196343
18.088988876132344,180.88988876132345,6.177451157285291,1729841926.7296433
18.17987372324965,181.79873723249648,6.196680038270797,1729841926.7396383
18.27104052222032,182.7104052222032,6.215903984582133,1729841926.749612
18.362489193732554,183.62489193732554,6.235122523282724,1729841926.7596931
18.454219651529854,184.54219651529854,6.254335180872461,1729841926.7696652
18.54623180240337,185.4623180240337,6.273541483327152,1729841926.7797437
18.63852554618476,186.38525546184758,6.2927409561381635,1729841926.7896125
18.731100775739694,187.31100775739694,6.311933124352215,1729841926.7998395
18.82395737696191,188.2395737696191,6.331117512611388,1729841926.8096702
18.917095228767867,189.17095228767866,6.350293645193265,1729841926.8196547
19.010514203091986,190.10514203091986,6.369461046051264,1729841926.8295834
19.104214164882503,191.04214164882504,6.388619238855124,1729841926.8396494
19.19819497209789,191.98194972097892,6.407767747031525,1729841926.8496277
19.292456475703897,192.92456475703898,6.426906093804868,1729841926.8596077
19.386998519671184,193.86998519671184,6.446033802238187,1729841926.8695936
19.481820940973552,194.81820940973552,6.4651503952741995,1729841926.8797054
19.576923569586786,195.76923569586785,6.4842553957764695,1729841926.889631
19.6723062284881,196.723062284881,6.503348326570695,1729841926.89958
19.767968733656186,197.67968733656187,6.522428710486104,1729841926.9095805
19.86391089407188,198.63910894071878,6.541496070396966,1729841926.919697
19.96013251171942,199.6013251171942,6.560549929264175,1729841926.9295979
20.05663338158834,200.5663338158834,6.579589810176956,1729841926.939602
20.15341329167597,201.53413291675972,6.598615236394624,1729841926.9495904
20.250472022990525,202.50472022990525,6.617625731388452,1729841926.9599652
20.347809349554844,203.47809349554842,6.636620818883567,1729841926.969657
20.445425038410725,204.45425038410724,6.655600022900952,1729841926.9796264
20.54331884962388,205.4331884962388,6.674562867799474,1729841926.99018
20.641490536289506,206.41490536289507,6.693508878317972,1729841926.9996057
20.73993984453848,207.3993984453848,6.712437579617373,1729841927.009613
20.838666513544165,208.38666513544166,6.731348497322874,1729841927.019647
20.93767027552984,209.3767027552984,6.750241157566113,1729841927.0296261
21.036950855776745,210.36950855776746,6.769115087027376,1729841927.0396566
21.136507972632746,211.36507972632745,6.787969812977823,1729841927.0496335
21.236341337521626,212.36341337521625,6.806804863321704,1729841927.0596764
21.336450654952984,213.36450654952984,6.82561976663859,1729841927.0696445
21.43683562253276,214.3683562253276,6.8444140522255745,1729841927.0800478
21.537495930974384,215.37495930974384,6.86318725013947,1729841927.0897133
21.63843126411052,216.3843126411052,6.8819388912389865,1729841927.0996034
21.739641298905465,217.39641298905465,6.900668507226855,1729841927.1096158
21.841125705468134,218.41125705468133,6.919375630691939,1729841927.119676
21.94288414706568,219.4288414706568,6.9380597951512835,1729841927.1296904
22.044916280137716,220.44916280137716,6.956720535092118,1729841927.139614
22.147221754311165,221.47221754311164,6.975357386013775,1729841927.1495943
22.249800212415714,222.49800212415715,6.993969884469591,1729841927.159556
22.352651290499892,223.52651290499892,7.012557568108671,1729841927.1696033
22.45577461784775,224.55774617847752,7.031119975717609,1729841927.1797266
22.55916981699615,225.5916981699615,7.049656647262114,1729841927.1896653
22.662836503752672,226.62836503752672,7.0681671239285135,1729841927.199582
22.766774287214126,227.66774287214128,7.086650948165189,1729841927.2095733
22.870982769785666,228.70982769785667,7.105107663723862,1729841927.2197268
22.975461547200506,229.75461547200507,7.123536815700781,1729841927.229616
23.080210208540244,230.80210208540245,7.141937950577787,1729841927.2396178
23.18522833625579,231.8522833625579,7.160310616263216,1729841927.249655
23.290515506188882,232.90515506188882,7.178654362132694,1729841927.2596607
23.396071287594197,233.96071287594197,7.196968739069757,1729841927.2696059
23.501895243162068,235.01895243162068,7.215253299506327,1729841927.2796898
23.60798692904178,236.07986929041778,7.233507597463018,1729841927.2896879
23.71434589486546,237.1434589486546,7.25173118858928,1729841927.2996037
23.820971683772562,238.20971683772564,7.269923630203359,1729841927.309601
23.927863832434916,239.27863832434917,7.2880844813320715,1729841927.3197606
24.035021871082364,240.35021871082364,7.306213302750384,1729841927.329651
24.142445323528992,241.42445323528992,7.324309657020808,1729841927.3396015
24.250133707199907,242.50133707199907,7.342373108532573,1729841927.3495765
24.35808653315861,243.5808653315861,7.3604032235405965,1729841927.3596106
24.46630330613492,244.6630330613492,7.378399570204221,1729841927.3696415
24.57478352455349,245.74783524553487,7.396361718625747,1729841927.3798082
24.68352668056283,246.83526680562832,7.4142892408887136,1729841927.3898208
24.792532260064963,247.92532260064962,7.432181711095947,1729841927.3996305
24.90179974274556,249.0179974274556,7.4500387054073505,1729841927.4096434
25.01132860210469,250.11328602104692,7.467859802077469,1729841927.4197202
25.12111830548807,251.2111830548807,7.485644581492759,1729841927.4296753
25.231168314118886,252.31168314118887,7.503392626208613,1729841927.4396536
25.341478083130134,253.41478083130136,7.5211035209861175,1729841927.4495661
25.452047061597515,254.52047061597514,7.538776852828502,1729841927.459851
25.562874692572844,255.62874692572845,7.556412211017331,1729841927.4696343
25.673960413117992,256.73960413117993,7.574009187148397,1729841927.4797897
25.78530365433936,257.8530365433936,7.591567375167304,1729841927.4896631
25.89690384142284,258.9690384142284,7.609086371404758,1729841927.4996243
26.008760393669338,260.08760393669337,7.62656577461155,1729841927.5095916
26.120872724530745,261.20872724530744,7.644005185993206,1729841927.5197458
26.23324024164647,262.3324024164647,7.66140420924433,1729841927.5295973
26.34586234688043,263.4586234688043,7.6787624505826235,1729841927.5396438
26.45873843635856,264.58738436358556,7.696079518782544,1729841927.549664
26.571867900506785,265.7186790050678,7.713355025208654,1729841927.559726
26.685250124089517,266.85250124089515,7.730588583848616,1729841927.569608
26.798884486248582,267.98884486248585,7.747779811345823,1729841927.5797596
26.91277036054266,269.1277036054266,7.764928327031691,1729841927.589697
27.02690711498716,270.2690711498716,7.782033752957582,1729841927.5996819
27.141294112094606,271.4129411209461,7.799095713926362,1729841927.6095822
27.255930708915415,272.5593070891541,7.816113837523584,1729841927.619711
27.37081625707918,273.7081625707918,7.833087754148293,1729841927.6296487
27.485950102836387,274.85950102836387,7.850017097043463,1729841927.6396542
27.601331587100553,276.01331587100555,7.866901502326029,1729841927.6496117
27.716960045490815,277.16960045490816,7.883740609016541,1729841927.6597433
27.832834808374955,278.3283480837496,7.900534059068406,1729841927.6696362
27.948955200912824,279.48955200912826,7.9172814973967505,1729841927.6797514
28.06532054310021,280.6532054310021,7.933982571906863,1729841927.689689
28.181930149813102,281.81930149813104,7.950636933522229,1729841927.6995888
28.298783330852356,282.98783330852353,7.967244236212147,1729841927.7096415
28.41587939098877,284.1587939098877,7.983804137018946,1729841927.7197053
28.533217630008558,285.33217630008556,8.000316296084753,1729841927.729628
28.65079734275918,286.5079734275918,8.016780376677852,1729841927.7396343
28.768617819195587,287.6861781919559,8.033196045218624,1729841927.749629
28.886678344426826,288.86678344426826,8.049562971305,1729841927.7596807
29.004978198763006,290.04978198763007,8.06588082773756,1729841927.7696512
29.12351665776263,291.2351665776263,8.082149290544102,1729841927.7797854
29.242292992280287,292.4229299228029,8.098368039003836,1729841927.7897224
29.361306468514687,293.61306468514687,8.114536755671091,1729841927.7996051
29.48055634805704,294.8055634805704,8.130655126398585,1729841927.8096611
29.60004188793975,296.0004188793975,8.146722840360228,1729841927.8196673
29.71976234068548,297.1976234068548,8.162739590073489,1729841927.8296347
29.839716954356497,298.397169543565,8.178705071421275,1729841927.83964
29.95990497260434,299.5990497260434,8.19461898367338,1729841927.849557
30.080325634719816,300.80325634719816,8.21048102950742,1729841927.8599362
30.20097817568328,302.0097817568328,8.226290915029361,1729841927.8696449
30.321861826215194,303.21861826215195,8.242048349793517,1729841927.8797877
30.44297581282702,304.4297581282702,8.25775304682211,1729841927.8896408
30.564319357872332,305.6431935787233,8.273404722624337,1729841927.8995988
30.685891679598257,306.85891679598257,8.289003097214984,1729841927.9096086
30.80769199219713,308.0769199219713,8.304547894132517,1729841927.9196508
30.929719505858458,309.2971950585846,8.320038840456732,1729841927.9296257
31.051973426821093,310.5197342682109,8.335475666825902,1729841927.9396188
31.17445295742568,311.7445295742568,8.350858107453437,1729841927.9495997
31.29715729616732,312.9715729616732,8.366185900144066,1729841927.9596868
31.420085637748485,314.20085637748485,8.381458786309523,1729841927.9696543
31.54323717313213,315.4323717313213,8.396676510983745,1729841927.9796333
31.666611089595044,316.66611089595045,8.411838822837586,1729841927.9896815
31.79020657078139,317.9020657078139,8.426945474193023,1729841927.9995918
31.91402279675647,319.14022796756467,8.441996221036883,1729841928.0096893
32.038058944060666,320.3805894406066,8.456990823034072,1729841928.0197008
32.162314185763556,321.6231418576356,8.471929043540312,1729841928.029669
32.286787691518256,322.8678769151826,8.486810649614366,1729841928.0395873
32.41147862761587,324.1147862761587,8.50163541202979,1729841928.0496774
32.53638615704017,325.3638615704017,8.51640310528618,1729841928.0596557
32.661509439522376,326.61509439522376,8.531113507619905,1729841928.0696115
32.78684763159613,327.8684763159613,8.545766401014378,1729841928.0797548
32.912399886652594,329.12399886652594,8.560361571209794,1729841928.0896623
33.03816535499567,330.3816535499567,8.574898807712394,1729841928.0996556
33.16414318389738,331.6414318389738,8.58937790380322,1729841928.1096208
33.29033251765335,332.9033251765335,8.603798656546383,1729841928.1196663
33.4167324976384,334.167324976384,8.618160866796828,1729841928.1296976
33.54334226236226,335.4334226236226,8.632464339207594,1729841928.139639
33.67016094752536,336.7016094752536,8.64670888223661,1729841928.149586
33.79718768607475,337.9718768607475,8.660894308152947,1729841928.1595738
33.924421608260054,339.24421608260053,8.675020433042631,1729841928.1696246
34.05186184168956,340.5186184168956,8.689087076813916,1729841928.1798165
34.179507511386326,341.7950751138633,8.703094063202094,1729841928.1896799
34.307357739844385,343.07357739844383,8.717041219773803,1729841928.1996083
34.43541164708498,344.3541164708498,8.730928377930839,1729841928.2096138
34.563668350712895,345.63668350712896,8.744755372913504,1729841928.2196803
34.69212696597275,346.9212696597275,8.758522043803433,1729841928.2296855
34.8207866058054,348.20786605805404,8.772228233525954,1729841928.2396047
34.949646380904355,349.4964638090436,8.785873788851974,1729841928.249634
35.07870539977216,350.7870539977216,8.799458560399358,1729841928.2596617
35.20796276877687,352.0796276877687,8.812982402633846,1729841928.2696443
35.33741759220847,353.37417592208465,8.826445173869486,1729841928.279732
35.4670689723353,354.670689723353,8.839846736268585,1729841928.2895792
35.596916009460536,355.96916009460534,8.853186955841196,1729841928.2998075
35.72695780197857,357.26957801978574,8.866465702444119,1729841928.3096664
35.85719344643143,358.5719344643143,8.87968284977945,1729841928.319654
35.98762203756513,359.8762203756513,8.892838275392643,1729841928.3296616
36.118242668386024,361.18242668386023,8.905931860670119,1729841928.3395402
36.24905443021707,362.49054430217075,8.91896349083641,1729841928.3495824
36.38005641275412,363.80056412754124,8.931933054950836,1729841928.360019
36.511247704122056,365.1124770412206,8.944840445903738,1729841928.3696625
36.642627390930954,366.42627390930954,8.957685560412244,1729841928.3797922
36.77419455833213,367.74194558332124,8.97046829901559,1729841928.3903005
36.90594829007411,369.05948290074105,8.983188566069984,1729841928.39954
37.03788766855855,370.37887668558545,8.995846269743039,1729841928.409619
37.17001177489604,371.7001177489604,9.00844132200775,1729841928.4203227
37.30231968896182,373.02319688961825,9.020973638636038,1729841928.4296095
37.43481048945141,374.3481048945141,9.033443139191855,1729841928.4395995
37.56748325393608,375.6748325393608,9.045849747023857,1729841928.4495628
37.70033705891831,377.0033705891831,9.058193389257655,1729841928.4596562
37.83337097988699,378.3337097988699,9.070473996787625,1729841928.469642
37.966584091372646,379.66584091372647,9.082691504268308,1729841928.4797077
38.09997546700239,380.9997546700239,9.094845850105386,1729841928.4896598
38.23354417955483,382.3354417955483,9.106936976446258,1729841928.4996378
38.36728930101482,383.6728930101482,9.118964829170167,1729841928.5096476
38.50120990262801,385.0120990262801,9.130929357877967,1729841928.5196416
38.63530505495529,386.3530505495529,9.14283051588146,1729841928.5296621
38.769573827927054,387.69573827927053,9.154668260192327,1729841928.5396128
38.9040152908973,389.04015290897297,9.16644255151069,1729841928.5496004
39.038628512697535,390.38628512697534,9.178153354213258,1729841928.5596519
39.17341256169056,391.7341256169056,9.189800636341102,1729841928.5696168
39.30836650582398,393.08366505823983,9.201384369587037,1729841928.579848
39.44348941268361,394.4348941268361,9.212904529282632,1729841928.5896356
39.578780349546626,395.7878034954663,9.22436109438484,1729841928.5996175
39.71423838343454,397.1423838343454,9.235754047462263,1729841928.6096141
39.84986258116597,398.49862581165974,9.247083374681061,1729841928.6197512
39.9856520094092,399.856520094092,9.258349065790464,1729841928.6296802
40.12160573473449,401.2160573473449,9.26955111410798,1729841928.6396925
40.2577228236662,402.577228236662,9.280689516504202,1729841928.6496382
40.39400234273469,403.9400234273469,9.291764273387304,1729841928.659667
40.53044335852795,405.30443358527947,9.302775388687175,1729841928.6696217
40.667044937743015,406.67044937743015,9.31372286983921,1729841928.679756
40.80380614723717,408.0380614723717,9.324606727767797,1729841928.6896775
40.940726054078816,409.4072605407882,9.335426976869437,1729841928.6996672
41.07780372559821,410.7780372559821,9.346183634995565,1729841928.7096462
41.215038229437816,412.1503822943782,9.356876723435054,1729841928.7199805
41.35242863360251,413.52428633602506,9.367506266896383,1729841928.729641
41.48997400650943,414.8997400650943,9.378072293489522,1729841928.7395859
41.627673417037634,416.27673417037636,9.38857483470749,1729841928.749571
41.76552593457741,417.6552593457741,9.399013925407637,1729841928.7596304
41.903530629079356,419.0353062907935,9.409389603792597,1729841928.7696464
42.041686571103156,420.41686571103156,9.419701911390998,1729841928.7797334
42.17999283186607,421.7999283186607,9.429950893037846,1729841928.7897089
42.318448483291164,423.1844848329116,9.44013659685465,1729841928.7996588
42.457052598055164,424.5705259805516,9.45025907422927,1729841928.8096442
42.59580424963611,425.9580424963611,9.460318379795499,1729841928.8196828
42.73470251236064,427.3470251236064,9.470314571412363,1729841928.8296287
42.873746461451,428.73746461451,9.48024771014319,1729841928.8396072
43.012935173071696,430.12935173071696,9.490117860234406,1729841928.8495767
43.15226772437591,431.5226772437591,9.499925089094074,1729841928.8596487
43.291743193551525,432.91743193551525,9.509669467270221,1729841928.8696172
43.431360659866854,434.31360659866857,9.519351068428897,1729841928.87976
43.57111920371606,435.7111920371606,9.528969969332003,1729841928.8896313
43.71101790666422,437.11017906664216,9.538526249814915,1729841928.8996077
43.851055851492085,438.51055851492083,9.548019992763852,1729841928.9095974
43.99123212224049,439.9123212224049,9.55745128409305,1729841928.9196463
44.131545804254415,441.31545804254415,9.56682021272172,1729841928.9296012
44.27199598422672,442.7199598422672,9.576126870550775,1729841928.939585
44.41258175024154,444.12581750241543,9.585371352439394,1729841928.9496078
44.55330219181733,445.5330219181733,9.594553756181352,1729841928.9596508
44.69415639994953,446.94156399949526,9.60367418248118,1729841928.9695811
44.835143467152925,448.35143467152926,9.612732734930132,1729841928.979749
44.97626248750365,449.76262487503647,9.621729519981962,1729841928.9896865
45.11751255668075,451.17512556680754,9.630664646928537,1729841928.9995623
45.25889277200753,452.5889277200753,9.639538227875272,1729841929.0095985
45.40040223249238,454.0040223249238,9.648350377716396,1729841929.0196893
45.542040038869374,455.42040038869374,9.65710121411006,1729841929.0296504
45.683805293638386,456.83805293638386,9.66579085745329,1729841929.0396016
45.825697101104936,458.25697101104936,9.674419430856782,1729841929.0496075
45.96771456741959,459.6771456741959,9.682987060119558,1729841929.0596464
46.10985680061704,461.09856800617035,9.691493873703479,1729841929.0696301
46.25212291065475,462.5212291065475,9.699940002707619,1729841929.0797782
46.39451200945129,463.9451200945129,9.708325580842505,1729841929.0896082
46.53702321092425,465.37023210924247,9.716650744404241,1729841929.0996082
46.67965563102774,466.7965563102774,9.724915632248505,1729841929.1096344
46.822408387789636,468.22408387789636,9.73312038576442,1729841929.1196463
46.96528060134825,469.65280601348246,9.741265148848335,1729841929.1296265
47.10827139398879,471.08271393988787,9.749350067877476,1729841929.139596
47.25137989017932,472.5137989017932,9.757375291683514,1729841929.149572
47.3946052166064,473.946052166064,9.765340971526026,1729841929.1595426
47.537946502210275,475.37946502210275,9.773247261065862,1729841929.1696343
47.681402878219714,476.81402878219717,9.781094316338436,1729841929.1797483
47.82497347818645,478.2497347818645,9.788882295726921,1729841929.1896663
47.968657438019214,479.68657438019216,9.796611359935378,1729841929.1996455
48.11245389601738,481.12453896017377,9.804281671961801,1729841929.2095988
48.2563619929042,482.56361992904203,9.811893397071104,1729841929.2196853
48.40038087185969,484.0038087185969,9.819446702768033,1729841929.2296321
48.54450967855304,485.4450967855304,9.826941758770028,1729841929.23964
48.68874756117471,486.88747561174705,9.834378736980025,1729841929.2496188
48.83309367046804,488.33093670468037,9.841757811459214,1729841929.2596438
48.97754715976054,489.7754715976054,9.849079158399737,1729841929.269626
49.12210718499473,491.2210718499473,9.85634295609737,1729841929.2797172
49.2667729047586,492.66772904758596,9.863549384924132,1729841929.2896597
49.41154348031563,494.1154348031563,9.8706986273009,1729841929.2996423
49.55641807563448,495.56418075634485,9.877790867669967,1729841929.3096373
49.70139585741822,497.0139585741822,9.884826292467592,1729841929.3201203
49.84647599513314,498.4647599513314,9.89180509009652,1729841929.3296564
49.99165766103723,499.9165766103723,9.898727450898496,1729841929.339891
50.13694003020821,501.3694003020821,9.905593567126763,1729841929.3500395
50.28232228057114,502.82322280571134,9.912403632918547,1729841929.3596578
50.427803592925656,504.2780359292566,9.919157844267554,1729841929.3696213
50.573383150972816,505.73383150972813,9.92585639899645,1729841929.3798428
50.719060141341494,507.1906014134149,9.932499496729362,1729841929.3896234
50.86483375361441,508.64833753614414,9.939087338864372,1729841929.3996327
51.01070318035376,510.10703180353755,9.945620128546043,1729841929.4097908
51.15666761712638,511.5666761712638,9.952098070637941,1729841929.4196782
51.30272626252862,513.0272626252862,9.958521371695193,1729841929.4296682
51.44887831821071,514.4887831821071,9.96489023993706,1729841929.4399781
51.59512298890076,515.9512298890077,9.971204885219544,1729841929.4495614
51.7414594824284,517.414594824284,9.977465519008021,1729841929.4596667
51.88788700974794,518.8788700974794,9.983672354349917,1729841929.4696548
52.034404784961225,520.3440478496123,9.989825605847411,1729841929.4797623
52.18101202533998,521.8101202533999,9.995925489630194,1729841929.4902477
52.32770795134787,523.2770795134787,10.001972223328261,1729841929.499582
52.47449178666206,524.7449178666205,10.00796602604476,1729841929.5095882
52.62136275819445,526.2136275819445,10.013907118328897,1729841929.5196316
52.76832009611249,527.6832009611248,10.019795722148881,1729841929.529643
52.91536303385958,529.1536303385958,10.02563206086495,1729841929.5396466
53.06249080817509,530.624908081751,10.03141635920244,1729841929.5495555
53.20970265911402,532.0970265911402,10.037148843224932,1729841929.5596588
53.35699783006619,533.5699783006619,10.042829740307461,1729841929.5696363
53.504375567775114,535.0437556777512,10.0484592791098,1729841929.57974
53.65183512235643,536.5183512235643,10.054037689549823,1729841929.5903327
53.799375747316,537.99375747316,10.059565202776932,1729841929.5995958
53.946996699567535,539.4699669956753,10.065042051145586,1729841929.6095872
54.09469723944992,540.9469723944992,10.070468468188889,1729841929.619726
54.2424766307441,542.424766307441,10.075844688592282,1729841929.6296647
54.39033414068959,543.9033414068958,10.081170948167324,1729841929.639676
54.538269040000614,545.3826904000061,10.086447483825557,1729841929.6495857
54.686280602881865,546.8628060288187,10.09167453355246,1729841929.6607287
54.83436810704387,548.3436810704387,10.096852336381529,1729841929.6696174
54.98253083371798,549.8253083371798,10.101981132368419,1729841929.67978
55.13076806767098,551.3076806767098,10.107061162565211,1729841929.6896982
55.279079097219324,552.7907909721932,10.112092668994789,1729841929.6996217
55.427463214243026,554.2746321424303,10.117075894625302,1729841929.709612
55.57591971419912,555.7591971419912,10.122011083344754,1729841929.7196698
55.72444789613479,557.2444789613479,10.126898479935704,1729841929.7296562
55.87304706270014,558.7304706270014,10.131738330050071,1729841929.7396677
56.02171652016053,560.2171652016053,10.136530880184061,1729841929.7496254
56.17045557840866,561.7045557840866,10.141276377653218,1729841929.7597384
56.31926355097615,563.1926355097615,10.145975070567586,1729841929.7696466
56.468139755044895,564.681397550449,10.150627207807,1729841929.7797728
56.61708351145794,566.1708351145794,10.155233038996501,1729841929.789713
56.766094144730104,567.6609414473011,10.159792814481877,1729841929.799609
56.91517098305814,569.1517098305814,10.16430678530533,1729841929.8095663
57.06431335833064,570.6431335833064,10.168775203181283,1729841929.8197036
57.21352060613751,572.1352060613751,10.173198320472308,1729841929.8296766
57.362792065779146,573.6279206577915,10.177576390165193,1729841929.8396924
57.51212708027523,575.1212708027523,10.181909665847147,1729841929.8495822
57.66152499637318,576.6152499637318,10.186198401682145,1729841929.8596532
57.81098516455629,578.1098516455629,10.190442852387397,1729841929.8696563
57.960506939051484,579.6050693905148,10.194643273209985,1729841929.8797507
58.11008967783673,581.1008967783673,10.19879991990361,1729841929.8897052
58.25973274264818,582.5973274264818,10.202913048705513,1729841929.8997154
58.40943549898688,584.0943549898689,10.20698291631352,1729841929.9095852
58.5591973161252,585.591973161252,10.211009779863241,1729841929.9196472
58.709017567112944,587.0901756711295,10.214993896905424,1729841929.9296415
58.85889562878309,588.5889562878309,10.218935525383447,1729841929.9396527
59.00883088175721,590.0883088175722,10.222834923610964,1729841929.9495814
59.15882271045062,591.5882271045062,10.226692350249712,1729841929.9596248
59.30887050307711,593.088705030771,10.230508064287456,1729841929.9696512
59.45897365165342,594.5897365165342,10.234282325016094,1729841929.9797149
59.60913155200342,596.0913155200342,10.238015392009933,1729841929.989741
59.75934360376186,597.5934360376186,10.241707525104086,1729841929.9996352
59.909609210377965,599.0960921037797,10.245358984373066,1729841930.0096147
60.059927779118574,600.5992777911857,10.248970030109508,1729841930.0196664
60.21029872107105,602.1029872107105,10.252540922803068,1729841930.0296435
60.360721451145864,603.6072145114587,10.25607192311947,1729841930.0396307
60.511195388078875,605.1119538807887,10.259563291879722,1729841930.0495474
60.661719954433295,606.617199544333,10.263015290039494,1729841930.059631
60.812294576601374,608.1229457660138,10.266428178668653,1729841930.0696335
60.96291868480577,609.6291868480578,10.269802218930957,1729841930.079729
61.11359171310063,611.1359171310063,10.273137672063928,1729841930.0897055
61.26431309937239,612.6431309937238,10.276434799358874,1729841930.0996382
61.415082285340254,614.1508228534026,10.279693862141086,1729841930.1096122
61.565898716556426,615.6589871655642,10.282915121750193,1729841930.11967
61.71676184240602,617.1676184240603,10.286098839520685,1729841930.1296425
61.86767111610671,618.6767111610671,10.289245276762609,1729841930.1396124
62.01862599470809,620.1862599470809,10.292354694742421,1729841930.149591
62.169625939090736,621.6962593909074,10.295427354664012,1729841930.1595
62.320670413965054,623.2067041396506,10.298463517649898,1729841930.169633
62.47175888786977,624.7175888786977,10.301463444722588,1729841930.1797876
62.62289083317021,626.2289083317021,10.304427396786094,1729841930.1896904
62.77406572605631,627.740657260563,10.307355634607648,1729841930.1996589
62.925283046540315,629.2528304654031,10.310248418799551,1729841930.209599
63.07654227845427,630.7654227845427,10.313106009801214,1729841930.21965
63.22784290944719,632.2784290944719,10.315928667861353,1729841930.2296224
63.37918443098204,633.7918443098205,10.318716653020372,1729841930.2396388
63.53056633833241,635.3056633833241,10.32147022509289,1729841930.249596
63.681988130578944,636.8198813057894,10.324189643650456,1729841930.2596521
63.833449310605516,638.3344931060551,10.32687516800443,1729841930.26962
63.98494938509519,639.849493850952,10.329527057189019,1729841930.2797632
64.13648786452589,641.3648786452588,10.33214556994451,1729841930.2897506
64.28806426316586,642.8806426316587,10.334730964700638,1729841930.2996037
64.43967809906886,644.3967809906885,10.337283499560153,1729841930.3096266
64.59132889406912,645.9132889406912,10.33980343228253,1729841930.319633
64.74301617377608,647.4301617377608,10.342291020267872,1729841930.3296566
64.8947394675689,648.947394675689,10.34474652054096,1729841930.3396425
65.04649830859069,650.4649830859069,10.347170189735483,1729841930.3495514
65.19829223374258,651.9829223374257,10.349562284078434,1729841930.3596346
65.35012078367751,653.5012078367752,10.351923059374672,1729841930.3696632
65.50198350279382,655.0198350279381,10.354252770991646,1729841930.379804
65.65387993922859,656.5387993922859,10.356551673844297,1729841930.3897233
65.80580964485083,658.0580964485082,10.35882002238012,1729841930.3996267
65.95777217525438,659.5777217525438,10.36105807056439,1729841930.409629
66.1097670897506,661.0976708975061,10.363266071865558,1729841930.4196587
66.26179395136094,662.6179395136094,10.365444279240805,1729841930.429642
66.41385232680916,664.1385232680916,10.367592945121777,1729841930.4396229
66.56594178651345,665.6594178651345,10.369712321400462,1729841930.4495604
66.71806190457829,667.1806190457829,10.371802659415245,1729841930.4596508
66.87021225878618,668.7021225878618,10.373864209937127,1729841930.4696405
67.02239243058905,670.2239243058905,10.3758972231561,1729841930.4797683
67.17460200509957,671.7460200509958,10.377901948667684,1729841930.4897923
67.32684057108227,673.2684057108227,10.37987863545963,1729841930.4996133
67.47910772094437,674.7910772094438,10.381827531898784,1729841930.5095823
67.63140305072653,676.3140305072653,10.383748885718102,1729841930.5197005
67.78372616009335,677.8372616009335,10.385642944003843,1729841930.5296748
67.9360766523237,679.3607665232371,10.387509953182896,1729841930.5396442
68.08845413430086,680.8845413430086,10.389350159010286,1729841930.549559
68.24085821650249,682.4085821650249,10.391163806556827,1729841930.559723
68.39328851299041,683.9328851299041,10.392951140196937,1729841930.569672
68.54574464140023,685.4574464140023,10.3947124035966,1729841930.5796766
68.69822622293078,686.9822622293078,10.396447839701498,1729841930.5896564
68.85073288233335,688.5073288233334,10.398157690725279,1729841930.5995567
69.00326424790077,690.0326424790078,10.399842198137994,1729841930.6096315
69.15581995145642,691.5581995145642,10.40150160265468,1729841930.6196325
69.30839962834291,693.0839962834291,10.403136144224089,1729841930.6296234
69.46100291741071,694.6100291741071,10.404746062017585,1729841930.6396306
69.61362946100657,696.1362946100656,10.406331594418175,1729841930.6495943
69.76627890496181,697.6627890496181,10.40789297900969,1729841930.6596618
69.91895089858046,699.1895089858047,10.409430452566125,1729841930.6696274
70.0716450946272,700.7164509462721,10.410944251041125,1729841930.6796954
70.2243611493152,702.243611493152,10.412434609557597,1729841930.6897037
70.37709872229375,703.7709872229375,10.413901762397503,1729841930.699598
70.52985747663583,705.2985747663582,10.41534594299176,1729841930.7096314
70.68263707882542,706.8263707882543,10.416767383910315,1729841930.7197263
70.8354371987448,708.354371987448,10.418166316852345,1729841930.7296584
70.98825750966157,709.8825750966157,10.419542972636599,1729841930.7396872
71.14109768821564,711.4109768821563,10.420897581191891,1729841930.7495892
71.29395741440602,712.9395741440602,10.422230371547725,1729841930.7596183
71.4468363715775,714.468363715775,10.423541571825051,1729841930.7696755
71.59973424640722,715.9973424640723,10.424831409227187,1729841930.7798157
71.75265072889101,717.5265072889101,10.426100110030836,1729841930.7897792
71.90558551232974,719.0558551232973,10.42734789957728,1729841930.7996337
72.05853829331544,720.5853829331544,10.428575002263674,1729841930.809668
72.21150877171733,722.1150877171733,10.429781641534504,1729841930.820021
72.36449665066775,723.6449665066775,10.430968039873148,1729841930.829675
72.51750163654786,725.1750163654787,10.432134418793591,1729841930.839721
72.67052343897343,726.7052343897343,10.433280998832263,1729841930.849564
72.82356177078029,728.2356177078029,10.434407999539996,1729841930.8595881
72.97661634800976,729.7661634800976,10.43551563947413,1729841930.8697052
73.12968688989402,731.2968688989401,10.436604136190722,1729841930.8797004
73.28277311884128,732.8277311884128,10.437673706236904,1729841930.8897092
73.43587476042086,734.3587476042086,10.438724565143348,1729841930.8997822
73.5889915433482,735.889915433482,10.43975692741686,1729841930.9096203
73.74212319946972,737.4212319946971,10.440771006533108,1729841930.9196756
73.89526946374758,738.9526946374758,10.441767014929447,1729841930.9296243
74.0484300742444,740.4843007424439,10.442745163997882,1729841930.939709
74.20160477210773,742.0160477210773,10.443705664078161,1729841930.9495747
74.35479330155464,743.5479330155464,10.444648724450948,1729841930.959656
74.50799540985598,745.0799540985598,10.445574553331156,1729841930.9696248
74.66121084732073,746.6121084732073,10.446483357861363,1729841930.9797668
74.81443936728012,748.1443936728011,10.447375344105362,1729841930.989654
74.96768072607175,749.6768072607175,10.448250717041821,1729841930.9995823
75.12093468302359,751.209346830236,10.44910968055804,1729841931.009544
75.27420100043786,752.7420100043786,10.449952437443844,1729841931.01964
75.42747944357481,754.2747944357482,10.450779189385564,1729841931.0295863
75.58076978063656,755.8076978063656,10.451590136960142,1729841931.0397248
75.73407178275063,757.3407178275063,10.452385479629335,1729841931.0496113
75.88738522395357,758.8738522395357,10.453165415734025,1729841931.059657
76.04070988117441,760.407098811744,10.453930142488643,1729841931.069641
76.19404553421805,761.9404553421805,10.454679855975685,1729841931.0797832
76.3473919657486,763.473919657486,10.455414751140347,1729841931.0896733
76.50074896127262,765.0074896127262,10.456135021785238,1729841931.0996552
76.65411630912227,766.5411630912228,10.456840860565219,1729841931.1095536
76.80749380043842,768.0749380043842,10.457532458982326,1729841931.1196258
76.96088122915367,769.6088122915367,10.458210007380798,1729841931.1296554
77.11427839197528,771.1427839197528,10.458873694942191,1729841931.139696
77.26768508836805,772.6768508836806,10.459523709680612,1729841931.1495767
77.42110112053716,774.2110112053716,10.460160238438016,1729841931.1596081
77.57452629341084,775.7452629341084,10.46078346687963,1729841931.1695807
77.72796041462314,777.2796041462313,10.461393579489432,1729841931.1797206
77.88140329449647,778.8140329449647,10.461990759565765,1729841931.189774
78.03485474602415,780.3485474602415,10.462575189217002,1729841931.19962
78.18831458485296,781.8831458485296,10.463147049357323,1729841931.2096214
78.34178262926548,783.4178262926548,10.463706519702573,1729841931.219724
78.49525870016251,784.952587001625,10.464253778766203,1729841931.229634
78.64874262104536,786.4874262104536,10.464789003855312,1729841931.2397335
78.80223421799808,788.0223421799808,10.465312371066748,1729841931.2495465
78.9557333196697,789.5573331966971,10.465824055283319,1729841931.2596714
79.10923975725633,791.0923975725633,10.466324230170068,1729841931.2696426
79.26275336448327,792.6275336448327,10.466813068170636,1729841931.2797067
79.41627397758703,794.1627397758703,10.467290740503707,1729841931.2897208
79.56980143529728,795.6980143529728,10.467757417159527,1729841931.2998242
79.72333557881888,797.2333557881888,10.468213266896507,1729841931.3096037
79.87687625181364,798.7687625181364,10.46865845723789,1729841931.3196733
80.03042330038228,800.3042330038228,10.469093154468515,1729841931.329651
80.18397657304612,801.8397657304613,10.469517523631634,1729841931.339737
80.3375359207289,803.375359207289,10.469931728525813,1729841931.3496003
80.49110119673838,804.9110119673838,10.470335931701909,1729841931.3596437
80.64467225674814,806.4467225674814,10.470730294460108,1729841931.3696456
80.79824895877906,807.9824895877905,10.471114976847039,1729841931.3797455
80.95183116318097,809.5183116318096,10.471490137652959,1729841931.3896668
81.10541873261417,811.0541873261417,10.471855934408998,1729841931.3996115
81.2590115320309,812.590115320309,10.472212523384485,1729841931.4095972
81.41260942865681,814.1260942865681,10.472560059584326,1729841931.419647
81.56621229197238,815.6621229197237,10.47289869674645,1729841931.4297945
81.7198199936943,817.198199936943,10.473228587339328,1729841931.439676
81.87343240775684,818.7343240775683,10.473549882559542,1729841931.4495437
82.02704941029309,820.2704941029309,10.473862732329426,1729841931.459677
82.18067087961632,821.8067087961631,10.474167285294756,1729841931.469612
82.33429669620116,823.3429669620116,10.474463688822523,1729841931.4797342
82.48792674266488,824.8792674266488,10.474752088998725,1729841931.489775
82.64156090374848,826.4156090374848,10.475032630626268,1729841931.4998055
82.79519906629794,827.9519906629794,10.475305457222875,1729841931.5096226
82.94884111924524,829.4884111924524,10.47557071101908,1729841931.5196059
83.10248695358955,831.0248695358955,10.475828532956271,1729841931.5296223
83.25613646237822,832.5613646237822,10.47607906268478,1729841931.539747
83.40978954068788,834.0978954068788,10.476322438562036,1729841931.5496142
83.56344608560539,835.6344608560539,10.476558797650759,1729841931.5596714
83.71710599620886,837.1710599620885,10.47678827571721,1729841931.5696108
83.8707691735486,838.7076917354859,10.4770110072295,1729841931.579728
84.02443552062805,840.2443552062805,10.477227125355926,1729841931.5896964
84.17810494238473,841.7810494238473,10.477436761963377,1729841931.5996373
84.3317773456711,843.3177734567109,10.477640047615777,1729841931.6096125
84.4854526392354,844.854526392354,10.477837111572574,1729841931.61968
84.63913073370256,846.3913073370256,10.478028081787276,1729841931.6296468
84.79281154155495,847.9281154155495,10.47821308490603,1729841931.6396592
84.94649497711326,849.4649497711326,10.478392246266253,1729841931.649585
85.10018095651725,851.0018095651725,10.478565689895285,1729841931.6596348
85.2538693977065,852.5386939770649,10.478733538509111,1729841931.6696074
85.4075602204012,854.075602204012,10.478895913511105,1729841931.6796613
85.56125334608282,855.6125334608282,10.479052934990813,1729841931.689937
85.71494869797492,857.1494869797492,10.479204721722793,1729841931.6997097
85.86864620102372,858.6864620102372,10.479351391165471,1729841931.7096481
86.02234578187891,860.2234578187891,10.479493059460049,1729841931.7196767
86.17604736887421,861.7604736887421,10.479629841429452,1729841931.7296438
86.32975089200806,863.2975089200806,10.479761850577292,1729841931.7396092
86.48345628292431,864.834562829243,10.479889199086891,1729841931.74959
86.63716347489274,866.3716347489275,10.480011997820325,1729841931.759652
86.79087240278974,867.9087240278975,10.480130356317495,1729841931.7696285
86.94458300307889,869.4458300307889,10.480244382795249,1729841931.7797186
87.09829521379152,870.9829521379152,10.480354184146524,1729841931.789668
87.25200897450729,872.5200897450729,10.480459865939515,1729841931.7996533
87.40572422633478,874.0572422633478,10.480561532416887,1729841931.8096354
87.55944091189203,875.5944091189202,10.480659286495012,1729841931.8196285
87.71315897528699,877.1315897528699,10.480753229763222,1729841931.829663
87.86687836209819,878.6687836209819,10.48084346248311,1729841931.8395767
88.02059901935515,880.2059901935514,10.480930083587852,1729841931.8495963
88.17432089551892,881.7432089551892,10.481013190681546,1729841931.8596435
88.32804394046258,883.2804394046258,10.481092880038585,1729841931.8696024
88.48176810545174,884.8176810545174,10.48116924660306,1729841931.8797696
88.63549334312498,886.3549334312497,10.481242383988178,1729841931.8897364
88.78921960747437,887.8921960747437,10.481312384475707,1729841931.8996606
88.9429468538259,889.429468538259,10.481379339015453,1729841931.9096067
89.09667503881998,890.9667503881998,10.48144333722474,1729841931.9196405
89.25040412039182,892.5040412039182,10.481504467387932,1729841931.9296305
89.40413405775193,894.0413405775193,10.481562816455973,1729841931.9396605
89.55786481136656,895.5786481136656,10.48161847004593,1729841931.9495819
89.71159634293807,897.1159634293806,10.481671512440577,1729841931.959642
89.86532861538542,898.6532861538542,10.481722026587995,1729841931.9695983
90.01906159282457,900.1906159282457,10.481770094101174,1729841931.9797032
90.17279524054888,901.7279524054888,10.481815795257658,1729841931.989749
90.3265295250095,903.265295250095,10.481859208999186,1729841931.9996262
90.48026441379585,904.8026441379585,10.481900412931369,1729841932.009628
90.63399987561591,906.3399987561592,10.481939483323364,1729841932.0196643
90.78773588027671,907.8773588027672,10.481976495107583,1729841932.0296326
90.94147239866466,909.4147239866465,10.4820115218794,1729841932.0396879
91.09520940272597,910.9520940272597,10.482044635896887,1729841932.0495553
91.24894686544701,912.4894686544701,10.482075908080562,1729841932.0596063
91.40268476083472,914.0268476083472,10.482105408013135,1729841932.0695918
91.55642306389693,915.5642306389693,10.482133203939293,1729841932.0797336
91.7101617506228,917.101617506228,10.48215936276548,1729841932.0897393
91.86390079796314,918.6390079796314,10.48218395005969,1729841932.09964
92.0176401838108,920.176401838108,10.482207030051285,1729841932.109603
92.171379886981,921.71379886981,10.482228665630805,1729841932.1196785
92.32511988719176,923.2511988719176,10.482248918349809,1729841932.129621
92.4788601650442,924.7886016504419,10.482267848420708,1729841932.1396847
92.63260070200289,926.3260070200289,10.482285514716622,1729841932.1495585
92.78634148037627,927.8634148037627,10.482301974771246,1729841932.159601
92.94008248329693,929.4008248329693,10.482317284778707,1729841932.1695611
93.09382369470202,930.9382369470202,10.482331499593457,1729841932.1797025
93.24756509931356,932.4756509931356,10.482344672730152,1729841932.1896875
93.4013066826188,934.0130668261879,10.482356856363555,1729841932.1996
93.55504843085055,935.5504843085055,10.482368101328431,1729841932.2096317
93.70879033096759,937.0879033096759,10.482378457119466,1729841932.2196422
93.86253237063492,938.6253237063493,10.482387971891177,1729841932.2295945
94.0162745382042,940.162745382042,10.48239669245784,1729841932.2396553
94.170016822694,941.7001682269399,10.48240466429342,1729841932.2496057
94.32375921377019,943.2375921377019,10.482411931531502,1729841932.259677
94.4775017017263,944.7750170172629,10.482418536965241,1729841932.2696168
94.63124427746381,946.312442774638,10.4824245220473,1729841932.2797334
94.78498693247252,947.8498693247252,10.482429926889806,1729841932.2896738
94.93872965881089,949.3872965881088,10.482434790264303,1729841932.299618
95.09247244908634,950.9247244908635,10.482439149601715,1729841932.3096638
95.24621529643566,952.4621529643566,10.482443040992305,1729841932.3200724
95.39995819450527,953.9995819450528,10.482446499185647,1729841932.3296084
95.55370113743159,955.5370113743159,10.482449557590598,1729841932.3396783
95.70744411982136,957.0744411982137,10.48245224827527,1729841932.3495972
95.86118713673203,958.6118713673203,10.482454601967,1729841932.359677
96.01493018365201,960.1493018365202,10.482456648052347,1729841932.369621
96.16867325648109,961.6867325648109,10.48245841457706,1729841932.3798606
96.3224163515107,963.224163515107,10.482459928246065,1729841932.389731
96.47615946540428,964.7615946540428,10.48246121442346,1729841932.3995903
96.62990259517763,966.2990259517762,10.482462297132487,1729841932.409563
96.78364573817922,967.8364573817921,10.482463199055546,1729841932.4197397
96.93738889207052,969.3738889207052,10.482463941534165,1729841932.4296083
97.09113205480635,970.9113205480635,10.482464544569003,1729841932.4396107
97.24487522461521,972.4487522461521,10.482465026819844,1729841932.4495716
97.39861839997961,973.9861839997961,10.482465405605588,1729841932.4596562
97.5523615796164,975.523615796164,10.482465696904256,1729841932.4696064
97.70610476245712,977.0610476245712,10.482465915352979,1729841932.4796274
97.8598479476283,978.5984794762829,10.482466074247997,1729841932.4895742
98.01359113443182,980.1359113443182,10.482466185544661,1729841932.4995935
98.16733432232527,981.6733432232527,10.482466259857427,1729841932.509595
98.32107751090223,983.2107751090223,10.482466306459859,1729841932.5196354
98.47482069987261,984.7482069987261,10.482466333284627,1729841932.529631
98.62856388904304,986.2856388904304,10.482466346923506,1729841932.539692
98.78230707829712,987.8230707829712,10.482466352627375,1729841932.5495715
98.93605026757582,989.3605026757582,10.48246635430622,1729841932.5596647
99.08979345685779,990.897934568578,10.48246635452913,1729841932.5696342
99.24353664613969,992.4353664613968,10.482466354524302,1729841932.5797555
99.39727983541653,993.9727983541652,10.482466354179035,1729841932.5896733
99.55102302466199,995.5102302466198,10.482466352039733,1729841932.5995884
99.70476621380877,997.0476621380876,10.482466345311906,1729841932.609599
99.85850940272893,998.5850940272893,10.48246632986017,1729841932.6196566
100.01225259121419,1000.1225259121419,10.482466300208245,1729841932.6296492
100.1659957789563,1001.659957789563,10.482466249538954,1729841932.6396685
100.31973896552735,1003.1973896552735,10.482466169694229,1729841932.64959
100.47348215036011,1004.7348215036011,10.482466051175104,1729841932.6596773
100.62722533272839,1006.2722533272838,10.482465883141725,1729841932.6696117
100.78096851172731,1007.8096851172731,10.482465653413335,1729841932.6798115
100.93471168625369,1009.347116862537,10.482465348468297,1729841932.689617
101.08845485498637,1010.8845485498637,10.482464953444074,1729841932.6996443
101.24219801636653,1012.4219801636652,10.482464452137243,1729841932.7096086
101.39594116857805,1013.9594116857804,10.482463827003498,1729841932.7196608
101.54968430952779,1015.4968430952779,10.482463059157647,1729841932.729586
101.703427436826,1017.0342743682601,10.482462128373623,1729841932.7396324
101.85717054776661,1018.5717054776661,10.482461013084482,1729841932.7495842
102.01091363930755,1020.1091363930755,10.482459690382417,1729841932.7595882
102.1646567080511,1021.646567080511,10.482458136018757,1729841932.7700164
102.31839975022423,1023.1839975022423,10.482456324403987,1729841932.7797413
102.47214276165896,1024.7214276165896,10.482454228607748,1729841932.7896726
102.62588573777262,1026.2588573777261,10.482451820358857,1729841932.7996402
102.77962867354826,1027.7962867354827,10.482449070045313,1729841932.8096414
102.93337156351494,1029.3337156351495,10.482445946714325,1729841932.8196704
103.08711440172809,1030.8711440172808,10.482442418072319,1729841932.829658
103.24085718174982,1032.4085718174981,10.48243845048497,1729841932.8396425
103.39459989662929,1033.9459989662928,10.48243400897722,1729841932.8495853
103.548342538883,1035.48342538883,10.482429057233308,1729841932.8596315
103.70208510047522,1037.020851004752,10.482423557596794,1729841932.8696287
103.85582757279816,1038.5582757279817,10.482417471070608,1729841932.8797162
104.0095699466525,1040.095699466525,10.482410757317075,1729841932.8896298
104.1633122122276,1041.6331221222758,10.48240337465796,1729841932.89963
104.31705435908187,1043.1705435908186,10.482395280074519,1729841932.909629
104.47079637612312,1044.7079637612312,10.482386429207548,1729841932.9196365
104.62453825158892,1046.245382515889,10.482376776357436,1729841932.9296255
104.7782799730269,1047.782799730269,10.482366274484235,1729841932.939642
104.93202152727511,1049.320215272751,10.482354875207719,1729841932.9496279
105.08576290044238,1050.8576290044239,10.482342528807461,1729841932.959789
105.23950407788861,1052.3950407788861,10.48232918422291,1729841932.9696403
105.39324504420522,1053.9324504420522,10.482314789053484,1729841932.9796076
105.54698578319538,1055.4698578319537,10.482299289558656,1729841932.9896784
105.70072627785446,1057.0072627785446,10.482282630658059,1729841932.9997554
105.85446651035028,1058.5446651035027,10.482264755931594,1729841933.0097177
106.00820646200356,1060.0820646200355,10.482245607619541,1729841933.0198333
106.1619461132682,1061.619461132682,10.482225126622696,1729841933.0296814
106.31568544371167,1063.1568544371166,10.482203252502496,1729841933.0396447
106.46942443199539,1064.694244319954,10.482179923481162,1729841933.0495508
106.62316305585504,1066.2316305585505,10.482155076441863,1729841933.059611
106.77690129208095,1067.7690129208095,10.482128646928867,1729841933.0696552
106.93063911649847,1069.3063911649847,10.482100569147722,1729841933.0797293
107.08437650394832,1070.8437650394833,10.482070775965445,1729841933.0897336
107.23811342826698,1072.3811342826698,10.48203919891071,1729841933.099639
107.39184986226707,1073.9184986226705,10.482005768174067,1729841933.1096373
107.54558577771766,1075.4558577771766,10.481970412608158,1729841933.1196642
107.69932114532477,1076.9932114532478,10.481933059727956,1729841933.1296668
107.85305593471166,1078.5305593471167,10.481893635711012,1729841933.1396768
108.00679011439924,1080.0679011439925,10.481852065397717,1729841933.149572
108.16052365178646,1081.6052365178646,10.481808272291582,1729841933.159559
108.31425651313074,1083.1425651313075,10.481762178559531,1729841933.1696374
108.46798866352835,1084.6798866352835,10.481713705032208,1729841933.1797268
108.62172006689477,1086.2172006689477,10.481662771204297,1729841933.1896493
108.77545068594519,1087.7545068594518,10.481609295234879,1729841933.1996148
108.92918048217486,1089.2918048217487,10.481553193947773,1729841933.2096276
109.08290941583954,1090.8290941583955,10.481494382831926,1729841933.219687
109.23663744593591,1092.3663744593591,10.481432776041801,1729841933.229644
109.39036453018203,1093.9036453018202,10.481368286397796,1729841933.2396128
109.54409062499772,1095.4409062499772,10.48130082538668,1729841933.249501
109.69781568548511,1096.978156854851,10.481230303162043,1729841933.2596755
109.85153966540899,1098.51539665409,10.481156628544776,1729841933.2696474
110.00526251717733,1100.0526251717733,10.481079709023568,1729841933.2797682
110.15898419182173,1101.5898419182172,10.480999450755426,1729841933.2896898
110.31270463897789,1103.127046389779,10.48091575856622,1729841933.2995772
110.46642380686613,1104.6642380686612,10.480828535951243,1729841933.3096366
110.62014164227183,1106.2014164227182,10.480737685075816,1729841933.3196733
110.77385809052598,1107.7385809052598,10.480643106775885,1729841933.3296332
110.92757309548566,1109.2757309548565,10.480544700558681,1729841933.339633
111.08128659951458,1110.8128659951458,10.480442364603379,1729841933.349594
111.23499854346362,1112.3499854346362,10.48033599576179,1729841933.3596294
111.38870886665133,1113.8870886665134,10.480225489559094,1729841933.36963
111.54241750684454,1115.4241750684455,10.480110740194585,1729841933.3796916
111.69612440023889,1116.9612440023889,10.479991640542451,1729841933.3896477
111.8498294814394,1118.498294814394,10.479868082152594,1729841933.39957
112.00353268344108,1120.0353268344109,10.479739955251455,1729841933.4097197
112.15723393760955,1121.5723393760954,10.47960714874291,1729841933.4196687
112.3109331736616,1123.109331736616,10.479469550209151,1729841933.4296114
112.46463031964586,1124.6463031964586,10.479327045911644,1729841933.4396355
112.61832530192346,1126.1832530192346,10.479179520792094,1729841933.4495327
112.77201804514864,1127.7201804514864,10.479026858473452,1729841933.4596658
112.92570847224944,1129.2570847224945,10.478868941260957,1729841933.4696126
113.0793965044084,1130.793965044084,10.478705650143219,1729841933.4796863
113.23308206104326,1132.3308206104325,10.478536864793332,1729841933.4896567
113.3867650597877,1133.867650597877,10.478362463570031,1729841933.499581
113.54044541647205,1135.4044541647206,10.47818232351888,1729841933.5096188
113.69412304510408,1136.9412304510408,10.47799632037351,1729841933.5196738
113.84779785784973,1138.4779785784972,10.477804328556887,1729841933.5296278
114.00146976501395,1140.0146976501396,10.477606221182636,1729841933.539631
114.1551386750215,1141.551386750215,10.477401870056386,1729841933.5496206
114.3088044943978,1143.088044943978,10.477191145677178,1729841933.5596137
114.46246712774978,1144.6246712774978,10.476973917238903,1729841933.569618
114.6161264777467,1146.161264777467,10.476750052631795,1729841933.57966
114.7697824451012,1147.697824451012,10.476519418443969,1729841933.5896811
114.92343492855005,1149.2343492855005,10.476281879962995,1729841933.599619
115.07708382483523,1150.7708382483522,10.476037301177529,1729841933.60966
115.23072902868483,1152.3072902868485,10.475785544778994,1729841933.6196861
115.38437043279411,1153.8437043279412,10.475526472163304,1729841933.629597
115.53800792780646,1155.3800792780646,10.475259943432647,1729841933.6396213
115.69164140229448,1156.9164140229448,10.474985817397304,1729841933.6495304
115.84527074274108,1158.4527074274108,10.474703951577538,1729841933.6596692
115.99889583352056,1159.9889583352056,10.474414202205534,1729841933.6696348
116.15251655687977,1161.5251655687978,10.474116424227372,1729841933.6796892
116.30613279291927,1163.0613279291927,10.473810471305086,1729841933.689674
116.45974441957449,1164.5974441957449,10.473496195818761,1729841933.6996624
116.61335131259702,1166.1335131259702,10.473173448868685,1729841933.7096503
116.76695334553582,1167.6695334553583,10.472842080277577,1729841933.7196674
116.92055038971858,1169.2055038971857,10.472501938592849,1729841933.7295835
117.07414231423299,1170.74142314233,10.472152871088952,1729841933.7396107
117.2277289859081,1172.277289859081,10.471794723769772,1729841933.7495565
117.38131026929578,1173.8131026929577,10.471427341371085,1729841933.7596257
117.53488602665213,1175.3488602665213,10.471050567363083,1729841933.769632
117.68845611791892,1176.8845611791892,10.470664243952962,1729841933.7796779
117.84202040070514,1178.4202040070513,10.470268212087575,1729841933.7896485
117.99557873026858,1179.9557873026858,10.46986231145615,1729841933.799618
118.14913095949736,1181.4913095949735,10.46944638049308,1729841933.8096302
118.30267693889162,1183.0267693889161,10.469020256380773,1729841933.8197117
118.45621651654518,1184.562165165452,10.468583775052586,1729841933.829648
118.60974953812728,1186.0974953812727,10.468136771195814,1729841933.8396034
118.76327584686432,1187.6327584686433,10.467679078254761,1729841933.849588
118.9167952835217,1189.167952835217,10.467210528433885,1729841933.859664
119.07030768638568,1190.7030768638567,10.466730952701004,1729841933.8696415
119.22381289124527,1192.2381289124528,10.4662401807906,1729841933.879758
119.37731073137425,1193.7731073137425,10.465738041207167,1729841933.8896782
119.53080103751309,1195.3080103751308,10.465224361228678,1729841933.899591
119.68428363785107,1196.8428363785106,10.464698966910086,1729841933.909597
119.8377583580084,1198.377583580084,10.464161683086946,1729841933.9196863
119.99122502101837,1199.9122502101836,10.463612333379078,1729841933.929661
120.14468344730957,1201.4468344730958,10.463050740194351,1729841933.9395535
120.29813345468821,1202.9813345468822,10.462476724732513,1729841933.9495716
120.45157485832038,1204.5157485832037,10.461890106989138,1729841933.9596531
120.60500747071455,1206.0500747071455,10.461290705759636,1729841933.9696064
120.75843110170393,1207.5843110170395,10.460678338643353,1729841933.979726
120.91184555842906,1209.1184555842906,10.460052822047775,1729841933.9896734
121.06525064532036,1210.6525064532036,10.45941397119279,1729841933.9996247
121.21864616408077,1212.1864616408077,10.458761600115071,1729841934.0096436
121.37203191366848,1213.7203191366848,10.458095521672535,1729841934.0196915
121.52540769027972,1215.2540769027971,10.457415547548885,1729841934.0296168
121.67877328733155,1216.7877328733155,10.456721488258275,1729841934.0396543
121.83212849544486,1218.3212849544486,10.456013153150026,1729841934.0495467
121.98547310242728,1219.8547310242727,10.455290350413488,1729841934.0596597
122.13880689325626,1221.3880689325626,10.454552887082949,1729841934.0696445
122.29212965006224,1222.9212965006222,10.45380056904268,1729841934.0797846
122.44544115211181,1224.4544115211181,10.453033201032067,1729841934.0896685
122.59874117579105,1225.9874117579104,10.452250586650823,1729841934.0995867
122.75202949458881,1227.520294945888,10.451452528364339,1729841934.1095488
122.90530587908025,1229.0530587908024,10.450638827509106,1729841934.119652
123.05857009691026,1230.5857009691026,10.449809284298262,1729841934.1296742
123.21182191277718,1232.118219127772,10.44896369782722,1729841934.1396465
123.36506108841641,1233.650610884164,10.448101866079428,1729841934.1495626
123.5182873825842,1235.182873825842,10.447223585932225,1729841934.1594646
123.67150055104155,1236.7150055104155,10.4463286531628,1729841934.1696174
123.82470034653811,1238.247003465381,10.445416862454266,1729841934.179709
123.97788651879627,1239.7788651879628,10.444488007401846,1729841934.1896493
124.13105881449528,1241.3105881449528,10.44354188051917,1729841934.1996245
124.28421697725547,1242.8421697725546,10.442578273244681,1729841934.2095904
124.4373607476226,1244.373607476226,10.44159697594816,1729841934.2196884
124.59048986305228,1245.904898630523,10.440597777937368,1729841934.229662
124.74360405789444,1247.4360405789444,10.439580467464797,1729841934.2396164
124.89670306337804,1248.9670306337805,10.43854483173454,1729841934.2495546
125.04978660759573,1250.4978660759573,10.43749065690929,1729841934.2596917
125.20285441548872,1252.0285441548872,10.436417728117448,1729841934.2696493
125.35590620883166,1253.5590620883165,10.435325829460355,1729841934.2797067
125.50894170621777,1255.0894170621777,10.434214744019647,1729841934.289654
125.66196062304392,1256.6196062304393,10.433084253864731,1729841934.2996252
125.81496267149595,1258.1496267149596,10.431934140060394,1729841934.3096077
125.96794756053399,1259.6794756053398,10.430764182674524,1729841934.32007
126.12091499587798,1261.2091499587798,10.429574160785966,1729841934.3295846
126.27386467999334,1262.7386467999333,10.428363852492511,1729841934.3398163
126.42679631207659,1264.267963120766,10.427133034918997,1729841934.3495812
126.57970958804128,1265.7970958804128,10.42588148422556,1729841934.359708
126.73260420050396,1267.3260420050397,10.424608975616,1729841934.3695953
126.88547983877021,1268.854798387702,10.42331528334629,1729841934.3797135
127.03833618882096,1270.3833618882097,10.422000180733207,1729841934.3895779
127.1911729332988,1271.911729332988,10.420663440163114,1729841934.3996966
127.34398975149445,1273.4398975149445,10.419304833100865,1729841934.4095876
127.49678631933337,1274.9678631933336,10.417924130098841,1729841934.4197261
127.64956230936257,1276.4956230936257,10.416521100806142,1729841934.4296803
127.80231739073743,1278.0231739073743,10.415095513977896,1729841934.4396338
127.95505122920878,1279.5505122920877,10.413647137484732,1729841934.449515
128.10776348711002,1281.0776348711001,10.41217573832237,1729841934.4596386
128.2604538233445,1282.604538233445,10.410681082621364,1729841934.4696856
128.4131218933729,1284.131218933729,10.409162935656994,1729841934.4796648
128.56576734920088,1285.6576734920088,10.40762106185928,1729841934.4896786
128.7183898393668,1287.1838983936682,10.406055224823167,1729841934.4996037
128.87098900892966,1288.7098900892966,10.404465187318838,1729841934.509593
129.0235644994571,1290.235644994571,10.402850711302174,1729841934.5196416
129.17611594901373,1291.7611594901373,10.401211557925373,1729841934.5296655
129.32864299214935,1293.2864299214934,10.399547487547705,1729841934.5395906
129.48114525988757,1294.8114525988758,10.397858259746426,1729841934.5495682
129.6336223797145,1296.336223797145,10.39614363332783,1729841934.559657
129.78607397556758,1297.8607397556757,10.394403366338462,1729841934.5695941
129.9384996678246,1299.384996678246,10.392637216076487,1729841934.579737
130.09089907329295,1300.9089907329294,10.39084493910319,1729841934.5896337
130.2432718051989,1302.432718051989,10.38902629125466,1729841934.5996225
130.3956174731772,1303.956174731772,10.387181027653606,1729841934.6095695
130.54793568326073,1305.4793568326072,10.385308902721329,1729841934.6196969
130.7002260378705,1307.002260378705,10.383409670189867,1729841934.6296384
130.8524881358056,1308.524881358056,10.381483083114276,1729841934.63965
131.00472157223354,1310.0472157223353,10.379528893885087,1729841934.6495783
131.15692593868064,1311.5692593868064,10.377546854240908,1729841934.659683
131.30910082302265,1313.0910082302264,10.37553671528118,1729841934.6696448
131.46124580947563,1314.6124580947562,10.373498227479125,1729841934.6797364
131.61336047858686,1316.1336047858686,10.371431140694808,1729841934.689635
131.7654444072261,1317.6544440722612,10.369335204188395,1729841934.6996133
131.91749716857709,1319.1749716857707,10.367210166633564,1729841934.709673
132.06951833212887,1320.6951833212886,10.365055776131063,1729841934.719671
132.22150746366785,1322.2150746366785,10.362871780222461,1729841934.7296238
132.3734641252697,1323.734641252697,10.360657925904029,1729841934.739636
132.52538787529156,1325.2538787529156,10.358413959640806,1729841934.7496138
132.67727826836446,1326.7727826836447,10.356139627380829,1729841934.7596817
132.82913485538597,1328.2913485538597,10.35383467456952,1729841934.7696311
132.980957183513,1329.80957183513,10.351498846164237,1729841934.7796605
133.13274479615492,1331.3274479615493,10.34913188664901,1729841934.7896562
133.28449723296677,1332.8449723296676,10.346733540049414,1729841934.799743
133.4362140298428,1334.3621402984281,10.344303549947636,1729841934.809628
133.58789471891015,1335.8789471891014,10.34184165949769,1729841934.8197446
133.73953882852288,1337.3953882852288,10.339347611440818,1729841934.8296337
133.89114588325603,1338.9114588325604,10.336821148121034,1729841934.8396542
134.0427154039001,1340.427154039001,10.334262011500861,1729841934.849511
134.1942469074557,1341.9424690745568,10.331669943177229,1729841934.8596337
134.34573990712835,1343.4573990712834,10.32904468439753,1729841934.8696475
134.49719391232367,1344.9719391232366,10.326385976075859,1729841934.8797379
134.64860842864266,1346.4860842864266,10.323693558809412,1729841934.8896708
134.79998295787735,1347.9998295787734,10.320967172895063,1729841934.8996027
134.95131699800663,1349.5131699800663,10.318206558346102,1729841934.9096067
135.10261004319236,1351.0261004319236,10.315411454909151,1729841934.9196231
135.2538615837756,1352.538615837756,10.31258160208124,1729841934.929678
135.40507110627337,1354.0507110627336,10.309716739127062,1729841934.9396434
135.55623809337533,1355.5623809337533,10.306816605096394,1729841934.9495196
135.70736202394104,1357.0736202394105,10.30388093884169,1729841934.9596767
135.85844237299722,1358.584423729972,10.300909479035838,1729841934.9696348
136.0094786117354,1360.094786117354,10.297901964190093,1729841934.9796536
136.16047020750986,1361.6047020750987,10.294858132672179,1729841934.9896352
136.31141662383575,1363.1141662383575,10.291777722724555,1729841934.9996517
136.4623173203875,1364.623173203875,10.288660472482862,1729841935.0096412
136.61317175299763,1366.1317175299764,10.28550611999452,1729841935.0197194
136.7639793736556,1367.639793736556,10.282314403237521,1729841935.0296156
136.91473963050714,1369.1473963050714,10.279085060139357,1729841935.039593
137.06545196785382,1370.6545196785382,10.275817828596152,1729841935.0495522
137.2161158261528,1372.1611582615278,10.272512446491929,1729841935.059638
137.36673064201693,1373.6673064201693,10.26916865171807,1729841935.0696037
137.5172958482153,1375.172958482153,10.265786182192935,1729841935.079708
137.66781087367372,1376.6781087367372,10.26236477588163,1729841935.0896664
137.81827514347583,1378.1827514347583,10.25890417081598,1729841935.0996156
137.96868807886432,1379.686880788643,10.255404105114618,1729841935.1096218
138.1190490972425,1381.190490972425,10.251864317003292,1729841935.119696
138.26935761217624,1382.6935761217624,10.248284544835291,1729841935.129614
138.41961303339602,1384.1961303339601,10.24466452711206,1729841935.139579
138.56981476679954,1385.6981476679953,10.241004002503972,1729841935.1495583
138.7199622144544,1387.199622144544,10.23730270987126,1729841935.1594977
138.87005477460127,1388.7005477460127,10.233560388285117,1729841935.1696281
139.0200918416572,1390.200918416572,10.229776777048944,1729841935.1797445
139.17007280621948,1391.7007280621947,10.225951615719774,1729841935.1896534
139.31999705506954,1393.1999705506953,10.222084644129842,1729841935.19966
139.46986397117738,1394.6986397117737,10.218175602408317,1729841935.209654
139.61967293370623,1396.1967293370622,10.214224231003197,1729841935.2197337
139.76942331801754,1397.6942331801754,10.210230270703349,1729841935.229634
139.91911449567635,1399.1911449567635,10.206193462660707,1729841935.239574
140.06874583445685,1400.6874583445685,10.202113548412637,1729841935.2495666
140.21831669834845,1402.1831669834844,10.197990269904432,1729841935.260031
140.36782644756207,1403.6782644756206,10.193823369511975,1729841935.2696507
140.51727443853676,1405.1727443853677,10.189612590064543,1729841935.2798483
140.66666002394675,1406.6666002394675,10.18535767486777,1729841935.2896328
140.81598255270868,1408.1598255270867,10.181058367726743,1729841935.2996013
140.96524136998937,1409.6524136998937,10.176714412969257,1729841935.3095737
141.11443581721377,1411.1443581721378,10.172325555469207,1729841935.3197012
141.26356523207332,1412.6356523207332,10.167891540670121,1729841935.3297505
141.41262894853466,1414.1262894853467,10.16341211460885,1729841935.339611
141.56162629684866,1415.6162629684866,10.158887023939368,1729841935.349559
141.7105566035599,1417.105566035599,10.154316015956745,1729841935.359619
141.8594191915163,1418.594191915163,10.149698838621234,1729841935.3697112
142.00821337987935,1420.0821337987936,10.145035240582494,1729841935.3797402
142.1569384841345,1421.5693848413453,10.140324971203956,1729841935.390448
142.30559381610206,1423.0559381610205,10.13556778058731,1729841935.399722
142.45417868394827,1424.5417868394827,10.130763419597136,1729841935.409575
142.60269239219699,1426.02692392197,10.125911639885631,1729841935.4197023
142.7511342417415,1427.511342417415,10.121012193917508,1729841935.4296534
142.89950352985693,1428.9950352985693,10.116064834994974,1729841935.439613
143.04779955021272,1430.4779955021272,10.111069317282853,1729841935.4495916
143.19602159288578,1431.960215928858,10.106025395833822,1729841935.4596891
143.34416894437388,1433.4416894437388,10.100932826613768,1729841935.4695992
143.4922408876093,1434.9224088760932,10.095791366527251,1729841935.4797008
143.64023670197318,1436.4023670197319,10.090600773443091,1729841935.4902482
143.78815566330977,1437.8815566330977,10.085360806220045,1729841935.4995954
143.93599704394154,1439.3599704394155,10.080071224732619,1729841935.5096085
144.08376011268442,1440.8376011268442,10.074731789896965,1729841935.5197146
144.23144413486338,1442.3144413486339,10.069342263696885,1729841935.5296328
144.37904837232853,1443.7904837232852,10.063902409209938,1729841935.5396247
144.52657208347156,1445.2657208347157,10.05841199063364,1729841935.5495734
144.6740145232425,1446.740145232425,10.052870773311769,1729841935.5597346
144.82137494316694,1448.2137494316694,10.047278523760745,1729841935.56963
144.96865259136365,1449.6865259136366,10.041635009696122,1729841935.5797076
145.11584671256253,1451.1584671256253,10.035940000059137,1729841935.589719
145.26295654812293,1452.6295654812293,10.030193265043373,1729841935.5996578
145.40998133605254,1454.0998133605253,10.024394576121484,1729841935.609653
145.55692031102637,1455.5692031102637,10.018543706072,1729841935.6197088
145.70377270440648,1457.0377270440647,10.012640429006222,1729841935.6296895
145.85053774426174,1458.5053774426174,10.006684520395158,1729841935.639619
145.99721465538835,1459.9721465538835,10.00067575709656,1729841935.6496062
146.14380265933042,1461.4380265933041,9.994613917382011,1729841935.6596918
146.2903009744012,1462.9030097440118,9.98849878096407,1729841935.6696339
146.43670881570455,1464.3670881570456,9.982330129023488,1729841935.6797056
146.58302539515694,1465.8302539515694,9.976107744236472,1729841935.689674
146.72924992150973,1467.2924992150975,9.969831410802003,1729841935.6995964
146.87538160037198,1468.7538160037197,9.963500914469202,1729841935.709602
147.02141963423347,1470.2141963423346,9.957116042564744,1729841935.7197013
147.16736322248832,1471.6736322248832,9.950676584020309,1729841935.729646
147.31321156145893,1473.1321156145893,9.944182329400082,1729841935.739625
147.4589638444203,1474.589638444203,9.937633070928277,1729841935.7495027
147.60461926162483,1476.0461926162484,9.931028602516692,1729841935.7596352
147.7501770003274,1477.501770003274,9.924368719792302,1729841935.7697062
147.89563624481102,1478.9563624481102,9.917653220124864,1729841935.779695
148.04099617641268,1480.4099617641268,9.91088190265455,1729841935.7896392
148.18625597354986,1481.8625597354985,9.904054568319594,1729841935.7996037
148.33141481174718,1483.3141481174719,9.897171019883944,1729841935.8095932
148.4764718636637,1484.764718636637,9.89023106196494,1729841935.8196664
148.6214262991204,1486.2142629912041,9.883234501060969,1729841935.8296943
148.76627728512827,1487.6627728512826,9.87618114557915,1729841935.839644
148.91102398591661,1489.110239859166,9.869070805862993,1729841935.849563
149.05566556296196,1490.5566556296196,9.861903294220065,1729841935.8596618
149.20020117501718,1492.0020117501717,9.854678424949627,1729841935.8696642
149.34462997814114,1493.4462997814114,9.847396014370275,1729841935.879682
149.48895112572876,1494.8895112572877,9.840055880847547,1729841935.8896756
149.6331637685414,1496.331637685414,9.832657844821501,1729841935.8995974
149.7772670547377,1497.772670547377,9.82520172883428,1729841935.9096272
149.9212601299048,1499.212601299048,9.817687357557634,1729841935.9196863
150.06514213709,1500.6514213709,9.810114557820402,1729841935.9295797
150.20891221683277,1502.0891221683278,9.802483158635953,1729841935.9396927
150.35256950719725,1503.5256950719725,9.794792991229583,1729841935.9496858
150.49611314380502,1504.9611314380502,9.787043889065863,1729841935.9599738
150.6395422598684,1506.395422598684,9.779235687875921,1729841935.9697225
150.78285598622404,1507.8285598622404,9.77136822568467,1729841935.9796858
150.92605345136704,1509.2605345136703,9.763441342837977,1729841935.9896486
151.0691337814853,1510.6913378148531,9.755454882029746,1729841935.9996028
151.21209610049442,1512.120961004944,9.747408688328942,1729841936.0096602
151.35493953007287,1513.5493953007287,9.739302609206531,1729841936.019934
151.49766318969768,1514.9766318969769,9.731136494562332,1729841936.0296218
151.6402661966804,1516.4026619668039,9.72291019675178,1729841936.0395482
151.78274766620348,1517.8274766620348,9.714623570612604,1729841936.049558
151.92510671135724,1519.2510671135724,9.706276473491402,1729841936.0596228
152.06734244317684,1520.6734244317684,9.6978687652701,1729841936.0696416
152.20945397067993,1522.0945397067994,9.689400308392326,1729841936.079682
152.35144040090466,1523.5144040090468,9.680870967889657,1729841936.08967
152.493300838948,1524.93300838948,9.672280611407746,1729841936.0996213
152.63503438800436,1526.3503438800435,9.663629109232332,1729841936.1096365
152.77664014940487,1527.7664014940488,9.654916334315118,1729841936.1197183
152.91811722265666,1529.1811722265666,9.646142162299515,1729841936.1296449
153.0594647054829,1530.594647054829,9.637306471546262,1729841936.1395905
153.20068169386286,1532.0068169386286,9.628409143158876,1729841936.1495528
153.34176728207265,1533.4176728207265,9.61945006100898,1729841936.1595705
153.48272056272612,1534.8272056272613,9.610429111761453,1729841936.1696355
153.62354062681618,1536.2354062681618,9.601346184899455,1729841936.1796772
153.76422656375655,1537.6422656375655,9.592201172749242,1729841936.1895936
153.90477746142375,1539.0477746142374,9.58299397050486,1729841936.199621
154.0451924061996,1540.451924061996,9.573724476252634,1729841936.2096124
154.18547048301394,1541.8547048301393,9.564392590995483,1729841936.2199545
154.32561077538782,1543.256107753878,9.554998218677063,1729841936.2296317
154.4656123654769,1544.6561236547689,9.545541266205701,1729841936.239689
154.60547433411529,1546.054743341153,9.53602164347816,1729841936.2495637
154.74519576085984,1547.4519576085984,9.526439263403173,1729841936.2596037
154.88477572403454,1548.8477572403453,9.5167940419248,1729841936.2696676
155.02421330077541,1550.242133007754,9.50708589804556,1729841936.279717
155.1635075670757,1551.635075670757,9.49731475384934,1729841936.289611
155.3026575978314,1553.026575978314,9.487480534524114,1729841936.2995994
155.44166246688715,1554.4166246688715,9.477583168384394,1729841936.3096738
155.58052124708234,1555.8052124708233,9.467622586893484,1729841936.3197129
155.7192330102977,1557.192330102977,9.45759872468548,1729841936.3296673
155.85779682750203,1558.5779682750203,9.447511519587039,1729841936.339668
155.99621176879944,1559.9621176879944,9.437360912638887,1729841936.3495843
156.13447690347672,1561.3447690347673,9.427146848117086,1729841936.3596153
156.27259130005115,1562.7259130005114,9.41686927355405,1729841936.369646
156.41055402631855,1564.1055402631855,9.406528139759281,1729841936.3797672
156.54836414940164,1565.4836414940164,9.396123400839844,1729841936.3896391
156.6860207357987,1566.860207357987,9.385655014220582,1729841936.399632
156.82352285143256,1568.2352285143256,9.375122940664037,1729841936.4096446
156.96086956169972,1569.6086956169972,9.364527144290099,1729841936.4196656
157.09805993152005,1570.9805993152006,9.35386759259536,1729841936.4296875
157.23509302538645,1572.3509302538646,9.34314425647218,1729841936.4396596
157.371967907415,1573.71967907415,9.332357110227447,1729841936.449599
157.50868364139538,1575.0868364139537,9.321506131601051,1729841936.4596431
157.64523929084126,1576.4523929084125,9.310591301784026,1729841936.469672
157.7816339190414,1577.816339190414,9.299612605436407,1729841936.4797482
157.91786658911076,1579.1786658911076,9.288570030704744,1729841936.4896998
158.05393636404173,1580.5393636404174,9.277463569239302,1729841936.499629
158.18984230675593,1581.8984230675594,9.266293216210947,1729841936.509567
158.32558348015604,1583.2558348015605,9.255058970327678,1729841936.5197117
158.4611589471779,1584.6115894717789,9.243760833850834,1729841936.5296392
158.59656777084282,1585.9656777084283,9.23239881261095,1729841936.5396383
158.73180901431027,1587.3180901431028,9.220972916023292,1729841936.5495977
158.86688174093055,1588.6688174093056,9.209483157102998,1729841936.5596983
159.00178501429792,1590.0178501429791,9.1979295524799,1729841936.569636
159.1365178983037,1591.3651789830371,9.18631212241297,1729841936.5797272
159.27107945718987,1592.7107945718988,9.1746308908044,1729841936.5897102
159.40546875560253,1594.0546875560253,9.162885885213312,1729841936.5996075
159.53968485864584,1595.3968485864584,9.151077136869105,1729841936.6096199
159.67372683193602,1596.7372683193603,9.139204680684406,1729841936.6196864
159.80759374165558,1598.075937416556,9.127268555267655,1729841936.629601
159.94128465460759,1599.4128465460758,9.115268802935283,1729841936.6396096
160.07479863827038,1600.7479863827039,9.103205469723527,1729841936.6495957
160.2081347608522,1602.081347608522,9.091078605399817,1729841936.659626
160.3412920913461,1603.412920913461,9.078888263473786,1729841936.6696415
160.47426969958497,1604.7426969958497,9.066634501207869,1729841936.6797578
160.60706665629675,1606.0706665629675,9.05431737962749,1729841936.689687
160.73968203315977,1607.3968203315976,9.041936963530844,1729841936.699577
160.8721149028582,1608.7211490285817,9.029493321498261,1729841936.709609
161.00436433913762,1610.0436433913762,9.016986525901142,1729841936.7197397
161.13642941686086,1611.3642941686087,9.004416652910493,1729841936.7296453
161.26830921206374,1612.6830921206374,8.991783782505,1729841936.73963
161.40000280201102,1614.0000280201102,8.979087998478708,1729841936.749585
161.53150926525257,1615.3150926525257,8.966329388448239,1729841936.7596333
161.66282768167943,1616.6282768167944,8.953508043859586,1729841936.769628
161.79395713258015,1617.9395713258014,8.940624059994462,1729841936.7797608
161.92489670069705,1619.2489670069704,8.927677535976203,1729841936.7896457
162.0556454702827,1620.556454702827,8.914668574775227,1729841936.7996292
162.18620252715644,1621.8620252715643,8.901597283214041,1729841936.809629
162.31656695876083,1623.1656695876084,8.888463771971791,1729841936.8197167
162.4467378542184,1624.4673785421842,8.875268155588362,1729841936.8296323
162.5767143043883,1625.7671430438832,8.862010552468007,1729841936.8396435
162.70649540192295,1627.0649540192294,8.848691084882526,1729841936.8495324
162.8360802413249,1628.360802413249,8.835309878973973,1729841936.8596194
162.96546791900357,1629.6546791900357,8.821867064756885,1729841936.8696902
163.09465753333208,1630.9465753333209,8.808362776120072,1729841936.8796952
163.22364818470413,1632.2364818470414,8.79479715082789,1729841936.8896294
163.3524389755908,1633.5243897559078,8.781170330521073,1729841936.899596
163.48102901059738,1634.8102901059738,8.767482460717078,1729841936.9096334
163.60941739652037,1636.0941739652037,8.753733690809941,1729841936.919682
163.7376032424042,1637.376032424042,8.73992417406966,1729841936.9296105
163.86558565959805,1638.6558565959806,8.726054067641085,1729841936.9396112
163.9933637618128,1639.933637618128,8.712123532542341,1729841936.9495866
164.1209366651776,1641.209366651776,8.698132733662735,1729841936.9596846
164.2483034882968,1642.4830348829682,8.684081839760204,1729841936.9695983
164.37546335230655,1643.7546335230654,8.669971023458235,1729841936.9797525
164.50241538093147,1645.0241538093146,8.655800461242343,1729841936.9896812
164.62915870054115,1646.2915870054117,8.641570333455995,1729841936.9995673
164.75569244020687,1647.5569244020687,8.627280824296093,1729841937.0095916
164.8820157317578,1648.820157317578,8.612932121807916,1729841937.0197082
165.0081277098375,1650.081277098375,8.5985244178796,1729841937.0297296
165.13402751196023,1651.3402751196022,8.584057908236105,1729841937.039591
165.259714278567,1652.59714278567,8.569532792432662,1729841937.0495436
165.38518715308174,1653.8518715308173,8.554949273847756,1729841937.0598154
165.51044528196724,1655.1044528196724,8.54030755967559,1729841937.069666
165.63548781478096,1656.3548781478096,8.525607860918036,1729841937.0800376
165.76031390423083,1657.6031390423082,8.510850392376113,1729841937.0896995
165.88492270623075,1658.8492270623076,8.496035372640925,1729841937.0996196
166.0093133799561,1660.093133799561,8.481163024084136,1729841937.1095777
166.13348508789898,1661.3348508789898,8.466233572847912,1729841937.1197305
166.25743699592346,1662.5743699592344,8.451247248834376,1729841937.1296132
166.38116827332044,1663.8116827332044,8.43620428569455,1729841937.1396165
166.50467809286258,1665.0467809286258,8.421104920816807,1729841937.1495152
166.62796563085885,1666.2796563085885,8.405949395314805,1729841937.1595826
166.751030067209,1667.5103006720901,8.390737954014938,1729841937.1696508
166.87387058545787,1668.7387058545787,8.375470845443273,1729841937.1797118
166.99648637284938,1669.9648637284938,8.360148321811986,1729841937.1897233
167.11887662038046,1671.1887662038046,8.344770639005308,1729841937.1995792
167.2410405228547,1672.410405228547,8.32933805656496,1729841937.2095826
167.36297727893563,1673.6297727893564,8.3138508376751,1729841937.2196531
167.4846860912001,1674.846860912001,8.29830924914677,1729841937.2296464
167.60616616619112,1676.061661661911,8.282713561401852,1729841937.239621
167.72741671447062,1677.274167144706,8.267064048456524,1729841937.2495728
167.84843695067192,1678.4843695067193,8.251360987904214,1729841937.259664
167.96922609355192,1679.6922609355192,8.235604660898092,1729841937.269634
168.08978336604306,1680.8978336604307,8.21979535213305,1729841937.2797163
168.21010799530498,1682.1010799530497,8.203933349827192,1729841937.2896311
168.3301992127759,1683.3019921277591,8.18801894570286,1729841937.2996259
168.45005625422385,1684.5005625422386,8.172052434967156,1729841937.3096237
168.56967835979728,1685.6967835979729,8.156034116291991,1729841937.3196943
168.68906477407572,1686.8906477407572,8.139964291793662,1729841937.3296683
168.80821474612,1688.0821474612,8.123843267011937,1729841937.3396158
168.92712752952207,1689.2712752952207,8.10767135088868,1729841937.349546
169.04580238245464,1690.4580238245464,8.091448855746002,1729841937.3595812
169.1642385677204,1691.642385677204,8.075176097263933,1729841937.369677
169.2824353528009,1692.824353528009,8.058853394457648,1729841937.379706
169.40039200990518,1694.0039200990518,8.042481069654217,1729841937.3896587
169.51810781601804,1695.1810781601805,8.026059448468894,1729841937.3996437
169.6355820529478,1696.355820529478,8.00958885978095,1729841937.409648
169.75281400737384,1697.5281400737385,7.993069635709071,1729841937.4196699
169.86980297089386,1698.6980297089385,7.976502111586286,1729841937.4296198
169.98654824007045,1699.8654824007044,7.959886625934444,1729841937.439611
170.10304911647765,1701.0304911647765,7.943223520438286,1729841937.4495342
170.2193049067469,1702.193049067469,7.926513139919028,1729841937.459659
170.3353149226126,1703.353149226126,7.909755832307547,1729841937.4697037
170.4510784809574,1704.510784809574,7.892951948617125,1729841937.4797363
170.5665949038569,1705.665949038569,7.87610184291576,1729841937.4896882
170.68186351862414,1706.8186351862414,7.859205872298057,1729841937.4996357
170.79688365785353,1707.9688365785353,7.842264396856717,1729841937.5096571
170.91165465946438,1709.1165465946438,7.825277779653589,1729841937.519671
171.02617586674404,1710.2617586674405,7.808246386690318,1729841937.529692
171.1404466283906,1711.404466283906,7.791170586878606,1729841937.5396085
171.25446629855512,1712.5446629855512,7.774050752010049,1729841937.5496082
171.36823423688332,1713.6823423688334,7.756887256725596,1729841937.559707
171.4817498085571,1714.817498085571,7.739680478484614,1729841937.5696027
171.5950123843353,1715.950123843353,7.722430797533554,1729841937.5797405
171.70802134059406,1717.0802134059406,7.7051385968742645,1729841937.5896797
171.82077605936695,1718.2077605936695,7.687804262231898,1729841937.5996554
171.9332759283842,1719.332759283842,7.670428182022474,1729841937.6096542
172.04552034111194,1720.4552034111193,7.653010747320066,1729841937.6196988
172.15750869679044,1721.5750869679046,7.635552351823621,1729841937.6296527
172.2692404004723,1722.6924040047231,7.618053391823447,1729841937.6395888
172.38071486305992,1723.8071486305992,7.600514266167337,1729841937.6496212
172.4919315013424,1724.919315013424,7.582935376226344,1729841937.6596665
172.60288973803227,1726.0288973803226,7.565317125860253,1729841937.6696196
172.7135890018012,1727.135890018012,7.5476599213826665,1729841937.6797538
172.82402872731572,1728.2402872731573,7.5299641715258305,1729841937.6896896
172.934208355272,1729.34208355272,7.51223028740509,1729841937.6996129
173.04412733243038,1730.441273324304,7.494458682483056,1729841937.7095835
173.1537851116492,1731.537851116492,7.476649772533464,1729841937.7196665
173.2631811519182,1732.6318115191818,7.458803975604732,1729841937.7298017
173.37231491839134,1733.7231491839134,7.440921711983218,1729841937.739588
173.48118588241908,1734.811858824191,7.423003404156192,1729841937.7496073
173.5897935215801,1735.897935215801,7.40504947677454,1729841937.7597156
173.6981373197125,1736.9813731971249,7.387060356615175,1729841937.7696447
173.80621676694435,1738.0621676694434,7.3690364725431925,1729841937.779696
173.9140313597239,1739.1403135972391,7.350978255473759,1729841937.7896485
174.021580600849,1740.21580600849,7.332886138333747,1729841937.7996616
174.12886399949602,1741.2886399949602,7.3147605560231215,1729841937.8096313
174.23588107124826,1742.3588107124826,7.296601945376092,1729841937.8196862
174.34263133812374,1743.4263133812374,7.278410745122014,1729841937.8295975
174.4491143286024,1744.491143286024,7.260187395846082,1729841937.8396096
174.55532957765274,1745.5532957765274,7.2419323399497975,1729841937.8495603
174.6612766267579,1746.612766267579,7.223646021611217,1729841937.8596349
174.76695502394114,1747.6695502394114,7.205328886744987,1729841937.8696458
174.87236432379063,1748.7236432379063,7.186981382962206,1729841937.8797832
174.97750408748388,1749.7750408748389,7.168603959530067,1729841937.8895926
175.0823738828113,1750.8237388281132,7.150197067331329,1729841937.8995883
175.18697328419944,1751.8697328419944,7.131761158823612,1729841937.909584
175.2913018727333,1752.913018727333,7.113296687998511,1729841937.919674
175.39535923617842,1753.953592361784,7.094804110340561,1729841937.9296432
175.4991449690021,1754.991449690021,7.076283882786029,1729841937.9396372
175.60265867239397,1756.0265867239398,7.057736463681573,1729841937.9495623
175.70589995428628,1757.0589995428627,7.039162312742756,1729841937.9596756
175.8088684293732,1758.088684293732,7.020561891012422,1729841937.9696503
175.91156371912973,1759.1156371912973,7.00193566081894,1729841937.9796662
176.01398545182997,1760.1398545182997,6.983284085734353,1729841937.9897077
176.1161332625647,1761.161332625647,6.964607630532382,1729841937.999545
176.21800679325838,1762.1800679325838,6.945906761146351,1729841938.009602
176.31960569268566,1763.1960569268565,6.927181944627007,1729841938.0200167
176.42092961648692,1764.209296164869,6.908433649100249,1729841938.0295944
176.52197822718364,1765.2197822718363,6.889662343724784,1729841938.0395634
176.62275119419277,1766.2275119419278,6.870868498649696,1729841938.0495858
176.7232481938408,1767.232481938408,6.852052584971962,1729841938.0596597
176.8234689093768,1768.2346890937679,6.833215074693883,1729841938.0696373
176.92341303098533,1769.2341303098533,6.814356440680508,1729841938.079807
177.02308025579828,1770.2308025579828,6.795477156616968,1729841938.0897033
177.12247028790637,1771.2247028790637,6.7765776969658065,1729841938.1000252
177.22158283836987,1772.2158283836986,6.7576585369242546,1729841938.109594
177.3204176252288,1773.204176252288,6.738720152381512,1729841938.1208045
177.4189743735124,1774.189743735124,6.719763019875983,1729841938.129746
177.5172528152481,1775.172528152481,6.700787616552538,1729841938.1396244
177.61525268946966,1776.1525268946966,6.681794420119749,1729841938.1495566
177.71297374222496,1777.1297374222495,6.662783908807146,1729841938.1598656
177.8104157265829,1778.1041572658291,6.643756561322486,1729841938.1696541
177.90757840263987,1779.0757840263987,6.624712856809051,1729841938.1797109
178.00446153752543,1780.0446153752544,6.605653274802962,1729841938.1896775
178.1010649054075,1781.010649054075,6.586578295190547,1729841938.1996846
178.19738828749686,1781.9738828749687,6.5674883981657475,1729841938.209801
178.29343147205108,1782.9343147205109,6.548384064187563,1729841938.220131
178.38919425437768,1783.8919425437768,6.52926577393758,1729841938.2297013
178.48467643683688,1784.846764368369,6.510134008277551,1729841938.2404659
178.57987782884356,1785.7987782884356,6.490989248207056,1729841938.2497945
178.67479824686868,1786.7479824686868,6.471831974821224,1729841938.2600443
178.76943751444003,1787.6943751444003,6.452662669268589,1729841938.2696443
178.8637954621425,1788.6379546214248,6.433481812708986,1729841938.2798328
178.95787192761748,1789.5787192761748,6.4142898862715745,1729841938.2897422
179.0516667555619,1790.516667555619,6.395087371012988,1729841938.2997448
179.14517979772657,1791.4517979772656,6.375874747875568,1729841938.3095808
179.2384109129138,1792.3841091291379,6.356652497645739,1729841938.3196461
179.33135996697456,1793.3135996697456,6.337421100912505,1729841938.3296704
179.42402683280497,1794.2402683280498,6.318181038026092,1729841938.339697
179.51641139034223,1795.1641139034223,6.298932789056733,1729841938.3495808
179.60851352655985,1796.0851352655984,6.279676833753574,1729841938.3596468
179.70033313546236,1797.0033313546237,6.26041365150379,1729841938.3696065
179.79187011807943,1797.9187011807944,6.2411437212918175,1729841938.379745
179.88312438245933,1798.8312438245932,6.221867521658771,1729841938.390222
179.9740958436619,1799.740958436619,6.202585530662045,1729841938.3995607
180.06478442375075,1800.6478442375076,6.18329822583508,1729841938.4096057
180.15519005178513,1801.5519005178512,6.164006084147345,1729841938.419708
180.24531266381092,1802.453126638109,6.144709581964472,1729841938.429602
180.33515220285136,1803.3515220285135,6.125409195008639,1729841938.4396243
180.4247086188969,1804.2470861889688,6.106105398319119,1729841938.4495833
180.51398186889463,1805.1398186889464,6.086798666213074,1729841938.4596596
180.60297191673723,1806.0297191673724,6.067489472246539,1729841938.4696395
180.69167873325108,1806.916787332511,6.048178289175653,1729841938.4797282
180.78010229618405,1807.8010229618405,6.0288655889181175,1729841938.4895935
180.86824259019266,1808.6824259019268,6.009551842514875,1729841938.4995842
180.9560996068286,1809.560996068286,5.990237520092042,1729841938.5095992
181.04367334452476,1810.4367334452477,5.970923090823096,1729841938.5196505
181.13096380858082,1811.3096380858083,5.951609022891295,1729841938.5296714
181.21797101114797,1812.1797101114796,5.932295783452373,1729841938.5396101
181.30469497121354,1813.0469497121353,5.9129838385975075,1729841938.549546
181.39113571458464,1813.9113571458463,5.8936736533165,1729841938.5596545
181.4772932738716,1814.772932738716,5.874365691461319,1729841938.5696115
181.56316768847068,1815.6316768847068,5.855060415709841,1729841938.5797098
181.6487590045464,1816.487590045464,5.835758287529923,1729841938.5896137
181.73406727501316,1817.3406727501315,5.816459767143739,1729841938.5995722
181.81909255951655,1818.1909255951655,5.797165313492437,1729841938.609604
181.903834924414,1819.0383492441401,5.777875384201056,1729841938.6196454
181.988294442755,1819.88294442755,5.758590435543773,1729841938.6297226
182.07247119426071,1820.7247119426072,5.73931092240947,1729841938.6396508
182.1563652653032,1821.563652653032,5.720037298267565,1729841938.6500967
182.23997674888417,1822.3997674888417,5.700770015134208,1729841938.6647553
182.32330574461307,1823.2330574461307,5.681509523538764,1729841938.671799
182.4063523586848,1824.063523586848,5.662256272490639,1729841938.679647
182.48911670385706,1824.8911670385705,5.643010709446432,1729841938.6904328
182.5715988994269,1825.715988994269,5.623773280277408,1729841938.699774
182.6537990712072,1826.537990712072,5.604544429237328,1729841938.709653
182.73571735150233,1827.3571735150233,5.585324598930583,1729841938.7198172
182.81735387908358,1828.173538790836,5.566114230280722,1729841938.7299943
182.89870879916404,1828.9870879916405,5.546913762499276,1729841938.7397747
182.97978226337298,1829.7978226337298,5.527723633054968,1729841938.7496374
183.06057442972988,1830.6057442972988,5.508544277643272,1729841938.760063
183.14108546261804,1831.4108546261805,5.489376130156316,1729841938.7698033
183.22131553275761,1832.2131553275763,5.47021962265314,1729841938.779851
183.3012648171783,1833.012648171783,5.451075185330343,1729841938.7903
183.38093349919163,1833.8093349919163,5.431943246493097,1729841938.800084
183.46032176836283,1834.6032176836284,5.4128242325264795,1729841938.8098454
183.53942982048218,1835.3942982048218,5.393718567867246,1729841938.820198
183.61825785753607,1836.1825785753606,5.374626674975936,1729841938.829752
183.69680608767757,1836.9680608767758,5.355548974309371,1729841938.8396175
183.77507472519673,1837.7507472519674,5.336485884293521,1729841938.8496358
183.85306399049034,1838.5306399049034,5.317437821296767,1729841938.86029
183.93077411003136,1839.3077411003137,5.298405199603528,1729841938.869611
184.008205316338,1840.0820531633801,5.279388431388311,1729841938.8797462
184.0853578479424,1840.853578479424,5.2603879266901075,1729841938.8896585
184.16223194935887,1841.6223194935887,5.241404093387209,1729841938.899634
184.23882787105197,1842.3882787105197,5.222437337172407,1729841938.9096272
184.31514586940398,1843.1514586940398,5.203488061528579,1729841938.9196632
184.3911862066822,1843.9118620668219,5.184556667704686,1729841938.9296255
184.4669491510058,1844.669491510058,5.165643554692156,1729841938.9395669
184.5424349763124,1845.424349763124,5.146749119201671,1729841938.9495978
184.61764396232425,1846.1764396232425,5.127873755640357,1729841938.9596756
184.69257639451416,1846.9257639451416,5.10901785608937,1729841938.96958
184.76723256407104,1847.6723256407104,5.090181810281892,1729841938.9796898
184.8416127678651,1848.4161276786508,5.07136600558152,1729841938.9896686
184.91571730841287,1849.1571730841288,5.052570826961083,1729841938.9995692
184.98954649384183,1849.8954649384182,5.0337966569818215,1729841939.0096483
185.06310063785463,1850.6310063785463,5.015043875773025,1729841939.019618
185.13638005969324,1851.3638005969324,4.996312861012056,1729841939.0296476
185.20938508410265,1852.0938508410266,4.977603987904767,1729841939.0395975
185.28211604129433,1852.8211604129433,4.958917629166341,1729841939.0496078
185.3545732669095,1853.545732669095,4.940254155002556,1729841939.059723
185.426757101982,1854.26757101982,4.921613933091416,1729841939.069626
185.49866789290087,1854.9866789290086,4.902997328565242,1729841939.0799096
185.57030599137292,1855.7030599137292,4.884404703993142,1729841939.0901797
185.64167175438482,1856.416717543848,4.8658364193639025,1729841939.099617
185.71276554416494,1857.1276554416495,4.847292832069269,1729841939.1097183
185.7835877281451,1857.835877281451,4.82877429688768,1729841939.119644
185.85413867892203,1858.5413867892203,4.810281165968371,1729841939.1296248
185.92441877421845,1859.2441877421845,4.7918137888159,1729841939.1395946
185.99442839684423,1859.9442839684423,4.773372512275093,1729841939.149554
186.06416793465706,1860.6416793465705,4.754957680516379,1729841939.1596856
186.13363778052303,1861.3363778052303,4.736569635021546,1729841939.1696458
186.20283833227703,1862.0283833227702,4.718208714569914,1729841939.1797125
186.27176999268283,1862.7176999268283,4.699875255224885,1729841939.1896594
186.3404331693932,1863.4043316939321,4.6815695903209384,1729841939.1995623
186.40882827490955,1864.0882827490955,4.663292050450986,1729841939.2096143
186.47695572654163,1864.7695572654163,4.645042963454183,1729841939.2202897
186.54481594636698,1865.4481594636698,4.6268226544040925,1729841939.2296355
186.61240936119012,1866.1240936119011,4.608631445597281,1729841939.2395988
186.67973640250173,1866.7973640250173,4.590469656542323,1729841939.2496314
186.74679750643756,1867.4679750643757,4.572337603949174,1729841939.2597034
186.81359311373728,1868.1359311373728,4.554235601718981,1729841939.2696407
186.88012366970312,1868.8012366970313,4.536163960934237,1729841939.2796848
186.94638962415834,1869.4638962415834,4.518122989849394,1729841939.2897172
187.01239143140572,1870.1239143140572,4.500112993881835,1729841939.2996352
187.0781295501857,1870.7812955018571,4.482134275603221,1729841939.3096197
187.14360444363467,1871.4360444363467,4.464187134731284,1729841939.3196483
187.20881657924286,1872.0881657924288,4.4462718681219515,1729841939.3296256
187.27376642881234,1872.7376642881234,4.428388769761892,1729841939.339595
187.33845446841477,1873.3845446841476,4.410538130761442,1729841939.3496382
187.40288117834922,1874.028811783492,4.392720239347915,1729841939.3596516
187.46704704309965,1874.6704704309966,4.374935380859264,1729841939.369645
187.53095255129261,1875.309525512926,4.3571838377381935,1729841939.3797216
187.59459819565453,1875.9459819565452,4.339465889526558,1729841939.3896568
187.6579844729692,1876.579844729692,4.3217818128602215,1729841939.3997395
187.72111188403505,1877.2111188403505,4.30413188146423,1729841939.4097424
187.78398093362244,1877.8398093362243,4.286516366148376,1729841939.4198291
187.84659213043074,1878.4659213043074,4.268935534803138,1729841939.4296906
187.90894598704554,1879.0894598704554,4.2513896523959875,1729841939.439613
187.97104301989572,1879.710430198957,4.233878980968029,1729841939.449622
188.03288374921044,1880.3288374921044,4.216403779631052,1729841939.45972
188.09446869897621,1880.9446869897622,4.198964304564893,1729841939.469643
188.1557983968938,1881.557983968938,4.1815608090151795,1729841939.4797368
188.2168733743352,1882.1687337433518,4.164193543291433,1729841939.4897072
188.2776941663005,1882.7769416630051,4.14686275476549,1729841939.4996257
188.3382613113749,1883.3826131137491,4.129568687870312,1729841939.5096343
188.39857535168542,1883.9857535168542,4.112311584099105,1729841939.5198247
188.45863683285788,1884.5863683285788,4.095091682004819,1729841939.5296407
188.51844630397378,1885.1844630397377,4.077909217199951,1729841939.539583
188.57800431752716,1885.7800431752717,4.060764422356694,1729841939.5496438
188.63731142938144,1886.3731142938145,4.0436575272074275,1729841939.5597308
188.6963681987264,1886.963681987264,4.026588758545555,1729841939.5696495
188.755175188035,1887.55175188035,4.009558340226617,1729841939.5800834
188.81373296302036,1888.1373296302036,3.9925664931697775,1729841939.5896323
188.87204209259275,1888.7204209259276,3.9756134353596315,1729841939.5996454
188.9301031488165,1889.3010314881649,3.9586993818482745,1729841939.6096776
188.9879167068671,1889.879167068671,3.941824544757766,1729841939.6197515
189.04548334498824,1890.4548334498825,3.924989133282836,1729841939.6296039
189.10280364444887,1891.0280364444886,3.9081933536939553,1729841939.6396716
189.15987818950043,1891.5987818950043,3.8914374093406665,1729841939.6496205
189.21670756733408,1892.1670756733408,3.874721500655244,1729841939.659716
189.27329236803791,1892.7329236803791,3.858045825156633,1729841939.6696303
189.32963318455427,1893.2963318455427,3.8414105774547065,1729841939.679832
189.3857306126372,1893.857306126372,3.8248159492548113,1729841939.6899438
189.4415852508099,1894.415852508099,3.80826212936258,1729841939.6996503
189.49719770032232,1894.9719770032232,3.7917493036890346,1729841939.7096412
189.55256856510866,1895.5256856510866,3.7752776552560054,1729841939.7198453
189.6076984517452,1896.0769845174518,3.7588473642017797,1729841939.7296548
189.66258796940804,1896.6258796940804,3.7424586077870594,1729841939.739825
189.71723772983097,1897.1723772983096,3.7261115604011725,1729841939.7496674
189.77164834726352,1897.7164834726352,3.709806393568574,1729841939.7600327
189.825820438429,1898.25820438429,3.6935432759555655,1729841939.7696776
189.8797546224826,1898.797546224826,3.677322373377326,1729841939.78
189.93345152096987,1899.3345152096986,3.6611438488051866,1729841939.7896316
189.98691175778495,1899.8691175778495,3.6450078623741313,1729841939.7996452
190.04013595912917,1900.4013595912918,3.628914571390569,1729841939.8096638
190.09312475346962,1900.9312475346962,3.61286413034037,1729841939.8199341
190.145878771498,1901.45878771498,3.596856690897116,1729841939.82965
190.19839864608937,1901.9839864608937,3.5808924019305857,1729841939.8396165
190.2506850122613,1902.506850122613,3.5649714095155027,1729841939.8495662
190.3027385071329,1903.0273850713288,3.5490938569405093,1729841939.85968
190.35455976988408,1903.5455976988408,3.533259884717341,1729841939.8697133
190.40614944171506,1904.0614944171507,3.5174696305902615,1729841939.879798
190.45750816580585,1904.5750816580585,3.5017232295457092,1729841939.8896487
190.50863658727593,1905.0863658727594,3.4860208138221336,1729841939.8995738
190.55953535314418,1905.5953535314418,3.470362512920089,1729841939.909597
190.61020511228878,1906.1020511228878,3.454748453612496,1729841939.9196777
190.66064651540742,1906.6064651540742,3.4391787599551527,1729841939.9296155
190.71086021497757,1907.1086021497758,3.423653553297402,1729841939.939604
190.76084686521696,1907.6084686521697,3.4081729522930444,1729841939.9495895
190.81060712204425,1908.1060712204426,3.392737072911412,1729841939.9597008
190.8601416430397,1908.601416430397,3.3773460284486396,1729841939.9696398
190.90945108740627,1909.0945108740627,3.361999929539159,1729841939.9797657
190.95853611593068,1909.5853611593068,3.3466988841673193,1729841939.9896715
191.00739739094476,1910.0739739094477,3.331442997679235,1729841939.9995985
191.05603557628683,1910.5603557628683,3.3162323727947887,1729841940.009632
191.1044513372635,1911.044513372635,3.3010671096198316,1729841940.0200608
191.1526453406114,1911.526453406114,3.2859473056585133,1729841940.0296507
191.20061825445927,1912.0061825445928,3.2708730558258234,1729841940.0396132
191.24837074829017,1912.4837074829018,3.255844452460265,1729841940.0496385
191.29590349290382,1912.9590349290381,3.2408615853366913,1729841940.059722
191.34321716037925,1913.4321716037925,3.2259245416793285,1729841940.0697012
191.3903124240376,1913.903124240376,3.211033406174909,1729841940.0798683
191.437189958405,1914.3718995840502,3.1961882609859678,1729841940.0904303
191.48385043917585,1914.8385043917585,3.1813891857643157,1729841940.099684
191.53029454317615,1915.3029454317616,3.1666362576646123,1729841940.1096532
191.57652294832707,1915.7652294832706,3.151929551358075,1729841940.1197872
191.6225363336087,1916.225363336087,3.137269139046382,1729841940.1297143
191.6683353790242,1916.683353790242,3.122655090475638,1729841940.1396158
191.71392076556373,1917.1392076556372,3.1080874729504884,1729841940.149658
191.75929317516906,1917.5929317516907,3.0935663513484033,1729841940.159682
191.8044532906981,1918.044532906981,3.07909178813401,1729841940.16976
191.8494017958897,1918.4940179588968,3.0646638433736038,1729841940.1797595
191.89413937532876,1918.9413937532877,3.050282574749738,1729841940.189774
191.93866671441148,1919.3866671441149,3.035948037575927,1729841940.1996758
191.98298449931073,1919.8298449931074,3.021660284811483,1729841940.209627
192.02709341694182,1920.2709341694183,3.007419367076445,1729841940.2199044
192.07099415492846,1920.7099415492846,2.993225332666594,1729841940.229691
192.11468740156874,1921.1468740156874,2.9790782275685728,1729841940.240125
192.15817384580166,1921.5817384580166,2.9649780954751273,1729841940.2496324
192.20145417717356,1922.0145417717356,2.9509249778004016,1729841940.2597277
192.24452908580506,1922.4452908580506,2.936918913695346,1729841940.2696104
192.28739926235798,1922.8739926235799,2.922959940063191,1729841940.2799196
192.3300653980027,1923.300653980027,2.9090480915750336,1729841940.2897952
192.37252818438552,1923.725281843855,2.895183400685473,1729841940.2996051
192.41478831359655,1924.1478831359655,2.881365897648339,1729841940.309592
192.45684647813755,1924.5684647813755,2.867595610532487,1729841940.320366
192.49870337089013,1924.9870337089012,2.8538725652376518,1729841940.3296254
192.54035968508418,1925.403596850842,2.840196785510415,1729841940.339587
192.58181611426653,1925.8181611426653,2.8265682929601668,1729841940.349619
192.62307335226987,1926.2307335226988,2.812987107075195,1729841940.359675
192.66413209318182,1926.6413209318182,2.7994532452387664,1729841940.3696873
192.7049930313143,1927.049930313143,2.7859667227453264,1729841940.3797438
192.7456568611732,1927.4565686117319,2.7725275528167264,1729841940.3896282
192.78612427742812,1927.8612427742812,2.7591357466184783,1729841940.399654
192.82639597488253,1928.2639597488253,2.745791313276079,1729841940.4095888
192.86647264844407,1928.6647264844407,2.7324942598913924,1729841940.41969
192.90635499309508,1929.0635499309508,2.7192445915590313,1729841940.4296467
192.94604370386344,1929.4604370386344,2.706042311382826,1729841940.439623
192.98553947579356,1929.8553947579355,2.6928874204922724,1729841940.449552
193.02484300391777,1930.2484300391777,2.679779918059087,1729841940.4596853
193.0639549832277,1930.6395498322768,2.6667198013137,1729841940.4697654
193.10287610864617,1931.0287610864616,2.6537070655618806,1729841940.4796968
193.14160707499917,1931.4160707499918,2.640741704201281,1729841940.489659
193.18014857698813,1931.8014857698813,2.627823708738099,1729841940.4998171
193.21850130916235,1932.1850130916234,2.614953068803674,1729841940.5096204
193.25666596589184,1932.5666596589185,2.602129772171192,1729841940.5196738
193.29464324134028,1932.9464324134028,2.5893538047723115,1729841940.5296166
193.33243382943826,1933.3243382943826,2.576625150713873,1729841940.5396116
193.3700384238567,1933.700384238567,2.5639437922945816,1729841940.5495713
193.40745771798066,1934.0745771798065,2.5513097100217252,1729841940.5596116
193.4446924048833,1934.4469240488331,2.5387228826278654,1729841940.5696487
193.48174317730005,1934.8174317730004,2.5261832870875476,1729841940.5797668
193.51861072760303,1935.1861072760303,2.513690898634033,1729841940.5896199
193.55529574777594,1935.5529574777595,2.5012456907759923,1729841940.599724
193.5917989293888,1935.917989293888,2.488847635314204,1729841940.6096277
193.62812096357328,1936.281209635733,2.476496702358283,1729841940.6198902
193.66426254099807,1936.6426254099806,2.464192860343346,1729841940.6296127
193.7002243518446,1937.002243518446,2.451936076046716,1729841940.6395462
193.73600708578303,1937.3600708578304,2.4397263146045707,1729841940.6495898
193.77161143194823,1937.7161143194824,2.427563539528619,1729841940.65974
193.80703807891643,1938.0703807891643,2.415447712722742,1729841940.6695943
193.84228771468173,1938.4228771468174,2.403378794499592,1729841940.6797087
193.87736102663305,1938.7736102663305,2.391356743597225,1729841940.6896157
193.9122587015313,1939.122587015313,2.3793815171956596,1729841940.699581
193.94698142548677,1939.4698142548677,2.3674530709334385,1729841940.7096412
193.9815298839367,1939.815298839367,2.355571358924149,1729841940.7195957
194.01590476162326,1940.1590476162326,2.343736333772949,1729841940.7296212
194.05010674257156,1940.5010674257155,2.331947946593005,1729841940.7396646
194.08413651006808,1940.8413651006808,2.320206147021971,1729841940.7495437
194.11799474663928,1941.1799474663928,2.308510883238361,1729841940.759632
194.15168213403035,1941.5168213403035,2.2968621019779296,1729841940.7696204
194.1851993531844,1941.851993531844,2.28525974855004,1729841940.779839
194.2185470842217,1942.185470842217,2.273703766853903,1729841940.7896588
194.25172600641932,1942.5172600641931,2.262194099394883,1729841940.799866
194.28473679819075,1942.8473679819076,2.2507306873006816,1729841940.809634
194.31758013706616,1943.1758013706617,2.2393134703375464,1729841940.819637
194.35025669967249,1943.502566996725,2.2279423869263515,1729841940.8296213
194.38276716171407,1943.8276716171408,2.2166173741587234,1729841940.8396227
194.41511219795328,1944.1511219795327,2.2053383678130314,1729841940.8495946
194.44729248219156,1944.4729248219155,2.194105302370416,1729841940.859645
194.4793086872506,1944.7930868725061,2.182918111030681,1729841940.8696496
194.51116148495385,1945.1116148495385,2.171776725728208,1729841940.8797052
194.54285154610804,1945.4285154610805,2.1606810771477574,1729841940.8896794
194.57437954048527,1945.7437954048528,2.14963109474026,1729841940.8996065
194.60574613680498,1946.0574613680499,2.1386267067385174,1729841940.9096642
194.63695200271644,1946.3695200271645,2.1276678401728835,1729841940.919613
194.66799780478127,1946.6799780478127,2.1167544208868407,1729841940.9297724
194.69888420845624,1946.9888420845623,2.105886373552551,1729841940.9395933
194.7296118780764,1947.2961187807641,2.095063621686345,1729841940.9495964
194.76018147683837,1947.6018147683837,2.084286087664117,1729841940.9596832
194.79059366678362,1947.9059366678362,2.073553692736683,1729841940.9696867
194.82084910878248,1948.2084910878248,2.0628663570451065,1729841940.9797707
194.85094846251795,1948.5094846251795,2.0522239996358587,1729841940.989633
194.8808923864698,1948.808923864698,2.0416265384760117,1729841940.9996161
194.91068153789914,1949.1068153789913,2.0310738904683316,1729841941.0096366
194.94031657283284,1949.4031657283285,2.0205659714662816,1729841941.0196574
194.9697981460485,1949.6979814604852,2.0101026962889716,1729841941.029645
194.99912691105942,1949.9912691105942,1.9996839787360412,1729841941.0397413
195.0283035200999,1950.2830352009992,1.9893097316024755,1729841941.0495665
195.05732862411074,1950.5732862411073,1.9789798666933085,1729841941.0607822
195.08620287272484,1950.8620287272483,1.9686942948383188,1729841941.0698235
195.11492691425323,1951.1492691425324,1.9584529259065904,1729841941.0804608
195.14350139567114,1951.4350139567114,1.948255668821036,1729841941.0896451
195.1719269626043,1951.719269626043,1.9381024315728195,1729841941.0997386
195.2002042593155,1952.0020425931552,1.927993121235723,1729841941.1099079
195.22833392869148,1952.2833392869147,1.917927643980422,1729841941.1196294
195.25631661222965,1952.5631661222965,1.9079059050886795,1729841941.1297245
195.28415295002543,1952.8415295002542,1.8979278089674723,1729841941.1396122
195.3118435807596,1953.118435807596,1.8879932591630433,1729841941.1496277
195.3393891416858,1953.3938914168582,1.8781021583748339,1729841941.159962
195.3667902686185,1953.667902686185,1.8682544084693888,1729841941.169614
195.39404759592074,1953.9404759592073,1.8584499104941448,1729841941.1797893
195.4211617564925,1954.2116175649248,1.848688564691138,1729841941.190249
195.448133381759,1954.48133381759,1.838970270510647,1729841941.1996307
195.4749631016593,1954.7496310165932,1.8292949266247391,1729841941.2096262
195.5016515446352,1955.016515446352,1.8196624309407299,1729841941.2196941
195.52819933761995,1955.2819933761996,1.8100726806145535,1729841941.2297244
195.55460710602773,1955.5460710602774,1.8005255720640787,1729841941.2396383
195.58087547374285,1955.8087547374284,1.791021000982298,1729841941.2496657
195.60700506310928,1956.0700506310927,1.7815588623504373,1729841941.2597506
195.63299649492055,1956.3299649492055,1.7721390504510421,1729841941.2696254
195.65885038840952,1956.5885038840952,1.762761458880862,1729841941.280433
195.68456736123866,1956.8456736123867,1.7534259805637586,1729841941.2897897
195.71014802949028,1957.1014802949028,1.7441325077634482,1729841941.299695
195.73559300765706,1957.3559300765705,1.7348809320962055,1729841941.3096004
195.76090290863274,1957.6090290863274,1.7256711445434498,1729841941.3204181
195.786078343703,1957.86078343703,1.716503035464243,1729841941.3296957
195.81111992253645,1958.1111992253645,1.7073764946077312,1729841941.3396828
195.836028253176,1958.36028253176,1.6982914111254606,1729841941.3496716
195.86080394203015,1958.6080394203013,1.6892476735835928,1729841941.35971
195.88544759386463,1958.8544759386464,1.6802451699751022,1729841941.3696866
195.90995981179415,1959.0995981179415,1.6712837877317779,1729841941.3798072
195.9343411972744,1959.343411972744,1.6623634137362502,1729841941.39005
195.95859235009408,1959.5859235009407,1.6534839343338175,1729841941.3996553
195.9827138683673,1959.8271386836732,1.6446452353442589,1729841941.4102528
196.00670634852597,1960.0670634852597,1.6358472020735157,1729841941.4197853
196.0305703853124,1960.3057038531238,1.627089719325316,1729841941.4297452
196.0543065717722,1960.5430657177221,1.618372671412669,1729841941.4395993
196.0779154992472,1960.779154992472,1.6096959421692802,1729841941.4496276
196.10139775736863,1961.0139775736864,1.6010594149609134,1729841941.4597116
196.1247539340503,1961.247539340503,1.5924629726965827,1729841941.469611
196.14798461548216,1961.4798461548216,1.5839064978397492,1729841941.4798155
196.17109038612398,1961.7109038612398,1.5753898724193403,1729841941.4896345
196.194071828699,1961.94071828699,1.5669129780407212,1729841941.4996305
196.216929524188,1962.16929524188,1.558475695896576,1729841941.5096884
196.23966405182335,1962.3966405182337,1.550077906777679,1729841941.5196629
196.26227598908324,1962.6227598908324,1.5417194910835677,1729841941.5296671
196.28476591168612,1962.8476591168612,1.5334003288331766,1729841941.5395944
196.30713439358536,1963.0713439358535,1.5251202996753208,1729841941.549671
196.32938200696384,1963.2938200696385,1.5168792828990871,1729841941.5596375
196.35150932222894,1963.5150932222894,1.508677157444192,1729841941.569583
196.37351690800742,1963.7351690800742,1.5005138019111777,1729841941.5798461
196.39540533114078,1963.9540533114077,1.4923890945715947,1729841941.5896156
196.41717515668043,1964.1717515668042,1.484302913377992,1729841941.5996006
196.43882694788323,1964.3882694788322,1.4762551359739153,1729841941.6095908
196.46036126620706,1964.6036126620706,1.4682456397037602,1729841941.6200156
196.48177867130667,1964.8177867130667,1.460274301622539,1729841941.629619
196.50307972102945,1965.0307972102946,1.4523409985055484,1729841941.639651
196.52426497141155,1965.2426497141155,1.444445606857999,1729841941.649618
196.54533497667404,1965.4533497667403,1.4365880029244846,1729841941.6596808
196.5662902892192,1965.662902892192,1.4287680626983996,1729841941.6695757
196.58713145962705,1965.8713145962704,1.420985661931271,1729841941.6797626
196.6078590366518,1966.078590366518,1.4132406761419696,1729841941.6896799
196.62847356721875,1966.2847356721875,1.4055329806258627,1729841941.699618
196.64897559642097,1966.4897559642097,1.3978624504638533,1729841941.709622
196.6693656675164,1966.6936566751638,1.3902289605313638,1729841941.7200108
196.6896443219249,1966.896443219249,1.382632385507185,1729841941.729755
196.7098120992256,1967.0981209922559,1.3750725998822664,1729841941.7396595
196.72986953715412,1967.2986953715413,1.3675494779684123,1729841941.749628
196.74981717160017,1967.4981717160017,1.3600628939068806,1729841941.7598276
196.7696555366052,1967.696555366052,1.3526127216769237,1729841941.7696545
196.78938516436003,1967.8938516436003,1.3451988351041693,1729841941.7798495
196.8090065852028,1968.0900658520281,1.337821107869026,1729841941.7896402
196.828520327617,1968.2852032761703,1.330479413514889,1729841941.8000317
196.8479269182295,1968.479269182295,1.3231736254563224,1729841941.80964
196.86722688180876,1968.6722688180876,1.3159036169871556,1729841941.8197322
196.8864207412633,1968.8642074126328,1.3086692612884474,1729841941.8296719
196.90550901764004,1969.0550901764004,1.3014704314364303,1729841941.8396504
196.92449223012295,1969.2449223012295,1.2943070004102997,1729841941.849629
196.94337089603172,1969.4337089603173,1.2871788410999767,1729841941.8596897
196.96214553082052,1969.6214553082052,1.2800858263137411,1729841941.869687
196.98081664807697,1969.8081664807696,1.2730278287858252,1729841941.8798351
196.99938475952115,1969.9938475952115,1.2660047211838692,1729841941.8903797
197.01785037500474,1970.1785037500474,1.2590163761163322,1729841941.8996398
197.0362140025102,1970.362140025102,1.252062666139809,1729841941.909673
197.05447614815023,1970.5447614815023,1.2451434637662708,1729841941.9197378
197.0726373161671,1970.7263731616708,1.2382586414701913,1729841941.9297693
197.09069800893224,1970.9069800893224,1.2314080716956384,1729841941.93973
197.10865872694595,1971.0865872694594,1.2245916268632553,1729841941.9496446
197.12651996883713,1971.2651996883712,1.2178091793771526,1729841941.9597015
197.1442822313631,1971.442822313631,1.211060601631726,1729841941.969657
197.16194600940955,1971.6194600940955,1.2043457660184296,1729841941.9798858
197.17951179599072,1971.7951179599072,1.1976645449324068,1729841941.989893
197.19698008224938,1971.9698008224939,1.1910168107790686,1729841941.9996343
197.2143513574572,1972.143513574572,1.1844024359806267,1729841942.0096393
197.23162610901497,1972.3162610901497,1.177821292982483,1729841942.0197325
197.24880482245322,1972.4880482245321,1.1712732542595945,1729841942.0296888
197.26588798143257,1972.6588798143257,1.1647581923227155,1729841942.0398314
197.2828760677444,1972.828760677444,1.1582759797246074,1729841942.049617
197.2997695613116,1972.9976956131159,1.151826489066139,1729841942.0600693
197.31656894018928,1973.165689401893,1.1454095930023311,1729841942.0696502
197.33327468056578,1973.3327468056577,1.1390251642482796,1729841942.0798519
197.34988725676345,1973.4988725676344,1.132673075585068,1729841942.0899124
197.36640714123993,1973.6640714123994,1.126353199865577,1729841942.0998173
197.38283480458907,1973.8283480458906,1.1200654100201626,1729841942.1097782
197.3991707155423,1973.9917071554232,1.1138095790623805,1729841942.1197734
197.41541534096987,1974.1541534096987,1.1075855800945082,1729841942.1301296
197.43156914588224,1974.3156914588224,1.1013932863130944,1729841942.1406195
197.44763259343154,1974.4763259343154,1.0952325710143538,1729841942.1496904
197.46360614491311,1974.6360614491311,1.089103307599553,1729841942.159735
197.47949025976715,1974.7949025976714,1.0830053695802921,1729841942.1696723
197.49528539558034,1974.9528539558034,1.0769386305837263,1729841942.179885
197.5109920080877,1975.109920080877,1.070902964357693,1729841942.1898365
197.52661055117434,1975.2661055117435,1.0648982447758013,1729841942.1996052
197.5421414768775,1975.421414768775,1.0589243458424389,1729841942.209669
197.55758523538844,1975.5758523538843,1.052981141697677,1729841942.2200089
197.57294227505452,1975.7294227505452,1.0470685066221557,1729841942.2296615
197.58821304238134,1975.8821304238134,1.041186315041886,1729841942.2397943
197.60339798203498,1976.0339798203497,1.0353344415329606,1729841942.2496676
197.6184975368442,1976.1849753684419,1.02951276082621,1729841942.2597184
197.6335121478028,1976.335121478028,1.023721147811806,1729841942.2696466
197.6484422540721,1976.484422540721,1.0179594775437733,1729841942.2799015
197.66328829298328,1976.6328829298327,1.0122276252444498,1729841942.290242
197.67805070004,1976.7805070004,1.0065254663088834,1729841942.2997358
197.69272990892097,1976.9272990892096,1.0008528763091467,1729841942.3105106
197.7073263514826,1977.073263514826,0.9952097309985876,1729841942.3197832
197.72184045776177,1977.2184045776178,0.9895959063160641,1729841942.3297813
197.73627265597852,1977.3627265597852,0.9840112783900304,1729841942.339822
197.750623372539,1977.5062337253898,0.9784557235426276,1729841942.3496442
197.7648930320383,1977.648930320383,0.9729291182936782,1729841942.3600256
197.77908205726334,1977.7908205726335,0.9674313393646271,1729841942.3697674
197.79319086919608,1977.9319086919609,0.9619622636824504,1729841942.3797932
197.80721988701643,1978.0721988701644,0.9565217683834236,1729841942.389789
197.8211695281054,1978.211695281054,0.9511097308169104,1729841942.3996572
197.83504020804833,1978.3504020804833,0.945726028549054,1729841942.4096239
197.84883234063804,1978.4883234063805,0.9403705393664096,1729841942.4196966
197.86254633787826,1978.6254633787826,0.9350431412795258,1729841942.4297354
197.87618260998676,1978.7618260998674,0.9297437125264404,1729841942.4396942
197.88974156539894,1978.8974156539894,0.9244721315761814,1729841942.4496374
197.90322361077114,1979.0322361077115,0.9192282771321155,1729841942.4596665
197.9166291509842,1979.1662915098418,0.9140120281353271,1729841942.4696596
197.9299585891469,1979.2995858914692,0.9088232637678827,1729841942.480072
197.94321232659965,1979.4321232659966,0.9036618634560801,1729841942.4897208
197.95639076291806,1979.5639076291807,0.8985277068736087,1729841942.5001113
197.9694942959166,1979.694942959166,0.8934206739446525,1729841942.5096934
197.9825233216524,1979.8252332165239,0.8883406448469794,1729841942.5197146
197.99547823442887,1979.9547823442888,0.8832875000149182,1729841942.52973
198.00835942679967,1980.0835942679967,0.8782611201423377,1729841942.5397098
198.02116728957245,1980.2116728957244,0.873261386185528,1729841942.5496275
198.03390221181274,1980.3390221181276,0.8682881793660512,1729841942.5597472
198.046564580848,1980.46564580848,0.8633413811735325,1729841942.5696502
198.05915478227143,1980.5915478227143,0.858420873368385,1729841942.5798016
198.0716731999461,1980.716731999461,0.8535265379845433,1729841942.5897086
198.08412021600893,1980.8412021600893,0.8486582573320322,1729841942.599688
198.0964962108748,1980.9649621087478,0.843815913999619,1729841942.6096919
198.1088015632407,1981.088015632407,0.8389993908573091,1729841942.6197305
198.12103665008985,1981.2103665008985,0.8342085710588384,1729841942.629619
198.13320184669595,1981.3320184669597,0.8294433380441154,1729841942.639658
198.14529752662736,1981.4529752662736,0.8247035755416056,1729841942.649652
198.15732406175138,1981.5732406175139,0.8199891675706686,1729841942.6597085
198.16928182223856,1981.6928182223855,0.815299998443845,1729841942.6696317
198.18117117656703,1981.8117117656702,0.8106359527691135,1729841942.6797283
198.1929924915269,1981.9299249152689,0.8059969154520653,1729841942.6896172
198.20474613222456,1982.0474613222455,0.8013827716980627,1729841942.6995924
198.21643246208723,1982.1643246208723,0.7967934070143455,1729841942.7096307
198.2280518428673,1982.280518428673,0.7922287072120812,1729841942.7197232
198.23960463464692,1982.3960463464691,0.7876885584083931,1729841942.7296908
198.25109119584243,1982.5109119584245,0.7831728470283009,1729841942.7396924
198.262511883209,1982.6251188320898,0.7786814598066668,1729841942.7496374
198.27386705184506,1982.7386705184506,0.7742142837900522,1729841942.7597075
198.28515705519706,1982.8515705519706,0.7697712063385703,1729841942.7696683
198.296382245064,1982.96382245064,0.7653521151276786,1729841942.7797804
198.3075429716021,1983.0754297160208,0.7609568981499107,1729841942.7896647
198.31863958332946,1983.1863958332947,0.7565854437165941,1729841942.8000214
198.3296724271308,1983.296724271308,0.7522376404595145,1729841942.8096323
198.34064184826212,1983.4064184826211,0.7479133773325627,1729841942.8196511
198.35154819035554,1983.5154819035554,0.7436125436132693,1729841942.8296406
198.36239179542397,1983.6239179542397,0.7393350289043946,1729841942.8396342
198.373173003866,1983.7317300386599,0.7350807231354098,1729841942.8495886
198.38389215447057,1983.8389215447057,0.7308495165639558,1729841942.859644
198.394549584422,1983.9454958442202,0.7266412997772816,1729841942.8696418
198.4051456293047,1984.051456293047,0.7224559636936233,1729841942.8797307
198.4156806231081,1984.156806231081,0.7182933995635482,1729841942.8896384
198.42615489823146,1984.2615489823147,0.714153498971268,1729841942.8997285
198.43656878548893,1984.3656878548893,0.71003615383593,1729841942.9095652
198.44692261411436,1984.4692261411435,0.7059412564128108,1729841942.9196393
198.4572167117663,1984.572167117663,0.7018686992945545,1729841942.9297254
198.46745140453297,1984.6745140453297,0.6978183754123132,1729841942.9396093
198.4776270169372,1984.7762701693719,0.6937901780368853,1729841942.949731
198.48774387194143,1984.8774387194144,0.6897840007797941,1729841942.9596658
198.49780229095282,1984.9780229095281,0.6857997375943642,1729841942.9696689
198.50780259382813,1985.0780259382814,0.6818372827767233,1729841942.979797
198.51774509887886,1985.1774509887887,0.6778965309668022,1729841942.9897213
198.5276301228763,1985.276301228763,0.6739773771492926,1729841942.9997606
198.53745798105655,1985.3745798105656,0.670079716654549,1729841943.009665
198.54722898712566,1985.4722898712566,0.6662034451595004,1729841943.0196912
198.55694345326472,1985.5694345326472,0.6623484586884812,1729841943.0296438
198.5666016901349,1985.666016901349,0.6585146536140704,1729841943.0396912
198.5762040068826,1985.7620400688259,0.6547019266578934,1729841943.049661
198.58575071114467,1985.8575071114467,0.6509101748913603,1729841943.0597641
198.59524210905346,1985.9524210905347,0.6471392957363934,1729841943.069617
198.60467850524194,1986.0467850524194,0.6433891869661418,1729841943.0797825
198.61406020284895,1986.1406020284894,0.6396597467056543,1729841943.089695
198.62338750352433,1986.2338750352433,0.6359508734324889,1729841943.0996268
198.63266070743407,1986.3266070743407,0.6322624659773434,1729841943.1096087
198.6418801132656,1986.418801132656,0.6285944235246378,1729841943.1196566
198.6510460182328,1986.510460182328,0.6249466456130351,1729841943.1296756
198.66015871808142,1986.6015871808142,0.621319032136015,1729841943.1396365
198.66921850709414,1986.6921850709414,0.6177114833423071,1729841943.1495836
198.67822567809588,1986.782256780959,0.6141238998364115,1729841943.159579
198.6871805224589,1986.871805224589,0.6105561825789861,1729841943.1696563
198.6960833301082,1986.960833301082,0.6070082328873193,1729841943.17982
198.70493438952658,1987.0493438952658,0.6034799524356492,1729841943.1896656
198.71373398776004,1987.1373398776004,0.5999712432555798,1729841943.1995418
198.7224824104229,1987.2248241042291,0.5964820077363738,1729841943.2096314
198.73117994170315,1987.3117994170316,0.593012148625269,1729841943.2197192
198.73982686436761,1987.3982686436761,0.5895615690277906,1729841943.2296646
198.74842345976728,1987.4842345976729,0.586130172407947,1729841943.2396715
198.7569700078425,1987.569700078425,0.5827178625885191,1729841943.2496243
198.76546678712836,1987.6546678712837,0.579324543751247,1729841943.2596645
198.77391407475977,1987.7391407475977,0.5759501204369984,1729841943.2696626
198.78231214647693,1987.8231214647692,0.5725944975459575,1729841943.279853
198.79066127663046,1987.9066127663045,0.5692575803377361,1729841943.2904987
198.79896173818676,1987.9896173818677,0.5659392744314969,1729841943.299682
198.80721380273323,1988.0721380273324,0.5626394858060474,1729841943.3097138
198.81541774048355,1988.1541774048355,0.5593581207999035,1729841943.3197398
198.82357382028303,1988.2357382028304,0.5560950861113435,1729841943.3296797
198.83168230961374,1988.3168230961373,0.5528502887984109,1729841943.3397663
198.83974347459994,1988.3974347459994,0.5496236362789576,1729841943.3497055
198.84775758001328,1988.4775758001329,0.5464150363305814,1729841943.3599074
198.8557248892781,1988.557248892781,0.5432243970906084,1729841943.3708363
198.86364566447665,1988.6364566447664,0.5400516270560273,1729841943.3799646
198.87152016635443,1988.7152016635443,0.5368966350834251,1729841943.3922255
198.87934865432544,1988.7934865432544,0.533759330388874,1729841943.3998208
198.88713138647745,1988.8713138647745,0.5306396225478048,1729841943.4103696
198.8948686195773,1988.948686195773,0.5275374214948775,1729841943.4216774
198.90256060907606,1989.0256060907607,0.5244526375238069,1729841943.4297462
198.91020760911445,1989.1020760911445,0.5213851812872209,1729841943.4404325
198.91780987252795,1989.1780987252796,0.5183349637964257,1729841943.449735
198.9253676508522,1989.253676508522,0.5153018964212231,1729841943.4603999
198.9328811943281,1989.328811943281,0.5122858908896367,1729841943.4697735
198.94035075190723,1989.4035075190723,0.5092868592877166,1729841943.4797752
198.94777657125692,1989.4777657125692,0.506304714059216,1729841943.4900322
198.95515889876566,1989.5515889876565,0.5033393680053623,1729841943.499749
198.9624979795482,1989.624979795482,0.5003907342844999,1729841943.509706
198.96979405745086,1989.6979405745085,0.497458726411813,1729841943.5214384
198.97704737505677,1989.7704737505678,0.49454325825898293,1729841943.5297105
198.98425817369105,1989.8425817369105,0.4916442440537955,1729841943.5399601
198.991426693426,1989.91426693426,0.48876159837984245,1729841943.549636
198.99855317308644,1989.9855317308643,0.48589523617609365,1729841943.5600755
199.00563785025474,1990.0563785025474,0.48304507273650243,1729841943.5696151
199.01268096127617,1990.1268096127617,0.4802110237096061,1729841943.5798833
199.01968274126403,1990.1968274126402,0.4773930050980907,1729841943.5904005
199.02664342410486,1990.2664342410485,0.47459093325834145,1729841943.5996606
199.03356324246354,1990.3356324246354,0.47180472489998293,1729841943.6096394
199.0404424277886,1990.404424277886,0.46903429708544364,1729841943.6198392
199.0472812103173,1990.472812103173,0.46627956722941255,1729841943.6297855
199.05407981908075,1990.5407981908074,0.46354045309838254,1729841943.6399236
199.0608384819092,1990.608384819092,0.4608168728101246,1729841943.6495957
199.06755742543706,1990.6755742543705,0.45810874483315855,1729841943.6596968
199.07423687510806,1990.7423687510804,0.4554159879862093,1729841943.6696594
199.08087705518042,1990.8087705518042,0.4527385214376741,1729841943.6800115
199.08747818873198,1990.8747818873198,0.45007626470503814,1729841943.6899471
199.09404049766522,1990.9404049766522,0.4474291376542935,1729841943.6996942
199.10056420271243,1991.0056420271244,0.44479706049937084,1729841943.7101755
199.10704952344085,1991.0704952344086,0.4421799538015284,1729841943.7201624
199.11349667825766,1991.1349667825766,0.4395777384687284,1729841943.729646
199.1199058844151,1991.1990588441508,0.43699033575501345,1729841943.7396948
199.1262773580155,1991.262773580155,0.4344176672598975,1729841943.7496288
199.13261131401643,1991.3261131401644,0.4318596549276871,1729841943.7597883
199.13890796623565,1991.3890796623564,0.42931622104684364,1729841943.769659
199.14516752735622,1991.4516752735622,0.4267872882492908,1729841943.7798584
199.15139020893145,1991.5139020893143,0.4242727795097535,1729841943.7897093
199.15757622139,1991.5757622139,0.42177261814507594,1729841943.7995903
199.1637257740408,1991.6372577404081,0.4192867278134861,1729841943.809617
199.1698390750782,1991.698390750782,0.41681503251394025,1729841943.8196907
199.17591633158668,1991.7591633158668,0.4143574565853433,1729841943.8297358
199.18195774954617,1991.8195774954618,0.41191392470586996,1729841943.8396628
199.18796353383672,1991.8796353383673,0.4094843618921781,1729841943.8496184
199.19393388824366,1991.9393388824367,0.40706869349873165,1729841943.8600166
199.1998690154624,1991.998690154624,0.40466684521695007,1729841943.8696063
199.20576911710347,1992.0576911710348,0.4022787430745206,1729841943.879796
199.21163439369732,1992.1163439369732,0.3999043134345902,1729841943.889785
199.21746504469937,1992.1746504469936,0.39754348299499276,1729841943.8995523
199.22326126849478,1992.2326126849478,0.39519617878744084,1729841943.909611
199.22902326240344,1992.2902326240344,0.39286232817675126,1729841943.9196565
199.2347512226848,1992.3475122268478,0.3905418588600137,1729841943.929673
199.24044534454265,1992.4044534454265,0.388234698865786,1729841943.9399405
199.24610582213012,1992.4610582213013,0.38594077655328773,1729841943.949664
199.2517328485544,1992.517328485544,0.3836600206115476,1729841943.960328
199.25732661588168,1992.5732661588168,0.38139236005856836,1729841943.9696531
199.2628873151418,1992.628873151418,0.37913772424048686,1729841943.9802215
199.26841513633318,1992.6841513633317,0.3768960428307301,1729841943.9897785
199.27391026842758,1992.7391026842758,0.37466724582914834,1729841943.9996457
199.27937289937486,1992.7937289937486,0.3724512635611449,1729841944.0097017
199.28480321610772,1992.8480321610773,0.37024802667681966,1729841944.0200171
199.2902014045465,1992.902014045465,0.3680574661500847,1729841944.0296555
199.2955676496039,1992.955676496039,0.3658795132777618,1729841944.0396953
199.30090213518966,1993.0090213518965,0.3637140996787315,1729841944.0497184
199.30620504421532,1993.0620504421531,0.3615611572929952,1729841944.0598176
199.3114765585989,1993.114765585989,0.3594206183808103,1729841944.0702615
199.31671685926963,1993.1671685926963,0.3572924155217502,1729841944.0799327
199.3219261261725,1993.219261261725,0.3551764816138109,1729841944.089708
199.32710453827306,1993.2710453827306,0.3530727498724856,1729841944.0996218
199.33225227356195,1993.3225227356195,0.3509811538298534,1729841944.1096354
199.33736950905956,1993.3736950905954,0.3489016273336235,1729841944.1196296
199.3424564208207,1993.424564208207,0.34683410454624897,1729841944.1299112
199.34751318393916,1993.4751318393915,0.3447785199439318,1729841944.1398737
199.35253997255228,1993.5253997255227,0.34273480831571723,1729841944.149549
199.35753695984556,1993.5753695984556,0.3407029047625342,1729841944.1597824
199.3625043180572,1993.625043180572,0.3386827446962487,1729841944.169681
199.36744221848264,1993.6744221848264,0.3366742638387029,1729841944.1797426
199.3723508314791,1993.7235083147912,0.3346773982207646,1729841944.1897497
199.37723032647017,1993.7723032647018,0.33269208418134133,1729841944.1996064
199.38208087195017,1993.8208087195017,0.33071825836642843,1729841944.2095954
199.3869026354887,1993.869026354887,0.3287558577281319,1729841944.2197185
199.3916957837352,1993.9169578373521,0.32680481952371976,1729841944.2296598
199.39646048242332,1993.9646048242332,0.3248650813145849,1729841944.2396908
199.40119689637535,1994.0119689637536,0.32293658096530875,1729841944.2496486
199.40590518950677,1994.0590518950676,0.3210192566426754,1729841944.2606034
199.41058552483048,1994.1058552483048,0.31911304681463604,1729841944.269612
199.4152380644614,1994.152380644614,0.31721789024938885,1729841944.2797065
199.41986296962074,1994.1986296962073,0.31533372601432375,1729841944.2895958
199.42446040064038,1994.2446040064037,0.31346049347503124,1729841944.2996109
199.42903051696732,1994.290305169673,0.3115981322943503,1729841944.309651
199.43357347716787,1994.3357347716787,0.30974658243129716,1729841944.3196435
199.4380894389321,1994.3808943893212,0.30790578414010794,1729841944.3297224
199.44257855907819,1994.4257855907817,0.306075677969219,1729841944.3396995
199.44704099355656,1994.4704099355656,0.30425620476022763,1729841944.3496554
199.45147689745428,1994.514768974543,0.30244730564691713,1729841944.3603258
199.4558864249994,1994.5588642499938,0.3006489220542351,1729841944.369647
199.46026972956497,1994.6026972956497,0.2988609956972367,1729841944.379758
199.4646269636736,1994.646269636736,0.2970834685801359,1729841944.3903782
199.4689582790014,1994.6895827900141,0.29531628299520085,1729841944.3997674
199.47326382638238,1994.732638263824,0.2935593815217926,1729841944.4096527
199.47754375581252,1994.7754375581253,0.29181270702533146,1729841944.420059
199.48179821645402,1994.8179821645404,0.29007620265623635,1729841944.4298184
199.48602735663948,1994.8602735663949,0.28834981184893727,1729841944.4395938
199.49023132387597,1994.9023132387597,0.2866334783208201,1729841944.4496076
199.49441026484925,1994.9441026484924,0.28492714607121405,1729841944.4600747
199.49856432542785,1994.9856432542786,0.28323075938034015,1729841944.469683
199.50269365066717,1995.0269365066717,0.2815442628082879,1729841944.480051
199.5067983848136,1995.067983848136,0.2798676011939888,1729841944.4897268
199.51087867130855,1995.1087867130855,0.2782007196541537,1729841944.5002422
199.51493465279253,1995.1493465279254,0.2765435635822856,1729841944.509599
199.51896647110922,1995.1896647110923,0.27489607864759213,1729841944.5197248
199.52297426730948,1995.2297426730947,0.27325821079397683,1729841944.5296407
199.52695818165532,1995.2695818165532,0.2716299062389803,1729841944.5397172
199.53091835362395,1995.3091835362395,0.2700111114727731,1729841944.5496883
199.53485492191177,1995.3485492191178,0.2684017732570917,1729841944.5607533
199.53876802443833,1995.3876802443833,0.2668018386241885,1729841944.5697722
199.5426577983502,1995.426577983502,0.26521125487581776,1729841944.580229
199.5465243800251,1995.4652438002508,0.2636299695821892,1729841944.5903096
199.55036790507555,1995.5036790507554,0.26205793058090043,1729841944.5998976
199.55418850835304,1995.5418850835304,0.2604950859759386,1729841944.6097224
199.55798632395175,1995.5798632395176,0.25894138413660583,1729841944.6202157
199.56176148521251,1995.6176148521251,0.2573967736964905,1729841944.6298711
199.56551412472666,1995.6551412472666,0.25586120355243,1729841944.6397138
199.5692443743398,1995.6924437433981,0.2543346228634432,1729841944.649732
199.57295236515577,1995.7295236515577,0.2528169810497355,1729841944.6607728
199.57663822754031,1995.7663822754032,0.25130822779161355,1729841944.6699173
199.58030209112502,1995.8030209112503,0.24980831302847817,1729841944.6799
199.58394408481098,1995.83944084811,0.24831718695775307,1729841944.6898732
199.58756433677263,1995.8756433677263,0.2468348000338777,1729841944.699943
199.59116297446153,1995.9116297446153,0.24536110296725033,1729841944.7128873
199.59474012461,1995.9474012461,0.24389604672317466,1729841944.7197535
199.59829591323498,1995.9829591323498,0.24243958252084907,1729841944.7299416
199.60183046564157,1996.0183046564157,0.24099166183232212,1729841944.7396703
199.6053439064269,1996.053439064269,0.23955223638144807,1729841944.7500489
199.6088363594837,1996.088363594837,0.23812125814284768,1729841944.7601385
199.61230794800397,1996.1230794800397,0.2366986793408815,1729841944.7697783
199.6157587944827,1996.157587944827,0.23528445244860896,1729841944.7799454
199.6191890207214,1996.1918902072139,0.23387853018676508,1729841944.7916028
199.62259874783174,1996.2259874783174,0.2324808655227214,1729841944.7998705
199.62598809623927,1996.2598809623928,0.2310914116694539,1729841944.8096364
199.62935718568684,1996.2935718568683,0.22971012208451091,1729841944.8197842
199.6327061352383,1996.327061352383,0.22833695046897928,1729841944.8296883
199.63603506328192,1996.3603506328193,0.22697185076647008,1729841944.8396506
199.6393440875341,1996.3934408753412,0.22561477716209188,1729841944.8496084
199.64263332504282,1996.4263332504283,0.22426568408140624,1729841944.8596992
199.6459028921911,1996.4590289219109,0.22292452618940806,1729841944.8696554
199.64915290470051,1996.491529047005,0.22159125838951488,1729841944.8797798
199.65238347763477,1996.5238347763477,0.22026583582254367,1729841944.8896883
199.65559472540306,1996.5559472540306,0.21894821386568408,1729841944.8996952
199.6587867617636,1996.587867617636,0.2176383481314771,1729841944.9097133
199.66195969982698,1996.6195969982698,0.21633619446679886,1729841944.919714
199.66511365205966,1996.6511365205965,0.2150417089518465,1729841944.9296248
199.66824873028733,1996.6824873028734,0.2137548478991308,1729841944.939628
199.67136504569837,1996.7136504569837,0.21247556785245847,1729841944.9496193
199.67446270884707,1996.7446270884707,0.21120382558590178,1729841944.9597657
199.67754182965723,1996.7754182965723,0.20993957810284292,1729841944.9696696
199.6806025174253,1996.8060251742531,0.2086827826348957,1729841944.979783
199.68364488082383,1996.8364488082384,0.20743339664094995,1729841944.9896822
199.6866690279047,1996.8666902790471,0.20619137780615537,1729841944.9996107
199.68967506610252,1996.8967506610252,0.20495668404091794,1729841945.009675
199.69266310223787,1996.9266310223788,0.20372927347990333,1729841945.0199924
199.69563324252056,1996.9563324252056,0.202509104481012,1729841945.0296354
199.69858559255292,1996.9858559255292,0.2012961356244306,1729841945.0396454
199.70152025733304,1997.0152025733305,0.20009032571159635,1729841945.0496368
199.70443734125797,1997.0443734125797,0.19889163376422359,1729841945.0601428
199.707336948127,1997.07336948127,0.1977000190233268,1729841945.0696094
199.71021918114474,1997.1021918114475,0.1965154409481903,1729841945.079703
199.7130841429245,1997.1308414292448,0.19533785921543922,1729841945.0896063
199.71593193549126,1997.1593193549124,0.19416723371799682,1729841945.099612
199.71876266028497,1997.1876266028496,0.19300352456414294,1729841945.109663
199.72157641816364,1997.2157641816364,0.1918466920765246,1729841945.1196828
199.72437330940647,1997.2437330940647,0.19069669679117196,1729841945.129679
199.72715343371695,1997.2715343371694,0.18955349945652122,1729841945.1396303
199.729916890226,1997.2991689022601,0.18841706103247147,1729841945.1496418
199.73266377749502,1997.32663777495,0.18728734268936498,1729841945.159674
199.735394193519,1997.35394193519,0.18616430580707422,1729841945.1695971
199.73810823572956,1997.3810823572956,0.1850479119739804,1729841945.179708
199.74080600099796,1997.4080600099796,0.18393812298604628,1729841945.189645
199.7434875856382,1997.434875856382,0.18283490084585152,1729841945.1996644
199.74615308541,1997.4615308541,0.18173820776162464,1729841945.2096372
199.74880259552174,1997.4880259552174,0.18064800614629617,1729841945.2196903
199.75143621063359,1997.5143621063357,0.17956425861653236,1729841945.229678
199.75405402486035,1997.5405402486035,0.17848692799180077,1729841945.2396767
199.75665613177452,1997.5665613177453,0.1774159772934022,1729841945.249567
199.75924262440913,1997.5924262440913,0.17635136974353627,1729841945.259761
199.76181359526078,1997.6181359526076,0.1752930687643689,1729841945.269644
199.7643691362925,1997.643691362925,0.1742410379770588,1729841945.2796762
199.7669093389366,1997.669093389366,0.17319524120085517,1729841945.2896378
199.76943429409778,1997.6943429409778,0.1721556424521472,1729841945.2996457
199.77194409215568,1997.7194409215567,0.1711222059435228,1729841945.3096573
199.77443882296805,1997.7443882296805,0.17009489608285533,1729841945.3197324
199.77691857587342,1997.7691857587342,0.1690736774723517,1729841945.3296525
199.77938343969402,1997.7938343969402,0.16805851490765156,1729841945.3396647
199.78183350273852,1997.8183350273853,0.16704937337688597,1729841945.3496737
199.78426885280493,1997.8426885280492,0.16604621805977315,1729841945.3596616
199.78668957718335,1997.8668957718335,0.1650490143267037,1729841945.3696446
199.78909576265877,1997.8909576265878,0.1640577277377956,1729841945.3803935
199.7914874955138,1997.914874955138,0.1630723240420201,1729841945.3896883
199.79386486153146,1997.9386486153146,0.16209276917628712,1729841945.3996642
199.79622794599797,1997.9622794599798,0.16111902926450894,1729841945.4099455
199.7985768337054,1997.985768337054,0.1601510706167245,1729841945.4197323
199.80091160895438,1998.0091160895438,0.1591888597281953,1729841945.4296541
199.80323235555687,1998.0323235555688,0.15823236327851176,1729841945.4396951
199.80553915683885,1998.0553915683886,0.1572815481306874,1729841945.4495847
199.8078320956429,1998.078320956429,0.15633638133026528,1729841945.4597044
199.810111254331,1998.10111254331,0.15539683010444583,1729841945.469643
199.81237671478706,1998.1237671478707,0.15446286186118974,1729841945.4796987
199.81462855841963,1998.1462855841962,0.15353444418832096,1729841945.490106
199.81686686616453,1998.1686686616454,0.15261154485268824,1729841945.4996436
199.81909171848739,1998.1909171848738,0.15169413179923075,1729841945.5096266
199.82130319538632,1998.2130319538633,0.1507821731501645,1729841945.5197418
199.8235013763945,1998.2350137639448,0.1498756372040534,1729841945.5296788
199.82568634058268,1998.2568634058268,0.1489744924349884,1729841945.5397623
199.82785816656184,1998.2785816656183,0.14807870749168173,1729841945.54962
199.83001693248568,1998.3001693248568,0.14718825119663548,1729841945.5597525
199.83216271605312,1998.321627160531,0.14630309254525875,1729841945.569602
199.8342955945109,1998.342955945109,0.14542320070504167,1729841945.5797083
199.83641564465609,1998.3641564465609,0.14454854501466896,1729841945.5896904
199.83852294283847,1998.3852294283847,0.14367909498318154,1729841945.5995705
199.8406175649632,1998.406175649632,0.1428148202891416,1729841945.609605
199.84269958649315,1998.4269958649315,0.14195569077975334,1729841945.6196692
199.84476908245145,1998.4476908245144,0.14110167647005645,1729841945.6296675
199.84682612742384,1998.4682612742383,0.1402527475420664,1729841945.6396694
199.84887079556117,1998.4887079556117,0.13940887434396088,1729841945.64962
199.85090316058188,1998.5090316058188,0.13857002738923063,1729841945.659711
199.8529232957743,1998.529232957743,0.13773617735582866,1729841945.669582
199.85493127399914,1998.5493127399914,0.13690729508539035,1729841945.6797733
199.8569271676918,1998.5692716769179,0.1360833515823684,1729841945.6900165
199.8589110488648,1998.589110488648,0.1352643180132459,1729841945.6996837
199.86088298911017,1998.6088298911018,0.1344501657056908,1729841945.7096605
199.8628430596017,1998.6284305960169,0.1336408661477494,1729841945.7198205
199.86479133109736,1998.6479133109738,0.13283639098705413,1729841945.7296584
199.8667278739417,1998.667278739417,0.13203671202998335,1729841945.739768
199.86865275806795,1998.6865275806795,0.13124180124086549,1729841945.7496026
199.87056605300054,1998.7056605300054,0.13045163074120458,1729841945.7596931
199.8724678278573,1998.7246782785728,0.1296661728088383,1729841945.76964
199.87435815135166,1998.7435815135166,0.12888539987716519,1729841945.7797127
199.87623709179513,1998.7623709179513,0.1281092845343702,1729841945.7896826
199.8781047170994,1998.781047170994,0.12733779952257918,1729841945.7996526
199.87996109477857,1998.7996109477856,0.12657091773711626,1729841945.809602
199.8818062919515,1998.8180629195151,0.1258086122257277,1729841945.8196647
199.88364037534396,1998.8364037534395,0.12505085618774692,1729841945.8296359
199.88546341129083,1998.8546341129083,0.12429762297338043,1729841945.8396668
199.88727546573833,1998.8727546573832,0.12354888608288894,1729841945.8495908
199.88907660424624,1998.8907660424625,0.12280461916584307,1729841945.8597097
199.89086689199004,1998.9086689199005,0.12206479602032039,1729841945.869685
199.89264639376304,1998.9264639376304,0.12132939059216652,1729841945.8796685
199.89441517397862,1998.944151739786,0.12059837697424547,1729841945.8896444
199.8961732966723,1998.9617329667228,0.11987172940564383,1729841945.8996003
199.89792082550392,1998.979208255039,0.11914942227093717,1729841945.9096577
199.89965782375975,1998.9965782375975,0.11843143009942436,1729841945.9197035
199.90138435435463,1999.0138435435463,0.11771772756439935,1729841945.9296286
199.903100479834,1999.0310047983398,0.11700828948236419,1729841945.9396465
199.904806262376,1999.0480626237602,0.11630309081233092,1729841945.9495964
199.9065017637937,1999.065017637937,0.11560210665505599,1729841945.95983
199.90818704553692,1999.0818704553692,0.11490531225228706,1729841945.9696624
199.90986216869447,1999.0986216869446,0.1142126829860649,1729841945.9796739
199.91152719399616,1999.1152719399615,0.11352419437795958,1729841945.9897354
199.9131821818148,1999.131821818148,0.1128398220883563,1729841945.999656
199.91482719216822,1999.1482719216822,0.11215954191572897,1729841946.009623
199.91646228472135,1999.1646228472134,0.11148332979590825,1729841946.0197024
199.91808751878813,1999.1808751878812,0.11081116180137285,1729841946.0296404
199.91970295333363,1999.1970295333363,0.11014301414053895,1729841946.0397139
199.9213086469759,1999.2130864697588,0.10947886315700706,1729841946.049561
199.922904657988,1999.22904657988,0.10881868532890471,1729841946.0596888
199.92449104430003,1999.2449104430002,0.10816245726813867,1729841946.0696452
199.92606786350092,1999.2606786350093,0.10751015571970568,1729841946.0797586
199.92763517284052,1999.2763517284052,0.10686175756100502,1729841946.0896928
199.92919302923153,1999.2919302923153,0.10621723980111553,1729841946.0996716
199.93074148925126,1999.3074148925125,0.10557657958008504,1729841946.1097293
199.93228060914373,1999.3228060914373,0.10493975416830159,1729841946.1200855
199.93381044482146,1999.3381044482146,0.10430674096573667,1729841946.1296744
199.9353310518674,1999.3533105186739,0.10367751750129861,1729841946.1397536
199.9368424855368,1999.368424855368,0.10305206143213275,1729841946.149659
199.9383448007591,1999.383448007591,0.10243035054293392,1729841946.1600866
199.93983805213978,1999.3983805213977,0.10181236274529282,1729841946.1695957
199.94132229396217,1999.4132229396218,0.10119807607698539,1729841946.1796706
199.94279758018936,1999.4279758018936,0.10058746870134583,1729841946.1896803
199.94426396446602,1999.4426396446602,0.09998051890656667,1729841946.1996062
199.94572150012013,1999.4572150012013,0.09937720510502379,1729841946.2096272
199.94717024016492,1999.4717024016493,0.09877750583265643,1729841946.2197115
199.9486102373006,1999.4861023730061,0.09818139974826201,1729841946.2296245
199.9500415439162,1999.500415439162,0.09758886563286195,1729841946.2396264
199.95146421209122,1999.5146421209122,0.096999882389048,1729841946.2496119
199.95287829359762,1999.5287829359763,0.09641442904033204,1729841946.2597148
199.95428383990142,1999.5428383990143,0.09583248473047645,1729841946.2697124
199.9556809021645,1999.5568090216448,0.09525402872286526,1729841946.2797632
199.95706953124633,1999.5706953124634,0.09467904039988062,1729841946.2897134
199.95844977770577,1999.5844977770575,0.09410749926222073,1729841946.2995975
199.9598216918027,1999.598216918027,0.09353938492830827,1729841946.3096704
199.9611853234998,1999.6118532349979,0.09297467713362606,1729841946.3196642
199.96254072246427,1999.6254072246427,0.09241335573008824,1729841946.3296645
199.9638879380695,1999.638879380695,0.09185540068542386,1729841946.3396819
199.96522701939674,1999.6522701939673,0.09130079208254804,1729841946.3495665
199.96655801523679,1999.665580152368,0.0907495101189314,1729841946.3596232
199.9678809740917,1999.6788097409171,0.09020153510601381,1729841946.36966
199.96919594417648,1999.6919594417648,0.08965684746853653,1729841946.3797727
199.97050297342057,1999.7050297342057,0.08911542774395598,1729841946.3903885
199.97180210946968,1999.7180210946967,0.08857725658185045,1729841946.3996356
199.97309339968731,1999.730933996873,0.08804231474327351,1729841946.4096406
199.97437689115648,1999.7437689115648,0.08751058310018556,1729841946.419668
199.9756526306812,1999.756526306812,0.08698204263481968,1729841946.4296615
199.9769206647882,1999.769206647882,0.08645667443911498,1729841946.4396307
199.9781810397285,1999.781810397285,0.08593445971408775,1729841946.4495776
199.97943380147896,1999.7943380147897,0.08541537976925773,1729841946.4600458
199.98067899574394,1999.8067899574394,0.08489941602205653,1729841946.4696374
199.9819166679568,1999.8191666795678,0.08438654999722728,1729841946.4797828
199.98314686328146,1999.8314686328147,0.0838767633262526,1729841946.4897592
199.9843696266141,1999.843696266141,0.08337003774677376,1729841946.4995642
199.98558500258446,1999.8558500258446,0.08286635510197071,1729841946.5095623
199.98679303555764,1999.8679303555764,0.08236569734006649,1729841946.519708
199.98799376963544,1999.8799376963543,0.08186804651365576,1729841946.5296795
199.98918724865797,1999.8918724865798,0.08137338477921452,1729841946.5397012
199.99037351620518,1999.9037351620518,0.08088169439648374,1729841946.5496666
199.9915526155983,1999.915526155983,0.08039295772791155,1729841946.5599637
199.99272458990137,1999.9272458990138,0.0799071572381097,1729841946.569688
199.99388948192274,1999.9388948192272,0.07942427549327091,1729841946.5799663
199.99504733421657,1999.9504733421657,0.07894429516062884,1729841946.5897868
199.99619818908425,1999.9619818908425,0.07846719900787191,1729841946.5996377
199.99734208857592,1999.9734208857592,0.07799296990262461,1729841946.609728
199.99847907449188,1999.9847907449189,0.07752159081188259,1729841946.6198215
199.99960918838408,1999.9960918838408,0.07705304480146202,1729841946.6296394
200.0007324715575,2000.0073247155751,0.07658731503545957,1729841946.639811
200.0018489650717,2000.0184896507171,0.07612438477572658,1729841946.6495636
200.0029587097421,2000.029587097421,0.07566423738129002,1729841946.6596687
200.0040617461415,2000.040617461415,0.07520685630785151,1729841946.6696458
200.00515811460147,2000.0515811460148,0.07475222510723845,1729841946.6798701
200.00624785521373,2000.0624785521372,0.07430032742687642,1729841946.6896725
200.00733100783157,2000.0733100783157,0.07385114700925277,1729841946.6996198
200.0084076120712,2000.084076120712,0.07340466769139431,1729841946.7096157
200.00947770731318,2000.0947770731318,0.07296087340435042,1729841946.719791
200.0105413327037,2000.105413327037,0.07251974817267437,1729841946.7296693
200.01159852715608,2000.115985271561,0.07208127611389392,1729841946.7396693
200.01264932935203,2000.1264932935203,0.07164544143798202,1729841946.749669
200.013693777743,2000.13693777743,0.07121222844687713,1729841946.7602425
200.01473191055155,2000.1473191055154,0.0707816215339575,1729841946.769644
200.0157637657727,2000.157637657727,0.07035360518351175,1729841946.779776
200.01678938117522,2000.167893811752,0.06992816397026458,1729841946.789646
200.0178087943029,2000.1780879430291,0.06950528255886523,1729841946.799604
200.01882204247605,2000.1882204247604,0.06908494570337942,1729841946.8096309
200.01982916279258,2000.1982916279258,0.06866713824678305,1729841946.8196857
200.0208301921294,2000.2083019212942,0.06825184512047555,1729841946.8296652
200.02182516714376,2000.2182516714377,0.06783905134380375,1729841946.8397348
200.0228141242744,2000.228141242744,0.06742874202354499,1729841946.8496523
200.02379709974295,2000.2379709974296,0.06702090235343816,1729841946.8597229
200.02477412955514,2000.2477412955514,0.06661551761367035,1729841946.8696635
200.02574524950205,2000.2574524950205,0.06621257317042917,1729841946.8796346
200.02671049516144,2000.2671049516143,0.06581205447540539,1729841946.8896937
200.02766990189886,2000.2766990189887,0.06541394706528847,1729841946.8997943
200.02862350486905,2000.2862350486905,0.06501823656134553,1729841946.9096744
200.02957133901702,2000.2957133901702,0.06462490866889559,1729841946.919677
200.0305134390794,2000.3051343907941,0.06423394917687253,1729841946.92969
200.03144983958563,2000.3144983958564,0.0638453439573402,1729841946.9396088
200.03238057485908,2000.3238057485908,0.0634590789650199,1729841946.9495938
200.03330567901838,2000.333056790184,0.06307514023685157,1729841946.95968
200.03422518597858,2000.3422518597858,0.06269351389149824,1729841946.9696257
200.0351391294523,2000.351391294523,0.062314186128903715,1729841946.9797118
200.0360475429509,2000.360475429509,0.06193714322985555,1729841946.9897974
200.0369504597858,2000.369504597858,0.061562371555493045,1729841946.9995704
200.03784791306947,2000.3784791306948,0.061189857546887994,1729841947.0096803
200.03873993571676,2000.3873993571676,0.06081958772456153,1729841947.0196772
200.0396265604459,2000.396265604459,0.06045154868804714,1729841947.029777
200.04050781977978,2000.4050781977978,0.06008572711548388,1729841947.0396671
200.04138374604705,2000.4138374604704,0.05972210976310832,1729841947.0496473
200.04225437138322,2000.4225437138323,0.0593606834648549,1729841947.0597432
200.04311972773186,2000.4311972773187,0.05900143513192069,1729841947.0696084
200.0439798468457,2000.439798468457,0.058644351752308865,1729841947.07982
200.04483476028773,2000.4483476028772,0.05828942039039531,1729841947.0896487
200.04568449943235,2000.4568449943235,0.057936628186512906,1729841947.0996017
200.04652909546644,2000.4652909546644,0.0575859623564986,1729841947.1099627
200.04736857939048,2000.4736857939047,0.05723741019130435,1729841947.1197097
200.04820298201966,2000.4820298201967,0.05689095905653174,1729841947.129669
200.04903233398497,2000.4903233398497,0.05654659639202342,1729841947.1396334
200.0498566657342,2000.498566657342,0.05620430971144208,1729841947.1496007
200.05067600753318,2000.5067600753318,0.05586408660186726,1729841947.1596074
200.05149038946666,2000.5149038946665,0.055525914723353,1729841947.1696694
200.05229984143952,2000.5229984143953,0.05518978180853529,1729841947.1797547
200.05310439317776,2000.5310439317777,0.05485567566220573,1729841947.1897397
200.05390407422956,2000.5390407422956,0.0545235841609083,1729841947.1996024
200.05469891396638,2000.5469891396638,0.054193495252532586,1729841947.209573
200.05548894158392,2000.5548894158392,0.05386539695589454,1729841947.219657
200.05627418610317,2000.5627418610316,0.05353927736034747,1729841947.22963
200.0570546763715,2000.5705467637151,0.05321512462539657,1729841947.2396152
200.05783044106366,2000.5783044106365,0.052892926980251276,1729841947.2497013
200.0586015086827,2000.586015086827,0.05257267272347177,1729841947.2597558
200.0593679075611,2000.593679075611,0.05225435022256575,1729841947.2695956
200.06012966586175,2000.6012966586175,0.05193794791358697,1729841947.2798085
200.06088681157894,2000.6088681157894,0.05162345430073556,1729841947.2896645
200.06163937253933,2000.6163937253932,0.051310857955985,1729841947.299783
200.06238737640294,2000.6238737640294,0.05100014751868953,1729841947.309634
200.06313085066418,2000.6313085066417,0.05069131169521646,1729841947.3196442
200.06386982265278,2000.6386982265278,0.05038433925852692,1729841947.329652
200.0646043195348,2000.6460431953478,0.05007921904782775,1729841947.3396297
200.06533436831353,2000.6533436831353,0.049775939968171756,1729841947.3495843
200.06605999583053,2000.6605999583053,0.04947449099010426,1729841947.359621
200.06678122876656,2000.6678122876656,0.04917486114926872,1729841947.3696244
200.06749809364246,2000.6749809364246,0.0488770395460284,1729841947.3797462
200.0682106168202,2000.6821061682022,0.048581015345135925,1729841947.3898065
200.0689188245038,2000.6891882450382,0.048286777775308765,1729841947.3996472
200.06962274274017,2000.6962274274017,0.04799431612889704,1729841947.4102678
200.0703223974201,2000.7032239742011,0.04770361976152826,1729841947.42
200.0710178142793,2000.7101781427928,0.04741467809170585,1729841947.4296494
200.071709018899,2000.7170901889901,0.04712748060048233,1729841947.4396105
200.07239603670726,2000.7239603670726,0.04684201683109157,1729841947.4496632
200.07307889297957,2000.7307889297956,0.046558276388593556,1729841947.4597337
200.0737576128399,2000.737576128399,0.04627624893949778,1729841947.4696827
200.07443222126153,2000.7443222126153,0.045995924211438166,1729841947.4797163
200.07510274306802,2000.75102743068,0.045717291992821374,1729841947.4896615
200.07576920293397,2000.7576920293398,0.045440342132450184,1729841947.499576
200.07643162538605,2000.7643162538604,0.04516506453921265,1729841947.509604
200.07709003480377,2000.7709003480377,0.044891449181698406,1729841947.5196476
200.07774445542037,2000.7774445542036,0.044619486087882465,1729841947.5296435
200.07839491132373,2000.7839491132372,0.044349165344785946,1729841947.539677
200.0790414264572,2000.790414264572,0.04408047709811014,1729841947.5495825
200.0796840246204,2000.796840246204,0.043813411551904324,1729841947.55972
200.0803227294702,2000.803227294702,0.043547958968270906,1729841947.569639
200.08095756452144,2000.8095756452144,0.04328410966697993,1729841947.5797138
200.08158855314787,2000.8158855314787,0.04302185402515113,1729841947.5896385
200.08221571858292,2000.8221571858292,0.04276118247692884,1729841947.5995963
200.0828390839205,2000.828390839205,0.042502085513153376,1729841947.6096427
200.08345867211597,2000.8345867211597,0.0422445536810484,1729841947.6196446
200.08407450598682,2000.8407450598681,0.04198857758385677,1729841947.6296043
200.08468660821353,2000.8468660821354,0.04173414788054031,1729841947.6396148
200.08529500134043,2000.8529500134043,0.04148125528547253,1729841947.6495702
200.08589970777643,2000.8589970777643,0.04122989056808868,1729841947.6597683
200.08650074979587,2000.8650074979587,0.04098004455257842,1729841947.6696756
200.08709814953932,2000.8709814953932,0.04073170811759452,1729841947.6796968
200.08769192901434,2000.8769192901434,0.040484872195895805,1729841947.6896553
200.08828211009634,2000.8828211009634,0.04023952777405759,1729841947.6996
200.0888687145293,2000.888687145293,0.039995665892148424,1729841947.7096746
200.08945176392652,2000.8945176392651,0.039753277643436946,1729841947.7196443
200.0900312797715,2000.9003127977148,0.03951235417408461,1729841947.72971
200.0906072834186,2000.906072834186,0.0392728866828117,1729841947.7396555
200.0911797960939,2000.911797960939,0.03903486642063092,1729841947.7495987
200.091748838896,2000.91748838896,0.038798284690499174,1729841947.7596698
200.0923144327965,2000.923144327965,0.03856313284704227,1729841947.7697113
200.09287659864117,2000.9287659864117,0.0383294022962849,1729841947.779735
200.09343535715033,2000.9343535715034,0.038097084495290034,1729841947.7896907
200.09399072891983,2000.9399072891983,0.0378661709519067,1729841947.7995892
200.09454273442168,2000.9454273442168,0.03763665322445375,1729841947.8096056
200.0950913940048,2000.9509139400482,0.037408522921449916,1729841947.8197396
200.09563672789582,2000.9563672789582,0.037181771701299327,1729841947.8296611
200.0961787561997,2000.961787561997,0.03695639127200734,1729841947.8396268
200.09671749890052,2000.9671749890051,0.03673237339090163,1729841947.8495736
200.09725297586218,2000.9725297586217,0.03650970986432489,1729841947.859688
200.09778520682914,2000.9778520682914,0.036288392547393244,1729841947.869595
200.09831421142712,2000.9831421142712,0.03606841334364985,1729841947.8797526
200.09884000916378,2000.9884000916377,0.03584976420483399,1729841947.8897007
200.09936261942946,2000.9936261942946,0.03563243713057729,1729841947.899682
200.0998820614978,2000.9988206149778,0.03541642416811952,1729841947.9096386
200.10039835452656,2001.0039835452656,0.03520171741207234,1729841947.919668
200.10091151755825,2001.0091151755823,0.03498830900408534,1729841947.9296515
200.10142156952074,2001.0142156952074,0.03477619113260266,1729841947.9397564
200.10192852922808,2001.0192852922808,0.03456535603260191,1729841947.9496412
200.10243241538106,2001.0243241538105,0.03435579598529215,1729841947.9596233
200.10293324656797,2001.0293324656798,0.03414750331787586,1729841947.969661
200.10343104126522,2001.0343104126523,0.03394047040325765,1729841947.9797082
200.10392581783805,2001.0392581783804,0.03373468965977955,1729841947.9896505
200.10441759454113,2001.0441759454113,0.033530153550967,1729841947.999617
200.10490638951927,2001.0490638951928,0.03332685458525175,1729841948.0096366
200.10539222080806,2001.0539222080806,0.03312478531572849,1729841948.019652
200.1058751063345,2001.058751063345,0.03292393833987595,1729841948.0296438
200.1063550639177,2001.063550639177,0.03272430629930467,1729841948.0397003
200.10683211126945,2001.0683211126945,0.03252588187950478,1729841948.0495396
200.10730626599496,2001.0730626599498,0.0323286578095795,1729841948.0596654
200.10777754559336,2001.0777754559335,0.032132626861980484,1729841948.0696218
200.10824596745846,2001.0824596745847,0.03193778185229823,1729841948.0797482
200.1087115488793,2001.0871154887932,0.03174411563895474,1729841948.0897305
200.10917430704083,2001.0917430704083,0.03155162112298682,1729841948.0996883
200.1096342590245,2001.0963425902448,0.03136029124779205,1729841948.1096392
200.11009142180882,2001.1009142180883,0.031170118998860574,1729841948.1196852
200.11054581227012,2001.1054581227013,0.030981097403565472,1729841948.1296508
200.11099744718302,2001.1099744718304,0.030793219530878546,1729841948.1396604
200.1114463432211,2001.114463432211,0.030606478491157163,1729841948.149641
200.11189251695754,2001.1189251695755,0.030420867435888455,1729841948.1600387
200.11233598486558,2001.1233598486558,0.030236379557433524,1729841948.1696255
200.11277676331932,2001.1277676331931,0.03005300808883027,1729841948.179665
200.11321486859413,2001.1321486859413,0.02987074630349673,1729841948.1896973
200.11365031686734,2001.1365031686732,0.029689587515048133,1729841948.1995618
200.11408312421878,2001.1408312421877,0.02950952507703042,1729841948.2096224
200.1145133066314,2001.145133066314,0.02933055238269644,1729841948.2197256
200.11494087999185,2001.1494087999185,0.02915266286476792,1729841948.229596
200.11536586009098,2001.1536586009097,0.028975849995209857,1729841948.2396402
200.1157882626245,2001.157882626245,0.028800107284992493,1729841948.249648
200.11620810319351,2001.162081031935,0.028625428283865717,1729841948.259711
200.11662539730509,2001.166253973051,0.028451806580147676,1729841948.269594
200.1170401603728,2001.170401603728,0.028279235800461877,1729841948.2797234
200.11745240771734,2001.1745240771734,0.028107709609543563,1729841948.2896411
200.11786215456698,2001.1786215456698,0.027937221709994575,1729841948.2995944
200.11826941605827,2001.1826941605827,0.027767765842098613,1729841948.3096805
200.1186742072364,2001.186742072364,0.02759933578352991,1729841948.3197908
200.11907654305594,2001.1907654305594,0.027431925349211128,1729841948.3296492
200.11947643838118,2001.1947643838118,0.027265528391043348,1729841948.3396416
200.1198739079869,2001.1987390798688,0.027100138797717777,1729841948.349631
200.12026896655865,2001.2026896655866,0.026935750494465283,1729841948.3597732
200.12066162869357,2001.2066162869357,0.026772357442871653,1729841948.3696492
200.12105190890063,2001.2105190890063,0.026609953640648443,1729841948.3797364
200.12143982160137,2001.2143982160137,0.02644853312143758,1729841948.3896875
200.12182538113032,2001.2182538113032,0.026288089954571547,1729841948.399602
200.12220860173554,2001.2220860173554,0.026128618244890434,1729841948.4096866
200.12258949757916,2001.2258949757916,0.025970112132525203,1729841948.4196913
200.12296808273786,2001.2296808273786,0.025812565792672104,1729841948.4296546
200.12334437120344,2001.2334437120344,0.025655973435415036,1729841948.4396086
200.12371837688326,2001.2371837688327,0.02550032930548396,1729841948.4496017
200.12409011360077,2001.2409011360078,0.025345627682093252,1729841948.459687
200.12445959509606,2001.2445959509605,0.0251918628787019,1729841948.469662
200.12482683502625,2001.2482683502626,0.025039029242828748,1729841948.479673
200.12519184696612,2001.2519184696612,0.02488712115585001,1729841948.4896314
200.12555464440848,2001.2555464440848,0.02473613303280031,1729841948.4996448
200.12591524076475,2001.2591524076474,0.02458605932217195,1729841948.5096357
200.1262736493654,2001.262736493654,0.024436894505717732,1729841948.5195854
200.12662988346045,2001.2662988346046,0.024288633098259127,1729841948.5296485
200.12698395622,2001.2698395621999,0.024141269647478425,1729841948.5396502
200.12733588073456,2001.2733588073456,0.023994798733728673,1729841948.5496535
200.12768567001575,2001.2768567001576,0.023849214969857813,1729841948.5596523
200.1280333369966,2001.280333369966,0.023704513000988414,1729841948.56958
200.128378894532,2001.28378894532,0.023560687504341815,1729841948.5796633
200.12872235539936,2001.2872235539935,0.02341773318907825,1729841948.5896492
200.1290637322989,2001.290637322989,0.023275644796044603,1729841948.5996356
200.12940303785416,2001.2940303785417,0.02313441709762165,1729841948.6096187
200.12974028461247,2001.2974028461247,0.02299404489756418,1729841948.6196015
200.1300754850454,2001.300754850454,0.022854523030766516,1729841948.6296258
200.13040865154926,2001.3040865154926,0.02271584636310975,1729841948.6396635
200.13073979644545,2001.3073979644546,0.022578009791262788,1729841948.6495764
200.13106893198105,2001.3106893198105,0.022441008242508276,1729841948.6597192
200.1313960703291,2001.3139607032908,0.022304836674550743,1729841948.6696353
200.13172122358918,2001.317212235892,0.02216949007536384,1729841948.679766
200.1320444037878,2001.3204440378781,0.022034963462962964,1729841948.6896179
200.13236562287884,2001.3236562287884,0.021901251885289796,1729841948.6996052
200.13268489274395,2001.3268489274396,0.021768350419976046,1729841948.709684
200.13300222519305,2001.3300222519306,0.02163625417420667,1729841948.719651
200.13331763196473,2001.3331763196472,0.02150495828453336,1729841948.729652
200.13363112472666,2001.3363112472666,0.02137445791669157,1729841948.7396345
200.13394271507605,2001.3394271507605,0.02124474826543532,1729841948.7496438
200.13425241454004,2001.3425241454004,0.02111582455437022,1729841948.7600555
200.13456023457616,2001.3456023457616,0.020987682035770505,1729841948.7696238
200.13486618657268,2001.3486618657269,0.020860315990417377,1729841948.7796862
200.13517028184913,2001.3517028184913,0.020733721727435594,1729841948.7896008
200.13547253165663,2001.3547253165664,0.02060789458410517,1729841948.799604
200.1357729471783,2001.3577294717832,0.020482829925703272,1729841948.8096058
200.13607153952972,2001.3607153952971,0.02035852314536213,1729841948.819717
200.1363683197593,2001.363683197593,0.02023496966387539,1729841948.8296618
200.13666329884867,2001.3666329884868,0.020112164929531162,1729841948.8396344
200.13695648771315,2001.3695648771316,0.01999010441797522,1729841948.8495486
200.13724789720206,2001.3724789720206,0.019868783632020937,1729841948.860023
200.13753753809917,2001.3753753809917,0.01974819810150541,1729841948.86964
200.13782542112307,2001.3782542112308,0.019628343383129576,1729841948.879771
200.13811155692758,2001.3811155692758,0.01950921506028591,1729841948.8896642
200.1383959561022,2001.3839595610218,0.019390808742914545,1729841948.8995867
200.1386786291723,2001.386786291723,0.019273120067313187,1729841948.909617
200.1389595865997,2001.3895958659969,0.019156144696037658,1729841948.91963
200.13923883878303,2001.3923883878304,0.01903987831770293,1729841948.9296374
200.13951639605799,2001.3951639605798,0.01892431664682681,1729841948.9396384
200.13979226869785,2001.3979226869785,0.018809455423707377,1729841948.9496284
200.14006646691377,2001.4006646691378,0.018695290414231125,1729841948.9601264
200.14033900085516,2001.4033900085517,0.018581817409748624,1729841948.969677
200.14060988061013,2001.4060988061012,0.018469032226923532,1729841948.979773
200.14087911620572,2001.4087911620572,0.018356930707554953,1729841948.9896421
200.14114671760845,2001.4114671760844,0.018245508718467307,1729841948.9996636
200.1414126947245,2001.414126947245,0.01813476215131493,1729841949.009683
200.1416770574002,2001.416770574002,0.018024686922482602,1729841949.0197155
200.1419398154223,2001.419398154223,0.01791527897290257,1729841949.0296576
200.14220097851845,2001.4220097851844,0.017806534267937324,1729841949.0395784
200.1424605563574,2001.424605563574,0.017698448797189514,1729841949.0495775
200.14271855854952,2001.4271855854952,0.017591018574420247,1729841949.0597618
200.142974994647,2001.42974994647,0.017484239637346577,1729841949.069664
200.1432298741443,2001.432298741443,0.017378108047527818,1729841949.0796978
200.14348320647846,2001.4348320647846,0.01727261989022877,1729841949.0896633
200.14373500102943,2001.4373500102943,0.01716777127425806,1729841949.0996366
200.1439852671204,2001.4398526712039,0.01706355833185269,1729841949.1095939
200.14423401401828,2001.4423401401828,0.01695997721852882,1729841949.1196823
200.14448125093384,2001.4448125093384,0.016857024112905905,1729841949.1296222
200.14472698702218,2001.4472698702218,0.01675469521664097,1729841949.1395397
200.144971231383,2001.44971231383,0.016652986754226107,1729841949.149538
200.14521399306102,2001.4521399306102,0.016551894972901438,1729841949.1596568
200.14545528104617,2001.4545528104618,0.016451416142473918,1729841949.1696322
200.14569510427404,2001.4569510427405,0.01635154655522142,1729841949.1797554
200.14593347162617,2001.4593347162618,0.016252282525741735,1729841949.1902556
200.14617039193035,2001.4617039193035,0.016153620390821133,1729841949.1996374
200.14640587396102,2001.4640587396102,0.016055556509294022,1729841949.2096066
200.14663992643946,2001.4663992643946,0.01595808726192749,1729841949.2196593
200.14687255803426,2001.4687255803426,0.015861209051280967,1729841949.2296443
200.1471037773615,2001.471037773615,0.015764918301574782,1729841949.2396064
200.1473335929852,2001.473335929852,0.01566921145857114,1729841949.2495987
200.1475620134175,2001.4756201341752,0.015574084989426695,1729841949.260112
200.14778904711912,2001.4778904711911,0.015479535382587728,1729841949.2696686
200.14801470249947,2001.4801470249947,0.015385559147637395,1729841949.2797525
200.14823898791715,2001.4823898791715,0.015292152815206905,1729841949.289814
200.14846191168022,2001.4846191168022,0.01519931293680854,1729841949.2995987
200.14868348204635,2001.4868348204636,0.015107036084725523,1729841949.3096023
200.14890370722335,2001.4890370722335,0.015015318851916093,1729841949.3196468
200.1491225953693,2001.4912259536932,0.014924157851844755,1729841949.3296487
200.14934015459295,2001.4934015459294,0.014833549718389905,1729841949.3396287
200.14955639295394,2001.4955639295395,0.014743491105705275,1729841949.3496077
200.14977131846317,2001.4977131846317,0.01465397868811158,1729841949.35961
200.14998493908303,2001.4998493908301,0.014565009159970388,1729841949.3696306
200.1501972627277,2001.501972627277,0.014476579235559783,1729841949.379758
200.15040829726348,2001.504082972635,0.014388685648985544,1729841949.3896306
200.1506180505091,2001.5061805050912,0.01430132515400706,1729841949.3996706
200.15082653023595,2001.5082653023594,0.0142144945239574,1729841949.4096737
200.1510337441683,2001.510337441683,0.01412819055162251,1729841949.419672
200.15123969998376,2001.5123969998376,0.01404241004913287,1729841949.4296076
200.15144440531344,2001.5144440531344,0.01395714984782137,1729841949.439587
200.15164786774224,2001.5164786774224,0.013872406798122072,1729841949.4496343
200.15185009480913,2001.5185009480913,0.013788177769468946,1729841949.4597387
200.15205109400748,2001.5205109400747,0.013704459650176859,1729841949.4696722
200.1522508727853,2001.522508727853,0.01362124934731368,1729841949.4797542
200.15244943854543,2001.5244943854543,0.013538543786579482,1729841949.4897077
200.15264679864603,2001.5264679864604,0.01345633991225148,1729841949.4996004
200.1528429604006,2001.5284296040059,0.013374634686993958,1729841949.509642
200.1530379310784,2001.530379310784,0.013293425091824518,1729841949.5196702
200.15323171790465,2001.5323171790465,0.013212708125939998,1729841949.529922
200.15342432806088,2001.5342432806087,0.013132480806661406,1729841949.5396624
200.1536157686851,2001.536157686851,0.013052740169277599,1729841949.5496454
200.15380604687215,2001.5380604687216,0.012973483266967123,1729841949.5596333
200.1539951696738,2001.5399516967382,0.01289470717068808,1729841949.5696416
200.15418314409922,2001.5418314409922,0.012816408969067994,1729841949.5797186
200.1543699771151,2001.5436997711508,0.012738585768302557,1729841949.58996
200.15455567564595,2001.5455567564595,0.01266123469203484,1729841949.599611
200.15474024657436,2001.5474024657437,0.012584352881259364,1729841949.6096148
200.1549236967412,2001.549236967412,0.012507937494229737,1729841949.6196978
200.15510603294598,2001.5510603294597,0.01243198570635562,1729841949.6296415
200.15528726194694,2001.5528726194693,0.012356494710062393,1729841949.6396518
200.15546739046147,2001.5546739046147,0.01228146171475386,1729841949.6496904
200.15564642516625,2001.5564642516624,0.012206883946641711,1729841949.6596916
200.15582437269754,2001.5582437269754,0.01213275864868868,1729841949.6696632
200.15600123965135,2001.5600123965135,0.012059083080498412,1729841949.6798368
200.1561770325838,2001.561770325838,0.011985854518226646,1729841949.6896875
200.1563517580113,2001.563517580113,0.01191307025444266,1729841949.6995816
200.15652542241077,2001.5652542241078,0.011840727598061762,1729841949.7096522
200.15669803221988,2001.5669803221988,0.011768823874274248,1729841949.719692
200.15686959383734,2001.5686959383734,0.01169735642438019,1729841949.7296956
200.1570401136231,2001.570401136231,0.011626322605745032,1729841949.7397501
200.15720959789857,2001.5720959789858,0.011555719791684127,1729841949.7497067
200.15737805294688,2001.5737805294689,0.011485545371381023,1729841949.7605307
200.15754548501306,2001.5754548501307,0.011415796749759566,1729841949.769725
200.15771190030438,2001.5771190030437,0.011346471347443043,1729841949.7798526
200.15787730499045,2001.5787730499046,0.011277566600597866,1729841949.789729
200.15804170520352,2001.580417052035,0.011209079960883828,1729841949.799732
200.15820510703867,2001.5820510703866,0.01114100889535996,1729841949.809697
200.1583675165541,2001.583675165541,0.011073350886372624,1729841949.8197336
200.15852893977132,2001.585289397713,0.011006103431456027,1729841949.8299963
200.15868938267525,2001.5868938267524,0.010939264043271835,1729841949.8397174
200.15884885121466,2001.5884885121466,0.01087283024951502,1729841949.849642
200.15900735130225,2001.5900735130226,0.010806799592794847,1729841949.859718
200.15916488881487,2001.5916488881487,0.010741169630554936,1729841949.8695998
200.15932146959378,2001.5932146959378,0.010675937935016422,1729841949.8797739
200.15947709944484,2001.5947709944485,0.010611102093051827,1729841949.889719
200.15963178413875,2001.5963178413876,0.010546659706108685,1729841949.899589
200.15978552941124,2001.5978552941124,0.010482608390127823,1729841949.9096277
200.15993834096324,2001.5993834096323,0.010418945775445665,1729841949.919756
200.1600902244612,2001.600902244612,0.010355669506726728,1729841949.9296527
200.16024118553716,2001.6024118553717,0.01029277724285349,1729841949.9399874
200.16039122978913,2001.6039122978914,0.010230266656862441,1729841949.949641
200.16054036278112,2001.6054036278113,0.01016813543583217,1729841949.9599786
200.16068859004346,2001.6068859004347,0.010106381280828303,1729841949.9696445
200.16083591707292,2001.6083591707293,0.010045001906804019,1729841949.9798534
200.160982349333,2001.6098234933302,0.009983995042534333,1729841949.9897842
