0.005933654224894213,0.05933654224894212,0.4045664140463917,1729842899.048999
0.011901082346728705,0.11901082346728706,0.4068691745133187,1729842899.0497143
0.017902470479320847,0.17902470479320848,0.40918462452986304,1729842899.0596528
0.023938005691815808,0.23938005691815809,0.4115128292318627,1729842899.0696092
0.030007876012781008,0.3000787601278101,0.41385385403432273,1729842899.0798407
0.036112270434308785,0.36112270434308785,0.4162077646319745,1729842899.0896318
0.04225137891612688,0.4225137891612688,0.41857462699980885,1729842899.0997162
0.048425392389716305,0.48425392389716304,0.4209545073935804,1729842899.1097722
0.054634502762437205,0.5463450276243721,0.4233474723503513,1729842899.119635
0.06087890292166199,0.6087890292166199,0.4257535886889884,1729842899.1296258
0.06715878673891582,0.6715878673891582,0.4281729235106625,1729842899.1396947
0.07347434907402464,0.7347434907402464,0.43060554419936536,1729842899.1498222
0.07982578577926983,0.7982578577926982,0.43305151842235723,1729842899.1597407
0.08621329370355027,0.8621329370355026,0.4355109141306802,1729842899.169697
0.09263707069655107,0.9263707069655107,0.43798379955960065,1729842899.1800559
0.09909731561291889,0.9909731561291889,0.4404702432290709,1729842899.1896968
0.10559422831644416,1.0559422831644416,0.4429703139441913,1729842899.2003765
0.11212800968424946,1.1212800968424945,0.44548408079563273,1729842899.2105756
0.11869886161098445,1.1869886161098444,0.44801161316008276,1729842899.2199554
0.1253069870130266,1.2530698701302658,0.4505529807006451,1729842899.2296596
0.13195258983268857,1.3195258983268856,0.45310825336728555,1729842899.239611
0.13863587504243055,1.3863587504243056,0.45567750139717844,1729842899.2501264
0.1453570486490792,1.453570486490792,0.4582607953151453,1729842899.2595904
0.1521163176980517,1.521163176980517,0.4608582059340208,1729842899.2696643
0.1589138902775852,1.589138902775852,0.46346980435500107,1729842899.279643
0.1657499755229718,1.657499755229718,0.466095661968036,1729842899.2896302
0.17262478362079817,1.7262478362079816,0.4687358504521385,1729842899.2996657
0.17953852581319074,1.7953852581319074,0.47139044177576295,1729842899.309609
0.18649141440206493,1.8649141440206494,0.47405950819708564,1729842899.3196378
0.19348366275337975,1.9348366275337976,0.4767431222643691,1729842899.3296258
0.20051548530139596,2.0051548530139596,0.4794413568162036,1729842899.339617
0.20758709755293936,2.0758709755293934,0.4821542849818571,1729842899.350162
0.21469871609166757,2.1469871609166757,0.48488198018151507,1729842899.3596103
0.22185055858234085,2.2185055858234084,0.48762451612655056,1729842899.369657
0.22904284377509695,2.2904284377509696,0.49038196681981006,1729842899.3801565
0.23627579150972883,2.3627579150972884,0.4931544065557948,1729842899.3896744
0.24354962271996652,2.4354962271996654,0.4959419099209573,1729842899.3998942
0.25086455943776165,2.5086455943776165,0.4987445517938668,1729842899.4105735
0.2582208247975748,2.582208247975748,0.5015624073454273,1729842899.4196155
0.2656186430406664,2.656186430406664,0.5043955520390825,1729842899.4296393
0.2730582395193893,2.730582395193893,0.5072440616309642,1729842899.4395893
0.2805398407014841,2.805398407014841,0.5101080121700708,1729842899.449815
0.2880636741743769,2.880636741743769,0.5129874799984177,1729842899.459935
0.29562996864947877,2.9562996864947877,0.5158825417511687,1729842899.469627
0.3032389539664867,3.032389539664867,0.5187932743567342,1729842899.4797945
0.31089086109768665,3.1089086109768664,0.5217197550369165,1729842899.4895737
0.3185859221522577,3.185859221522577,0.5246620613069738,1729842899.4995892
0.3263243703805768,3.2632437038057684,0.5276202709756895,1729842899.509581
0.33410644017852575,3.3410644017852578,0.5305944621454682,1729842899.5196319
0.3419323670917971,3.419323670917971,0.5335847132123338,1729842899.5296404
0.34980238782020173,3.498023878202017,0.5365911028659934,1729842899.5395908
0.35771674022197636,3.5771674022197635,0.5396137100898376,1729842899.5503433
0.3656756633180907,3.656756633180907,0.5426526141609455,1729842899.559569
0.37367939729655475,3.7367939729655477,0.5457078946500599,1729842899.569652
0.3817281835167253,3.8172818351672526,0.5487796314215555,1729842899.579645
0.3898222645136117,3.8982226451361166,0.551867904633382,1729842899.5895991
0.3979618840021809,3.979618840021809,0.5549727947370052,1729842899.599635
0.4061472868816611,4.061472868816611,0.5580943824773222,1729842899.6095736
0.41437871923984326,4.143787192398433,0.5612327488925385,1729842899.6196487
0.4226564283573823,4.226564283573823,0.5643879753140809,1729842899.6299875
0.43098066271209473,4.309806627120947,0.5675601433664291,1729842899.6402154
0.43935167198325487,4.393516719832549,0.5707493349669733,1729842899.6496875
0.4477697070558885,4.477697070558885,0.5739556323258562,1729842899.6600008
0.4562350200250631,4.562350200250631,0.5771791179457296,1729842899.669725
0.4647478642001759,4.647478642001759,0.5804198746216106,1729842899.679823
0.4733084941092375,4.7330849410923745,0.5836779854405972,1729842899.6896381
0.48191716550315267,4.819171655031527,0.5869535337816395,1729842899.6996806
0.49057413535999683,4.905741353599968,0.5902466033152763,1729842899.7098022
0.49927966188928835,4.992796618892884,0.5935572780033355,1729842899.7195933
0.5080340045362564,5.080340045362563,0.5968856420986296,1729842899.7296588
0.5168374239861036,5.168374239861036,0.6002317801446243,1729842899.7396717
0.5256901821682641,5.256901821682641,0.6035957769750916,1729842899.7503512
0.5345925422606562,5.3459254226065624,0.6069777177137404,1729842899.7596107
0.5435447686939286,5.435447686939287,0.610377687773826,1729842899.7696304
0.5525471271557012,5.525471271557012,0.613795772857732,1729842899.7796109
0.561599884594799,5.61599884594799,0.6172320589565395,1729842899.7900577
0.5707033092254805,5.707033092254806,0.62068663234957,1729842899.7996912
0.5798576705316574,5.798576705316574,0.6241595796039218,1729842899.809683
0.5890632392711082,5.8906323927110815,0.6276509875739443,1729842899.819669
0.5983202874796838,5.983202874796838,0.6311609434007427,1729842899.8296225
0.6076290884755051,6.076290884755052,0.6346895345116,1729842899.839641
0.6169899168631521,6.16989916863152,0.638236848619452,1729842899.8499658
0.6264030485378442,6.264030485378442,0.6418029737222523,1729842899.859569
0.6358687606896125,6.358687606896125,0.6453879981023903,1729842899.8695796
0.6453873318074613,6.4538733180746135,0.6489920103260357,1729842899.8797753
0.6549590416835207,6.549590416835207,0.6526150992424612,1729842899.889635
0.6645841714171891,6.64584171417189,0.6562573539834035,1729842899.899679
0.6742630034192647,6.742630034192647,0.6599188639622832,1729842899.909658
0.6839958214160672,6.839958214160672,0.6635997188735318,1729842899.9195712
0.6937829104535468,6.937829104535468,0.6673000086917743,1729842899.9296904
0.7036245569013836,7.036245569013836,0.6710198236710924,1729842899.9395914
0.7135210484570731,7.135210484570731,0.6747592543441606,1729842899.9502113
0.7234726741500006,7.2347267415000065,0.6785183915214369,1729842899.9598022
0.7334797243455025,7.334797243455025,0.682297326290297,1729842899.969593
0.7435424907489144,7.4354249074891445,0.6860961500141113,1729842899.9798994
0.7536612664096062,7.536612664096062,0.6899149543313577,1729842899.9895713
0.7638363457250023,7.638363457250023,0.693753831154665,1729842899.9996595
0.7740680244445886,7.740680244445885,0.6976128726698069,1729842900.0095873
0.7843565996739039,7.84356599673904,0.7014921713347498,1729842900.0195801
0.7947023698785171,7.947023698785171,0.7053918198785752,1729842900.0296342
0.8051056348879874,8.051056348879873,0.7093119113004523,1729842900.0395834
0.8155666958998102,8.155666958998102,0.7132525388685175,1729842900.0500808
0.8260858554833455,8.260858554833455,0.7172137961187762,1729842900.0595639
0.8366634175837295,8.366634175837294,0.7211957768539649,1729842900.0695906
0.8472996875257698,8.472996875257698,0.7251985751423441,1729842900.0797284
0.8579949720178213,8.579949720178213,0.7292222853165019,1729842900.089646
0.8687495791556459,8.687495791556458,0.733267001972126,1729842900.0996094
0.879563818426252,8.79563818426252,0.7373328199667321,1729842900.1097078
0.8904380007117155,8.904380007117155,0.7414198344183437,1729842900.1195683
0.9013724382929816,9.013724382929816,0.7455281407041853,1729842900.12965
0.912367444853646,9.123674448536459,0.7496578344593104,1729842900.139569
0.9234233354837158,9.234233354837158,0.7538090115751935,1729842900.1503065
0.9345404266833501,9.345404266833501,0.7579817681983244,1729842900.159531
0.9457190363665782,9.45719036366578,0.7621762007287306,1729842900.169651
0.9569594838649962,9.569594838649962,0.7663924058184904,1729842900.1796188
0.9682620899314419,9.682620899314418,0.7706304803702054,1729842900.189595
0.979627176743646,9.79627176743646,0.774890521535453,1729842900.1996753
0.9910550679078599,9.910550679078598,0.7791726267131648,1729842900.2096212
1.0025460884624606,10.025460884624607,0.7834768935480171,1729842900.2196417
1.0141005648815298,10.141005648815298,0.7878034199287648,1729842900.22967
1.025718825078409,10.25718825078409,0.7921523039865396,1729842900.2396603
1.0374011984092297,10.374011984092297,0.7965236440931286,1729842900.249733
1.0491480156764157,10.491480156764156,0.8009175388591804,1729842900.259593
1.060959609132161,10.60959609132161,0.8053340871324303,1729842900.2695596
1.0728363124818794,10.728363124818793,0.8097733879958245,1729842900.2795787
1.0847784608876274,10.847784608876275,0.814235540765689,1729842900.2896094
1.0967863909714988,10.967863909714987,0.8187206449897556,1729842900.2996233
1.1088604408189893,11.088604408189893,0.8232288004452596,1729842900.3096483
1.1210009499823343,11.210009499823343,0.8277601071369202,1729842900.3196614
1.1332082594838155,11.332082594838155,0.8323146652949348,1729842900.3296103
1.145482711819037,11.45482711819037,0.836892575372885,1729842900.339624
1.1578246509601713,11.578246509601712,0.8414939380456613,1729842900.3499217
1.1702344223591732,11.702344223591732,0.8461188542072805,1729842900.3595667
1.1827123729509623,11.827123729509623,0.8507674249687537,1729842900.3696108
1.1952588511565725,11.952588511565725,0.8554397516558073,1729842900.3799489
1.207874206886268,12.078742068862681,0.8601359358066593,1729842900.3897226
1.2205587915426264,12.205587915426264,0.8648560791697059,1729842900.3996809
1.233312958023586,12.333129580235859,0.8696002837011542,1729842900.409961
1.24613706072546,12.4613706072546,0.8743686515626664,1729842900.4196389
1.2590314555459137,12.590314555459138,0.8791612851189122,1729842900.4296324
1.2719964998869049,12.719964998869049,0.8839782869351137,1729842900.439588
1.2850325526575899,12.850325526575899,0.8888197597745248,1729842900.4499137
1.2981399742771893,12.981399742771893,0.8936858065958572,1729842900.4596033
1.3113191266778177,13.113191266778177,0.8985765305507315,1729842900.4695892
1.3245703733072733,13.245703733072734,0.903492034980986,1729842900.4796813
1.337894079131789,13.378940791317891,0.9084324234160225,1729842900.489638
1.3512906106387435,13.512906106387435,0.9133977995700676,1729842900.4996774
1.36476033583933,13.647603358393301,0.9183882673393978,1729842900.509723
1.3783036242711875,13.783036242711875,0.9234039307995311,1729842900.5196495
1.391920847000985,13.919208470009849,0.9284448942023386,1729842900.5298078
1.405612376626967,14.056123766269671,0.9335112619731828,1729842900.5395758
1.4193785872814544,14.193785872814544,0.9386031387079069,1729842900.5499954
1.4332198546333004,14.332198546333004,0.9437206291698875,1729842900.5596116
1.4471365558903035,14.471365558903035,0.948863838286944,1729842900.5696092
1.4611290698015738,14.611290698015738,0.9540328711482687,1729842900.5803144
1.4751977766598536,14.751977766598536,0.9592278330012797,1729842900.5896413
1.4893430583037917,14.893430583037917,0.9644488292484404,1729842900.5996008
1.5035652981201693,15.035652981201693,0.969695965443999,1729842900.6098745
1.5178648810460782,15.178648810460782,0.9749693472907318,1729842900.619822
1.5322421935710508,15.322421935710508,0.9802690806365896,1729842900.629668
1.5466976237391392,15.466976237391393,0.9855952714713209,1729842900.6395752
1.5612315611509446,15.612315611509446,0.9909480259230382,1729842900.649744
1.575844396965596,15.75844396965596,0.9963274502547453,1729842900.6595993
1.5905365239026759,15.905365239026759,1.001733650860781,1729842900.6695704
1.605308336244095,16.05308336244095,1.0071667342632695,1729842900.6799772
1.6201602298359126,16.201602298359127,1.012626807108453,1729842900.6895971
1.6350926020901029,16.350926020901028,1.0181139761630336,1729842900.699569
1.6501058519862672,16.501058519862674,1.0236283483104094,1729842900.7096527
1.6652003800732897,16.6520038007329,1.029170030546923,1729842900.7195797
1.6803765884709378,16.803765884709378,1.0347391299779778,1729842900.7296479
1.6956348808714043,16.956348808714043,1.0403357538141806,1729842900.73957
1.7109756625407928,17.10975662540793,1.0459600093673762,1729842900.7497308
1.7263993403205438,17.263993403205436,1.05161200404664,1729842900.7596254
1.741906322628801,17.41906322628801,1.0572918453542544,1729842900.7696314
1.7574970194617188,17.574970194617187,1.0629996408815705,1729842900.7797568
1.7731718423947065,17.731718423947065,1.0687354983048545,1729842900.7895913
1.7889312045836132,17.88931204583613,1.0744995253810812,1729842900.7995884
1.804775520765848,18.04775520765848,1.0802918299436621,1729842900.8095987
1.8207052072614374,18.207052072614374,1.086112519898088,1729842900.8196065
1.836720681974019,18.36720681974019,1.0919617032175966,1729842900.829661
1.8528223643917692,18.52822364391769,1.0978394879386792,1729842900.8395798
1.8690106755882658,18.69010675588266,1.1037459821566342,1729842900.8497458
1.8852860382232832,18.852860382232834,1.1096812940209775,1729842900.8596072
1.90164887654352,19.0164887654352,1.1156455317308476,1729842900.869622
1.9180996163832584,19.180996163832585,1.1216388035303444,1729842900.8796246
1.9346386851649546,19.346386851649548,1.1276612177037988,1729842900.8896322
1.9512665118997585,19.512665118997585,1.1337128825709817,1729842900.8996246
1.967983527187962,19.679835271879618,1.1397939064822724,1729842900.9096782
1.9847901632193772,19.84790163219377,1.145904397813763,1729842900.9196112
2.001686853773639,20.016868537736393,1.1520444649622776,1729842900.9296372
2.018674034220439,20.186740342204388,1.1582142163403875,1729842900.9395473
2.0357521415196764,20.357521415196764,1.1644137603713043,1729842900.9497266
2.0529216142215447,20.529216142215446,1.1706432054837466,1729842900.959588
2.070182892466532,20.70182892466532,1.1769026601067472,1729842900.9695802
2.0875364179853513,20.875364179853513,1.1831922326644024,1729842900.9797637
2.104982634098787,21.04982634098787,1.1895120315705308,1729842900.9896126
2.1225219857174675,21.225219857174675,1.195862165223315,1729842900.9996161
2.1401549193415565,21.401549193415565,1.2022427419998314,1729842901.010017
2.1578818830603606,21.578818830603606,1.2086538702505711,1729842901.0196784
2.1757033265518593,21.757033265518594,1.2150956582938592,1729842901.0297256
2.1936197010821497,21.936197010821495,1.2215682144102322,1729842901.03959
2.2116314595048103,22.116314595048102,1.228071646836745,1729842901.0497537
2.2297390562601764,22.297390562601763,1.234606063761194,1729842901.0598164
2.2479429473745354,22.479429473745355,1.2411715733163389,1729842901.0695992
2.26624359045923,22.6624359045923,1.2477682835740014,1729842901.0796278
2.2846414447096803,22.846414447096805,1.2543963025391003,1729842901.089616
2.3031369709043124,23.031369709043123,1.261055738143681,1729842901.0996199
2.3217306314034007,23.21730631403401,1.2677466982408072,1729842901.1096954
2.3404228901478206,23.404228901478206,1.2744692905984332,1729842901.1195931
2.3592142126577085,23.592142126577084,1.281223622893223,1729842901.1296368
2.3781050660310306,23.781050660310306,1.2880098027042406,1729842901.1395895
2.3970959189420595,23.970959189420597,1.294827937506656,1729842901.1499517
2.416187241639755,24.16187241639755,1.301678134665317,1729842901.159455
2.4353795059460537,24.353795059460538,1.308560501428306,1729842901.1696372
2.4546731852540575,24.546731852540574,1.3154751449203834,1729842901.179742
2.474068754526131,24.74068754526131,1.3224221721364229,1729842901.1896045
2.4935666902918965,24.935666902918964,1.3294016899347278,1729842901.1996977
2.513167470646134,25.131674706461343,1.3364138050303032,1729842901.2096055
2.53287157524658,25.328715752465797,1.3434586239880604,1729842901.2196302
2.552679485311622,25.52679485311622,1.3505362532159468,1729842901.2296815
2.5725916836179,25.725916836179003,1.3576467989580498,1729842901.2396421
2.592608654497796,25.926086544977963,1.3647903672875286,1729842901.2496252
2.6127308838368264,26.127308838368265,1.3719670640996275,1729842901.259618
2.6329588590709254,26.329588590709253,1.3791769951044879,1729842901.2695937
2.653293069183627,26.53293069183627,1.3864202658199618,1729842901.2800894
2.673734004703137,26.73734004703137,1.3936969815643563,1729842901.2896388
2.6942821576992984,26.942821576992984,1.4010072474490718,1729842901.299662
2.7149380217804486,27.149380217804485,1.4083511683712162,1729842901.309649
2.735702092090167,27.357020920901668,1.41572884900613,1729842901.319625
2.7565748653039104,27.565748653039105,1.4231403937998097,1729842901.3296878
2.7775568396255403,27.7755683962554,1.4305859069613502,1729842901.3396053
2.7986485147837334,27.986485147837335,1.4380654924552259,1729842901.3502398
2.8198503920282807,28.198503920282807,1.4455792539935404,1729842901.359566
2.8411629741262714,28.411629741262715,1.453127295028236,1729842901.3695579
2.862586765358162,28.625867653581622,1.4607097187431775,1729842901.3799627
2.884122271513727,28.84122271513727,1.4683266280462055,1729842901.389635
2.9057699998878945,29.057699998878945,1.4759781255611282,1729842901.399615
2.9275304592764586,29.275304592764584,1.4836643136195802,1729842901.4097066
2.9494041599716776,29.494041599716777,1.4913852942529084,1729842901.419604
2.9713916137577474,29.713916137577474,1.4991411691839138,1729842901.4295876
2.993493333906154,29.934933339061537,1.5069320398185324,1729842901.4395807
3.015709835170904,30.157098351709042,1.5147580072374973,1729842901.4497514
3.038041633783632,30.38041633783632,1.5226191721878637,1729842901.4596152
3.0604892474485794,30.604892474485794,1.5305156350745142,1729842901.4695966
3.0830531953374525,30.830531953374525,1.538447495951572,1729842901.479765
3.1057339980841494,31.057339980841494,1.5464148545137588,1729842901.4896517
3.1285321777793618,31.28532177779362,1.554417810087645,1729842901.4996483
3.151448257965046,31.514482579650462,1.562456461622891,1729842901.5096333
3.174482763628766,31.74482763628766,1.5705309076833744,1729842901.5195618
3.197636221197902,31.97636221197902,1.5786412464382584,1729842901.5296357
3.2209091585337317,32.20909158533732,1.5867875756529957,1729842901.5396197
3.2443021049253753,32.44302104925375,1.594969992680265,1729842901.5498865
3.267815591083607,32.67815591083607,1.6031885944508213,1729842901.5596602
3.2914501491345325,32.91450149134533,1.611443477464296,1729842901.5699315
3.3152063126131295,33.152063126131296,1.6197347377799405,1729842901.580041
3.3390846164566512,33.39084616456651,1.6280624710072429,1729842901.5896125
3.3630855969978932,33.63085596997893,1.636426772296553,1729842901.5996509
3.3872097919583184,33.87209791958318,1.6448277363295825,1729842901.609601
3.411457740441045,34.11457740441045,1.6532654573098435,1729842901.619608
3.435829982923691,34.35829982923691,1.661740028953072,1729842901.6296225
3.460327061251079,34.60327061251079,1.6702515444774795,1729842901.6396503
3.484949518627795,34.84949518627795,1.6788000965940624,1729842901.6498218
3.509697899610606,35.09697899610606,1.6873857774967425,1729842901.6595528
3.5345727501007316,35.34572750100732,1.6960086788524729,1729842901.6696148
3.5595746173359673,35.59574617335967,1.7046688917913206,1729842901.6797357
3.5847040498826646,35.847040498826644,1.7133665068963895,1729842901.689596
3.6099615976275605,36.09961597627561,1.7221016141937744,1729842901.6995943
3.635347811769459,36.35347811769459,1.7308743031423868,1729842901.7096312
3.6608632448107623,36.60863244810762,1.7396846626237226,1729842901.7196937
3.6865084505488515,36.86508450548851,1.7485327809315807,1729842901.729642
3.712283984067315,37.12283984067315,1.75741874576173,1729842901.7396178
3.7381904017270244,37.381904017270244,1.7663426442014396,1729842901.7497377
3.7642282611570557,37.64228261157056,1.775304562719044,1729842901.759631
3.790398121245458,37.90398121245458,1.7843045871533674,1729842901.7696471
3.816700542129863,38.16700542129863,1.7933428027031022,1729842901.7798088
3.8431360851879433,38.43136085187943,1.802419293916162,1729842901.7896066
3.8697053130277053,38.697053130277055,1.8115341446789097,1729842901.7995772
3.896408789477632,38.96408789477632,1.820687438205364,1729842901.8096128
3.92324707957666,39.2324707957666,1.8298792570263371,1729842901.819597
3.9502207495640005,39.50220749564001,1.8391096829785019,1729842901.8295848
3.977330366868797,39.77330366868797,1.8483787971934005,1729842901.8396392
4.00457650009962,40.0457650009962,1.857686680086391,1729842901.8496528
4.031959719033801,40.31959719033801,1.8670334113455267,1729842901.8598397
4.059480594606603,40.59480594606603,1.8764190699204049,1729842901.8695996
4.087139698900221,40.87139698900221,1.885843734010904,1729842901.8798199
4.114937605132624,41.14937605132624,1.8953074810559274,1729842901.8895972
4.142874887646227,41.428748876462265,1.9048103877220113,1729842901.8996158
4.170952121896393,41.70952121896393,1.9143525298919473,1729842901.909688
4.199169884439774,41.991698844397746,1.9239339826532982,1729842901.9196122
4.227528752922476,42.275287529224755,1.9335548202868855,1729842901.9296634
4.256029306068056,42.560293060680564,1.9432151162552058,1729842901.9395897
4.284672123665352,42.84672123665352,1.952914943190783,1729842901.9499364
4.313457786556137,43.13457786556137,1.9626543728845016,1729842901.9596071
4.342386876622602,43.42386876622602,1.9724334762738378,1729842901.969623
4.371459976774669,43.71459976774669,1.9822523234310792,1729842901.9798195
4.400677670937124,44.00677670937124,1.992110983551469,1729842901.9896424
4.43004054403658,44.3004054403658,2.0020095249412853,1729842901.9996064
4.459549181988267,44.59549181988267,2.011948015005916,1729842902.0096915
4.489204171682639,44.892041716826384,2.021926520237823,1729842902.0196283
4.519006100971809,45.190061009718086,2.0319451062045193,1729842902.0296547
4.548955558655805,45.48955558655805,2.0420038375364253,1729842902.0396302
4.579053134468647,45.79053134468647,2.052102777914751,1729842902.0504334
4.609299419064249,46.09299419064249,2.0622419900592783,1729842902.0595837
4.639695004002137,46.396950040021366,2.0724215357161064,1729842902.0696228
4.670240481732986,46.70240481732986,2.0826414756453913,1729842902.079655
4.70093644558398,47.0093644558398,2.0929018696089674,1729842902.0896232
4.731783489743989,47.317834897439894,2.10320277635799,1729842902.099612
4.762782209248566,47.62782209248566,2.113544253620515,1729842902.1097224
4.79393319996475,47.93933199964749,2.1239263580890198,1729842902.1195865
4.825237058575704,48.252370585757035,2.1343491454078967,1729842902.1296315
4.856694382565153,48.56694382565153,2.144812670160917,1729842902.1395986
4.8883057702016455,48.88305770201646,2.1553169858586347,1729842902.1503272
4.920071820522629,49.20071820522629,2.16586214492577,1729842902.1595037
4.951993133318334,49.51993133318334,2.176448198688541,1729842902.1696267
4.9840703091154825,49.84070309115482,2.1870751973619766,1729842902.1796007
5.0163039491608,50.163039491608004,2.1977431900371647,1729842902.1896589
5.048694655404346,50.48694655404346,2.2084522246685214,1729842902.199644
5.081243030482652,50.81243030482652,2.2192023480609606,1729842902.2096403
5.113949677701676,51.13949677701676,2.229993605857082,1729842902.2196083
5.146815201019567,51.46815201019567,2.240826042524313,1729842902.2296453
5.17984020502924,51.7984020502924,2.251699701342017,1729842902.2396042
5.21302529494076,52.1302529494076,2.2626146243885747,1729842902.249682
5.2463710765635385,52.46371076563538,2.2735708525284535,1729842902.2596114
5.2798781562883415,52.79878156288341,2.2845684253992227,1729842902.2696493
5.3135471410691,53.135471410691004,2.2956073813985896,1729842902.2796397
5.347378638404539,53.47378638404539,2.30668775767135,1729842902.2897186
5.3813732563196055,53.813732563196055,2.3178095900963998,1729842902.2996294
5.415531603346716,54.15531603346716,2.328972913273641,1729842902.3102672
5.449854288506802,54.49854288506802,2.3401777605109206,1729842902.3196516
5.484341921290167,54.84341921290167,2.3514241638109485,1729842902.3296924
5.518995111637159,55.189951116371596,2.3627121538581948,1729842902.339607
5.553814469918636,55.538144699186354,2.3740417600057473,1729842902.3502495
5.588800606916249,55.888006069162486,2.385413010262213,1729842902.359579
5.623954133802532,56.23954133802532,2.3968259312785394,1729842902.3703704
5.659275662120796,56.592756621207954,2.408280548334881,1729842902.3797054
5.694765803764827,56.947658037648274,2.4197768853274413,1729842902.3896048
5.730425170958404,57.304251709584044,2.431314964755291,1729842902.3996632
5.7662543762346035,57.66254376234603,2.4428948077072015,1729842902.409653
5.802254032414929,58.02254032414929,2.4545164338484655,1729842902.4195297
5.838424752588238,58.38424752588238,2.4661798614077206,1729842902.4296916
5.874767150089476,58.74767150089476,2.4778851071637575,1729842902.439635
5.9112818384782235,59.11281838478224,2.489632186432371,1729842902.4502628
5.94796943151704,59.479694315170406,2.501421113053145,1729842902.4595659
5.984830543149623,59.84830543149623,2.5132518993763258,1729842902.4695733
6.021865787478769,60.218657874787695,2.525124556249618,1729842902.4796255
6.0590757787441465,60.59075778744146,2.5370390930050473,1729842902.489596
6.096461131299869,60.96461131299869,2.5489955174458183,1729842902.499636
6.1340224595918835,61.34022459591883,2.5609938358331803,1729842902.5096471
6.17176037813516,61.717603781351606,2.5730340528732922,1729842902.5196393
6.209675501490693,62.09675501490693,2.5851161717041276,1729842902.529663
6.2477684442423085,62.47768444242308,2.597240193882395,1729842902.5396247
6.286039820973279,62.86039820973279,2.609406119370454,1729842902.5502014
6.324490246242752,63.244902462427525,2.621613946523272,1729842902.5596247
6.36312033456198,63.6312033456198,2.6338636720753987,1729842902.56963
6.401930700370367,64.01930700370367,2.6461552911279806,1729842902.5797915
6.440921958011318,64.40921958011317,2.658488797135756,1729842902.589622
6.480094721707904,64.80094721707904,2.670864181894138,1729842902.5996182
6.5194496055383375,65.19449605538338,2.6832814355262924,1729842902.6101499
6.558987223411253,65.58987223411253,2.6957405464702573,1729842902.6195803
6.5987081890408055,65.98708189040805,2.7082415014660786,1729842902.629627
6.638613115921579,66.3861311592158,2.7207842855430346,1729842902.6396449
6.678702617303309,66.7870261730331,2.733368882006829,1729842902.6501253
6.718977306165413,67.18977306165412,2.7459952724269012,1729842902.6595743
6.759437795191341,67.59437795191342,2.7586634366236877,1729842902.6696203
6.800084696742742,68.00084696742742,2.771373352656033,1729842902.6796882
6.840918622833434,68.40918622833433,2.784124996808557,1729842902.6896298
6.881940185103206,68.81940185103205,2.7969183435791303,1729842902.6995595
6.923149994791425,69.23149994791424,2.809753365666384,1729842902.7096424
6.964548662710466,69.64548662710466,2.8226300339572497,1729842902.719675
7.006136799218957,70.06136799218957,2.8355483175145944,1729842902.729607
7.047915014194849,70.47915014194848,2.8485081835648884,1729842902.7396252
7.0898839170082955,70.89883917008295,2.8615095974859575,1729842902.7497478
7.132044116494369,71.32044116494369,2.8745525227947573,1729842902.7595832
7.174396220925583,71.74396220925584,2.887636921135252,1729842902.7696698
7.216940837984248,72.16940837984248,2.900762752266342,1729842902.7798593
7.259678574734646,72.59678574734646,2.913929974049873,1729842902.7897394
7.302610037595032,73.02610037595032,2.9271385424387013,1729842902.7996848
7.3457358323094635,73.45735832309464,2.9403884114648466,1729842902.8100984
7.389056563919454,73.89056563919455,2.953679533227719,1729842902.819689
7.432572836735458,74.32572836735459,2.967011857882423,1729842902.829627
7.476285254308182,74.76285254308182,2.9803853336281367,1729842902.839925
7.520194419399729,75.20194419399729,2.993799906696596,1729842902.8499064
7.564300933954576,75.64300933954576,3.0072555213406424,1729842902.8596158
7.608605399070382,76.08605399070382,3.0207521198228724,1729842902.869636
7.653108414968634,76.53108414968634,3.0342896424043815,1729842902.8798223
7.697810580965127,76.97810580965127,3.0478680273335748,1729842902.8897507
7.742712495440283,77.42712495440283,3.061487210835134,1729842902.8996406
7.787814755809306,77.87814755809306,3.0751471270990063,1729842902.9096415
7.833117958492183,78.33117958492183,3.088847708269552,1729842902.919664
7.878622698883523,78.78622698883522,3.102588884434777,1729842902.9296696
7.924329571322239,79.24329571322238,3.116370583615672,1729842902.9396253
7.970239169061079,79.7023916906108,3.130192731755658,1729842902.9500387
8.016352084236003,80.16352084236003,3.144055252710152,1729842902.9595594
8.062668907835404,80.62668907835403,3.157958068236237,1729842902.9696
8.109190229669183,81.09190229669183,3.171901097982449,1729842902.9797084
8.155916638337679,81.55916638337679,3.185884259478704,1729842902.9896324
8.202848721200448,82.02848721200448,3.1999074681263187,1729842902.9996414
8.249987064344896,82.49987064344896,3.2139706371881642,1729842903.0097132
8.297332252554778,82.97332252554779,3.228073677778961,1729842903.019606
8.344884869278545,83.44884869278545,3.2422164988557034,1729842903.0296125
8.392645496597565,83.92645496597565,3.256399007208171,1729842903.0396266
8.440614715194197,84.40614715194198,3.2706211074496503,1729842903.049758
8.488793104319734,84.88793104319734,3.28488270200773,1729842903.0595498
8.537181241762214,85.37181241762214,3.2991836911152754,1729842903.069635
8.585779703814103,85.85779703814103,3.3135239728015193,1729842903.0797005
8.63458906523984,86.3458906523984,3.3279034428833274,1729842903.089575
8.68360989924327,86.83609899243271,3.342321994956583,1729842903.0996647
8.732842777434941,87.32842777434941,3.356779520387737,1729842903.1099644
8.782288269799286,87.82288269799287,3.371275908305516,1729842903.119525
8.831946944661683,88.31946944661682,3.385811045592776,1729842903.1296628
8.881819368655394,88.81819368655394,3.4003848168785273,1729842903.139563
8.931906106688405,89.31906106688405,3.4149971045301024,1729842903.1497822
8.982207721910132,89.82207721910132,3.4296477886455055,1729842903.1595113
9.03272477567803,90.32724775678031,3.4443367470459334,1729842903.1696591
9.083457827524096,90.83457827524097,3.4590638552684405,1729842903.179636
9.134407435121258,91.34407435121258,3.473828986558794,1729842903.1895742
9.185574154249672,91.85574154249672,3.48863201186451,1729842903.1996336
9.23695853876291,92.36958538762909,3.5034727998280566,1729842903.209588
9.28856114055406,92.8856114055406,3.5183512167802284,1729842903.2196052
9.340382509521726,93.40382509521726,3.5332671267337403,1729842903.2296302
9.392423193535935,93.92423193535934,3.5482203913769483,1729842903.2395813
9.444683738403958,94.44683738403958,3.5632108700678167,1729842903.2497685
9.49716468783605,94.97164687836049,3.5782384198280486,1729842903.2595646
9.549866583411095,95.49866583411095,3.5933028953374055,1729842903.269684
9.60278996454218,96.02789964542181,3.6084041489282344,1729842903.2799435
9.65593536844209,96.5593536844209,3.6235420305801798,1729842903.2897017
9.709303330088725,97.09303330088724,3.6387163879151263,1729842903.2995808
9.762894382190447,97.62894382190447,3.653927066192316,1729842903.3096426
9.816709055151366,98.16709055151365,3.6691739083036703,1729842903.3196146
9.87074787703654,98.70747877036541,3.684456754769349,1729842903.3296502
9.925011373537147,99.25011373537147,3.6997754437334995,1729842903.3396304
9.979500067935557,99.79500067935558,3.715129810960221,1729842903.3504205
10.034214481070384,100.34214481070384,3.7305196898297535,1729842903.3595626
10.089155131301458,100.89155131301459,3.7459449113348713,1729842903.3696764
10.144322534474773,101.44322534474773,3.761405304077532,1729842903.3797355
10.19971720388736,101.9971720388736,3.7769006942657013,1729842903.389638
10.255339650252143,102.55339650252142,3.792430905710445,1729842903.3997114
10.311190381662742,103.11190381662742,3.8079957598232195,1729842903.4096255
10.367269903558242,103.67269903558241,3.823595075613431,1729842903.4196067
10.423578718687928,104.23578718687928,3.8392286696861833,1729842903.429606
10.480117327075998,104.80117327075999,3.8548963562403022,1729842903.4396026
10.536886225986239,105.36886225986238,3.870597947066564,1729842903.4500556
10.59388590988669,105.93885909886691,3.8863332515461986,1729842903.4595735
10.651116870414288,106.51116870414288,3.902102076649615,1729842903.4696891
10.708579596339481,107.08579596339482,3.917904226935364,1729842903.4796598
10.766274573530856,107.66274573530856,3.933739504549383,1729842903.4896243
10.824202284919737,108.24202284919737,3.9496077092244484,1729842903.4996495
10.882363210464797,108.82363210464797,3.9655086382799167,1729842903.5097008
10.940757827116652,109.40757827116653,3.981442086621696,1729842903.5195575
10.99938660878247,109.9938660878247,3.9974078467424823,1729842903.5296772
11.058250026290587,110.58250026290587,4.013405708722265,1729842903.5395994
11.117348547355128,111.17348547355128,4.029435460229073,1729842903.549787
11.17668263654065,111.7668263654065,4.045496886520004,1729842903.559595
11.2362527552268,112.362527552268,4.06158977044249,1729842903.5696077
11.29605936157299,112.96059361572989,4.077713892435882,1729842903.579647
11.356102910483111,113.5610291048311,4.093869030533233,1729842903.5895667
11.416383853570274,114.16383853570274,4.110054960363423,1729842903.5996273
11.476902639121574,114.76902639121575,4.126271455153496,1729842903.6095884
11.53765971206291,115.3765971206291,4.142518285731333,1729842903.6195874
11.598655513923836,115.98655513923836,4.158795220528523,1729842903.6296494
11.659890482802464,116.59890482802464,4.1751020255836035,1729842903.6396077
11.721365053330413,117.21365053330413,4.191438464545511,1729842903.6497715
11.783079656637824,117.83079656637824,4.207804298677334,1729842903.6595366
11.845034720318418,118.45034720318418,4.224199286860371,1729842903.669613
11.907230668394636,119.07230668394635,4.240623185598448,1729842903.679575
11.969667921282824,119.69667921282823,4.257075749022524,1729842903.6896055
12.032346895758517,120.32346895758516,4.273556728895613,1729842903.6996663
12.095268004921776,120.95268004921776,4.290065874617957,1729842903.7096407
12.158431658162616,121.58431658162615,4.30660293323251,1729842903.7196302
12.221838261126521,122.21838261126521,4.323167649430724,1729842903.729668
12.28548821568004,122.8548821568004,4.339759765558625,1729842903.7395751
12.34938191987648,123.4938191987648,4.356379021623154,1729842903.750363
12.413519767921702,124.13519767921701,4.373025155298864,1729842903.7595625
12.47790215014001,124.7790215014001,4.389697901934848,1729842903.7696166
12.542529452940151,125.42529452940151,4.406396994562031,1729842903.779812
12.607402058781433,126.07402058781433,4.423122163900711,1729842903.78961
12.672520346139942,126.72520346139942,4.439873138368428,1729842903.7996008
12.737884689474889,127.37884689474889,4.456649644088149,1729842903.8098977
12.803495459195087,128.03495459195088,4.473451404896705,1729842903.8196602
12.869353021625544,128.69353021625545,4.490278142353596,1729842903.8296695
12.935457738974197,129.35457738974196,4.507129575750058,1729842903.8396251
13.001809969298781,130.01809969298782,4.52400542211846,1729842903.8497791
13.068410066473843,130.68410066473842,4.540905396241989,1729842903.8595808
13.135258380157898,131.352583801579,4.557829210664667,1729842903.8696468
13.202355255760741,132.02355255760742,4.574776575701645,1729842903.8800774
13.269701034410913,132.69701034410912,4.59174719944985,1729842903.8896341
13.337296052923323,133.37296052923324,4.608740787798899,1729842903.8996484
13.405140643767046,134.05140643767047,4.625757044442344,1729842903.9098442
13.473235135033278,134.73235135033278,4.642795670889235,1729842903.9196846
13.54157985040347,135.4157985040347,4.659856366475983,1729842903.9296014
13.61017510911765,136.1017510911765,4.676938828378529,1729842903.9396513
13.679021225942906,136.79021225942907,4.694042751624846,1729842903.9497933
13.74811851114208,137.48118511142079,4.711167829107734,1729842903.959566
13.817467270442641,138.17467270442643,4.728313751597938,1729842903.9695947
13.88706780500576,138.8706780500576,4.7454802077575735,1729842903.979619
13.95692041139558,139.56920411395578,4.762666884153864,1729842903.989623
14.027025381548702,140.27025381548702,4.779873465273208,1729842903.9996798
14.097383002743877,140.97383002743877,4.797099633535528,1729842904.0096827
14.167993557571911,141.67993557571913,4.814345069308961,1729842904.0196545
14.23885732390579,142.3885732390579,4.831609450924832,1729842904.0295975
14.309974574871037,143.09974574871038,4.8488924546929795,1729842904.0396178
14.381345578816283,143.81345578816283,4.86619375491736,1729842904.0502322
14.452970599284093,144.52970599284095,4.883513023911964,1729842904.0596008
14.524849894982008,145.2484989498201,4.900849932017072,1729842904.0695975
14.596983719753844,145.96983719753842,4.918204147615777,1729842904.0797024
14.669372322551235,146.69372322551234,4.935575337150864,1729842904.0896335
14.742015947405422,147.42015947405423,4.952963165141971,1729842904.0996454
14.81491483339931,148.1491483339931,4.97036729420304,1729842904.1096494
14.888069214639772,148.88069214639773,4.987787385060138,1729842904.119618
14.961479320230229,149.61479320230228,5.005223096569508,1729842904.1297176
15.035145374243493,150.35145374243493,5.022674085735986,1729842904.1395893
15.109067595694892,151.09067595694893,5.040140007731694,1729842904.1497476
15.183246198515663,151.83246198515664,5.057620515915031,1729842904.159579
15.257681391526638,152.57681391526637,5.075115261849995,1729842904.1695883
15.332373378412212,153.3237337841221,5.092623895325782,1729842904.1796057
15.407322357694605,154.07322357694605,5.11014606437669,1729842904.189639
15.482528522708419,154.82528522708418,5.1276814153023205,1729842904.1996999
15.557992061575497,155.579920615755,5.145229592688086,1729842904.209951
15.633713157180086,156.33713157180085,5.1627902394260134,1729842904.2196126
15.70969198714431,157.0969198714431,5.180362996735816,1729842904.2297478
15.78592872380396,157.8592872380396,5.197947504186309,1729842904.2395804
15.86242353418459,158.6242353418459,5.215543399717049,1729842904.250082
15.939176579977952,159.3917657997795,5.233150319660324,1729842904.2595675
16.016188017518743,160.16188017518743,5.250767898763401,1729842904.2696157
16.093457997761696,160.93457997761698,5.2683957702110495,1729842904.2797215
16.17098666625899,161.7098666625899,5.28603356564838,1729842904.2895744
16.248774163138012,162.48774163138012,5.303680915203926,1729842904.2996383
16.326820623079453,163.26820623079453,5.321337447513053,1729842904.3096595
16.405126175295756,164.05126175295754,5.339002789741583,1729842904.319585
16.483690943509917,164.83690943509916,5.356676567609746,1729842904.3296576
16.56251504593464,165.6251504593464,5.374358405416391,1729842904.3396358
16.641598595251832,166.41598595251833,5.392047926063443,1729842904.3505912
16.720941698592508,167.2094169859251,5.409744751080651,1729842904.3596146
16.800544457517,168.00544457516997,5.427448500650609,1729842904.3696346
16.88040696799559,168.8040696799559,5.445158793634005,1729842904.3798032
16.960529320389494,169.60529320389495,5.4628752475951705,1729842904.3896706
17.040911599432217,170.40911599432218,5.480597478827851,1729842904.3996124
17.121553884211313,171.21553884211312,5.498325102381247,1729842904.409607
17.202456248150504,172.02456248150503,5.5160577320863196,1729842904.4196267
17.283618758992212,172.83618758992213,5.533794980582319,1729842904.4296303
17.365041478780466,173.65041478780466,5.551536459343576,1729842904.4399476
17.44672446384422,174.4672446384422,5.569281778706514,1729842904.449982
17.52866776478106,175.2866776478106,5.587030547896937,1729842904.4595516
17.610871426441314,176.10871426441315,5.604782375057523,1729842904.469631
17.693335487912584,176.93335487912583,5.622536867275553,1729842904.4797711
17.776059982504666,177.76059982504665,5.640293630610877,1729842904.4896476
17.859044937734897,178.59044937734896,5.658052270124118,1729842904.4996288
17.942290375313917,179.42290375313917,5.675812389905059,1729842904.5097513
18.025796311131856,180.25796311131856,5.693573593101292,1729842904.5195568
18.10956275524493,181.0956275524493,5.711335481947058,1729842904.5296
18.193589711862472,181.93589711862472,5.729097657792303,1729842904.5395477
18.2778771793344,182.778771793344,5.7468597211319485,1729842904.5499587
18.362425150139096,183.62425150139097,5.764621271635348,1729842904.5595922
18.44723361087174,184.4723361087174,5.782381908175976,1729842904.5696094
18.53230254223308,185.3230254223308,5.800141228861262,1729842904.5797281
18.617631919018628,186.1763191901863,5.817898831062692,1729842904.589598
18.703221710108313,187.03221710108312,5.835654311446008,1729842904.5995939
18.78907187845658,187.8907187845658,5.853407266001662,1729842904.6096616
18.87518238108293,188.7518238108293,5.871157290075433,1729842904.6196382
18.961553169062917,189.61553169062915,5.888903978399189,1729842904.629609
19.048184187519603,190.48184187519604,5.906646925121854,1729842904.6395853
19.135075375615454,191.35075375615455,5.92438572384055,1729842904.650133
19.22222666654472,192.2222666654472,5.942119967631845,1729842904.659592
19.30963798752625,193.09637987526253,5.959849249083233,1729842904.6696212
19.397309259796785,193.97309259796785,5.9775731603247255,1729842904.6797204
19.485240398604716,194.85240398604716,5.9952912930605775,1729842904.6896188
19.57343131320431,195.7343131320431,6.013003238601215,1729842904.6996467
19.661881906850393,196.61881906850394,6.030708587895242,1729842904.7096572
19.750592076793527,197.50592076793527,6.048406931561624,1729842904.719604
19.839561714275646,198.39561714275646,6.066097859921981,1729842904.7296069
19.92879070452616,199.28790704526162,6.083780963033024,1729842904.739591
20.01827892675857,200.1827892675857,6.101455830719087,1729842904.7498367
20.10802625416751,201.0802625416751,6.119122052604801,1729842904.7595887
20.198032553926318,201.98032553926316,6.136779218147876,1729842904.7695808
20.28829768718507,202.8829768718507,6.154426916671965,1729842904.7799153
20.37882150906909,203.78821509069093,6.1720647373996735,1729842904.789626
20.469603868677957,204.69603868677956,6.18969226948562,1729842904.7996628
20.56064460908499,205.6064460908499,6.207309102049607,1729842904.8095808
20.651943567337227,206.51943567337227,6.224914824209909,1729842904.8195915
20.743500574455904,207.43500574455905,6.24250902511658,1729842904.8295739
20.835315455437392,208.35315455437393,6.26009129398489,1729842904.8395653
20.927388029254654,209.27388029254655,6.2776612201288104,1729842904.8500872
21.019718108859188,210.1971810885919,6.295218392994567,1729842904.8595505
21.11230550118345,211.12305501183448,6.312762402194257,1729842904.869717
21.20515000714379,212.05150007143789,6.330292837539519,1729842904.879824
21.29825142164387,212.9825142164387,6.347809289075261,1729842904.8895729
21.391609533578578,213.91609533578577,6.365311347113418,1729842904.8995852
21.485224125838442,214.85224125838442,6.382798602266761,1729842904.9096553
21.579094975314543,215.79094975314544,6.4002706454827445,1729842904.9195738
21.673221852903914,216.73221852903913,6.417727068077363,1729842904.9296377
21.76760452351544,217.67604523515442,6.435167461769056,1729842904.9396174
21.862242746076273,218.62242746076274,6.4525914187126165,1729842904.9502745
21.95713627353871,219.57136273538708,6.469998531533107,1729842904.959549
22.0522848528876,220.52284852887598,6.4873883933598,1729842904.9696217
22.147688225148233,221.47688225148232,6.5047605978601055,1729842904.9797692
22.243346125394737,222.43346125394737,6.522114739273501,1729842904.9896297
22.33925828275895,223.3925828275895,6.539450412445453,1729842904.999596
22.435424420439823,224.35424420439824,6.556767212861315,1729842905.0096824
22.531844255713292,225.31844255713293,6.574064736680225,1729842905.0196347
22.628517499942657,226.28517499942657,6.591342580768944,1729842905.029603
22.725443858589458,227.25443858589458,6.60860034273571,1729842905.0395906
22.82262303122485,228.2262303122485,6.6258376209640035,1729842905.0498354
22.920054711541464,229.20054711541465,6.643054014646313,1729842905.059549
23.017738587365763,230.1773858736576,6.660249123817828,1729842905.0696464
23.115674340670903,231.15674340670904,6.677422549390083,1729842905.0801716
23.213861647590072,232.13861647590073,6.694573893184557,1729842905.0895948
23.312300178430334,233.12300178430334,6.71170275796618,1729842905.0995836
23.410989597686953,234.10989597686952,6.728808747476804,1729842905.1096869
23.509929564058208,235.09929564058208,6.74589146646857,1729842905.119592
23.609119730460705,236.09119730460705,6.762950520737209,1729842905.1296644
23.708559744045164,237.08559744045164,6.7799855171552466,1729842905.1395807
23.808249246212707,238.08249246212708,6.79699606370513,1729842905.149745
23.90818787263161,239.08187872631612,6.813981769512247,1729842905.1594522
24.00837525325456,240.0837525325456,6.830942244877833,1729842905.169662
24.108811012336368,241.08811012336366,6.847877101311797,1729842905.1797123
24.209494768452192,242.0949476845219,6.864785951565404,1729842905.1896014
24.31042613451621,243.1042613451621,6.88166840966386,1729842905.199599
24.41160471780078,244.11604717800782,6.898524090938755,1729842905.2096505
24.51303011995609,245.13030119956088,6.915352612060395,1729842905.2196527
24.614701937030233,246.14701937030233,6.932153591069972,1729842905.2295966
24.716619759489824,247.16619759489822,6.948926647411634,1729842905.2396348
24.818783172241016,248.18783172241015,6.965671401964356,1729842905.2498024
24.921191754651012,249.2119175465101,6.982387477073715,1729842905.2596052
25.02384508057005,250.23845080570052,6.999074496583457,1729842905.2696226
25.126742718353835,251.26742718353836,7.015732085866948,1729842905.279646
25.22988423088642,252.2988423088642,7.032359871858421,1729842905.28961
25.33326917560357,253.33269175603567,7.048957483084074,1729842905.299613
25.43689710451655,254.3689710451655,7.065524549692982,1729842905.3096175
25.540767564236397,255.40767564236398,7.0820607034878345,1729842905.3195853
25.644880095998598,256.448800959986,7.098565577955468,1729842905.329613
25.749234235688252,257.49234235688255,7.115038808297221,1729842905.339567
25.853829513865655,258.53829513865657,7.131480031459095,1729842905.349752
25.958665455792325,259.5866545579232,7.1478888861617005,1729842905.3595867
26.063741581457464,260.63741581457464,7.164265012929999,1729842905.3697248
26.169057405604867,261.69057405604866,7.180608054122843,1729842905.3797293
26.274612437760236,262.74612437760237,7.196917653962289,1729842905.389651
26.380406182258938,263.80406182258935,7.213193458562693,1729842905.399629
26.48643813827418,264.86438138274184,7.229435115959572,1729842905.4099746
26.592707799845616,265.9270779984562,7.245642276138249,1729842905.4196794
26.69921465590835,266.9921465590835,7.261814591062255,1729842905.4296076
26.80595819032236,268.0595819032236,7.277951714701488,1729842905.4396024
26.91293788190235,269.1293788190235,7.294053303060128,1729842905.4497104
27.020153204447983,270.20153204447985,7.310119014204312,1729842905.4595942
27.127603626774512,271.2760362677451,7.326148508289541,1729842905.469698
27.235288612743847,272.35288612743847,7.342141447587846,1729842905.4798882
27.343207621295978,273.43207621295977,7.358097496514673,1729842905.4896493
27.451360106480802,274.51360106480803,7.3740163216555255,1729842905.499629
27.55974551749034,275.5974551749034,7.38989759179231,1729842905.5095806
27.66836329869134,276.6836329869134,7.405740977929426,1729842905.5196035
27.77721288965823,277.77212889658233,7.421546153319574,1729842905.5296044
27.8862937252065,278.86293725206497,7.437312793489277,1729842905.5396252
27.995605235426392,279.95605235426393,7.453040576264114,1729842905.5498002
28.105146845717005,281.0514684571701,7.4687291817936705,1729842905.5595872
28.214917976820733,282.1491797682073,7.484378292576188,1729842905.569599
28.32491804485807,283.2491804485807,7.499987593482927,1729842905.5796993
28.435146461362766,284.3514646136277,7.515556771782207,1729842905.5896366
28.545602633317344,285.45602633317344,7.531085517163168,1729842905.599677
28.656285963188928,286.5628596318893,7.546573521759204,1729842905.6096735
28.767195848965454,287.6719584896545,7.562020480171092,1729842905.6196027
28.878331684192172,288.7833168419217,7.5774260894898,1729842905.6296597
28.98969285800852,289.8969285800852,7.592790049318995,1729842905.6395957
29.10127875518528,291.0127875518528,7.608112061797203,1729842905.6502423
29.213088756162097,292.13088756162097,7.623391831619659,1729842905.6596115
29.325122237085278,293.25122237085276,7.638629066059832,1729842905.669694
29.437378569845922,294.37378569845924,7.653823474990607,1729842905.6800654
29.549857122118357,295.49857122118357,7.668974770905138,1729842905.689618
29.662557257398863,296.6255725739886,7.6840826689373785,1729842905.699693
29.7754783350447,297.754783350447,7.699146886882243,1729842905.7097354
29.88861971031343,298.8861971031343,7.714167145215454,1729842905.7196147
30.00198073440253,300.0198073440253,7.729143167113028,1729842905.7296631
30.115560754489252,301.1556075448925,7.744074678470421,1729842905.7395768
30.229359113770812,302.2935911377081,7.7589614079213165,1729842905.7497034
30.343375151504805,303.4337515150481,7.77380308685608,1729842905.7595992
30.457608203049904,304.57608203049904,7.788599449439826,1729842905.7695737
30.57205759990682,305.7205759990682,7.8033502326301685,1729842905.779907
30.68672266975951,306.86722669759513,7.818055176194576,1729842905.7896163
30.801602736516646,308.01602736516645,7.832714022727381,1729842905.7997074
30.916697120353305,309.1669712035331,7.847326517666439,1729842905.8095405
31.032005137752922,310.32005137752924,7.861892409309404,1729842905.8196192
31.14752610154947,311.4752610154947,7.876411448829637,1729842905.829648
31.263259320969862,312.6325932096986,7.890883390291758,1729842905.8395948
31.379204101676574,313.7920410167657,7.905307990666823,1729842905.8502529
31.4953597458105,314.953597458105,7.919685009847124,1729842905.8596308
31.611725552033995,316.11725552033994,7.934014210660628,1729842905.8696177
31.728300815574155,317.2830081557415,7.94829535888502,1729842905.879688
31.845084828266263,318.4508482826626,7.962528223261401,1729842905.8896039
31.96207687859746,319.62076878597463,7.976712575507572,1729842905.8996384
32.079276251750585,320.7927625175058,7.990848190330973,1729842905.909883
32.19668222964822,321.9668222964822,8.004934845441225,1729842905.919622
32.314294090996874,323.14294090996873,8.018972321562293,1729842905.9296143
32.4321111113314,324.32111111331403,8.032960402444264,1729842905.9395933
32.55013256305953,325.50132563059526,8.046898874874767,1729842905.950174
32.668357715506566,326.6835771550657,8.060787528689962,1729842905.959536
32.78678583496029,327.8678583496029,8.07462615678521,1729842905.9696827
32.905416184715946,329.05416184715943,8.088414555125285,1729842905.979923
33.02424802512142,330.24248025121426,8.102152522754276,1729842905.9895887
33.14328061362256,331.43280613622557,8.115839861805041,1729842905.9996264
33.262513204808556,332.62513204808556,8.129476377508317,1729842906.00966
33.381945050457574,333.81945050457574,8.143061878201424,1729842906.0196166
33.501575399582386,335.01575399582384,8.156596175336588,1729842906.0296063
33.62140349847619,336.2140349847619,8.170079083488881,1729842906.0396433
33.74142859075854,337.4142859075854,8.18351042036377,1729842906.0497
33.86164991742133,338.61649917421335,8.196890006804292,1729842906.0596066
33.982066716874954,339.82066716874954,8.210217666797812,1729842906.06962
34.10267822499447,341.0267822499447,8.223493227482441,1729842906.079601
34.22348367516593,342.2348367516593,8.236716519153036,1729842906.089614
34.34448229833276,343.4448229833276,8.249887375266821,1729842906.0996044
34.46567332304219,344.6567332304219,8.26300563244863,1729842906.1096625
34.58705597549183,345.8705597549183,8.276071130495762,1729842906.1196408
34.70862947957623,347.08629479576234,8.289083712382457,1729842906.1296258
34.830393056933545,348.3039305693354,8.302043224263981,1729842906.1395643
34.95234592699224,349.52345926992234,8.314949515480338,1729842906.1497629
35.07448730701786,350.74487307017864,8.3278024385596,1729842906.1594944
35.196816412159826,351.96816412159825,8.340601849220848,1729842906.169717
35.31933245549827,353.1933245549827,8.353347606376744,1729842906.1795876
35.44203464809091,354.4203464809091,8.366039572135724,1729842906.189638
35.56492219901995,355.6492219901995,8.378677611803809,1729842906.1996462
35.687994315439,356.87994315439,8.391261593886046,1729842906.2106216
35.811250202619995,358.11250202619993,8.40379139008757,1729842906.219852
35.93468906400017,359.3468906400017,8.41626687531429,1729842906.2296555
36.05831010122897,360.5831010122897,8.428687927673225,1729842906.2395554
36.18211251421504,361.82112514215044,8.441054428472436,1729842906.2497008
36.306095501173154,363.06095501173155,8.453366262220616,1729842906.2596126
36.43025825867112,364.3025825867112,8.465623316626306,1729842906.269645
36.554599981676716,365.54599981676716,8.477825482596742,1729842906.2797983
36.679119863604605,366.79119863604603,8.489972654236338,1729842906.289592
36.803817096363154,368.03817096363156,8.502064728844822,1729842906.299608
36.9286908704013,369.28690870401294,8.514101606914984,1729842906.3096566
37.053740374755314,370.5374037475531,8.526083192130102,1729842906.3195827
37.17896479709559,371.7896479709559,8.538009391360983,1729842906.3296704
37.30436332377331,373.0436332377331,8.549880114662665,1729842906.339594
37.42993513986712,374.2993513986712,8.561695275270761,1729842906.3503997
37.555679429229706,375.55679429229707,8.573454789597466,1729842906.3596027
37.681595374534325,376.8159537453432,8.5851585772272,1729842906.3696315
37.80768215732125,378.07682157321256,8.596806560911919,1729842906.3796487
37.93393895804418,379.3393895804418,8.608398666566076,1729842906.3896773
38.06036495611651,380.60364956116507,8.619934823261255,1729842906.3996217
38.186959329957574,381.86959329957574,8.631414963220445,1729842906.4096599
38.313721257038786,383.1372125703879,8.64283902181201,1729842906.4196508
38.440649913929654,384.40649913929656,8.654206937543295,1729842906.429661
38.567744476343734,385.67744476343734,8.665518652053926,1729842906.4396148
38.69500411918447,386.95004119184466,8.676774110108775,1729842906.4500675
38.822428016590905,388.224280165909,8.687973259590601,1729842906.4596102
38.95001534198333,389.5001534198333,8.699116051492368,1729842906.4697342
39.07776526810875,390.7776526810875,8.710202439909247,1729842906.4799461
39.20567696708627,392.0567696708627,8.721232382030308,1729842906.4896185
39.33374961045237,393.3374961045237,8.732205838129884,1729842906.4996786
39.46198236920599,394.6198236920599,8.743122771558646,1729842906.5097766
39.59037441385353,395.90374413853533,8.753983148734356,1729842906.5196166
39.7189249144537,397.18924914453703,8.764786939132323,1729842906.5296497
39.84763304066222,398.4763304066222,8.775534115275557,1729842906.5396502
39.97649796177633,399.7649796177633,8.786224652724627,1729842906.5499108
40.10551884677927,401.0551884677927,8.79685853006723,1729842906.559604
40.23469486438444,402.34694864384437,8.807435728907452,1729842906.5696018
40.36402518307951,403.64025183079514,8.817956233854767,1729842906.5798216
40.493508971170364,404.93508971170365,8.828420032512735,1729842906.5895693
40.62314539682479,406.2314539682479,8.838827115467415,1729842906.5996437
40.75293362811608,407.5293362811608,8.849177476275523,1729842906.609619
40.88287283306642,408.8287283306642,8.85947111145229,1729842906.619607
41.01296217969009,410.1296217969009,8.869708020459067,1729842906.6296072
41.14320083603649,411.43200836036493,8.879888205690655,1729842906.6395953
41.273587970232995,412.73587970232995,8.89001167246238,1729842906.649749
41.40412275052756,414.04122750527563,8.900078428996894,1729842906.659633
41.5348043453312,415.348043453312,8.910088486410732,1729842906.6696095
41.66563192326021,416.6563192326021,8.920041858700612,1729842906.6799405
41.79660465317819,417.9660465317819,8.92993856272948,1729842906.6895936
41.927721704237925,419.2772170423792,8.939778618212328,1729842906.6996427
42.058982245922955,420.58982245922954,8.949562047701736,1729842906.7096705
42.19038544808899,421.9038544808899,8.959288876573222,1729842906.719583
42.32193048100511,423.2193048100511,8.968959133010308,1729842906.7295759
42.45361651539472,424.5361651539472,8.978572847989398,1729842906.7395377
42.585442722476266,425.8544272247627,8.988130055264396,1729842906.749819
42.71740827400377,427.17408274003776,8.99763079135112,1729842906.7596152
42.849512342307115,428.49512342307116,9.0070750955115,1729842906.7696102
42.98175410033203,429.81754100332034,9.016463009737532,1729842906.7797368
43.114132721679965,431.14132721679965,9.025794578735054,1729842906.7896025
43.2466473806476,432.466473806476,9.035069849907291,1729842906.799651
43.37929725226619,433.7929725226619,9.04428887333821,1729842906.8096807
43.51208151234062,435.1208151234062,9.05345170177566,1729842906.819667
43.644999337488244,436.4499933748824,9.062558390614326,1729842906.829612
43.778049905177426,437.78049905177426,9.071608997878485,1729842906.8395925
43.91123239376588,439.1123239376588,9.080603584204578,1729842906.850303
44.0445459825387,440.445459825387,9.089542212823591,1729842906.8595717
44.17798985174617,441.7798985174617,9.098424949543253,1729842906.8696492
44.31156318264127,443.1156318264127,9.107251862730065,1729842906.879624
44.44526515751698,444.4526515751698,9.116023023291149,1729842906.8896296
44.579094959743216,445.79094959743213,9.124738504655928,1729842906.8996444
44.713051773803606,447.1305177380361,9.133398382757642,1729842906.9096422
44.84713478533191,448.4713478533191,9.142002736014698,1729842906.9196405
44.981343181148205,449.813431811482,9.150551645311863,1729842906.9297574
45.11567614929477,451.1567614929477,9.159045193981312,1729842906.9396122
45.250132879071714,452.50132879071714,9.167483467783503,1729842906.9497495
45.38471256107229,453.8471256107229,9.175866554887937,1729842906.9595842
45.519414387217964,455.19414387217967,9.18419454585374,1729842906.9696205
45.65423755079316,456.54237550793164,9.19246753361014,1729842906.980022
45.78918124647976,457.89181246479757,9.200685613436779,1729842906.9895942
45.92424467039123,459.2424467039123,9.208848882943917,1729842906.9995966
46.05942702010658,460.5942702010658,9.216957442052495,1729842907.0098462
46.19472749470391,461.9472749470391,9.225011392974077,1729842907.0196712
46.33014529479374,463.3014529479374,9.233010840190678,1729842907.0296557
46.465679622551974,464.65679622551977,9.240955890434467,1729842907.0396667
46.60132968175265,466.0132968175265,9.248846652667362,1729842907.0497746
46.737094677800314,467.37094677800314,9.256683238060525,1729842907.059579
46.87297381776212,468.72973817762124,9.264465759973728,1729842907.069642
47.00896631039964,470.08966310399643,9.272194333934651,1729842907.0800624
47.14507136620034,471.4507136620034,9.279869077618057,1729842907.0895882
47.28128819740878,472.81288197408776,9.28749011082488,1729842907.0996494
47.41761601805746,474.1761601805746,9.29505755546123,1729842907.109594
47.55405404399743,475.54054043997434,9.30257153551731,1729842907.1196067
47.690601492928515,476.90601492928516,9.310032177046242,1729842907.1296194
47.82725758442926,478.27257584429265,9.317439608142815,1729842907.1396084
47.96402153998658,479.64021539986584,9.324793958922177,1729842907.1498606
48.10089258302507,481.00892583025075,9.33209536149843,1729842907.1594665
48.237869938935994,482.37869938935995,9.339343949963174,1729842907.169671
48.374952835105994,483.74952835105995,9.346539860363972,1729842907.1796637
48.51214050094545,485.1214050094545,9.353683230682773,1729842907.18961
48.64943216791653,486.4943216791653,9.360774200814259,1729842907.1996303
48.78682706956094,487.86827069560945,9.367812912544153,1729842907.2099047
48.92432444152733,489.24324441527335,9.374799509527463,1729842907.2196088
49.06192352159838,490.6192352159838,9.381734137266692,1729842907.229612
49.1996235497176,491.99623549717603,9.388616943089993,1729842907.239623
49.33742376801577,493.37423768015765,9.39544807612929,1729842907.2496948
49.475323420837064,494.75323420837066,9.402227687298362,1729842907.2595968
49.613321754764904,496.13321754764905,9.408955929270899,1729842907.2695975
49.75141801864739,497.51418018647394,9.415632956458508,1729842907.2799132
49.88961146362252,498.8961146362252,9.422258924988716,1729842907.2896168
50.02790134314301,500.2790134314301,9.428833992682934,1729842907.299657
50.16628691300079,501.6628691300079,9.435358319034414,1729842907.3101015
50.30476743135125,503.0476743135125,9.441832065186164,1729842907.3196895
50.443342158737096,504.43342158737096,9.448255393908882,1729842907.3295975
50.582010358111866,505.82010358111864,9.454628469578855,1729842907.3396227
50.7207712948632,507.207712948632,9.460951458155858,1729842907.349903
50.859624236835714,508.59624236835714,9.46722452716105,1729842907.3595603
50.99856845435358,509.9856845435358,9.473447845654864,1729842907.3696349
51.13760322024279,511.3760322024279,9.4796215842149,1729842907.3796878
51.27672780985306,512.7672780985306,9.485745914913831,1729842907.3896723
51.41594150107945,514.1594150107945,9.491821011297299,1729842907.3996294
51.55524357438366,515.5524357438366,9.497847048361836,1729842907.4096267
51.69463331281495,516.9463331281495,9.503824202532792,1729842907.4196682
51.83411000203079,518.3411000203079,9.509752651642282,1729842907.429652
51.97367293031718,519.7367293031718,9.515632574907142,1729842907.4395993
52.11332138860862,521.1332138860862,9.521464152906928,1729842907.4497547
52.25305467050778,522.5305467050778,9.52724756756191,1729842907.4596355
52.39287207230484,523.9287207230484,9.532983002111122,1729842907.4696772
52.53277289299652,525.3277289299651,9.538670641090423,1729842907.4796407
52.672756434304766,526.7275643430477,9.544310670310594,1729842907.4896677
52.81282200069513,528.1282200069513,9.54990327683548,1729842907.4996388
52.95296889939483,529.5296889939483,9.555448648960148,1729842907.5096836
53.09319644041051,530.9319644041051,9.560946976189113,1729842907.5195801
53.2335039365456,532.335039365456,9.566398449214589,1729842907.5295794
53.3738907034175,533.738907034175,9.571803259894777,1729842907.539571
53.514356059474295,535.1435605947429,9.577161601232232,1729842907.5502963
53.65489932601125,536.5489932601124,9.582473667352245,1729842907.5595803
53.79551982718696,537.9551982718696,9.587739653481293,1729842907.570005
53.93621689003919,539.3621689003919,9.592959755925557,1729842907.5796502
54.07698984450039,540.769898445004,9.598134172049468,1729842907.589567
54.21783802341289,542.1783802341289,9.603263100254331,1729842907.5996459
54.35876076254382,543.5876076254382,9.608346739957014,1729842907.6096847
54.49975740059967,544.9975740059967,9.613385291568687,1729842907.6196384
54.64082727924058,546.4082727924058,9.61837895647363,1729842907.6296184
54.7819697430943,547.819697430943,9.623327937008126,1729842907.6396554
54.92318413976982,549.2318413976982,9.628232436439392,1729842907.6497009
55.064469819870766,550.6446981987076,9.63309265894461,1729842907.6595752
55.20582613700838,552.0582613700838,9.637908809590028,1729842907.6697173
55.3472524478143,553.472524478143,9.642681094310113,1729842907.679689
55.488748111952965,554.8874811195296,9.647409719886818,1729842907.6896024
55.630312492133754,556.3031249213375,9.652094893928902,1729842907.699656
55.7719449541228,557.719449541228,9.656736824851336,1729842907.7096114
55.91364486675453,559.1364486675453,9.661335721854808,1729842907.7195814
56.05541160194287,560.5541160194288,9.66589179490529,1729842907.7296524
56.19724453469218,561.9724453469219,9.670405254713716,1729842907.7395735
56.33914304310789,563.3914304310789,9.67487631271572,1729842907.7502108
56.48110650840682,564.8110650840682,9.679305181051497,1729842907.7596543
56.62313431492722,566.2313431492722,9.683692072545732,1729842907.769745
56.76522585013855,567.6522585013855,9.688037200687626,1729842907.779724
56.90738050465087,569.0738050465087,9.692340779611035,1729842907.7896726
57.04959767222406,570.4959767222406,9.696603024074673,1729842907.8001788
57.19187674977669,571.9187674977669,9.700824149442445,1729842907.8101468
57.334217137394575,573.3421713739458,9.705004371663868,1729842907.8196414
57.47661823833911,574.7661823833911,9.709143907254582,1729842907.830399
57.61907945905527,576.1907945905527,9.713242973276975,1729842907.8396273
57.76160020917937,577.6160020917937,9.717301787320919,1729842907.8503747
57.9041799015465,579.041799015465,9.721320567484591,1729842907.8595967
58.0468179521977,580.4681795219769,9.725299532355413,1729842907.8695846
58.18951378038687,581.8951378038687,9.729238900991101,1729842907.8797212
58.33226680858738,583.3226680858738,9.733138892900817,1729842907.8896978
58.47507646249842,584.7507646249842,9.736999728026431,1729842907.8996484
58.61794217105109,586.179421710511,9.7408216267239,1729842907.909649
58.76086336641417,587.6086336641417,9.74460480974475,1729842907.919632
58.90383948399968,589.0383948399968,9.748349498217683,1729842907.929668
59.04686996246812,590.4686996246812,9.752055913630286,1729842907.9396539
59.18995424373349,591.8995424373348,9.755724277810865,1729842907.9507966
59.333091772968004,593.3309177296801,9.759354812910383,1729842907.9596236
59.47628199860657,594.7628199860657,9.762947741384533,1729842907.9697313
59.61952437235099,596.1952437235099,9.766503285975917,1729842907.9796638
59.762818349173926,597.6281834917393,9.770021669696341,1729842907.9897244
59.906163387322565,599.0616338732257,9.77350311580924,1729842907.9996462
60.04955894832207,600.4955894832208,9.776947847812215,1729842908.009637
60.193004496978766,601.9300449697877,9.780356089419698,1729842908.0195749
60.33649950138304,603.3649950138304,9.783728064545732,1729842908.0296683
60.48004343291205,604.8004343291204,9.787063997286882,1729842908.039596
60.62363576623213,606.2363576623213,9.790364111905264,1729842908.0497792
60.76727597930098,607.6727597930098,9.793628632811693,1729842908.0596395
60.910963553369626,609.1096355336963,9.79685778454897,1729842908.0696483
61.05469797298406,610.5469797298406,9.800051791775287,1729842908.0797074
61.198478725986725,611.9847872598673,9.803210879247745,1729842908.089674
61.34230530351772,613.4230530351772,9.806335271806025,1729842908.099706
61.48617720001578,614.8617720001578,9.809425194356162,1729842908.109677
61.63009391321901,616.30093913219,9.812480871854461,1729842908.1196666
61.774054944165364,617.7405494416537,9.81550252929153,1729842908.1296732
61.91805979719297,619.1805979719297,9.818490391676454,1729842908.1398025
62.0621079799401,620.6210797994011,9.821444684021081,1729842908.1502156
62.20619900334505,622.0619900334505,9.82436563132446,1729842908.1594727
62.35033238164567,623.5033238164567,9.827253458557376,1729842908.1696317
62.49450763237878,624.9450763237878,9.830108390647053,1729842908.1795928
62.63872427637924,626.3872427637924,9.832930652461954,1729842908.189592
62.78298183777894,627.8298183777894,9.835720468796724,1729842908.1996672
62.92727984400545,629.2727984400544,9.838478064357275,1729842908.209672
63.07161782578051,630.716178257805,9.841203663745977,1729842908.2201748
63.21599531711831,632.1599531711831,9.843897491446999,1729842908.2296648
63.36041185532355,633.6041185532355,9.846559771811776,1729842908.2396576
63.50486698098923,635.0486698098923,9.849190729044604,1729842908.2502162
63.649360237994344,636.4936023799435,9.851790587188365,1729842908.2597408
63.79389117350128,637.9389117350128,9.854359570110388,1729842908.2696445
63.93845933795304,639.3845933795304,9.856897901488441,1729842908.2800474
64.08306428507025,640.8306428507025,9.859405804796854,1729842908.289683
64.22770557184799,642.2770557184799,9.86188350329276,1729842908.2996786
64.3723827585524,643.7238275855241,9.864331220002493,1729842908.3114848
64.5170954087171,645.1709540871709,9.866749177708094,1729842908.3195693
64.66184308913938,646.6184308913938,9.869137598933964,1729842908.3297822
64.8066253698763,648.066253698763,9.871496705933628,1729842908.339604
64.95144182424045,649.5144182424044,9.873826720676663,1729842908.3501794
65.09629202879563,650.9629202879563,9.876127864835714,1729842908.3595886
65.24117556335233,652.4117556335233,9.878400359773682,1729842908.3696115
65.38609201096293,653.8609201096292,9.880644426531013,1729842908.3797293
65.53104095791686,655.3104095791685,9.882860285813132,1729842908.3896437
65.67602199373547,656.7602199373548,9.885048157978002,1729842908.3996081
65.82103471116676,658.2103471116676,9.887208263023812,1729842908.4097981
65.96607870617991,659.6607870617992,9.8893408205768,1729842908.4196634
66.11115357795968,661.1115357795968,9.891446049879198,1729842908.4296994
66.25625892890055,662.5625892890055,9.893524169777315,1729842908.4396064
66.4013943646008,664.0139436460081,9.895575398709736,1729842908.4497554
66.54655949385634,665.4655949385633,9.89759995469566,1729842908.4595888
66.69175392865435,666.9175392865435,9.899598055323366,1729842908.4696145
66.83697728416685,668.3697728416685,9.901569917738797,1729842908.4796884
66.982229178744,669.82229178744,9.903515758634281,1729842908.4895887
67.12750923390735,671.2750923390735,9.905435794237379,1729842908.4997346
67.27281707434275,672.7281707434275,9.907330240299846,1729842908.509623
67.41815232789334,674.1815232789334,9.90919931208674,1729842908.5196168
67.56351462555214,675.6351462555215,9.911043224365635,1729842908.5296052
67.7089036014547,677.089036014547,9.912862191395975,1729842908.539605
67.85431889287138,678.5431889287138,9.914656426918542,1729842908.550263
67.99976014019971,679.9976014019971,9.916426144145056,1729842908.5595753
68.1452269869564,681.452269869564,9.918171555747895,1729842908.56967
68.2907190797693,682.907190797693,9.919892873849932,1729842908.5796974
68.4362360683692,684.362360683692,9.921590310014516,1729842908.5895634
68.58177760558145,685.8177760558145,9.923264075235542,1729842908.5996103
68.72734334731753,687.2734334731753,9.924914379927674,1729842908.6096585
68.87293295256636,688.7293295256636,9.92654143391667,1729842908.6195612
69.01854608338552,690.1854608338551,9.928145446429838,1729842908.6296153
69.16418240489234,691.6418240489235,9.9297266260866,1729842908.6396163
69.30984158525489,693.0984158525489,9.931285180889185,1729842908.649782
69.45552329568272,694.5552329568272,9.932821318213444,1729842908.6596155
69.60122721041763,696.0122721041763,9.934335244799765,1729842908.6695766
69.74695300672411,697.4695300672411,9.93582716674413,1729842908.6796422
69.89270036487986,698.9270036487985,9.937297289489264,1729842908.6896427
70.03846896816601,700.3846896816601,9.93874581781592,1729842908.6996326
70.18425850285735,701.8425850285735,9.940172955834267,1729842908.709661
70.33006865821228,703.3006865821228,9.9415789069754,1729842908.7195506
70.47589912646283,704.7589912646283,9.942963873982954,1729842908.7296338
70.62174960280437,706.2174960280437,9.944328058904848,1729842908.7395878
70.76761978538534,707.6761978538534,9.945671663085122,1729842908.750424
70.91350937529678,709.1350937529678,9.9469948871559,1729842908.7595787
71.05941807656181,710.5941807656181,9.948297931029467,1729842908.7696197
71.2053455961249,712.053455961249,9.94958099389043,1729842908.7796218
71.35129164384114,713.5129164384114,9.950844274188025,1729842908.7896736
71.4972559324653,714.9725593246529,9.95208796962851,1729842908.799643
71.64323817764082,716.4323817764082,9.953312277167665,1729842908.8098109
71.78923809788878,717.8923809788878,9.95451739300342,1729842908.819629
71.93525541459657,719.3525541459657,9.955703512568558,1729842908.8297102
72.0812898520066,720.812898520066,9.956870830523563,1729842908.8396268
72.22734113720492,722.2734113720492,9.958019540749529,1729842908.8506384
72.37340900010959,723.7340900010959,9.959149836341213,1729842908.8596675
72.51949317345913,725.1949317345913,9.960261909600163,1729842908.869658
72.66559339280073,726.6559339280072,9.961355952027967,1729842908.8800726
72.81170939647849,728.1170939647849,9.962432154319595,1729842908.8896153
72.95784092562141,729.5784092562142,9.96349070635684,1729842908.8997226
73.10398772413143,731.0398772413143,9.96453179720187,1729842908.9097056
73.25014953867128,732.5014953867128,9.965555615090866,1729842908.9196298
73.3963261186523,733.9632611865229,9.966562347427768,1729842908.9297667
73.54251721622211,735.4251721622211,9.967552180778117,1729842908.9396253
73.68872258625228,736.8872258625229,9.96852530086299,1729842908.949878
73.83494198632579,738.3494198632579,9.969481892553034,1729842908.9596777
73.9811751767245,739.811751767245,9.9704221398626,1729842908.9701898
74.12742192041655,741.2742192041655,9.971346225943957,1729842908.9796429
74.27368198304356,742.7368198304356,9.97225433308162,1729842908.9896033
74.41995513290786,744.1995513290785,9.973146642686752,1729842908.9996955
74.56624114095958,745.6624114095957,9.974023335291667,1729842909.0096147
74.71253978078371,747.1253978078371,9.974884590544425,1729842909.0196292
74.85885082858705,748.5885082858705,9.975730587203511,1729842909.0296118
75.00517406318505,750.0517406318505,9.976561503132613,1729842909.0396135
75.15150926598864,751.5150926598864,9.977377515295476,1729842909.049779
75.29785622099094,752.9785622099093,9.978178799750852,1729842909.0595818
75.44421471475395,754.4421471475396,9.978965531647537,1729842909.0696046
75.5905845363951,755.905845363951,9.979737885219489,1729842909.0796373
75.73696547757376,757.3696547757377,9.980496033781034,1729842909.0896425
75.88335733247769,758.8335733247768,9.981240149722154,1729842909.0996432
76.02975989780943,760.2975989780942,9.981970404503866,1729842909.1096258
76.17617297277258,761.7617297277258,9.982686968653663,1729842909.1195877
76.32259635905807,763.2259635905807,9.983390011761072,1729842909.1296077
76.46902986083033,764.6902986083034,9.984079702473252,1729842909.13961
76.6154732847134,766.154732847134,9.984756208490696,1729842909.149841
76.76192643977699,767.6192643977698,9.985419696563014,1729842909.1596034
76.90838913752243,769.0838913752243,9.986070332484779,1729842909.1695921
77.05486119186872,770.5486119186872,9.98670828109146,1729842909.1796563
77.20134241913826,772.0134241913826,9.987333706255427,1729842909.1896415
77.34783263804275,773.4783263804275,9.987946770882044,1729842909.1996365
77.49433166966895,774.9433166966895,9.988547636905809,1729842909.20973
77.64083933746437,776.4083933746438,9.989136465286597,1729842909.21962
77.78735546722291,777.8735546722291,9.989713416005962,1729842909.2296455
77.93387988707046,779.3387988707046,9.99027864806351,1729842909.2397587
78.08041242745048,780.8041242745048,9.990832319473343,1729842909.249678
78.22695292110946,782.2695292110946,9.991374587260582,1729842909.259513
78.37350120308236,783.7350120308236,9.991905607457948,1729842909.2696393
78.52005711067804,785.2005711067804,9.992425535102418,1729842909.2796984
78.6666204834646,786.666204834646,9.99293452423195,1729842909.2895901
78.81319116325463,788.1319116325462,9.993432727882267,1729842909.299594
78.95976899409054,789.5976899409054,9.993920298083713,1729842909.3096633
79.1063538222297,791.0635382222971,9.994397385858177,1729842909.3196096
79.25294549612968,792.5294549612968,9.994864141216071,1729842909.3295772
79.39954386643329,793.9954386643329,9.995320713153387,1729842909.3395834
79.54614878595372,795.4614878595372,9.99576724964879,1729842909.3498824
79.69276010965955,796.9276010965955,9.996203897660811,1729842909.359561
79.83937769465975,798.3937769465974,9.996630803125065,1729842909.3696382
79.98600140018864,799.8600140018864,9.997048110951548,1729842909.3797042
80.13263108759082,801.3263108759082,9.997455965021988,1729842909.3896043
80.27926662030606,802.7926662030607,9.997854508187261,1729842909.3996308
80.42590786385408,804.2590786385408,9.998243882264848,1729842909.4096801
80.57255468581943,805.7255468581943,9.99862422803637,1729842909.4196274
80.71920695583621,807.1920695583622,9.998995685245163,1729842909.429604
80.86586454557288,808.6586454557288,9.999358392593916,1729842909.439625
81.01252732871684,810.1252732871684,9.999712487742359,1729842909.4497628
81.15919518095926,811.5919518095926,10.000058107305012,1729842909.459607
81.30586797997955,813.0586797997955,10.000395386848972,1729842909.4696476
81.45254560543012,814.5254560543012,10.000724460891767,1729842909.4796796
81.59922793892082,815.9922793892082,10.001045462899262,1729842909.4896667
81.7459148640036,817.4591486400359,10.001358525283589,1729842909.4996722
81.89260626615693,818.9260626615693,10.001663779401172,1729842909.509833
82.0393020327704,820.3930203277039,10.001961355550751,1729842909.5196016
82.18600205312902,821.8600205312902,10.002251382971496,1729842909.5296125
82.33270621839782,823.3270621839781,10.00253398984114,1729842909.539615
82.47941442160615,824.7941442160616,10.002809303274173,1729842909.5498044
82.62612655763209,826.261265576321,10.00307744932008,1729842909.5596128
82.77284252318681,827.7284252318681,10.003338552961612,1729842909.56965
82.9195622167989,829.195622167989,10.00359273811312,1729842909.5796902
83.06628553879864,830.6628553879864,10.00384012761892,1729842909.5896075
83.21301239130236,832.1301239130236,10.004080843251709,1729842909.5996277
83.35974267819662,833.5974267819663,10.004315005711003,1729842909.6096764
83.5064763051225,835.0647630512251,10.004542734621651,1729842909.619606
83.65321317945978,836.5321317945978,10.004764148532356,1729842909.629637
83.79995321031117,837.9995321031117,10.004979364914252,1729842909.639614
83.94669630848647,839.4669630848647,10.005188500159527,1729842909.6502168
84.0934423864867,840.934423864867,10.00539166958006,1729842909.6596055
84.24019135848829,842.4019135848829,10.00558898740612,1729842909.6695633
84.38694314032716,843.8694314032716,10.0057805667851,1729842909.6796596
84.53369764948282,845.3369764948281,10.005966519780262,1729842909.6896062
84.68045480506247,846.8045480506247,10.006146957369552,1729842909.699712
84.82721452778505,848.2721452778504,10.006321989444423,1729842909.709634
84.9739767399653,849.7397673996529,10.006491724808713,1729842909.7196589
85.12074136549778,851.2074136549778,10.006656271177539,1729842909.7296689
85.2675083298409,852.6750832984089,10.006815735176234,1729842909.7396483
85.41427756000088,854.1427756000088,10.00697022233932,1729842909.7501924
85.56104898451582,855.6104898451582,10.007119837109492,1729842909.759591
85.70782253343958,857.0782253343958,10.007264682836666,1729842909.7696314
85.85459813832581,858.5459813832581,10.007404861777024,1729842909.779684
86.00137573221184,860.0137573221184,10.007540475092114,1729842909.7895951
86.14815524960267,861.4815524960267,10.00767162284796,1729842909.7996647
86.29493662645483,862.9493662645483,10.007798404014219,1729842909.8096285
86.44171980016031,864.4171980016031,10.007920916463348,1729842909.8196733
86.58850470953051,865.8850470953051,10.008039256969813,1729842909.829614
86.73529129478003,867.3529129478003,10.008153521209312,1729842909.8396897
86.8820794975106,868.8207949751061,10.008263803758037,1729842909.8498254
87.02886926069496,870.2886926069496,10.008370198091951,1729842909.8596036
87.17566052866066,871.7566052866066,10.008472796586089,1729842909.8696039
87.32245324707392,873.2245324707392,10.0085716905139,1729842909.8796115
87.46924736292351,874.6924736292351,10.008666970046589,1729842909.8896754
87.6160428245045,876.1604282450451,10.008758724252498,1729842909.8996742
87.76283958140215,877.6283958140215,10.008847041096512,1729842909.9096532
87.90963758447566,879.0963758447566,10.00893200743947,1729842909.9196515
88.056436785842,880.5643678584199,10.009013709037612,1729842909.929615
88.20323713885969,882.0323713885969,10.009092230542048,1729842909.9395943
88.35003859811259,883.5003859811259,10.009167655498239,1729842909.9499643
88.49684111939366,884.9684111939366,10.009240066345496,1729842909.959575
88.64364465968876,886.4364465968877,10.009309544416515,1729842909.96963
88.79044917716037,887.9044917716037,10.009376169936912,1729842909.9796643
88.9372546311314,889.372546311314,10.009440022024789,1729842909.9896743
89.08406098206889,890.8406098206889,10.009501178690305,1729842909.9996436
89.2308681915678,892.3086819156779,10.009559716835287,1729842910.0096714
89.3776762223347,893.776762223347,10.009615712252828,1729842910.0196497
89.52448503817153,895.2448503817153,10.009669239626925,1729842910.0296552
89.67129460395935,896.7129460395936,10.009720372532128,1729842910.039637
89.81810488564201,898.1810488564201,10.009769183433193,1729842910.0513275
89.96491585020992,899.6491585020992,10.009815743684767,1729842910.0596218
90.11172746568371,901.1172746568371,10.009860123531073,1729842910.0696967
90.25853970109802,902.5853970109802,10.00990239210562,1729842910.079648
90.40535252648509,904.0535252648509,10.009942617430914,1729842910.0896323
90.55216591285858,905.5216591285858,10.009980866418202,1729842910.099641
90.69897983219721,906.9897983219721,10.010017204867207,1729842910.109826
90.84579425742844,908.4579425742844,10.010051697465896,1729842910.1195977
90.99260916241218,909.9260916241218,10.010084407790233,1729842910.1296537
91.13942452192448,911.3942452192448,10.01011539830398,1729842910.1396194
91.28624031164124,912.8624031164123,10.01014473035848,1729842910.150046
91.43305650812181,914.3305650812181,10.010172464192452,1729842910.1595104
91.57987308879277,915.7987308879276,10.010198658931822,1729842910.1696687
91.72669003193153,917.2669003193153,10.010223372589534,1729842910.1796274
91.87350731665003,918.7350731665003,10.010246662065391,1729842910.1896515
92.02032492287846,920.2032492287846,10.010268583145892,1729842910.2000532
92.16714283134883,921.6714283134883,10.01028919050409,1729842910.2096329
92.3139610235787,923.139610235787,10.010308537699446,1729842910.2198358
92.46077948185486,924.6077948185485,10.010326677177703,1729842910.229641
92.60759818921694,926.0759818921695,10.010343660270763,1729842910.2395988
92.75441712944115,927.5441712944115,10.010359537196567,1729842910.2501123
92.90123628702383,929.0123628702383,10.01037435705899,1729842910.2595892
93.04805564716521,930.4805564716521,10.01038816784774,1729842910.2696521
93.19487519575301,931.9487519575301,10.010401016438262,1729842910.279721
93.34169491934612,933.4169491934613,10.010412948591652,1729842910.2896185
93.48851480515826,934.8851480515826,10.010424008954573,1729842910.2997017
93.6353348410416,936.353348410416,10.01043424105918,1729842910.3096223
93.78215501547047,937.8215501547047,10.010443687323045,1729842910.319613
93.92897531752493,939.2897531752493,10.010452389049101,1729842910.3296366
94.07579573687453,940.7579573687452,10.01046038642557,1729842910.3395946
94.22261626376184,942.2261626376184,10.010467718525922,1729842910.3499143
94.36943688898617,943.6943688898617,10.010474423308802,1729842910.359529
94.51625760388725,945.1625760388725,10.010480537618003,1729842910.3696527
94.6630784003288,946.630784003288,10.010486097182419,1729842910.379777
94.80989927068221,948.0989927068221,10.010491136615995,1729842910.3896246
94.95672020781019,949.5672020781019,10.010495689417702,1729842910.3996582
95.10354120505043,951.0354120505043,10.010499787971503,1729842910.4096043
95.25036225619922,952.5036225619922,10.010503463546316,1729842910.4196267
95.39718335549513,953.9718335549513,10.010506746296,1729842910.429603
95.54400449760259,955.4400449760259,10.010509665259322,1729842910.4395945
95.69082567759561,956.9082567759561,10.010512248359936,1729842910.4499526
95.83764689094139,958.3764689094139,10.010514522406368,1729842910.4597085
95.98446813348396,959.8446813348396,10.010516513091996,1729842910.469666
96.13128940142782,961.3128940142782,10.01051824499504,1729842910.4797075
96.27811069132163,962.7811069132163,10.010519741578547,1729842910.4896333
96.42493200004179,964.2493200004179,10.01052102519037,1729842910.4996731
96.57175332477613,965.7175332477613,10.010522117063175,1729842910.5096807
96.7185746630075,967.1857466300751,10.010523037314423,1729842910.5196245
96.86539601249751,968.6539601249751,10.010523804946358,1729842910.529598
97.01221737127007,970.1221737127007,10.010524437846016,1729842910.5396593
97.15903873759508,971.5903873759509,10.010524952785202,1729842910.5502357
97.3058601099721,973.058601099721,10.010525365420502,1729842910.559542
97.45268148711392,974.5268148711392,10.010525690293269,1729842910.5696285
97.59950286793028,975.9950286793028,10.010525940829623,1729842910.5796342
97.74632425151148,977.4632425151149,10.010526129340448,1729842910.5896685
97.893145637112,978.93145637112,10.010526267021397,1729842910.5999315
98.03996702413419,980.3996702413418,10.010526363952877,1729842910.6096542
98.18678841211187,981.8678841211187,10.010526429100064,1729842910.6196995
98.333609800694,983.3360980069401,10.010526470312891,1729842910.6296542
98.48043118962833,984.8043118962834,10.01052649432605,1729842910.6396608
98.62725257874501,986.2725257874501,10.010526506758998,1729842910.650114
98.77407396794027,987.7407396794026,10.010526512115941,1729842910.6596155
98.92089535716,989.2089535716001,10.010526513785857,1729842910.6696568
99.06771674638351,990.6771674638351,10.010526514042477,1729842910.6802065
99.21453813560704,992.1453813560704,10.010526514044289,1729842910.6896548
99.3613595248275,993.613595248275,10.010526513834547,1729842910.6996746
99.50818091402606,995.0818091402606,10.01052651234126,1729842910.7096052
99.6550023031518,996.5500230315181,10.010526507377197,1729842910.719557
99.8018236921054,998.018236921054,10.010526495639887,1729842910.7295945
99.94864508072273,999.4864508072272,10.01052647271162,1729842910.739622
100.09546646875847,1000.9546646875847,10.010526433059443,1729842910.7499847
100.24228785586988,1002.4228785586988,10.010526370035164,1729842910.7595832
100.38910924160025,1003.8910924160025,10.010526275875348,1729842910.7696307
100.53593062536274,1005.3593062536274,10.010526141701327,1729842910.7799716
100.68275200642388,1006.8275200642388,10.010525957519185,1729842910.7896578
100.8295733838873,1008.2957338388729,10.010525712219776,1729842910.7996345
100.9763947566773,1009.7639475667729,10.01052539357871,1729842910.8095698
101.12321612352255,1011.2321612352255,10.010524988256364,1729842910.819596
101.27003748293974,1012.7003748293974,10.01052448179788,1729842910.8295677
101.41685883321716,1014.1685883321716,10.010523858633169,1729842910.839859
101.56368017239839,1015.6368017239839,10.010523102076915,1729842910.8497152
101.71050149826596,1017.1050149826596,10.01052219432857,1729842910.8596396
101.85732280832492,1018.5732280832492,10.010521116472372,1729842910.8696322
102.00414409978659,1020.0414409978658,10.010519848477342,1729842910.8796828
102.1509653695521,1021.5096536955209,10.01051836919729,1729842910.889663
102.29778661419608,1022.9778661419608,10.010516656370829,1729842910.8995829
102.44460782995036,1024.4460782995036,10.010514686621374,1729842910.909614
102.59142901268747,1025.9142901268747,10.01051243545716,1729842910.9195812
102.73825015790445,1027.3825015790444,10.010509877271252,1729842910.9296198
102.88507126070635,1028.8507126070635,10.010506985341559,1729842910.9396193
103.03189231579,1030.3189231579,10.010503731830845,1729842910.9499345
103.17871331742755,1031.7871331742756,10.010500087786752,1729842910.959574
103.32553425945017,1033.2553425945016,10.010496023141819,1729842910.9696512
103.47235513523168,1034.723551352317,10.010491506713498,1729842910.9796958
103.61917593767222,1036.1917593767223,10.010486506204185,1729842910.9896464
103.76599665918188,1037.6599665918188,10.010480988201246,1729842910.9996474
103.91281729166431,1039.128172916643,10.010474918177046,1729842911.0103998
104.05963782650042,1040.5963782650042,10.010468260488983,1729842911.0195928
104.20645825453202,1042.0645825453203,10.010460978379522,1729842911.029673
104.35327856604545,1043.5327856604545,10.010453033976242,1729842911.0395753
104.50009875075521,1045.000987507552,10.010444388291875,1729842911.0498238
104.64691879778768,1046.4691879778768,10.010435001224351,1729842911.0596302
104.79373869566467,1047.9373869566466,10.010424831556865,1729842911.06959
104.94055843228718,1049.4055843228718,10.010413836957914,1729842911.0796854
105.08737799491897,1050.8737799491896,10.010401973981374,1729842911.089645
105.23419737017025,1052.3419737017025,10.010389198066562,1729842911.0996897
105.38101654398133,1053.8101654398133,10.01037546353831,1729842911.1096432
105.52783550160626,1055.2783550160625,10.010360723607038,1729842911.1196053
105.6746542275965,1056.746542275965,10.010344930368841,1729842911.1296391
105.82147270578459,1058.214727057846,10.010328034805584,1729842911.139621
105.96829091926777,1059.6829091926777,10.010309986784987,1729842911.1497412
106.11510885039169,1061.151088503917,10.010290735060742,1729842911.1594877
106.26192648073403,1062.6192648073404,10.010270227272613,1729842911.1696563
106.4087437910882,1064.087437910882,10.010248409946556,1729842911.1796606
106.55556076144697,1065.5556076144696,10.010225228494843,1729842911.1896656
106.70237737098616,1067.0237737098616,10.010200627216207,1729842911.1996925
106.84919359804832,1068.491935980483,10.010174549295966,1729842911.209646
106.99600942012637,1069.9600942012637,10.010146936806189,1729842911.2195737
107.14282481384731,1071.428248138473,10.010117730705844,1729842911.2296472
107.28963975495587,1072.8963975495587,10.010086870840976,1729842911.2396603
107.43645421829821,1074.3645421829822,10.010054295944885,1729842911.2497678
107.58326817780556,1075.8326817780558,10.010019943638307,1729842911.2595594
107.730081606478,1077.30081606478,10.009983750429623,1729842911.2696128
107.87689447636801,1078.76894476368,10.00994565171507,1729842911.2796292
108.02370675856429,1080.2370675856428,10.009905581778954,1729842911.2896671
108.17051842317538,1081.7051842317537,10.009863473793892,1729842911.2997258
108.3173294393134,1083.173294393134,10.00981925982106,1729842911.3096523
108.46413977507771,1084.641397750777,10.009772870810437,1729842911.3195581
108.61094939753868,1086.1094939753868,10.009724236601096,1729842911.3296049
108.7577582727213,1087.577582727213,10.009673285921478,1729842911.3395755
108.90456636558902,1089.0456636558902,10.00961994638969,1729842911.3497899
109.05137364002736,1090.5137364002737,10.009564144513824,1729842911.359605
109.19818005882772,1091.981800588277,10.00950580569228,1729842911.369645
109.34498558367102,1093.4498558367102,10.00944485421411,1729842911.3800435
109.49179017511153,1094.9179017511153,10.00938121325938,1729842911.3895931
109.63859379256056,1096.3859379256055,10.009314804899539,1729842911.3996527
109.78539639427018,1097.8539639427017,10.00924555009782,1729842911.4097087
109.93219793731703,1099.3219793731703,10.009173368709636,1729842911.419655
110.07899837758605,1100.7899837758605,10.009098179483015,1729842911.4296484
110.22579766975424,1102.2579766975425,10.009019900059043,1729842911.4396117
110.37259576727445,1103.7259576727445,10.008938446972323,1729842911.4496787
110.51939262235912,1105.1939262235912,10.00885373565146,1729842911.4596016
110.66618818596413,1106.6618818596412,10.008765680419561,1729842911.4696114
110.81298240777252,1108.1298240777253,10.008674194494759,1729842911.4797168
110.95977523617836,1109.5977523617835,10.00857918999075,1729842911.4899387
111.1065666182705,1111.0656661827052,10.008480577917359,1729842911.4996169
111.25335649981643,1112.5335649981644,10.008378268181128,1729842911.509635
111.4001448252461,1114.001448252461,10.008272169585918,1729842911.519602
111.54693153763573,1115.4693153763574,10.008162189833541,1729842911.5295844
111.69371657869169,1116.937165786917,10.008048235524415,1729842911.5396
111.84049988873436,1118.4049988873435,10.007930212158236,1729842911.5497904
111.98728140668193,1119.8728140668193,10.00780802413469,1729842911.5595505
112.13406107003438,1121.3406107003439,10.007681574754166,1729842911.5696452
112.28083881485728,1122.8083881485727,10.007550766218522,1729842911.5796857
112.42761457576573,1124.2761457576573,10.00741549963185,1729842911.5896769
112.57438828590827,1125.7438828590828,10.0072756750013,1729842911.59962
112.7211598769508,1127.2115987695079,10.007131191237889,1729842911.6100519
112.8679292790605,1128.6792927906051,10.006981946157387,1729842911.6196337
113.01469642088982,1130.1469642088982,10.006827836481184,1729842911.6297314
113.16146122956039,1131.6146122956038,10.006668757837232,1729842911.639608
113.30822363064703,1133.0822363064703,10.006504604760972,1729842911.6500313
113.45498354816176,1134.5498354816177,10.006335270696326,1729842911.6595912
113.60174090453773,1136.0174090453775,10.00616064799671,1729842911.6696122
113.74849562061334,1137.4849562061333,10.005980627926066,1729842911.6796632
113.89524761561619,1138.9524761561618,10.005795100659947,1729842911.6895914
114.04199680714719,1140.4199680714719,10.00560395528662,1729842911.6997156
114.18874311116461,1141.887431111646,10.005407079808212,1729842911.7098706
114.33548644196817,1143.3548644196817,10.005204361141876,1729842911.7196114
114.48222671218313,1144.8222671218314,10.004995685121024,1729842911.729613
114.62896383274445,1146.2896383274444,10.00478093649655,1729842911.7395964
114.77569771288087,1147.7569771288088,10.004559998938133,1729842911.7496784
114.92242826009915,1149.2242826009915,10.004332755035549,1729842911.7596056
115.06915538016818,1150.691553801682,10.00409908630003,1729842911.7696414
115.21587897710324,1152.1587897710324,10.003858873165672,1729842911.780535
115.36259895315018,1153.6259895315018,10.00361199499086,1729842911.7895749
115.50931520876966,1155.0931520876966,10.00335833005975,1729842911.7996542
115.65602764262148,1156.5602764262148,10.00309775558379,1729842911.810076
115.8027361515488,1158.0273615154879,10.002830147703277,1729842911.819552
115.94944063056248,1159.4944063056248,10.00255538148896,1729842911.8295965
116.09614097282542,1160.9614097282542,10.002273330943684,1729842911.8396091
116.24283706963695,1162.4283706963695,10.001983869004079,1729842911.8497617
116.38952881041713,1163.8952881041714,10.001686867542293,1729842911.8595953
116.53621608269127,1165.3621608269127,10.001382197367775,1729842911.8695831
116.68289877207428,1166.8289877207428,10.001069728229089,1729842911.8796608
116.82957676225523,1168.2957676225524,10.000749328815795,1729842911.8895965
116.97624993498174,1169.7624993498173,10.000420866760361,1729842911.899618
117.1229181700446,1171.229181700446,10.00008420864014,1729842911.909658
117.26958134526227,1172.6958134526226,9.999739219979368,1729842911.9196439
117.41623933646548,1174.1623933646547,9.999385765251247,1729842911.9302187
117.56289201748184,1175.6289201748184,9.999023707880054,1729842911.9396145
117.70953926012051,1177.095392601205,9.998652910243308,1729842911.9506788
117.85618093415684,1178.5618093415683,9.998273233673993,1729842911.9595578
118.00281690731711,1180.028169073171,9.997884538462827,1729842911.969601
118.14944704526329,1181.4944704526329,9.997486683860593,1729842911.979649
118.29607121157778,1182.9607121157778,9.997079528080517,1729842911.9895983
118.44268926774829,1184.426892677483,9.996662928300708,1729842911.999684
118.58930107315263,1185.8930107315264,9.996236740666648,1729842912.0096645
118.73590648504363,1187.3590648504362,9.995800820293741,1729842912.0196235
118.88250535853409,1188.8250535853408,9.995355021269926,1729842912.0296435
119.02909754658172,1190.2909754658172,9.99489919665834,1729842912.0395942
119.17568289997416,1191.7568289997416,9.994433198500039,1729842912.049705
119.32226126731403,1193.2226126731402,9.993956877816798,1729842912.0596232
119.46883249500404,1194.6883249500404,9.993470084613945,1729842912.0696132
119.61539642723208,1196.1539642723208,9.992972667883276,1729842912.0796793
119.76195290595646,1197.6195290595647,9.99246447560603,1729842912.0896218
119.90850177089106,1199.0850177089105,9.991945354755916,1729842912.0996692
120.05504285949067,1200.5504285949066,9.991415151302231,1729842912.1096246
120.20157600693625,1202.0157600693624,9.990873710213002,1729842912.1196265
120.34810104612033,1203.4810104612034,9.99032087545824,1729842912.1296203
120.49461780763241,1204.946178076324,9.989756490013228,1729842912.1396458
120.6411261197444,1206.411261197444,9.989180395861888,1729842912.1497366
120.78762580839614,1207.8762580839614,9.988592434000223,1729842912.159447
120.93411669718101,1209.34116697181,9.987992444439817,1729842912.1696107
121.08059860733145,1210.8059860733144,9.987380266211417,1729842912.1796455
121.22707135770472,1212.2707135770472,9.986755737368576,1729842912.1896355
121.37353476476855,1213.7353476476856,9.986118694991372,1729842912.1997402
121.51998864258697,1215.1998864258696,9.985468975190205,1729842912.2096615
121.66643280280613,1216.6643280280614,9.984806413109665,1729842912.2198348
121.81286705464017,1218.1286705464017,9.984130842932466,1729842912.229653
121.9592912048572,1219.5929120485719,9.983442097883474,1729842912.2396424
122.10570505776529,1221.057050577653,9.982740010233792,1729842912.2500427
122.25210841519858,1222.5210841519859,9.982024411304938,1729842912.2596207
122.39850107650335,1223.9850107650336,9.981295131473091,1729842912.269662
122.54488283852429,1225.448828385243,9.980552000173423,1729842912.2796633
122.69125349559071,1226.9125349559072,9.979794845904511,1729842912.2896326
122.83761283950291,1228.3761283950291,9.979023496232816,1729842912.2996657
122.98396065951853,1229.8396065951854,9.978237777797268,1729842912.3096905
123.13029674233906,1231.3029674233906,9.977437516313914,1729842912.3196366
123.27662087209632,1232.7662087209633,9.976622536580658,1729842912.329602
123.42293283033914,1234.2293283033914,9.975792662482085,1729842912.339605
123.56923239601997,1235.6923239601997,9.974947716994365,1729842912.3502784
123.71551934548168,1237.1551934548168,9.974087522190255,1729842912.3595557
123.86179345244433,1238.6179345244434,9.973211899244168,1729842912.3697133
124.0080544879921,1240.080544879921,9.97232066843736,1729842912.3797367
124.15430222056028,1241.543022205603,9.971413649163175,1729842912.3895714
124.30053641592231,1243.005364159223,9.97049065993239,1729842912.3996632
124.44675683717692,1244.4675683717692,9.969551518378669,1729842912.4095662
124.59296324473533,1245.9296324473532,9.968596041264076,1729842912.4197583
124.73915539630858,1247.3915539630857,9.967624044484712,1729842912.4296217
124.88533304689487,1248.8533304689488,9.966635343076414,1729842912.4396818
125.0314959487671,1250.314959487671,9.965629751220579,1729842912.4499872
125.17764385146035,1251.7764385146033,9.964607082250058,1729842912.4595735
125.32377650175953,1253.2377650175952,9.963567148655164,1729842912.4696417
125.46989364368717,1254.6989364368717,9.962509762089756,1729842912.479971
125.6159950184912,1256.159950184912,9.961434733377443,1729842912.4896424
125.76208036463287,1257.6208036463286,9.960341872517875,1729842912.4996464
125.90814941777474,1259.0814941777473,9.959230988693125,1729842912.5098336
126.05420191076882,1260.5420191076882,9.958101890274188,1729842912.5195594
126.20023757364477,1262.0023757364477,9.95695438482757,1729842912.5296347
126.34625613359817,1263.4625613359817,9.955788279121977,1729842912.5395923
126.49225731497893,1264.9225731497893,9.954603379135113,1729842912.5498686
126.6382408392798,1266.382408392798,9.95339949006058,1729842912.5595663
126.78420642512496,1267.8420642512497,9.952176416314874,1729842912.569591
126.93015378825875,1269.3015378825876,9.950933961544495,1729842912.5796704
127.07608264153443,1270.7608264153444,9.94967192863316,1729842912.5895813
127.22199269490316,1272.2199269490316,9.94839011970912,1729842912.599715
127.36788365540302,1273.67883655403,9.947088336152586,1729842912.6096969
127.51375522714808,1275.137552271481,9.94576637860326,1729842912.6196258
127.65960711131774,1276.5960711131775,9.94442404696798,1729842912.6296082
127.80543900614606,1278.0543900614607,9.943061140428469,1729842912.6396534
127.95125060691123,1279.5125060691123,9.9416774574492,1729842912.6503627
128.09704160592517,1280.9704160592516,9.940272795785361,1729842912.6596127
128.24281169252328,1282.4281169252326,9.938846952490946,1729842912.6696758
128.3885605530542,1283.8856055305419,9.93739972392695,1729842912.6797035
128.53428787086983,1285.3428787086982,9.935930905769672,1729842912.6897218
128.67999332631547,1286.7999332631548,9.934440293019145,1729842912.6996725
128.82567659671983,1288.2567659671984,9.932927680007674,1729842912.7095988
128.9713373563856,1289.7133735638558,9.93139286040848,1729842912.71955
129.1169752765797,1291.169752765797,9.929835627244477,1729842912.7296085
129.26259002552405,1292.6259002552406,9.928255772897154,1729842912.7396224
129.4081812683862,1294.081812683862,9.926653089115577,1729842912.7497416
129.55374866727013,1295.5374866727013,9.925027367025507,1729842912.7596264
129.69929188120744,1296.9929188120745,9.923378397138643,1729842912.769646
129.84481056614828,1298.4481056614827,9.921705969361975,1729842912.7797036
129.99030437495273,1299.9030437495273,9.920009873007265,1729842912.7895992
130.13577295738213,1301.3577295738214,9.918289896800639,1729842912.7996652
130.28121596009075,1302.8121596009075,9.916545828892314,1729842912.8096442
130.42663302661737,1304.2663302661736,9.91477745686643,1729842912.8196454
130.5720237973772,1305.7202379737719,9.912984567751018,1729842912.829651
130.71738790965384,1307.1738790965383,9.911166948028077,1729842912.8396297
130.8627249975914,1308.627249975914,9.909324383643792,1729842912.8501923
131.00803469218692,1310.0803469218692,9.907456660018859,1729842912.8595753
131.15331662128258,1311.5331662128258,9.905563562058942,1729842912.869645
131.2985704095585,1312.9857040955849,9.903644874165256,1729842912.8797023
131.44379567852545,1314.4379567852545,9.901700380245268,1729842912.8896213
131.58899204651772,1315.889920465177,9.899729863723534,1729842912.8996718
131.73415912868626,1317.3415912868627,9.897733107552655,1729842912.9099932
131.8792965369919,1318.7929653699189,9.89570989422436,1729842912.9195693
132.02440388019866,1320.2440388019866,9.893660005780717,1729842912.929661
132.16948076386754,1321.6948076386755,9.891583223825474,1729842912.9395378
132.31452679035004,1323.1452679035006,9.889479329535526,1729842912.9497674
132.45954155878218,1324.5954155878217,9.887348103672508,1729842912.9596124
132.60452466507854,1326.0452466507854,9.88518932659452,1729842912.9696333
132.74947570192657,1327.4947570192658,9.883002778267981,1729842912.9796045
132.89439425878095,1328.9439425878095,9.880788238279601,1729842912.9895902
133.03927992185825,1330.3927992185825,9.878545485848512,1729842912.999582
133.18413227413168,1331.8413227413168,9.876274299838489,1729842913.009653
133.32895089532613,1333.2895089532612,9.87397445877033,1729842913.0195665
133.4737353619132,1334.7373536191321,9.871645740834365,1729842913.0296464
133.61848524710672,1336.1848524710672,9.869287923903077,1729842913.039605
133.76320012085804,1337.6320012085805,9.866900785543864,1729842913.049954
133.90787954985197,1339.0787954985196,9.86448410303195,1729842913.0596135
134.05252309750256,1340.5252309750256,9.862037653363394,1729842913.0696545
134.1971303239492,1341.971303239492,9.85956121326825,1729842913.0796556
134.34170078605297,1343.4170078605298,9.857054559223867,1729842913.0897238
134.48623403739307,1344.8623403739307,9.85451746746829,1729842913.0995674
134.6307296282636,1346.307296282636,9.85194971401383,1729842913.1097112
134.7751871056703,1347.751871056703,9.84935107466074,1729842913.11955
134.91960601332786,1349.1960601332787,9.846721325011027,1729842913.129609
135.06398589165696,1350.6398589165697,9.844060240482403,1729842913.1395922
135.20832627778194,1352.0832627778193,9.841367596322367,1729842913.1502364
135.3526267055285,1353.5262670552852,9.838643167622415,1729842913.1594956
135.49688670542162,1354.9688670542162,9.835886729332378,1729842913.169673
135.64110580468358,1356.4110580468357,9.833098056274899,1729842913.1796134
135.78528352723248,1357.8528352723247,9.830276923160048,1729842913.189624
135.92941939368072,1359.2941939368072,9.827423104600042,1729842913.200329
136.07351292133376,1360.7351292133376,9.824536375124133,1729842913.209741
136.21756362418915,1362.1756362418914,9.821616509193593,1729842913.2196305
136.36157101293577,1363.6157101293577,9.818663281216855,1729842913.2296185
136.50553459495328,1365.0553459495327,9.815676465564778,1729842913.2395737
136.64945387431172,1366.4945387431171,9.812655836586021,1729842913.250015
136.79332835177155,1367.9332835177156,9.809601168622592,1729842913.2596333
136.93715752478366,1369.3715752478365,9.806512236025481,1729842913.2696488
137.0809408874898,1370.8094088748978,9.803388813170452,1729842913.279643
137.2246779307231,1372.246779307231,9.800230674473948,1729842913.2896168
137.36836814200902,1373.6836814200901,9.797037594409144,1729842913.3003256
137.5120110055663,1375.1201100556632,9.793809347522103,1729842913.3098454
137.65560600230842,1376.5560600230842,9.79054570844808,1729842913.3195903
137.7991526098449,1377.991526098449,9.787246451927945,1729842913.329634
137.94265030248337,1379.4265030248337,9.78391135282474,1729842913.3395662
138.08609855123143,1380.8609855123143,9.780540186140344,1729842913.3498485
138.229496823799,1382.29496823799,9.7771327270323,1729842913.360176
138.3728445846008,1383.728445846008,9.773688750830717,1729842913.3696055
138.51614129475922,1385.1614129475922,9.770208033055352,1729842913.3797565
138.65938641210724,1386.5938641210723,9.766690349432771,1729842913.389631
138.8025793911918,1388.025793911918,9.763135475913655,1729842913.3996782
138.9457196832774,1389.457196832774,9.759543188690232,1729842913.410173
139.08880673634962,1390.8880673634962,9.755913264213813,1729842913.4195757
139.2318399951196,1392.318399951196,9.752245479212474,1729842913.429592
139.374818901028,1393.74818901028,9.74853961070883,1729842913.4395707
139.51774289224974,1395.1774289224975,9.744795436037956,1729842913.449778
139.66061140369885,1396.6061140369884,9.741012732865407,1729842913.4596198
139.8034238670336,1398.034238670336,9.737191279205364,1729842913.4695606
139.9461797106617,1399.461797106617,9.733330853438899,1729842913.4796357
140.0888783597463,1400.888783597463,9.729431234332353,1729842913.489592
140.23151923621154,1402.3151923621153,9.725492201055818,1729842913.4996314
140.37410175874896,1403.7410175874898,9.721513533201763,1729842913.5095975
140.51662534282391,1405.166253428239,9.717495010803738,1729842913.5195866
140.65908940068235,1406.5908940068234,9.713436414355208,1729842913.529618
140.80149334135774,1408.0149334135774,9.7093375248285,1729842913.5395622
140.9438365706785,1409.4383657067851,9.705198123693853,1729842913.5507653
141.08611849127556,1410.8611849127556,9.701017992938569,1729842913.559595
141.22833850259005,1412.2833850259005,9.69679691508629,1729842913.5696592
141.3704960008817,1413.7049600088171,9.692534673216372,1729842913.5796647
141.51259037923717,1415.1259037923717,9.688231050983344,1729842913.5896373
141.65462102757868,1416.546210275787,9.683885832636507,1729842913.599651
141.79658733267323,1417.9658733267322,9.679498803039605,1729842913.6095896
141.93848867814168,1419.3848867814168,9.67506974769061,1729842913.6195667
142.08032444446852,1420.803244444685,9.6705984527416,1729842913.6296008
142.2220940090116,1422.220940090116,9.666084705018735,1729842913.6396189
142.3637967460125,1423.6379674601249,9.661528292042336,1729842913.6502128
142.50543202660683,1425.0543202660683,9.656929002047047,1729842913.6595633
142.64699921883508,1426.4699921883507,9.652286624002095,1729842913.6697264
142.78849768765372,1427.8849768765372,9.647600947631648,1729842913.6798258
142.92992679494648,1429.2992679494648,9.642871763435243,1729842913.689602
143.07128589953618,1430.7128589953618,9.638098862708327,1729842913.699625
143.2125743571965,1432.125743571965,9.63328203756286,1729842913.7096772
143.35379152066443,1433.5379152066444,9.628421080948021,1729842913.7196364
143.4949367396528,1434.9493673965278,9.623515786670977,1729842913.7296655
143.6360093608631,1436.3600936086311,9.618565949417755,1729842913.739587
143.77700872799883,1437.7700872799883,9.613571364774176,1729842913.7497752
143.91793418177886,1439.1793418177886,9.608531829246868,1729842913.75959
144.05878505995128,1440.5878505995129,9.603447140284356,1729842913.7696466
144.19956069730756,1441.9956069730756,9.59831709629823,1729842913.779652
144.34026042569698,1443.4026042569699,9.593141496684373,1729842913.7895923
144.48088357404137,1444.8088357404138,9.587920141844261,1729842913.7996182
144.62142946835016,1446.2142946835015,9.582652833206334,1729842913.8096402
144.76189743173578,1447.6189743173577,9.577339373247428,1729842913.8196056
144.9022867844293,1449.022867844293,9.571979565514264,1729842913.8297856
145.04259684379653,1450.4259684379654,9.566573214645011,1729842913.8396096
145.18282692435426,1451.8282692435425,9.561120126390882,1729842913.8505838
145.32297633778694,1453.2297633778694,9.555620107637822,1729842913.8595724
145.46304439296367,1454.6304439296366,9.5500729664282,1729842913.8695798
145.60303039595536,1456.0303039595535,9.544478511982602,1729842913.8802218
145.7429336500525,1457.4293365005249,9.538836554721636,1729842913.8896546
145.88275345578293,1458.8275345578293,9.533146906287802,1729842913.8996627
146.02248911093022,1460.2248911093022,9.527409379567393,1729842913.9096832
146.16213991055213,1461.6213991055213,9.52162378871244,1729842913.9195962
146.30170514699952,1463.0170514699953,9.515789949162704,1729842913.9301326
146.44118410993556,1464.4118410993556,9.509907677667696,1729842913.9395604
146.5805760863553,1465.8057608635531,9.503976792308723,1729842913.9500983
146.71988036060552,1467.1988036060552,9.497997112520979,1729842913.9596188
146.85909621440481,1468.5909621440483,9.491968459115647,1729842913.9695697
146.99822292686426,1469.9822292686426,9.485890654302048,1729842913.9797654
147.13725977450812,1471.3725977450813,9.479763521709787,1729842913.989575
147.27620603129506,1472.7620603129506,9.473586886410931,1729842913.999648
147.41506096863958,1474.150609686396,9.467360574942209,1729842914.0097404
147.55382385543385,1475.5382385543385,9.461084415327212,1729842914.0195842
147.6924939580699,1476.924939580699,9.454758237098615,1729842914.0295823
147.83107054046198,1478.3107054046197,9.448381871320393,1729842914.0396793
147.96955286406944,1479.6955286406944,9.441955150610061,1729842914.0496662
148.10794018791972,1481.0794018791971,9.435477909160898,1729842914.059591
148.24623176863193,1482.4623176863192,9.42894998276418,1729842914.0696142
148.3844268604405,1483.844268604405,9.422371208831402,1729842914.0796654
148.52252471521933,1485.2252471521933,9.415741426416497,1729842914.0895529
148.66052458250618,1486.605245825062,9.409060476238043,1729842914.0995731
148.7984257095274,1487.9842570952742,9.402328200701458,1729842914.1095731
148.93622734122306,1489.3622734122305,9.395544443921171,1729842914.1195958
149.07392872027225,1490.7392872027226,9.388709051742781,1729842914.129617
149.21152908711886,1492.1152908711886,9.381821871765188,1729842914.1396034
149.34902767999762,1493.490276799976,9.3748827533627,1729842914.149944
149.48642373496037,1494.8642373496036,9.367891547707101,1729842914.159573
149.6237164859029,1496.2371648590288,9.36084810778971,1729842914.169575
149.7609051645918,1497.609051645918,9.353752288443362,1729842914.1796393
149.89798900069195,1498.9798900069195,9.34660394636439,1729842914.1896276
150.03496722179403,1500.3496722179402,9.33940294013454,1729842914.199649
150.17183905344257,1501.7183905344257,9.332149130242847,1729842914.2096703
150.3086037191642,1503.0860371916422,9.324842379107457,1729842914.2196414
150.44526044049638,1504.452604404964,9.317482551097394,1729842914.2296016
150.58180843701615,1505.8180843701616,9.310069512554275,1729842914.2396333
150.71824692636952,1507.182469263695,9.30260313181396,1729842914.2498517
150.85457512430096,1508.5457512430096,9.29508327922814,1729842914.259602
150.99079224468335,1509.9079224468335,9.287509827185845,1729842914.2696204
151.12689749954808,1511.2689749954807,9.279882650134908,1729842914.2796767
151.26289009911565,1512.6289009911566,9.272201624603316,1729842914.2896743
151.39876925182645,1513.9876925182646,9.264466629220511,1729842914.2995994
151.53453416437188,1515.3453416437187,9.256677544738602,1729842914.30962
151.6701840417258,1516.7018404172582,9.248834254053477,1729842914.3196075
151.80571808717633,1518.0571808717632,9.240936642225844,1729842914.3296192
151.94113550235784,1519.4113550235784,9.232984596502156,1729842914.3396342
152.07643548728336,1520.7643548728336,9.22497800633547,1729842914.3501782
152.21161724037722,1522.1161724037722,9.21691676340616,1729842914.359567
152.34667995850802,1523.4667995850803,9.208800761642584,1729842914.3698518
152.4816228370219,1524.8162283702188,9.20062989724157,1729842914.3798373
152.61644506977612,1526.1644506977611,9.192404068688859,1729842914.3896253
152.75114584917299,1527.5114584917299,9.184123176779384,1729842914.3995478
152.8857243661939,1528.857243661939,9.175787124637441,1729842914.4096591
153.0201798104339,1530.2017981043389,9.167395817736756,1729842914.4195924
153.15451137013636,1531.5451137013636,9.158949163920386,1729842914.4296138
153.2887182322281,1532.887182322281,9.150447073420526,1729842914.439724
153.42279958235463,1534.2279958235463,9.141889458878152,1729842914.4505649
153.55675460491582,1535.5675460491582,9.13327623536254,1729842914.4595144
153.6905824831018,1536.905824831018,9.124607320390636,1729842914.4696364
153.82428239892909,1538.2428239892909,9.115882633946278,1729842914.4795687
153.95785353327713,1539.5785353327713,9.107102098499265,1729842914.4896073
154.091295065925,1540.91295065925,9.098265639024278,1729842914.4995935
154.2246061755884,1542.246061755884,9.089373183019635,1729842914.5096972
154.35778603995695,1543.5778603995695,9.080424660525884,1729842914.5196342
154.49083383573173,1544.9083383573175,9.07142000414423,1729842914.5296996
154.62374873866318,1546.2374873866318,9.06235914905479,1729842914.5396767
154.75652992358908,1547.565299235891,9.05324203303468,1729842914.5498621
154.88917656447302,1548.8917656447302,9.044068596475906,1729842914.5595546
155.0216878344429,1550.216878344429,9.034838782403092,1729842914.5695846
155.15406290582985,1551.5406290582985,9.02555253649101,1729842914.5796156
155.28630095020736,1552.8630095020735,9.016209807081923,1729842914.590216
155.41840113843068,1554.1840113843068,9.006810545202738,1729842914.5996053
155.55036264067638,1555.503626406764,8.997354704581943,1729842914.6098564
155.68218462648224,1556.8218462648224,8.987842241666366,1729842914.6195943
155.81386626478735,1558.1386626478734,8.97827311563772,1729842914.6302366
155.94540672397255,1559.4540672397256,8.968647288428926,1729842914.6396136
156.0768051719009,1560.768051719009,8.958964724740229,1729842914.6500463
156.20806077595856,1562.0806077595855,8.949225392055114,1729842914.6596112
156.3391727030958,1563.391727030958,8.939429260655972,1729842914.6695478
156.4701401198684,1564.701401198684,8.92957630363956,1729842914.6797092
156.60096219247896,1566.0096219247896,8.919666496932228,1729842914.689644
156.73163808681875,1567.3163808681875,8.909699819304908,1729842914.6995957
156.86216696850965,1568.6216696850965,8.899676252387877,1729842914.7099195
156.99254800294622,1569.9254800294623,8.889595780685266,1729842914.7195826
157.12278035533814,1571.2278035533814,8.879458391589342,1729842914.7295961
157.25286319075272,1572.5286319075271,8.869264075394524,1729842914.7395816
157.3827956741577,1573.827956741577,8.859012825311167,1729842914.7497275
157.5125769704642,1575.1257697046422,8.848704637479068,1729842914.7595947
157.6422062445699,1576.422062445699,8.838339510980747,1729842914.7695527
157.77168266140237,1577.7168266140236,8.827917447854421,1729842914.7799938
157.90100538596255,1579.0100538596255,8.817438453106758,1729842914.7895963
158.0301735833686,1580.301735833686,8.806902534725332,1729842914.7995908
158.1591864188997,1581.591864188997,8.796309703690815,1729842914.8096154
158.28804305804022,1582.8804305804022,8.785659973988894,1729842914.8195882
158.4167426665238,1584.1674266652378,8.774953362621899,1729842914.8296604
158.5452844103779,1585.452844103779,8.764189889620171,1729842914.8397007
158.6736674559683,1586.7366745596833,8.753369578053116,1729842914.8509169
158.80189097004398,1588.01890970044,8.742492454039985,1729842914.8595397
158.92995411978177,1589.2995411978177,8.731558546760352,1729842914.8695986
159.0578560728315,1590.578560728315,8.720567888464311,1729842914.8796892
159.18559599736125,1591.8559599736125,8.709520514482362,1729842914.8896444
159.31317306210258,1593.1317306210258,8.698416463234985,1729842914.8995595
159.440586436396,1594.4058643639598,8.687255776241923,1729842914.909759
159.56783529023653,1595.6783529023653,8.676038498131165,1729842914.9195921
159.6949187943195,1596.949187943195,8.664764676647582,1729842914.9296348
159.82183612008635,1598.2183612008635,8.65343436266129,1729842914.9396195
159.9485864397705,1599.485864397705,8.642047610175654,1729842914.9498134
160.07516892644358,1600.7516892644358,8.630604476335005,1729842914.9595828
160.2015827540614,1602.015827540614,8.619105021432015,1729842914.969604
160.32782709751046,1603.2782709751045,8.60754930891475,1729842914.9796705
160.45390113265415,1604.5390113265416,8.595937405393387,1729842914.9899547
160.57980403637927,1605.7980403637928,8.584269380646615,1729842914.9996092
160.70553498664265,1607.0553498664265,8.572545307627678,1729842915.009797
160.8310931625177,1608.310931625177,8.560765262470097,1729842915.019596
160.95647774424125,1609.5647774424126,8.54892932449305,1729842915.0295696
161.0816879132602,1610.816879132602,8.537037576206403,1729842915.0396304
161.2067228522785,1612.067228522785,8.525090103315401,1729842915.049756
161.33158174530402,1613.3158174530402,8.513086994725,1729842915.059578
161.4562637776956,1614.5626377769559,8.501028342543876,1729842915.0697544
161.58076813621003,1615.8076813621003,8.488914242088043,1729842915.0795777
161.70509400904916,1617.0509400904916,8.47674479188415,1729842915.0896537
161.82924058590703,1618.2924058590702,8.4645200936724,1729842915.0996232
161.95320705801703,1619.5320705801703,8.45224025240913,1729842915.109682
162.07699261819914,1620.7699261819914,8.439905376269003,1729842915.1196346
162.20059646090715,1622.0059646090715,8.427515576646858,1729842915.1296322
162.32401778227586,1623.2401778227586,8.41507096815919,1729842915.1396122
162.44725578016838,1624.4725578016837,8.402571668645264,1729842915.1506515
162.57030965422342,1625.703096542234,8.39001779916785,1729842915.1595337
162.6931786059026,1626.931786059026,8.377409484013606,1729842915.169613
162.81586183853767,1628.1586183853767,8.36474685069307,1729842915.1796324
162.9383585573778,1629.383585573778,8.352030029940291,1729842915.1896212
163.06066796963688,1630.6066796963687,8.339259155712083,1729842915.1996095
163.18278928454077,1631.8278928454079,8.326434365186895,1729842915.2096932
163.3047217133745,1633.047217133745,8.313555798763312,1729842915.2196217
163.4264644695295,1634.264644695295,8.300623600058172,1729842915.2301838
163.5480167685507,1635.480167685507,8.2876379159043,1729842915.2396436
163.66937782818377,1636.6937782818377,8.274598896347873,1729842915.2497623
163.79054686842213,1637.9054686842212,8.261506694645378,1729842915.2596397
163.911523111554,1639.1152311155402,8.248361467260214,1729842915.270006
164.0323057822094,1640.323057822094,8.235163373858883,1729842915.2796144
164.15289410740698,1641.5289410740697,8.22191257730682,1729842915.2895777
164.27328731660103,1642.7328731660102,8.20860924366382,1729842915.2996075
164.3934846417281,1643.9348464172808,8.195253542179076,1729842915.309654
164.5134853172538,1645.134853172538,8.181845645285843,1729842915.3195803
164.6332885802194,1646.3328858021941,8.168385728595704,1729842915.329643
164.7528936702883,1647.5289367028831,8.154873970892442,1729842915.3395934
164.8722998297925,1648.722998297925,8.141310554125546,1729842915.3497515
164.99150630377892,1649.9150630377892,8.12769566340329,1729842915.3595884
165.1105123400557,1651.105123400557,8.114029486985459,1729842915.3696406
165.22931718923815,1652.2931718923815,8.100312216275656,1729842915.3796735
165.34792010479487,1653.4792010479487,8.086544045813245,1729842915.3895967
165.4663203430936,1654.663203430936,8.07272517326488,1729842915.399591
165.5845171634469,1655.845171634469,8.058855799415655,1729842915.4098692
165.70250982815776,1657.0250982815776,8.044936128159872,1729842915.419616
165.82029760256518,1658.2029760256519,8.030966366491402,1729842915.4297183
165.9378797550893,1659.378797550893,8.016946724493666,1729842915.4396095
166.05525555727672,1660.5525555727672,8.002877415329227,1729842915.4499564
166.17242428384537,1661.7242428384538,7.988758655228998,1729842915.4596958
166.28938521272946,1662.8938521272946,7.9745906634810515,1729842915.469595
166.40613762512405,1664.0613762512405,7.960373662419047,1729842915.4796054
166.52268080552966,1665.2268080552967,7.946107877410278,1729842915.4896524
166.6390140417965,1666.3901404179649,7.931793536843318,1729842915.4996161
166.75513662516855,1667.5513662516855,7.917430872115297,1729842915.5097642
166.8710478503276,1668.7104785032761,7.903020117618792,1729842915.5195777
166.986747015437,1669.86747015437,7.888561510728327,1729842915.5297227
167.10223342218504,1671.0223342218503,7.874055291786495,1729842915.53962
167.2175063758284,1672.175063758284,7.859501704089702,1729842915.5497203
167.33256518523524,1673.3256518523524,7.844900993873529,1729842915.559572
167.44740916292804,1674.4740916292803,7.830253410297726,1729842915.5699818
167.56203762512632,1675.6203762512632,7.81555920543081,1729842915.5796669
167.67644989178905,1676.7644989178905,7.800818634234311,1729842915.5896688
167.7906452866568,1677.906452866568,7.786031954546628,1729842915.5996406
167.90462313729375,1679.0462313729377,7.771199427066526,1729842915.6101062
168.0183827751294,1680.1838277512938,7.756321315336259,1729842915.619622
168.13192353549994,1681.3192353549994,7.741397885724321,1729842915.629611
168.24524475768956,1682.4524475768956,7.726429407407839,1729842915.6396866
168.3583457849713,1683.583457849713,7.711416152354597,1729842915.6496162
168.47122596464772,1684.7122596464772,7.696358395304712,1729842915.659607
168.5838846480913,1685.838846480913,7.681256413751929,1729842915.6695778
168.69632119078454,1686.9632119078456,7.666110487924578,1729842915.6796331
168.80853495235982,1688.0853495235983,7.650920900766175,1729842915.6897383
168.92052529663886,1689.2052529663886,7.635687937915656,1729842915.6996083
169.032291591672,1690.32291591672,7.620411887687289,1729842915.709722
169.14383320977717,1691.4383320977718,7.605093041050208,1729842915.7196305
169.25514952757848,1692.5514952757849,7.589731691607626,1729842915.7296505
169.36623992604453,1693.6623992604452,7.574328135575708,1729842915.7396274
169.47710379052646,1694.7710379052646,7.558882671762092,1729842915.7496953
169.5877405107956,1695.877405107956,7.543395601544078,1729842915.7595627
169.69814948108095,1696.9814948108094,7.527867228846494,1729842915.7696395
169.80833010010596,1698.0833010010597,7.5122978601192285,1729842915.77962
169.9182817711255,1699.182817711255,7.496687804314438,1729842915.7896233
170.02800390196208,1700.2800390196207,7.4810373728634305,1729842915.799611
170.1374959050419,1701.374959050419,7.4653468796532225,1729842915.8099785
170.2467571974305,1702.467571974305,7.4496166410028035,1729842915.8196247
170.3557872008681,1703.557872008681,7.433846975639065,1729842915.8296244
170.46458534180456,1704.6458534180456,7.418038204672427,1729842915.839594
170.57315105143397,1705.7315105143398,7.402190651572165,1729842915.8497636
170.68148376572887,1706.8148376572888,7.386304642141439,1729842915.8595839
170.7895829254741,1707.8958292547409,7.370380504492004,1729842915.8695974
170.89744797630033,1708.9744797630033,7.3544185690186605,1729842915.8796637
171.0050783687171,1710.0507836871711,7.338419168373378,1729842915.889708
171.11247355814564,1711.1247355814564,7.322382637439168,1729842915.899559
171.21963300495108,1712.1963300495108,7.306309313303642,1729842915.9101071
171.32655617447446,1713.2655617447447,7.290199535232321,1729842915.9196224
171.43324253706433,1714.3324253706433,7.274053644641655,1729842915.9295712
171.53969156810777,1715.3969156810776,7.257871985071771,1729842915.9396524
171.64590274806127,1716.4590274806128,7.241654902158969,1729842915.9500425
171.75187556248096,1717.5187556248097,7.225402743607947,1729842915.9596121
171.85760950205255,1718.5760950205256,7.209115859163771,1729842915.9696062
171.96310406262094,1719.6310406262094,7.192794600583606,1729842915.979651
172.06835874521917,1720.6835874521917,7.176439321608168,1729842915.9897661
172.1733730560972,1721.7337305609722,7.160050377932976,1729842915.9996161
172.27814650675012,1722.7814650675011,7.143628127179324,1729842916.009711
172.3826786139459,1723.826786139459,7.127172928865054,1729842916.0195854
172.4869688997529,1724.869688997529,7.110685144375082,1729842916.0296311
172.59101689156674,1725.9101689156673,7.094165136931696,1729842916.0396085
172.6948221221368,1726.948221221368,7.077613271564647,1729842916.0505843
172.7983841295923,1727.983841295923,7.061029915081023,1729842916.059573
172.901702457468,1729.01702457468,7.044415436034914,1729842916.0696843
173.00477665472923,1730.0477665472922,7.027770204696856,1729842916.0796463
173.1076062757967,1731.076062757967,7.011094593023104,1729842916.0896244
173.21019088057085,1732.1019088057085,6.994388974624694,1729842916.0996096
173.31253003445545,1733.1253003445545,6.977653724736306,1729842916.1101654
173.41462330838112,1734.1462330838112,6.9608892201849715,1729842916.1195664
173.51647027882825,1735.1647027882825,6.944095839358575,1729842916.1296604
173.61807052784928,1736.180705278493,6.927273962174188,1729842916.1396232
173.71942364309075,1737.1942364309075,6.910423970046246,1729842916.1507227
173.82052921781482,1738.2052921781483,6.893546245854556,1729842916.159535
173.92138685092024,1739.2138685092025,6.876641173912131,1729842916.1696172
174.0219961469629,1740.219961469629,6.859709139932897,1729842916.1795738
174.1223567161759,1741.2235671617589,6.842750530999235,1729842916.1896172
174.22246817448917,1742.2246817448918,6.825765735529389,1729842916.1996431
174.32233014354858,1743.2233014354858,6.808755143244731,1729842916.2099824
174.42194225073456,1744.2194225073456,6.791719145136902,1729842916.2198796
174.5213041291802,1745.213041291802,6.77465813343482,1729842916.2296624
174.62041541778902,1746.2041541778901,6.757572501571579,1729842916.2396553
174.719275761252,1747.19275761252,6.740462644151215,1729842916.2505734
174.81788481006438,1748.1788481006438,6.723328956915387,1729842916.2596362
174.91624222054185,1749.1624222054184,6.706171836709931,1729842916.2696438
175.0143476548362,1750.143476548362,6.688991681451328,1729842916.2796023
175.11220078095053,1751.1220078095052,6.6717888900930715,1729842916.2898216
175.20980127275402,1752.0980127275402,6.654563862591973,1729842916.2996237
175.30714880999608,1753.0714880999608,6.637316999874343,1729842916.309681
175.40424307832012,1754.0424307832013,6.620048703802142,1729842916.3196073
175.50108376927682,1755.0108376927683,6.60275937713902,1729842916.3296304
175.5976705803367,1755.9767058033672,6.585449423516319,1729842916.3396442
175.69400321490255,1756.9400321490255,6.568119247399017,1729842916.3496964
175.79008138232095,1757.9008138232095,6.550769254051596,1729842916.359588
175.88590479789366,1758.8590479789366,6.533399849503885,1729842916.3696342
175.9814731828883,1759.814731828883,6.516011440516853,1729842916.3796203
176.07678626454847,1760.7678626454847,6.498604434548349,1729842916.3896055
176.17184377610366,1761.7184377610365,6.481179239718856,1729842916.3997056
176.26664545677826,1762.6664545677827,6.463736264777162,1729842916.410361
176.36119105180043,1763.6119105180044,6.446275919066056,1729842916.4195712
176.4554803124102,1764.554803124102,6.428798612487992,1729842916.4296355
176.54951299586727,1765.4951299586728,6.411304755470746,1729842916.439587
176.64328886545812,1766.4328886545811,6.393794758933061,1729842916.4497979
176.73680769050276,1767.3680769050275,6.376269034250323,1729842916.459605
176.83006924636092,1768.3006924636093,6.358727993220213,1729842916.4696257
176.92307331443774,1769.2307331443774,6.3411720480283895,1729842916.4796724
177.01581968218895,1770.1581968218895,6.3236016112141895,1729842916.4896028
177.10830814312553,1771.0830814312553,6.306017095636349,1729842916.4996066
177.20053849681793,1772.0053849681792,6.288418914438762,1729842916.5096567
177.29251054889974,1772.9251054889974,6.270807481016269,1729842916.5195763
177.3842241110709,1773.842241110709,6.253183208980482,1729842916.5296643
177.47567900110027,1774.7567900110027,6.235546512125669,1729842916.5395973
177.566875042828,1775.66875042828,6.217897804394686,1729842916.5502346
177.65781206616697,1776.5781206616698,6.200237499844948,1729842916.5595455
177.7484899071042,1777.4848990710418,6.1825660126145126,1729842916.5696368
177.83890840770133,1778.3890840770132,6.16488375688816,1729842916.579693
177.92906741609502,1779.2906741609502,6.147191146863613,1729842916.5896997
178.0189667864965,1780.189667864965,6.129488596717789,1729842916.5996106
178.10860637919077,1781.0860637919077,6.11177652057317,1729842916.6099963
178.19798606053544,1781.9798606053544,6.094055332464233,1729842916.6196003
178.28710570295874,1782.8710570295875,6.076325446303993,1729842916.62958
178.37596518495747,1783.7596518495748,6.058587275850647,1729842916.639596
178.46456439109406,1784.6456439109406,6.040841234674304,1729842916.6497753
178.55290321199345,1785.5290321199345,6.023087736123844,1729842916.6595545
178.64098154433933,1786.4098154433932,6.005327193293876,1729842916.6695864
178.7287992908699,1787.287992908699,5.9875600189918305,1729842916.6796608
178.8163563603731,1788.163563603731,5.96978662570516,1729842916.6897724
178.90365266768168,1789.0365266768167,5.952007425568697,1729842916.699608
178.9906881336673,1789.906881336673,5.934222830332101,1729842916.7096953
179.07746268523454,1790.7746268523454,5.916433251327484,1729842916.719598
179.16397625531425,1791.6397625531426,5.898639099437166,1729842916.7296002
179.2502287828565,1792.5022878285652,5.88084078506157,1729842916.7395785
179.3362202128231,1793.3622021282308,5.863038718087292,1729842916.7498357
179.42195049617942,1794.2195049617942,5.8452333078553,1729842916.7595909
179.50741958988615,1795.0741958988615,5.827424963129322,1729842916.7698216
179.59262745689023,1795.9262745689023,5.809614092064377,1729842916.7800002
179.6775740661155,1796.7757406611552,5.791801102175502,1729842916.789632
179.76225939245288,1797.6225939245287,5.773986400306619,1729842916.7996137
179.84668341675,1798.4668341675,5.756170392599631,1729842916.8099544
179.9308461258006,1799.308461258006,5.738353484463646,1729842916.8196266
180.01474751233312,1800.147475123331,5.720536080544436,1729842916.8296154
180.09838757499924,1800.9838757499924,5.702718584694068,1729842916.839581
180.18176631836175,1801.8176631836175,5.684901399940725,1729842916.8497455
180.26488375288199,1802.64883752882,5.667084928458732,1729842916.8595934
180.34773989490688,1803.4773989490689,5.649269571538808,1729842916.8696225
180.4303347666556,1804.303347666556,5.631455729558489,1729842916.8802838
180.5126683962057,1805.126683962057,5.6136438019527946,1729842916.8896446
180.59474081747888,1805.9474081747887,5.595834187185082,1729842916.8995583
180.6765520702263,1806.765520702263,5.578027282718157,1729842916.9097576
180.75810220001355,1807.5810220001356,5.560223484985569,1729842916.919578
180.83939125820498,1808.3939125820498,5.542423189363152,1729842916.9296422
180.92041930194793,1809.2041930194794,5.524626790140813,1729842916.9396083
181.00118639415635,1810.0118639415634,5.506834680494514,1729842916.9496589
181.081692603494,1810.81692603494,5.489047252458515,1729842916.959595
181.16193800435732,1811.6193800435733,5.471264896897878,1729842916.9696128
181.24192267685797,1812.4192267685796,5.453488003481171,1729842916.9796035
181.32164670680478,1813.216467068048,5.4357169606534494,1729842916.989655
181.40111018568547,1814.0111018568546,5.417952155609467,1729842916.9996517
181.48031321064786,1814.8031321064786,5.4001939742671725,1729842917.0103965
181.55925588448082,1815.592558844808,5.382442801241431,1729842917.0195823
181.6379383155948,1816.3793831559478,5.364699019818023,1729842917.0296433
181.71636061800183,1817.1636061800182,5.346963011927876,1729842917.039681
181.79452291129545,1817.9452291129544,5.32923515812162,1729842917.0497615
181.87242532062996,1818.7242532062996,5.3115158375443405,1729842917.0595963
181.9500679766995,1819.500679766995,5.293805427910652,1729842917.0695834
182.02745101571668,1820.2745101571668,5.276104305480025,1729842917.079635
182.1045745793909,1821.0457457939092,5.258412845032398,1729842917.0896554
182.18143881490633,1821.8143881490632,5.240731419844037,1729842917.0996275
182.2580438748994,1822.580438748994,5.2230604016637265,1729842917.1096268
182.3343899174362,1823.343899174362,5.20540016068919,1729842917.1195807
182.4104771059892,1824.104771059892,5.18775106554384,1729842917.1299567
182.48630560941405,1824.8630560941406,5.170113483253785,1729842917.1396616
182.5618756019256,1825.6187560192561,5.152487779225128,1729842917.1498706
182.637187263074,1826.37187263074,5.134874317221576,1729842917.159508
182.71224077772013,1827.1224077772013,5.117273459342321,1729842917.169606
182.78703633601097,1827.8703633601096,5.099685566000224,1729842917.1796496
182.86157413335454,1828.6157413335454,5.082110995900296,1729842917.189664
182.93585437039448,1829.3585437039449,5.064550106018473,1729842917.1996033
183.00987725298444,1830.0987725298444,5.0470032515807,1729842917.2100546
183.08364299216208,1830.836429921621,5.029470786042307,1729842917.2196074
183.15715180412283,1831.5715180412283,5.011953061067689,1729842917.2296455
183.23040391019333,1832.3040391019333,4.994450426510294,1729842917.2402341
183.30339953680453,1833.0339953680455,4.976963230392913,1729842917.249666
183.37613891546462,1833.7613891546462,4.959491818888282,1729842917.2595482
183.44862228273158,1834.4862228273157,4.942036536299988,1729842917.2696335
183.52084988018547,1835.2084988018546,4.924597725043683,1729842917.2797346
183.59282195440053,1835.9282195440053,4.907175725628616,1729842917.289619
183.66453875691695,1836.6453875691695,4.889770876639462,1729842917.299625
183.7360005442123,1837.3600054421229,4.872383514718473,1729842917.3099048
183.80720757767278,1838.0720757767278,4.8550139745479575,1729842917.3195624
183.8781601235644,1838.781601235644,4.837662588833043,1729842917.3297534
183.94885845300357,1839.4885845300357,4.820329688284765,1729842917.3396287
184.0193028419276,1840.193028419276,4.803015601603484,1729842917.3498874
184.08949357106508,1840.8949357106508,4.7857206554625975,1729842917.3596058
184.1594309259058,1841.594309259058,4.768445174492602,1729842917.369618
184.22911519667068,1842.2911519667068,4.751189481265423,1729842917.379674
184.29854667828124,1842.9854667828124,4.7339538962791075,1729842917.3896186
184.36772567032904,1843.6772567032904,4.7167387379428,1729842917.399566
184.43665247704476,1844.3665247704475,4.69954432256207,1729842917.4105093
184.50532740726723,1845.0532740726724,4.682370964324528,1729842917.4195778
184.57375077441205,1845.7375077441204,4.665218975285768,1729842917.4296055
184.6419228964402,1846.419228964402,4.648088665355646,1729842917.4395957
184.70984409582638,1847.0984409582638,4.630980342284844,1729842917.4498863
184.77751469952707,1847.7751469952707,4.61389431165178,1729842917.4595835
184.84493503894856,1848.4493503894855,4.596830876849823,1729842917.4696083
184.91210544991466,1849.1210544991466,4.579790339074833,1729842917.4801562
184.97902627263434,1849.7902627263434,4.562772997313015,1729842917.489652
185.04569785166913,1850.4569785166914,4.545779148329083,1729842917.4996564
185.11212053590037,1851.1212053590039,4.528809086654753,1729842917.5096676
185.1782946784963,1851.7829467849629,4.511863104577542,1729842917.5196106
185.2442206368789,1852.4422063687891,4.4949414921298985,1729842917.5296104
185.30989877269087,1853.0989877269087,4.4780445370786275,1729842917.539615
185.37532945176204,1853.7532945176204,4.461172524914645,1729842917.5502124
185.44051304407594,1854.4051304407594,4.4443257388430375,1729842917.5596132
185.5054499237361,1855.0544992373611,4.427504459773443,1729842917.5698864
185.5701404689323,1855.701404689323,4.4107089663107475,1729842917.5796528
185.63458506190656,1856.3458506190657,4.393939534746078,1729842917.58963
185.69878408891915,1856.9878408891916,4.377196439048109,1729842917.5996537
185.76273794021435,1857.6273794021436,4.3604799508547005,1729842917.609653
185.82644700998617,1858.2644700998617,4.343790339464824,1729842917.6196423
185.88991169634394,1858.8991169634394,4.327127871830792,1729842917.6296833
185.95313240127777,1859.5313240127778,4.3104928125508115,1729842917.6396348
186.01610953062394,1860.1610953062393,4.2938854238618385,1729842917.6505911
186.07884349403008,1860.7884349403007,4.277305965632717,1729842917.6595955
186.1413347049205,1861.413347049205,4.26075469535767,1729842917.669596
186.2035835804611,1862.035835804611,4.244231868150021,1729842917.679647
186.2655905415245,1862.655905415245,4.227737736736284,1729842917.6896496
186.32735601265486,1863.2735601265485,4.211272551450509,1729842917.6995702
186.38888042203277,1863.8888042203278,4.194836560228935,1729842917.7098615
186.45016420143997,1864.5016420143997,4.178430008604962,1729842917.7195783
186.51120778622408,1865.1120778622408,4.162053139704375,1729842917.729635
186.57201161526314,1865.7201161526314,4.145706194240901,1729842917.7396572
186.6325761309303,1866.3257613093028,4.12938941051204,1729842917.749651
186.6929017790582,1866.9290177905818,4.113103024395168,1729842917.7595918
186.75298900890348,1867.5298900890348,4.0968472693439715,1729842917.7696483
186.81283827311123,1868.1283827311122,4.0806223763851275,1729842917.779674
186.8724500276792,1868.724500276792,4.064428574115287,1729842917.7896116
186.93182473192232,1869.3182473192232,4.048266088698344,1729842917.799649
186.99096284843682,1869.909628484368,4.032135143862962,1729842917.809645
187.04986484306457,1870.4986484306457,4.016035960900405,1729842917.8195517
187.10853118485724,1871.0853118485725,3.999968758662641,1729842917.8296444
187.16696234604058,1871.6696234604058,3.983933753560711,1729842917.8396308
187.22515880197855,1872.2515880197855,3.9679311595633697,1729842917.8496864
187.28312103113745,1872.8312103113744,3.951961188196,1729842917.8596127
187.34084951505017,1873.4084951505017,3.936024048539819,1729842917.869576
187.39834473828023,1873.9834473828023,3.9201199472313046,1729842917.8796396
187.45560718838598,1874.5560718838599,3.904249088461924,1729842917.8899577
187.51263735588472,1875.1263735588473,3.8884116739781174,1729842917.899563
187.56943573421685,1875.6943573421686,3.8726079030815272,1729842917.9099236
187.62600281971,1876.2600281971002,3.8568379726294975,1729842917.9195826
187.68233911154326,1876.8233911154325,3.8411020770358313,1729842917.9296408
187.73844511171126,1877.3844511171126,3.8254004082717836,1729842917.93964
187.79432132498843,1877.9432132498844,3.809733155867324,1729842917.950096
187.84996825889317,1878.4996825889316,3.794100506912648,1729842917.9596384
187.90538642365215,1879.0538642365213,3.778502646059927,1729842917.9695864
187.96057633216452,1879.605763321645,3.762939755525294,1729842917.9797363
188.01553849996625,1880.1553849996626,3.7474120150910855,1729842917.989582
188.0702734451945,1880.702734451945,3.7319196021083245,1729842917.9996264
188.1247816885519,1881.2478168855191,3.7164626914994185,1729842918.0099435
188.17906375327112,1881.7906375327111,3.701041455761109,1729842918.0196033
188.23312016507919,1882.3312016507919,3.685656064967663,1729842918.0295956
188.2869514521621,1882.869514521621,3.6703066867742686,1729842918.0396163
188.3405581451294,1883.405581451294,3.6549934864206692,1729842918.050167
188.39394077697872,1883.9394077697873,3.639716626735021,1729842918.0596058
188.44709988306062,1884.4709988306063,3.6244762681379825,1729842918.0696304
188.50003600104318,1885.000360010432,3.609272568646996,1729842918.0796726
188.55274967087695,1885.5274967087694,3.5941056838808123,1729842918.0896947
188.60524143475976,1886.0524143475977,3.5789757670642217,1729842918.0996013
188.65751183710168,1886.5751183710167,3.563882969032978,1729842918.1097672
188.7095614244901,1887.0956142449008,3.548827438238974,1729842918.1196053
188.7613907456548,1887.613907456548,3.533809320755573,1729842918.1297216
188.81300035143326,1888.1300035143327,3.5188287602831654,1729842918.1396112
188.86439079473573,1888.6439079473573,3.5038858981549303,1729842918.1496592
188.91556263051078,1889.1556263051077,3.4889808733428094,1729842918.1595926
188.96651641571071,1889.665164157107,3.474113822463626,1729842918.169679
189.01725270925706,1890.1725270925706,3.459284879785441,1729842918.17959
189.0677720720063,1890.677720720063,3.4444941772341036,1729842918.1896703
189.11807506671556,1891.1807506671557,3.42974184439994,1729842918.199644
189.1681622580085,1891.6816225800849,3.4150280085446827,1729842918.2100632
189.21803421234117,1892.1803421234117,3.4003527946085352,1729842918.2195725
189.26769149796823,1892.6769149796824,3.385716325217465,1729842918.2295895
189.31713468490898,1893.1713468490898,3.3711187206906112,1729842918.2396452
189.36636434491368,1893.6636434491368,3.3565600990479245,1729842918.2496953
189.41538105142996,1894.1538105142995,3.3420405760179452,1729842918.2596452
189.4641853795693,1894.641853795693,3.32756026504575,1729842918.2695944
189.5127779060737,1895.1277790607369,3.3131192773010847,1729842918.2796364
189.56115920928235,1895.6115920928235,3.2987177216866295,1729842918.289668
189.60932986909862,1896.093298690986,3.2843557048464556,1729842918.2996335
189.65729046695697,1896.5729046695697,3.2700333311746146,1729842918.3096168
189.70504158579007,1897.0504158579006,3.2557507028238843,1729842918.319542
189.75258380999614,1897.5258380999614,3.241507919714702,1729842918.3296747
189.7999177254063,1897.999177254063,3.227305079544184,1729842918.3395863
189.84704391925203,1898.4704391925202,3.2131422777953436,1729842918.3501627
189.89396298013295,1898.9396298013296,3.1990196077464317,1729842918.3595994
189.94067549798459,1899.4067549798458,3.1849371604804286,1729842918.3696146
189.9871820640462,1899.8718206404621,3.1708950248946373,1729842918.3805454
190.03348327082907,1900.3348327082906,3.1568932877104947,1729842918.3896055
190.07957971208455,1900.7957971208455,3.142932033483409,1729842918.3995516
190.12547198277258,1901.2547198277257,3.129011344612808,1729842918.4096556
190.17116067903012,1901.7116067903012,3.115131301352281,1729842918.419571
190.2166463981399,1902.166463981399,3.1012919818198537,1729842918.4295588
190.26192973849913,1902.6192973849913,3.087493462008383,1729842918.4396443
190.30701129958868,1903.0701129958868,3.073735815796069,1729842918.450374
190.35189168194202,1903.5189168194202,3.0600191149570932,1729842918.4596045
190.39657148711467,1903.9657148711467,3.0463434291723575,1729842918.469614
190.44105131765355,1904.4105131765355,3.032708826040336,1729842918.4799523
190.48533177706668,1904.8533177706668,3.01911537108806,1729842918.489612
190.52941346979293,1905.2941346979292,3.005563127782165,1729842918.4996557
190.5732970011719,1905.732970011719,2.9920521575400807,1729842918.5096827
190.6169829774142,1906.169829774142,2.9785825197413214,1729842918.5195856
190.66047200557153,1906.6047200557155,2.965154271738826,1729842918.5296254
190.70376469350722,1907.0376469350722,2.951767468870469,1729842918.5396466
190.74686164986687,1907.4686164986688,2.9384221644706017,1729842918.5497098
190.78976348404908,1907.8976348404908,2.925118409881713,1729842918.5596175
190.83247080617645,1908.3247080617643,2.9118562544661817,1729842918.5697324
190.8749842270667,1908.7498422706672,2.8986357456180896,1729842918.5796714
190.91730435820398,1909.1730435820398,2.8854569287751515,1729842918.5896285
190.9594318117103,1909.5943181171028,2.872319847430708,1729842918.5995681
191.00136720031725,1910.0136720031724,2.8592245431458023,1729842918.6098058
191.04311113733786,1910.4311113733786,2.846171055561312,1729842918.6195989
191.08466423663853,1910.8466423663854,2.833159422410194,1729842918.6296353
191.1260271126113,1911.260271126113,2.8201896795297703,1729842918.639632
191.16720038014617,1911.6720038014616,2.8072618608740907,1729842918.64994
191.20818465460377,1912.0818465460377,2.794375998526368,1729842918.659622
191.24898055178795,1912.4898055178796,2.7815321227114547,1729842918.669641
191.2895886879188,1912.895886879188,2.7687302618084333,1729842918.679642
191.3300096796058,1913.3000967960581,2.755970442363205,1729842918.6900778
191.37024414382105,1913.7024414382106,2.7432526891011637,1729842918.6996145
191.41029269787273,1914.1029269787273,2.730577024939933,1729842918.7096956
191.4501559593789,1914.501559593789,2.717943471002152,1729842918.7196279
191.48983454624118,1914.8983454624117,2.70535204662829,1729842918.7295842
191.52932907661898,1915.2932907661898,2.692802769389541,1729842918.7396371
191.56864016890364,1915.6864016890363,2.6802956551007515,1729842918.750278
191.60776844169288,1916.0776844169288,2.667830717833363,1729842918.759593
191.64671451376543,1916.4671451376544,2.655407969928456,1729842918.769573
191.68547900405582,1916.8547900405583,2.643027422009779,1729842918.7798254
191.72406253162941,1917.2406253162942,2.630689082996849,1729842918.7897007
191.76246571565758,1917.6246571565757,2.618392960118067,1729842918.7996056
191.8006891753931,1918.006891753931,2.6061390589238815,1729842918.8096707
191.83873353014576,1918.3873353014576,2.593927383299971,1729842918.8196301
191.87659939925808,1918.765993992581,2.581757935480457,1729842918.8296072
191.91428740208133,1919.1428740208132,2.569630716061159,1729842918.8401396
191.9517981579517,1919.5179815795173,2.557545724012864,1729842918.8496327
191.98913228616667,1919.8913228616666,2.5455029566945937,1729842918.8595452
192.02629040596145,1920.2629040596144,2.5335024098669505,1729842918.8696287
192.06327313648592,1920.6327313648592,2.521544077705439,1729842918.8797061
192.10008109678145,1921.0008109678145,2.5096279528137986,1729842918.8896244
192.13671490575805,1921.3671490575805,2.4977540262373905,1729842918.899725
192.17317518217178,1921.7317518217178,2.4859222874765763,1729842918.9096382
192.2094625446022,1922.0946254460218,2.4741327245000893,1729842918.9196086
192.24557761143015,1922.4557761143014,2.4623853237584523,1729842918.929655
192.2815210008157,1922.815210008157,2.4506800701973814,1729842918.939641
192.31729333067625,1923.1729333067624,2.4390169472712016,1729842918.95005
192.3528952186648,1923.528952186648,2.427395936956251,1729842918.9595625
192.38832728214857,1923.8832728214857,2.415817019764342,1729842918.9696195
192.42359013818765,1924.2359013818764,2.4042801747561375,1729842918.9799654
192.45868440351396,1924.5868440351396,2.3927853795546,1729842918.9896371
192.4936106945103,1924.936106945103,2.3813326103584025,1729842918.9995937
192.5283696271897,1925.283696271897,2.369921841955356,1729842919.0096512
192.56296181717494,1925.6296181717494,2.3585530477358034,1729842919.0196269
192.59738787967817,1925.9738787967817,2.3472261997060366,1729842919.0296137
192.6316484294809,1926.316484294809,2.3359412685016894,1729842919.0396135
192.66574408091404,1926.6574408091403,2.3246982234011133,1729842919.0501397
192.69967544783825,1926.9967544783824,2.313497032338754,1729842919.0595849
192.7334431436243,1927.334431436243,2.3023376619185054,1729842919.069612
192.7670477811339,1927.670477811339,2.291220077427072,1729842919.0796947
192.80048997270046,1928.0048997270046,2.280144242847274,1729842919.0897734
192.83377033011024,1928.3377033011025,2.2691101208713684,1729842919.0996416
192.86688946458358,1928.6688946458357,2.2581176729143406,1729842919.1097367
192.89984798675633,1928.9984798675632,2.2471668591271614,1729842919.1196034
192.9326465066616,1929.326465066616,2.2362576384100636,1729842919.1295774
192.96528563371152,1929.6528563371153,2.2253899684257243,1729842919.1396575
192.9977659766793,1929.9776597667928,2.2145638056124994,1729842919.1501796
193.0300881436815,1930.300881436815,2.203779105197591,1729842919.1595285
193.06225274216044,1930.6225274216044,2.1930358212101737,1729842919.169596
193.09426037886684,1930.9426037886683,2.182333906494536,1729842919.1800637
193.12611165984256,1931.2611165984256,2.17167331272315,1729842919.1896222
193.1578071904037,1931.578071904037,2.1610539904097443,1729842919.199583
193.18934757512375,1931.8934757512375,2.1504758889223226,1729842919.2096164
193.220733417817,1932.20733417817,2.139938956496138,1729842919.2195804
193.25196532152205,1932.5196532152204,2.1294431402466634,1729842919.2295763
193.28304388848568,1932.830438884857,2.118988386182525,1729842919.239569
193.3139697201467,1933.139697201467,2.1085746392183546,1729842919.2502263
193.34474341712018,1933.4474341712018,2.0982018431876623,1729842919.2595966
193.37536557918173,1933.7536557918174,2.0878699408556214,1729842919.269613
193.40583680525202,1934.05836805252,2.077578873931853,1729842919.2799854
193.43615769338152,1934.3615769338153,2.0673285830831354,1729842919.2898846
193.46632884073537,1934.6632884073538,2.057119007946093,1729842919.299551
193.49635084357843,1934.9635084357842,2.046950087139823,1729842919.3099701
193.52622429726057,1935.2622429726057,2.036821758278524,1729842919.319644
193.55594979620213,1935.5594979620214,2.026733957984007,1729842919.3296182
193.58552793387952,1935.8552793387953,2.0166866218982156,1729842919.3396177
193.61495930281106,1936.1495930281105,2.006679684695679,1729842919.3502874
193.6442444945429,1936.442444945429,1.9967130800959216,1729842919.3595605
193.6733840996353,1936.7338409963531,1.9867867408758348,1729842919.3695874
193.70237870764893,1937.0237870764893,1.976900598881957,1729842919.3796897
193.73122890713137,1937.3122890713137,1.9670545850427645,1729842919.3896177
193.75993528560392,1937.599352856039,1.9572486293808575,1729842919.3996954
193.78849842954838,1937.8849842954837,1.9474826610251155,1729842919.4096801
193.8169189243942,1938.1691892439421,1.937756608222819,1729842919.4196103
193.8451973545057,1938.451973545057,1.9280703983516938,1729842919.4296587
193.8733343031695,1938.7333430316949,1.918423957931883,1729842919.4396791
193.90133035258208,1939.013303525821,1.9088172126379108,1729842919.4499092
193.92918608383764,1939.2918608383764,1.8992500873105493,1729842919.4596834
193.95690207691592,1939.5690207691591,1.8897225059686606,1729842919.4696357
193.98447891067045,1939.8447891067044,1.8802343918209603,1729842919.4796176
194.0119171628167,1940.119171628167,1.8707856672777234,1729842919.4896762
194.0392174099207,1940.3921740992068,1.8613762539624519,1729842919.4995902
194.0663802273875,1940.663802273875,1.8520060727234453,1729842919.5101938
194.09340618945012,1940.9340618945012,1.8426750436453618,1729842919.5196452
194.12029586915844,1941.2029586915844,1.8333830860606737,1729842919.5296195
194.14704983836833,1941.4704983836832,1.8241301185610874,1729842919.5396082
194.173668667731,1941.73668667731,1.8149160590088949,1729842919.5498943
194.2001529266824,1942.001529266824,1.8057408245482653,1729842919.5595212
194.22650318343292,1942.2650318343292,1.7966043316164653,1729842919.5697055
194.25272000495715,1942.5272000495715,1.7875064959550295,1729842919.57963
194.27880395698384,1942.7880395698385,1.7784472326208727,1729842919.5898862
194.30475560398602,1943.0475560398602,1.769426455997304,1729842919.5996106
194.3305755091713,1943.3057550917129,1.7604440798050076,1729842919.6096632
194.3562642344723,1943.562642344723,1.7515000171129644,1729842919.619598
194.3818223405372,1943.818223405372,1.742594180349271,1729842919.6297
194.40725038672068,1944.0725038672067,1.733726481311943,1729842919.6395934
194.43254893107454,1944.3254893107453,1.7248968311796,1729842919.6496768
194.45771853033904,1944.5771853033903,1.716105140522136,1729842919.6596303
194.48275973993398,1944.8275973993398,1.7073513193112726,1729842919.6696343
194.50767311395015,1945.0767311395016,1.6986352769310935,1729842919.6797047
194.5324592051408,1945.3245920514082,1.6899569221884763,1729842919.690086
194.55711856491342,1945.5711856491343,1.681316163323463,1729842919.6995885
194.5816517433215,1945.8165174332148,1.672712908019581,1729842919.7096677
194.60605928905647,1946.0605928905647,1.6641470634140658,1729842919.7196016
194.63034174944002,1946.3034174944003,1.6556185361080589,1729842919.7296872
194.6544996704162,1946.5449967041618,1.6471272321766905,1729842919.7395773
194.67853359654393,1946.7853359654393,1.6386730571791146,1729842919.7500768
194.7024440709896,1947.024440709896,1.63025591616847,1729842919.759573
194.72623163551975,1947.2623163551975,1.6218757137017965,1729842919.7696
194.74989683049395,1947.4989683049396,1.6135323538498296,1729842919.7796035
194.77344019485784,1947.7344019485784,1.6052257402067829,1729842919.7895865
194.79686226613623,1947.9686226613624,1.5969557759000113,1729842919.799616
194.82016358042642,1948.2016358042642,1.5887223635996461,1729842919.8099816
194.84334467239168,1948.4334467239169,1.5805254055281237,1729842919.8195848
194.86640607525473,1948.6640607525474,1.5723648034696671,1729842919.8296535
194.88934832079153,1948.8934832079153,1.564240458779694,1729842919.839654
194.91217193932505,1949.1217193932505,1.5561522723941374,1729842919.8499537
194.93487745971936,1949.3487745971936,1.5481001448387337,1729842919.8595953
194.95746540937364,1949.5746540937364,1.5400839762381748,1729842919.8696282
194.97993631421653,1949.7993631421652,1.5321036663252654,1729842919.8797991
195.00229069870042,1950.0229069870043,1.5241591144499465,1729842919.8896322
195.02452908579605,1950.2452908579605,1.5162502195882928,1729842919.8995485
195.0466519969871,1950.466519969871,1.5083768803514017,1729842919.9095886
195.06865995226497,1950.6865995226497,1.5005389949942431,1729842919.9196107
195.09055347012375,1950.9055347012375,1.492736461424431,1729842919.9296384
195.11233306755514,1951.1233306755514,1.4849691772108793,1729842919.9396055
195.13399926004374,1951.3399926004374,1.4772370395924908,1729842919.9497354
195.15555256156222,1951.5555256156222,1.4695399454866278,1729842919.9596179
195.17699348456676,1951.7699348456676,1.4618777914976588,1729842919.9696488
195.1983225399927,1951.9832253999268,1.4542504739253443,1729842919.9796255
195.21954023724996,1952.1954023724995,1.446657888773145,1729842919.9896448
195.24064708421906,1952.4064708421906,1.4390999317565418,1729842919.9996073
195.26164358724685,1952.6164358724686,1.4315764983111885,1729842920.0101078
195.2825302511426,1952.825302511426,1.4240874836010624,1729842920.0196428
195.30330757917406,1953.0330757917407,1.4166327825265066,1729842920.029652
195.32397607306387,1953.2397607306389,1.4092122897322126,1729842920.0396152
195.34453623298577,1953.4453623298577,1.4018258996151287,1729842920.0496845
195.3649885575611,1953.649885575611,1.39447350633231,1729842920.0596094
195.38533354385547,1953.8533354385547,1.3871550038086964,1729842920.0696461
195.4055716873754,1954.0557168737541,1.3798702857447926,1729842920.079742
195.42570348206522,1954.2570348206523,1.3726192456243096,1729842920.0895956
195.44572942030385,1954.4572942030386,1.3654017767217281,1729842920.0995615
195.46564999290206,1954.6564999290206,1.3582177721097919,1729842920.1096747
195.4854656890994,1954.8546568909942,1.351067124666895,1729842920.1196342
195.50517699656163,1955.0517699656164,1.3439497270844862,1729842920.1296873
195.52478440137796,1955.2478440137795,1.3368654718743125,1729842920.1396158
195.54428838805862,1955.4428838805861,1.3298142513756313,1729842920.1497009
195.56368943953234,1955.6368943953235,1.322795957762362,1729842920.1595337
195.5829880371441,1955.829880371441,1.3158104830501722,1729842920.1695979
195.60218466065288,1956.021846606529,1.30885771910346,1729842920.1796167
195.62127978822954,1956.2127978822955,1.3019375576423,1729842920.189685
195.64027389645486,1956.4027389645485,1.2950498902493104,1729842920.1996365
195.65916746031752,1956.5916746031753,1.2881946083764388,1729842920.2102275
195.6779609532124,1956.779609532124,1.2813716033517162,1729842920.219554
195.69665484693874,1956.9665484693874,1.2745807663859,1729842920.2296884
195.71524961169862,1957.1524961169862,1.2678219885790822,1729842920.2396226
195.7337457160954,1957.337457160954,1.2610951609272147,1729842920.2497451
195.75214362713223,1957.5214362713223,1.2544001743285582,1729842920.2596207
195.7704438102108,1957.7044381021078,1.2477369195901007,1729842920.2695744
195.78864672913,1957.8864672913,1.2411052874338564,1729842920.2796762
195.8067528460849,1958.067528460849,1.2345051685031594,1729842920.2896671
195.8247626216655,1958.2476262166551,1.2279364533688115,1729842920.2995646
195.842676514856,1958.4267651485602,1.2213990325352677,1729842920.3096306
195.86049498303365,1958.6049498303364,1.2148927964466472,1729842920.3195927
195.87821848196813,1958.7821848196813,1.2084176354927765,1729842920.3297517
195.8958474658208,1958.958474658208,1.201973440015073,1729842920.3395777
195.91338238714405,1959.1338238714407,1.1955601003124707,1729842920.3499873
195.9308236968808,1959.308236968808,1.1891775066471615,1729842920.3595924
195.948171844364,1959.48171844364,1.1828255492503912,1729842920.3696413
195.96542727731628,1959.6542727731628,1.1765041183280909,1729842920.37984
195.98259044184968,1959.8259044184967,1.1702131040665202,1729842920.389643
195.99966178246544,1959.9966178246543,1.1639523966377974,1729842920.3996475
196.01664174205385,1960.1664174205384,1.1577218862053789,1729842920.4096196
196.03353076189418,1960.335307618942,1.1515214629294936,1729842920.4195907
196.05032928165483,1960.5032928165483,1.1453510169725165,1729842920.4296207
196.06703773939324,1960.6703773939325,1.139210438504219,1729842920.4396632
196.08365657155628,1960.8365657155628,1.1330996177070647,1729842920.4496229
196.10018621298036,1961.0018621298036,1.1270184447813412,1729842920.4595528
196.11662709689185,1961.1662709689185,1.1209668099502847,1729842920.469545
196.1329796549075,1961.3297965490751,1.114944603465145,1729842920.4797018
196.14924431703483,1961.4924431703482,1.108951715610142,1729842920.489656
196.1654215116728,1961.654215116728,1.1029880367074485,1729842920.499582
196.18151166561236,1961.8151166561236,1.0970534571220112,1729842920.5101473
196.1975152040372,1961.975152040372,1.0911478672663995,1729842920.5195618
196.21343255052443,1962.1343255052443,1.0852711576055336,1729842920.5297005
196.22926412704558,1962.2926412704558,1.0794232186613977,1729842920.5397804
196.2450103539673,1962.450103539673,1.0736039410176543,1729842920.5500774
196.2606716500525,1962.606716500525,1.067813215324251,1729842920.559594
196.2762484324613,1962.762484324613,1.0620509323019087,1729842920.5696568
196.29174111675215,1962.9174111675215,1.0563169827465986,1729842920.579746
196.30715011688304,1963.0715011688303,1.050611257533956,1729842920.5896573
196.32247584521264,1963.2247584521265,1.0449336476235986,1729842920.5996137
196.3377187125017,1963.377187125017,1.0392840440634563,1729842920.6096463
196.35287912791435,1963.5287912791434,1.0336623379939747,1729842920.6196039
196.36795749901952,1963.6795749901953,1.028068420652306,1729842920.6296313
196.38295423179244,1963.8295423179243,1.0225021833764432,1729842920.6395857
196.39786973061615,1963.9786973061614,1.0169635176092706,1729842920.6496713
196.41270439828313,1964.1270439828313,1.0114523149025887,1729842920.6595936
196.4274586359969,1964.2745863599691,1.0059684669210815,1729842920.6696439
196.44213284337386,1964.4213284337386,1.0005118654462057,1729842920.679823
196.45672741844484,1964.5672741844485,0.9950824023800572,1729842920.689617
196.47124275765717,1964.7124275765716,0.9896799697491695,1729842920.699593
196.48567925587636,1964.8567925587636,0.9843044597082525,1729842920.7096689
196.5000373063882,1965.000373063882,0.978955764543893,1729842920.7195685
196.51431730090061,1965.1431730090062,0.9736337766781905,1729842920.7295983
196.52851962954577,1965.2851962954578,0.9683383886723637,1729842920.7395766
196.54264468088212,1965.4264468088213,0.9630694932302654,1729842920.7502728
196.55669284189665,1965.5669284189664,0.9578269832018965,1729842920.7596185
196.57066449800695,1965.7066449800695,0.9526107515868131,1729842920.7695982
196.58456003306352,1965.8456003306353,0.9474206915375455,1729842920.779806
196.59837982935207,1965.9837982935207,0.9422566963629134,1729842920.789659
196.61212426759582,1966.1212426759582,0.9371186595313244,1729842920.799613
196.6257937269579,1966.257937269579,0.9320064746740034,1729842920.8096266
196.63938858504386,1966.3938858504387,0.9269200355881989,1729842920.8195832
196.65290921790404,1966.5290921790404,0.9218592362403041,1729842920.8295813
196.6663560000361,1966.663560000361,0.9168239707689495,1729842920.8396382
196.67972930438773,1966.7972930438773,0.9118141334880921,1729842920.8505723
196.6930295023591,1966.930295023591,0.9068296188899428,1729842920.8595588
196.70625696380563,1967.0625696380562,0.9018703216479808,1729842920.8695884
196.71941205704059,1967.1941205704059,0.8969361366198222,1729842920.8796675
196.73249514883796,1967.3249514883796,0.8920269588500965,1729842920.8897202
196.74550660443512,1967.4550660443513,0.887142683573244,1729842920.8996136
196.75844678753575,1967.5844678753574,0.8822832062162992,1729842920.9098825
196.77131606031259,1967.7131606031257,0.8774484224015983,1729842920.9196088
196.78411478341044,1967.8411478341045,0.872638227949479,1729842920.9296646
196.7968433159491,1967.968433159491,0.867852518880892,1729842920.9396155
196.8095020155263,1968.095020155263,0.8630911914199925,1729842920.9498162
196.82209123822074,1968.2209123822074,0.8583541419966875,1729842920.9595904
196.8346113385951,1968.346113385951,0.8536412672491566,1729842920.9695923
196.84706266969923,1968.4706266969922,0.8489524640262961,1729842920.9799418
196.8594455830732,1968.5944558307322,0.8442876293901261,1729842920.9897478
196.8717604287505,1968.7176042875049,0.8396466606181815,1729842920.999614
196.88400755526115,1968.8400755526116,0.8350294552058494,1729842921.0100791
196.89618730963508,1968.9618730963507,0.8304359108686431,1729842921.0195873
196.90830003740527,1969.0830003740527,0.8258659255444599,1729842921.029703
196.92034608261105,1969.2034608261106,0.8213193973957961,1729842921.0396683
196.9323257878015,1969.3232578780148,0.8167962248119228,1729842921.0496857
196.94423949403873,1969.4423949403872,0.8122963064109968,1729842921.0596
196.95608754090134,1969.5608754090133,0.8078195410421615,1729842921.0695763
196.96787026648775,1969.6787026648776,0.8033658277876005,1729842921.0797303
196.97958800741972,1969.7958800741972,0.7989350659645468,1729842921.089623
196.99124109884582,1969.9124109884583,0.7945271551272651,1729842921.0996256
197.0028298744449,1970.0282987444489,0.7901419950689598,1729842921.1097806
197.01435466642963,1970.1435466642963,0.7857794858236965,1729842921.1196723
197.02581580555008,1970.2581580555009,0.7814395276682696,1729842921.129685
197.0372136210973,1970.372136210973,0.7771220211239961,1729842921.1396334
197.04854844090693,1970.4854844090692,0.7728268669585344,1729842921.1502528
197.0598205913628,1970.5982059136281,0.7685539661875936,1729842921.1595109
197.0710303974007,1970.710303974007,0.7643032200767043,1729842921.1695926
197.08217818251194,1970.8217818251194,0.7600745301428365,1729842921.1800256
197.09326426874716,1970.9326426874716,0.755867798156081,1729842921.1896064
197.10428897672,1971.0428897672,0.7516829261412327,1729842921.1996853
197.11525262561088,1971.1525262561088,0.7475198163793956,1729842921.2097654
197.12615553317082,1971.2615553317082,0.7433783714094905,1729842921.219608
197.1369980157252,1971.369980157252,0.7392584940297685,1729842921.2295644
197.14778038817758,1971.4778038817758,0.7351600872992802,1729842921.2395651
197.1585029640136,1971.5850296401359,0.7310830545393284,1729842921.2503443
197.16916605530474,1971.6916605530473,0.7270272993348436,1729842921.2595994
197.17976997271236,1971.7976997271237,0.7229927255357936,1729842921.2695863
197.19031502549146,1971.9031502549146,0.7189792372584759,1729842921.2796104
197.2008015214947,1972.008015214947,0.714986738886881,1729842921.2896354
197.2112297671763,1972.112297671763,0.7110151350739081,1729842921.2996006
197.221600067596,1972.21600067596,0.7070643307426562,1729842921.309678
197.2319127264231,1972.3191272642312,0.703134231087616,1729842921.3195984
197.2421680459404,1972.421680459404,0.6992247415758531,1729842921.3296578
197.25236632704815,1972.5236632704814,0.6953357679481628,1729842921.339614
197.2625078692683,1972.625078692683,0.6914672162202046,1729842921.3497205
197.2725929707483,1972.725929707483,0.6876189926835633,1729842921.3596113
197.28262192826529,1972.8262192826528,0.6837910039068341,1729842921.3695834
197.2925950372302,1972.925950372302,0.6799831567366671,1729842921.37966
197.30251259169177,1973.0251259169177,0.6761953582987353,1729842921.3896284
197.31237488434067,1973.1237488434067,0.6724275159987475,1729842921.3996584
197.32218220651367,1973.2218220651366,0.6686795375233786,1729842921.4103167
197.33193484819773,1973.3193484819774,0.6649513308411902,1729842921.4196568
197.34163309803415,1973.4163309803416,0.6612428042035291,1729842921.4296267
197.35127724332276,1973.5127724332276,0.6575538661453856,1729842921.439568
197.36086757002604,1973.6086757002604,0.6538844254862352,1729842921.4499693
197.37040436277337,1973.7040436277337,0.6502343913308505,1729842921.4595335
197.3798879048652,1973.798879048652,0.6466036730700954,1729842921.4695795
197.3893184782772,1973.893184782772,0.6429921803816531,1729842921.4796321
197.39869636366458,1973.986963636646,0.6393998232308026,1729842921.4896767
197.40802184036625,1974.0802184036625,0.6358265118710918,1729842921.4995933
197.41729518640904,1974.1729518640905,0.6322721568450359,1729842921.5097144
197.42651667851203,1974.2651667851203,0.6287366689847812,1729842921.5195801
197.43568659209075,1974.3568659209075,0.6252199594127131,1729842921.5296056
197.44480520126143,1974.4480520126144,0.6217219395420938,1729842921.5395834
197.45387277884532,1974.5387277884533,0.6182425210776213,1729842921.5503418
197.46288959637295,1974.6288959637295,0.6147816160160183,1729842921.5596519
197.4718559240884,1974.7185592408841,0.6113391366465483,1729842921.5696106
197.48077203095366,1974.8077203095365,0.607914995551531,1729842921.5796618
197.48963818465288,1974.8963818465288,0.6045091056068416,1729842921.5896974
197.49845465159666,1974.9845465159665,0.601121379982369,1729842921.599591
197.50722169692648,1975.072216969265,0.5977517321424867,1729842921.6095905
197.5159395845189,1975.159395845189,0.594400075846436,1729842921.6195502
197.52460857698995,1975.2460857698995,0.5910663251487688,1729842921.6296055
197.5332289356995,1975.332289356995,0.5877503943996939,1729842921.6396275
197.5418009207555,1975.4180092075549,0.5844521982454606,1729842921.649911
197.55032479101843,1975.5032479101842,0.5811716516286961,1729842921.659708
197.5588008041056,1975.5880080410561,0.5779086697886954,1729842921.6696017
197.56722921639553,1975.6722921639553,0.574663168261753,1729842921.679688
197.5756102830323,1975.756102830323,0.5714350628814174,1729842921.6896284
197.58394425792986,1975.8394425792985,0.5682242697787502,1729842921.6996446
197.5922313937765,1975.922313937765,0.565030705382571,1729842921.7097123
197.60047194203912,1976.0047194203912,0.5618542864196695,1729842921.7195787
197.60866615296771,1976.0866615296773,0.5586949299150142,1729842921.7296648
197.6168142755996,1976.168142755996,0.5555525531918936,1729842921.73963
197.62491655776398,1976.2491655776398,0.5524270738721303,1729842921.749709
197.63297324608612,1976.3297324608611,0.5493184098761724,1729842921.7595513
197.64098458599187,1976.4098458599187,0.5462264794232546,1729842921.769614
197.64895082171205,1976.4895082171206,0.5431512010314944,1729842921.7796385
197.65687219628674,1976.5687219628674,0.5400924935179433,1729842921.789686
197.66474895156972,1976.647489515697,0.5370502759987063,1729842921.799609
197.6725813282329,1976.725813282329,0.534024467888984,1729842921.8097265
197.68036956577063,1976.8036956577064,0.531014988903073,1729842921.8195693
197.68811390250414,1976.8811390250414,0.5280217590544137,1729842921.829684
197.69581457558593,1976.9581457558593,0.5250446986555993,1729842921.83962
197.70347182100406,1977.0347182100406,0.5220837283183223,1729842921.849783
197.71108587358665,1977.1108587358665,0.5191387689533994,1729842921.8595634
197.7186569670063,1977.186569670063,0.5162097417706865,1729842921.8696213
197.7261853337843,1977.261853337843,0.5132965682789984,1729842921.8796918
197.7336712052951,1977.336712052951,0.5103991702860825,1729842921.8896446
197.74111481177087,1977.4111481177088,0.5075174698984996,1729842921.8996184
197.74851638230555,1977.4851638230555,0.5046513895214834,1729842921.9101894
197.7558761448595,1977.558761448595,0.5018008518588751,1729842921.9196198
197.76319432626377,1977.6319432626378,0.4989657799129369,1729842921.9296362
197.77047115222442,1977.7047115222442,0.4961460969842272,1729842921.9396098
197.77770684732698,1977.7770684732698,0.49334172667142695,1729842921.950108
197.78490163504085,1977.8490163504084,0.4905525928711548,1729842921.9595597
197.79205573772356,1977.9205573772356,0.4877786197777557,1729842921.9696236
197.79916937662517,1977.9916937662517,0.4850197318831303,1729842921.9796922
197.8062427718927,1978.062427718927,0.48227585397648454,1729842921.9897046
197.81327614257438,1978.1327614257439,0.4795469111440934,1729842921.9996362
197.8202697066241,1978.202697066241,0.4768328287690683,1729842922.0102525
197.82722368090566,1978.2722368090567,0.4741335325310797,1729842922.0196052
197.83413828119726,1978.3413828119726,0.4714489484060963,1729842922.0296586
197.84101372219567,1978.4101372219566,0.4687790026660811,1729842922.0396616
197.8478502175207,1978.4785021752068,0.4661236218787089,1729842922.0495887
197.8546479797194,1978.546479797194,0.4634827329070522,1729842922.0595894
197.86140722027062,1978.6140722027062,0.4608562629092575,1729842922.0696564
197.86812814958904,1978.6812814958903,0.4582441393381921,1729842922.0797484
197.8748109770297,1978.748109770297,0.455646289941133,1729842922.0896423
197.88145591089227,1978.8145591089228,0.4530626427593728,1729842922.0996232
197.88806315842524,1978.8806315842523,0.4504931261278732,1729842922.1096776
197.8946329258304,1978.9463292583039,0.44793766867489004,1729842922.1196082
197.90116541826697,1979.0116541826696,0.4453961993215526,1729842922.1295738
197.90766083985605,1979.0766083985604,0.4428686472814992,1729842922.1396172
197.91411939368476,1979.1411939368477,0.440354942060435,1729842922.149697
197.9205412818106,1979.2054128181062,0.4378550134557323,1729842922.1595056
197.9269267052657,1979.2692670526571,0.4353687915559722,1729842922.1695902
197.9332758640611,1979.332758640611,0.4328962067405414,1729842922.1796021
197.93958895719098,1979.3958895719097,0.4304371896791367,1729842922.1896102
197.9458661826369,1979.458661826369,0.4279916713313189,1729842922.1996036
197.9521077373721,1979.521077373721,0.42555958294606355,1729842922.2096405
197.9583138173657,1979.583138173657,0.42314085606126006,1729842922.2196631
197.96448461758695,1979.6448461758696,0.4207354225032106,1729842922.22968
197.9706203320094,1979.706203320094,0.41834321438615063,1729842922.23966
197.97672115361516,1979.7672115361515,0.41596416411174253,1729842922.2497149
197.98278727439916,1979.8278727439915,0.41359820436854633,1729842922.2596176
197.98881888537326,1979.8881888537326,0.4112452681314903,1729842922.269572
197.99481617657048,1979.9481617657048,0.40890528866135056,1729842922.2796588
198.00077933704915,1980.0077933704915,0.4065781995042127,1729842922.2896538
198.00670855489716,1980.0670855489716,0.40426393449091413,1729842922.2996507
198.01260401723604,1980.1260401723605,0.4019624277364827,1729842922.309637
198.01846591022522,1980.1846591022522,0.39967361363958254,1729842922.3196611
198.02429441906605,1980.2429441906606,0.39739742688192947,1729842922.3296669
198.03008972800612,1980.3008972800612,0.395133802427721,1729842922.3397565
198.0358520203432,1980.3585202034321,0.3928826755230287,1729842922.3503234
198.04158147842955,1980.4158147842954,0.3906439816952262,1729842922.359597
198.04727828367584,1980.4727828367584,0.38841765675237816,1729842922.3697248
198.05294261655544,1980.5294261655545,0.3862036367826328,1729842922.3797207
198.0585746566084,1980.5857465660843,0.3840018581535948,1729842922.3897457
198.06417458244567,1980.6417458244568,0.38181225751171766,1729842922.399651
198.06974257175295,1980.6974257175295,0.37963477178165206,1729842922.4096208
198.07527880129504,1980.7527880129505,0.37746933816565587,1729842922.4196362
198.08078344691967,1980.8078344691967,0.3753158941428837,1729842922.429632
198.0862566835617,1980.862566835617,0.37317437746880777,1729842922.4396322
198.09169868524708,1980.916986852471,0.37104472617451456,1729842922.4502409
198.09710962509695,1980.9710962509694,0.36892687856606166,1729842922.4596527
198.10248967533158,1981.0248967533157,0.36682077322382234,1729842922.4696426
198.1078390072745,1981.078390072745,0.3647263490017999,1729842922.4797015
198.11315779135634,1981.1315779135634,0.3626435450269402,1729842922.4896402
198.118446197119,1981.18446197119,0.36057230069848145,1729842922.4995718
198.1237043932195,1981.2370439321949,0.3585125556872367,1729842922.5096192
198.128932547434,1981.28932547434,0.35646424993491166,1729842922.5195982
198.13413082666185,1981.3413082666184,0.35442732365341356,1729842922.5296435
198.13929939692932,1981.3929939692932,0.3524017173241195,1729842922.5396142
198.14443842339378,1981.4443842339379,0.35038737169721734,1729842922.5497088
198.14954807034752,1981.495480703475,0.34838422779094713,1729842922.5596015
198.15462850122165,1981.5462850122165,0.3463922268908942,1729842922.5696464
198.15967987859008,1981.5967987859008,0.3444113105492911,1729842922.5796492
198.16470236417337,1981.6470236417335,0.3424414205842571,1729842922.5896742
198.1696961188426,1981.696961188426,0.3404824990790968,1729842922.5995975
198.17466130262335,1981.7466130262335,0.3385344883815432,1729842922.609637
198.17959807469944,1981.7959807469945,0.3365973311030367,1729842922.6196358
198.18450659341687,1981.8450659341688,0.33467097011795743,1729842922.6296499
198.18938701628764,1981.8938701628763,0.33275534856290967,1729842922.639616
198.19423949999359,1981.942394999936,0.33085040983594893,1729842922.6496775
198.19906420039018,1981.990642003902,0.3289560975958289,1729842922.6595867
198.20386127251044,1982.0386127251045,0.32707235576126414,1729842922.6696672
198.20863087056856,1982.0863087056855,0.325199128510122,1729842922.6798573
198.21337314796386,1982.1337314796388,0.32333636027871904,1729842922.6897151
198.21808825728448,1982.180882572845,0.32148399576100395,1729842922.6996317
198.2227763503112,1982.2277635031119,0.3196419799078186,1729842922.7096546
198.22743757802112,1982.2743757802114,0.3178102579260881,1729842922.7196102
198.2320720905915,1982.3207209059149,0.31598877527807623,1729842922.7296307
198.23668003740337,1982.3668003740338,0.31417747768060067,1729842922.7396193
198.24126156704546,1982.4126156704547,0.3123763111042227,1729842922.7496352
198.24581682731764,1982.4581682731764,0.3105852217724817,1729842922.7596135
198.2503459652348,1982.503459652348,0.3088041561611189,1729842922.769628
198.25484912703052,1982.5484912703052,0.30703306099726724,1729842922.779667
198.25932645816073,1982.5932645816074,0.3052718832586504,1729842922.7897754
198.2637781033073,1982.6377810330728,0.30352057017279577,1729842922.7995796
198.26820420638177,1982.6820420638178,0.30177906921625464,1729842922.8101184
198.27260491052903,1982.7260491052903,0.3000473281137709,1729842922.8196828
198.27698035813083,1982.7698035813082,0.2983252948374887,1729842922.8297324
198.28133069080948,1982.8133069080948,0.2966129176061568,1729842922.839662
198.28565604943145,1982.8565604943146,0.2949101448843149,1729842922.8497193
198.28995657411093,1982.8995657411092,0.29321692538147104,1729842922.8596191
198.29423240421346,1982.9423240421347,0.29153320805131144,1729842922.8696074
198.29848367835942,1982.9848367835941,0.28985894209086716,1729842922.8796802
198.30271053442766,1983.0271053442766,0.2881940769397272,1729842922.8897114
198.30691310955905,1983.0691310955904,0.2865385622791966,1729842922.8996427
198.3110915401599,1983.110915401599,0.284892348031481,1729842922.9096286
198.31524596190567,1983.1524596190568,0.2832553843588944,1729842922.9196274
198.31937650974433,1983.1937650974432,0.28162762166299415,1729842922.9296172
198.32348331789987,1983.2348331789988,0.28000901058379035,1729842922.9396336
198.32756651987583,1983.2756651987584,0.2783995019989217,1729842922.950014
198.3316262484588,1983.3162624845882,0.27679904702282776,1729842922.95963
198.3356626357218,1983.356626357218,0.2752075970058979,1729842922.9696372
198.3396758130278,1983.3967581302782,0.2736251035336882,1729842922.979803
198.3436659110331,1983.436659110331,0.27205151842604713,1729842922.989654
198.3476330596908,1983.476330596908,0.27048679373634144,1729842922.9996486
198.35157738825416,1983.5157738825415,0.26893088175056057,1729842923.0103424
198.3554990252801,1983.554990252801,0.2673837349865459,1729842923.0196326
198.35939809863243,1983.5939809863244,0.26584530619311486,1729842923.029659
198.3632747354854,1983.632747354854,0.26431554834927595,1729842923.0395973
198.36712906232694,1983.6712906232694,0.26279441466333864,1729842923.0496554
198.37096120496207,1983.7096120496208,0.26128185857211583,1729842923.0596695
198.3747712885162,1983.747712885162,0.2597778337400872,1729842923.069589
198.37855943743847,1983.7855943743848,0.25828229405856795,1729842923.0796702
198.3823257755051,1983.8232577550511,0.2567951936448648,1729842923.089632
198.38607042582265,1983.8607042582266,0.2553164868414254,1729842923.099658
198.38979351083134,1983.8979351083135,0.25384612821504937,1729842923.1095643
198.3934951523083,1983.934951523083,0.25238407255599327,1729842923.1196074
198.39717547137084,1983.9717547137084,0.2509302748771728,1729842923.1296065
198.40083458847974,1984.0083458847973,0.24948469041333687,1729842923.1396081
198.40447262344242,1984.0447262344242,0.2480472746201866,1729842923.1500018
198.40808969541624,1984.0808969541624,0.24661798317358474,1729842923.159535
198.41168592291166,1984.1168592291165,0.24519677196869238,1729842923.1696038
198.41526142379553,1984.1526142379553,0.24378359711914832,1729842923.1796322
198.41881631529418,1984.1881631529418,0.24237841495620394,1729842923.189614
198.42235071399662,1984.2235071399662,0.24098118202791852,1729842923.1996372
198.4258647358578,1984.258647358578,0.23959185509833325,1729842923.2095988
198.42935849620164,1984.2935849620164,0.23821039114657772,1729842923.219597
198.43283210972425,1984.3283210972425,0.23683674736609894,1729842923.2296436
198.43628569049702,1984.3628569049702,0.23547088116379455,1729842923.2396433
198.43971935196979,1984.3971935196978,0.23411275015917787,1729842923.2505348
198.4431332069739,1984.431332069739,0.23276231218355015,1729842923.2595994
198.4465273677253,1984.4652736772532,0.2314195252791692,1729842923.269626
198.4499019458277,1984.499019458277,0.2300843476984128,1729842923.2799163
198.4532570522755,1984.532570522755,0.22875673790294015,1729842923.2896757
198.45659279745698,1984.5659279745698,0.227436654562866,1729842923.299692
198.45990929115726,1984.5990929115726,0.2261240565559256,1729842923.3097262
198.4632066425614,1984.632066425614,0.22481890296666485,1729842923.3195899
198.46648496025736,1984.6648496025737,0.22352115308556975,1729842923.3296728
198.46974435223905,1984.6974435223906,0.2222307664082689,1729842923.3396413
198.4729849259093,1984.7298492590928,0.220947702634695,1729842923.349735
198.4762067880828,1984.762067880828,0.2196719216682571,1729842923.3596883
198.47941004498927,1984.7941004498925,0.2184033836150271,1729842923.3696716
198.48259480227614,1984.8259480227614,0.2171420487828709,1729842923.380168
198.48576116501172,1984.8576116501172,0.21588787768067774,1729842923.389664
198.488909237688,1984.88909237688,0.21464083101749665,1729842923.3996081
198.49203912422365,1984.9203912422365,0.21340086970174255,1729842923.4096766
198.4951509279669,1984.9515092796692,0.21216795484035067,1729842923.4196317
198.49824475169845,1984.9824475169844,0.210942047737963,1729842923.4297166
198.50132069763436,1985.0132069763436,0.20972310989611642,1729842923.4396782
198.5043788674289,1985.0437886742889,0.20851110301240972,1729842923.4498854
198.50741936217747,1985.0741936217746,0.207305988979697,1729842923.45963
198.51044228241938,1985.1044228241938,0.20610772988526527,1729842923.4696488
198.51344772814073,1985.1344772814073,0.20491628801002804,1729842923.4797337
198.51643579877725,1985.1643579877725,0.20373162582769744,1729842923.4896622
198.5194065932171,1985.194065932171,0.2025537060039867,1729842923.4996316
198.52236020980365,1985.2236020980365,0.20138249139578057,1729842923.5096498
198.5252967463383,1985.2529674633831,0.20021794505034307,1729842923.5196276
198.5282163000833,1985.282163000833,0.19906003020450214,1729842923.5296874
198.53111896776443,1985.3111896776443,0.19790871028383605,1729842923.5397139
198.53400484557378,1985.3400484557378,0.196763948901867,1729842923.5496728
198.53687402917257,1985.3687402917258,0.19562570985928474,1729842923.559626
198.5397266136938,1985.397266136938,0.19449395714309758,1729842923.5696409
198.542562693745,1985.42562693745,0.1933686549258632,1729842923.5796394
198.54538236341094,1985.4538236341093,0.1922497675648892,1729842923.5896513
198.54818571625634,1985.4818571625633,0.1911372596014108,1729842923.5996666
198.55097284532852,1985.509728453285,0.1900310957598127,1729842923.6096838
198.5537438431601,1985.537438431601,0.18893124094684033,1729842923.619638
198.5564988017717,1985.564988017717,0.18783766025078463,1729842923.6296358
198.55923781267452,1985.5923781267452,0.18675031894070038,1729842923.640121
198.561960966873,1985.61960966873,0.18566918246561925,1729842923.649643
198.56466835486745,1985.6466835486744,0.18459421645376828,1729842923.6595495
198.56736006665673,1985.6736006665674,0.18352538671175622,1729842923.6696131
198.57003619174077,1985.7003619174077,0.1824626592238151,1729842923.6796575
198.5726968191232,1985.726968191232,0.1814060001510026,1729842923.6897416
198.57534203731387,1985.7534203731389,0.18035537583042227,1729842923.6995943
198.5779719343316,1985.779719343316,0.17931075277446495,1729842923.7096057
198.58058659770649,1985.805865977065,0.1782720976699722,1729842923.719612
198.58318611448266,1985.8318611448267,0.17723937737754347,1729842923.729641
198.58577057122073,1985.8577057122075,0.176212558930687,1729842923.7397828
198.5883400540003,1985.883400540003,0.1751916095350773,1729842923.7496963
198.5908946484225,1985.908946484225,0.1741764965678091,1729842923.75964
198.59343443961254,1985.9343443961254,0.17316718757657845,1729842923.7696085
198.5959595122221,1985.959595122221,0.17216365027895264,1729842923.7796712
198.59846995043185,1985.9846995043185,0.17116585256158856,1729842923.7896707
198.600965837954,1986.0096583795398,0.17017376247948668,1729842923.7996342
198.60344725803463,1986.0344725803463,0.1691873482552041,1729842923.8096979
198.60591429345627,1986.0591429345627,0.16820657827811203,1729842923.81967
198.60836702654018,1986.083670265402,0.16723142110363198,1729842923.82959
198.61080553914888,1986.108055391489,0.16626184545248612,1729842923.8397017
198.61322991268855,1986.1322991268855,0.16529782020995476,1729842923.8497164
198.61564022811143,1986.1564022811144,0.16433931442510719,1729842923.8596332
198.61803656591817,1986.1803656591817,0.16338629731004495,1729842923.8696346
198.62041900616032,1986.2041900616032,0.16243873823918242,1729842923.8796396
198.62278762844252,1986.2278762844253,0.16149660674846877,1729842923.8897605
198.62514251192502,1986.2514251192501,0.1605598725346863,1729842923.8996744
198.62748373532597,1986.2748373532597,0.15962850545467944,1729842923.9096408
198.62981137692375,1986.2981137692375,0.15870247552461592,1729842923.9196494
198.6321255145593,1986.321255145593,0.15778175291925478,1729842923.9296114
198.63442622563844,1986.3442622563844,0.1568663079712288,1729842923.9398034
198.63671358713412,1986.3671358713414,0.15595611117029484,1729842923.9497938
198.63898767558888,1986.3898767558887,0.15505113316260555,1729842923.9596105
198.64124856711692,1986.4124856711692,0.15415134474997394,1729842923.969621
198.6434963374065,1986.434963374065,0.1532567168891682,1729842923.979718
198.64573106172222,1986.4573106172222,0.15236722069116915,1729842923.9896195
198.64795281490714,1986.4795281490715,0.1514828274204526,1729842923.999625
198.65016167138518,1986.5016167138517,0.15060350849428594,1729842924.0096865
198.6523577051632,1986.5235770516322,0.14972923548198735,1729842924.0195975
198.6545409898334,1986.5454098983341,0.14885998010423307,1729842924.0296137
198.65671159857533,1986.5671159857534,0.1479957142323166,1729842924.0396206
198.6588696041582,1986.5886960415821,0.14713640988747734,1729842924.0500023
198.66101507894314,1986.6101507894314,0.14628203924015082,1729842924.0595524
198.66314809488517,1986.6314809488517,0.1454325746092885,1729842924.069675
198.66526872353555,1986.6526872353554,0.1445879884616489,1729842924.0800228
198.66737703604386,1986.6737703604385,0.14374825341110664,1729842924.089652
198.66947310316016,1986.6947310316016,0.14291334221792595,1729842924.099696
198.67155699523715,1986.7155699523714,0.14208322778809623,1729842924.1095843
198.67362878223227,1986.7362878223228,0.14125788317260202,1729842924.119663
198.67568853370983,1986.7568853370983,0.14043728156676571,1729842924.1295927
198.67773631884307,1986.7773631884306,0.1396213963095282,1729842924.1396258
198.67977220641637,1986.7977220641637,0.13881020088279328,1729842924.1500814
198.6817962648272,1986.817962648272,0.1380036689106977,1729842924.159433
198.68380856208825,1986.8380856208823,0.13720177415898227,1729842924.1696358
198.68580916582957,1986.8580916582957,0.13640449053427772,1729842924.1796439
198.6877981433005,1986.877981433005,0.13561179208341378,1729842924.1896393
198.68977556137187,1986.8977556137188,0.13482365299277788,1729842924.1996138
198.69174148653784,1986.9174148653783,0.13404004758761168,1729842924.2095664
198.69369598491807,1986.9369598491808,0.1332609503313681,1729842924.2196836
198.6956391222597,1986.9563912225972,0.13248633582502023,1729842924.2296882
198.6975709639394,1986.975709639394,0.13171617880640063,1729842924.2396774
198.69949157496526,1986.9949157496526,0.1309504541495351,1729842924.250526
198.7014010199789,1987.014010199789,0.13018913686398192,1729842924.2596304
198.70329936325734,1987.0329936325734,0.12943220209417639,1729842924.2696433
198.70518666871507,1987.0518666871508,0.12867962511877173,1729842924.2801917
198.70706299990593,1987.0706299990593,0.12793138134997484,1729842924.2896342
198.70892842002505,1987.0892842002504,0.12718744633290668,1729842924.2996402
198.7107829919109,1987.107829919109,0.12644779574496112,1729842924.3096259
198.7126267780471,1987.1262677804712,0.1257124053951174,1729842924.319627
198.71445984056442,1987.144598405644,0.12498125122332382,1729842924.329571
198.71628224124262,1987.1628224124263,0.12425430929987591,1729842924.339606
198.71809404151244,1987.1809404151245,0.1235315558247202,1729842924.3499272
198.71989530245742,1987.1989530245742,0.12281296712685907,1729842924.3596013
198.72168608481576,1987.2168608481575,0.12209851966369889,1729842924.3696644
198.72346644898232,1987.2346644898232,0.1213881900204371,1729842924.379918
198.7252364550104,1987.252364550104,0.12068195490938372,1729842924.390179
198.72699616261355,1987.2699616261355,0.11997979116937152,1729842924.3997135
198.7287456311675,1987.287456311675,0.11928167576512017,1729842924.4096694
198.73048491971196,1987.3048491971194,0.11858758578661976,1729842924.4196494
198.73221408695244,1987.3221408695244,0.1178974984484985,1729842924.4296136
198.73393319126214,1987.3393319126214,0.11721139108939915,1729842924.4396317
198.73564229068361,1987.356422906836,0.11652924117135732,1729842924.450066
198.73734144293076,1987.3734144293076,0.1158510262792295,1729842924.4595103
198.7390307053904,1987.390307053904,0.1151767241200109,1729842924.469626
198.7407101351243,1987.407101351243,0.11450631252229548,1729842924.4804306
198.74237978887066,1987.4237978887068,0.11383976943561336,1729842924.489655
198.7440397230462,1987.440397230462,0.11317707292986945,1729842924.4997065
198.74568999374767,1987.4568999374767,0.11251820119470757,1729842924.509976
198.7473306567537,1987.4733065675368,0.11186313253891,1729842924.5197074
198.74896176752648,1987.4896176752648,0.11121184538983797,1729842924.5295792
198.75058338121357,1987.5058338121357,0.11056431829279212,1729842924.5396428
198.75219555264962,1987.5219555264962,0.10992052991045298,1729842924.549653
198.75379833635796,1987.5379833635795,0.10928045902224504,1729842924.5596378
198.75539178655245,1987.5539178655245,0.10864408452381269,1729842924.5696793
198.75697595713908,1987.5697595713907,0.10801138542636657,1729842924.5799794
198.7585509017177,1987.5855090171772,0.10738234085615594,1729842924.5896413
198.76011667358372,1987.6011667358373,0.10675693005384346,1729842924.5997286
198.7616733257297,1987.616733257297,0.10613513237396155,1729842924.6096008
198.7632209108471,1987.6322091084712,0.10551692728430495,1729842924.6196606
198.76475948132787,1987.6475948132788,0.10490229436537468,1729842924.629632
198.7662890892661,1987.6628908926612,0.10429121330981139,1729842924.639605
198.76780978645976,1987.6780978645977,0.10368366392180917,1729842924.6502512
198.76932162441213,1987.6932162441212,0.10307962611654531,1729842924.6595438
198.77082465433358,1987.708246543336,0.10247907991964211,1729842924.6696246
198.77231892714315,1987.7231892714315,0.10188200546658421,1729842924.679953
198.77380449347012,1987.7380449347013,0.1012883830021537,1729842924.689638
198.77528140365564,1987.7528140365564,0.10069819287987769,1729842924.699695
198.77674970775425,1987.7674970775424,0.10011141556147762,1729842924.7096727
198.77820945553555,1987.7820945553553,0.0995280316163275,1729842924.7196558
198.7796606964857,1987.7966069648571,0.0989480217208677,1729842924.7296102
198.78110347980908,1987.8110347980908,0.09837136665808088,1729842924.7396204
198.78253785442965,1987.8253785442964,0.09779804731694142,1729842924.7503786
198.78396386899274,1987.8396386899274,0.09722804469188595,1729842924.7596037
198.7853815718664,1987.853815718664,0.09666133988222902,1729842924.7696402
198.786791011143,1987.86791011143,0.09609791409167989,1729842924.7796152
198.7881922346408,1987.881922346408,0.0955377486277581,1729842924.7896328
198.78958528990538,1987.8958528990538,0.09498082490129256,1729842924.7996333
198.79097022421118,1987.9097022421117,0.09442712442585666,1729842924.8096187
198.79234708456306,1987.9234708456306,0.0938766288172691,1729842924.8196545
198.79371591769768,1987.9371591769768,0.0933293197930326,1729842924.8296769
198.79507677008505,1987.9507677008505,0.09278517917184892,1729842924.8396084
198.79642968793,1987.9642968792998,0.09224418887306995,1729842924.8502424
198.79777471717364,1987.9777471717364,0.09170633091617375,1729842924.8595474
198.79911190349486,1987.9911190349485,0.09117158742025644,1729842924.8696363
198.80044129231172,1988.0044129231171,0.09063994060350289,1729842924.8796425
198.80176292878292,1988.017629287829,0.09011137278269465,1729842924.889657
198.80307685780926,1988.0307685780926,0.0895858663726753,1729842924.8996034
198.80438312403504,1988.0438312403503,0.08906340388585476,1729842924.9095957
198.8056817718495,1988.056817718495,0.0885439679316925,1729842924.919627
198.80697284538826,1988.0697284538826,0.08802754121620715,1729842924.929742
198.80825638853466,1988.0825638853466,0.08751410654143121,1729842924.9396367
198.80953244492125,1988.0953244492125,0.08700364680498474,1729842924.9497564
198.81080105793112,1988.1080105793112,0.08649614499949798,1729842924.9595826
198.81206227069927,1988.1206227069927,0.08599158421215669,1729842924.9696321
198.8133161261141,1988.1331612611411,0.08548994762422069,1729842924.979699
198.81456266681863,1988.1456266681862,0.08499121851048741,1729842924.9896314
198.815801935212,1988.15801935212,0.08449538023884429,1729842924.9996517
198.8170339734507,1988.1703397345068,0.08400241626975535,1729842925.0096323
198.81825882345007,1988.1825882345006,0.08351231015579763,1729842925.0196013
198.8194765268855,1988.194765268855,0.0830250455411371,1729842925.0296736
198.82068712519387,1988.2068712519388,0.0825406061611077,1729842925.0395718
198.82189065957485,1988.2189065957484,0.08205897584167665,1729842925.05071
198.82308717099218,1988.2308717099218,0.08158013849899504,1729842925.0595503
198.82427670017503,1988.2427670017503,0.08110407813892173,1729842925.0696392
198.82545928761928,1988.2545928761929,0.08063077885654912,1729842925.079694
198.82663497358888,1988.2663497358888,0.08016022483574481,1729842925.0896266
198.8278037981171,1988.2780379811709,0.07969240034864533,1729842925.0995955
198.82896580100774,1988.2896580100773,0.0792272897552263,1729842925.1096525
198.83012102183662,1988.3012102183661,0.07876487750284056,1729842925.1196508
198.83126949995264,1988.3126949995265,0.07830514812572431,1729842925.1297245
198.83241127447917,1988.3241127447918,0.0778480862445744,1729842925.1396537
198.83354638431527,1988.3354638431526,0.07739367656606155,1729842925.1497169
198.83467486813694,1988.3467486813695,0.07694190388239341,1729842925.1594512
198.8357967643984,1988.357967643984,0.07649275307085623,1729842925.16959
198.8369121113333,1988.369121113333,0.07604620909336368,1729842925.1796548
198.838020946956,1988.38020946956,0.07560225699599321,1729842925.1895998
198.83912330906267,1988.3912330906267,0.07516088190856685,1729842925.199648
198.84021923523272,1988.4021923523273,0.07472206904419643,1729842925.2096567
198.84130876282984,1988.4130876282984,0.07428580369881821,1729842925.219622
198.84239192900324,1988.4239192900325,0.07385207125078963,1729842925.229628
198.84346877068896,1988.4346877068897,0.07342085716042746,1729842925.2396872
198.8445393246109,1988.445393246109,0.07299214696956546,1729842925.249662
198.84560362728217,1988.4560362728216,0.07256592630114411,1729842925.2599325
198.84666171500618,1988.4666171500617,0.07214218085875757,1729842925.269595
198.84771362387778,1988.4771362387778,0.07172089642622026,1729842925.2796845
198.84875938978456,1988.4875938978457,0.07130205886717256,1729842925.2896507
198.8497990484079,1988.497990484079,0.07088565412460468,1729842925.2996867
198.85083263522418,1988.5083263522417,0.07047166822047657,1729842925.3096979
198.85186018550593,1988.5186018550594,0.07006008725526669,1729842925.3196132
198.85288173432292,1988.528817343229,0.06965089740755814,1729842925.3296156
198.85389731654342,1988.5389731654343,0.06924408493364431,1729842925.3395927
198.8549069668352,1988.5490696683519,0.06883963616705813,1729842925.3498871
198.8559107196667,1988.559107196667,0.06843753751823456,1729842925.3595846
198.85690860930825,1988.5690860930824,0.06803777547402212,1729842925.369625
198.85790066983301,1988.5790066983302,0.06764033659731339,1729842925.379636
198.85888693511825,1988.5888693511824,0.06724520752664531,1729842925.3896139
198.8598674388463,1988.598674388463,0.06685237497575691,1729842925.3996696
198.86084221450577,1988.6084221450576,0.06646182573321979,1729842925.4097872
198.86181129539258,1988.618112953926,0.06607354666200826,1729842925.4196455
198.86277471461108,1988.6277471461108,0.0656875246991192,1729842925.4296386
198.8637325050751,1988.6373250507509,0.06530374685516172,1729842925.4396048
198.86468469950896,1988.6468469950896,0.06492220021395567,1729842925.4497585
198.86563133044874,1988.6563133044874,0.06454287193217467,1729842925.459602
198.8665724302431,1988.665724302431,0.06416574923888596,1729842925.469614
198.8675080310545,1988.6750803105451,0.0637908194352218,1729842925.4796505
198.86843816486024,1988.6843816486023,0.06341806989396914,1729842925.4896395
198.86936286345335,1988.6936286345335,0.06304748805915394,1729842925.499578
198.87028215844384,1988.7028215844384,0.06267906144571433,1729842925.5097492
198.87119608125965,1988.7119608125965,0.062312777639056516,1729842925.5196173
198.8721046631476,1988.7210466314762,0.061948624294704824,1729842925.5296066
198.8730079351745,1988.7300793517452,0.06158658913793402,1729842925.539636
198.8739059282282,1988.739059282282,0.06122665996336962,1729842925.5498486
198.87479867301846,1988.7479867301845,0.06086882463460952,1729842925.5597074
198.87568620007812,1988.7568620007812,0.060513071083865166,1729842925.569616
198.876568539764,1988.76568539764,0.06015938731157966,1729842925.579706
198.87744572225793,1988.7744572225793,0.05980776138606003,1729842925.5895815
198.8783177775677,1988.783177775677,0.0594581814431131,1729842925.599707
198.8791847355281,1988.7918473552809,0.05911063568567243,1729842925.6099288
198.8800466258019,1988.800466258019,0.05876511238344129,1729842925.6196477
198.88090347788074,1988.8090347788075,0.058421599872503616,1729842925.629612
198.88175532108622,1988.8175532108621,0.058080086555009625,1729842925.6396523
198.88260218457074,1988.8260218457074,0.05774056089876545,1729842925.6508944
198.88344409731857,1988.8344409731858,0.057403011436924056,1729842925.6596625
198.88428108814674,1988.8428108814674,0.057067426767583807,1729842925.6696281
198.885113185706,1988.85113185706,0.05673379555346514,1729842925.679707
198.8859404184817,1988.859404184817,0.05640210652153399,1729842925.6896634
198.8867628147949,1988.867628147949,0.05607234846269449,1729842925.6996503
198.8875804028031,1988.875804028031,0.05574451023138749,1729842925.709676
198.88839321050133,1988.8839321050134,0.055418580745272616,1729842925.7196465
198.88920126572293,1988.8920126572293,0.05509454898487476,1729842925.7298596
198.89000459614059,1988.9000459614058,0.05477240399324834,1729842925.7396069
198.89080322926716,1988.9080322926716,0.05445213487562561,1729842925.7497318
198.8915971924567,1988.9159719245667,0.05413373079908623,1729842925.7596097
198.89238651290515,1988.9238651290516,0.05381718099219668,1729842925.7696288
198.89317121765148,1988.9317121765148,0.05350247474471359,1729842925.7797217
198.89395133357846,1988.9395133357846,0.053189601407208964,1729842925.789626
198.89472688741347,1988.9472688741348,0.0528785503907504,1729842925.7996454
198.89549790572957,1988.9549790572958,0.05256931116659025,1729842925.8096857
198.8962644149462,1988.962644149462,0.05226187326578546,1729842925.8195977
198.89702644133015,1988.9702644133015,0.05195622627894003,1729842925.8296242
198.89778401099645,1988.9778401099645,0.05165235985580352,1729842925.839582
198.89853714990912,1988.9853714990911,0.05135026370499929,1729842925.849769
198.89928588388216,1988.9928588388216,0.05104992759367988,1729842925.8595943
198.90003023858029,1989.0003023858028,0.05075134134720194,1729842925.869665
198.9007702395199,1989.007702395199,0.050454494848826026,1729842925.8809433
198.90150591206978,1989.0150591206977,0.05015937803936665,1729842925.8896801
198.9022372814521,1989.022372814521,0.04986598091690986,1729842925.899602
198.9029643727431,1989.029643727431,0.04957429353646858,1729842925.9096453
198.90368721087404,1989.0368721087405,0.04928430600970379,1729842925.919599
198.90440582063198,1989.0440582063197,0.04899600850456387,1729842925.9295816
198.90512022666056,1989.0512022666055,0.04870939124500573,1729842925.939664
198.90583045346085,1989.0583045346084,0.048424444510691056,1729842925.9503381
198.90653652539223,1989.0653652539222,0.048141158636673675,1729842925.9596221
198.90723846667308,1989.0723846667308,0.047859524013069143,1729842925.9696097
198.90793630138165,1989.0793630138164,0.04757953108478119,1729842925.979769
198.90863005345685,1989.0863005345684,0.04730117035119086,1729842925.9896436
198.90931974669903,1989.0931974669902,0.047024432365856295,1729842925.999648
198.9100054047708,1989.100054047708,0.04674930773620545,1729842926.0096912
198.9106870511978,1989.106870511978,0.04647578712323586,1729842926.0196373
198.91136470936948,1989.113647093695,0.04620386124123399,1729842926.029636
198.91203840253985,1989.1203840253984,0.045933520857473265,1729842926.0395699
198.91270815382828,1989.1270815382827,0.04566475679190851,1729842926.0501573
198.9133739862203,1989.1337398622031,0.045397559916914854,1729842926.0595753
198.91403592256833,1989.1403592256834,0.04513192115695197,1729842926.0696316
198.9146939855924,1989.146939855924,0.04486783148831719,1729842926.079742
198.91534819788103,1989.1534819788103,0.04460528193883995,1729842926.089637
198.91599858189178,1989.159985818918,0.04434426358758159,1729842926.099657
198.91664515995222,1989.1664515995221,0.04408476756459556,1729842926.1095877
198.91728795426053,1989.1728795426052,0.04382678505059345,1729842926.1196053
198.91792698688627,1989.1792698688628,0.04357030727669631,1729842926.1296566
198.91856227977112,1989.1856227977112,0.0433153255241433,1729842926.1395938
198.91919385472966,1989.1919385472966,0.043061831124019956,1729842926.1497443
198.91982173345002,1989.1982173345002,0.04280981545696505,1729842926.1594956
198.92044593749463,1989.2044593749463,0.04255926995290238,1729842926.1696184
198.92106648830097,1989.2106648830097,0.04231018609079207,1729842926.1801288
198.92168340718223,1989.2168340718222,0.042062555398317936,1729842926.1896188
198.92229671532806,1989.2229671532805,0.041816369451631696,1729842926.2001503
198.92290643380528,1989.229064338053,0.04157161987510605,1729842926.2097564
198.92351258355856,1989.2351258355857,0.04132829834102736,1729842926.2196531
198.92411518541113,1989.2411518541112,0.041086396569350536,1729842926.229604
198.92471426006546,1989.2471426006546,0.040845906327439674,1729842926.2396445
198.925309828104,1989.25309828104,0.04060681942978206,1729842926.2497046
198.9259019099898,1989.2590190998978,0.04036912773774659,1729842926.2596338
198.92649052606723,1989.2649052606723,0.04013282315930489,1729842926.2696202
198.92707569656267,1989.2707569656268,0.03989789764879326,1729842926.2800548
198.92765744158518,1989.2765744158519,0.03966434320663026,1729842926.2896028
198.92823578112714,1989.2823578112714,0.039432151879066235,1729842926.2996657
198.92881073506496,1989.2881073506496,0.039201315757945276,1729842926.3096454
198.92938232315973,1989.2938232315973,0.03897182698042456,1729842926.3196378
198.92995056505788,1989.2995056505788,0.038743677728727444,1729842926.329665
198.9305154802918,1989.305154802918,0.03851686022990719,1729842926.3395722
198.9310770882806,1989.310770882806,0.038291366755591194,1729842926.349738
198.93163540833064,1989.3163540833064,0.03806718962170208,1729842926.359632
198.93219045963622,1989.3219045963622,0.03784432118826053,1729842926.369646
198.93274226128025,1989.3274226128026,0.0376227538590993,1729842926.3796864
198.93329083223486,1989.3329083223487,0.03740248008163227,1729842926.3897705
198.93383619136205,1989.3383619136205,0.03718349234661822,1729842926.3996825
198.93437835741432,1989.3437835741431,0.03696578318789434,1729842926.4096086
198.9349173490353,1989.3491734903528,0.036749345182154225,1729842926.4196446
198.93545318476035,1989.3545318476035,0.03653417094870093,1729842926.429621
198.93598588301722,1989.3598588301722,0.036320253149205395,1729842926.4396656
198.93651546212664,1989.3651546212664,0.03610758448748441,1729842926.4500744
198.93704194030292,1989.3704194030292,0.03589615770925547,1729842926.4595492
198.93756533565463,1989.3756533565463,0.03568596560188808,1729842926.4696214
198.93808566618512,1989.380856661851,0.03547700099418172,1729842926.4797578
198.9386029497932,1989.386029497932,0.035269256756143785,1729842926.4897244
198.93911720427366,1989.3911720427366,0.03506272579873737,1729842926.4996312
198.93962844731797,1989.3962844731798,0.03485740107366986,1729842926.5096352
198.94013669651483,1989.4013669651483,0.03465327557314246,1729842926.5196493
198.94064196935068,1989.406419693507,0.03445034232963351,1729842926.5297294
198.9411442832104,1989.411442832104,0.034248594415690614,1729842926.5396392
198.94164365537785,1989.4164365537786,0.03404802494367487,1729842926.5497265
198.94214010303642,1989.4214010303642,0.033848627065563686,1729842926.559588
198.94263364326972,1989.426336432697,0.033650393972702086,1729842926.5696046
198.94312429306197,1989.4312429306196,0.03345331889559133,1729842926.5796978
198.94361206929875,1989.4361206929875,0.033257395103686416,1729842926.5896506
198.94409698876746,1989.4409698876746,0.03306261590514914,1729842926.5996723
198.9445790681579,1989.4457906815792,0.032868974646649174,1729842926.6096501
198.94505832406293,1989.4505832406294,0.03267646471313845,1729842926.6196532
198.94553477297885,1989.4553477297884,0.03248507952763269,1729842926.6296306
198.9460084313061,1989.460084313061,0.0322948125510053,1729842926.6396415
198.94647931534976,1989.4647931534976,0.03210565728177428,1729842926.6499171
198.9469474413201,1989.4694744132012,0.03191760725587656,1729842926.6595285
198.94741282533315,1989.4741282533314,0.031730656046477956,1729842926.6695805
198.94787548341117,1989.4787548341117,0.03154479726373871,1729842926.6796522
198.94833543148332,1989.4833543148332,0.031360024554630495,1729842926.6896777
198.94879268538602,1989.4879268538602,0.031176331602693064,1729842926.6996574
198.9492472608637,1989.492472608637,0.030993712127885042,1729842926.709861
198.94969917356912,1989.4969917356912,0.030812159886308588,1729842926.7196834
198.950148439064,1989.5014843906401,0.030631668670060175,1729842926.729596
198.9505950728196,1989.505950728196,0.030452232307005,1729842926.7396553
198.95103909021708,1989.510390902171,0.030273844660574478,1729842926.7497635
198.9514805065482,1989.514805065482,0.03009649962957084,1729842926.7595973
198.9519193370157,1989.5191933701572,0.029920191147961073,1729842926.7696974
198.95235559673392,1989.5235559673392,0.029744913184674426,1729842926.779632
198.9527893007292,1989.5278930072918,0.02957065974342299,1729842926.7895775
198.95322046394043,1989.5322046394042,0.029397424862486754,1729842926.7995875
198.9536491012196,1989.5364910121962,0.02922520261453243,1729842926.8097372
198.9540752273323,1989.540752273323,0.029053987106402057,1729842926.8196113
198.95449885695814,1989.5449885695814,0.028883772478924707,1729842926.8296752
198.95492000469125,1989.5492000469126,0.028714552906738855,1729842926.8396492
198.95533868504089,1989.553386850409,0.02854632259809342,1729842926.8496912
198.95575491243184,1989.5575491243185,0.02837907579463461,1729842926.8595676
198.95616870120492,1989.561687012049,0.02821280677124427,1729842926.8696067
198.95658006561743,1989.5658006561744,0.028047509835849804,1729842926.8796642
198.9569890198437,1989.569890198437,0.027883179329221686,1729842926.8896396
198.95739557797552,1989.5739557797551,0.02771980962480647,1729842926.899602
198.95779975402266,1989.5779975402265,0.02755739512851363,1729842926.9096608
198.95820156191328,1989.5820156191328,0.027395930278557468,1729842926.919675
198.95860101549445,1989.5860101549445,0.02723540954527237,1729842926.9295921
198.95899812853264,1989.5899812853263,0.02707582743091741,1729842926.939628
198.9593929147141,1989.593929147141,0.026917178469488046,1729842926.9501603
198.9597853876454,1989.597853876454,0.02675945722656692,1729842926.9596033
198.96017556085388,1989.601755608539,0.02660265829911246,1729842926.9695902
198.96056344778808,1989.6056344778808,0.026446776315307896,1729842926.9796505
198.96094906181818,1989.6094906181818,0.026291805934351653,1729842926.9895406
198.96133241623653,1989.6133241623652,0.026137741846318785,1729842926.99968
198.96171352425802,1989.6171352425802,0.025984578771954925,1729842927.009688
198.96209239902055,1989.6209239902055,0.025832311462518187,1729842927.0196688
198.9624690535855,1989.6246905358548,0.02568093469960331,1729842927.0296419
198.96284350093816,1989.6284350093815,0.025530443294965788,1729842927.0396533
198.96321575398818,1989.6321575398817,0.025380832090338923,1729842927.0498345
198.96358582556996,1989.6358582556995,0.0252320959572917,1729842927.0595758
198.96395372844313,1989.6395372844313,0.025084229797029844,1729842927.069597
198.96431947529297,1989.6431947529297,0.024937228540259038,1729842927.0796132
198.96468307873081,1989.646830787308,0.024791087146978863,1729842927.0895956
198.96504455129457,1989.6504455129457,0.024645800606354906,1729842927.0996194
198.96540390544902,1989.65403905449,0.024501363936509146,1729842927.1096585
198.96576115358633,1989.6576115358632,0.024357772184399162,1729842927.1197243
198.96611630802641,1989.661163080264,0.024215020425628064,1729842927.129629
198.9664693810174,1989.664693810174,0.024073103764286397,1729842927.1395862
198.966820384736,1989.66820384736,0.02393201733279582,1729842927.150539
198.967169331288,1989.67169331288,0.023791756291738575,1729842927.1595316
198.9675162327086,1989.675162327086,0.023652315829690518,1729842927.1696465
198.96786110096278,1989.6786110096277,0.023513691163089656,1729842927.1796772
198.96820394794582,1989.6820394794581,0.023375877536047862,1729842927.189552
198.9685447854837,1989.6854478548369,0.023238870220222974,1729842927.1996777
198.96888362533332,1989.6888362533332,0.023102664514607407,1729842927.2096095
198.96922047918315,1989.6922047918315,0.022967255745446447,1729842927.2196321
198.96955535865348,1989.6955535865347,0.022832639266026855,1729842927.2296503
198.9698882752968,1989.698882752968,0.022698810456531215,1729842927.2396169
198.97021924059828,1989.7021924059827,0.02256576472391536,1729842927.2497618
198.97054826597608,1989.7054826597607,0.022433497501712973,1729842927.2595756
198.9708753627818,1989.7087536278182,0.022302004249927232,1729842927.269682
198.97120054230086,1989.7120054230086,0.022171280454830078,1729842927.2796152
198.9715238157528,1989.715238157528,0.022041321628857413,1729842927.2896276
198.97184519429175,1989.7184519429175,0.021912123310442122,1729842927.29962
198.9721646890068,1989.721646890068,0.02178368106384887,1729842927.3096733
198.97248231092237,1989.7248231092237,0.021655990479060416,1729842927.3195958
198.97279807099852,1989.7279807099853,0.021529047171592874,1729842927.329531
198.97311198013142,1989.7311198013142,0.02140284678239801,1729842927.3396056
198.97342404915366,1989.7342404915366,0.021277384977662517,1729842927.3498337
198.97373428883466,1989.7373428883466,0.02115265744870143,1729842927.3595955
198.974042709881,1989.74042709881,0.021028659911796477,1729842927.3696332
198.97434932293675,1989.7434932293675,0.020905388108069967,1729842927.3796475
198.97465413858396,1989.7465413858395,0.020782837803330234,1729842927.38961
198.9749571673429,1989.7495716734288,0.020661004787922432,1729842927.3996267
198.9752584196724,1989.752584196724,0.020539884876609515,1729842927.4096673
198.97555790597036,1989.7555790597037,0.02041947390843013,1729842927.4196088
198.97585563657398,1989.7585563657399,0.020299767746533415,1729842927.429625
198.9761516217601,1989.761516217601,0.020180762278052877,1729842927.439628
198.9764458717456,1989.764458717456,0.020062453413999815,1729842927.4497874
198.97673839668772,1989.7673839668773,0.019944837089085676,1729842927.459599
198.97702920668448,1989.7702920668448,0.019827909261619037,1729842927.4696374
198.97731831177492,1989.7731831177493,0.019711665913329735,1729842927.4796402
198.9776057219395,1989.7760572193952,0.01959610304926407,1729842927.489649
198.97789144710046,1989.7789144710046,0.0194812166976569,1729842927.4996464
198.97817549712204,1989.7817549712204,0.019367002909773556,1729842927.5102913
198.97845788181095,1989.7845788181096,0.019253457759806802,1729842927.5195792
198.9787386109167,1989.787386109167,0.019140577344729404,1729842927.5296319
198.9790176941318,1989.7901769413181,0.01902835778414136,1729842927.5396578
198.97929514109228,1989.7929514109228,0.018916795220195293,1729842927.5498834
198.9795709613778,1989.795709613778,0.018805885817408163,1729842927.5597785
198.97984516451217,1989.7984516451218,0.0186956257625831,1729842927.5696018
198.98011775996358,1989.8011775996358,0.018586011264637103,1729842927.5796473
198.98038875714494,1989.8038875714494,0.01847703855451399,1729842927.589609
198.9806581654142,1989.806581654142,0.018368703885026316,1729842927.599571
198.9809259940747,1989.809259940747,0.018261003530738118,1729842927.609676
198.9811922523754,1989.811922523754,0.018153933787861898,1729842927.6196687
198.98145694951126,1989.8145694951127,0.018047490974114733,1729842927.6295693
198.9817200946236,1989.817200946236,0.017941671428586825,1729842927.6396468
198.98198169680032,1989.8198169680031,0.01783647151163137,1729842927.6497786
198.98224176507625,1989.8224176507624,0.017731887604745533,1729842927.659618
198.98250030843346,1989.8250030843346,0.017627916110442565,1729842927.6696293
198.98275733580158,1989.8275733580158,0.017524553452132774,1729842927.6796398
198.98301285605805,1989.8301285605805,0.017421796073995632,1729842927.6896336
198.9832668780285,1989.832668780285,0.017319640440882078,1729842927.6996446
198.983519410487,1989.83519410487,0.017218083038168852,1729842927.7097468
198.98377046215634,1989.8377046215635,0.01711712037165547,1729842927.7196007
198.98402004170842,1989.8402004170841,0.017016748967450535,1729842927.7296693
198.98426815776443,1989.8426815776443,0.016916965371842063,1729842927.739565
198.98451481889524,1989.8451481889524,0.01681776615119268,1729842927.7497091
198.98476003362163,1989.8476003362161,0.016719147891817054,1729842927.7595553
198.98500381041458,1989.8500381041458,0.016621107199869978,1729842927.7695704
198.98524615769566,1989.8524615769566,0.016523640701239795,1729842927.77975
198.98548708383714,1989.8548708383714,0.016426745041411617,1729842927.7895768
198.98572659716248,1989.8572659716249,0.016330416885389165,1729842927.7996743
198.98596470594643,1989.8596470594644,0.016234652917540227,1729842927.8096912
198.98620141841542,1989.8620141841543,0.01613944984153448,1729842927.8196337
198.98643674274783,1989.8643674274783,0.01604480438018896,1729842927.8296409
198.98667068707422,1989.8667068707423,0.015950713275379225,1729842927.839661
198.98690325947769,1989.8690325947769,0.015857173287931015,1729842927.8499122
198.98713446799405,1989.8713446799406,0.015764181197497673,1729842927.859593
198.98736432061222,1989.873643206122,0.015671733802466004,1729842927.8697941
198.98759282527436,1989.8759282527435,0.015579827919839029,1729842927.8796668
198.9878199898763,1989.878199898763,0.015488460385134739,1729842927.8896194
198.98804582226765,1989.8804582226765,0.015397628052268852,1729842927.8996027
198.9882703302522,1989.8827033025218,0.01530732779346955,1729842927.9096158
198.9884935215881,1989.8849352158811,0.015217556499153129,1729842927.9196267
198.9887154039882,1989.887154039882,0.015128311077812095,1729842927.9296062
198.9889359851202,1989.889359851202,0.015039588455944108,1729842927.9395885
198.98915527260706,1989.8915527260706,0.014951385577931187,1729842927.9497776
198.98937327402714,1989.8937327402714,0.014863699405910036,1729842927.959566
198.98958999691453,1989.8958999691454,0.014776526919704547,1729842927.969602
198.98980544875923,1989.8980544875922,0.014689865116717438,1729842927.9797046
198.99001963700752,1989.9001963700753,0.014603711011830778,1729842927.989609
198.99023256906213,1989.9023256906212,0.014518061637276314,1729842927.9996378
198.99044425228251,1989.904442522825,0.014432914042569744,1729842928.0095599
198.9906546939851,1989.906546939851,0.014348265294402363,1729842928.019536
198.99086390144356,1989.9086390144357,0.014264112476529145,1729842928.0295641
198.991071881889,1989.91071881889,0.014180452689690592,1729842928.0395515
198.99127864251034,1989.9127864251034,0.01409728305149549,1729842928.0497372
198.99148419045437,1989.9148419045437,0.014014600696332091,1729842928.0596154
198.99168853282615,1989.9168853282615,0.01393240277527219,1729842928.069665
198.9918916766892,1989.918916766892,0.013850686455980532,1729842928.0796585
198.9920936290657,1989.920936290657,0.013769448922597571,1729842928.0896184
198.9922943969368,1989.9229439693681,0.013688687375675523,1729842928.099612
198.9924939872429,1989.9249398724291,0.013608399032057572,1729842928.1096802
198.9926924068837,1989.9269240688368,0.013528581124778394,1729842928.1196296
198.99288966271857,1989.9288966271856,0.013449230903023301,1729842928.1296248
198.99308576156685,1989.9308576156684,0.013370345631966596,1729842928.1396084
198.99328071020793,1989.9328071020793,0.013291922592716499,1729842928.1501234
198.9934745153816,1989.934745153816,0.013213959082224558,1729842928.1594298
198.9936671837882,1989.936671837882,0.013136452413173738,1729842928.1695695
198.99385872208893,1989.9385872208893,0.013059399913903813,1729842928.1796393
198.99404913690597,1989.9404913690596,0.012982798928317218,1729842928.1896176
198.99423843482282,1989.9423843482282,0.012906646815804446,1729842928.1996105
198.99442662238448,1989.9442662238448,0.012830940951116143,1729842928.2096236
198.99461370609762,1989.9461370609763,0.012755678724297392,1729842928.2196128
198.99479969243092,1989.947996924309,0.012680857540621981,1729842928.229651
198.99498458781517,1989.9498458781518,0.012606474820457403,1729842928.2396276
198.99516839864359,1989.951683986436,0.012532527999215115,1729842928.249731
198.99535113127195,1989.9535113127195,0.012459014527240408,1729842928.2596085
198.9955327920189,1989.9553279201891,0.012385931869750233,1729842928.2696338
198.99571338716612,1989.9571338716612,0.012313277506712406,1729842928.279582
198.9958929229585,1989.958929229585,0.012241048932797649,1729842928.2895646
198.99607140560443,1989.9607140560443,0.012169243657276563,1729842928.2996798
198.996248841276,1989.9624884127602,0.0120978592039237,1729842928.309645
198.99642523610922,1989.9642523610921,0.012026893110948289,1729842928.3196127
198.99660059620408,1989.9660059620408,0.011956342930910746,1729842928.3295665
198.996774927625,1989.96774927625,0.011886206230655172,1729842928.3396044
198.9969482364009,1989.9694823640089,0.011816480591177903,1729842928.3507607
198.9971205285254,1989.9712052852537,0.011747163607604416,1729842928.3594937
198.99729180995703,1989.9729180995703,0.011678252889057883,1729842928.3696227
198.99746208661955,1989.9746208661954,0.01160974605861298,1729842928.3796914
198.997631364402,1989.97631364402,0.011541640753201743,1729842928.3896067
198.99779964915894,1989.9779964915892,0.011473934623517645,1729842928.3996673
198.99796694671073,1989.9796694671072,0.011406625333981846,1729842928.409622
198.99813326284365,1989.9813326284366,0.01133971056260108,1729842928.4195888
198.9982986033101,1989.982986033101,0.011273188000946344,1729842928.4295592
198.99846297382888,1989.9846297382887,0.011207055354042761,1729842928.4396534
198.99862638008526,1989.9862638008526,0.011141310340289645,1729842928.4501038
198.99878882773126,1989.9878882773125,0.011075950691403658,1729842928.4595745
198.99895032238587,1989.9895032238587,0.011010974152329989,1729842928.4696443
198.99911086963513,1989.9911086963514,0.01094637848115354,1729842928.479649
198.99927047503246,1989.9927047503247,0.010882161449050964,1729842928.4895623
198.99942914409874,1989.9942914409874,0.010818320840184081,1729842928.4996173
198.99958688232252,1989.9958688232252,0.010754854451644813,1729842928.5096035
198.99974369516028,1989.9974369516028,0.010691760093389457,1729842928.5196345
198.99989958803653,1989.9989958803653,0.010629035588130331,1729842928.5296974
199.00005456634406,1990.0005456634406,0.010566678771286031,1729842928.5396082
199.0002086354441,1990.002086354441,0.010504687490903275,1729842928.5499759
199.00036180066644,1990.0036180066645,0.010443059607580518,1729842928.5595856
199.00051406730975,1990.0051406730975,0.010381792994416439,1729842928.5696342
199.00066544064165,1990.0066544064166,0.010320885536894475,1729842928.5797553
199.00081592589893,1990.0081592589893,0.01026033513285085,1729842928.5896018
199.00096552828776,1990.0096552828777,0.010200139692385757,1729842928.599613
199.0011142529838,1990.011142529838,0.01014029713778164,1729842928.6096401
199.0012621051324,1990.012621051324,0.010080805403460569,1729842928.6195817
199.00140908984886,1990.0140908984886,0.010021662435891865,1729842928.62963
199.00155521221848,1990.0155521221848,0.009962866193529929,1729842928.6396334
