0.010513243074556167,0.10513243074556167,0.7168103986961053,1729843134.8193142
0.021086322556400285,0.21086322556400283,0.7208901444663162,1729843134.8196104
0.031719559781167896,0.31719559781167894,0.7249917994346112,1729843134.8296542
0.04241327758874641,0.4241327758874641,0.7291154661633846,1729843134.8397224
0.05316780032774613,0.5316780032774613,0.7332612475198729,1729843134.8496487
0.06398345385995219,0.6398345385995219,0.7374292466748528,1729843134.8596487
0.07486056556475787,0.7486056556475786,0.7416195671013713,1729843134.8696184
0.08579946434357773,0.8579946434357772,0.7458323125733709,1729843134.8796916
0.09680048062424051,0.9680048062424051,0.7500675871643107,1729843134.889722
0.1078639463653617,1.078639463653617,0.754325495245774,1729843134.8997273
0.11899019506069439,1.189901950606944,0.7586061414859976,1729843134.9098475
0.1301795617434586,1.301795617434586,0.762909630848399,1729843134.9196787
0.14143238299064803,1.4143238299064804,0.7672360685900329,1729843134.9296875
0.15274899692731392,1.5274899692731392,0.7715855602600367,1729843134.9400337
0.16412974323082577,1.6412974323082576,0.7759582116980549,1729843134.9496925
0.1755749631351075,1.7557496313510752,0.7803541290325536,1729843134.9596884
0.18708499943484946,1.8708499943484946,0.7847734186791825,1729843134.9697614
0.1986601964896951,1.986601964896951,0.7892161873390499,1729843134.9797707
0.21030090022840195,2.1030090022840193,0.7936825419969625,1729843134.9896097
0.22200745815297618,2.2200745815297616,0.7981725899196298,1729843134.999605
0.23378021934278043,2.3378021934278044,0.8026864386538374,1729843135.0097053
0.24561953445861398,2.4561953445861398,0.8072241960245697,1729843135.0196495
0.25752575574676495,2.5752575574676495,0.8117859701330882,1729843135.0296047
0.2694992370430337,2.694992370430337,0.8163718693549856,1729843135.039718
0.2815403337767269,2.8154033377672687,0.8209820023381652,1729843135.0497775
0.2936494029746216,2.936494029746216,0.8256164780008276,1729843135.0595994
0.3058268032648992,3.058268032648992,0.8302754055293696,1729843135.0696075
0.3180728948810475,3.180728948810475,0.8349588943762597,1729843135.0799255
0.3303880396657315,3.303880396657315,0.8396670542578742,1729843135.0896215
0.34277260107463137,3.427726010746314,0.8443999951522755,1729843135.0996485
0.3552269441802476,3.552269441802476,0.8491578272969519,1729843135.1097233
0.36775143567567214,3.6775143567567214,0.8539406611865338,1729843135.1196532
0.3803464438783252,3.8034644387832524,0.8587486075704219,1729843135.1296387
0.39301233873365715,3.9301233873365717,0.863581777450409,1729843135.1397889
0.40574949181881403,4.057494918188141,0.868440282078237,1729843135.1496463
0.4185582763462674,4.1855827634626745,0.8733242329531105,1729843135.1594732
0.43143906716740654,4.314390671674065,0.8782337418191651,1729843135.1696422
0.444392240776093,4.4439224077609305,0.8831689206628958,1729843135.1796792
0.4574181753121766,4.574181753121766,0.8881298817105147,1729843135.1896276
0.47051725056497196,4.70517250564972,0.8931167374252801,1729843135.1996899
0.4836898479766957,4.8368984797669565,0.898129600504798,1729843135.2098112
0.4969363506458622,4.969363506458622,0.9031685838782116,1729843135.2196946
0.5102571433306389,5.102571433306389,0.9082338007034095,1729843135.2296214
0.5236526124521583,5.236526124521584,0.9133253643641314,1729843135.2397492
0.5371231460977883,5.371231460977883,0.9184433884670745,1729843135.2496653
0.5506691340243584,5.5066913402435835,0.9235879868388955,1729843135.2596195
0.5642909676613411,5.642909676613411,0.9287592735232063,1729843135.269591
0.5779890401139895,5.7798904011398955,0.9339573627774796,1729843135.2796674
0.5917637461664279,5.917637461664279,0.9391823690699549,1729843135.2896152
0.6056154822846956,6.056154822846956,0.9444344070764173,1729843135.29969
0.6195446466197448,6.195446466197448,0.9497135916770133,1729843135.3099794
0.633551639010389,6.335516390103891,0.9550200379529282,1729843135.319614
0.6476368609862027,6.476368609862027,0.9603538611830632,1729843135.3296013
0.6618007157703713,6.618007157703713,0.9657151768406421,1729843135.339665
0.6760436082824913,6.7604360828249135,0.9711041005897797,1729843135.34966
0.6903659451413182,6.903659451413182,0.9765207482819537,1729843135.3596754
0.7047681346674621,7.047681346674621,0.9819652359524557,1729843135.3696394
0.719250586886031,7.1925058688603105,0.9874376798167904,1729843135.379772
0.7338137135292204,7.338137135292204,0.9929381962670095,1729843135.3895633
0.7484579280388471,7.484579280388472,0.9984669018679561,1729843135.3997536
0.7631836455688292,7.631836455688292,1.0040239133535236,1729843135.410235
0.7779912829876082,7.779912829876082,1.0096093476227752,1729843135.4196365
0.7928812588805147,7.9288125888051475,1.0152233217360793,1729843135.4297066
0.8078539935520763,8.078539935520762,1.0208659529111257,1729843135.4396966
0.822909909028266,8.22909909028266,1.0265373585189392,1729843135.4497807
0.8380494290586913,8.380494290586913,1.0322376560797784,1729843135.4596922
0.8532729791187221,8.532729791187222,1.0379669632590085,1729843135.4700937
0.8685809864115583,8.685809864115583,1.043725397862926,1729843135.484285
0.8839738798702331,8.839738798702331,1.0495130778344643,1729843135.490252
0.8994520901595547,8.994520901595548,1.0553301212489226,1729843135.502029
0.915016049677983,9.15016049677983,1.0611766463095522,1729843135.5099423
0.9306661925594415,9.306661925594415,1.0670527713431417,1729843135.5199234
0.9464029546750626,9.464029546750627,1.072958614795497,1729843135.5299656
0.9622267736348669,9.622267736348668,1.0788942952268927,1729843135.5407019
0.9781380887893736,9.781380887893736,1.08485993130743,1729843135.5498688
0.994137341231143,9.94137341231143,1.0908556418123583,1729843135.5596702
1.0102249737962483,10.102249737962483,1.0968815456173013,1729843135.5696461
1.026401431065678,10.26401431065678,1.1029377616934761,1729843135.579722
1.0426671593666652,10.426671593666653,1.109024409102747,1729843135.5896444
1.0590226067739457,10.590226067739456,1.1151416069927427,1729843135.5996437
1.0754682231109411,10.754682231109411,1.1212894745918023,1729843135.6098998
1.0920044599508691,10.920044599508692,1.12746813120389,1729843135.619618
1.1086317706177764,11.086317706177764,1.1336776962034643,1729843135.6295962
1.1253506101874966,11.253506101874965,1.1399182890302635,1729843135.6397054
1.1421614354885299,11.4216143548853,1.146190029184015,1729843135.6496677
1.1590647051028444,11.590647051028444,1.1524930362190853,1729843135.659683
1.1760608793665983,11.760608793665984,1.158827429739067,1729843135.6696467
1.1931504203707815,11.931504203707814,1.1651933293912906,1729843135.6796608
1.2103337919617752,12.10333791961775,1.1715908548612672,1729843135.6896048
1.2276114597418297,12.276114597418298,1.1780201258670653,1729843135.6996531
1.2449838910694582,12.44983891069458,1.1844812621536205,1729843135.7096624
1.2624515550597464,12.624515550597463,1.1909743834869664,1729843135.7196531
1.2800149225845765,12.800149225845765,1.197499609648399,1729843135.729593
1.2976744662727642,12.976744662727642,1.2040570604285703,1729843135.740398
1.3154306605101083,13.154306605101082,1.21064685562152,1729843135.749645
1.3332839814393518,13.332839814393518,1.2172691150186106,1729843135.7596278
1.3512349069600527,13.512349069600527,1.2239239584024313,1729843135.769637
1.3692839167283648,13.692839167283648,1.2306115055405842,1729843135.7797697
1.3874314921567255,13.874314921567255,1.2373318761794154,1729843135.7896874
1.4056781164134515,14.056781164134515,1.244085190037704,1729843135.7996697
1.4240242744222404,14.240242744222405,1.250871566800229,1729843135.8096817
1.4424704528615766,14.424704528615766,1.2576911261112729,1729843135.8196495
1.4610171401640417,14.610171401640418,1.2645439875680973,1729843135.8296273
1.4796648265155268,14.796648265155268,1.2714302707142826,1729843135.8396168
1.4984140038543474,14.984140038543474,1.2783500950330078,1729843135.849615
1.5172651658702578,15.172651658702579,1.2853035799403072,1729843135.8596108
1.5362188080033659,15.362188080033658,1.2922908447781714,1729843135.8696406
1.5552754274429448,15.552754274429448,1.2993120088076369,1729843135.8796644
1.5744355231261435,15.744355231261435,1.306367191201761,1729843135.8896482
1.5936995957365925,15.936995957365925,1.3134565110385372,1729843135.8996217
1.6130681477029036,16.130681477029036,1.3205800872937443,1729843135.90981
1.6325416831970656,16.325416831970657,1.3277380388336821,1729843135.9196427
1.6521207081327305,16.521207081327304,1.3349304844078658,1729843135.9296553
1.6718057301633926,16.718057301633927,1.3421575426416394,1729843135.9397013
1.6915972586804577,16.91597258680458,1.3494193320286856,1729843135.9496276
1.711495804811201,17.11495804811201,1.3567159709234717,1729843135.9598267
1.7315018814166137,17.315018814166137,1.3640475775336443,1729843135.969647
1.7516160030891363,17.516160030891363,1.3714142699122922,1729843135.9796891
1.7718386861502777,17.71838686150278,1.3788161659501759,1729843135.9896305
1.7921704486481191,17.92170448648119,1.3862533833678539,1729843135.9996488
1.8126118103547009,18.126118103547007,1.3937260397077482,1729843136.0099106
1.833163292763292,18.33163292763292,1.4012342523260921,1729843136.0196044
1.8538254190855412,18.53825419085541,1.4087781383848599,1729843136.0296173
1.8745987142485072,18.74598714248507,1.4163578148435532,1729843136.0397606
1.8954837048915678,18.954837048915678,1.423973398450948,1729843136.0496264
1.916480919363207,19.16480919363207,1.4316250057367528,1729843136.0596752
1.9375908877176786,19.375908877176787,1.439312753003164,1729843136.0696394
1.958814141711544,19.58814141711544,1.4470367563163853,1729843136.0796692
1.9801512148000862,19.80151214800086,1.4547971314980215,1729843136.0896437
2.001602642133593,20.01602642133593,1.462593994116408,1729843136.0996606
2.0231689605535172,20.231689605535173,1.4704274594778672,1729843136.1099076
2.044850708588501,20.448507085885012,1.4782976426178829,1729843136.1196537
2.066648426450275,20.66648426450275,1.4862046582921655,1729843136.1296139
2.0885626560294215,20.885626560294213,1.4941486209676862,1729843136.139639
2.110593940891009,21.10593940891009,1.5021296448135724,1729843136.149673
2.1327428262700856,21.327428262700856,1.510147843691965,1729843136.1594627
2.1550098590670452,21.55009859067045,1.5182033311487801,1729843136.1695998
2.17739558784285,21.773955878428502,1.5262962204043697,1729843136.1795855
2.1999005628141184,21.999005628141184,1.5344266243441345,1729843136.1895938
2.2225253358480725,22.225253358480725,1.5425946555090322,1729843136.1996777
2.245270460457348,22.45270460457348,1.550800426086,1729843136.2096121
2.268136491794658,22.68136491794658,1.5590440478983139,1729843136.2196088
2.2911239866473183,22.91123986647318,1.567325632395856,1729843136.2296882
2.3142335034316255,23.142335034316254,1.5756452906452791,1729843136.2396436
2.337465602187092,23.37465602187092,1.5840031333201336,1729843136.2501178
2.360820844570534,23.608208445705337,1.5923992706908772,1729843136.2597513
2.3842997938500115,23.842997938500115,1.600833812614801,1729843136.269646
2.4079030148986202,24.079030148986202,1.609306868525894,1729843136.2797446
2.4316310741881333,24.31631074188133,1.6178185474246378,1729843136.2895927
2.4554845397824905,24.554845397824906,1.6263689578676415,1729843136.2997096
2.479463981331138,24.79463981331138,1.6349582079573066,1729843136.3104393
2.503569970062211,25.03569970062211,1.6435864053313205,1729843136.3195662
2.5278030787755643,25.278030787755643,1.6522536571521167,1729843136.3298
2.5521638818356447,25.521638818356447,1.6609600700962224,1729843136.3398416
2.5766529551642083,25.766529551642083,1.6697057503435557,1729843136.349689
2.6012708762328787,26.012708762328785,1.6784908035666204,1729843136.359697
2.626018224055544,26.26018224055544,1.6873153349196093,1729843136.3696377
2.6508955791805953,26.508955791805953,1.696179449027464,1729843136.3801484
2.675903523683001,26.75903523683001,1.705083249974817,1729843136.3896468
2.7010426411562203,27.010426411562204,1.7140268412948645,1729843136.3996704
2.726313516703951,27.263135167039508,1.723010325958172,1729843136.409801
2.7517167369317113,27.517167369317114,1.7320338063613816,1729843136.4196491
2.7772528899382563,27.772528899382564,1.7410973843158386,1729843136.4296377
2.8029225653068255,28.029225653068256,1.7502011610361636,1729843136.4399824
2.8287263540962213,28.287263540962215,1.759345237128712,1729843136.4496343
2.854664848831718,28.546648488317178,1.7685297125799648,1729843136.4596121
2.880738643495799,28.80738643495799,1.7777546867448715,1729843136.4696147
2.9069483335187214,29.069483335187215,1.787020258335052,1729843136.4798484
2.933294515768908,29.332945157689082,1.7963265254069762,1729843136.4895964
2.9597777885431618,29.59777788543162,1.8056735853500436,1729843136.4996486
2.986398751556707,29.863987515567068,1.81506153487459,1729843136.5096703
3.013158005933053,30.13158005933053,1.8244904699997955,1729843136.519616
3.0400561541936786,30.400561541936785,1.833960486041554,1729843136.5295966
3.067093800247538,30.670938002475378,1.8434716776002391,1729843136.5396779
3.0942715493803856,30.942715493803856,1.853024138548391,1729843136.5496562
3.12159000824392,31.2159000824392,1.8626179620183594,1729843136.5596073
3.149049784844746,31.490497848447458,1.8722532403898322,1729843136.5696783
3.1766514885331487,31.76651488533149,1.8819300652773157,1729843136.5796635
3.20439572999169,32.0439572999169,1.8916485275175239,1729843136.589605
3.2322831212236123,32.322831212236125,1.9014087171567136,1729843136.5996723
3.2603142755410595,32.603142755410595,1.9112107234379385,1729843136.610222
3.2884898075531077,32.884898075531076,1.921054634788212,1729843136.6196206
3.3168103331536085,33.16810333153609,1.9309405388056335,1729843136.6296
3.34527646950884,33.4527646950884,1.9408685222464177,1729843136.6396585
3.3738888350449696,33.7388883504497,1.9508386710118595,1729843136.6496446
3.4026480494353217,34.026480494353216,1.9608510701352264,1729843136.6596186
3.431554733587455,34.31554733587455,1.9709058037686082,1729843136.6696196
3.4606095096300415,34.606095096300415,1.9810029551696422,1729843136.6796515
3.489813000899556,34.89813000899556,1.9911426066882365,1729843136.6896791
3.5191658319267636,35.19165831926764,2.001324839753175,1729843136.6996522
3.5486686284230156,35.48668628423015,2.011549734858689,1729843136.7096593
3.5783220172663417,35.78322017266342,2.0218173715509353,1729843136.7196712
3.6081266264873477,36.08126626487348,2.0321278284144446,1729843136.7296655
3.6380830852549115,36.38083085254912,2.042481183058471,1729843136.7399366
3.668192023861677,36.68192023861677,2.0528775121033,1729843136.7496302
3.6984540737093488,36.98454073709349,2.0633168911664947,1729843136.7596073
3.7288698672937812,37.28869867293781,2.0737993948490585,1729843136.7696257
3.759440038189868,37.59440038189868,2.0843250967215807,1729843136.7797124
3.790165221036221,37.90165221036221,2.0948940693102687,1729843136.7896624
3.8210460515196507,38.21046051519651,2.105506384082971,1729843136.7996368
3.852083166359436,38.52083166359436,2.1161621114351066,1729843136.8099828
3.8832772032913883,38.83277203291388,2.1268613206755758,1729843136.8196893
3.9146288010517085,39.14628801051708,2.137604080012559,1729843136.8296697
3.946138599360634,39.46138599360634,2.1483904565393344,1729843136.8397965
3.9778072389058776,39.77807238905878,2.1592205162199756,1729843136.8496594
4.009635361325856,40.09635361325856,2.1700943238750368,1729843136.859691
4.041623609192706,40.416236091927054,2.1810119431671806,1729843136.8696864
4.073772625995092,40.73772625995092,2.1919734365867543,1729843136.8796134
4.106083056120801,41.060830561208014,2.2029788654372924,1729843136.8896441
4.138555544839119,41.38555544839119,2.2140282898210257,1729843136.8996668
4.171190738283001,41.71190738283001,2.225121768624306,1729843136.9102707
4.2039892834310235,42.03989283431024,2.2362593595029727,1729843136.9197288
4.236951828089121,42.369518280891214,2.2474411188677257,1729843136.929673
4.270079020872109,42.700790208721095,2.258667101869409,1729843136.9396722
4.303371511184991,43.03371511184991,2.2699373623842893,1729843136.9496205
4.336829949204045,43.36829949204045,2.2812519529992636,1729843136.9596026
4.370454985857699,43.70454985857699,2.2926109249970468,1729843136.9696364
4.404247272807183,44.04247272807183,2.3040143283413252,1729843136.9796855
4.438207462426964,44.382074624269634,2.3154622116618624,1729843136.9896717
4.472336207784965,44.72336207784964,2.3269546222395894,1729843136.9996767
4.506634162622563,45.06634162622562,2.3384916059916403,1729843137.0098968
4.5411019813343625,45.41101981334363,2.3500732074563686,1729843137.0196397
4.57574031894776,45.7574031894776,2.361699469778345,1729843137.0296137
4.610549831102277,46.105498311022764,2.3733704346933076,1729843137.0396116
4.645531174028673,46.45531174028673,2.385086142513094,1729843137.0496466
4.68068500452785,46.806850045278495,2.3968466321105684,1729843137.0596442
4.7160119799495135,47.160119799495135,2.4086519409044795,1729843137.069659
4.751512758170634,47.51512758170634,2.4205021048443562,1729843137.0796735
4.78718799757367,47.871879975736704,2.4323971583953297,1729843137.0896137
4.823038357024578,48.230383570245785,2.4443371345229785,1729843137.0997014
4.8590644958505935,48.59064495850593,2.456322064678135,1729843137.1096745
4.895267073817791,48.95267073817791,2.468351978781686,1729843137.1196692
4.931646751108425,49.31646751108425,2.4804269052093604,1729843137.1296122
4.968204188298043,49.68204188298043,2.4925468707765024,1729843137.1396914
5.004940046332375,50.04940046332375,2.50471190072284,1729843137.1496787
5.041854986504002,50.41854986504002,2.51692201869726,1729843137.159435
5.078949670428801,50.78949670428801,2.5291772467425417,1729843137.1696246
5.116224760022163,51.16224760022163,2.5414776052801287,1729843137.179658
5.1536809174749925,51.536809174749926,2.553823113094883,1729843137.1896145
5.191318805229476,51.91318805229476,2.566213787319822,1729843137.1996472
5.229139085954637,52.29139085954637,2.5786496434208983,1729843137.2098968
5.267142422521659,52.67142422521659,2.591130695181752,1729843137.219601
5.305329477978988,53.05329477978988,2.6036569546884705,1729843137.2296102
5.343700915527214,53.43700915527214,2.6162284323144,1729843137.2396572
5.382257398493724,53.82257398493724,2.628845136704906,1729843137.2496338
5.420999590307139,54.209995903071395,2.6415070747621963,1729843137.259623
5.459928154471523,54.59928154471523,2.654214251630134,1729843137.269615
5.499043754540372,54.99043754540372,2.6669666706790904,1729843137.2796738
5.538347054090381,55.38347054090381,2.6797643334907777,1729843137.2896397
5.5778387166949885,55.778387166949884,2.692607239843177,1729843137.2996497
5.617519405897701,56.17519405897701,2.7054953876953993,1729843137.3101497
5.657389785185193,56.573897851851925,2.7184287731726524,1729843137.319625
5.69745051796019,56.974505179601906,2.731407390551192,1729843137.329597
5.737702267514133,57.37702267514133,2.7444312322433273,1729843137.33967
5.778145696999618,57.781456969996185,2.757500288782439,1729843137.349678
5.818781469402621,58.187814694026216,2.7706145488080614,1729843137.3596373
5.859610247514502,58.596102475145024,2.783773999050992,1729843137.369721
5.900632693903793,59.00632693903793,2.796978624318423,1729843137.379692
5.941849470887767,59.418494708877674,2.8102284074791557,1729843137.389632
5.983261240503794,59.83261240503794,2.8235233294488316,1729843137.3996875
6.0248686644804765,60.24868664480476,2.836863369175207,1729843137.4097245
6.066672404208572,60.66672404208572,2.850248503623529,1729843137.4196637
6.108673120711703,61.08673120711703,2.8636787077619053,1729843137.4296029
6.150871474616855,61.50871474616855,2.8771539545467606,1729843137.4396477
6.193268126124651,61.93268126124651,2.890674214908362,1729843137.4496534
6.235863734979433,62.35863734979433,2.9042394577363826,1729843137.4596457
6.278658960439116,62.78658960439116,2.9178496498655386,1729843137.4696913
6.32165446124484,63.2165446124484,2.9315047560613134,1729843137.4799242
6.364850895590416,63.648508955904155,2.9452047390057183,1729843137.4896162
6.4082489210915545,64.08248921091554,2.958949559283166,1729843137.4996586
6.4518491947549,64.51849194754901,2.972739175366365,1729843137.509817
6.495652372946854,64.95652372946853,2.986573543602365,1729843137.5196683
6.539659111362187,65.39659111362187,3.000452618198616,1729843137.5296187
6.583870064992467,65.83870064992466,3.0143763512091573,1729843137.5396175
6.628285888094262,66.28285888094263,3.0283446925208652,1729843137.5497143
6.672907234157166,66.72907234157167,3.0423575898398143,1729843137.5596824
6.717734755871605,67.17734755871605,3.056414988677708,1729843137.569623
6.762769105096464,67.62769105096464,3.070516832338435,1729843137.5796657
6.808010932826501,68.08010932826501,3.0846630619046964,1729843137.5896034
6.853460889159584,68.53460889159584,3.098853616224737,1729843137.5997095
6.89911962326372,68.99119623263721,3.113088431899201,1729843137.6099675
6.9449877833439,69.449877833439,3.1273674432680973,1729843137.6196432
6.991066016608754,69.91066016608754,3.1416905823978327,1729843137.629641
7.0373549692370165,70.37354969237016,3.156057779068404,1729843137.6396794
7.083855286343805,70.83855286343805,3.170468960760698,1729843137.6497433
7.130567611946717,71.30567611946718,3.1849240526438987,1729843137.6597233
7.177492588931741,71.7749258893174,3.1994229775630183,1729843137.669578
7.224630859018985,72.24630859018986,3.21396565602657,1729843137.6795986
7.271983062728236,72.71983062728236,3.2285520061943522,1729843137.6896162
7.319549839344326,73.19549839344326,3.243181943865374,1729843137.699647
7.367331826882339,73.67331826882338,3.2578553824659133,1729843137.709738
7.415329662052633,74.15329662052633,3.272572233037727,1729843137.7195766
7.4635439802257,74.635439802257,3.287332404226362,1729843137.7295969
7.511975415396849,75.11975415396849,3.3021358022696683,1729843137.7396817
7.560624600150727,75.60624600150727,3.316982330986413,1729843137.749648
7.609492165625678,76.09492165625679,3.3318718917650676,1729843137.7596464
7.658578741477931,76.5857874147793,3.346804383552743,1729843137.7696102
7.707884955845637,77.07884955845637,3.361779702844287,1729843137.7796633
7.757411435312744,77.57411435312744,3.3767977436715473,1729843137.7896647
7.807158804872718,78.07158804872718,3.391858397592763,1729843137.7996736
7.857127687892109,78.57127687892108,3.4069615536821773,1729843137.8098044
7.907318706073969,79.07318706073968,3.422107098519785,1729843137.8195999
7.957732479421125,79.57732479421125,3.4372949161812567,1729843137.8295603
8.008369626199299,80.08369626199298,3.4525248882280444,1729843137.8399308
8.059230762900095,80.59230762900094,3.4677968936976757,1729843137.8496425
8.110316504203837,81.10316504203837,3.4831108090942156,1729843137.8597178
8.161627462942278,81.61627462942278,3.498466508378918,1729843137.8696136
8.213164250061169,82.13164250061169,3.51386386296108,1729843137.8796508
8.2649274745827,82.649274745827,3.529302741689076,1729843137.889623
8.31691774356781,83.16917743567811,3.544783010841585,1729843137.8996391
8.369135662078374,83.69135662078375,3.560304534119024,1729843137.909712
8.421581833139262,84.21581833139263,3.575867172635194,1729843137.9196053
8.474256857700288,84.74256857700288,3.5914707849091014,1729843137.9295933
8.527161334598032,85.27161334598033,3.6071152268570312,1729843137.9398906
8.580295860517554,85.80295860517553,3.6228003517847895,1729843137.9497054
8.633661029953997,86.33661029953997,3.638526010380179,1729843137.9596908
8.687257435174082,86.87257435174082,3.654292050705716,1729843137.969577
8.741085666177502,87.41085666177503,3.670098318191518,1729843137.9797225
8.79514631065821,87.9514631065821,3.685944655628476,1729843137.9896343
8.849439953965609,88.49439953965609,3.701830903161601,1729843137.9996665
8.903967179065665,89.03967179065666,3.71775689828363,1729843138.0098248
8.958728566501904,89.58728566501904,3.7337224758288663,1729843138.0195556
9.01372469435634,90.1372469435634,3.749727467967266,1729843138.0295522
9.06895613821031,90.68956138210311,3.765771704198719,1729843138.039679
9.124423471105244,91.24423471105244,3.7818550113476324,1729843138.0496683
9.180127263503332,91.80127263503331,3.79797721355773,1729843138.0597103
9.236068083248147,92.36068083248148,3.814138132287103,1729843138.0695982
9.292246495525186,92.92246495525185,3.830337586303516,1729843138.079623
9.34866306282234,93.4866306282234,3.8465753916799876,1729843138.0897026
9.405318344890313,94.05318344890313,3.8628513617905815,1729843138.0996962
9.462212898702985,94.62212898702985,3.8791653073065273,1729843138.109729
9.51934727841771,95.1934727841771,3.895517036192545,1729843138.1196706
9.576722035335573,95.76722035335573,3.91190635370348,1729843138.129617
9.634337717861598,96.34337717861598,3.9283330623811823,1729843138.1397042
9.692194871464922,96.92194871464922,3.944796962051674,1729843138.149718
9.750294038638915,97.50294038638914,3.9612978498225973,1729843138.1594887
9.808635758861286,98.08635758861286,3.977835520080924,1729843138.1696095
9.867220568554146,98.67220568554146,3.9944097644909675,1729843138.179636
9.926049001044051,99.2604900104405,4.011020371992666,1729843138.1896076
9.985121586522025,99.85121586522025,4.027667128800166,1729843138.1996632
10.044438852003562,100.44438852003563,4.0443498184006925,1729843138.209814
10.104001321288624,101.04001321288624,4.061068221553699,1729843138.2196913
10.16380951492162,101.63809514921621,4.077822116290343,1729843138.2296336
10.22386395015139,102.2386395015139,4.094611277913241,1729843138.2396762
10.284165140891188,102.84165140891189,4.111435478996516,1729843138.2497058
10.344713597678668,103.44713597678668,4.128294489386189,1729843138.259861
10.405509827635882,104.05509827635882,4.145188076200819,1729843138.269596
10.466554334429292,104.66554334429291,4.162116003832519,1729843138.2796626
10.5278476182298,105.278476182298,4.179078033948221,1729843138.2896373
10.589390175672802,105.89390175672803,4.196073925491308,1729843138.299707
10.651182499818276,106.51182499818276,4.213103434683527,1729843138.3096733
10.713225080110886,107.13225080110887,4.230166315027238,1729843138.3196
10.775518402340147,107.75518402340147,4.247262317307988,1729843138.3296163
10.838062948600616,108.38062948600616,4.264391189597392,1729843138.339659
10.900859197252132,109.00859197252132,4.2815526772563715,1729843138.3496637
10.963907622880116,109.63907622880116,4.298746522938663,1729843138.3596685
11.027208696255922,110.27208696255923,4.315972466594747,1729843138.369583
11.090762884297245,110.90762884297246,4.333230245476021,1729843138.379738
11.154570650028608,111.54570650028609,4.350519594139356,1729843138.3896656
11.218632452541913,112.18632452541912,4.3678402444519815,1729843138.399684
11.282948746957063,112.82948746957062,4.385191925596717,1729843138.4096866
11.347519984382679,113.47519984382679,4.402574364077513,1729843138.4196134
11.412346611876893,114.12346611876893,4.419987283725374,1729843138.4295542
11.477429072408242,114.77429072408242,4.4374304057046094,1729843138.4398565
11.542767804816641,115.42767804816641,4.454903448519412,1729843138.4496884
11.608363243774484,116.08363243774484,4.472406128020827,1729843138.4596384
11.674215819747829,116.74215819747829,4.489938157414036,1729843138.4696577
11.740325958957705,117.40325958957705,4.5074992472660025,1729843138.479684
11.806694083341538,118.06694083341539,4.525089105513464,1729843138.4896412
11.873320610514698,118.73320610514698,4.542707437471306,1729843138.499645
11.940205953732168,119.40205953732168,4.560353945841247,1729843138.5097423
12.007350521850352,120.07350521850353,4.578028330720929,1729843138.519655
12.074754719289023,120.74754719289024,4.595730289613315,1729843138.5295873
12.142418945993409,121.4241894599341,4.613459517436504,1729843138.5399232
12.21034359739643,122.1034359739643,4.631215706533858,1729843138.549589
12.278529064381086,122.78529064381087,4.648998546684507,1729843138.559601
12.346975733243019,123.46975733243019,4.666807725114232,1729843138.5696805
12.415683985653214,124.15683985653214,4.684642926506691,1729843138.579695
12.484654198620895,124.84654198620895,4.702503833015027,1729843138.5896068
12.553886744456582,125.53886744456582,4.720390124273816,1729843138.5996554
12.623381990735332,126.23381990735332,4.738301477411426,1729843138.6096811
12.69314030026017,126.9314030026017,4.756237567062691,1729843138.6196105
12.763162031025708,127.63162031025708,4.774198065381982,1729843138.6295784
12.83344753618196,128.3344753618196,4.79218264205666,1729843138.6397972
12.903997163998365,129.03997163998366,4.810190964320867,1729843138.6497872
12.97481125782801,129.74811257828011,4.828222696969691,1729843138.6596334
13.045890156072074,130.45890156072073,4.846277502373724,1729843138.669663
13.117234192144487,131.17234192144485,4.864355040493975,1729843138.6796508
13.18884369443681,131.8884369443681,4.882454968897138,1729843138.6896367
13.260718986283354,132.60718986283354,4.900576942771269,1729843138.6996894
13.332860385926521,133.3286038592652,4.918720614941778,1729843138.7096462
13.405268206482397,134.05268206482395,4.936885635887859,1729843138.7196226
13.477942755906588,134.77942755906588,4.95507165375922,1729843138.729588
13.5508843369603,135.508843369603,4.973278314393246,1729843138.739887
13.624093247176685,136.24093247176685,4.991505261332479,1729843138.749696
13.697569778827447,136.97569778827446,5.009752135842507,1729843138.759646
13.771314218889708,137.71314218889708,5.0280185769301875,1729843138.7696764
13.845326849013162,138.45326849013162,5.046304221362285,1729843138.7796488
13.91960794548749,139.1960794548749,5.064608703684414,1729843138.789651
13.994157779210072,139.94157779210073,5.082931656240412,1729843138.7997293
14.068976615653979,140.68976615653978,5.101272709192037,1729843138.80983
14.144064714836267,141.44064714836267,5.119631490539043,1729843138.8196394
14.21942233128657,142.1942233128657,5.138007626139618,1729843138.829609
14.295049714015985,142.95049714015985,5.156400739731202,1729843138.8400717
14.370947106486291,143.7094710648629,5.174810452951634,1729843138.8496947
14.44711474657946,144.47114746579462,5.193236385360686,1729843138.8596065
14.523552866567508,145.23552866567508,5.211678154461963,1729843138.8696365
14.600261693082656,146.00261693082655,5.230135375725126,1729843138.8797138
14.677241447087836,146.77241447087835,5.2486076626085065,1729843138.8895993
14.754492343847527,147.54492343847528,5.267094626582066,1729843138.899659
14.832014592898934,148.32014592898935,5.285595877150707,1729843138.9096558
14.909808398023511,149.09808398023512,5.304111021877924,1729843138.9196804
14.987873957218845,149.87873957218846,5.322639666409844,1729843138.9295943
15.066211462670886,150.66211462670884,5.34118141449956,1729843138.939679
15.14482110072655,151.44821100726548,5.359735868031854,1729843138.9496348
15.223703051866678,152.23703051866678,5.3783026270482654,1729843138.9596758
15.302857490679385,153.02857490679384,5.396881289772458,1729843138.969646
15.38228458583376,153.82284585833762,5.415471452635973,1729843138.9796822
15.46198450005398,154.61984500053978,5.434072710304303,1729843138.989623
15.541957390093783,155.41957390093782,5.452684655703298,1729843138.999664
15.622203406711353,156.22203406711353,5.4713068800459155,1729843139.0097315
15.702722694644589,157.0272269464459,5.489938972859273,1729843139.0196843
15.783515392586784,157.83515392586784,5.508580522012074,1729843139.0296326
15.864581633162707,158.6458163316271,5.527231113742311,1729843139.0398319
15.945921542905104,159.45921542905103,5.545890332685338,1729843139.0496507
16.027535242231597,160.27535242231596,5.5645577619022015,1729843139.0596342
16.10942284542202,161.0942284542202,5.583232982908366,1729843139.0696185
16.19158446059618,161.91584460596178,5.601915575702672,1729843139.0796363
16.274020189692035,162.74020189692035,5.620605118796663,1729843139.0896316
16.356730128444323,163.56730128444323,5.639301189244192,1729843139.099641
16.439714366363614,164.39714366363614,5.658003362671336,1729843139.1099484
16.522972986715818,165.22972986715817,5.676711213306615,1729843139.1196523
16.60650606650213,166.06506066502132,5.695424314011498,1729843139.1295931
16.690313676439438,166.9031367643944,5.7141422363112175,1729843139.139672
16.774395880941167,167.74395880941168,5.732864550425847,1729843139.1496763
16.85875273809862,168.5875273809862,5.751590825301693,1729843139.1594498
16.943384299662736,169.43384299662736,5.770320628642952,1729843139.1696703
17.02829061102636,170.2829061102636,5.789053526943651,1729843139.1796398
17.113471711206955,171.13471711206955,5.807789085519847,1729843139.18961
17.1989276328298,171.989276328298,5.826526868542117,1729843139.1996815
17.284658402111685,172.84658402111685,5.845266439068303,1729843139.2096934
17.370664038845053,173.70664038845052,5.864007359076523,1729843139.219578
17.45694455638267,174.5694455638267,5.882749189498413,1729843139.229545
17.543499961622757,175.43499961622757,5.901491490252671,1729843139.2397842
17.63033025499464,176.3033025499464,5.920233820278803,1729843139.2497263
17.717435430444873,177.17435430444874,5.93897573757113,1729843139.2596998
17.80481547542389,178.0481547542389,5.957716799213034,1729843139.2696435
17.892470370873145,178.92470370873144,5.9764565614114415,1729843139.279671
17.98040009121276,179.8040009121276,5.995194579531525,1729843139.2896483
18.068604604329707,180.68604604329707,6.013930408131637,1729843139.2996764
18.15708387156647,181.5708387156647,6.03266360099846,1729843139.309621
18.24583784771027,182.4583784771027,6.051393711182371,1729843139.319681
18.334866480982765,183.34866480982765,6.0701202910330165,1729843139.3296266
18.42416971303031,184.2416971303031,6.088842892235088,1729843139.3396692
18.513747478914727,185.13747478914726,6.107561065844305,1729843139.34968
18.603599707104618,186.03599707104618,6.12627436232358,1729843139.3597074
18.693726319467192,186.9372631946719,6.144982331579382,1729843139.3696306
18.78412723126065,187.84127231260652,6.163684522998266,1729843139.379657
18.874802351127094,188.74802351127096,6.182380485483613,1729843139.3896348
18.965751581085975,189.65751581085976,6.201069767492497,1729843139.3996687
19.056974816528108,190.56974816528108,6.219751917072758,1729843139.4097788
19.148471946210194,191.48471946210194,6.238426481900215,1729843139.4196403
19.240242852249928,192.4024285224993,6.257093009316037,1729843139.429637
19.332287410121637,193.32287410121637,6.275751046364268,1729843139.4396384
19.424605488652475,194.24605488652475,6.294400139829479,1729843139.449676
19.517196950019162,195.1719695001916,6.313039836274595,1729843139.4595816
19.610061649745308,196.10061649745307,6.331669682078805,1729843139.4696305
19.703199436699258,197.0319943669926,6.350289223475634,1729843139.4796631
19.796610153092526,197.96610153092527,6.368898006591118,1729843139.4896054
19.890293634478784,198.90293634478783,6.387495577482091,1729843139.4996557
19.984249709753396,199.84249709753396,6.406081482174602,1729843139.5098755
20.07847820115354,200.7847820115354,6.424655266702401,1729843139.5196645
20.172978924258892,201.72978924258894,6.443216477145536,1729843139.5295916
20.26775168799286,202.6775168799286,6.461764659669048,1729843139.5398722
20.36279629462441,203.6279629462441,6.480299360561725,1729843139.5496912
20.458112539770447,204.58112539770445,6.498820126274963,1729843139.5596454
20.553700212398766,205.53700212398766,6.51732650346166,1729843139.5697083
20.64955909483159,206.4955909483159,6.535818039015214,1729843139.5796528
20.74568896274966,207.4568896274966,6.554294280108536,1729843139.5896513
20.842089585196906,208.42089585196905,6.5727547742331565,1729843139.5996478
20.938760724585702,209.38760724585703,6.591199069238338,1729843139.6096845
21.03570213670269,210.3570213670269,6.609626713370253,1729843139.6196485
21.13291357071516,211.3291357071516,6.628037255311171,1729843139.6295836
21.230394769178044,212.30394769178045,6.646430244218693,1729843139.6396623
21.328145468041438,213.28145468041438,6.664805229764988,1729843139.6496665
21.426165396658746,214.26165396658746,6.683161762176041,1729843139.6596198
21.524454277795364,215.24454277795365,6.701499392270914,1729843139.6696522
21.623011827637967,216.23011827637967,6.719817671501002,1729843139.679695
21.721837755804348,217.21837755804347,6.738116151989273,1729843139.6896307
21.820931765353848,218.20931765353848,6.756394386569515,1729843139.699668
21.920293552798352,219.20293552798353,6.774651928825526,1729843139.7097776
22.019922808113876,220.19922808113876,6.79288833313031,1729843139.719677
22.1198192147527,221.19819214752698,6.811103154685209,1729843139.7296937
22.219982449656097,222.19982449656098,6.829295949559025,1729843139.7398038
22.320412183267635,223.20412183267635,6.847466274727068,1729843139.749727
22.42110807954704,224.2110807954704,6.865613688110142,1729843139.7596674
22.522069795984628,225.2206979598463,6.88373774861351,1729843139.7696865
22.623296983616324,226.23296983616325,6.901838016165741,1729843139.779618
22.724789287039236,227.24789287039238,6.919914051757517,1729843139.789619
22.826546344427793,228.26546344427794,6.9379654174803385,1729843139.7996378
22.92856778755047,229.2856778755047,6.9559916765651515,1729843139.809673
23.030853241787057,230.30853241787057,6.9739923934208745,1729843139.8196285
23.133402326146495,231.33402326146495,6.991967133672831,1729843139.8295763
23.23621465328529,232.3621465328529,7.009915464201046,1729843139.8396587
23.339289829526475,233.39289829526476,7.027836953178471,1729843139.8499782
23.442627454879112,234.42627454879113,7.045731170109057,1729843139.859623
23.546227123058397,235.46227123058398,7.063597685865694,1729843139.869639
23.65008842150628,236.5008842150628,7.081436072728044,1729843139.880085
23.75421093141264,237.5421093141264,7.099245904420204,1729843139.889593
23.85859422773704,238.5859422773704,7.117026756148236,1729843139.8996484
23.963237879231,239.63237879231,7.134778204637535,1729843139.909747
24.06814144846082,240.6814144846082,7.152499828170044,1729843139.9195993
24.173304491830972,241.73304491830973,7.1701912066212925,1729843139.929615
24.278726559607996,242.78726559607998,7.187851921497264,1729843139.9399827
24.384407195944956,243.84407195944956,7.205481555971086,1729843139.9496484
24.490345938906433,244.90345938906432,7.223079694919526,1729843139.9597125
24.596542320494034,245.96542320494035,7.240645924959309,1729843139.9696434
24.70299586667245,247.0299586667245,7.258179834483215,1729843139.9797723
24.809706097396024,248.09706097396025,7.2756810136959835,1729843139.9896364
24.91667252663586,249.1667252663586,7.293149054650008,1729843139.9996855
25.023894662407432,250.23894662407432,7.310583551280804,1729843140.0096598
25.13137200679872,251.31372006798722,7.327984099442263,1729843140.0196455
25.239104055998876,252.39104055998877,7.345350296941667,1729843140.029615
25.34709030032736,253.47090300327358,7.362681743574463,1729843140.039821
25.455330224263623,254.55330224263622,7.379978041158821,1729843140.0496342
25.563823306477275,255.63823306477275,7.397238793569913,1729843140.0595999
25.672569019858745,256.7256901985875,7.414463606773952,1729843140.069618
25.781566831550457,257.8156683155046,7.431652088861973,1729843140.0797894
25.890816202978474,258.90816202978476,7.44880385008335,1729843140.0896475
26.00031658988465,260.00316589884653,7.465918502879025,1729843140.0996456
26.110067442359252,261.1006744235925,7.482995661914496,1729843140.109598
26.220068204874067,262.20068204874065,7.500034944112479,1729843140.119641
26.330318316315985,263.3031831631599,7.517035968685314,1729843140.1296008
26.44081721002105,264.4081721002105,7.533998357167067,1729843140.1398232
26.55156431380897,265.51564313808973,7.550921733445337,1729843140.1496804
26.66255905001812,266.6255905001812,7.567805723792747,1729843140.159463
26.77380083554096,267.7380083554096,7.584649956898153,1729843140.169687
26.885289081859927,268.8528908185993,7.6014540638975046,1729843140.1796553
26.99702319508378,269.9702319508378,7.6182176784044175,1729843140.189641
27.109002575984388,271.09002575984385,7.634940436540401,1729843140.1996632
27.221226620033935,272.21226620033934,7.651621976964766,1729843140.2096007
27.333694717442594,273.3369471744259,7.668261940904197,1729843140.2196617
27.446406253196596,274.46406253196596,7.684859972181996,1729843140.2296517
27.559360607096743,275.59360607096744,7.701415717246952,1729843140.23968
27.67255715379733,276.72557153797334,7.717928825201908,1729843140.2497022
27.7859952628455,277.859952628455,7.7343989478319335,1729843140.2596915
27.899674298720964,278.99674298720964,7.750825739632174,1729843140.2696025
28.013593620876176,280.13593620876173,7.76720885783531,1729843140.279903
28.127752583776875,281.27752583776874,7.783547962438672,1729843140.2896163
28.24215053694302,282.4215053694302,7.799842716230983,1729843140.2996206
28.35678682499012,283.5678682499012,7.81609278481872,1729843140.30972
28.471660787670945,284.7166078767095,7.832297836652097,1729843140.3195834
28.586771759917607,285.86771759917605,7.848457543050674,1729843140.3296185
28.702119071884013,287.0211907188401,7.864571578228586,1729843140.3397706
28.817702048988686,288.17702048988684,7.8806396193193615,1729843140.349607
28.933520011957935,289.3352001195793,7.896661346400374,1729843140.3596017
29.049572276869398,290.495722768694,7.912636442516882,1729843140.3695872
29.165858155195902,291.658581551959,7.928564593705664,1729843140.379834
29.28237695384969,292.8237695384969,7.944445489018274,1729843140.389727
29.39912797522696,293.99127975226963,7.9602788205438655,1729843140.3996854
29.516110517252766,295.16110517252764,7.976064283431625,1729843140.4097147
29.633323873426207,296.33323873426207,7.99180157591278,1729843140.4197106
29.750767332865944,297.50767332865945,8.0074903993222,1729843140.4299319
29.868440180356046,298.6844018035605,8.023130458119578,1729843140.4396894
29.98634169639211,299.8634169639211,8.038721459910182,1729843140.4496589
30.104471157227703,301.04471157227704,8.054263115465202,1729843140.4597378
30.222827834921084,302.2282783492108,8.06975513874165,1729843140.4696107
30.34141099738222,303.4141099738222,8.08519724690185,1729843140.479675
30.46021990842007,304.60219908420066,8.100589160332477,1729843140.4896064
30.579253827790147,305.7925382779015,8.115930602663187,1729843140.4996634
30.698512011242368,306.98512011242366,8.131221300784787,1729843140.5096495
30.817993710569116,308.1799371056912,8.146460984866987,1729843140.5196457
30.937698173653605,309.37698173653604,8.161649388375698,1729843140.5295744
31.057624644518466,310.57624644518467,8.176786248089908,1729843140.5399659
31.177772363374576,311.7777236337458,8.191871304118088,1729843140.5496533
31.298140566670128,312.9814056667013,8.206904299914175,1729843140.559638
31.418728487139926,314.18728487139924,8.221884982293108,1729843140.5696957
31.5395353538549,315.395353538549,8.236813101445904,1729843140.5798435
31.660560392271844,316.60560392271844,8.251688410954285,1729843140.589609
31.78180282428334,317.8180282428334,8.26651066780488,1729843140.599646
31.903261868267904,319.0326186826791,8.281279632402939,1729843140.6096685
32.02493673914033,320.2493673914033,8.295995068585624,1729843140.6196578
32.1468266484022,321.46826648402197,8.310656743634834,1729843140.6295972
32.26893080419259,322.6893080419259,8.325264428289573,1729843140.6399703
32.39124841133897,323.9124841133897,8.339817896757873,1729843140.6496944
32.51377867140822,325.13778671408215,8.354316926728258,1729843140.6596508
32.63652078275785,326.3652078275785,8.368761299380742,1729843140.6696544
32.75947394058737,327.5947394058737,8.38315079939739,1729843140.6797044
32.8826373369898,328.826373369898,8.397485214972404,1729843140.6896157
33.00601016100333,330.0601016100333,8.411764337821765,1729843140.699628
33.12959159866308,331.2959159866308,8.425987963192412,1729843140.7097423
33.25338083305305,332.5338083305305,8.440155889870962,1729843140.7196805
33.37737704435813,333.77377044358127,8.454267920191981,1729843140.7296102
33.50157940991626,335.0157940991626,8.468323860045784,1729843140.7396078
33.625987104270706,336.25987104270706,8.482323518885805,1729843140.7496188
33.75059929922239,337.50599299222387,8.496266709735474,1729843140.7596939
33.87541516388235,338.7541516388235,8.510153249194675,1729843140.7696245
34.00043386472432,340.00433864724323,8.52398295744572,1729843140.7801962
34.125654565637305,341.2565456563731,8.537755658258892,1729843140.7896018
34.251076427978305,342.5107642797831,8.551471178997513,1729843140.7996697
34.376698610625084,343.76698610625084,8.56512935062258,1729843140.8096561
34.502520270028974,345.02520270028975,8.578730007696935,1729843140.8196406
34.62854056026778,346.28540560267777,8.592272988388984,1729843140.8295937
34.754758633098696,347.547586330987,8.605758134475975,1729843140.839589
34.88117363801129,348.8117363801129,8.619185291346826,1729843140.8496284
35.0077847222805,350.07784722280496,8.632554308004503,1729843140.859625
35.13459103101966,351.3459103101966,8.645865037067951,1729843140.869641
35.261591707233585,352.61591707233583,8.659117334773583,1729843140.8796268
35.388785891871606,353.88785891871606,8.67231106097633,1729843140.88965
35.51617272388068,355.1617272388068,8.685446079150244,1729843140.8995972
35.643751340258454,356.43751340258456,8.698522256388665,1729843140.9096434
35.77152087610636,357.7152087610636,8.711539463403957,1729843140.9196746
35.89948046468267,358.99480464682665,8.724497574526794,1729843140.929607
36.02762923745556,360.27629237455557,8.737396467705027,1729843140.939684
36.155966324156125,361.5596632415612,8.750236024502113,1729843140.949623
36.28449085283139,362.8449085283139,8.763016130095124,1729843140.9596663
36.41320194989727,364.1320194989727,8.775736673272304,1729843140.969687
36.5420987401915,365.420987401915,8.788397546430243,1729843140.9796836
36.671180347026485,366.71180347026484,8.800998645570587,1729843140.9896522
36.80044589224216,368.0044589224216,8.81353987029636,1729843140.9996035
36.92989449625871,369.29894496258714,8.826021123807852,1729843141.009653
37.05952527812929,370.5952527812929,8.838442312898101,1729843141.0196412
37.18933735559264,371.8933735559264,8.850803347947954,1729843141.0295792
37.319329845125615,373.19329845125617,8.863104142920738,1729843141.0396342
37.449501861995664,374.4950186199566,8.875344615356504,1729843141.0496194
37.57985252031319,375.7985252031319,8.887524686365877,1729843141.059572
37.71038093308381,377.1038093308381,8.89964428062352,1729843141.0696259
37.84108621226056,378.4108621226056,8.911703326361168,1729843141.0797498
37.9719674687959,379.719674687959,8.923701755360314,1729843141.0897193
38.103023812693735,381.0302381269373,8.935639502944456,1729843141.0996327
38.234254353061196,382.342543530612,8.947516507970997,1729843141.1096675
38.365658198160354,383.65658198160355,8.959332712822736,1729843141.1196165
38.49723445545981,384.9723445545981,8.971088063398996,1729843141.1296215
38.62898223168612,386.2898223168612,8.982782509106363,1729843141.1396637
38.76090063287511,387.6090063287511,8.994416002849048,1729843141.149594
38.892988764423,388.92988764423,9.005988501018901,1729843141.159511
39.025245731137446,390.2524573113744,9.01749996348504,1729843141.169646
39.15767063728834,391.5767063728834,9.028950353583117,1729843141.179627
39.29026258665852,392.9026258665852,9.040339638104236,1729843141.1896596
39.42302068259427,394.2302068259427,9.05166778728351,1729843141.1996377
39.555944028055656,395.55944028055654,9.06293477478827,1729843141.209793
39.689031725666695,396.89031725666695,9.07414057770592,1729843141.2196448
39.82228287776533,398.2228287776533,9.085285176531455,1729843141.22962
39.95569658645322,399.55696586453223,9.096368555154642,1729843141.2397285
40.08927195364533,400.8927195364533,9.107390700846858,1729843141.249605
40.223008081119346,402.2300808111935,9.118351604247598,1729843141.2595844
40.356904070564866,403.56904070564866,9.129251259350667,1729843141.269602
40.49095902363238,404.90959023632377,9.14008966349003,1729843141.2796614
40.62517204198205,406.25172041982046,9.150866817325364,1729843141.289712
40.75954222733227,407.5954222733227,9.161582724827275,1729843141.2996333
40.894068681508024,408.94068681508026,9.172237393262222,1729843141.3100162
41.02875050648898,410.28750506488984,9.182830833177128,1729843141.319628
41.16358680445738,411.63586804457384,9.193363058383683,1729843141.3295834
41.29857667784567,412.98576677845676,9.203834085942361,1729843141.3396757
41.43371922938395,414.33719229383945,9.214243936146136,1729843141.349709
41.56901356214709,415.6901356214709,9.224592632503912,1729843141.3596683
41.704458779601715,417.04458779601714,9.23488020172367,1729843141.3696647
41.8400539856528,418.400539856528,9.245106673695334,1729843141.3797348
41.97579828469015,419.7579828469015,9.25527208147336,1729843141.3896122
42.1116907816345,421.116907816345,9.265376461259057,1729843141.399622
42.24773058198344,422.4773058198344,9.275419852382647,1729843141.4097703
42.38391679185703,423.8391679185703,9.285402297285046,1729843141.4196405
42.520248518043154,425.20248518043155,9.295323841499407,1729843141.429587
42.65672486804258,426.5672486804258,9.305184533632405,1729843141.4397044
42.79334495011379,427.93344950113794,9.314984425345259,1729843141.4496472
42.93010787331748,429.3010787331748,9.324723571334543,1729843141.459593
43.0670127475608,430.670127475608,9.33440202931272,1729843141.4696474
43.20405868364129,432.0405868364129,9.344019859988478,1729843141.479704
43.34124479329055,433.4124479329055,9.353577127046805,1729843141.4896567
43.47857018921757,434.7857018921757,9.36307389712886,1729843141.4996037
43.616033985151816,436.1603398515182,9.372510239811625,1729843141.509875
43.75363529588597,437.5363529588597,9.38188622758732,1729843141.5196254
43.89137323731839,438.9137323731839,9.39120193584263,1729843141.5295763
44.02924692649526,440.2924692649526,9.400457442837725,1729843141.5398436
44.167255481652404,441.67255481652404,9.409652829685056,1729843141.5496933
44.30539802225682,443.05398022256816,9.418788180327983,1729843141.5596228
44.44367366904788,444.4367366904788,9.427863581519187,1729843141.5696642
44.582081544078235,445.8208154407823,9.436879122798919,1729843141.579658
44.72062077075434,447.2062077075434,9.44583489647304,1729843141.5896394
44.859290473876705,448.59290473876706,9.454730997590902,1729843141.599659
44.99808977967983,449.98089779679833,9.463567523923055,1729843141.6098106
45.13701781587175,451.3701781587175,9.47234457593877,1729843141.6196725
45.27607371167332,452.7607371167332,9.481062256783416,1729843141.6295986
45.415256597857095,454.1525659785709,9.489720672255666,1729843141.6397095
45.554565606785935,455.54565606785934,9.498319930784561,1729843141.6496367
45.693999872451236,456.93999872451235,9.506860143406403,1729843141.6595974
45.83355853051083,458.3355853051083,9.515341423741523,1729843141.6696038
45.97324071832653,459.7324071832653,9.523763887970905,1729843141.6798508
46.11304557500137,461.1304557500137,9.532127654812657,1729843141.689651
46.252972241416444,462.52972241416444,9.540432845498374,1729843141.6996372
46.39301986026742,463.93019860267424,9.54867958374936,1729843141.7101295
46.53318757610073,465.33187576100727,9.556867995752727,1729843141.7196224
46.67347453534935,466.7347453534935,9.564998210137386,1729843141.7296238
46.81387988636829,468.1387988636829,9.57307035794991,1729843141.7398918
46.95440277946969,469.5440277946969,9.581084572630303,1729843141.749637
47.09504236695754,470.95042366957546,9.589040989987655,1729843141.7596264
47.235797803162114,472.35797803162114,9.596939748175703,1729843141.769632
47.37666824447395,473.76668244473944,9.604780987668287,1729843141.779661
47.517652849377555,475.17652849377555,9.612564851234726,1729843141.7896376
47.658750778484695,476.58750778484693,9.620291483915102,1729843141.7995725
47.79996119456733,477.99961194567334,9.627961032995461,1729843141.8098295
47.941283262590204,479.41283262590207,9.635573647982936,1729843141.8196113
48.082716149743035,480.8271614974303,9.643129480580798,1729843141.8295953
48.224259025472385,482.24259025472384,9.650628684663436,1729843141.839666
48.36591106151312,483.65911061513117,9.658071416251275,1729843141.8496459
48.5076714319195,485.076714319195,9.665457833485622,1729843141.8596385
48.64953931309595,486.4953931309595,9.672788096603476,1729843141.8696558
48.791513883827406,487.91513883827406,9.680062367912258,1729843141.8797615
48.933594325309315,489.33594325309315,9.687280811764518,1729843141.8896446
49.07577982117724,490.7577982117724,9.694443594532581,1729843141.8996892
49.21806955753616,492.1806955753616,9.70155088458316,1729843141.909697
49.36046272298928,493.6046272298928,9.70860285225193,1729843141.9196548
49.5029585086666,495.02958508666603,9.715599669818067,1729843141.9295957
49.645556108253004,496.45556108253004,9.722541511478765,1729843141.9396992
49.788254718016034,497.8825471801604,9.729428553323723,1729843141.949708
49.931053536833275,499.31053536833275,9.73626097330962,1729843141.95972
50.073951766219345,500.73951766219346,9.74303895123455,1729843141.9696817
50.21694861035255,502.1694861035255,9.749762668712476,1729843141.9796748
50.36004327610113,503.6004327610113,9.756432309147657,1729843141.989709
50.50323497304913,505.0323497304913,9.763048057709062,1729843141.9997017
50.64652291352194,506.46522913521943,9.769610101304798,1729843142.0098329
50.78990631261139,507.8990631261139,9.776118628556537,1729843142.0196128
50.93338438820054,509.33384388200534,9.782573829773938,1729843142.0295815
51.07695636098803,510.76956360988027,9.788975896929088,1729843142.0400054
51.22062145451211,512.2062145451212,9.795325023630953,1729843142.049662
51.36437889517429,513.6437889517429,9.801621405099842,1729843142.059615
51.50822791226255,515.0822791226254,9.807865238141897,1729843142.069643
51.65216773797425,516.5216773797425,9.814056721123595,1729843142.079715
51.796197607438664,517.9619760743866,9.820196053946296,1729843142.0896
51.94031675873909,519.4031675873908,9.826283438020786,1729843142.0996273
52.08452443293461,520.8452443293461,9.8323190762419,1729843142.1096601
52.22881987408151,522.2881987408151,9.838303172963137,1729843142.1196108
52.37320232925428,523.7320232925429,9.844235933971339,1729843142.1295369
52.51767104856631,525.1767104856631,9.850117566461412,1729843142.1400523
52.662225285190075,526.6222528519007,9.855948279011075,1729843142.1496327
52.80686429537717,528.0686429537717,9.861728281555683,1729843142.1595356
52.95158733847775,529.5158733847775,9.86745778536308,1729843142.1696656
53.09639367695978,530.9639367695978,9.873137003008512,1729843142.179637
53.24128257642778,532.4128257642778,9.878766148349614,1729843142.1896758
53.38625330564131,533.8625330564131,9.88434543650143,1729843142.1996572
53.53130513653305,535.3130513653305,9.88987508381152,1729843142.2096481
53.67643734422647,536.7643734422647,9.895355307835118,1729843142.219658
53.821649207053234,538.2164920705324,9.900786327310366,1729843142.2296102
53.96694000657014,539.6694000657014,9.906168362133618,1729843142.2400095
54.112309027575776,541.1230902757577,9.911501633334822,1729843142.2496495
54.25775555812677,542.5775555812677,9.91678636305297,1729843142.2596016
54.4032788895537,544.032788895537,9.92202277451163,1729843142.2696207
54.54887831647665,545.4887831647666,9.927211091994574,1729843142.2803319
54.69455313682042,546.9455313682042,9.932351540821465,1729843142.289623
54.84030265182931,548.4030265182931,9.937444347323659,1729843142.2996502
54.98612616608166,549.8612616608166,9.942489738820068,1729843142.30962
55.13202298750396,551.3202298750396,9.947487943593138,1729843142.319646
55.27799242738462,552.7799242738462,9.952439190864913,1729843142.3296666
55.42403380038741,554.2403380038742,9.957343710773182,1729843142.340078
55.57014642456457,555.7014642456456,9.962201734347751,1729843142.349696
55.71632962136949,557.1632962136949,9.967013493486789,1729843142.3595774
55.86258271566915,558.6258271566915,9.971779220933296,1729843142.3696706
56.00890503575614,560.0890503575614,9.976499150251666,1729843142.3796792
56.15529591336039,561.552959133604,9.981173515804352,1729843142.3896616
56.3017546836605,563.017546836605,9.985802552728662,1729843142.3996458
56.44828068529478,564.4828068529479,9.990386496913633,1729843142.4096115
56.59487326037197,565.9487326037197,9.994925584977045,1729843142.419631
56.74153175448153,567.4153175448153,9.999420054242535,1729843142.429556
56.888255516703715,568.8825551670371,10.003870142716837,1729843142.4398732
57.03504389961924,570.3504389961925,10.008276089067124,1729843142.4497037
57.18189625931862,571.8189625931861,10.012638132598491,1729843142.459645
57.32881195541123,573.2881195541123,10.016956513231543,1729843142.4696136
57.47579035103399,574.7579035103399,10.021231471480109,1729843142.4797475
57.622830812859725,576.2283081285973,10.025463248429086,1729843142.4896445
57.76993271110524,577.6993271110524,10.029652085712408,1729843142.4996672
57.91709541953905,579.1709541953906,10.033798225491136,1729843142.5096292
58.064318315488784,580.6431831548879,10.037901910431682,1729843142.5196452
58.21160077984826,582.1160077984827,10.041963383684164,1729843142.5296297
58.35894219708432,583.5894219708432,10.045982888860896,1729843142.53965
58.50634195524323,585.0634195524323,10.049960670014999,1729843142.549657
58.65379944595688,586.5379944595688,10.053896971619157,1729843142.5596235
58.8013140644486,588.0131406444859,10.057792038544509,1729843142.5696445
58.948885209538716,589.4888520953872,10.061646116039672,1729843142.579652
59.09651228364977,590.9651228364977,10.065459449709904,1729843142.5896385
59.24419469281146,592.4419469281146,10.06923228549641,1729843142.5996752
59.391931846665244,593.9193184666524,10.072964869655785,1729843142.6096663
59.539723158468675,595.3972315846868,10.076657448739589,1729843142.619593
59.68756804509944,596.8756804509944,10.080310269574086,1729843142.6295881
59.83546592705908,598.3546592705908,10.083923579240114,1729843142.6398754
59.98341622847645,599.8341622847645,10.08749762505308,1729843142.649643
60.13141837711084,601.3141837711084,10.091032654543147,1729843142.6595893
60.279471804354856,602.7947180435485,10.094528915435511,1729843142.6695898
60.427575945236995,604.2757594523699,10.097986655630873,1729843142.6796985
60.57573023842393,605.7573023842393,10.101406123186027,1729843142.6896186
60.7239341262225,607.239341262225,10.104787566294611,1729843142.699635
60.872187054581474,608.7218705458147,10.108131233267999,1729843142.7096179
61.02048847309296,610.2048847309296,10.111437372516345,1729843142.7196338
61.1688378349936,611.688378349936,10.11470623252979,1729843142.7296247
61.31723459716548,613.1723459716547,10.117938061859787,1729843142.7396977
61.465678220136724,614.6567822013673,10.12113310910062,1729843142.749617
61.61416816808189,616.1416816808189,10.124291622871036,1729843142.7596147
61.762703908822026,617.6270390882203,10.127413851796051,1729843142.7696338
61.91128491382453,619.1128491382453,10.130500044488908,1729843142.7797031
62.059910658202696,620.5991065820269,10.133550449533178,1729843142.7896328
62.208580620715026,622.0858062071502,10.136565315465022,1729843142.7996697
62.35729428376427,623.5729428376427,10.1395448907556,1729843142.8096871
62.50605113339622,625.0605113339622,10.142489423793648,1729843142.8196683
62.65485065929826,626.5485065929827,10.14539916286819,1729843142.8296003
62.803692354797626,628.0369235479762,10.14827435615142,1729843142.839918
62.952575716859464,629.5257571685946,10.151115251681734,1729843142.849672
63.10150024608462,631.0150024608462,10.15392209734691,1729843142.8595784
63.25046544670718,632.5046544670718,10.156695140867456,1729843142.8696406
63.39947082659178,633.9947082659178,10.159434629780101,1729843142.8796892
63.54851589723066,635.4851589723066,10.16214081142145,1729843142.8896585
63.6976001737405,636.976001737405,10.164813932911791,1729843142.8996286
63.84672317485901,638.46723174859,10.167454241139056,1729843142.9098299
63.9958844229413,639.958844229413,10.170061982742936,1729843142.9196255
64.145083443956,641.4508344395599,10.172637404099163,1729843142.9295433
64.29431976748114,642.9431976748115,10.175180751303927,1729843142.9397194
64.44359292669988,644.4359292669988,10.177692270158465,1729843142.9496493
64.59290245839587,645.9290245839587,10.180172206153804,1729843142.959575
64.74224790294858,647.4224790294858,10.182620804455645,1729843142.969634
64.89162880432823,648.9162880432823,10.18503830988942,1729843142.979753
65.04104471009065,650.4104471009065,10.187424966925487,1729843142.989608
65.19049517137177,651.9049517137177,10.189781019664498,1729843142.9996834
65.33997974288206,653.3997974288206,10.192106711822895,1729843143.0096073
65.48949798290069,654.8949798290068,10.194402286718592,1729843143.0196295
65.63904945326938,656.3904945326938,10.19666798725678,1729843143.0296242
65.78863371938628,657.8863371938628,10.198904055915907,1729843143.039617
65.9382503501994,659.3825035019939,10.2011107347338,1729843143.049717
66.08789891819998,660.8789891819998,10.203288265293947,1729843143.059637
66.23757899941566,662.3757899941565,10.205436888711915,1729843143.0696366
66.38729017340334,663.8729017340335,10.207556845621948,1729843143.0797474
66.53703202324202,665.3703202324202,10.209648376163685,1729843143.0896626
66.68680413552529,666.8680413552529,10.21171171996905,1729843143.0996525
66.83660610035372,668.3660610035372,10.213747116149293,1729843143.1096606
66.98643751132701,669.8643751132702,10.215754803282156,1729843143.119628
67.13629796553603,671.3629796553603,10.217735019399225,1729843143.1295855
67.28618706355458,672.8618706355458,10.219688001973404,1729843143.1397076
67.43610440943101,674.36104409431,10.221613987906544,1729843143.1496575
67.58604961067971,675.8604961067971,10.223513213517224,1729843143.1594577
67.73602227827233,677.3602227827233,10.22538591452868,1729843143.1696525
67.88602202662891,678.860220266289,10.22723232605687,1729843143.1796947
68.03604847360877,680.3604847360878,10.229052682598699,1729843143.1896472
68.18610124050132,681.8610124050132,10.230847218020378,1729843143.1995833
68.33617995201652,683.3617995201653,10.232616165545934,1729843143.2097225
68.48628423627545,684.8628423627545,10.234359757745867,1729843143.2196672
68.63641372480043,686.3641372480043,10.236078226525935,1729843143.229598
68.7865680525052,687.8656805250521,10.2377718031161,1729843143.2400343
68.93674685768477,689.3674685768476,10.23944071805961,1729843143.2496777
69.08694978200523,690.8694978200524,10.241085201202216,1729843143.2595732
69.23717647049341,692.3717647049341,10.24270548168153,1729843143.2696064
69.38742657152625,693.8742657152625,10.244301787916536,1729843143.2797174
69.53769973682016,695.3769973682016,10.245874347597224,1729843143.2895942
69.68799562142016,696.8799562142016,10.247423387674374,1729843143.2996674
69.83831388368893,698.3831388368892,10.248949134349463,1729843143.3096385
69.9886541852956,699.886541852956,10.250451813064723,1729843143.3195796
70.13901619120456,701.3901619120456,10.251931648493331,1729843143.3295865
70.28939956966396,702.8939956966395,10.253388864529727,1729843143.340193
70.43980399219419,704.3980399219419,10.254823684280076,1729843143.3496506
70.59022913357617,705.9022913357617,10.256236330052852,1729843143.3595858
70.74067467183953,707.4067467183953,10.257627023349562,1729843143.3696475
70.89114028825061,708.9114028825061,10.258995984855606,1729843143.379668
71.04162566730038,710.4162566730038,10.26034343443125,1729843143.389649
71.1921304966922,711.921304966922,10.261669591102752,1729843143.3996463
71.34265446732948,713.4265446732948,10.262974673053591,1729843143.410067
71.49319727330314,714.9319727330314,10.26425889761585,1729843143.4196448
71.64375861187906,716.4375861187907,10.265522481261705,1729843143.4296145
71.79433818348531,717.9433818348531,10.266765639595047,1729843143.440023
71.9449356916993,719.449356916993,10.267988587343238,1729843143.4496334
72.0955508432348,720.9555084323481,10.269191538348975,1729843143.459606
72.24618334792888,722.4618334792888,10.270374705562288,1729843143.469598
72.39683291872863,723.9683291872864,10.271538301032654,1729843143.4796398
72.54749927167794,725.4749927167793,10.272682535901241,1729843143.4896312
72.69818212590395,726.9818212590395,10.273807620393264,1729843143.4996035
72.84888120360364,728.4888120360364,10.274913763810453,1729843143.509679
72.99959623003002,729.9959623003002,10.276001174523664,1729843143.5196416
73.15032693347852,731.5032693347853,10.277070059965585,1729843143.5296042
73.30107304527303,733.0107304527303,10.278120626623556,1729843143.5396934
73.45183429975194,734.5183429975193,10.279153080032529,1729843143.5497012
73.60261043425412,736.0261043425412,10.280167624768112,1729843143.5596147
73.75340118910472,737.5340118910472,10.28116446443975,1729843143.5695596
73.90420630760087,739.0420630760087,10.282143801684,1729843143.5796845
74.05502553599739,740.5502553599739,10.283105838157935,1729843143.5896478
74.20585862349222,742.0585862349221,10.284050774532638,1729843143.5996368
74.35670532221198,743.5670532221197,10.284978810486821,1729843143.6101236
74.50756538719726,745.0756538719726,10.285890144700547,1729843143.6196105
74.65843857638788,746.5843857638788,10.286784974849054,1729843143.629689
74.80932465060808,748.0932465060807,10.287663497596693,1729843143.6398573
74.96022337355161,749.6022337355162,10.288525908590968,1729843143.6496887
75.11113451176672,751.1113451176673,10.28937240245667,1729843143.6596267
75.26205783464108,752.6205783464109,10.290203172790138,1729843143.6696396
75.41299311438662,754.1299311438662,10.291018412153587,1729843143.6796594
75.56394012602425,755.6394012602425,10.291818312069571,1729843143.6896656
75.71489864736859,757.1489864736859,10.292603063015525,1729843143.6997018
75.86586845901249,758.658684590125,10.293372854418411,1729843143.709606
76.01684934431161,760.1684934431161,10.29412787464946,1729843143.7195992
76.16784108936884,761.6784108936884,10.294868311019014,1729843143.7295923
76.31884348301863,763.1884348301862,10.295594349771463,1729843143.739701
76.46985631681135,764.6985631681134,10.296306176080268,1729843143.749645
76.62087938499744,766.2087938499744,10.29700397404309,1729843143.7596686
76.77191248451163,767.7191248451163,10.297687926677005,1729843143.7696435
76.92295541495697,769.2295541495697,10.298358215913806,1729843143.779641
77.07400797858887,770.7400797858886,10.299015022595404,1729843143.789685
77.22506998029904,772.2506998029904,10.299658526469306,1729843143.799717
77.37614122759938,773.7614122759937,10.300288906184198,1729843143.8097303
77.52722153060577,775.2722153060577,10.300906339285602,1729843143.8196135
77.6783107020219,776.7831070202191,10.301511002211617,1729843143.829656
77.8294085571229,778.2940855712291,10.302103070288757,1729843143.840508
77.980514913739,779.80514913739,10.302682717727862,1729843143.8496377
78.1316295922391,781.316295922391,10.303250117620097,1729843143.8596373
78.2827524155143,782.827524155143,10.303805441933033,1729843143.8695815
78.43388320896136,784.3388320896136,10.304348861506801,1729843143.87966
78.58502180046612,785.8502180046612,10.304880546050343,1729843143.8896604
78.73616802038683,787.3616802038682,10.305400664137721,1729843143.8996851
78.88732170153747,788.8732170153747,10.305909383204513,1729843143.909659
79.03848267917103,790.3848267917102,10.306406869544292,1729843143.9196608
79.18965079096262,791.8965079096262,10.306893288305169,1729843143.9295557
79.34082587699271,793.4082587699271,10.307368803486419,1729843143.9399097
79.49200777973022,794.9200777973022,10.307833577935178,1729843143.9496825
79.64319634401551,796.4319634401551,10.308287773343201,1729843143.9596326
79.79439141704347,797.9439141704347,10.30873155024372,1729843143.9696016
79.94559284834642,799.4559284834643,10.30916506800834,1729843143.9797065
80.09680048977708,800.9680048977708,10.30958848484403,1729843143.9896212
80.24801419549141,802.4801419549141,10.31000195779016,1729843143.9996166
80.39923382193142,803.9923382193142,10.310405642715626,1729843144.0096443
80.55045922780805,805.5045922780805,10.310799694316033,1729843144.019654
80.70169027408382,807.0169027408382,10.311184266110939,1729843144.0296063
80.8529268239556,808.529268239556,10.311559510441167,1729843144.0397067
81.0041687428373,810.0416874283729,10.31192557846619,1729843144.049712
81.15541589834241,811.5541589834241,10.312282620161556,1729843144.0596838
81.30666816026674,813.0666816026674,10.3126307843164,1729843144.0696216
81.45792540057087,814.5792540057087,10.312970218531007,1729843144.0796378
81.60918749336273,816.0918749336272,10.313301069214418,1729843144.0896926
81.76045431488005,817.6045431488005,10.313623481582129,1729843144.099644
81.9117257434729,819.117257434729,10.313937599653812,1729843144.1096973
82.06300165958604,820.6300165958603,10.314243566251124,1729843144.1196327
82.21428194574135,822.1428194574135,10.314541522995544,1729843144.1296265
82.36556648652022,823.6556648652022,10.31483161030629,1729843144.1396816
82.51685516854586,825.1685516854586,10.315113967398272,1729843144.1496634
82.6681478804656,826.681478804656,10.315388732280107,1729843144.15958
82.81944451293316,828.1944451293316,10.315656041752186,1729843144.1696239
82.97074495859097,829.7074495859097,10.315916031404786,1729843144.179617
83.12204911205231,831.2204911205231,10.31616883561624,1729843144.1896358
83.27335686988354,832.7335686988354,10.31641458755116,1729843144.199625
83.42466813058631,834.2466813058631,10.31665341915869,1729843144.2097063
83.57598279457967,835.7598279457967,10.316885461170829,1729843144.2195592
83.72730076418217,837.2730076418218,10.317110843100785,1729843144.2295735
83.87862194359404,838.7862194359404,10.31732969324139,1729843144.2396975
84.02994623887918,840.2994623887918,10.317542138663546,1729843144.2496848
84.18127355794726,841.8127355794727,10.31774830521472,1729843144.2596526
84.3326038105358,843.3260381053581,10.317948317517484,1729843144.2696464
84.48393690819208,844.8393690819207,10.318142298968107,1729843144.2797503
84.6352727642552,846.352727642552,10.318330371735165,1729843144.2897265
84.78661129383808,847.8661129383808,10.318512656758218,1729843144.2996702
84.93795241380934,849.3795241380934,10.318689273746513,1729843144.3096213
85.08929604277529,850.8929604277529,10.318860341177722,1729843144.3196073
85.24064210106184,852.4064210106184,10.319025976296741,1729843144.3296018
85.39199051069639,853.9199051069638,10.319186295114497,1729843144.339639
85.54334119538973,855.4334119538973,10.319341412406818,1729843144.3496308
85.6946940805179,856.9469408051791,10.319491441713321,1729843144.3596652
85.84604909310406,858.4604909310406,10.319636495336347,1729843144.3696077
85.99740616180027,859.9740616180027,10.31977668433993,1729843144.3798673
86.14876521686939,861.4876521686939,10.319912118548787,1729843144.3896227
86.30012619016685,863.0012619016685,10.320042906547362,1729843144.3996668
86.45148901512245,864.5148901512244,10.320169155678883,1729843144.4097285
86.60285362672214,866.0285362672214,10.320290972044466,1729843144.4196599
86.75421996148978,867.5421996148978,10.320408460502243,1729843144.4296007
86.90558795746895,869.0558795746895,10.320521724666513,1729843144.4398313
87.05695755420462,870.5695755420461,10.320630866906946,1729843144.4496045
87.20832869272492,872.0832869272492,10.320735988347781,1729843144.4596965
87.35970131552287,873.5970131552288,10.320837188867092,1729843144.4696057
87.5110753665381,875.1107536653809,10.32093456709605,1729843144.4796624
87.6624507911385,876.624507911385,10.32102822041822,1729843144.4896474
87.81382753610198,878.1382753610199,10.321118244968902,1729843144.499634
87.96520554959811,879.6520554959811,10.32120473563447,1729843144.5096593
88.11658478116979,881.1658478116979,10.321287786051757,1729843144.5196133
88.26796518171496,882.6796518171495,10.32136748860745,1729843144.5296736
88.41934670346816,884.1934670346816,10.321443934437523,1729843144.5397892
88.57072929998233,885.7072929998233,10.32151721342668,1729843144.5500152
88.7221129261103,887.221129261103,10.321587414207828,1729843144.55963
88.8734975379865,888.734975379865,10.321654624161567,1729843144.569647
89.02488309300855,890.2488309300855,10.321718929415708,1729843144.579667
89.17626954981895,891.7626954981895,10.3217804148448,1729843144.5896554
89.32765686828661,893.2765686828661,10.321839164069695,1729843144.5996313
89.47904500948849,894.7904500948848,10.321895259457111,1729843144.6096864
89.6304339356912,896.304339356912,10.32194878211923,1729843144.6196673
89.7818236103326,897.818236103326,10.321999811913312,1729843144.6296551
89.93321399800335,899.3321399800335,10.322048427441315,1729843144.6396737
90.08460506442857,900.8460506442857,10.322094706049546,1729843144.6496515
90.23599677644934,902.3599677644934,10.322138723828324,1729843144.659686
90.38738910200433,903.8738910200434,10.32218055561166,1729843144.6696484
90.53878201011133,905.3878201011133,10.322220274976946,1729843144.6798422
90.69017547084886,906.9017547084886,10.322257954244666,1729843144.689692
90.84156945533766,908.4156945533766,10.322293664478122,1729843144.699613
90.99296393572233,909.9296393572233,10.322327475483176,1729843144.7097895
91.14435888515283,911.4435888515283,10.32235945580799,1729843144.719624
91.29575427776604,912.9575427776604,10.322389672742798,1729843144.7296295
91.44715008866733,914.4715008866733,10.322418192319684,1729843144.7401206
91.59854629391208,915.9854629391208,10.322445079312374,1729843144.7496428
91.74994287048722,917.4994287048721,10.322470397236026,1729843144.7596424
91.90133979629277,919.0133979629277,10.322494208347056,1729843144.769631
92.05273705012343,920.5273705012343,10.322516573642952,1729843144.7796457
92.20413461164999,922.0413461164999,10.322537552862116,1729843144.7896323
92.355532461401,923.55532461401,10.322557204483699,1729843144.7996714
92.50693058074418,925.0693058074419,10.322575585727462,1729843144.809723
92.65832895186806,926.5832895186805,10.322592752553632,1729843144.819644
92.80972755776341,928.097275577634,10.322608759662781,1729843144.8296144
92.9611263822048,929.6112638220479,10.322623660495704,1729843144.8396842
93.11252540973213,931.1252540973213,10.3226375072333,1729843144.849633
93.26392462563216,932.6392462563216,10.322650350796474,1729843144.8597033
93.41532401591998,934.1532401591998,10.322662240846043,1729843144.8696556
93.56672356732057,935.6672356732056,10.322673225782637,1729843144.8796775
93.71812326725029,937.1812326725029,10.322683352746628,1729843144.8896532
93.86952310379844,938.6952310379844,10.322692667618036,1729843144.8996656
94.02092306570873,940.2092306570873,10.322701215016473,1729843144.9097867
94.17232314236078,941.7232314236078,10.322709038301072,1729843144.919596
94.3237233237517,943.2372332375169,10.322716179570426,1729843144.9295824
94.4751236004775,944.751236004775,10.322722679662533,1729843144.939684
94.62652396371472,946.2652396371471,10.322728578154747,1729843144.9496932
94.77792440520184,947.7792440520184,10.322733913363733,1729843144.9598055
94.92932491722087,949.2932491722087,10.322738722345422,1729843144.9695415
95.08072549257876,950.8072549257877,10.322743040894975,1729843144.979699
95.23212612458902,952.3212612458901,10.32274690354675,1729843144.989654
95.38352680705312,953.8352680705311,10.322750343574272,1729843144.9996166
95.53492753424209,955.3492753424209,10.322753392990204,1729843145.01021
95.68632830087797,956.8632830087797,10.322756082546318,1729843145.019589
95.83772910211535,958.3772910211535,10.322758441733484,1729843145.0295978
95.98912993352283,959.8912993352283,10.322760498781644,1729843145.0396974
96.14053079106459,961.4053079106459,10.322762280659791,1729843145.0496683
96.29193167108183,962.9193167108183,10.322763813075966,1729843145.0596492
96.44333257027434,964.4333257027433,10.322765120477234,1729843145.0696125
96.59473348568194,965.9473348568195,10.322766226049678,1729843145.0797534
96.74613441466605,967.4613441466604,10.322767151718393,1729843145.0896456
96.89753535489113,968.9753535489114,10.322767918147468,1729843145.099644
97.04893630430627,970.4893630430627,10.32276854473999,1729843145.1099448
97.20033726112659,972.003372611266,10.322769049638032,1729843145.1196997
97.35173822381483,973.5173822381483,10.322769449722648,1729843145.1296735
97.50313919106283,975.0313919106283,10.322769760613877,1729843145.1396515
97.654540161773,976.54540161773,10.32276999667073,1729843145.149632
97.80594113503987,978.0594113503987,10.322770170991193,1729843145.1595938
97.95734211013159,979.573421101316,10.322770295412223,1729843145.1696076
98.10874308647142,981.0874308647142,10.322770380509752,1729843145.1796768
98.26014406361922,982.6014406361923,10.322770435598681,1729843145.1896524
98.41154504125299,984.11545041253,10.322770468732875,1729843145.1996145
98.56294601915035,985.6294601915034,10.322770486705176,1729843145.2098916
98.71434699717005,987.1434699717006,10.322770495047388,1729843145.219605
98.86574797523352,988.6574797523351,10.32277049803029,1729843145.2296417
99.01714895330626,990.1714895330626,10.322770498663623,1729843145.239786
99.16854993137949,991.6854993137949,10.322770498696098,1729843145.2496288
99.31995090945153,993.1995090945154,10.3227704986154,1729843145.2596745
99.47135188750939,994.7135188750939,10.322770497648174,1729843145.2696342
99.62275286551022,996.2275286551022,10.322770493760041,1729843145.2796862
99.77415384336285,997.7415384336285,10.322770483655583,1729843145.2896624
99.92555482090928,999.2555482090928,10.32277046277836,1729843145.2996578
100.0769557979062,1000.7695579790619,10.322770425310889,1729843145.3101726
100.22835677400643,1002.2835677400643,10.322770364174664,1729843145.3196082
100.37975774874054,1003.7975774874054,10.322770271030146,1729843145.329677
100.53115872149827,1005.3115872149828,10.322770136276766,1729843145.3397014
100.68255969151005,1006.8255969151005,10.322769949052919,1729843145.3496263
100.8339606578285,1008.3396065782849,10.322769697235978,1729843145.3596997
100.98536161930997,1009.8536161930997,10.322769367442284,1729843145.3695877
101.136762574596,1011.36762574596,10.322768945027153,1729843145.379669
101.28816352209486,1012.8816352209486,10.322768414084873,1729843145.3896096
101.43956445996304,1014.3956445996304,10.322767757448716,1729843145.399624
101.59096538608674,1015.9096538608674,10.322766956690932,1729843145.409672
101.7423662980634,1017.423662980634,10.322765992122754,1729843145.4196117
101.89376719318321,1018.937671931832,10.322764842794413,1729843145.4295783
102.04516806841059,1020.4516806841059,10.32276348649513,1729843145.4396613
102.19656892036569,1021.9656892036569,10.322761899753138,1729843145.4496033
102.34796974530595,1023.4796974530594,10.322760057835676,1729843145.4596477
102.49937053910753,1024.9937053910753,10.322757934749013,1729843145.4696598
102.65077129724688,1026.5077129724687,10.322755503238449,1729843145.4796817
102.8021720147822,1028.021720147822,10.322752734788338,1729843145.4896648
102.95357268633498,1029.5357268633497,10.3227495996221,1729843145.4996803
103.10497330607149,1031.049733060715,10.322746066702233,1729843145.510268
103.25637386768427,1032.5637386768428,10.322742103730349,1729843145.519592
103.4077743643737,1034.077743643737,10.322737677147181,1729843145.529581
103.5591747888294,1035.5917478882939,10.322732752132618,1729843145.5396638
103.71057513321186,1037.1057513321186,10.322727292605734,1729843145.549621
103.86197538913387,1038.6197538913389,10.32272126122482,1729843145.55971
104.01337554764204,1040.1337554764204,10.322714619387416,1729843145.5696626
104.16477559919834,1041.6477559919833,10.322707327230356,1729843145.5796795
104.31617553366155,1043.1617553366154,10.322699343629814,1729843145.5896523
104.46757534026885,1044.6757534026885,10.322690626201345,1729843145.599642
104.6189750076173,1046.189750076173,10.322681131299941,1729843145.6105878
104.77037452364529,1047.703745236453,10.322670814020098,1729843145.6196296
104.92177387561415,1049.2177387561414,10.322659628195861,1729843145.629638
105.07317305008961,1050.731730500896,10.322647526400916,1729843145.6397073
105.22457203292333,1052.2457203292333,10.322634459948638,1729843145.6496122
105.37597080923443,1053.7597080923442,10.322620378892198,1729843145.659653
105.52736936339096,1055.2736936339097,10.322605232024634,1729843145.6696498
105.67876767899148,1056.7876767899147,10.322588966878948,1729843145.6796176
105.83016573884655,1058.3016573884654,10.322571529728208,1729843145.6896586
105.98156352496024,1059.8156352496023,10.322552865585664,1729843145.6995878
106.13296101851166,1061.3296101851167,10.322532918204852,1729843145.7100255
106.28435819983656,1062.8435819983656,10.322511630079727,1729843145.7196622
106.43575504840872,1064.3575504840871,10.322488942444798,1729843145.7296243
106.58715154282159,1065.8715154282158,10.322464795275264,1729843145.739657
106.73854766076977,1067.3854766076977,10.322439127287176,1729843145.7495947
106.88994337903058,1068.899433790306,10.322411875937586,1729843145.75966
107.04133867344558,1070.4133867344558,10.322382977424734,1729843145.7696671
107.19273351890209,1071.9273351890208,10.322352366688216,1729843145.7796493
107.34412788931475,1073.4412788931475,10.322319977409192,1729843145.7896633
107.4955217576071,1074.955217576071,10.322285742010582,1729843145.799635
107.64691509569306,1076.4691509569307,10.322249591657286,1729843145.8098593
107.79830787445853,1077.9830787445853,10.322211456256422,1729843145.8196356
107.94970006374295,1079.4970006374294,10.322171264457555,1729843145.8296444
108.10109163232083,1081.0109163232082,10.322128943652963,1729843145.839683
108.25248254788332,1082.5248254788332,10.322084419977909,1729843145.8496387
108.4038727770198,1084.038727770198,10.322037618310917,1729843145.8596706
108.55526228519943,1085.5526228519943,10.321988462274081,1729843145.869631
108.70665103675275,1087.0665103675274,10.321936874233375,1729843145.879664
108.85803899485322,1088.5803899485322,10.321882775298983,1729843145.88959
109.00942612149886,1090.0942612149886,10.321826085325652,1729843145.8996496
109.16081237749381,1091.6081237749381,10.32176672291305,1729843145.9096704
109.31219772242993,1093.1219772242994,10.321704605406156,1729843145.9196084
109.46358211466838,1094.6358211466838,10.321639648895648,1729843145.9296184
109.61496551132132,1096.1496551132132,10.321571768218336,1729843145.939673
109.7663478682334,1097.663478682334,10.32150087695759,1729843145.9496527
109.91772913996347,1099.1772913996347,10.321426887443799,1729843145.959685
110.0691092797662,1100.691092797662,10.321349710754854,1729843145.9695516
110.22048823957368,1102.2048823957368,10.321269256716642,1729843145.9800842
110.37186596997712,1103.7186596997713,10.321185433903565,1729843145.9896338
110.52324242020843,1105.2324242020843,10.321098149639093,1729843145.9996383
110.67461753812195,1106.7461753812195,10.321007309996316,1729843146.0097654
110.82599127017609,1108.2599127017609,10.320912819798544,1729843146.0196695
110.977363561415,1109.77363561415,10.320814582619912,1729843146.0296755
111.12873435545028,1111.2873435545027,10.320712500786025,1729843146.0396624
111.28010359444265,1112.8010359444265,10.320606475374612,1729843146.0496087
111.4314712190837,1114.314712190837,10.320496406216224,1729843146.0596194
111.58283716857757,1115.8283716857757,10.320382191894945,1729843146.0696106
111.73420138062268,1117.3420138062268,10.320263729749133,1729843146.079697
111.88556379139351,1118.855637913935,10.3201409158722,1729843146.0896425
112.03692433552229,1120.3692433552228,10.320013645113397,1729843146.0996583
112.18828294608083,1121.8828294608084,10.319881811078657,1729843146.1098726
112.33963955456227,1123.3963955456227,10.319745306131448,1729843146.1196666
112.49099409086284,1124.9099409086284,10.319604021393664,1729843146.129602
112.64234648326372,1126.4234648326371,10.319457846746543,1729843146.1397376
112.79369665841281,1127.9369665841282,10.31930667083163,1729843146.149618
112.94504454130659,1129.4504454130658,10.31915038105175,1729843146.1594968
113.09639005527194,1130.9639005527195,10.318988863572049,1729843146.1696584
113.24773312194804,1132.4773312194804,10.31882200332102,1729843146.179623
113.39907366126825,1133.9907366126824,10.318649683991627,1729843146.1897137
113.55041159144193,1135.5041159144193,10.318471788042402,1729843146.1996655
113.70174682893645,1137.0174682893644,10.318288196698628,1729843146.209696
113.85307928845906,1138.5307928845905,10.318098789953531,1729843146.2196782
114.00440888293886,1140.0440888293886,10.317903446569517,1729843146.2298477
114.15573552350877,1141.5573552350877,10.317702044079462,1729843146.2396746
114.30705911948748,1143.0705911948749,10.317494458788014,1729843146.2496655
114.4583795783615,1144.583795783615,10.317280565772968,1729843146.2596104
114.60969680576719,1146.0969680576718,10.317060238886656,1729843146.2696567
114.76101070547274,1147.6101070547275,10.316833350757392,1729843146.279828
114.91232117936033,1149.1232117936033,10.316599772790966,1729843146.2896483
115.06362812740817,1150.6362812740817,10.316359375172164,1729843146.2995946
115.21493144767261,1152.1493144767262,10.316112026866348,1729843146.3100579
115.3662310362703,1153.662310362703,10.315857595621083,1729843146.3196688
115.51752678736037,1155.1752678736036,10.315595947967793,1729843146.3295794
115.66881859312655,1156.6881859312655,10.31532694922349,1729843146.340087
115.82010634375945,1158.2010634375945,10.315050463492527,1729843146.3496718
115.97138992743879,1159.713899274388,10.314766353668418,1729843146.359665
116.12266923031567,1161.2266923031566,10.314474481435695,1729843146.3696125
116.2739441364948,1162.739441364948,10.314174707271835,1729843146.3800004
116.42521452801695,1164.2521452801695,10.31386689044921,1729843146.389732
116.5764802848412,1165.764802848412,10.31355088903712,1729843146.3996189
116.72774128482733,1167.2774128482733,10.313226559903859,1729843146.4096637
116.87899740371833,1168.7899740371834,10.31289375871884,1729843146.4196875
117.03024851512275,1170.3024851512275,10.312552339954792,1729843146.4296527
117.18149449049722,1171.8149449049722,10.312202156889986,1729843146.4398992
117.33273519912893,1173.3273519912893,10.31184306161054,1729843146.4496095
117.48397050811829,1174.839705081183,10.311474905012773,1729843146.4596143
117.63520028236135,1176.3520028236135,10.311097536805617,1729843146.4696307
117.78642438453257,1177.8642438453257,10.3107108055131,1729843146.479979
117.93764267506738,1179.3764267506738,10.310314558476879,1729843146.489619
118.08885501214493,1180.8885501214493,10.309908641858838,1729843146.4996538
118.24006125167081,1182.4006125167082,10.309492900643754,1729843146.509754
118.39126124725979,1183.9126124725979,10.309067178642021,1729843146.519632
118.54245485021872,1185.4245485021872,10.30863131849244,1729843146.5296187
118.6936419095293,1186.936419095293,10.308185161665087,1729843146.5397446
118.84482227183106,1188.4482227183107,10.307728548464222,1729843146.5496943
118.99599578140423,1189.9599578140424,10.307261318031301,1729843146.559667
119.14716228015278,1191.471622801528,10.306783308348024,1729843146.569653
119.29832160758744,1192.9832160758745,10.306294356239471,1729843146.5796583
119.44947360080879,1194.4947360080878,10.305794297377313,1729843146.589653
119.60061809449037,1196.0061809449037,10.305282966283078,1729843146.5996206
119.75175492086191,1197.5175492086191,10.30476019633151,1729843146.6101713
119.9028839096925,1199.0288390969251,10.304225819753979,1729843146.6197026
120.05400488827391,1200.540048882739,10.303679667642,1729843146.6296508
120.2051176814039,1202.051176814039,10.30312156995078,1729843146.64011
120.35622211136966,1203.5622211136965,10.3025513555029,1729843146.6496181
120.50731799793117,1205.0731799793116,10.30196885199202,1729843146.6596472
120.65840515830477,1206.5840515830478,10.30137388598671,1729843146.6696324
120.80948340714669,1208.094834071467,10.300766282934319,1729843146.679744
120.96055255653664,1209.6055255653664,10.300145867164964,1729843146.689624
121.11161241596153,1211.1161241596153,10.299512461895574,1729843146.699634
121.26266279229915,1212.6266279229915,10.29886588923403,1729843146.7097025
121.41370348980205,1214.1370348980204,10.298205970183389,1729843146.719712
121.56473431008128,1215.6473431008128,10.297532524646188,1729843146.729652
121.71575505209042,1217.1575505209041,10.29684537142884,1729843146.740021
121.86676551210951,1218.667655121095,10.296144328246116,1729843146.7496185
122.01776548372912,1220.1776548372911,10.295429211725715,1729843146.759661
122.1687547578345,1221.687547578345,10.294699837412919,1729843146.7695987
122.31973312258974,1223.1973312258974,10.293956019775358,1729843146.779604
122.47070036342204,1224.7070036342204,10.29319757220784,1729843146.7895992
122.62165626300606,1226.2165626300607,10.292424307037287,1729843146.79959
122.77260060124833,1227.7260060124834,10.291636035527777,1729843146.8097684
122.92353315527174,1229.2353315527175,10.290832567885657,1729843146.8195913
123.07445369940008,1230.7445369940008,10.290013713264768,1729843146.8296
123.22536200514271,1232.253620051427,10.28917927977177,1729843146.8399258
123.37625784117927,1233.7625784117927,10.288329074471545,1729843146.8496127
123.52714097334446,1235.2714097334447,10.287462903392724,1729843146.8596601
123.67801116461297,1236.7801116461296,10.286580571533301,1729843146.869626
123.82886817508441,1238.288681750844,10.28568188286635,1729843146.8796542
123.97971176196837,1239.7971176196838,10.28476664034584,1729843146.8896012
124.13054167956957,1241.3054167956957,10.28383464591257,1729843146.899639
124.2813576792731,1242.813576792731,10.28288570050019,1729843146.9096801
124.4321595095297,1244.321595095297,10.281919604041333,1729843146.9196491
124.58294691584119,1245.829469158412,10.28093615547386,1729843146.9296322
124.73371964074599,1247.33719640746,10.279935152747207,1729843146.940071
124.8844774238047,1248.844774238047,10.278916392828844,1729843146.9496
125.03522000158578,1250.3522000158578,10.277879671710835,1729843146.9596674
125.18594710765139,1251.859471076514,10.276824784416526,1729843146.9695835
125.3366584725432,1253.366584725432,10.275751525007328,1729843146.9796932
125.48735382376852,1254.8735382376851,10.274659686589617,1729843146.9896271
125.6380328857862,1256.380328857862,10.27354906132176,1729843146.9996774
125.78869537999303,1257.8869537999303,10.272419440421233,1729843147.0098
125.9393410247099,1259.393410247099,10.271270614171883,1729843147.0196667
126.08996953516831,1260.899695351683,10.270102371931282,1729843147.0296283
126.24058062349683,1262.4058062349682,10.26891450213821,1729843147.039648
126.39117399870774,1263.9117399870775,10.267706792320265,1729843147.0496447
126.54174936668386,1265.4174936668387,10.266479029101568,1729843147.0596423
126.69230643016532,1266.923064301653,10.265230998210622,1729843147.069637
126.84284488873656,1268.4284488873657,10.263962484488266,1729843147.0796664
126.99336443881347,1269.9336443881348,10.262673271895764,1729843147.089658
127.14386477363058,1271.438647736306,10.261363143523017,1729843147.0996294
127.2943455832284,1272.9434558322841,10.260031881596898,1729843147.109701
127.4448065544409,1274.448065544409,10.258679267489716,1729843147.1196408
127.59524737088307,1275.9524737088307,10.257305081727795,1729843147.1296263
127.74566771293871,1277.4566771293871,10.255909104000203,1729843147.1396608
127.8960672577482,1278.960672577482,10.254491113167587,1729843147.149622
128.04644567919655,1280.4644567919654,10.253050887271149,1729843147.1595087
128.19680264790145,1281.9680264790145,10.251588203541754,1729843147.1696253
128.34713783120154,1283.4713783120153,10.25010283840916,1729843147.1796746
128.49745089314484,1284.9745089314483,10.248594567511393,1729843147.1896203
128.6477414944773,1286.4774149447728,10.24706316570424,1729843147.1996107
128.79800929263126,1287.9800929263126,10.24550840707089,1729843147.2097445
128.9482539417146,1289.482539417146,10.243930064931703,1729843147.2196414
129.0984750924994,1290.984750924994,10.242327911854114,1729843147.2296095
129.24867239241118,1292.4867239241119,10.240701719662672,1729843147.239842
129.39884548551814,1293.9884548551813,10.239051259449232,1729843147.2496305
129.54899401252058,1295.4899401252057,10.237376301583256,1729843147.259719
129.6991176107404,1296.9911761074038,10.23567661572228,1729843147.269645
129.84921591411086,1298.4921591411085,10.23395197082251,1729843147.2796366
129.99928855316645,1299.9928855316646,10.232202135149555,1729843147.2896442
130.14933515503293,1301.4933515503294,10.23042687628931,1729843147.299659
130.29935534341746,1302.9935534341746,10.228625961158965,1729843147.3101842
130.44934873859904,1304.4934873859904,10.22679915601819,1729843147.3196728
130.59931495741895,1305.9931495741896,10.224946226480414,1729843147.3296528
130.74925361327155,1307.4925361327155,10.2230669375243,1729843147.3397021
130.89916431609498,1308.99164316095,10.221161053505323,1729843147.3496256
131.04904667236238,1310.4904667236237,10.219228338167525,1729843147.359717
131.19890028507294,1311.9890028507293,10.217268554655389,1729843147.3696191
131.34872475374337,1313.4872475374336,10.215281465525882,1729843147.3797197
131.49851967439943,1314.9851967439943,10.213266832760636,1729843147.389673
131.64828463956766,1316.4828463956767,10.211224417778276,1729843147.3996406
131.79801923826736,1317.9801923826735,10.209153981446892,1729843147.4099648
131.94772305600262,1319.477230560026,10.207055284096684,1729843147.4196455
132.0973956747547,1320.973956747547,10.204928085532716,1729843147.4296055
132.24703667297447,1322.4703667297447,10.202772145047863,1729843147.4396734
132.3966456255751,1323.966456255751,10.200587221435878,1729843147.449686
132.54622210392495,1325.4622210392495,10.198373073004628,1729843147.459689
132.69576567584056,1326.9576567584056,10.19612945758947,1729843147.469646
132.84527590558008,1328.452759055801,10.193856132566788,1729843147.4796708
132.99475235383656,1329.9475235383657,10.191552854867677,1729843147.4895954
133.14419457773175,1331.4419457773174,10.189219380991783,1729843147.4996285
133.29360213080992,1332.936021308099,10.1868554670213,1729843147.509866
133.44297456303192,1334.4297456303193,10.184460868635105,1729843147.519645
133.59231142076956,1335.9231142076956,10.182035341123068,1729843147.5295835
133.74161224680006,1337.4161224680006,10.179578639400507,1729843147.5397124
133.89087658030076,1338.9087658030076,10.177090518022787,1729843147.5496023
134.04010395684404,1340.4010395684404,10.174570731200097,1729843147.5597239
134.18929390839259,1341.8929390839257,10.172019032812363,1729843147.5696123
134.33844596329465,1343.3844596329463,10.169435176424322,1729843147.5796607
134.4875596462797,1344.875596462797,10.166818915300755,1729843147.589625
134.63663447845423,1346.3663447845422,10.164170002421875,1729843147.5995982
134.78566997729783,1347.8566997729783,10.161488190498858,1729843147.6099584
134.93466565665946,1349.3466565665947,10.158773231989562,1729843147.6195931
135.08362102675397,1350.8362102675396,10.156024879114359,1729843147.6296077
135.23253559415886,1352.3253559415887,10.153242883872156,1729843147.6396863
135.38140886181125,1353.8140886181125,10.150426998056568,1729843147.649663
135.53024032900515,1355.3024032900516,10.147576973272223,1729843147.6596506
135.67902949138886,1356.7902949138886,10.144692560951254,1729843147.669686
135.82777584096274,1358.2777584096275,10.141773512369936,1729843147.679661
135.97647886607714,1359.7647886607715,10.138819578665458,1729843147.6896186
136.12513805143067,1361.2513805143067,10.135830510852896,1729843147.6996317
136.27375287806856,1362.7375287806856,10.132806059842293,1729843147.7096586
136.42232282338145,1364.2232282338146,10.129745976455927,1729843147.7202394
136.5708473611043,1365.7084736110432,10.126650011445722,1729843147.7296405
136.71932596131575,1367.1932596131574,10.123517915510819,1729843147.7396605
136.86775809043735,1368.6775809043734,10.120349439315289,1729843147.7496305
137.01614321123358,1370.161432112336,10.117144333506024,1729843147.7596428
137.16448078281172,1371.6448078281173,10.113902348730758,1729843147.7696717
137.31277026062213,1373.1277026062212,10.110623235656254,1729843147.7796407
137.46101109645883,1374.6101109645883,10.107306744986644,1729843147.789663
137.6092027384603,1376.0920273846032,10.10395262748192,1729843147.7996151
137.75734463111067,1377.5734463111066,10.100560633976581,1729843147.809661
137.90543621524085,1379.0543621524084,10.097130515398415,1729843147.8196769
138.05347692803048,1380.5347692803048,10.093662022787464,1729843147.8296278
138.2014662030096,1382.0146620300961,10.090154907315108,1729843147.8396652
138.34940347006102,1383.4940347006102,10.08660892030332,1729843147.8496785
138.49728815542272,1384.9728815542271,10.083023813244056,1729843147.859651
138.64511968169072,1386.4511968169072,10.079399337818806,1729843147.8696465
138.79289746782203,1387.9289746782204,10.07573524591829,1729843147.8798032
138.9406209291381,1389.406209291381,10.07203128966229,1729843147.8896081
139.0882894773285,1390.882894773285,10.068287221419643,1729843147.8996563
139.23590252045474,1392.3590252045474,10.064502793828378,1729843147.9103808
139.38345946295465,1393.8345946295465,10.060677759815981,1729843147.9196625
139.5309597056468,1395.3095970564682,10.05681187261983,1729843147.929658
139.67840264573547,1396.7840264573547,10.052904885807752,1729843147.93968
139.82578767681574,1398.2578767681573,10.048956553298728,1729843147.9496236
139.97311418887892,1399.7311418887894,10.044966629383742,1729843147.959656
140.12038156831838,1401.2038156831838,10.040934868746765,1729843147.9697464
140.26758919793554,1402.6758919793554,10.036861026485884,1729843147.9797192
140.41473645694634,1404.1473645694634,10.032744858134556,1729843147.9896991
140.5618227209879,1405.618227209879,10.028586119683018,1729843147.9996662
140.7088473621255,1407.0884736212552,10.024384567599807,1729843148.009733
140.85580974886003,1408.5580974886002,10.020139958853433,1729843148.0196242
141.00270924613545,1410.0270924613546,10.015852050934178,1729843148.0296016
141.149545215347,1411.4954521534698,10.011520601876027,1729843148.0396094
141.29631701434926,1412.9631701434926,10.007145370278721,1729843148.0496724
141.44302399746496,1414.4302399746496,10.002726115329947,1729843148.0596664
141.58966551549386,1415.8966551549386,9.998262596827654,1729843148.0696564
141.736240915722,1417.3624091572199,9.993754575202487,1729843148.0796967
141.8827495419313,1418.827495419313,9.989201811540354,1729843148.0896564
142.02919073440964,1420.2919073440964,9.984604067605103,1729843148.0996325
142.17556382996096,1421.7556382996097,9.979961105861326,1729843148.1103206
142.321868161916,1423.21868161916,9.975272689497286,1729843148.119644
142.4681030601432,1424.681030601432,9.970538582447949,1729843148.1296365
142.61426785105994,1426.1426785105994,9.96575854941814,1729843148.13991
142.7603618576443,1427.603618576443,9.960932355905804,1729843148.14969
142.90638439944695,1429.0638439944696,9.956059768225389,1729843148.1595592
143.05233479260343,1430.5233479260344,9.95114055353132,1729843148.169626
143.19821234984693,1431.9821234984693,9.946174479841607,1729843148.1796665
143.3440163805212,1433.440163805212,9.941161316061528,1729843148.1896493
143.489746190594,1434.89746190594,9.936100832007432,1729843148.199645
143.63540108267074,1436.3540108267075,9.93099279843064,1729843148.2097166
143.78098035600857,1437.8098035600856,9.925836987041448,1729843148.2197018
143.92648330653083,1439.2648330653083,9.920633170533216,1729843148.2296848
144.07190922684177,1440.7190922684176,9.91538112260656,1729843148.2397041
144.21725740624169,1442.172574062417,9.910080617993625,1729843148.2500598
144.36252713074248,1443.6252713074248,9.904731432482473,1729843148.2596867
144.5077176830834,1445.077176830834,9.899333342941516,1729843148.2696924
144.6528283427473,1446.528283427473,9.893886127344075,1729843148.280236
144.79785838597726,1447.9785838597727,9.888389564792995,1729843148.2896953
144.9428070857934,1449.428070857934,9.88284343554535,1729843148.3002534
145.0876737120102,1450.876737120102,9.877247521037217,1729843148.3105474
145.23245753125425,1452.3245753125425,9.87160160390854,1729843148.319685
145.37715780698218,1453.7715780698218,9.865905468028037,1729843148.3296926
145.52177379949907,1455.2177379949908,9.860158898518215,1729843148.3399312
145.66630476597723,1456.6630476597722,9.854361681780407,1729843148.3496597
145.8107499604753,1458.107499604753,9.848513605519912,1729843148.3596444
145.95510863395776,1459.5510863395775,9.842614458771164,1729843148.3696468
146.09938003431478,1460.9938003431478,9.836664031922984,1729843148.3799298
146.24356340638244,1462.4356340638244,9.830662116743861,1729843148.3896883
146.38765799196335,1463.8765799196335,9.824608506407309,1729843148.3997052
146.5316630298477,1465.3166302984769,9.818502995517253,1729843148.4097366
146.6755777558345,1466.755777558345,9.81234538013347,1729843148.4196723
146.81940140275336,1468.1940140275335,9.806135457797069,1729843148.4297125
146.96313320048662,1469.6313320048662,9.799873027556012,1729843148.43984
147.10677237599174,1471.0677237599175,9.793557889990671,1729843148.4496436
147.25031815332426,1472.5031815332427,9.787189847239407,1729843148.4596756
147.3937697536609,1473.937697536609,9.780768703024199,1729843148.4696352
147.5371263953233,1475.371263953233,9.774294262676275,1729843148.4797535
147.68038729380189,1476.803872938019,9.767766333161786,1729843148.4896576
147.8235516617803,1478.2355166178031,9.761184723107482,1729843148.499598
147.96661870916006,1479.6661870916005,9.75454924282641,1729843148.5096898
148.10958764308575,1481.0958764308575,9.74785970434364,1729843148.5196345
148.25245766797048,1482.5245766797048,9.741115921421956,1729843148.5296154
148.39522798552167,1483.9522798552166,9.734317709587605,1729843148.540335
148.53789779476745,1485.3789779476745,9.727464886156014,1729843148.5495968
148.68046629208314,1486.8046629208313,9.720557270257501,1729843148.5597029
148.8229326712183,1488.229326712183,9.713594682863004,1729843148.569625
148.96529612332407,1489.6529612332406,9.706576946809777,1729843148.5798533
149.107555836981,1491.0755583698099,9.699503886827092,1729843148.589591
149.24971099822707,1492.4971099822708,9.692375329561898,1729843148.5996435
149.39176079058632,1493.9176079058632,9.685191103604483,1729843148.6097615
149.53370439509757,1495.3370439509758,9.677951039514092,1729843148.6196086
149.6755409903438,1496.7554099034378,9.670654969844536,1729843148.6296277
149.8172697524817,1498.172697524817,9.66330272916974,1729843148.6398466
149.9588898552718,1499.5888985527179,9.655894154109275,1729843148.6496425
150.1004004701086,1501.0040047010862,9.648429083353843,1729843148.6596193
150.24180076605165,1502.4180076605167,9.640907357690711,1729843148.6696084
150.38308990985638,1503.8308990985638,9.6333288200291,1729843148.6797228
150.52426706600573,1505.2426706600572,9.625693315425517,1729843148.6896238
150.66533139674203,1506.6533139674202,9.618000691109037,1729843148.6995828
150.80628206209914,1508.0628206209915,9.610250796506504,1729843148.7098093
150.9471182199352,1509.471182199352,9.602443483267692,1729843148.7196538
151.0878390259654,1510.878390259654,9.59457860529036,1729843148.7296274
151.22844363379554,1512.2844363379554,9.586656018745275,1729843148.739744
151.36893119495554,1513.6893119495553,9.578675582101114,1729843148.7497263
151.50930085893364,1515.0930085893365,9.570637156149312,1729843148.7596014
151.64955177321076,1516.4955177321076,9.562540604028797,1729843148.7696385
151.7896830832953,1517.8968308329531,9.55438579125066,1729843148.7796984
151.9296939327583,1519.296939327583,9.546172585722696,1729843148.7895572
152.06958346326903,1520.6958346326903,9.537900857773876,1729843148.7996345
152.20935081463065,1522.0935081463065,9.529570480178679,1729843148.8096962
152.3489951248167,1523.489951248167,9.52118132818135,1729843148.819626
152.48851553000742,1524.885155300074,9.512733279520004,1729843148.8296707
152.6279111646269,1526.279111646269,9.504226214450645,1729843148.8397374
152.76718116138022,1527.6718116138022,9.495660015771032,1729843148.849642
152.9063246512911,1529.063246512911,9.487034568844441,1729843148.8596826
153.0453407637399,1530.4534076373989,9.47834976162327,1729843148.8696747
153.18422862650192,1531.842286265019,9.46960548467253,1729843148.8796659
153.32298736578613,1533.2298736578614,9.460801631193162,1729843148.8896425
153.46161610627408,1534.6161610627407,9.451938097045241,1729843148.8996158
153.6001139711592,1536.001139711592,9.443014780771005,1729843148.909908
153.73848008218664,1537.3848008218665,9.434031583617733,1729843148.9196587
153.87671355969314,1538.7671355969314,9.424988409560461,1729843148.929601
154.01481352264742,1540.148135226474,9.41588516532453,1729843148.9396656
154.15277908869078,1541.5277908869077,9.40672176040798,1729843148.9496603
154.29060937417825,1542.9060937417826,9.397498107103731,1729843148.9596012
154.4283034942197,1544.283034942197,9.38821412052162,1729843148.9696198
154.56586056272164,1545.6586056272163,9.378869718610247,1729843148.9796574
154.70327969242908,1547.0327969242908,9.369464822178603,1729843148.989595
154.84055999496783,1548.4055999496784,9.359999354917536,1729843148.9995801
154.9777005808871,1549.777005808871,9.350473243421003,1729843149.009683
155.11470055970236,1551.1470055970235,9.340886417207125,1729843149.0196154
155.25155903993848,1552.5155903993848,9.331238808739014,1729843149.029591
155.38827512917337,1553.8827512917337,9.321530353445423,1729843149.039659
155.5248479340816,1555.2484793408162,9.311760989741133,1729843149.0496092
155.66127656047865,1556.6127656047865,9.301930659047153,1729843149.0596545
155.7975601133652,1557.975601133652,9.292039305810677,1729843149.0695906
155.9336976969718,1559.3369769697179,9.282086877524806,1729843149.079737
156.06968841480386,1560.6968841480386,9.272073324748042,1729843149.0896046
156.20553136968695,1562.0553136968695,9.261998601123533,1729843149.0996072
156.34122566381222,1563.4122566381222,9.251862663398077,1729843149.1096973
156.4767703987822,1564.7677039878222,9.24166547144086,1729843149.1196232
156.61216467565694,1566.1216467565694,9.231406988261977,1729843149.1295803
156.7474075950003,1567.4740759500032,9.221087180030635,1729843149.1397169
156.88249825692654,1568.8249825692653,9.210706016093138,1729843149.149652
157.01743576114717,1570.1743576114718,9.200263468990588,1729843149.1594458
157.15221920701813,1571.5221920701813,9.189759514476306,1729843149.1696026
157.28684769358708,1572.8684769358708,9.179194131532972,1729843149.1801467
157.42132031964104,1574.2132031964104,9.168567302389498,1729843149.1896415
157.55563618375422,1575.5563618375422,9.157879012537599,1729843149.1996233
157.68979438433615,1576.8979438433616,9.147129250748078,1729843149.2096734
157.82379401968004,1578.2379401968003,9.136318009086812,1729843149.2196293
157.95763418801118,1579.5763418801118,9.125445282930427,1729843149.2296004
158.09131398753595,1580.9131398753595,9.1145110709817,1729843149.2401078
158.22483251649064,1582.2483251649064,9.103515375284609,1729843149.2496312
158.35818887319076,1583.5818887319076,9.092458201239094,1729843149.2596138
158.49138215608045,1584.9138215608045,9.081339557615497,1729843149.2695873
158.6244114637821,1586.244114637821,9.070159456568675,1729843149.2797093
158.75727589514628,1587.5727589514627,9.058917913651793,1729843149.2896342
158.88997454930163,1588.8997454930163,9.047614947829768,1729843149.2996235
159.0225065257052,1590.2250652570522,9.036250581492398,1729843149.309906
159.1548709241929,1591.548709241929,9.024824840467147,1729843149.3196568
159.28706684502995,1592.8706684502995,9.013337754031577,1729843149.3295968
159.41909338896184,1594.1909338896185,9.001789354925434,1729843149.3396919
159.55094965726514,1595.5094965726514,8.990179679362406,1729843149.3495765
159.6826347517987,1596.826347517987,8.978508767041486,1729843149.3596506
159.81414777505492,1598.1414777505493,8.966776661158008,1729843149.36964
159.9454878302111,1599.454878302111,8.954983408414305,1729843149.3797143
160.07665402118118,1600.7665402118118,8.94312905903001,1729843149.3895967
160.20764545266732,1602.0764545266732,8.93121366675197,1729843149.3996434
160.3384612302119,1603.384612302119,8.91923728886381,1729843149.4100485
160.46910046024942,1604.691004602494,8.907199986195089,1729843149.4196575
160.59956225015873,1605.9956225015871,8.895101823130098,1729843149.429643
160.7298457083152,1607.298457083152,8.88294286761628,1729843149.439661
160.85994994414315,1608.5994994414316,8.870723191172221,1729843149.4496202
160.98987406816838,1609.8987406816836,8.858442868895304,1729843149.4597018
161.11961719207065,1611.1961719207065,8.846101979468921,1729843149.4696572
161.24917842873649,1612.491784287365,8.833700605169312,1729843149.4797137
161.3785568923119,1613.7855689231192,8.821238831872002,1729843149.489648
161.5077516982553,1615.077516982553,8.80871674905782,1729843149.4996688
161.63676196339046,1616.3676196339045,8.796134449818531,1729843149.5096338
161.7655868059595,1617.655868059595,8.78349203086203,1729843149.5196695
161.89422534567606,1618.9422534567607,8.770789592517152,1729843149.5296292
162.02267670377847,1620.2267670377846,8.758027238738043,1729843149.5396523
162.1509400030829,1621.509400030829,8.745205077108128,1729843149.5496013
162.2790143680367,1622.7901436803672,8.732323218843646,1729843149.5597131
162.40689892477178,1624.0689892477178,8.719381778796766,1729843149.5695949
162.53459280115786,1625.3459280115785,8.70638087545828,1729843149.5796642
162.66209512685595,1626.6209512685596,8.693320630959853,1729843149.5896327
162.78940503337176,1627.8940503337176,8.680201171075861,1729843149.599565
162.91652165410915,1629.1652165410915,8.667022625224776,1729843149.6096334
163.04344412442356,1630.4344412442356,8.653785126470135,1729843149.61963
163.1701715816755,1631.701715816755,8.640488811521045,1729843149.6295953
163.29670316528404,1632.9670316528404,8.627133820732283,1729843149.6396787
163.42303801678025,1634.2303801678027,8.613720298103908,1729843149.6495697
163.54917527986063,1635.4917527986063,8.600248391280475,1729843149.659627
163.67511410044065,1636.7511410044065,8.586718251549778,1729843149.66966
163.80085362670798,1638.0085362670798,8.573130033841137,1729843149.6796267
163.92639300917605,1639.2639300917606,8.559483896723268,1729843149.689623
164.05173140073728,1640.5173140073728,8.545780002401667,1729843149.6996298
164.1768679567164,1641.7686795671639,8.532018516715572,1729843149.709924
164.30180183492368,1643.0180183492369,8.518199609134447,1729843149.7196152
164.42653219570818,1644.2653219570818,8.504323452754027,1729843149.729586
164.5510582020108,1645.5105820201081,8.490390224291904,1729843149.7396564
164.67537901941736,1646.7537901941737,8.476400104082643,1729843149.749608
164.79949381621154,1647.9949381621154,8.46235327607247,1729843149.7596228
164.9234017634278,1649.234017634278,8.448249927813471,1729843149.769635
165.04710203490419,1650.4710203490417,8.434090250457343,1729843149.7797143
165.17059380733497,1651.7059380733497,8.419874438748689,1729843149.7896163
165.29387626032332,1652.938762603233,8.405602691017853,1729843149.7996004
165.4169485764337,1654.169485764337,8.391275209173276,1729843149.8096738
165.53980994124427,1655.3980994124427,8.376892198693419,1729843149.8196025
165.66245954339914,1656.6245954339913,8.362453868618198,1729843149.8296402
165.7848965746604,1657.8489657466039,8.34796043153998,1729843149.8397148
165.90712022996019,1659.0712022996017,8.333412103594092,1729843149.8495839
166.0291297074524,1660.291297074524,8.318809104448887,1729843149.859634
166.15092420856445,1661.5092420856445,8.304151657295348,1729843149.8695889
166.27250293804872,1662.7250293804873,8.289439988836216,1729843149.879725
166.3938651040339,1663.938651040339,8.274674329274667,1729843149.8895733
166.51500991807615,1665.1500991807616,8.25985491230253,1729843149.8996012
166.63593659521018,1666.3593659521018,8.244981975088042,1729843149.9097302
166.7566443539999,1667.566443539999,8.230055758263127,1729843149.9196365
166.87713241658912,1668.7713241658912,8.21507650591026,1729843149.9296253
166.99740000875198,1669.97400008752,8.200044465548816,1729843149.9397156
167.11744635994307,1671.1744635994307,8.184959888121005,1729843149.949643
167.23727070334752,1672.3727070334753,8.169823027977335,1729843149.9596312
167.35687227593064,1673.5687227593064,8.154634142861612,1729843149.9696224
167.47625031848756,1674.7625031848756,8.13939349389551,1729843149.979691
167.59540407569253,1675.9540407569252,8.124101345562657,1729843149.9896393
167.71433279614794,1677.1433279614794,8.108757965692307,1729843149.99967
167.83303573243322,1678.3303573243322,8.093363625442521,1729843150.009982
167.95151214115333,1679.5151214115333,8.07791859928294,1729843150.0196912
168.0697612829871,1680.6976128298709,8.06242316497708,1729843150.0296507
168.1877824227353,1681.877824227353,8.046877603564216,1729843150.0397422
168.30557482936837,1683.0557482936838,8.031282199340783,1729843150.0496109
168.42313777607396,1684.2313777607396,8.015637239841382,1729843150.059618
168.54047054030409,1685.404705403041,7.999943015819308,1729843150.0696483
168.65757240382206,1686.5757240382206,7.984199821226677,1729843150.0797079
168.77444265274917,1687.7444265274917,7.968407953194093,1729843150.0896978
168.89108057761092,1688.910805776109,7.952567712009894,1729843150.0996604
169.007485473383,1690.07485473383,7.936679401098982,1729843150.1097584
169.12365663953713,1691.2365663953713,7.920743327001216,1729843150.119667
169.23959338008626,1692.3959338008626,7.9047597993493754,1729843150.1296704
169.35529500362966,1693.5529500362966,7.888729130846719,1729843150.1397681
169.47076082339763,1694.7076082339763,7.87265163724413,1729843150.1496613
169.58599015729587,1695.8599015729587,7.85652763731683,1729843150.1594908
169.70098232794945,1697.0098232794944,7.84035745284069,1729843150.1696045
169.8157366627465,1698.157366627465,7.824141408568151,1729843150.1796057
169.93025249388148,1699.3025249388147,7.807879832203713,1729843150.1896648
170.04452915839815,1700.4452915839815,7.791573054379053,1729843150.1996627
170.15856599823206,1701.5856599823205,7.775221408627721,1729843150.2096615
170.27236236025286,1702.7236236025285,7.758825231359464,1729843150.2196872
170.38591759630592,1703.8591759630592,7.742384861834146,1729843150.229741
170.49923106325392,1704.992310632539,7.725900642135301,1729843150.2398233
170.61230212301777,1706.1230212301778,7.709372917143279,1729843150.2496226
170.7251301426173,1707.251301426173,7.692802034508044,1729843150.2596686
170.83771449421135,1708.3771449421135,7.676188344621573,1729843150.269638
170.95005455513774,1709.5005455513774,7.659532200589918,1729843150.280058
171.06214970795256,1710.6214970795256,7.642833958204865,1729843150.2896607
171.17399934046912,1711.7399934046912,7.626093975915263,1729843150.299608
171.28560284579657,1712.8560284579657,7.6093126147979975,1729843150.309654
171.396959622378,1713.9695962237802,7.5924902385285895,1729843150.3196156
171.50806907402807,1715.0806907402807,7.575627213351469,1729843150.3295562
171.61893060997028,1716.1893060997027,7.558723908049905,1729843150.3400133
171.72954364487373,1717.2954364487373,7.541780693915596,1729843150.3495986
171.8399075988895,1718.3990759888952,7.52479794471793,1729843150.3596685
171.95002189768658,1719.5002189768659,7.507776036672914,1729843150.3696246
172.05988597248714,1720.5988597248713,7.490715348411785,1729843150.3796473
172.16949926010162,1721.694992601016,7.473616260949314,1729843150.3896155
172.27886120296316,1722.7886120296316,7.456479157651786,1729843150.3996236
172.38797124916164,1723.8797124916164,7.439304424204677,1729843150.4108474
172.49682885247722,1724.968288524772,7.42209244858004,1729843150.4196658
172.60543347241338,1726.0543347241337,7.404843621003581,1729843150.4296033
172.7137845742295,1727.137845742295,7.387558333921459,1729843150.4398751
172.8218816289729,1728.2188162897291,7.370236981966794,1729843150.449608
172.92972411351047,1729.2972411351047,7.352879961925905,1729843150.4596467
173.03731151055973,1730.3731151055972,7.335487672704268,1729843150.4696422
173.14464330871937,1731.4464330871938,7.318060515292207,1729843150.4797926
173.25171900249939,1732.5171900249939,7.300598892730339,1729843150.4896388
173.35853809235059,1733.585380923506,7.283103210074732,1729843150.499638
173.4651000846937,1734.6510008469368,7.265573874361862,1729843150.510077
173.57140449194782,1735.714044919478,7.248011294573268,1729843150.5196779
173.6774508325585,1736.774508325585,7.230415881600027,1729843150.5295959
173.78323863102514,1737.8323863102514,7.212788048206962,1729843150.5397143
173.88876741792802,1738.88767417928,7.195128208996636,1729843150.549641
173.99403672995473,1739.9403672995472,7.177436780373136,1729843150.55959
174.09904610992595,1740.9904610992594,7.159714180505617,1729843150.5696592
174.20379510682093,1742.0379510682094,7.1419608292916825,1729843150.579668
174.3082832758022,1743.082832758022,7.124177148320524,1729843150.5896537
174.41251017823993,1744.1251017823993,7.106363560835903,1729843150.599582
174.51647538173552,1745.1647538173552,7.0885204916989135,1729843150.6097856
174.62017846014493,1746.2017846014492,7.0706483673505875,1729843150.6196103
174.7236189936012,1747.2361899360121,7.052747615774315,1729843150.6296012
174.82679656853654,1748.2679656853654,7.034818666458102,1729843150.639773
174.92971077770383,1749.2971077770383,7.016861950356671,1729843150.649587
175.0323612201976,1750.323612201976,6.998877899853395,1729843150.6596203
175.13474750147444,1751.3474750147443,6.9808669487220945,1729843150.669607
175.23686923337272,1752.3686923337273,6.96282953208869,1729843150.680053
175.338726034132,1753.3872603413201,6.944766086392728,1729843150.6896482
175.4403175284117,1754.403175284117,6.926677049348761,1729843150.6996193
175.5416433473091,1755.416433473091,6.908562859907623,1729843150.7106283
175.6427031283771,1756.427031283771,6.890423958217589,1729843150.7196622
175.74349651564103,1757.4349651564103,6.8722607855854205,1729843150.7296877
175.84402315961523,1758.4402315961524,6.854073784437317,1729843150.7399302
175.94428271731877,1759.4428271731877,6.835863398279764,1729843150.7496724
176.04427485229078,1760.4427485229078,6.817630071660312,1729843150.7596447
176.14399923460513,1761.4399923460514,6.7993742501282535,1729843150.7695904
176.24345554088455,1762.4345554088454,6.781096380195243,1729843150.7797077
176.34264345431413,1763.4264345431413,6.762796909295841,1729843150.7895842
176.4415626646543,1764.415626646543,6.7444762857480125,1729843150.7996085
176.54021286825326,1765.4021286825327,6.726134958713549,1729843150.8098073
176.6385937680587,1766.3859376805872,6.707773378158456,1729843150.819646
176.73670507362905,1767.3670507362906,6.689391994813314,1729843150.8296473
176.83454650114405,1768.3454650114404,6.670991260133592,1729843150.839725
176.93211777341492,1769.3211777341492,6.652571626259936,1729843150.849585
177.0294186198937,1770.294186198937,6.634133545978435,1729843150.859664
177.12644877668228,1771.2644877668229,6.615677472680896,1729843150.8695827
177.2232079865405,1772.232079865405,6.597203860325078,1729843150.8797033
177.31969599889408,1773.1969599889408,6.578713163394978,1729843150.8897016
177.41591256984157,1774.1591256984157,6.560205836861059,1729843150.8996236
177.51185746216103,1775.1185746216104,6.541682336140566,1729843150.9100225
177.60753044531597,1776.0753044531598,6.523143117057794,1729843150.9195805
177.70293129546073,1777.0293129546073,6.504588635804436,1729843150.9296076
177.79805979544523,1777.9805979544522,6.48601934889994,1729843150.939693
177.89291573481933,1778.9291573481933,6.467435713151919,1729843150.9496732
177.98749890983632,1779.8749890983631,6.448838185616592,1729843150.9595964
178.08180912345608,1780.8180912345608,6.430227223559313,1729843150.9696648
178.1758461853476,1781.758461853476,6.411603284415125,1729843150.9797046
178.26960991189083,1782.6960991189083,6.392966825749391,1729843150.989609
178.36310012617798,1783.6310012617798,6.37431830521852,1729843150.9995785
178.45631665801437,1784.5631665801438,6.355658180530754,1729843151.0097127
178.54925934391858,1785.4925934391858,6.336986909407044,1729843151.0196202
178.64192802712202,1786.4192802712203,6.318304949542027,1729843151.0296173
178.73432255756808,1787.3432255756807,6.2996127585650905,1729843151.0397089
178.82644279191047,1788.2644279191047,6.280910794001556,1729843151.0495927
178.91828859351122,1789.1828859351122,6.262199513233973,1729843151.0596964
179.009859832438,1790.09859832438,6.243479373463523,1729843151.069622
179.10115638546088,1791.0115638546088,6.224750831671555,1729843151.079656
179.19217813604854,1791.9217813604855,6.206014344581242,1729843151.0896187
179.28292497436397,1792.8292497436396,6.187270368619406,1729843151.0996199
179.3733967972595,1793.7339679725949,6.168519359878426,1729843151.1098192
179.46359350827137,1794.6359350827138,6.149761774078362,1729843151.119626
179.55351501761373,1795.5351501761374,6.130998066529188,1729843151.1296265
179.64316124217206,1796.4316124217205,6.1122286920932085,1729843151.1397388
179.73253210549603,1797.3253210549603,6.09345410514762,1729843151.1495826
179.8216275377919,1798.216275377919,6.074674759547266,1729843151.1594667
179.91044747591422,1799.1044747591422,6.055891108587562,1729843151.1696212
179.9989918633572,1799.989918633572,6.037103604967603,1729843151.1796882
180.08726065024533,1800.8726065024532,6.018312700753453,1729843151.1896133
180.17525379332363,1801.7525379332365,5.999518847341634,1729843151.1996725
180.26297125594726,1802.6297125594726,5.980722495422825,1729843151.2096808
180.3504130080706,1803.504130080706,5.961924094945747,1729843151.2196715
180.43757902623594,1804.3757902623593,5.943124095081285,1729843151.2296019
180.52446929356145,1805.2446929356145,5.924322944186784,1729843151.2396455
180.6110837997288,1806.110837997288,5.905521089770606,1729843151.2496083
180.6974225409701,1806.9742254097011,5.886718978456898,1729843151.2596087
180.78348552005463,1807.8348552005464,5.867917055950579,1729843151.269607
180.86927274627453,1808.6927274627453,5.849115767002573,1729843151.279615
180.95478423543057,1809.5478423543057,5.830315555375296,1729843151.289609
181.04002000981697,1810.4002000981698,5.8115168638083645,1729843151.2996168
181.1249800982061,1811.249800982061,5.792720133984568,1729843151.3097646
181.20966453583222,1812.0966453583221,5.773925806496074,1729843151.3196273
181.29407336437527,1812.9407336437525,5.755134320810944,1729843151.3296194
181.37820663194364,1813.7820663194364,5.736346115239839,1729843151.3397279
181.46206439305695,1814.6206439305695,5.7175616269030725,1729843151.3495922
181.54564670862788,1815.4564670862787,5.698781291697856,1729843151.3596268
181.62895364594397,1816.2895364594397,5.680005544265896,1729843151.3696294
181.71198527864857,1817.1198527864858,5.66123481796121,1729843151.3797414
181.79474168672155,1817.9474168672155,5.642469544818261,1729843151.3896554
181.87722295645952,1818.7722295645951,5.623710155520387,1729843151.3996515
181.9594291804555,1819.5942918045548,5.604957079368482,1729843151.4096665
182.04136045757818,1820.4136045757818,5.586210744250018,1729843151.419627
182.12301689295083,1821.2301689295082,5.567471576608341,1729843151.4295762
182.20439859792955,1822.0439859792955,5.548740001412282,1729843151.4404159
182.2855056900813,1822.855056900813,5.53001644212607,1729843151.4496722
182.3663382931613,1823.6633829316131,5.511301320679554,1729843151.4599695
182.44689653709025,1824.4689653709024,5.492595057438745,1729843151.4696093
182.5271805579308,1825.271805579308,5.473898071176665,1729843151.4799795
182.6071904978638,1826.071904978638,5.4552107790445294,1729843151.4896376
182.68692650516422,1826.8692650516423,5.436533596543253,1729843151.49963
182.7663887341764,1827.663887341764,5.4178669374952495,1729843151.5097318
182.845577345289,1828.45577345289,5.399211214016621,1729843151.5196302
182.92449250490975,1829.2449250490974,5.380566836489624,1729843151.5295792
183.0031343854394,1830.031343854394,5.361934213535494,1729843151.539753
183.0815031652457,1830.815031652457,5.343313751987617,1729843151.5496483
183.15959902863656,1831.5959902863656,5.324705856865019,1729843151.5596447
183.23742216583335,1832.3742216583335,5.3061109313462165,1729843151.5696123
183.31497277294324,1833.1497277294325,5.287529376743393,1729843151.5797093
183.39225105193162,1833.9225105193163,5.268961592476962,1729843151.5896397
183.46925721059395,1834.6925721059395,5.25040797605042,1729843151.5996587
183.5459914625273,1835.459914625273,5.231868923025613,1729843151.6098409
183.62245402710144,1836.2245402710143,5.2133448269983,1729843151.6196127
183.69864512942974,1836.9864512942972,5.194836079574129,1729843151.629595
183.77456500033955,1837.7456500033954,5.1763430703449265,1729843151.6396933
183.85021387634245,1838.5021387634245,5.157866186865367,1729843151.649706
183.92559199960388,1839.2559199960388,5.139405814629987,1729843151.6596136
184.0006996179127,1840.0069961791269,5.120962337050594,1729843151.6696115
184.07553698465026,1840.7553698465026,5.10253613543401,1729843151.6797037
184.15010435875925,1841.5010435875924,5.084127588960182,1729843151.689615
184.22440200471218,1842.2440200471217,5.065737074660682,1729843151.6996262
184.29843019247951,1842.984301924795,5.047364967397552,1729843151.7099063
184.3721891974976,1843.721891974976,5.029011639842531,1729843151.7196646
184.44567930063621,1844.4567930063622,5.010677462456655,1729843151.7296228
184.51890078816587,1845.1890078816587,4.992362803470204,1729843151.7396934
184.5918539517248,1845.918539517248,4.97406802886307,1729843151.7496696
184.66453908828566,1846.6453908828566,4.955793502345433,1729843151.7596784
184.73695650012195,1847.3695650012196,4.937539585338873,1729843151.7696269
184.80910649477423,1848.0910649477423,4.919306636957831,1729843151.779805
184.88098938501594,1848.8098938501594,4.901095013991415,1729843151.7896907
184.9526054888191,1849.526054888191,4.882905070885648,1729843151.799662
185.02395512931966,1850.2395512931967,4.864737159726028,1729843151.8096995
185.0950386347826,1850.9503863478262,4.846591630220507,1729843151.8196418
185.16585633856693,1851.6585633856694,4.828468829682825,1729843151.829592
185.23640857909012,1852.3640857909013,4.810369103016221,1729843151.8399255
185.30669569979278,1853.0669569979277,4.792292792697544,1729843151.84966
185.37671804910264,1853.7671804910265,4.774240238761699,1729843151.8596613
185.44647598039856,1854.4647598039855,4.756211778786519,1729843151.8696325
185.51596985197438,1855.1596985197439,4.738207747877977,1729843151.879976
185.5852000270023,1855.852000270023,4.720228478655778,1729843151.8896368
185.65416687349628,1856.5416687349627,4.702274301239356,1729843151.8996725
185.72287076427523,1857.2287076427524,4.684345543234214,1729843151.909662
185.79131207692586,1857.9131207692585,4.666442529718645,1729843151.9196317
185.85949119376542,1858.5949119376542,4.64856558323084,1729843151.929644
185.92740850180434,1859.2740850180435,4.6307150237563794,1729843151.939992
185.99506439270854,1859.9506439270854,4.61289116871605,1729843151.9496539
186.06245926276168,1860.6245926276167,4.595094332954089,1729843151.959614
186.12959351282717,1861.2959351282716,4.577324828726777,1729843151.969665
186.19646754831007,1861.9646754831006,4.559582965691394,1729843151.9796538
186.26308177911883,1862.6308177911883,4.541869050895567,1729843151.989687
186.32943661962688,1863.2943661962688,4.524183388766952,1729843151.999629
186.39553248863393,1863.9553248863394,4.5065262811033175,1729843152.0099182
186.46136980932746,1864.6136980932747,4.4888980270629935,1729843152.0196912
186.5269490092437,1865.269490092437,4.471298923155645,1729843152.029638
186.59227052022877,1865.9227052022877,4.45372926323347,1729843152.039756
186.6573347783995,1866.573347783995,4.436189338482702,1729843152.049663
186.72214222410423,1867.2214222410423,4.418679437415509,1729843152.0596132
186.78669330188353,1867.8669330188354,4.401199845862266,1729843152.069625
186.8509884604307,1868.509884604307,4.383750846964121,1729843152.0799098
186.91502815255222,1869.1502815255221,4.366332721165991,1729843152.089626
186.97881283512817,1869.7881283512816,4.348945746209873,1729843152.0996203
187.0423429690724,1870.4234296907239,4.331590197128516,1729843152.1098137
187.1056190192928,1871.056190192928,4.314266346239444,1729843152.1196887
187.16864145465132,1871.6864145465133,4.296974463139328,1729843152.1295695
187.23141074792406,1872.3141074792406,4.279714814698712,1729843152.1396627
187.29392737576114,1872.9392737576113,4.262487665057079,1729843152.1496353
187.35619181864666,1873.5619181864668,4.245293275618251,1729843152.1594737
187.4182045608584,1874.182045608584,4.228131905046143,1729843152.1696074
187.4799660904277,1874.799660904277,4.211003809260876,1729843152.1795917
187.54147689909905,1875.4147689909905,4.193909241435179,1729843152.1896172
187.60273748228988,1876.0273748228988,4.176848451991159,1729843152.1995955
187.66374833905004,1876.6374833905004,4.159821688597398,1729843152.2102787
187.72450997202145,1877.2450997202145,4.142829196166389,1729843152.2196524
187.78502288739764,1877.8502288739764,4.125871216852285,1729843152.2296326
187.8452875948833,1878.452875948833,4.108947990048969,1729843152.239706
187.90530460765365,1879.0530460765365,4.092059752388461,1729843152.2495692
187.96507444231406,1879.6507444231406,4.075206737739669,1729843152.2596736
188.02459761885942,1880.245976188594,4.058389177207388,1729843152.269596
188.0838746606336,1880.838746606336,4.041607299131701,1729843152.2796865
188.14290609428892,1881.4290609428892,4.024861329087624,1729843152.2897012
188.20169244974562,1882.0169244974563,4.008151489885103,1729843152.299681
188.26023426015124,1882.6023426015124,3.991478001569285,1729843152.309713
188.3185320618401,1883.185320618401,3.974841081421145,1729843152.319678
188.37658639429284,1883.7658639429285,3.9582409439583577,1729843152.3296292
188.43439780009584,1884.3439780009585,3.9416778009365023,1729843152.3396766
188.49196682490071,1884.9196682490071,3.9251518613505585,1729843152.3496578
188.5492940173839,1885.4929401738389,3.9086633314367,1729843152.359573
188.60637992920618,1886.063799292062,3.892212414674379,1729843152.36961
188.6632251149724,1886.632251149724,3.8757993117886675,1729843152.3800914
188.7198301321909,1887.1983013219092,3.859424220752942,1729843152.3896754
188.77619554123342,1887.7619554123341,3.8430873367918004,1729843152.3996682
188.8323219052947,1888.323219052947,3.8267888523842926,1729843152.4099686
188.88820979035225,1888.8820979035224,3.810528957267387,1729843152.419657
188.9438597651263,1889.4385976512629,3.794307838439769,1729843152.4296355
188.99927240103958,1889.9927240103957,3.7781256801658545,1729843152.4397523
189.05444827217738,1890.5444827217739,3.7619826639800946,1729843152.449611
189.10938795524748,1891.0938795524748,3.7458789686915424,1729843152.4596415
189.16409202954034,1891.6409202954035,3.7298147703886997,1729843152.4696555
189.21856107688922,1892.1856107688923,3.7137902424445706,1729843152.4797726
189.27279568163038,1892.727956816304,3.6978055555220264,1729843152.4896295
189.32679643056358,1893.2679643056358,3.6818608775793997,1729843152.499602
189.3805639129123,1893.805639129123,3.6659563738763055,1729843152.50984
189.4340987202844,1894.340987202844,3.650092206979746,1729843152.5196302
189.48740144663265,1894.8740144663266,3.634268536770427,1729843152.529622
189.54047268821543,1895.4047268821544,3.6184855204493287,1729843152.5398781
189.59331304355752,1895.933130435575,3.602743312544513,1729843152.5496066
189.64592311341104,1896.4592311341105,3.587042064918169,1729843152.5596032
189.69830350071646,1896.9830350071647,3.5713819267738396,1729843152.5696297
189.75045481056364,1897.5045481056363,3.5557630446639443,1729843152.5799816
189.80237765015312,1898.0237765015313,3.5401855624974914,1729843152.589631
189.85407262875748,1898.5407262875747,3.5246496215479963,1729843152.5996194
189.90554035768275,1899.0554035768275,3.509155360461632,1729843152.6101747
189.95678145023007,1899.5678145023007,3.4937029152656,1729843152.619678
190.00779652165733,1900.0779652165734,3.478292419376685,1729843152.6296275
190.05858618914107,1900.5858618914108,3.462924003610044,1729843152.6396782
190.1091510717384,1901.0915107173842,3.4475977961881767,1729843152.6495998
190.15949179034922,1901.5949179034922,3.4323139227501134,1729843152.6596649
190.20960896767826,1902.0960896767826,3.4170725063607748,1729843152.6696424
190.2595032281977,1902.595032281977,3.401873667520567,1729843152.6807442
190.30917519810953,1903.0917519810953,3.386717524175105,1729843152.689606
190.3586255053083,1903.586255053083,3.3716041917251847,1729843152.6996787
190.40785477934398,1904.0785477934398,3.35653378303689,1729843152.709851
190.45686365138482,1904.568636513848,3.341506408451912,1729843152.7196658
190.5056527541806,1905.056527541806,3.3265221757980195,1729843152.7296185
190.55422272202583,1905.5422272202582,3.3115811903997283,1729843152.7400708
190.60257419072326,1906.0257419072327,3.296683555089121,1729843152.7496195
190.65070779754743,1906.5070779754742,3.2818293702168297,1729843152.759649
190.69862418120843,1906.9862418120842,3.2670187336632113,1729843152.7696629
190.74632398181595,1907.4632398181595,3.2522517408496565,1729843152.7797196
190.79380784084324,1907.9380784084324,3.237528484750042,1729843152.7896738
190.84107640109144,1908.4107640109144,3.222849055902378,1729843152.7996142
190.88813030665406,1908.8813030665406,3.2082135424205935,1729843152.8096514
190.93497020288154,1909.3497020288155,3.193622030006427,1729843152.8196359
190.98159673634612,1909.8159673634611,3.179074601961524,1729843152.8296173
191.02801055480677,1910.2801055480677,3.164571339199621,1729843152.8402271
191.07421230717432,1910.7421230717432,3.150112320258895,1729843152.8496299
191.12020264347686,1911.2020264347686,3.1356976213144696,1729843152.8596647
191.16598221482525,1911.6598221482525,3.1213273161909942,1729843152.8696156
191.2115516733788,1912.1155167337881,3.1070014763753857,1729843152.8796651
191.25691167231125,1912.5691167231125,3.0927201710297068,1729843152.889595
191.30206286577675,1913.0206286577675,3.078483467004136,1729843152.8996394
191.34700590887627,1913.4700590887628,3.064291428850076,1729843152.9098685
191.39174145762397,1913.9174145762397,3.050144118833364,1729843152.919645
191.43627016891392,1914.3627016891392,3.0360415969476184,1729843152.9296725
191.480592700487,1914.80592700487,3.0219839209276653,1729843152.939728
191.5247097108979,1915.247097108979,3.007971146263091,1729843152.949656
191.56862185948245,1915.6862185948244,2.994003326211879,1729843152.9596572
191.61232980632508,1916.1232980632508,2.9800805118141804,1729843152.9696844
191.65583421222647,1916.5583421222645,2.9662027519061365,1729843152.9797142
191.69913573867143,1916.9913573867143,2.9523700931338333,1729843152.9897227
191.74223504779704,1917.4223504779704,2.9385825799673375,1729843152.9996326
191.78513280236086,1917.8513280236086,2.924840254714794,1729843153.0099297
191.82782966570952,1918.278296657095,2.911143157536655,1729843153.0196679
191.8703263017473,1918.703263017473,2.897491326459953,1729843153.0304966
191.91262337490522,1919.1262337490523,2.883884797392681,1729843153.0398848
191.95472155011004,1919.5472155011003,2.8703236041382114,1729843153.049594
191.99662149275363,1919.9662149275364,2.856807778409846,1729843153.0596871
192.03832386866262,1920.383238686626,2.8433373498453802,1729843153.0696075
192.079829344068,1920.79829344068,2.8299123460217643,1729843153.0796957
192.12113858557532,1921.2113858557532,2.8165327924698422,1729843153.0896518
192.16225226013472,1921.622522601347,2.8031987126891043,1729843153.0995984
192.20317103501145,1922.0317103501145,2.7899101281625667,1729843153.1096647
192.24389557775646,1922.4389557775646,2.776667058371653,1729843153.119655
192.28442655617735,1922.8442655617735,2.7634695208111637,1729843153.129674
192.32476463830932,1923.247646383093,2.7503175310042627,1729843153.1401138
192.3649104923866,1923.649104923866,2.7372111025175743,1729843153.1495903
192.40486478681393,1924.0486478681394,2.7241502469762437,1729843153.159483
192.44462819013825,1924.4462819013825,2.71113497407911,1729843153.1696668
192.48420137102076,1924.8420137102075,2.6981652916139147,1729843153.1796947
192.52358499820906,1925.2358499820907,2.685241205472493,1729843153.189611
192.5627797405096,1925.6277974050959,2.6723627196660678,1729843153.1996367
192.60178626676026,1926.0178626676025,2.659529836340538,1729843153.20979
192.6406052458033,1926.406052458033,2.646742555791829,1729843153.2196035
192.6792373464584,1926.792373464584,2.6340008764812266,1729843153.2296443
192.71768323749598,1927.1768323749598,2.6213047950507935,1729843153.239683
192.75594358761074,1927.5594358761075,2.6086543063387584,1729843153.2496762
192.79401906539553,1927.9401906539554,2.5960494033949812,1729843153.2596827
192.83191033931516,1928.3191033931516,2.583490077496365,1729843153.269641
192.86961807768074,1928.6961807768075,2.5709763181623764,1729843153.2796743
192.90714294862417,1929.0714294862416,2.558508113170511,1729843153.289661
192.94448562007273,1929.4448562007274,2.546085448571784,1729843153.2996433
192.98164675972401,1929.8164675972403,2.533708308706263,1729843153.309917
193.0186270350211,1930.186270350211,2.5213766762185807,1729843153.3196268
193.05542711312785,1930.5542711312785,2.509090532073457,1729843153.3295834
193.09204766090454,1930.9204766090454,2.4968498555712424,1729843153.3397005
193.1284893448837,1931.284893448837,2.484654624363449,1729843153.3495877
193.16475283124606,1931.6475283124605,2.4725048144682695,1729843153.3596597
193.20083878579695,1932.0083878579694,2.4604004002861393,1729843153.369625
193.23674787394268,1932.3674787394268,2.448341354615245,1729843153.3796997
193.27248076066738,1932.7248076066737,2.4363276486670573,1729843153.3896813
193.3080381105099,1933.080381105099,2.42435925208183,1729843153.3996696
193.34342058754095,1933.4342058754096,2.4124361329441184,1729843153.4097393
193.3786288553406,1933.786288553406,2.400558257798287,1729843153.4196568
193.41366357697586,1934.1366357697586,2.388725591663963,1729843153.429605
193.44852541497855,1934.4852541497855,2.3769380980515162,1729843153.4404151
193.4832150313234,1934.832150313234,2.3651957389775182,1729843153.4496355
193.51773308740638,1935.177330874064,2.3534984749801477,1729843153.459635
193.55208024402324,1935.5208024402325,2.341846265134608,1729843153.4696014
193.58625716134821,1935.862571613482,2.3302390670685256,1729843153.479626
193.62026449891312,1936.2026449891312,2.318676836977308,1729843153.4896424
193.6541029155865,1936.5410291558649,2.307159529639466,1729843153.499609
193.68777306955306,1936.8777306955305,2.2956870984319364,1729843153.50964
193.72127561829345,1937.2127561829345,2.2842594953453697,1729843153.5195796
193.75461121856398,1937.5461121856397,2.272876670999346,1729843153.5295703
193.7877805263769,1937.877805263769,2.2615385746576377,1729843153.539733
193.82078419698064,1938.2078419698064,2.2502451542433457,1729843153.54961
193.85362288484038,1938.5362288484039,2.238996356354087,1729843153.5596523
193.88629724361886,1938.8629724361886,2.2277921262770795,1729843153.5695965
193.91880792615734,1939.1880792615734,2.2166324080042275,1729843153.5796883
193.95115558445687,1939.5115558445686,2.2055171442471524,1729843153.5896192
193.9833408696597,1939.8334086965972,2.194446276452191,1729843153.5996342
194.015364432031,1940.15364432031,2.1834197448153185,1729843153.609963
194.0472269209406,1940.472269209406,2.172437488297093,1729843153.6196058
194.07892898484528,1940.7892898484529,2.16149944463747,1729843153.6296036
194.1104712712709,1941.104712712709,2.1506055503706625,1729843153.6403081
194.14185442679508,1941.418544267951,2.139755740839875,1729843153.6496332
194.17307909702984,1941.7307909702984,2.12894995021204,1729843153.6596477
194.20414592660467,1942.0414592660468,2.1181881114924606,1729843153.6696093
194.23505555914957,1942.3505555914958,2.1074701565394376,1729843153.6797214
194.26580863727858,1942.6580863727859,2.0967960160788506,1729843153.6896787
194.2964058025733,1942.964058025733,2.0861656197186287,1729843153.6996725
194.32684769556673,1943.2684769556672,2.07557889596323,1729843153.709914
194.35713495572728,1943.5713495572727,2.0650357722280352,1729843153.719622
194.387268221443,1943.8726822144301,2.0545361748536797,1729843153.7296376
194.4172481300061,1944.172481300061,2.044080029120349,1729843153.7397308
194.44707531759752,1944.4707531759752,2.033667259261988,1729843153.7496135
194.47675041927184,1944.7675041927184,2.0232977884804546,1729843153.7596688
194.5062740689423,1945.062740689423,2.012971538959648,1729843153.7696624
194.53564689936616,1945.3564689936616,2.0026884318795277,1729843153.7796512
194.56486954213008,1945.6486954213008,1.9924483874300938,1729843153.789646
194.5939426276359,1945.939426276359,1.982251324825298,1729843153.7996237
194.62286678508644,1946.2286678508644,1.972097162316893,1729843153.8097954
194.6516426424717,1946.5164264247169,1.961985817208208,1729843153.8196127
194.680270826555,1946.8027082655499,1.9519172058678622,1729843153.8295882
194.7087519628596,1947.087519628596,1.94189124374343,1729843153.8397305
194.73708667565535,1947.3708667565534,1.9319078453749805,1729843153.8495762
194.76527558794558,1947.6527558794558,1.9219669244086282,1729843153.8596697
194.79331932145413,1947.9331932145415,1.9120683936099452,1729843153.8696585
194.82121849661274,1948.2121849661276,1.9022121648773522,1729843153.8796759
194.84897373254842,1948.4897373254842,1.8923981492553876,1729843153.889766
194.87658564707118,1948.7658564707117,1.8826262569479644,1729843153.8999012
194.90405485666193,1949.0405485666192,1.8728963973314956,1729843153.9108708
194.93138197646041,1949.3138197646042,1.8632084789679846,1729843153.9196663
194.95856762025355,1949.5856762025355,1.8535624096180472,1729843153.9297073
194.98561240046388,1949.8561240046388,1.8439580962538296,1729843153.9397545
195.01251692813813,1950.1251692813812,1.8343954450718405,1729843153.949955
195.03928181293603,1950.3928181293602,1.8248743615057839,1729843153.9596658
195.06590766311936,1950.6590766311936,1.8153947502392223,1729843153.9696524
195.0923950855411,1950.923950855411,1.8059565152182229,1729843153.979649
195.11874468563482,1951.1874468563483,1.7965595596639021,1729843153.9896479
195.1449570674042,1951.449570674042,1.787203786084901,1729843153.9997473
195.17103283341274,1951.7103283341273,1.7778890962897735,1729843154.0097258
195.19697258477376,1951.9697258477377,1.7686153913993214,1729843154.0201836
195.22277692114045,1952.2277692114044,1.7593825718588105,1729843154.0296597
195.24844644069606,1952.4844644069606,1.7501905374501332,1729843154.0396566
195.27398174014448,1952.7398174014447,1.7410391873039126,1729843154.0496507
195.2993834147008,1952.9938341470079,1.7319284199114522,1729843154.0596309
195.32465205808208,1953.2465205808207,1.7228581331366941,1729843154.0696876
195.34978826249838,1953.4978826249837,1.713828224228041,1729843154.0798473
195.37479261864385,1953.7479261864385,1.7048385898301097,1729843154.089604
195.3996657156881,1953.996657156881,1.6958891259954116,1729843154.099583
195.4244081412676,1954.244081412676,1.6869797281959427,1729843154.1096725
195.44902048147753,1954.4902048147753,1.6781102913346801,1729843154.1196861
195.47350332086333,1954.7350332086332,1.6692807097570208,1729843154.12962
195.49785724241286,1954.9785724241287,1.660490877262137,1729843154.139653
195.52208282754856,1955.2208282754855,1.6517406871142262,1729843154.1495922
195.54618065611967,1955.4618065611967,1.6430300320536846,1729843154.1595578
195.57015130639482,1955.7015130639481,1.6343588043082162,1729843154.1696663
195.59399535505457,1955.9399535505459,1.6257268956038375,1729843154.1796012
195.6177133771843,1956.1771337718428,1.6171341971758126,1729843154.1896443
195.64130594626707,1956.4130594626706,1.6085805997794962,1729843154.1995971
195.6647736341769,1956.647736341769,1.600065993701091,1729843154.2096746
195.68811701117184,1956.8811701117183,1.5915902687683223,1729843154.2196825
195.71133664588757,1957.1133664588756,1.5831533143610583,1729843154.2297096
195.73443310533094,1957.3443310533094,1.574755019421791,1729843154.239605
195.7574069548736,1957.5740695487361,1.566395272466056,1729843154.2495916
195.7802587582461,1957.802587582461,1.5580739615928172,1729843154.259625
195.80298907753172,1958.0298907753172,1.5497909744946634,1729843154.2696335
195.8255984731608,1958.255984731608,1.5415461984680485,1729843154.27984
195.848087503905,1958.4808750390498,1.5333395204233105,1729843154.2896624
195.87045672687182,1958.7045672687182,1.5251708268947342,1729843154.2996063
195.89270669749922,1958.9270669749922,1.51704000405043,1729843154.309688
195.9148379695504,1959.148379695504,1.5089469377022047,1729843154.31993
195.93685109510875,1959.3685109510875,1.5008915133152785,1729843154.3296251
195.9587466245728,1959.587466245728,1.4928736160179588,1729843154.3396237
195.98052510665153,1959.8052510665152,1.484893130611252,1729843154.3496313
196.00218708835968,1960.0218708835969,1.4769499415783303,1729843154.3596344
196.0237331150132,1960.237331150132,1.469043933093947,1729843154.3696835
196.04516373022486,1960.4516373022486,1.4611749890337977,1729843154.3796585
196.06647947590005,1960.6647947590004,1.4533429929837274,1729843154.389687
196.08768089223264,1960.8768089223263,1.445547828248924,1729843154.3996403
196.10876851770095,1961.0876851770095,1.4377893778629725,1729843154.4097335
196.12974288906395,1961.2974288906394,1.4300675245968746,1729843154.419888
196.15060454135755,1961.5060454135755,1.4223821509679508,1729843154.4295528
196.17135400789098,1961.7135400789098,1.4147331392486473,1729843154.439634
196.1919918202433,1961.9199182024329,1.4071203714753215,1729843154.4496539
196.2125185082601,1962.125185082601,1.3995437294568882,1729843154.4596472
196.23293460005036,1962.3293460005036,1.3920030947833846,1729843154.4695635
196.2532406219832,1962.532406219832,1.3844983488344793,1729843154.4801662
196.27343709868506,1962.7343709868505,1.3770293727879013,1729843154.4896884
196.2935245530368,1962.935245530368,1.369596047627744,1729843154.4995904
196.31350350617097,1963.1350350617097,1.3621982541527489,1729843154.5097737
196.33337447746928,1963.3337447746928,1.3548358729844532,1729843154.5196464
196.35313798456002,1963.5313798456002,1.3475087845752745,1729843154.5295677
196.37279454331576,1963.7279454331576,1.3402168692165324,1729843154.5399852
196.39234466785112,1963.9234466785113,1.332960007046375,1729843154.5496614
196.41178887052058,1964.1178887052058,1.3257380780576051,1729843154.5595944
196.4311276619165,1964.3112766191648,1.3185509621054594,1729843154.5696263
196.4503615508672,1964.503615508672,1.311398538915296,1729843154.5797036
196.46949104443522,1964.6949104443522,1.3042806880901727,1729843154.5897026
196.48851664791553,1964.8851664791553,1.2971972891184036,1729843154.5996165
196.50743886483406,1965.0743886483406,1.2901482213809876,1729843154.6096764
196.52625819694617,1965.2625819694617,1.2831333641589717,1729843154.6196313
196.54497514423534,1965.4497514423533,1.2761525966407392,1729843154.6295927
196.56359020491183,1965.6359020491184,1.2692057979292288,1729843154.6396878
196.58210387541166,1965.8210387541167,1.2622928470490615,1729843154.6496618
196.60051665039543,1966.0051665039543,1.2554136229535713,1729843154.6596062
196.6188290227475,1966.188290227475,1.24856800453182,1729843154.6696599
196.63704148357505,1966.3704148357506,1.2417558706154503,1729843154.6798406
196.6551545222074,1966.5515452220739,1.2349770999855307,1729843154.6898532
196.67316862619535,1966.7316862619534,1.2282315713793066,1729843154.6996627
196.6910842813106,1966.910842813106,1.2215191634968443,1729843154.7096918
196.70890197154537,1967.0890197154538,1.2148397550076515,1729843154.7198412
196.72662217911198,1967.2662217911197,1.2081932245571556,1729843154.7295413
196.74424538444265,1967.4424538444264,1.2015794507731945,1729843154.7399118
196.76177206618925,1967.6177206618925,1.1949983122723298,1729843154.749678
196.77920270122334,1967.7920270122333,1.1884496876661883,1729843154.759666
196.79653776463613,1967.9653776463613,1.1819334555676386,1729843154.769721
196.81377772973855,1968.1377772973856,1.1754494945969531,1729843154.779678
196.83092306806148,1968.3092306806147,1.1689976833878886,1729843154.7896078
196.84797424935613,1968.4797424935614,1.1625779005936794,1729843154.7995675
196.86493174159423,1968.6493174159423,1.1561900248929282,1729843154.8097196
196.88179601096863,1968.8179601096863,1.1498339349955158,1729843154.8197222
196.8985675218938,1968.985675218938,1.1435095096483545,1729843154.8296127
196.9152467370064,1969.1524673700642,1.13721662764108,1729843154.839748
196.93183411716615,1969.3183411716614,1.1309551678117318,1729843154.8496268
196.94833012145642,1969.483301214564,1.1247250090522831,1729843154.8596187
196.96473520718524,1969.6473520718523,1.1185260303141584,1729843154.869646
196.9810498298862,1969.8104982988618,1.1123581106136688,1729843154.879755
196.99727444331944,1969.9727444331943,1.106221129037361,1729843154.8896227
197.0134094994729,1970.1340949947291,1.1001149647473083,1729843154.8996308
197.02945544856337,1970.2945544856336,1.094039496986329,1729843154.9099183
197.04541273903774,1970.4541273903774,1.0879946050831562,1729843154.9196823
197.06128181757447,1970.6128181757447,1.081980168457508,1729843154.929592
197.07706312908485,1970.7706312908485,1.0759960666251116,1729843154.9403348
197.09275711671455,1970.9275711671455,1.0700421792026615,1729843154.9496286
197.10836422184522,1971.0836422184523,1.0641183859127077,1729843154.9596653
197.12388488409601,1971.2388488409601,1.0582245665884527,1729843154.9696321
197.1393195413253,1971.3931954132531,1.0523606011785356,1729843154.9797442
197.15466862963254,1971.5466862963253,1.0465263697517218,1729843154.9896214
197.16993258335995,1971.6993258335995,1.0407217525014891,1729843154.999686
197.18511183509452,1971.8511183509452,1.0349466297506345,1729843155.0098069
197.2002068156699,1972.002068156699,1.0292008819557497,1729843155.0197048
197.21521795416848,1972.1521795416847,1.023484389711661,1729843155.0295608
197.23014567792347,1972.3014567792347,1.0177970337558042,1729843155.0397696
197.24499041252102,1972.4499041252102,1.012138694972509,1729843155.0496483
197.2597525818025,1972.5975258180251,1.006509254397291,1729843155.0596452
197.2744326078667,1972.7443260786667,1.0009085932209798,1729843155.0696335
197.28903091107222,1972.8903091107222,0.9953365927939163,1729843155.0796573
197.3035479100399,1973.035479100399,0.9897931346299301,1729843155.0896623
197.31798402165518,1973.1798402165518,0.9842781004104185,1729843155.0996563
197.3323396610707,1973.323396610707,0.9787913719882538,1729843155.1096742
197.3466152417089,1973.4661524170888,0.9733328313916686,1729843155.1196637
197.36081117526444,1973.6081117526444,0.9679023608280765,1729843155.1296175
197.3749278717072,1973.749278717072,0.9624998426878771,1729843155.1400573
197.38896573928474,1973.8896573928473,0.9571251595481193,1729843155.1496832
197.40292518452526,1974.0292518452525,0.9517781941761828,1729843155.1594925
197.41680661224038,1974.1680661224038,0.9464588295333566,1729843155.1696367
197.43061042552802,1974.3061042552802,0.9411669487783768,1729843155.1796534
197.4443370257754,1974.4433702577542,0.935902435270939,1729843155.1896064
197.45798681266203,1974.5798681266203,0.9306651725750729,1729843155.1995683
197.47156018416266,1974.7156018416265,0.9254550444625621,1729843155.2096748
197.4850575365505,1974.850575365505,0.9202719349162428,1729843155.2196352
197.49847926440032,1974.9847926440032,0.9151157281332579,1729843155.2295556
197.51182576059162,1975.1182576059161,0.9099863085282759,1729843155.2398329
197.52509741631187,1975.2509741631186,0.9048835607366349,1729843155.2495544
197.53829462105983,1975.3829462105982,0.8998073696174745,1729843155.259632
197.55141776264884,1975.5141776264884,0.8947576202567343,1729843155.269648
197.5644672272102,1975.644672272102,0.8897341979702055,1729843155.2797143
197.5774433991966,1975.774433991966,0.8847369883064299,1729843155.2896125
197.59034666138552,1975.9034666138552,0.8797658770496258,1729843155.2996259
197.6031773948828,1976.031773948828,0.8748207502225284,1729843155.309847
197.61593597912616,1976.1593597912615,0.8699014940891817,1729843155.3196716
197.62862279188874,1976.2862279188876,0.8650079951576554,1729843155.329616
197.64123820928276,1976.4123820928276,0.8601401401827832,1729843155.3400261
197.65378260576315,1976.5378260576315,0.85529781616878,1729843155.3496187
197.6662563541313,1976.662563541313,0.8504809103718475,1729843155.3596613
197.67865982553872,1976.7865982553872,0.8456893103027144,1729843155.3696284
197.69099338949084,1976.9099338949084,0.8409229037291396,1729843155.3796523
197.70325741385085,1977.0325741385086,0.8361815786783896,1729843155.3895996
197.71545226484346,1977.1545226484345,0.831465223439607,1729843155.3996136
197.7275783070589,1977.2757830705891,0.8267737265662084,1729843155.4096773
197.73963590345667,1977.3963590345668,0.8221069768781543,1729843155.419685
197.75162541536963,1977.5162541536963,0.8174648634642764,1729843155.4296224
197.7635472025079,1977.635472025079,0.8128472756844448,1729843155.4399333
197.7754016229629,1977.754016229629,0.8082541031717795,1729843155.449674
197.78718903321132,1977.8718903321133,0.8036852358347782,1729843155.4596682
197.7989097881193,1977.989097881193,0.7991405638594166,1729843155.4696248
197.81056424094638,1978.1056424094638,0.7946199777111725,1729843155.4797506
197.82215274334985,1978.2215274334985,0.790123368137068,1729843155.489647
197.83367564538867,1978.3367564538867,0.7856506261675832,1729843155.4996097
197.8451332955278,1978.451332955278,0.7812016431186254,1729843155.509635
197.8565260406424,1978.565260406424,0.7767763105933777,1729843155.5196443
197.867854226022,1978.67854226022,0.7723745204841431,1729843155.5295696
197.87911819537482,1978.791181953748,0.7679961649741457,1729843155.5396826
197.89031829083208,1978.9031829083208,0.7636411365392909,1729843155.5496285
197.90145485295233,1979.0145485295234,0.7593093279498638,1729843155.5596151
197.91252822072568,1979.1252822072568,0.7550006322722097,1729843155.5696244
197.92353873157828,1979.2353873157826,0.7507149428703929,1729843155.5796669
197.93448672137666,1979.3448672137665,0.7464521534077725,1729843155.5896533
197.94537252443217,1979.4537252443217,0.7422121578485746,1729843155.5996077
197.9561964735054,1979.561964735054,0.7379948504594039,1729843155.609675
197.96695889981063,1979.6695889981063,0.7338001258107322,1729843155.6196184
197.97766013302032,1979.7766013302032,0.7296278787783496,1729843155.6295786
197.98830050126958,1979.8830050126958,0.7254780045447698,1729843155.6396937
197.99888033116073,1979.9888033116074,0.7213503986006141,1729843155.6496174
198.00939994776783,1980.0939994776784,0.717244956745927,1729843155.65966
198.01985967464122,1980.1985967464122,0.713161575091502,1729843155.669682
198.03025983381212,1980.3025983381212,0.7091001500601247,1729843155.679618
198.04060074579718,1980.4060074579718,0.7050605783878271,1729843155.6896176
198.0508827296031,1980.508827296031,0.7010427571250776,1729843155.6995993
198.06110610273134,1980.6110610273136,0.6970465836379428,1729843155.7096612
198.07127118118268,1980.712711811827,0.6930719556092068,1729843155.719669
198.0813782794619,1980.8137827946189,0.6891187710394774,1729843155.729599
198.09142771058242,1980.914277105824,0.6851869282482524,1729843155.7399802
198.10141978607112,1981.0141978607112,0.681276325874948,1729843155.749632
198.11135481597293,1981.1135481597294,0.6773868628798879,1729843155.7596898
198.12123310885553,1981.2123310885554,0.6735184385452629,1729843155.7696517
198.13105497181422,1981.3105497181423,0.6696709524761079,1729843155.7797692
198.1408207104765,1981.408207104765,0.6658443046011452,1729843155.7896206
198.150530629007,1981.50530629007,0.6620383951737142,1729843155.7996774
198.1601850301121,1981.601850301121,0.6582531247725579,1729843155.8096373
198.1697842150448,1981.6978421504482,0.6544883943026757,1729843155.8196213
198.17932848360957,1981.7932848360956,0.6507441049961048,1729843155.82957
198.18881813416695,1981.8881813416695,0.647020158412631,1729843155.8397453
198.19825346363862,1981.9825346363862,0.6433164564405757,1729843155.8496625
198.20763476751208,1982.0763476751208,0.6396329012974312,1729843155.859661
198.2169623398455,1982.169623398455,0.6359693955305651,1729843155.8696816
198.22623647327262,1982.2623647327262,0.632325842017834,1729843155.8797636
198.23545745900756,1982.3545745900756,0.6287021439682291,1729843155.889691
198.2446255868497,1982.446255868497,0.6250982049224084,1729843155.8996475
198.25374114518854,1982.5374114518854,0.621513928753303,1729843155.9096696
198.26280442100864,1982.6280442100865,0.6179492196666284,1729843155.9199913
198.2718156998944,1982.718156998944,0.6144039822013553,1729843155.929605
198.28077526603505,1982.8077526603506,0.610878121230246,1729843155.940238
198.2896834022295,1982.896834022295,0.6073715419602702,1729843155.949619
198.29854038989134,1982.9854038989133,0.6038841499330277,1729843155.9596531
198.3073465090536,1983.0734650905358,0.600415851025157,1729843155.969659
198.3161020383737,1983.1610203837372,0.5969665514487225,1729843155.9796934
198.3248072551386,1983.248072551386,0.5935361577515589,1729843155.98962
198.3334624352694,1983.3346243526942,0.5901245768175808,1729843155.9995937
198.3420678533265,1983.4206785332651,0.586731715867118,1729843156.0096602
198.35062378251448,1983.5062378251448,0.5833574824571698,1729843156.019608
198.35913049468692,1983.5913049468693,0.5800017844816657,1729843156.0295572
198.3675882603516,1983.675882603516,0.5766645301717342,1729843156.0398576
198.37599734867518,1983.7599734867517,0.5733456280958517,1729843156.0495703
198.38435802748836,1983.8435802748836,0.5700449871600891,1729843156.059598
198.3926705632907,1983.926705632907,0.5667625166082458,1729843156.0696547
198.40093522125562,1984.0093522125562,0.5634981260220072,1729843156.0799696
198.40915226523538,1984.091522652354,0.560251725321062,1729843156.0903943
198.417321957766,1984.1732195776601,0.5570232247632251,1729843156.0995657
198.42544456007226,1984.2544456007226,0.5538125349444797,1729843156.109647
198.43352033207265,1984.3352033207266,0.550619566799088,1729843156.1196268
198.44154953238424,1984.4154953238424,0.5474442315995783,1729843156.1296017
198.44953241832783,1984.4953241832784,0.544286440956829,1729843156.1398807
198.45746924593274,1984.5746924593275,0.5411461068200057,1729843156.149601
198.46536026994184,1984.6536026994183,0.5380231414765958,1729843156.1594522
198.47320574381652,1984.7320574381652,0.5349174575523402,1729843156.1696806
198.48100591974165,1984.8100591974164,0.5318289680111824,1729843156.179658
198.48876104863052,1984.8876104863052,0.5287575861552006,1729843156.1897213
198.49647138012978,1984.9647138012979,0.5257032256245014,1729843156.199617
198.50413716262446,1985.0413716262447,0.5226658003971415,1729843156.2096758
198.51175864324287,1985.1175864324287,0.5196452247889428,1729843156.2201755
198.51933606786156,1985.1933606786156,0.5166414134533969,1729843156.2298074
198.5268696811103,1985.268696811103,0.5136542813814798,1729843156.2396467
198.53435972637698,1985.3435972637699,0.5106837439014643,1729843156.2497075
198.5418064458126,1985.418064458126,0.5077297166787328,1729843156.2595987
198.54921008033617,1985.4921008033616,0.5047921157155609,1729843156.2696483
198.55657086963967,1985.5657086963968,0.5018708573508849,1729843156.279825
198.56388905219302,1985.63889052193,0.49896585826005435,1729843156.2896647
198.57116486524893,1985.7116486524892,0.49607703545455906,1729843156.299648
198.5783985448479,1985.783985448479,0.49320430628176937,1729843156.309681
198.58559032582303,1985.8559032582302,0.4903475884246308,1729843156.3196867
198.59274044180515,1985.9274044180515,0.4875067999013619,1729843156.3296523
198.5998491252275,1985.998491252275,0.4846818590651135,1729843156.33976
198.6069166073308,1986.0691660733078,0.48187268460363974,1729843156.3496418
198.613943118168,1986.13943118168,0.47907919553895895,1729843156.3596313
198.6209288866094,1986.2092888660939,0.47630131122696284,1729843156.3696203
198.62787414034727,1986.2787414034728,0.4735389513570488,1729843156.3799438
198.63477910590098,1986.3477910590098,0.47079203595172026,1729843156.3896918
198.64164400862168,1986.4164400862169,0.46806048536617795,1729843156.3996263
198.64846907269737,1986.4846907269737,0.465344220287908,1729843156.409698
198.65525452115762,1986.5525452115762,0.46264316173621645,1729843156.419685
198.66200057587844,1986.6200057587844,0.45995723106180286,1729843156.4296062
198.6687074575872,1986.687074575872,0.45728634994631634,1729843156.439666
198.67537538586745,1986.7537538586746,0.45463044040185274,1729843156.4496398
198.68200457916373,1986.8200457916373,0.45198942477048043,1729843156.4596605
198.68859525478646,1986.8859525478647,0.4493632257237429,1729843156.4695947
198.6951476289167,1986.9514762891667,0.4467517662621364,1729843156.4798734
198.701661916611,1987.0166191661099,0.4441549697146253,1729843156.4896493
198.70813833180623,1987.0813833180623,0.4415727597380573,1729843156.4996226
198.71457708732436,1987.1457708732437,0.43900506031665565,1729843156.509708
198.72097839487725,1987.2097839487724,0.4364517957614559,1729843156.5196836
198.72734246507142,1987.273424650714,0.43391289070973216,1729843156.5295663
198.73366950741286,1987.3366950741286,0.43138827012443415,1729843156.5398395
198.73995973031177,1987.3995973031176,0.42887785929358657,1729843156.5496805
198.74621334108733,1987.4621334108733,0.42638158382970126,1729843156.5596352
198.75243054597246,1987.5243054597245,0.4238993696691661,1729843156.56965
198.75861155011856,1987.5861155011855,0.42143114307162144,1729843156.5802736
198.7647565576002,1987.647565576002,0.41897683061933677,1729843156.5896075
198.77086577141992,1987.7086577141993,0.4165363592165888,1729843156.599591
198.7769393935129,1987.7693939351288,0.4141096560889902,1729843156.6100724
198.7829776247516,1987.8297762475158,0.4116966487828303,1729843156.6197243
198.78898066495057,1987.8898066495058,0.4092972651644572,1729843156.6296175
198.7949487128711,1987.949487128711,0.40691143341955105,1729843156.6398427
198.80088196622583,1988.0088196622582,0.40453908205246336,1729843156.6496017
198.8067806216835,1988.067806216835,0.4021801398855366,1729843156.6596224
198.81264487487348,1988.126448748735,0.3998345360583776,1729843156.6695926
198.81847492039063,1988.1847492039062,0.3975022000271863,1729843156.6798823
198.82427095179966,1988.2427095179967,0.3951830615640023,1729843156.6896596
198.83003316164,1988.3003316164,0.3928770507560194,1729843156.6995413
198.8357617414302,1988.3576174143018,0.39058409800481997,1729843156.7095752
198.8414568816727,1988.414568816727,0.38830413402566244,1729843156.719646
198.84711877185836,1988.4711877185837,0.38603708984671237,1729843156.729624
198.852747600471,1988.52747600471,0.38378289680832467,1729843156.7400572
198.85834355499196,1988.5834355499196,0.3815414865622283,1729843156.7496312
198.86390682190475,1988.6390682190474,0.3793127910708175,1729843156.7596314
198.86943758669955,1988.6943758669954,0.3770967426063506,1729843156.7696996
198.87493603387765,1988.7493603387766,0.3748932737501437,1729843156.7796896
198.88040234695615,1988.8040234695613,0.37270231739184745,1729843156.7896025
198.88583670847228,1988.8583670847229,0.37052380672858043,1729843156.7996325
198.8912392999881,1988.912392999881,0.36835767526419183,1729843156.8097277
198.89661030209473,1988.9661030209472,0.3662038568084106,1729843156.8196192
198.90194989441713,1989.0194989441713,0.36406228547606745,1729843156.8295863
198.9072582556183,1989.072582556183,0.36193289568623854,1729843156.839781
198.91253556340385,1989.1253556340384,0.35981562216146756,1729843156.8496284
198.91778199452645,1989.1778199452644,0.357710399926913,1729843156.8596525
198.92299772479024,1989.2299772479023,0.3556171643095044,1729843156.8696487
198.92818292905517,1989.2818292905517,0.35353585093710926,1729843156.8798614
198.93333778124153,1989.3333778124154,0.3514663957377159,1729843156.8896832
198.93846245433426,1989.3846245433426,0.34940873493853986,1729843156.899595
198.9435571203873,1989.4355712038732,0.34736280506519635,1729843156.9096947
198.94862195052806,1989.4862195052806,0.34532854294084026,1729843156.9196672
198.95365711496166,1989.5365711496165,0.3433058856852905,1729843156.9296649
198.9586627829753,1989.586627829753,0.3412947707141757,1729843156.9397495
198.96363912294262,1989.6363912294262,0.33929513573805103,1729843156.9496624
198.96858630232802,1989.6858630232803,0.3373069187615264,1729843156.9596457
198.9735044876909,1989.735044876909,0.33533005808237804,1729843156.9696453
198.97839384468998,1989.7839384468998,0.3333644922906728,1729843156.9796698
198.98325453808758,1989.8325453808757,0.33141016026786396,1729843156.9896204
198.98808673175387,1989.8808673175386,0.32946700118592276,1729843156.9996154
198.99289058867112,1989.9289058867112,0.32753495450642867,1729843157.0096254
198.99766627093794,1989.9766627093795,0.3256139599796565,1729843157.0196927
199.0024139397735,1990.024139397735,0.32370395764368987,1729843157.0296376
199.00713375552175,1990.0713375552175,0.3218048878235119,1729843157.0402086
199.01182587765555,1990.1182587765556,0.3199166911300778,1729843157.0496325
199.01649046478093,1990.1649046478092,0.3180393084594356,1729843157.0596247
199.02112767464124,1990.2112767464123,0.3161726809917812,1729843157.0696354
199.02573766412127,1990.2573766412127,0.31431675019053984,1729843157.079704
199.0303205892514,1990.3032058925141,0.3124714578014568,1729843157.0896118
199.0348766052118,1990.348766052118,0.31063674585167,1729843157.0996308
199.03940586633638,1990.394058663364,0.3088125566487686,1729843157.1103964
199.04390852611712,1990.4390852611712,0.3069988327798888,1729843157.120288
199.04838473720793,1990.4838473720793,0.3051955171107369,1729843157.1297052
199.05283465142884,1990.5283465142884,0.3034025527847116,1729843157.140412
199.05725841977008,1990.5725841977007,0.3016198832219238,1729843157.149669
199.06165619239607,1990.6165619239607,0.2998474521182618,1729843157.1595438
199.06602811864943,1990.6602811864943,0.2980852034444609,1729843157.169637
199.07037434705506,1990.7037434705508,0.2963330814451758,1729843157.1801913
199.07469502532413,1990.7469502532413,0.2945910306379914,1729843157.1896615
199.07899030035802,1990.78990300358,0.2928589958125133,1729843157.1996832
199.08326031825234,1990.8326031825234,0.29113692202940655,1729843157.20974
199.0875052243009,1990.8750522430091,0.28942475461943495,1729843157.219643
199.09172516299967,1990.9172516299966,0.28772243918252294,1729843157.2296026
199.0959202780506,1990.959202780506,0.2860299215867893,1729843157.2400398
199.1000907123657,1991.000907123657,0.2843471479676004,1729843157.2496645
199.10423660807083,1991.0423660807082,0.28267406472662515,1729843157.2596166
199.10835810650963,1991.0835810650963,0.28101061853083664,1729843157.2696416
199.1124553482474,1991.124553482474,0.2793567563116134,1729843157.279663
199.11652847307502,1991.1652847307503,0.2777124252637161,1729843157.2896202
199.12057762001265,1991.2057762001266,0.27607757284436574,1729843157.299636
199.12460292731373,1991.2460292731373,0.274452146772279,1729843157.3096538
199.12860453246867,1991.2860453246867,0.27283609502668604,1729843157.3196929
199.13258257220872,1991.3258257220873,0.2712293658463941,1729843157.329723
199.1365371825098,1991.365371825098,0.2696319077288055,1729843157.3397484
199.14046849859622,1991.4046849859621,0.26804366942893865,1729843157.3496704
199.14437665494444,1991.4437665494443,0.266464599958499,1729843157.3596046
199.14826178528685,1991.4826178528685,0.2648946485848721,1729843157.3696325
199.15212402261548,1991.5212402261548,0.2633337648301942,1729843157.3796504
199.1559634991858,1991.5596349918578,0.2617818984703685,1729843157.389638
199.15978034652025,1991.5978034652026,0.26023899953408247,1729843157.3996148
199.16357469541217,1991.6357469541217,0.25870501830187387,1729843157.409639
199.1673466759293,1991.6734667592932,0.2571799053051339,1729843157.4196258
199.17109641741754,1991.7109641741754,0.2556636113251446,1729843157.4296136
199.1748240485045,1991.7482404850448,0.25415608739212125,1729843157.439748
199.17852969710324,1991.7852969710325,0.25265728478425686,1729843157.4496064
199.18221349041588,1991.8221349041587,0.25116715502670417,1729843157.4596386
199.18587555493713,1991.8587555493714,0.249685649890668,1729843157.469641
199.189516016458,1991.89516016458,0.24821272139239803,1729843157.4796767
199.19313500006922,1991.9313500006922,0.2467483217922296,1729843157.4896593
199.196732630165,1991.96732630165,0.24529240359363513,1729843157.4996018
199.20030903044645,1992.0030903044644,0.2438449195422311,1729843157.5098844
199.20386432392513,1992.0386432392513,0.2424058226248259,1729843157.5195868
199.20739863292664,1992.0739863292665,0.24097506606845365,1729843157.5295775
199.21091207909404,1992.1091207909403,0.2395526033393952,1729843157.5397198
199.21440478339142,1992.144047833914,0.23813838814224397,1729843157.5496154
199.2178768661073,1992.178768661073,0.23673237441890926,1729843157.5596986
199.22132844685822,1992.2132844685823,0.23533451634767488,1729843157.5696533
199.22475964459207,1992.2475964459206,0.233944768342215,1729843157.5796642
199.22817057759158,1992.2817057759157,0.2325630850506598,1729843157.58961
199.23156136347777,1992.3156136347777,0.23118942135460607,1729843157.599588
199.23493211921328,1992.3493211921327,0.22982373236817566,1729843157.6096885
199.23828296110588,1992.3828296110587,0.22846597343705277,1729843157.6196165
199.24161400481177,1992.4161400481175,0.2271161001375176,1729843157.6295645
199.24492536533893,1992.4492536533894,0.22577406827548885,1729843157.6396368
199.2482171570506,1992.482171570506,0.22443983388558408,1729843157.6497052
199.2514894936684,1992.514894936684,0.2231133532301356,1729843157.6596596
199.25474248827592,1992.5474248827593,0.22179458279828268,1729843157.6696572
199.25797625332186,1992.5797625332186,0.2204834793049556,1729843157.6796422
199.26119090062332,1992.6119090062332,0.21917999968996604,1729843157.689607
199.26438654136916,1992.6438654136916,0.21788410111705858,1729843157.6995742
199.26756328612328,1992.6756328612328,0.21659574097295142,1729843157.7096343
199.27072124482783,1992.7072124482784,0.2153148768663683,1729843157.7196646
199.2738605268064,1992.738605268064,0.21404146662710766,1729843157.7295635
199.27698124076738,1992.7698124076737,0.21277546830512606,1729843157.7396495
199.2800834948071,1992.8008349480708,0.21151684016955052,1729843157.7496023
199.28316739641298,1992.8316739641298,0.21026554070774772,1729843157.759668
199.28623305246686,1992.8623305246686,0.2090215286243985,1729843157.769624
199.289280569248,1992.8928056924801,0.20778476284054037,1729843157.7797701
199.2923100524364,1992.923100524364,0.2065552024926457,1729843157.789662
199.29532160711582,1992.9532160711583,0.20533280693168365,1729843157.7995574
199.298315337777,1992.9831533777701,0.2041175357221504,1729843157.8097303
199.30129134832072,1993.0129134832073,0.20290934864119692,1729843157.8197145
199.30424974206093,1993.0424974206094,0.20170820567766434,1729843157.8296356
199.30719062172787,1993.0719062172786,0.20051406703113195,1729843157.8398182
199.31011408947106,1993.1011408947106,0.1993268931110307,1729843157.8496037
199.31302024686246,1993.1302024686247,0.19814664453570707,1729843157.8596442
199.3159091948995,1993.159091948995,0.1969732821314799,1729843157.8696504
199.31878103400805,1993.1878103400804,0.1958067669317397,1729843157.8800006
199.32163586404553,1993.2163586404554,0.19464706017600364,1729843157.8896437
199.32447378430388,1993.2447378430388,0.19349412330903448,1729843157.8996272
199.32729489351252,1993.2729489351252,0.1923479179798867,1729843157.9096537
199.3300992898414,1993.300992898414,0.1912084060410183,1729843157.919618
199.33288707090395,1993.3288707090396,0.19007554954736527,1729843157.929585
199.33565833376,1993.3565833376,0.18894931075542865,1729843157.9396765
199.33841317491877,1993.3841317491876,0.18782965212238445,1729843157.949655
199.3411516903418,1993.411516903418,0.18671653630514762,1729843157.9596546
199.3438739754458,1993.438739754458,0.18560992615948557,1729843157.969625
199.34658012510565,1993.4658012510565,0.18450978473913537,1729843157.9797142
199.34927023365717,1993.4927023365717,0.18341607529485693,1729843157.9896576
199.35194439490013,1993.5194439490012,0.182328761273591,1729843157.9996252
199.35460270210103,1993.5460270210103,0.18124780631750526,1729843158.0097015
199.357245247996,1993.5724524799598,0.1801731742631506,1729843158.0196655
199.35987212479355,1993.5987212479356,0.17910482914053205,1729843158.0296435
199.3624834241775,1993.624834241775,0.1780427351722419,1729843158.0400748
199.36507923730971,1993.6507923730971,0.17698685677258397,1729843158.049631
199.36765965483298,1993.6765965483298,0.1759371585466588,1729843158.059635
199.3702247668737,1993.7022476687368,0.17489360528948794,1729843158.0696805
199.37277466304468,1993.7277466304467,0.17385616198515763,1729843158.0797582
199.375309432448,1993.7530943244801,0.1728247938059272,1729843158.0896952
199.37782916367763,1993.7782916367764,0.17179946611134078,1729843158.0996044
199.3803339448222,1993.8033394482222,0.17078014444737477,1729843158.109976
199.38282386346776,1993.8282386346777,0.16976679454555843,1729843158.1196575
199.38529900670048,1993.8529900670048,0.16875938232211773,1729843158.129622
199.38775946110928,1993.8775946110927,0.16775787387706587,1729843158.1396654
199.3902053127886,1993.902053127886,0.16676223549340918,1729843158.1496515
199.39263664734102,1993.9263664734103,0.16577243363623773,1729843158.1595564
199.39505354987992,1993.9505354987991,0.16478843495187612,1729843158.1697538
199.39745610503218,1993.9745610503219,0.16381020626705223,1729843158.1796854
199.39984439694072,1993.9984439694072,0.16283771458799123,1729843158.189651
199.40221850926721,1994.022185092672,0.16187092709962514,1729843158.199674
199.40457852519464,1994.0457852519464,0.16090981116470993,1729843158.209704
199.40692452742985,1994.0692452742985,0.15995433432298,1729843158.2196379
199.40925659820627,1994.0925659820628,0.15900446429033288,1729843158.229638
199.41157481928633,1994.1157481928633,0.1580601689579516,1729843158.239803
199.4138792719641,1994.138792719641,0.1571214163914948,1729843158.250101
199.4161700370679,1994.161700370679,0.15618817483025282,1729843158.2596407
199.41844719496265,1994.1844719496266,0.15526041268629343,1729843158.2696512
199.42071082555256,1994.2071082555256,0.15433809854368186,1729843158.279681
199.42296100828358,1994.2296100828357,0.1534212011576087,1729843158.2896793
199.4251978221459,1994.251978221459,0.15250968945357812,1729843158.299656
199.4274213456764,1994.274213456764,0.15160353252659597,1729843158.3096454
199.42963165696122,1994.2963165696121,0.15070269964033323,1729843158.3196337
199.43182883363812,1994.318288336381,0.1498071602263319,1729843158.3295946
199.43401295289897,1994.3401295289896,0.1489168838831666,1729843158.339781
199.4361840914922,1994.3618409149221,0.1480318403756541,1729843158.3496346
199.43834232572524,1994.3834232572524,0.14715199963402015,1729843158.3596246
199.44048773146687,1994.4048773146687,0.14627733175312685,1729843158.3696306
199.44262038414968,1994.4262038414968,0.14540780699163414,1729843158.379707
199.44474035877244,1994.4474035877242,0.14454339577123243,1729843158.3896759
199.4468477299025,1994.468477299025,0.14368406867581485,1729843158.3996234
199.4489425716781,1994.489425716781,0.14282979645069915,1729843158.4097333
199.4510249578108,1994.510249578108,0.14198055000183907,1729843158.4196825
199.4530949615878,1994.530949615878,0.141136300395016,1729843158.4296212
199.45515265587423,1994.5515265587424,0.14029701885507706,1729843158.440056
199.45719811311554,1994.5719811311553,0.13946267676512492,1729843158.449613
199.45923140533975,1994.5923140533976,0.13863324566575408,1729843158.4596071
199.46125260415977,1994.6125260415977,0.13780869725426215,1729843158.4696777
199.4632617807757,1994.632617807757,0.13698900338389663,1729843158.4801695
199.4652590059771,1994.6525900597708,0.13617413606304496,1729843158.489684
199.46724435014522,1994.672443501452,0.13536406745449014,1729843158.4996493
199.46921788325534,1994.6921788325535,0.13455876987464166,1729843158.509685
199.4711796748789,1994.7117967487889,0.13375821579275737,1729843158.519682
199.4731297941858,1994.731297941858,0.13296237783020104,1729843158.5296555
199.47506830994666,1994.7506830994666,0.13217122875965892,1729843158.5396948
199.4769952905349,1994.7699529053489,0.1313847415043955,1729843158.549615
199.478910803929,1994.78910803929,0.13060288913751983,1729843158.5596273
199.48081491771478,1994.8081491771477,0.12982564488119508,1729843158.5696502
199.48270769908743,1994.8270769908743,0.12905298210593508,1729843158.5799975
199.48458921485377,1994.8458921485376,0.12828487432981206,1729843158.5896728
199.48645953143435,1994.8645953143434,0.12752129521773903,1729843158.5995812
199.4883187148656,1994.8831871486561,0.1267622185807432,1729843158.6096013
199.49016683080202,1994.9016683080204,0.1260076183752129,1729843158.6196463
199.49200394451825,1994.9200394451825,0.1252574687021638,1729843158.6296227
199.49383012091113,1994.9383012091112,0.12451174380649299,1729843158.6397207
199.49564542450193,1994.9564542450194,0.12377041807629319,1729843158.649601
199.49744991943834,1994.9744991943835,0.12303346604208365,1729843158.6596274
199.49924366949654,1994.9924366949654,0.12230086237611204,1729843158.6696045
199.50102673808337,1995.0102673808337,0.12157258189163855,1729843158.6800866
199.50279918823827,1995.0279918823826,0.12084859954217919,1729843158.6896558
199.5045610826354,1995.045610826354,0.12012889042084851,1729843158.6996243
199.50631248358567,1995.0631248358568,0.11941342975960645,1729843158.710073
199.5080534530387,1995.080534530387,0.11870219292856021,1729843158.7196462
199.50978405258493,1995.0978405258493,0.11799515543527683,1729843158.7296028
199.51150434345757,1995.1150434345757,0.11729229292406018,1729843158.739697
199.5132143865346,1995.132143865346,0.11659358117524221,1729843158.7496395
199.51491424234078,1995.1491424234077,0.11589899610451682,1729843158.7596905
199.51660397104956,1995.1660397104956,0.11520851376221153,1729843158.7697084
199.51828363248518,1995.182836324852,0.11452211033263382,1729843158.7800906
199.51995328612446,1995.1995328612447,0.11383976213333391,1729843158.7896516
199.52161299109886,1995.2161299109887,0.11316144561445818,1729843158.7996185
199.52326280619636,1995.2326280619636,0.11248713735805282,1729843158.8098135
199.52490278986338,1995.2490278986338,0.11181681407738353,1729843158.8195581
199.52653300020677,1995.2653300020677,0.11115045261625867,1729843158.8295953
199.52815349499562,1995.2815349499563,0.11048802994834184,1729843158.83968
199.5297643316632,1995.2976433166318,0.10982952317650174,1729843158.8496485
199.53136556730882,1995.3136556730883,0.10917490953213715,1729843158.8596435
199.53295725869978,1995.3295725869978,0.10852416637448592,1729843158.869666
199.53453946227313,1995.3453946227314,0.10787727119000501,1729843158.8799934
199.53611223413762,1995.3611223413761,0.10723420159166352,1729843158.8896515
199.53767563007546,1995.3767563007546,0.1065949353183121,1729843158.8996024
199.53922970554422,1995.3922970554422,0.10595945023402564,1729843158.909708
199.5407745156786,1995.407745156786,0.10532772432744253,1729843158.9196434
199.54231011529237,1995.4231011529237,0.10469973571113222,1729843158.929612
199.54383655888,1995.4383655888,0.10407546262091139,1729843158.9397519
199.54535390061858,1995.4535390061858,0.10345488341523634,1729843158.949675
199.5468621943696,1995.468621943696,0.10283797657455829,1729843158.9597154
199.5483614936807,1995.4836149368068,0.10222472070065536,1729843158.9696295
199.54985185178742,1995.4985185178743,0.10161509451601802,1729843158.9798343
199.55133332161506,1995.5133332161506,0.10100907686321314,1729843158.989659
199.5528059557803,1995.5280595578029,0.10040664670426225,1729843158.9996188
199.55426980659297,1995.5426980659297,0.09980778311999672,1729843159.0096872
199.55572492605793,1995.5572492605793,0.09921246530945205,1729843159.0196593
199.5571713658766,1995.571713658766,0.09862067258921592,1729843159.0296133
199.55860917744877,1995.5860917744876,0.09803238439284023,1729843159.0396757
199.56003841187433,1995.6003841187432,0.09744758027020872,1729843159.0495903
199.5614591199549,1995.6145911995488,0.096866239886917,1729843159.0596182
199.56287135219551,1995.6287135219552,0.09628834302367573,1729843159.069661
199.56427515880642,1995.6427515880641,0.09571386957569594,1729843159.0797381
199.5656705897046,1995.656705897046,0.09514279955207805,1729843159.0896957
199.56705769451554,1995.6705769451555,0.09457511307521493,1729843159.099607
199.5684365225748,1995.684365225748,0.09401079038018445,1729843159.1096828
199.56980712292975,1995.6980712292975,0.09344981181414902,1729843159.119737
199.57116954434107,1995.7116954434107,0.09289215783578542,1729843159.1295938
199.57252383528456,1995.7252383528455,0.09233780901465594,1729843159.1396768
199.57387004395255,1995.7387004395255,0.09178674603064174,1729843159.149778
199.57520821825574,1995.7520821825574,0.09123894967335666,1729843159.159554
199.57653840582455,1995.7653840582454,0.09069440084153435,1729843159.1696377
199.57786065401095,1995.7786065401094,0.09015308054249893,1729843159.1798863
199.57917500988987,1995.7917500988988,0.08961496989151663,1729843159.1898322
199.58048152026083,1995.8048152026083,0.08908005011128062,1729843159.1995986
199.58178023164956,1995.8178023164955,0.0885483025313124,1729843159.2096262
199.5830711903095,1995.830711903095,0.0880197085873845,1729843159.219607
199.58435444222337,1995.8435444222337,0.08749424982093956,1729843159.2295756
199.58563003310465,1995.8563003310464,0.08697190787857345,1729843159.2398417
199.58689800839923,1995.8689800839923,0.08645266451142597,1729843159.2496085
199.58815841328686,1995.8815841328687,0.08593650157463018,1729843159.259629
199.5894112926827,1995.8941129268271,0.08542340102675816,1729843159.269704
199.5906566912388,1995.906566912388,0.08491334492925262,1729843159.2797773
199.59189465334555,1995.9189465334555,0.08440631544590993,1729843159.289645
199.5931252231333,1995.931252231333,0.08390229484228862,1729843159.2995796
199.5943484444738,1995.943484444738,0.08340126548518179,1729843159.3096685
199.5955643609816,1995.955643609816,0.08290320984206467,1729843159.3196528
199.5967730160156,1995.967730160156,0.08240811048055285,1729843159.3295438
199.59797445268046,1995.9797445268046,0.08191595006785868,1729843159.3396802
199.5991687138281,1995.9916871382811,0.08142671137026725,1729843159.3495975
199.60035584205914,1996.0035584205914,0.08094037725258574,1729843159.3595784
199.6015358797243,1996.0153587972432,0.08045693067761228,1729843159.3696494
199.60270886892587,1996.0270886892588,0.0799763547056066,1729843159.379689
199.60387485151907,1996.0387485151907,0.07949863249376243,1729843159.389604
199.60503386911353,1996.0503386911353,0.07902374729569772,1729843159.3996568
199.60618596307467,1996.0618596307468,0.07855168246090216,1729843159.4096735
199.60733117452511,1996.0733117452512,0.0780824214342416,1729843159.4196782
199.60846954434606,1996.0846954434605,0.07761594775542158,1729843159.4296346
199.60960111317866,1996.0960111317866,0.07715224505848461,1729843159.43968
199.6107259214254,1996.107259214254,0.07669129707130218,1729843159.4495518
199.6118440092515,1996.1184400925151,0.07623308761504177,1729843159.4596624
199.6129554165863,1996.1295541658628,0.07577760060367666,1729843159.469643
199.61406018312442,1996.140601831244,0.07532482004347074,1729843159.4797096
199.61515834832738,1996.151583483274,0.07487473003249001,1729843159.489658
199.61624995142478,1996.1624995142479,0.07442731476009101,1729843159.4995923
199.61733503141562,1996.1733503141563,0.07398255850641278,1729843159.5096831
199.6184136270697,1996.184136270697,0.07354044564190076,1729843159.519672
199.61948577692894,1996.1948577692895,0.0731009606268006,1729843159.5296388
199.62055151930858,1996.2055151930858,0.07266408801066604,1729843159.5397077
199.62161089229858,1996.2161089229858,0.07222981243187399,1729843159.5496879
199.6226639337649,1996.226639337649,0.07179811861715202,1729843159.5596275
199.6237106813508,1996.2371068135078,0.07136899138106856,1729843159.5696611
199.62475117247803,1996.2475117247802,0.07094241562555859,1729843159.5796878
199.62578544434828,1996.2578544434828,0.07051837633946179,1729843159.5895922
199.62681353394427,1996.2681353394428,0.07009685859801451,1729843159.5995827
199.6278354780311,1996.278354780311,0.06967784756240747,1729843159.6103094
199.6288513131575,1996.288513131575,0.06926132847929722,1729843159.619633
199.62986107565706,1996.2986107565707,0.06884728668032836,1729843159.629603
199.63086480164944,1996.3086480164943,0.06843570758167339,1729843159.6397526
199.63186252704168,1996.3186252704168,0.0680265766835958,1729843159.6496277
199.63285428752937,1996.3285428752938,0.06761987956992954,1729843159.6596382
199.63384011859787,1996.3384011859787,0.0672156019076563,1729843159.6696184
199.63482005552353,1996.3482005552353,0.0668137294464507,1729843159.6797295
199.63579413337493,1996.3579413337493,0.06641424801821139,1729843159.6897027
199.63676238701404,1996.3676238701405,0.06601714353659738,1729843159.6996002
199.6377248510974,1996.377248510974,0.06562240199658043,1729843159.7099178
199.63868156007734,1996.3868156007734,0.0652300094740329,1729843159.7195969
199.63963254820317,1996.3963254820317,0.06483995212522864,1729843159.7295988
199.64057784952232,1996.405778495223,0.06445221618641839,1729843159.739677
199.6415174978815,1996.415174978815,0.06406678797338572,1729843159.7495747
199.64245152692786,1996.4245152692786,0.06368365388102426,1729843159.7596273
199.64337997011023,1996.4337997011023,0.06330280038288649,1729843159.769683
199.64430286068014,1996.4430286068014,0.06292421403071657,1729843159.7796633
199.64522023169306,1996.4522023169307,0.06254788145407553,1729843159.7896497
199.64613211600945,1996.4613211600945,0.06217378935985274,1729843159.7996416
199.647038546296,1996.47038546296,0.0618019245318876,1729843159.8097184
199.64793955502657,1996.4793955502657,0.061432273830493433,1729843159.8196666
199.64883517448354,1996.4883517448354,0.06106482419207737,1729843159.8296478
199.64972543675876,1996.4972543675876,0.060699562628682036,1729843159.8396363
199.65061037375463,1996.5061037375463,0.0603364762275681,1729843159.849587
199.65149001718535,1996.5149001718535,0.05997555215084305,1729843159.8596172
199.6523643985779,1996.523643985779,0.05961677763497086,1729843159.8696353
199.6532335492731,1996.532335492731,0.0592601399903937,1729843159.8796287
199.65409750042676,1996.5409750042677,0.0589056266011464,1729843159.8897023
199.65495628301076,1996.5495628301076,0.05855322492440174,1729843159.8996007
199.65580992781403,1996.5580992781404,0.05820292249007075,1729843159.9096787
199.65665846544374,1996.5665846544375,0.05785470690042793,1729843159.919653
199.6575019263262,1996.575019263262,0.05750856582965291,1729843159.9296005
199.65834034070804,1996.5834034070804,0.05716448702349297,1729843159.9403777
199.65917373865716,1996.5917373865716,0.05682245829881183,1729843159.9496183
199.6600021500639,1996.6000215006388,0.05648246754322017,1729843159.9596398
199.66082560464184,1996.6082560464183,0.05614450271464577,1729843159.9696677
199.66164413192914,1996.6164413192914,0.05580855184099598,1729843159.979706
199.66245776128923,1996.6245776128924,0.05547460301970475,1729843159.9896955
199.6632665219121,1996.632665219121,0.05514264441739514,1729843159.999631
199.66407044281516,1996.6407044281516,0.05481266426944409,1729843160.0096173
199.6648695528442,1996.6486955284422,0.054484650879630725,1729843160.019715
199.66566388067457,1996.6566388067458,0.05415859261975442,1729843160.0296667
199.66645345481203,1996.6645345481202,0.05383447792922447,1729843160.040243
199.66723830359373,1996.6723830359374,0.053512295314690594,1729843160.0497015
199.66801845518927,1996.6801845518926,0.05319203334968947,1729843160.0596142
199.6687939376016,1996.687939376016,0.052873680674246804,1729843160.0696328
199.6695647786681,1996.695647786681,0.052557225994500745,1729843160.0796905
199.6703310060614,1996.7033100606138,0.05224265808233064,1729843160.089636
199.6710926472904,1996.710926472904,0.05192996577500886,1729843160.0996933
199.67184972970134,1996.7184972970133,0.05161913797480111,1729843160.1100328
199.67260228047851,1996.726022804785,0.05131016364861474,1729843160.1196418
199.67335032664542,1996.7335032664541,0.05100303182764521,1729843160.129605
199.67409389506557,1996.7409389506556,0.050697731606997753,1729843160.1403844
199.67483301244351,1996.7483301244351,0.050394252145333884,1729843160.1496732
199.67556770532568,1996.7556770532567,0.05009258266450545,1729843160.159561
199.67629800010135,1996.7629800010136,0.0497927124492189,1729843160.1696515
199.6770239230036,1996.770239230036,0.04949463084665162,1729843160.1796231
199.6777455001101,1996.7774550011009,0.049198327266119724,1729843160.1896574
199.67846275734416,1996.7846275734416,0.048903791178719236,1729843160.1996412
199.67917572047557,1996.7917572047556,0.04861101211697083,1729843160.2096353
199.67988441512145,1996.7988441512146,0.048319979674487645,1729843160.219675
199.68058886674723,1996.8058886674723,0.04803068350561823,1729843160.2296653
199.68128910066744,1996.8128910066744,0.047743113325094844,1729843160.240051
199.68198514204667,1996.8198514204666,0.047457258907722566,1729843160.2496448
199.6826770159004,1996.826770159004,0.04717311008801339,1729843160.2596002
199.6833647470959,1996.833647470959,0.04689065675984516,1729843160.269631
199.68404836035307,1996.8404836035306,0.04660988887613293,1729843160.2796793
199.68472788024533,1996.8472788024533,0.04633079644851812,1729843160.2896552
199.68540333120046,1996.8540333120045,0.046053369546977696,1729843160.299619
199.68607473750143,1996.8607473750144,0.045777598299541755,1729843160.3097165
199.6867421232873,1996.867421232873,0.045503472891956,1729843160.3196347
199.687405512554,1996.87405512554,0.045230983567331795,1729843160.3296194
199.6880649291552,1996.880649291552,0.04496012062585486,1729843160.339657
199.68872039680312,1996.8872039680311,0.04469087442442998,1729843160.3496425
199.68937193906942,1996.893719390694,0.04442323537637727,1729843160.359552
199.69001957938593,1996.9001957938594,0.044157193951101736,1729843160.369637
199.69066334104556,1996.9066334104557,0.04389274067378246,1729843160.379655
199.69130324720305,1996.9130324720304,0.04362986612503683,1729843160.3896255
199.6919393208758,1996.919393208758,0.043368560940627465,1729843160.3996236
199.69257158494466,1996.9257158494465,0.04310881581113002,1729843160.4096549
199.69320006215474,1996.9320006215476,0.04285062148164365,1729843160.4200249
199.69382477511624,1996.9382477511624,0.04259396875145882,1729843160.429599
199.69444574630515,1996.9444574630515,0.0423388484737518,1729843160.4397912
199.69506299806415,1996.9506299806415,0.0420852515552933,1729843160.4496481
199.69567655260326,1996.9567655260325,0.04183316895611633,1729843160.4596913
199.6962864320008,1996.9628643200078,0.041582591689249715,1729843160.4696355
199.69689265820395,1996.9689265820396,0.04133351082035752,1729843160.479874
199.69749525302967,1996.9749525302968,0.04108591746750101,1729843160.489666
199.69809423816542,1996.9809423816541,0.04083980280081001,1729843160.4995553
199.69868963516987,1996.9868963516988,0.040595158042172064,1729843160.5096502
199.69928146547375,1996.9928146547375,0.040351974464981955,1729843160.5196576
199.69986975038054,1996.9986975038055,0.04011024339378466,1729843160.5296
199.7004545110672,1997.0045451106719,0.03986995620401956,1729843160.5397696
199.70103576858494,1997.0103576858494,0.03963110432175576,1729843160.5496502
199.70161354386002,1997.0161354386003,0.039393679223338585,1729843160.5596623
199.70218785769433,1997.0218785769432,0.039157672435142676,1729843160.5696316
199.70275873076625,1997.0275873076625,0.03892307553329488,1729843160.579632
199.70332618363136,1997.0332618363136,0.03868988014335806,1729843160.5897005
199.70389023672308,1997.0389023672308,0.03845807794005396,1729843160.5996447
199.7044509103535,1997.044509103535,0.038227660647016326,1729843160.6096845
199.705008224714,1997.05008224714,0.03799862003645871,1729843160.619618
199.70556219987597,1997.0556219987598,0.037770947928932874,1729843160.6296034
199.70611285579162,1997.0611285579162,0.0375446361930446,1729843160.639673
199.70666021229454,1997.0666021229454,0.03731967674515524,1729843160.6496522
199.70720428910045,1997.0720428910045,0.03709606154913658,1729843160.6596694
199.70774510580793,1997.0774510580793,0.036873782616097306,1729843160.6696434
199.70828268189908,1997.0828268189907,0.03665283200408276,1729843160.6798925
199.7088170367402,1997.0881703674017,0.036433201817831606,1729843160.6896052
199.7093481895824,1997.0934818958242,0.03621488420849872,1729843160.6995924
199.7098761595625,1997.098761595625,0.03599787137339405,1729843160.7096431
199.7104009657034,1997.104009657034,0.035782155555707296,1729843160.719631
199.71092262691496,1997.1092262691495,0.035567729044260976,1729843160.7295804
199.71144116199466,1997.1144116199466,0.03535458417323156,1729843160.7396822
199.71195658962813,1997.1195658962813,0.035142713321881236,1729843160.7495563
199.71246892838994,1997.1246892838994,0.03493210891432341,1729843160.7595909
199.7129781967442,1997.1297819674419,0.03472276341924918,1729843160.7696106
199.71348441304514,1997.1348441304513,0.034514669349664406,1729843160.7796774
199.71398759553793,1997.1398759553792,0.034307819262662353,1729843160.7896843
199.71448776235914,1997.1448776235914,0.03410220575912881,1729843160.7996132
199.7149849315375,1997.149849315375,0.033897821483532486,1729843160.8097737
199.71547912099444,1997.1547912099445,0.03369465912364611,1729843160.8196514
199.7159703485449,1997.159703485449,0.03349271141029597,1729843160.8296108
199.71645863189767,1997.1645863189767,0.03329197111711857,1729843160.839914
199.7169439886563,1997.1694398865632,0.03309243106033144,1729843160.849615
199.71742643631956,1997.1742643631956,0.03289408409845429,1729843160.8596005
199.71790599228206,1997.1790599228207,0.03269692313210648,1729843160.8696153
199.71838267383495,1997.1838267383496,0.03250094110371926,1729843160.879884
199.71885649816645,1997.1885649816645,0.032306130997320825,1729843160.889646
199.7193274823625,1997.193274823625,0.03211248583829829,1729843160.899659
199.71979564340734,1997.1979564340734,0.03191999869313655,1729843160.9098494
199.7202609981841,1997.202609981841,0.03172866266920871,1729843160.919635
199.72072356347547,1997.2072356347549,0.031538470914529104,1729843160.929561
199.72118335596417,1997.2118335596417,0.031349416617490466,1729843160.9397857
199.72164039223367,1997.2164039223367,0.031161493006691576,1729843160.9496229
199.72209468876864,1997.2209468876863,0.03097469335062819,1729843160.959566
199.72254626195564,1997.2254626195563,0.030789010957540275,1729843160.969687
199.72299512808368,1997.2299512808368,0.030604439175126008,1729843160.9797826
199.72344130334477,1997.2344130334477,0.03042097139033395,1729843160.9896336
199.7238848038345,1997.238848038345,0.030238601029125012,1729843160.999673
199.72432564555257,1997.2432564555256,0.03005732155626284,1729843161.0096421
199.72476384440344,1997.2476384440345,0.02987712647509,1729843161.0196536
199.72519941619683,1997.2519941619682,0.02969800932728106,1729843161.029647
199.72563237664832,1997.256323766483,0.029519963692648976,1729843161.0396354
199.72606274137985,1997.2606274137984,0.02934298318889461,1729843161.049643
199.72649052592033,1997.2649052592033,0.02916706147141135,1729843161.0596316
199.72691574570615,1997.2691574570615,0.028992192233055936,1729843161.0696263
199.72733841608175,1997.2733841608174,0.028818369203929994,1729843161.0796826
199.72775855230014,1997.2775855230016,0.028645586151177516,1729843161.089681
199.7281761695235,1997.281761695235,0.02847383687875038,1729843161.0996752
199.7285912828236,1997.285912828236,0.02830311522719875,1729843161.1096077
199.72900390718246,1997.2900390718246,0.02813341507347389,1729843161.1196778
199.7294140574928,1997.294140574928,0.027964730330704346,1729843161.1295803
199.7298217485586,1997.298217485586,0.027797054947991673,1729843161.1396747
199.73022699509565,1997.3022699509565,0.027630382910174167,1729843161.1496596
199.73062981173194,1997.3062981173193,0.02746470823767233,1729843161.1594193
199.7310302130084,1997.310302130084,0.027300024986250837,1729843161.1696184
199.73142821337925,1997.3142821337924,0.027136327246787606,1729843161.1796699
199.7318238272125,1997.3182382721252,0.02697360914511926,1729843161.1896477
199.7322170687906,1997.3221706879058,0.02681186484180842,1729843161.199642
199.73260795231076,1997.3260795231076,0.026651088531953637,1729843161.2097032
199.73299649188567,1997.3299649188566,0.026491274444985113,1729843161.219666
199.7333827015438,1997.3338270154381,0.026332416844446205,1729843161.2296116
199.73376659523004,1997.3376659523003,0.02617451002783533,1729843161.2396333
199.73414818680607,1997.3414818680608,0.026017548326366158,1729843161.2496395
199.734527490051,1997.34527490051,0.02586152610480774,1729843161.2595975
199.7349045186617,1997.3490451866169,0.025706437761250034,1729843161.2696285
199.73527928625344,1997.3527928625344,0.0255522777269529,1729843161.2797053
199.73565180636024,1997.3565180636024,0.025399040466109857,1729843161.2896268
199.73602209243543,1997.3602209243543,0.0252467204757042,1729843161.2996314
199.73639015785213,1997.3639015785213,0.025095312285265625,1729843161.3099911
199.73675601590367,1997.3675601590367,0.024944810456719257,1729843161.319618
199.73711967980407,1997.3711967980407,0.02479520958417958,1729843161.3296022
199.7374811626886,1997.374811626886,0.024646504293778126,1729843161.3396301
199.73784047761413,1997.3784047761412,0.02449868924344678,1729843161.3496351
199.73819763755967,1997.3819763755967,0.02435175912276677,1729843161.359597
199.73855265542676,1997.3855265542675,0.024205708652757285,1729843161.3696375
199.73890554404002,1997.3890554404002,0.02406053258572094,1729843161.3797991
199.73925631614756,1997.3925631614757,0.023916225705023497,1729843161.3896673
199.73960498442142,1997.3960498442143,0.023772782824941108,1729843161.399657
199.739951561458,1997.3995156145802,0.02363019879046313,1729843161.409753
199.74029605977861,1997.4029605977862,0.023488468477135815,1729843161.4196877
199.7406384918298,1997.406384918298,0.023347586790859798,1729843161.4296277
199.74097886998385,1997.4097886998384,0.023207548667717792,1729843161.439702
199.7413172065392,1997.413172065392,0.023068349073807615,1729843161.4496572
199.74165351372096,1997.4165351372096,0.022929983005066323,1729843161.4596648
199.74198780368118,1997.419878036812,0.022792445487076596,1729843161.4696438
199.74232008849947,1997.4232008849947,0.022655731574933502,1729843161.4797165
199.7426503801833,1997.426503801833,0.022519836353018907,1729843161.4896822
199.7429786906685,1997.429786906685,0.022384754934871798,1729843161.4996717
199.74330503181966,1997.4330503181966,0.02225048246299821,1729843161.5096765
199.7436294154305,1997.436294154305,0.022117014108706035,1729843161.5196805
199.74395185322436,1997.4395185322437,0.021984345071950462,1729843161.529608
199.74427235685462,1997.4427235685462,0.021852470581136818,1729843161.5396848
199.7445909379051,1997.4459093790508,0.021721385892987333,1729843161.54966
199.7449076078904,1997.449076078904,0.021591086292342188,1729843161.5596304
199.74522237825647,1997.4522237825647,0.021461567092015632,1729843161.5696309
199.74553526038085,1997.4553526038085,0.021332823632639664,1729843161.579667
199.74584626557316,1997.4584626557316,0.02120485128247218,1729843161.5895975
199.7461554050755,1997.4615540507552,0.021077645437265535,1729843161.599588
199.74646269006286,1997.4646269006284,0.020951201520087115,1729843161.610295
199.74676813164342,1997.4676813164342,0.020825514981175464,1729843161.6195931
199.74707174085913,1997.4707174085913,0.02070058129776442,1729843161.629608
199.74737352868596,1997.4737352868597,0.020576395973917916,1729843161.639636
199.74767350603432,1997.4767350603431,0.02045295454039675,1729843161.6496303
199.74797168374945,1997.4797168374946,0.02033025255448806,1729843161.6596472
199.74826807261186,1997.4826807261186,0.020208285599859654,1729843161.6696537
199.74856268333764,1997.4856268333765,0.02008704928638949,1729843161.6799185
199.74885552657886,1997.4885552657886,0.019966539250027115,1729843161.689641
199.749146612924,1997.49146612924,0.019846751152630238,1729843161.6995957
199.74943595289824,1997.4943595289824,0.019727680681822624,1729843161.7095933
199.74972355696397,1997.4972355696398,0.019609323550836,1729843161.7196777
199.750009435521,1997.50009435521,0.01949167549834485,1729843161.7297168
199.75029359890706,1997.5029359890707,0.01937473228835629,1729843161.7403042
199.7505760573981,1997.505760573981,0.019258489710030635,1729843161.7496495
199.75085682120866,1997.5085682120866,0.019142943577539318,1729843161.759626
199.7511359004923,1997.511359004923,0.01902808972991743,1729843161.7696278
199.75141330534188,1997.5141330534188,0.018913924030925178,1729843161.7796752
199.75168904579,1997.5168904579,0.01880044236889511,1729843161.7896423
199.75196313180922,1997.5196313180923,0.018687640656588234,1729843161.7996328
199.7522355733126,1997.522355733126,0.01857551483106079,1729843161.8096216
199.7525063801539,1997.525063801539,0.01846406085351504,1729843161.8196568
199.75277556212808,1997.527755621281,0.01835327470914294,1729843161.8296137
199.75304312897148,1997.530431289715,0.018243152407007135,1729843161.8397565
199.7533090903623,1997.5330909036231,0.018133689979889955,1729843161.8496542
199.7535734559209,1997.535734559209,0.01802488348415132,1729843161.8595128
199.75383623521012,1997.538362352101,0.017916728999602616,1729843161.8696022
199.75409743773565,1997.5409743773566,0.017809222629353916,1729843161.8796833
199.7543570729464,1997.543570729464,0.0177023604996861,1729843161.8896627
199.75461515023474,1997.5461515023474,0.017596138759910507,1729843161.8996298
199.75487167893698,1997.5487167893698,0.017490553582239277,1729843161.9096293
199.75512666833353,1997.5512666833354,0.01738560116163612,1729843161.919695
199.7553801276494,1997.5538012764941,0.017281277715713306,1729843161.9296649
199.75563206605443,1997.5563206605443,0.017177579484555783,1729843161.9397545
199.75588249266363,1997.5588249266364,0.017074502730619945,1729843161.949654
199.75613141653753,1997.5613141653753,0.01697204373859329,1729843161.9596589
199.75637884668248,1997.563788466825,0.016870198815264748,1729843161.969692
199.756624792051,1997.5662479205102,0.016768964289389676,1729843161.979711
199.75686926154214,1997.5686926154212,0.01666833651156374,1729843161.9897017
199.75711226400162,1997.5711226400163,0.01656831185408436,1729843161.9996414
199.75735380822235,1997.5735380822234,0.01646888671084945,1729843162.00968
199.75759390294465,1997.5759390294465,0.016370057497215318,1729843162.019654
199.75783255685658,1997.5783255685658,0.01627182064985455,1729843162.0296278
199.75806977859426,1997.5806977859427,0.016174172626647665,1729843162.0401807
199.75830557674212,1997.5830557674212,0.016077109906562304,1729843162.049623
199.7585399598333,1997.5853995983332,0.01598062898952357,1729843162.0596848
199.75877293634994,1997.5877293634994,0.015884726396268367,1729843162.069594
199.7590045147234,1997.590045147234,0.0157893986682619,1729843162.0797212
199.75923470333458,1997.592347033346,0.01569464236754492,1729843162.0896578
199.7594635105144,1997.5946351051439,0.01560045407663424,1729843162.0996728
199.7596909445438,1997.5969094454379,0.015506830398373528,1729843162.1097066
199.75991701365427,1997.5991701365429,0.015413767955858693,1729843162.119608
199.76014172602808,1997.6014172602809,0.015321263392263806,1729843162.129544
199.76036508979848,1997.6036508979848,0.015229313370764719,1729843162.1408396
199.76058711305018,1997.6058711305018,0.015137914574416489,1729843162.149619
199.76080780381943,1997.6080780381944,0.01504706370599529,1729843162.1594942
199.76102717009448,1997.6102717009448,0.014956757487941563,1729843162.1696103
199.76124521981575,1997.6124521981574,0.014866992662200151,1729843162.1796198
199.7614619608762,1997.614619608762,0.014777765990126146,1729843162.1896439
199.76167740112155,1997.6167740112155,0.014689074252349887,1729843162.199681
199.76189154835055,1997.6189154835056,0.01460091424870058,1729843162.2096307
199.76210441031537,1997.6210441031537,0.01451328279806241,1729843162.2196052
199.76231599472175,1997.6231599472176,0.014426176738251972,1729843162.2296228
199.76252630922932,1997.6252630922932,0.014339592925945444,1729843162.2399106
199.7627353614519,1997.6273536145188,0.014253528236540025,1729843162.2503846
199.76294315895777,1997.6294315895777,0.014167979564049138,1729843162.2596247
199.7631497092699,1997.631497092699,0.014082943820974525,1729843162.269651
199.76335501986628,1997.6335501986628,0.013998417938249408,1729843162.2796307
199.7635590981801,1997.6355909818012,0.013914398865055522,1729843162.2896333
199.76376195160015,1997.6376195160015,0.013830883568794694,1729843162.2996185
199.76396358747093,1997.6396358747093,0.013747869034909432,1729843162.3096359
199.76416401309302,1997.6416401309302,0.013665352266820752,1729843162.319634
199.76436323572332,1997.6436323572332,0.013583330285809159,1729843162.329568
199.7645612625753,1997.645612625753,0.013501800130916952,1729843162.3397624
199.76475810081928,1997.647581008193,0.01342075885881322,1729843162.3496568
199.7649537575826,1997.649537575826,0.013340203543733442,1729843162.359671
199.76514823995,1997.6514823995,0.013260131277351594,1729843162.369664
199.76534155496384,1997.6534155496383,0.013180539168662908,1729843162.379818
199.76553370962426,1997.6553370962426,0.013101424343916368,1729843162.389602
199.76572471088957,1997.6572471088957,0.013022783946486816,1729843162.3996572
199.7659145656764,1997.6591456567642,0.012944615136780802,1729843162.4096577
199.76610328086,1997.6610328085999,0.012866915092128228,1729843162.419588
199.7662908632744,1997.6629086327441,0.012789681006709519,1729843162.4295573
199.76647731971283,1997.6647731971284,0.012712910091424168,1729843162.4399545
199.7666626569278,1997.666626569278,0.012636599573801921,1729843162.4496286
199.76684688163138,1997.6684688163139,0.012560746697908631,1729843162.459604
199.7670300004955,1997.6703000049552,0.012485348724243228,1729843162.4695702
199.76721202015216,1997.6721202015215,0.01241040292965423,1729843162.4796934
199.7673929471936,1997.673929471936,0.012335906607217173,1729843162.489628
199.76757278817263,1997.6757278817263,0.012261857066163562,1729843162.4995933
199.76775154960285,1997.6775154960285,0.012188251631783165,1729843162.5096366
199.7679292379588,1997.679292379588,0.012115087645294342,1729843162.5196137
199.76810585967635,1997.6810585967635,0.012042362463812073,1729843162.5295947
199.76828142115278,1997.6828142115278,0.01197007346018808,1729843162.539645
199.76845592874704,1997.6845592874704,0.011898218022955764,1729843162.5496595
199.76862938878008,1997.6862938878007,0.011826793556241388,1729843162.559661
199.76880180753497,1997.6880180753496,0.011755797479646835,1729843162.569589
199.76897319125715,1997.6897319125715,0.011685227228167894,1729843162.5797026
199.76914354615468,1997.691435461547,0.011615080252119658,1729843162.5896015
199.76931287839844,1997.6931287839843,0.0115453540170104,1729843162.5995877
199.76948119412236,1997.6948119412236,0.011476046003495388,1729843162.60961
199.76964849942365,1997.6964849942365,0.011407153707252538,1729843162.6196454
199.76981480036298,1997.6981480036297,0.011338674638907809,1729843162.6295884
199.76998010296475,1997.6998010296475,0.011270606323948162,1729843162.639689
199.77014441321728,1997.7014441321728,0.011202946302625638,1729843162.6495981
199.77030773707304,1997.7030773707304,0.011135692129877417,1729843162.659606
199.77047008044883,1997.7047008044883,0.011068841375222793,1729843162.6696393
199.77063144922604,1997.7063144922604,0.011002391622704555,1729843162.6798413
199.77079184925083,1997.7079184925083,0.010936340470775296,1729843162.6896834
199.7709512863343,1997.7095128633432,0.010870685532231694,1729843162.6996126
199.77110976625286,1997.7110976625286,0.010805424434125688,1729843162.7100375
199.7712672947482,1997.7126729474821,0.010740554817657899,1729843162.7195888
199.7714238775277,1997.714238775277,0.010676074338127894,1729843162.7296252
199.7715795202645,1997.715795202645,0.01061198066483826,1729843162.739687
199.77173422859784,1997.7173422859782,0.010548271480988025,1729843162.7496498
199.7718880081331,1997.718880081331,0.010484944483626468,1729843162.7596238
199.77204086444212,1997.7204086444212,0.01042199738354832,1729843162.7695982
199.77219280306338,1997.7219280306338,0.010359427905212049,1729843162.7796729
199.77234382950215,1997.7234382950214,0.01029723378667946,1729843162.7896776
199.77249394923075,1997.7249394923074,0.010235412779514452,1729843162.799695
199.77264316768873,1997.7264316768874,0.010173962648703072,1729843162.8097239
199.77279149028303,1997.7279149028302,0.010112881172578914,1729843162.8197129
199.7729389223882,1997.729389223882,0.010052166142748509,1729843162.8296542
199.7730854693466,1997.730854693466,0.00999181536401672,1729843162.8396556
