0.010159072605114583,0.10159072605114583,0.6926624670249328
0.020375966156996293,0.20375966156996295,0.6966047953446726
0.03065099179534869,0.30650991795348687,0.7005683376868959
0.04098446212747375,0.40984462127473753,0.7045531941149044
0.05137669123279564,0.5137669123279563,0.7085594650004357
0.0618279946673695,0.618279946673695,0.7125872510226472
0.07233868946837353,0.7233868946837353,0.7166366531669723
0.08290909415858454,0.8290909415858454,0.7207077727239941
0.09353952875083632,0.9353952875083632,0.7248007112882782
0.10423031475246038,1.0423031475246038,0.7289155707571613
0.11498177516970824,1.1498177516970824,0.7330524533295062
0.12579423451215566,1.2579423451215566,0.7372114615044563
0.13666801879708695,1.3666801879708697,0.7413926980800927
0.14760345555386026,1.4760345555386025,0.7455962661521198
0.15860087382825233,1.5860087382825232,0.7498222691124834
0.1696606041867825,1.696606041867825,0.7540708106479421
0.18078297872101579,1.8078297872101579,0.7583419947386449
0.19196833105184372,1.9196833105184372,0.7626359256566193
0.20321699633374343,2.0321699633374344,0.7669527079642808
0.2145293112590134,2.1452931125901338,0.771292446512847
0.2259056140619862,2.259056140619862,0.7756552464407669
0.2373462445232168,2.373462445232168,0.7800412131720567
0.24885154397364692,2.488515439736469,0.7844504524146636
0.2604218552987439,2.604218552987439,0.788883070158727
0.2720575229426142,2.7205752294261423,0.7933391726748571
0.28375889291209044,2.8375889291209044,0.7978188665123209
0.29552631278079167,2.9552631278079167,0.802322258497222
0.3073601316931564,3.073601316931564,0.8068494557306511
0.31926070036844756,3.1926070036844756,0.8114005655867462
0.3312283711047287,3.3122837110472867,0.8159756957107689
0.34326349778281134,3.4326349778281133,0.8205749540171041
0.35536643587017225,3.5536643587017225,0.8251984486872228
0.3675375424248401,3.675375424248401,0.829846288167607
0.3797771760992518,3.7977717609925183,0.8345185811676608
0.3920856971440763,3.920856971440763,0.8392154366574953
0.4044634674120066,4.044634674120066,0.843936963865783
0.4169108503615185,4.169108503615185,0.848683272277464
0.42942821106059614,4.294282110605962,0.8534544716314958
0.4420159161904229,4.420159161904229,0.8582506719184781
0.45467433404903745,4.546743340490375,0.8630719833783029
0.4674038345549542,4.674038345549542,0.8679185164976975
0.480204789250748,4.80204789250748,0.8727903820077998
0.4930775713066008,4.930775713066008,0.8776876908815758
0.5060225555238119,5.0602255552381195,0.8826105543313147
0.519040118338269,5.19040118338269,0.8875590838059733
0.5321306378238807,5.321306378238807,0.8925333909885413
0.545294493695969,5.452944936959691,0.8975335877933261
0.558532067314622,5.58532067314622,0.9025597863631845
0.5718437416880042,5.718437416880042,0.9076120990667444
0.5852299014756266,5.852299014756266,0.9126906384955262
0.5986909329915726,5.986909329915726,0.9177955174610517
0.6122272242076818,6.122272242076818,0.922926848991878
0.625839164756689,6.25839164756689,0.9280847463306134
0.6395271459353187,6.395271459353187,0.9332693229308386
0.6532915607073342,6.532915607073342,0.9384806924540268
0.6671328037065397,6.671328037065397,0.9437189687663583
0.6810512712397363,6.810512712397363,0.9489842659355237
0.6950473612896291,6.950473612896291,0.9542766982274653
0.7091214735176864,7.091214735176864,0.9595963801030472
0.7232740092669495,7.232740092669495,0.9649434262146972
0.7375053715647916,7.3750537156479155,0.9703179514029792
0.7518159651256263,7.518159651256263,0.975720070693118
0.7662061963535642,7.662061963535642,0.981149899291454
0.7806764733450168,7.8067647334501675,0.9866075525818694
0.7952272058912464,7.952272058912464,0.9920931461221443
0.8098588054808633,8.098588054808634,0.997606795640257
0.824571685302266,8.24571685302266,1.003148617030602
0.8393662602460268,8.393662602460267,1.0087187263502226
0.8542429469072201,8.542429469072202,1.0143172398149076
0.8692021635876932,8.692021635876932,1.019944273795268
0.8842443302982784,8.842443302982785,1.025599944812754
0.8993698687609465,8.993698687609465,1.031284369535621
0.9145792024108991,9.14579202410899,1.0369976647748054
0.9298727563986007,9.298727563986006,1.0427399474797756
0.945250957591748,9.45250957591748,1.0485113347342878
0.9607142345771778,9.607142345771777,1.0543119437521504
0.9762630176627087,9.762630176627088,1.0601418918728154
0.9918977388789214,9.918977388789214,1.06600129655701
1.0076188319808708,10.076188319808708,1.071890275382282
1.0234267324497326,10.234267324497326,1.0778089460384308
1.0393218774943833,10.393218774943833,1.0837574263229488
1.0553047060529108,10.553047060529108,1.0897358341363397
1.071375658794056,10.713756587940559,1.0957442874774248
1.087535178118585,10.875351781185849,1.1017829044385525
1.1037837081605895,11.037837081605895,1.1078518032007523
1.1201216947887154,11.201216947887154,1.113951102028814
1.136549585607319,11.365495856073188,1.1200809192663286
1.1530678299575472,11.530678299575472,1.1262413733306342
1.1696768789183467,11.696768789183468,1.1324325827077342
1.1863771853073928,11.863771853073928,1.1386546659470849
1.2031692036819446,12.031692036819447,1.1449077416563878
1.220053390339621,12.20053390339621,1.1511919284962744
1.2370302033190983,12.370302033190983,1.15750734517494
1.254100102400728,12.54100102400728,1.1638541104426832
1.2712635491070734,12.712635491070735,1.1702323430864183
1.2885210067033652,12.885210067033652,1.1766421619240806
1.3058729401978733,13.058729401978733,1.1830836857989926
1.3233198163421953,13.233198163421953,1.1895570335741485
1.34086210363146,13.408621036314601,1.1960623241264141
1.3585002723044461,13.585002723044461,1.2025996763406948
1.3762347943436113,13.762347943436113,1.2091692091039707
1.3940661434750368,13.940661434750368,1.215771041299364
1.4119947951682799,14.119947951682798,1.222405291799996
1.4300212266361385,14.300212266361385,1.229072079462906
1.4481459168343238,14.481459168343239,1.2357715231228141
1.4663693464610408,14.663693464610407,1.2425037415858409
1.4846919979564757,14.846919979564756,1.2492688536231622
1.5031143555021886,15.031143555021886,1.2560669779645668
1.5216369050204117,15.216369050204117,1.262898233291958
1.5402601341732505,15.402601341732504,1.2697627382327834
1.5589845323617872,15.589845323617872,1.2766606113533854
1.5778105907250863,15.778105907250863,1.2835919711522763
1.5967388021390998,15.967388021390999,1.2905569360533367
1.6157696612154717,16.157696612154716,1.297555624398946
1.6349036643002415,16.349036643002414,1.3045881544430369
1.6541413094724426,16.541413094724426,1.3116546443440757
1.6734830965425995,16.734830965425996,1.318755212157944
1.692929527051117,16.929295270511172,1.3258899758307923
1.7124811042665649,17.124811042665648,1.333059053191766
1.7321383331838536,17.321383331838536,1.3402625619456785
1.7519017205223035,17.519017205223037,1.3475006196656327
1.7717717747236024,17.717717747236023,1.3547733437854976
1.7917490059496526,17.917490059496526,1.362080851592399
1.811833926080307,18.11833926080307,1.3694232602190226
1.8320270487109906,18.320270487109905,1.3768006866359617
1.852328889150209,18.52328889150209,1.384213247643867
1.8727399644169402,18.727399644169402,1.3916610598656387
1.8932607932379113,18.932607932379113,1.399144239738396
1.913891896044756,19.13891896044756,1.406662903505536
1.9346337949710537,19.346337949710538,1.414217167208557
1.9554870138492493,19.554870138492493,1.4218071466789048
1.9764520782074504,19.764520782074506,1.429432957529711
1.997529515266103,19.97529515266103,1.437094715147417
2.018719853934544,20.187198539345438,1.444792534683394
2.0400236248074273,20.400236248074272,1.4525265310453808
2.0614413601610257,20.61441360161026,1.460296818888958
2.0829735939494056,20.829735939494057,1.4681035126088346
2.1046208618004716,21.046208618004716,1.4759467263301307
2.126383701011884,21.263837010118838,1.4838265738995382
2.1482626505468434,21.482626505468435,1.49174316887642
2.170258251029747,21.702582510297468,1.4996966245238088
2.192371044741706,21.923710447417058,1.5076870537993656
2.214601575615936,22.146015756159358,1.5157145693461924
2.2369503892330056,22.369503892330055,1.523779283483643
2.2594180328159528,22.594180328159528,1.5318813081979776
2.2820050552252615,22.820050552252617,1.5400207551329874
2.3047120069537,23.047120069537,1.548197735580505
2.3275394401210185,23.275394401210185,1.556412360470885
2.350487908468505,23.50487908468505,1.5646647403633125
2.3735579673534013,23.735579673534012,1.5729549854361444
2.396750173743172,23.967501737431718,1.581283205477055
2.420065086209629,24.20065086209629,1.589649509873201
2.443503264922914,24.43503264922914,1.5980540076012364
2.4670652716453274,24.670652716453276,1.6064968072172672
2.4907516697250136,24.907516697250138,1.6149780168467505
2.5145630240894943,25.145630240894942,1.6234977441742569
2.5384999012390512,25.384999012390512,1.632056096433212
2.562562869239958,25.62562869239958,1.6406531803955158
2.5867524977175576,25.867524977175577,1.6492891023610987
2.611069357849185,26.11069357849185,1.657963968147392
2.6355140223569355,26.355140223569357,1.666677883078723
2.660087065500276,26.600870655002762,1.675430951975608
2.684789063068498,26.84789063068498,1.684223279144021
2.7096205923730095,27.096205923730096,1.693054968364489
2.7345822322394713,27.345822322394714,1.7019261228812148
2.759674562999768,27.59674562999768,1.7108368453910305
2.7848981664838166,27.848981664838167,1.7197872380323194
2.8102536260112134,28.102536260112135,1.728777402373865
2.835741526382714,28.35741526382714,1.737807439403575
2.861362453871547,28.61362453871547,1.7468774495171626
2.887116996214564,28.87116996214564,1.7559875325067527
2.9130057426032145,29.130057426032145,1.7651377875493885
2.939029283674359,29.390292836743587,1.7743283131954843
2.965188211500904,29.651882115009037,1.7835592073571487
2.9914831195822718,29.914831195822718,1.7928305672965124
3.017914602834692,30.17914602834692,1.8021424896139173
3.044483257581323,30.44483257581323,1.8114950702360346
3.071189681542194,30.71189681542194,1.8208884044039308
3.098034473823976,30.980344738239758,1.8303225866610564
3.125018234909569,31.250182349095688,1.8397977108411165
3.1521415666475185,31.521415666475185,1.8493138700559388
3.1794050722412437,31.794050722412436,1.858871156683179
3.2068093562380917,32.068093562380916,1.8684696623540535
3.2343550245182078,32.34355024518208,1.8781094779409102
3.262042684283221,32.62042684283221,1.8877906935447566
3.2898729440447476,32.898729440447475,1.8975133984827437
3.3178464136127115,33.17846413612712,1.9072776812755485
3.3459637040834744,33.45963704083474,1.9170836296346785
3.3742254278277812,33.74225427827781,1.9269313304497189
3.402632198478518,34.026321984785184,1.9368208697755325
3.4311846309182794,34.3118463091828,1.9467523328193366
3.459883341266747,34.59883341266747,1.9567258039277622
3.488728946867875,34.887289468678745,1.966741366573805
3.5177220662768867,35.17722066276887,1.9767991033437564
3.546863319247075,35.46863319247075,1.9868990959239987
3.5761533267164105,35.761533267164104,1.9970414250878186
3.605592710793953,36.05592710793953,2.007226170682072
3.63518209474607,36.3518209474607,2.0174534116138627
3.664922102982455,36.649221029824545,2.0277232258370823
3.694813361041949,36.94813361041949,2.0380356903389494
3.7248564955781664,37.24856495578167,2.048390881126444
3.7550521343449152,37.550521343449155,2.0587888732127144
3.7854009061814233,37.85400906181423,2.069229740603399
3.8159034409973573,38.15903440997357,2.079713556282883
3.846560369757645,38.465603697576455,2.0902403922005472
3.87737232446709,38.7737232446709,2.100810319256878
3.9083399381547843,39.08339938154784,2.111423407289614
3.939463844858318,39.39463844858318,2.1220797250597414
3.9707446796077797,39.7074467960778,2.132779340237523
4.002183078409553,40.02183078409553,2.143522319388399
4.033779678229908,40.33779678229908,2.1543087279589113
4.065535116978379,40.655351169783785,2.165138630262483
4.097450033490939,40.97450033490939,2.1760120894652584
4.129525067512964,41.295250675129644,2.186929167571785
4.161760859681986,41.61760859681986,2.1978899254107276
4.194158051510234,41.941580515102345,2.2088944226205083
4.22671728536697,42.2671728536697,2.2199427176348703
4.2594392044606035,42.59439204460604,2.231034867668477
4.292324452820602,42.92324452820602,2.2421709287023592
4.325373675279185,43.25373675279185,2.2533509554694344
4.358587517452804,43.58587517452804,2.264575001439889
4.391966625723405,43.91966625723405,2.2758431188066037
4.4255116472194835,44.255116472194835,2.2871553584704554
4.459223229796919,44.59223229796919,2.2985117700256765
4.493102022019594,44.93102022019593,2.3099124017450983
4.527148673139796,45.27148673139796,2.321357300565407
4.561363833078407,45.61363833078407,2.3328465120723596
4.5957481524048704,45.9574815240487,2.3443800804859665
4.630302282316942,46.303022823169414,2.355958048645636
4.665026874620222,46.650268746202215,2.3675804579953112
4.699922581707472,46.99922581707472,2.379247348568554
4.734990056537711,47.34990056537711,2.3909587589736425
4.770229952615089,47.70229952615089,2.402714726378621
4.805642923967544,48.05642923967544,2.4145152864963135
4.841229625125244,48.41229625125244,2.426360473569366
4.876990711098798,48.76990711098798,2.4382503203552206
4.912926837357256,49.12926837357256,2.4501848581111174
4.949038659805886,49.49038659805886,2.4621641165790376
4.985326834763727,49.85326834763727,2.474188123970679
5.021792018940926,50.217920189409256,2.486256906952395
5.0584348694158505,50.58434869415851,2.4983704906301387
5.095256043611984,50.95256043611984,2.5105288985343703
5.132256199274596,51.32256199274596,2.522732152605008
5.169435994447191,51.69435994447191,2.5349802731763385
5.206796087447742,52.06796087447742,2.5472732789619377
5.244337136844696,52.44337136844696,2.5596111870396054
5.282059801432762,52.82059801432762,2.571994012836268
5.319964740208477,53.19964740208477,2.584421770112945
5.3580526123455545,53.58052612345554,2.5968944709496435
5.396324077170004,53.963240771700036,2.609412125730354
5.434779794135038,54.347797941350386,2.6219747431279696
5.473420422795759,54.73420422795759,2.634582330089281
5.512246622783615,55.12246622783615,2.6472348918199593
5.55125905378065,55.5125905378065,2.659932431769567
5.590458375493525,55.90458375493525,2.6726749516165667
5.6298452476273235,56.29845247627323,2.6854624512533922
5.669420329859137,56.69420329859137,2.6982949287715146
5.7091842818114324,57.09184281811432,2.711172380446527
5.7491377630252005,57.491377630252,2.7240948007233046
5.78928143293289,57.8928143293289,2.737062182201136
5.829615950831118,58.296159508311185,2.7500745156189312
5.870141975853171,58.70141975853171,2.763131789840447
5.910860166941284,59.10860166941284,2.7762339918395735
5.95177118281871,59.5177118281871,2.7893811066856156
5.992875681961568,59.92875681961568,2.8025731175286603
6.034174322570482,60.34174322570482,2.815810005584999
6.075667762542004,60.75667762542004,2.829091750122533
6.117356659439827,61.173566594398274,2.8424183284463043
6.159241670465784,61.592416704657836,2.8557897158840415
6.201323452430633,62.01323452430633,2.8692058857717626
6.243602661724638,62.43602661724638,2.8826668094394376
6.286079954287938,62.860799542879384,2.8961724561967452
6.328755985580708,63.287559855807075,2.909722793318836
6.371631410553106,63.71631410553106,2.923317786032202
6.414706883615028,64.14706883615028,2.936957397500607
6.4579830586056435,64.57983058605643,2.9506415888110933
6.501460588762735,65.01460588762735,2.964370318960052
6.54514012669183,65.45140126691831,2.978143544839364
6.5890223243351365,65.89022324335136,2.991961221222658
6.63310783294027,66.3310783294027,3.005823300751608
6.67739730302879,66.77397303028789,3.0197297339223494
6.721891384364527,67.21891384364527,3.0336804690719568
6.76659072592173,67.66590725921729,3.047675452365037
6.8114959758529965,68.11495975852996,3.0617146277804013
6.856607781457029,68.56607781457029,3.0757979370978363
6.901926789146186,69.01926789146187,3.0899253198849967
6.947453644413847,69.47453644413847,3.104096713484358
6.993188991801587,69.93188991801587,3.118312053000314
7.039133474866163,70.39133474866163,3.132571271286378
7.085287736146316,70.85287736146316,3.146874298932464
7.131652417129385,71.31652417129385,3.1612210642523264
7.1782281582177445,71.78228158217745,3.1756114932710995
7.225015598695051,72.2501559869505,3.1900455097129337
7.2720153766923215,72.72015376692322,3.2045230349888003
7.319228129153825,73.19228129153825,3.2190439881843975
7.366654491802808,73.66654491802808,3.233608286048181
7.4142950991070355,74.14295099107035,3.248215842979544
7.462150584244172,74.62150584244172,3.2628665710171294
7.510221579066985,75.10221579066985,3.277560379827266
7.558508714068382,75.58508714068383,3.2922971766925757
7.607012618346288,76.07012618346288,3.3070768665007
7.655733919568354,76.55733919568354,3.321899351733185
7.704673243936504,77.04673243936504,3.3367645324545165
7.753831216151334,77.53831216151335,3.351672306301329
7.8032084593763384,78.03208459376339,3.3666225684717377
7.852805595201996,78.52805595201997,3.3816152117148404
7.9026232436097,79.02623243609699,3.3966501263204316
7.952662022935535,79.52662022935536,3.411727200108799
8.002922549833917,80.02922549833917,3.426846318420779
8.053405439241079,80.53405439241078,3.4420073641079076
8.10411130433842,81.0411130433842,3.45721021752282
8.155040756515723,81.55040756515723,3.472454756509764
8.206194405334216,82.06194405334216,3.48774085639535
8.257572858489528,82.57572858489527,3.5030683899794584
8.309176721774488,83.09176721774489,3.5184372275263396
8.361006599041817,83.61006599041816,3.533847236755923
8.413063092166677,84.13063092166678,3.5492982828352977
8.465346801009117,84.65346801009117,3.5647902283704234
8.517858323376386,85.17858323376386,3.5803229333979987
8.570598254985132,85.70598254985131,3.5958962553775953
8.623567189423499,86.23567189423498,3.6115100491839405
8.676765718113096,86.76765718113096,3.627164167099459
8.730194430270881,87.30194430270882,3.642858458806997
8.78385391287092,87.83853912870921,3.6585927713827777
8.837744750606067,88.37744750606066,3.6743669492895936
8.891867525849523,88.91867525849523,3.6901808343701905
8.946222818616333,89.46222818616333,3.706034265840911
9.000811206524757,90.00811206524757,3.7219270802855444
9.055633264757585,90.55633264757586,3.7378591116494198
9.110689566023353,91.10689566023353,3.7538301912337495
9.165980680517482,91.65980680517481,3.7698401476901893
9.221507175883339,92.21507175883339,3.785888807015657
9.277269617173234,92.77269617173233,3.8019759925473977
9.33326856680934,93.33268566809339,3.8181015249582755
9.389504584544548,93.89504584544548,3.834265222252365
9.44597822742327,94.4597822742327,3.8504668997607467
9.502690049742167,95.02690049742168,3.8667063701375826
9.559640603010843,95.59640603010843,3.8829834433564727
9.616830435912476,96.16830435912476,3.8992979267070327
9.67426009426441,96.7426009426441,3.915649624791774
9.731930120978696,97.31930120978696,3.9320383395232517
9.789841056022606,97.89841056022607,3.9484638701214507
9.847993436379108,98.47993436379107,3.964926013111503
9.90638779600731,99.0638779600731,3.981424562321621
9.965024665802881,99.6502466580288,3.99795930888137
10.023904573558445,100.23904573558445,4.014530041220194
10.083028043923967,100.83028043923967,4.031136545066216
10.14239559836712,101.42395598367119,4.047778603445379
10.202007755133637,102.02007755133637,4.0644559966808025
10.261865029207678,102.61865029207678,4.081168502392521
10.321967932272171,103.21967932272172,4.097915895497447
10.382316972669178,103.82316972669179,4.114697948209667
10.442912655360262,104.42912655360261,4.131514430041049
10.503755481886863,105.03755481886863,4.148365107802134
10.564845950330703,105.64845950330704,4.165249745603343
10.626184555274202,106.26184555274202,4.182168104856501
10.687771787760925,106.87771787760924,4.1991199442766565
10.74960813525606,107.49608135256061,4.216105019884236
10.811694081606941,108.11694081606942,4.233123085007515
10.87403010700359,108.7403010700359,4.250173890285371
10.936616687939328,109.36616687939328,4.267257183670423
10.999454297171427,109.99454297171427,4.284372710432434
11.062543403681811,110.62543403681812,4.301520213162071
11.125884472637825,111.25884472637824,4.318699431775
11.189477965353067,111.89477965353066,4.335910103516271
11.253324339248287,112.53324339248287,4.353151962965095
11.317424047812365,113.17424047812365,4.370424742039897
11.381777540563359,113.8177754056336,4.3877281700037445
11.446385263009653,114.46385263009653,4.405061973470091
11.511247656611179,115.11247656611178,4.422425876408878
11.576365158740742,115.76365158740742,4.439819600152962
11.641738202645444,116.41738202645443,4.457242863404903
11.707367217408203,117.07367217408203,4.474695382244066
11.773252627909399,117.73252627909399,4.492176870134112
11.839394854788619,118.3939485478862,4.509687037930799
11.905794314406528,119.05794314406528,4.527225593890157
11.972451418806866,119.72451418806867,4.544792243677001
12.03936657567857,120.39366575678571,4.562386690373802
12.106540188318045,121.06540188318044,4.580008634489906
12.173972655591546,121.73972655591547,4.597657773971127
12.241664371897748,122.41664371897748,4.615333804209649
12.309615727130426,123.09615727130426,4.633036418054356
12.377827106641318,123.77827106641318,4.650765305821451
12.446298891203137,124.46298891203136,4.668520155305477
12.515031456972755,125.15031456972756,4.686300651790679
12.584025175454558,125.84025175454558,4.7041064780627355
12.653280413463975,126.53280413463975,4.721937314420859
12.722797533091192,127.22797533091193,4.739792838690227
12.79257689166506,127.92576891665061,4.757672726234817
12.862618841717184,128.62618841717185,4.7755766499705725
12.932923730946218,129.32923730946217,4.793504280378956
13.003491902182367,130.03491902182367,4.811455285520857
13.07432369335209,130.7432369335209,4.829429331050853
13.145419437443026,131.45419437443027,4.847426080231857
13.216779462469134,132.16779462469134,4.865445193950121
13.28840409143606,132.8840409143606,4.883486330730596
13.360293642306738,133.60293642306738,4.901549146752678
13.43244842796722,134.3244842796722,4.919633295866294
13.504868756192757,135.04868756192758,4.937738429608377
13.577554929614118,135.77554929614118,4.955864197219698
13.65050724568417,136.5050724568417,4.974010245662045
13.723725996644701,137.237259966447,4.9921762196358
13.797211469493528,137.97211469493527,5.010361761597856
13.87096394595185,138.70963945951848,5.0285665117799025
13.944983702431891,139.44983702431892,5.046790108207076
14.019271010004813,140.19271010004812,5.065032186716986
14.093826134368918,140.9382613436892,5.083292380979063
14.168649335818138,141.6864933581814,5.101570322514324
14.24374086921082,142.4374086921082,5.119865640715449
14.319100983938805,143.19100983938804,5.138177962867245
14.394729923896824,143.94729923896824,5.1565069141674575
14.470627927452197,144.70627927452196,5.174852117747934
14.546795227414847,145.46795227414847,5.193213194696168
14.623232051007637,146.23232051007636,5.211589764077151
14.699938619837035,146.99938619837036,5.229981442955631
14.776915149864104,147.76915149864104,5.248387846418688
14.854161851375837,148.54161851375838,5.266808587598658
14.931678928956828,149.31678928956828,5.285243277696431
15.009466581461286,150.09466581461285,5.303691526005078
15.087525001985414,150.87525001985415,5.322152939933814
15.165854377840125,151.65854377840125,5.340627125032328
15.24445489052414,152.44454890524142,5.359113685015427
15.323326715697439,153.2332671569744,5.3776122217880475
15.402470023155086,154.02470023155087,5.396122335470572
15.481884976801433,154.81884976801433,5.414643624424514
15.561571734624708,155.6157173462471,5.433175685278494
15.641530448671979,156.41530448671978,5.45171811295459
15.721761265024522,157.21761265024523,5.470270500694986
15.802264323773574,158.02264323773574,5.4888324400889505
15.883039758996494,158.83039758996495,5.507403521100126
15.96408769873332,159.6408769873332,5.525983332094176
16.045408264963747,160.45408264963748,5.544571459866707
16.12700157358451,161.2700157358451,5.56316748967151
16.208867734387198,162.08867734387198,5.581771005249137
16.291006851036467,162.91006851036468,5.6003815888557655
16.373419021048715,163.73419021048716,5.618998821292364
16.45610433577116,164.56104335771158,5.637622281934163
16.539062880361364,165.39062880361365,5.656251548760431
16.62229473376721,166.22294733767208,5.6748861983845424
16.705799968707307,167.05799968707308,5.693525806084307
16.78957865165185,167.8957865165185,5.712169945832645
16.87363084280394,168.73630842803942,5.73081819032848
16.957956596081356,169.57956596081357,5.7494701110279625
17.042555959098777,170.42555959098777,5.768125278175931
17.127428973150504,171.27428973150504,5.786783260837676
17.212575673193612,172.12575673193612,5.805443626930951
17.2979960878316,172.97996087831598,5.824105943258253
17.383690239298502,173.83690239298502,5.84276977553936
17.469658143443507,174.69658143443507,5.861434688444136
17.555899809716024,175.55899809716024,5.880100245625559
17.64241524115127,176.4241524115127,5.898766009753027
17.729204434356326,177.29204434356325,5.917431542545891
17.81626737949671,178.1626737949671,5.936096404807218
17.90360406028343,179.0360406028343,5.954760156457805
17.99121445396054,179.9121445396054,5.973422356570399
18.079098531293223,180.79098531293224,5.992082563404163
18.167256256556346,181.67256256556345,6.010740334439342
18.255687587523564,182.55687587523565,6.02939522641215
18.34439247545692,183.4439247545692,6.048046795349877
18.433370865096965,184.33370865096964,6.0666945966061645
18.522622694653386,185.22622694653387,6.0853381848965356
18.612147895796188,186.12147895796187,6.103977114334055
18.701946393647376,187.01946393647376,6.1226109384652165
18.79201810677317,187.9201810677317,6.141239210306026
18.882362947176766,188.82362947176767,6.159861482378204
18.97298082029161,189.7298082029161,6.178477306745628
19.06387162497523,190.63871624975232,6.197086235050886
19.155035253503588,191.55035253503587,6.215687818552036
19.24647159156598,192.4647159156598,6.2342816081594785
19.33818051826049,193.3818051826049,6.252867154473022
19.43016190608997,194.30161906089972,6.271444007819048
19.522415620958583,195.22415620958583,6.2900117182878565
19.614941522168888,196.14941522168888,6.308569835771101
19.707739462419475,197.07739462419477,6.327117909999403
19.800809287803165,198.00809287803165,6.345655490580031
19.894150837805746,198.94150837805745,6.364182127034729
19.98776394530528,199.87763945305278,6.382697368837656
20.081648436571953,200.81648436571953,6.401200765453401
20.175804131268517,201.75804131268518,6.419691866375121
20.270230842451245,202.70230842451244,6.438170221162755
20.364928376571484,203.64928376571484,6.456635379481328
20.459896533477757,204.59896533477757,6.475086891139337
20.555135106418433,205.55135106418433,6.4935243061271954
20.650643882044957,206.50643882044957,6.511947174655756
20.74642264041565,207.46422640415648,6.5303550471948935
20.842471155000077,208.42471155000078,6.548747474512119
20.938789192683977,209.38789192683976,6.567124007711284
21.03537651377476,210.35376513774762,6.585484198271265
21.13223287200759,211.32232872007592,6.603827598084749
21.229358014552005,212.29358014552005,6.622153759496981
21.326751682019133,213.26751682019133,6.640462235344587
21.424413608469468,214.24413608469467,6.658752578994374
21.522343521421217,215.22343521421217,6.677024344382156
21.62054114185921,216.2054114185921,6.695277086051583
21.719006184244385,217.19006184244387,6.713510359192942
21.817738356523844,218.17738356523844,6.7317237196819875
21.916737360141475,219.16737360141474,6.749916724118702
22.01600289004914,220.1600289004914,6.768088929866078
22.11553463471844,221.1553463471844,6.786239895088849
22.21533227615303,222.15332276153032,6.80436917879217
22.315395489901526,223.15395489901528,6.82247634086027
22.41572394507095,224.1572394507095,6.840560942095057
22.51631730434077,225.1631730434077,6.858622544254649
22.617175223977476,226.17175223977478,6.876660710091855
22.718297353849735,227.18297353849735,6.894675003392569
22.819683337444108,228.19683337444107,6.912664989014104
22.921332811881324,229.21332811881325,6.930630232923431
23.023245407933118,230.23245407933118,6.948570302235327
23.125420750039616,231.25420750039615,6.966484765250428
23.22785845632729,232.2785845632729,6.984373191493182
23.330558138627456,233.30558138627455,7.002235151749687
23.433519402495342,234.3351940249534,7.020070218105404
23.53674184722969,235.3674184722969,7.037877963982764
23.640225065892906,236.40225065892906,7.055657964178632
23.74396864533179,237.4396864533179,7.073409794901631
23.847972166198762,238.4797216619876,7.091133033809341
23.952235202973668,239.52235202973668,7.1088272600453335
24.05675732398612,240.5675732398612,7.126492054276049
24.161538091438356,241.61538091438356,7.144126998727522
24.266577061428666,242.66577061428666,7.161731677221926
24.371873783975328,243.7187378397533,7.179305675213959
24.477427803041078,244.77427803041078,7.196848579827035
24.58323865655812,245.8323865655812,7.214359979889289
24.689305876453652,246.89305876453653,7.231839465969391
24.79562898867592,247.95628988675918,7.2492866304121675
24.902207513220773,249.02207513220773,7.266701067374001
25.00904096415877,250.0904096415877,7.284082372858037
25.116128849662765,251.16128849662766,7.30143014474915
25.22347067203601,252.23470672036012,7.31874398284871
25.331065927740795,253.31065927740795,7.336023488909096
25.438914107427536,254.38914107427536,7.353268266667996
25.54701469596441,255.4701469596441,7.370477921882447
25.655367172467464,256.55367172467464,7.387652062362635
25.763971010331222,257.6397101033122,7.404790298005445
25.87282567725977,258.72825677259766,7.421892240827745
25.981930635298344,259.81930635298346,7.438957504999415
26.091285340865383,260.91285340865386,7.455985706876088
26.200889244785063,262.00889244785066,7.472976465031648
26.310741792320304,263.10741792320306,7.489929400290403
26.420842423206242,264.20842423206244,7.506844135759016
26.53119057168417,265.3119057168417,7.523720296858109
26.64178566653594,266.4178566653594,7.5405575113535965
26.752627131118807,267.52627131118805,7.5573554093877
26.863714383400737,268.63714383400736,7.574113623509655
26.975046835996153,269.75046835996153,7.590831788706129
27.08662389620213,270.8662389620213,7.607509542431288
27.19844496603502,271.9844496603502,7.624146524636561
27.3105094422675,273.105094422675,7.640742377800093
27.422816716466077,274.22816716466076,7.657296746955817
27.53536617502898,275.3536617502898,7.673809279722255
27.64815719922449,276.4815719922449,7.690279626330921
27.76118916522967,277.6118916522967,7.70670743965441
27.874461444169516,278.74461444169515,7.72309237523414
27.9879734021565,279.879734021565,7.739434091307709
28.1017244003305,281.017244003305,7.755732248835935
28.21571379489915,282.1571379489915,7.771986511529503
28.329940937178538,283.2994093717854,7.7881965458752624
28.444405173634316,284.44405173634317,7.80436202116214
28.559105845923167,285.59105845923165,7.820482609506696
28.674042290934647,286.7404229093465,7.836557985878284
28.78921384083339,287.8921384083339,7.852587828123845
28.904619823101672,289.0461982310167,7.868571816992305
29.02025956058232,290.2025956058232,7.884509636158593
29.13613237152198,291.3613237152198,7.900400972247249
29.252237569614714,292.52237569614715,7.91624551485566
29.36857446404594,293.6857446404594,7.932042956576886
29.485142359536695,294.85142359536695,7.94779299302207
29.60194055638823,296.0194055638823,7.963495322842473
29.7189683505269,297.189683505269,7.979149647751074
29.836225033549397,298.36225033549397,7.99475567254377
29.953709892768263,299.5370989276826,8.010313105120163
30.07142221125771,300.7142221125771,8.025821656503927
30.18936126789973,301.89361267899733,8.041281040862762
30.307526337430506,303.07526337430505,8.056690975527907
30.425916690487075,304.25916690487077,8.072051181013268
30.544531593654288,305.4453159365429,8.087361381034077
30.663370309512032,306.6337030951203,8.102621302525144
30.782432096682715,307.82432096682714,8.11783067565868
30.901716209878995,309.0171620987899,8.132989233861684
31.02122189995177,310.2122189995177,8.148096713832889
31.1409484139384,311.409484139384,8.163152855559279
31.260894995111187,312.60894995111187,8.178157402332173
31.381060883026045,313.81060883026043,8.193110100762857
31.501445313571434,315.01445313571435,8.208010700797779
31.62204751901749,316.2204751901749,8.222858955733315
31.74286672806535,317.4286672806535,8.237654622230064
31.863902165896725,318.63902165896724,8.252397460326733
31.98515305422362,319.8515305422362,8.267087233453537
32.10661861133827,321.0661861133827,8.281723708445195
32.228298052163275,322.28298052163274,8.296306655553439
32.35019058830187,323.5019058830187,8.310835848459098
32.4722954280884,324.722954280884,8.325311064283731
32.59461177663895,325.9461177663895,8.339732083600792
32.71713883590212,327.1713883590212,8.354098690446376
32.839875804709976,328.39875804709976,8.368410672329485
32.96282187882912,329.6282187882912,8.382667820241856
33.0859762510119,330.859762510119,8.396869928667343
33.20933811104779,332.09338111047794,8.411016795590834
33.33290664581483,333.3290664581483,8.425108222506733
33.45668103933123,334.56681039331227,8.439144014426974
33.58066047280706,335.8066047280706,8.4531239798886
33.70484412469609,337.04844124696086,8.467047930960883
33.82923117074764,338.2923117074764,8.480915683251986
33.95382078405863,339.53820784058627,8.494727055915208
34.078612135125624,340.78612135125627,8.508481871654725
34.20360439189701,342.0360439189701,8.522179956730946
34.328796719825206,343.2879671982521,8.535821140965368
34.454188281918974,344.5418828191897,8.549405257745011
34.57977823879577,345.7977823879577,8.562932144026416
34.70556574873413,347.0556574873413,8.576401640339169
34.831549967726154,348.3154996772615,8.589813590789007
34.95773004952997,349.5773004952997,8.603167843060467
35.08410514572226,350.84105145722265,8.616464248419112
35.210674405750815,352.10674405750814,8.629702661713289
35.337436976987085,353.37436976987084,8.642882941375479
35.46439200477879,354.6439200477879,8.656004949423192
35.59153863250248,355.91538632502477,8.669068551459434
35.71887600161613,357.1887600161613,8.682073616672739
35.846403251711735,358.46403251711735,8.695020017836773
35.97411952056786,359.7411952056786,8.707907631309512
36.10202394420221,361.0202394420221,8.720736337031974
36.230115656924134,362.30115656924136,8.733506018526557
36.358393791387144,363.5839379138714,8.746216562894928
36.48685747864137,364.86857478641366,8.758867860815498
36.615505848185954,366.15505848185956,8.771459806540499
36.74433802802145,367.4433802802145,8.783992297892604
36.87335314470212,368.7335314470212,8.796465236261183
37.00255032338818,370.02550323388175,8.808878526598104
37.131928687897975,371.31928687897977,8.821232077413159
37.261487360760114,372.6148736076011,8.833525800769058
37.391225463265485,373.9122546326548,8.845759612276051
37.5211421155192,375.21142115519194,8.857933431086119
37.65123643649244,376.5123643649244,8.870047179886786
37.78150754407425,377.81507544074253,8.882100784894538
37.91195455512316,379.11954555123157,8.894094175847842
38.04257658551873,380.4257658551873,8.906027285999786
38.17337275021302,381.7337275021302,8.917900052110326
38.30434216328186,383.0434216328186,8.929712414438164
38.43548393797607,384.35483937976073,8.941464316732235
38.56679718677253,385.6679718677253,8.953155706222827
38.69828102142507,386.98281021425066,8.96478653361233
38.829934553015256,388.29934553015255,8.976356753065616
38.961756892003066,389.61756892003064,8.98786632220005
39.093747148277345,390.93747148277345,8.99931520207515
39.225904431206125,392.25904431206123,9.010703357181889
39.35822784968681,393.5822784968681,9.022030755431626
39.49071651219618,394.9071651219618,9.033297368144718
39.623369526840186,396.23369526840185,9.044503170038762
39.756186001403634,397.56186001403637,9.055648139216505
39.88916504339963,398.8916504339963,9.066732257153411
40.02230576011886,400.2230576011886,9.077755508684907
40.15560725867869,401.5560725867869,9.08871788199328
40.28906864607205,402.89068646072053,9.099619368594256
40.42268902921613,404.22689029216133,9.110459963323274
40.55646751500083,405.5646751500083,9.12123966432141
40.69040321033709,406.90403210337087,9.13195847302101
40.82449522220489,408.2449522220489,9.142616394131007
40.95874265770112,409.58742657701123,9.153213435621938
41.0931446240872,410.931446240872,9.163749608710647
41.22770022883642,412.2770022883642,9.174224927844705
41.36240857968114,413.62408579681136,9.184639410686527
41.49726878465967,414.97268784659667,9.194993078097207
41.63227995216296,416.3227995216296,9.205285954120072
41.76744119098103,417.6744119098103,9.21551806596394
41.90275161034914,419.0275161034914,9.225689443986129
42.038210319993716,420.38210319993715,9.235800121675169
42.17381643017801,421.7381643017801,9.245850135633265
42.309569051747516,423.0956905174752,9.255839525558498
42.44546729617512,424.45467296175116,9.265768334226747
42.58151027560595,425.8151027560595,9.275636607473395
42.717697102901994,427.1769710290199,9.285444394174753
42.854026891686416,428.5402689168642,9.295191746229255
42.9904987563876,429.90498756387603,9.30487871853842
43.127111812282934,431.2711181228293,9.314505368987563
43.26386517554224,432.6386517554224,9.324071758426289
43.400757963271026,434.00757963271025,9.333577950648756
43.53778929355331,435.3778929355331,9.343024012373723
43.67495828549427,436.7495828549427,9.352410013224365
43.81226405926252,438.1226405926252,9.361736025707904
43.94970573613212,439.49705736132114,9.371002125195007
44.08728243852425,440.8728243852425,9.380208389898991
44.224993290048616,442.24993290048616,9.38935490085484
44.36283741554451,443.6283741554451,9.398441741898013
44.50081394112158,445.0081394112158,9.407468999643067
44.638921994200246,446.38921994200246,9.416436763462107
44.77716070355187,447.77160703551874,9.425345125463046
44.915529199338536,449.1552919933854,9.43419418046769
45.054026613152516,450.5402661315252,9.44298402598966
45.19265207805545,451.92652078055454,9.45171476221214
45.331404728617166,453.3140472861717,9.46038649196547
45.47028370095414,454.70283700954144,9.468999320704588
45.609288132767716,456.09288132767716,9.477553356486299
45.74841716338189,457.48417163381885,9.48604870994642
45.8876699337808,458.87669933780796,9.494485494276777
46.02704558664589,460.2704558664589,9.502863825202047
46.166543266392715,461.66543266392716,9.511183820956493
46.30616211920739,463.0616211920739,9.519445602260545
46.44590129308273,464.45901293082727,9.527649292297278
46.58575993785399,465.85759937853993,9.53579501668875
46.72573720523435,467.2573720523435,9.54388290347224
46.865832248849905,468.65832248849904,9.551913083076364
47.006044224274454,470.06044224274456,9.559885688297097
47.14637228906383,471.4637228906383,9.567800854273672
47.28681560278993,472.8681560278993,9.575658718464405
47.42737332707437,474.2737332707437,9.583459420622404
47.56804462562179,475.68044625621786,9.59120310277121
47.70882866425276,477.08828664252763,9.598889909180334
47.84972461093643,478.49724610936426,9.606519986340723
47.99073163582266,479.90731635822664,9.614093482940154
48.13184891127398,481.31848911273977,9.621610549838538
48.273075611896985,482.73075611896985,9.62907134004318
48.41441091457355,484.1441091457355,9.636476008683958
48.555853998491536,485.55853998491534,9.643824712988444
48.697404045175226,486.9740404517523,9.651117612256975
48.83906023851534,488.3906023851534,9.658354867837671
48.98082176479871,489.80821764798714,9.665536643101403
49.122687812737595,491.2268781273759,9.67266310341672
49.264657573498575,492.64657573498573,9.679734416124738
49.406730240731136,494.06730240731133,9.686750750513985
49.548905010595874,495.48905010595877,9.693712277795226
49.6911810817923,496.911810817923,9.700619171076253
49.83355765558629,498.3355765558629,9.707471605336655
49.97603393583719,499.7603393583719,9.714269757402564
50.11860912902449,501.1860912902449,9.721013805921386
50.26128244427422,502.61282444274224,9.727703931336524
50.404053093384874,504.04053093384874,9.734340315862092
50.54692029085302,505.46920290853024,9.740923143457609
50.68988325389855,506.8988325389855,9.747452599802719
50.8329412024895,508.329412024895,9.75392887227188
50.97609335936657,509.76093359366575,9.760352149909096
51.11933895006723,511.1933895006723,9.766722623402623
51.262677202949455,512.6267720294945,9.77304048505971
51.40610734921511,514.0610734921511,9.77930592878135
51.549628622932964,515.4962862293296,9.785519150037048
51.69324026106129,516.9324026106129,9.791680345839616
51.83694150347017,518.3694150347017,9.79778971471999
51.98073159296339,519.8073159296339,9.803847456702083
52.124609775299916,521.2460977529992,9.809853773277665
52.26857529921514,522.6857529921514,9.815808867381273
52.41262741644159,524.1262741644159,9.821712943365185
52.55676538172942,525.5676538172942,9.827566206974401
52.70098845286643,527.0098845286643,9.833368865321697
52.84529589069779,528.4529589069779,9.839121126862718
52.98968695914534,529.8968695914534,9.844823201371115
53.13416092522658,531.3416092522658,9.85047529991375
53.27871705907328,532.7871705907328,9.856077634825951
53.4233546339497,534.233546339497,9.861630419686817
53.56807292627048,535.6807292627049,9.867133869294612
53.71287121561817,537.1287121561817,9.872588199642193
53.85774878476038,538.5774878476038,9.87799362789253
54.00270491966659,540.0270491966659,9.883350372354288
54.14773890952459,541.4773890952459,9.88865865245748
54.29285004675658,542.9285004675658,9.893918688729197
54.43803762703489,544.3803762703488,9.899130702769424
54.58330094929738,545.8330094929738,9.90429491722693
54.72863931576247,547.2863931576247,9.909411555775238
54.8740520319438,548.740520319438,9.914480843088691
55.01953840666457,550.1953840666457,9.919503004818603
55.16509775207153,551.6509775207153,9.924478267569492
55.3107293836486,553.107293836486,9.929406858875417
55.45643262023015,554.5643262023016,9.934289007176405
55.60220678401398,556.0220678401398,9.939124941794976
55.74805120057386,557.4805120057387,9.943914892912765
55.89396519887186,558.9396519887187,9.948659091547256
56.039948111270206,560.399481112702,9.953357769528598
56.1859992735429,561.8599927354289,9.958011159476547
56.33211802488695,563.3211802488695,9.96261949477751
56.47830370793329,564.7830370793329,9.967183009561694
56.62455566875734,566.2455566875734,9.971701938680365
56.770873256889246,567.7087325688924,9.976176517683232
56.91725582532382,569.1725582532382,9.980606982795926
57.0637027305301,570.637027305301,9.98499357089762
57.21021333246063,572.1021333246064,9.989336519498739
57.35678699456038,573.5678699456038,9.993636066718821
57.50342308377534,575.0342308377534,9.99789245126447
57.65012097056084,576.5012097056084,10.002105912407451
57.79688002888952,577.9688002888952,10.006276689962904
57.94369963625895,579.4369963625895,10.010405024267687
58.090579173698984,580.9057917369898,10.014491156158831
58.23751802577879,582.3751802577879,10.018535326952152
58.38451558061356,583.8451558061356,10.022537778420965
58.531571229870885,585.3157122987088,10.026498752774947
58.67868436877688,586.7868436877687,10.030418492639127
58.82585439612194,588.2585439612194,10.034297241033007
58.973080714266246,589.7308071426625,10.03813524134983
59.12036272914493,591.2036272914493,10.041932737335959
59.26769985027296,592.6769985027296,10.045689973070429
59.415091490749724,594.1509149074973,10.049407192944606
59.56253706726329,595.6253706726329,10.053084641642002
59.71003600009445,597.1003600009444,10.056722564118227
59.857587713120346,598.5758771312035,10.060321205581074
60.005191633817944,600.0519163381795,10.063880811470769
60.15284719326712,601.5284719326712,10.067401627440331
60.30055382615351,603.0055382615351,10.070883899336108
60.448310970771054,604.4831097077106,10.074327873178436
60.59611806902427,605.9611806902427,10.077733795142453
60.74397456643024,607.4397456643023,10.081101911539061
60.89187991212033,608.9187991212033,10.084432468796022
61.03983355884163,610.3983355884163,10.087725713439221
61.187834962958114,611.8783496295812,10.09098189207406
61.33588358445154,613.3588358445154,10.09420125136701
61.483978886922074,614.8397888692207,10.097384038027315
61.63212033758866,616.3212033758866,10.100530498788826
61.78030740728911,617.803074072891,10.103640880392017
61.92853957047993,619.2853957047993,10.106715429566124
62.07681630523591,620.7681630523591,10.109754393011448
62.225137093249444,622.2513709324944,10.112758017381806
62.37350141982958,623.7350141982959,10.115726549267139
62.52190877390084,625.2190877390084,10.118660235176261
62.67035864800177,626.7035864800177,10.121559321519772
62.81885053828327,628.1885053828328,10.124424054593119
62.967383944506636,629.6738394450664,10.127254680559805
63.1159583700414,631.159583700414,10.13005144543476
63.264573321862876,632.6457332186287,10.132814595067856
63.41322831054956,634.1322831054956,10.135544375127584
63.561922850280176,635.6192285028018,10.138241031084878
63.71065645883056,637.1065645883057,10.140904808197092
63.85942865757031,638.5942865757031,10.143535951492138
64.00823897145918,640.0823897145917,10.146134705752766
64.15708692904323,641.5708692904323,10.14870131550101
64.30597206245085,643.0597206245085,10.15123602498277
64.4548939073884,644.548939073884,10.153739078152574
64.60385200313574,646.0385200313574,10.15621071865846
64.75284589254157,647.5284589254157,10.15865118982704
64.90187512201844,649.0187512201844,10.161060734648698
65.05093924153762,650.5093924153762,10.163439595762954
65.20003780462373,652.0003780462373,10.165788015443962
65.3491703683492,653.491703683492,10.168106235586189
65.49833649332848,654.9833649332847,10.170394497690209
65.64753574371203,656.4753574371202,10.172653042848689
65.79676768718018,657.9676768718018,10.174882111732488
65.94603189493671,659.4603189493671,10.177081944576937
66.09532794170227,660.9532794170227,10.17925278116825
66.2446554057076,662.446554057076,10.181394860830094
66.39401386868657,663.9401386868657,10.183508422410315
66.54340291586895,665.4340291586896,10.185593704267792
66.69282213597312,666.9282213597312,10.187650944259467
66.84227112119846,668.4227112119846,10.189680379727504
66.99174946721767,669.9174946721768,10.191682247486602
67.1412567731688,671.4125677316881,10.19365678381146
67.29079264164717,672.9079264164717,10.195604224424379
67.44035667869709,674.4035667869708,10.197524804483026
67.58994849380338,675.8994849380338,10.199418758568324
67.73956769988278,677.3956769988279,10.201286320672509
67.88921391327513,678.8921391327513,10.203127724187306
68.03888675373432,680.3888675373432,10.20494320189228
68.18858584441925,681.8858584441925,10.206732985943304
68.33831081188445,683.3831081188446,10.208497307861185
68.48806128607063,684.8806128607064,10.210236398520422
68.63783690029501,686.3783690029502,10.211950488138118
68.78763729124154,687.8763729124154,10.213639806263025
68.9374620989509,689.374620989509,10.215304581764723
69.08731096681048,690.8731096681048,10.216945042822957
69.23718354154397,692.3718354154397,10.218561416917089
69.38707947320107,693.8707947320107,10.220153930815709
69.5369984151468,695.369984151468,10.221722810566375
69.68694002405086,696.8694002405085,10.223268281485483
69.83690395987672,698.3690395987672,10.224790568148281
69.98688988587061,699.8688988587061,10.226289894379017
70.13689746855036,701.3689746855036,10.22776648324122
70.28692637769413,702.8692637769414,10.22922055702811
70.43697628632891,704.3697628632891,10.23065233725315
70.58704687071905,705.8704687071905,10.232062044640717
70.73713781035443,707.3713781035442,10.233449899116913
70.8872487879387,708.872487879387,10.234816119800506
71.03737948937732,710.3737948937732,10.236160924993992
71.18752960376537,711.8752960376537,10.237484532174795
71.3376988233754,713.376988233754,10.238787157986586
71.48788684364509,714.8788684364508,10.24006901823073
71.63809336316469,716.3809336316468,10.24133032785787
71.78831808366446,717.8831808366447,10.242571300959609
71.93856071000202,719.3856071000203,10.243792150760344
72.0888209501494,720.888209501494,10.244993089609206
72.23909851518013,722.3909851518013,10.24617432897213
72.38939311925623,723.8939311925623,10.247336079424032
72.53970447961491,725.3970447961491,10.248478550641126
72.69003231655542,726.9003231655541,10.249601951393345
72.84037635342551,728.4037635342552,10.25070648953688
72.99073631660802,729.9073631660802,10.251792372006843
73.14111193550723,731.4111193550723,10.252859804810045
73.29150294253512,732.9150294253511,10.253908993017882
73.44190907309759,734.4190907309759,10.25494014075934
73.59233006558051,735.9233006558052,10.255953451214111
73.7427656613357,737.4276566133569,10.256949126605823
73.8932156046668,738.9321560466681,10.257927368195382
74.0436796428151,740.4367964281511,10.258888376274415
74.19415752594519,741.9415752594518,10.259832350158835
74.34464900713051,743.4464900713051,10.260759488182497
74.49515384233898,744.9515384233898,10.261669987690984
74.6456717904183,746.456717904183,10.262564045035475
74.79620261308135,747.9620261308135,10.26344185556673
74.94674607489137,749.4674607489137,10.26430361362918
75.09730194324716,750.9730194324716,10.265149512555114
75.24786998836815,752.4786998836815,10.265979744658969
75.39844998327936,753.9844998327936,10.266794501231725
75.54904170379635,755.4904170379634,10.26759397253539
75.69964492851,756.9964492851,10.268378347797599
75.85025943877129,758.5025943877129,10.269147815206292
76.00088501867597,760.0088501867597,10.2699025619045
76.15152145504918,761.5152145504918,10.270642773985227
76.30216853742994,763.0216853742993,10.27136863648642
76.4528260580556,764.5282605805561,10.272080333386041
76.6034938118463,766.0349381184631,10.272778047597217
76.75417159638917,767.5417159638916,10.273461960963497
76.90485921192264,769.0485921192264,10.274132254254187
77.05555646132062,770.5555646132062,10.274789107159789
77.2062631500766,772.062631500766,10.275432698287505
77.35697908628767,773.5697908628766,10.276063205156856
77.50770408063856,775.0770408063856,10.27668080419536
77.65843794638552,776.5843794638552,10.277285670734317
77.80918049934019,778.0918049934019,10.277877979004662
77.9599315578534,779.599315578534,10.278457902132917
78.11069094279893,781.1069094279892,10.2790256121372
78.26145847755717,782.6145847755718,10.27958127992335
78.41223398799879,784.1223398799879,10.280125075281099
78.56301730246827,785.6301730246827,10.280657166880337
78.71380825176745,787.1380825176744,10.281177722267461
78.86460666913898,788.6460666913898,10.281686907861792
79.01541239024978,790.1541239024978,10.28218488895206
79.16622525317433,791.6622525317433,10.28267182969299
79.31704509837809,793.1704509837809,10.283147893101935
79.46787176870068,794.6787176870067,10.283613241055592
79.61870510933915,796.1870510933915,10.284068034286795
79.76954496783115,797.6954496783115,10.284512432381373
79.92039119403807,799.2039119403807,10.28494659377507
80.0712436401281,800.712436401281,10.285370675750558
80.2221021605593,802.221021605593,10.285784834434489
80.3729666120626,803.729666120626,10.286189224794636
80.52383685362474,805.2383685362474,10.286584000637083
80.67471274647124,806.7471274647124,10.286969314603494
80.82559415404923,808.2559415404922,10.287345318168443
80.97648094201031,809.7648094201031,10.287712161636792
81.12737297819338,811.2737297819338,10.288069994141157
81.27827013260739,812.782701326074,10.28841896363941
81.42917227741408,814.2917227741408,10.288759216912261
81.58007928691067,815.8007928691068,10.289090899560884
81.73099103751255,817.3099103751256,10.289414156004613
81.88190740773588,818.8190740773588,10.289729129478683
82.03282827818022,820.3282827818022,10.290035962032045
82.18375353151109,821.8375353151109,10.290334794525213
82.33468305244249,823.3468305244248,10.290625766628194
82.48561672771946,824.8561672771946,10.290909016818443
82.6365544461005,826.365544461005,10.291184682378887
82.78749609834007,827.8749609834007,10.291452899396004
82.93844157717098,829.3844157717098,10.291713802757945
83.0893907772868,830.8939077728679,10.2919675261527
83.24034359532425,832.4034359532425,10.29221420206633
83.3912999298455,833.912999298455,10.292453961781236
83.54225968132056,835.4225968132056,10.29268693537448
83.6932227521095,836.932227521095,10.292913251716147
83.8441890464448,838.441890464448,10.293133038467756
83.99515847041353,839.9515847041353,10.293346422080724
84.14613093193964,841.4613093193964,10.293553527794856
84.29710634076613,842.9710634076614,10.293754479636899
84.44808460843726,844.4808460843726,10.29394940041912
84.5990656482807,845.990656482807,10.29413841173794
84.75004937538968,847.5004937538968,10.294321633972599
84.90103570660514,849.0103570660515,10.294499186283865
85.05202456049784,850.5202456049784,10.294671186612785
85.2030158573504,852.030158573504,10.294837751679468
85.35400951913942,853.5400951913942,10.294998996981912
85.50500546951758,855.0500546951758,10.29515503679486
85.65600363379559,856.5600363379559,10.295305984168703
85.80700393892427,858.0700393892427,10.295451950928406
85.95800631347656,859.5800631347656,10.295593047672485
86.10901068762954,861.0901068762953,10.295729383771993
86.26001699314632,862.6001699314633,10.29586106736957
86.41102516335815,864.1102516335815,10.295988205378492
86.56203513314624,865.6203513314624,10.296110903481788
86.7130468389238,867.130468389238,10.296229266131352
86.86406021861794,868.6406021861794,10.29634339654711
87.01507521165155,870.1507521165155,10.296453396716208
87.16609175892528,871.6609175892528,10.296559367392229
87.31710980279938,873.1710980279938,10.296661408094439
87.4681292870756,874.681292870756,10.296759617107057
87.61915015697909,876.191501569791,10.296854091478554
87.77017235914023,877.7017235914024,10.296944927020991
87.9211958415765,879.211958415765,10.29703221830935
88.07222055367436,880.7222055367436,10.29711605868093
88.22324644617102,882.2324644617102,10.297196540234731
88.37427347113633,883.7427347113634,10.297273753830892
88.52530158195458,885.2530158195458,10.297347789090125
88.6763307333063,886.763307333063,10.297418734393197
88.8273608811501,888.2736088115009,10.297486676880409
88.97839198270444,889.7839198270444,10.297551702451115
89.12942399642942,891.2942399642942,10.297613895763254
89.28045688200862,892.8045688200862,10.2976733402329
89.43149060033079,894.3149060033079,10.297730118033837
89.58252511347169,895.8252511347168,10.297784310097144
89.73356038467585,897.3356038467585,10.297835996110814
89.88459637833832,898.8459637833831,10.297885254519372
90.0356330599864,900.3563305998639,10.297932162523518
90.18667039626146,901.8667039626146,10.297976796079794
90.33770835490064,903.3770835490064,10.29801922990026
90.4887469047186,904.887469047186,10.298059537452177
90.63978601558924,906.3978601558924,10.298097790957728
90.79082565842748,907.9082565842748,10.298134061393725
90.94186580517096,909.4186580517096,10.29816841849136
91.0929064287618,910.929064287618,10.29820093073594
91.24394750312823,912.4394750312822,10.29823166536666
91.39498900316643,913.9498900316643,10.29826068837638
91.5460309047222,915.460309047222,10.298288064511397
91.69707318457264,916.9707318457265,10.298313857271262
91.84811582040791,918.4811582040791,10.298338128908581
91.9991587908129,919.991587908129,10.298360940428838
92.15020207524897,921.5020207524897,10.298382351590227
92.30124565403564,923.0124565403564,10.298402420903498
92.45228950833229,924.5228950833229,10.298421205631804
92.60333362011984,926.0333362011984,10.29843876179056
92.75437797218251,927.5437797218251,10.29845514414732
92.90542254808945,929.0542254808945,10.298470406221647
93.05646733217645,930.5646733217645,10.298484600285004
93.20751230952767,932.0751230952767,10.298497777360648
93.35855746595729,933.5855746595729,10.298509987223532
93.5096027879912,935.096027879912,10.298521278400207
93.66064826284872,936.6064826284872,10.298531698168746
93.8116938784243,938.116938784243,10.298541292558658
93.96273962326912,939.6273962326911,10.29855010635082
94.11378548657285,941.1378548657285,10.298558183077409
94.26483145814535,942.6483145814535,10.298565565021837
94.4158775283983,944.158775283983,10.298572293218701
94.5669236883269,945.6692368832689,10.298578407453725
94.71796992949156,947.1796992949156,10.298583946263715
94.8690162439996,948.6901624399959,10.29858894693652
95.02006262448687,950.2006262448687,10.298593445510992
95.17110906409951,951.711090640995,10.298597476776939
95.32215555647558,953.2215555647558,10.298601074275114
95.47320209572675,954.7320209572674,10.29860427029717
95.62424867641997,956.2424867641996,10.298607095885643
95.77529529355918,957.7529529355918,10.298609580833926
95.92634194256698,959.2634194256698,10.298611753686247
96.07738861926626,960.7738861926625,10.29861364173766
96.22843531986193,962.2843531986193,10.29861527103402
96.37948204092261,963.7948204092261,10.298616666371975
96.53052877936226,965.3052877936226,10.298617851298951
96.68157553242187,966.8157553242188,10.298618848113147
96.8326222976512,968.326222976512,10.29861967786352
96.98366907289034,969.8366907289034,10.298620360349783
97.13471585625149,971.3471585625149,10.298620914122397
97.28576264610061,972.857626461006,10.298621356482567
97.43680944103907,974.3680944103908,10.298621703482233
97.58785623988535,975.8785623988535,10.298621969924078
97.73890304165673,977.3890304165673,10.298622169361511
97.88994984555092,978.8994984555092,10.29862231409868
98.0409966509278,980.409966509278,10.298622415190454
98.19204345729104,981.9204345729104,10.298622482442438
98.34309026426982,983.4309026426981,10.298622524410963
98.49413707160048,984.9413707160047,10.298622548403085
98.64518387910822,986.4518387910822,10.298622560476591
98.79623068668876,987.9623068668876,10.298622565439992
98.94727749429002,989.4727749429002,10.298622566852526
99.0983243018938,990.983243018938,10.298622567024161
99.24937110949745,992.4937110949745,10.298622567015586
99.40041791709555,994.0041791709555,10.298622566638224
99.55146472466163,995.5146472466163,10.298622564454218
99.70251153212976,997.0251153212976,10.298622557776442
99.85355833937632,998.5355833937632,10.298622542668493
100.0046051462016,1000.046051462016,10.298622513944698
100.15565195231152,1001.5565195231152,10.298622465170112
100.30669875729929,1003.0669875729928,10.298622388660512
100.4577455606271,1004.5774556062711,10.298622275482408
100.60879236160781,1006.0879236160781,10.298622115453032
100.7598391593866,1007.598391593866,10.298621897140352
100.91088595292264,1009.1088595292264,10.298621607863057
101.0619327409708,1010.619327409708,10.298621233690572
101.21297952206332,1012.1297952206332,10.298620759443054
101.36402629449147,1013.6402629449146,10.298620168691395
101.51507305628722,1015.1507305628722,10.298619443757225
101.66611980520496,1016.6611980520496,10.298618565712914
101.81716653870313,1018.1716653870313,10.29861751438158
101.96821325392595,1019.6821325392596,10.298616268337094
102.11925994768504,1021.1925994768503,10.298614804904085
102.27030661644112,1022.7030661644112,10.298613100157947
102.42135325628573,1024.2135325628574,10.298611128924856
102.57239986292282,1025.7239986292282,10.298608864781768
102.72344643165053,1027.2344643165052,10.298606280056445
102.87449295734278,1028.7449295734277,10.29860334582746
103.02553943443101,1030.2553943443102,10.298600031924225
103.17658585688582,1031.7658585688582,10.298596306926994
103.32763221819867,1033.2763221819866,10.2985921381669
103.47867851136357,1034.7867851136357,10.29858749172597
103.62972472885872,1036.2972472885872,10.29858233243716
103.78077086262824,1037.8077086262824,10.298576623884376
103.93181690406382,1039.3181690406382,10.298570328402517
104.0828628439864,1040.8286284398641,10.298563407077507
104.23390867262788,1042.3390867262788,10.298555819746342
104.38495437961275,1043.8495437961276,10.298547524997126
104.53599995393985,1045.3599995393986,10.298538480169132
104.68704538396398,1046.8704538396398,10.29852864135285
104.83809065737763,1048.3809065737764,10.298517963390047
104.98913576119267,1049.8913576119267,10.29850639987384
105.14018068172199,1051.40180681722,10.298493903148758
105.29122540456123,1052.9122540456124,10.298480424310819
105.44226991457047,1054.4226991457047,10.298465913207618
105.59331419585591,1055.9331419585592,10.298450318438412
105.74435823175156,1057.4435823175156,10.298433587354223
105.89540200480093,1058.9540200480092,10.298415666057931
106.04644549673874,1060.4644549673874,10.298396499404394
106.19748868847262,1061.9748868847262,10.298376031000565
106.34853156006477,1063.4853156006477,10.298354203205617
106.49957409071372,1064.9957409071371,10.298330957131085
106.650616258736,1066.50616258736,10.298306232641004
106.80165804154782,1068.0165804154783,10.298279968352066
106.95269941564686,1069.5269941564686,10.298252101633793
107.10374035659387,1071.0374035659388,10.298222568608699
107.25478083899449,1072.547808389945,10.298191304152484
107.40582083648088,1074.058208364809,10.29815824189423
107.5568603216935,1075.5686032169351,10.29812331421661
107.70789926626281,1077.078992662628,10.298086452256106
107.85893764079098,1078.5893764079099,10.298047585903245
108.00997541483365,1080.0997541483364,10.29800664380284
108.16101255688163,1081.6101255688163,10.297963553354261
108.31204903434268,1083.1204903434268,10.297918240711697
108.46308481352321,1084.630848135232,10.297870630784447
108.61411985961004,1086.1411985961004,10.297820647237227
108.76515413665217,1087.6515413665218,10.297768212490487
108.91618760754251,1089.1618760754252,10.297713247720742
109.06722023399966,1090.6722023399966,10.297655672860921
109.21825197654965,1092.1825197654966,10.297595406600745
109.36928279450774,1093.6928279450774,10.297532366387106
109.52031264596017,1095.2031264596017,10.297466468424462
109.671341487746,1096.71341487746,10.297397627675277
109.82236927543882,1098.2236927543881,10.297325757860445
109.97339596332858,1099.7339596332858,10.297250771459765
110.12442150440346,1101.2442150440345,10.29717257971241
110.27544585033155,1102.7544585033156,10.297091092617435
110.4264689514428,1104.264689514428,10.297006218934309
110.57749075671076,1105.7749075671077,10.296917866183438
110.72851121373445,1107.2851121373444,10.296825940646762
110.8795302687202,1108.795302687202,10.296730347368326
111.03054786646351,1110.305478664635,10.296630990154904
111.1815639503309,1111.815639503309,10.296527771576642
111.33257846224177,1113.3257846224178,10.296420592967717
111.48359134265034,1114.8359134265033,10.296309354427034
111.63460253052749,1116.346025305275,10.296193954818943
111.78561196334265,1117.8561196334265,10.296074291773982
111.93661957704578,1119.3661957704578,10.29595026168966
112.08762530604922,1120.8762530604922,10.295821759731243
112.23862908320972,1122.386290832097,10.295688679832603
112.38963083981031,1123.896308398103,10.295550914697067
112.5406305055423,1125.406305055423,10.295408355798314
112.69162800848726,1126.9162800848726,10.295260893381297
112.842623275099,1128.42623275099,10.295108416463203
112.9936162301856,1129.936162301856,10.294950812834436
113.1446067968914,1131.446067968914,10.294787969059643
113.29559489667908,1132.9559489667909,10.294619770478766
113.44658044931167,1134.4658044931166,10.29444610120814
113.59756337283464,1135.9756337283463,10.294266844141617
113.748543583558,1137.4854358355801,10.294081880951728
113.89952099603838,1138.9952099603838,10.29389109209089
114.05049552306114,1140.5049552306114,10.293694356792642
114.2014670756226,1142.014670756226,10.29349155307292
114.35243556291208,1143.5243556291207,10.29328255773139
114.50340089229417,1145.0340089229417,10.293067246352784
114.65436296929087,1146.5436296929088,10.292845493308324
114.80532169756388,1148.0532169756389,10.292617171757149
114.9562769788968,1149.562769788968,10.292382153647804
115.10722871317736,1151.0722871317737,10.292140309719775
115.25817679837982,1152.5817679837983,10.291891509505056
115.40912113054718,1154.0912113054717,10.291635621329775
115.56006160377356,1155.6006160377356,10.291372512315851
115.71099811018658,1157.1099811018657,10.291102048382719
115.8619305399297,1158.619305399297,10.290824094249082
116.0128587811447,1160.128587811447,10.290538513434727
116.16378271995406,1161.6378271995407,10.29024516826238
116.31470224044347,1163.1470224044347,10.289943919859622
116.46561722464432,1164.6561722464432,10.289634628160849
116.61652755251623,1166.1652755251623,10.289317151909287
116.76743310192961,1167.674331019296,10.28899134865906
116.91833374864825,1169.1833374864825,10.288657074777316
117.06922936631194,1170.6922936631195,10.2883141854464
117.22011982641914,1172.2011982641914,10.28796253466609
117.37100499830962,1173.7100499830963,10.287601975255892
117.52188474914728,1175.2188474914728,10.287232358857386
117.67275894390279,1176.727589439028,10.286853535936629
117.82362744533651,1178.2362744533652,10.286465355786635
117.9744901139812,1179.744901139812,10.286067666529892
118.12534680812499,1181.2534680812498,10.285660315120959
118.27619738379421,1182.7619738379422,10.28524314734912
118.42704169473642,1184.270416947364,10.284816007841098
118.5778795924033,1185.7787959240331,10.284378740063834
118.72871092593381,1187.2871092593382,10.283931186327344
118.87953554213713,1188.7953554213714,10.28347318778762
119.03035328547588,1190.303532854759,10.283004584449628
119.18116399804921,1191.8116399804921,10.28252521517034
119.33196751957608,1193.3196751957607,10.282034917661862
119.48276368737845,1194.8276368737845,10.28153352849463
119.63355233636463,1196.3355233636462,10.28102088310066
119.78433329901259,1197.8433329901259,10.280496815776896
119.9351064053534,1199.351064053534,10.279961159688597
120.08587148295466,1200.8587148295467,10.279413746872844
120.23662835690402,1202.3662835690402,10.278854408242081
120.38737684979274,1203.8737684979274,10.278282973587752
120.53811678169929,1205.381167816993,10.277699271584021
120.688847970173,1206.88847970173,10.277103129791554
120.83957023021784,1208.3957023021785,10.276494374661391
120.99028337427617,1209.9028337427617,10.2758728315389
121.14098721221258,1211.4098721221258,10.275238324667807
121.29168155129778,1212.9168155129778,10.274590677194313
121.44236619619262,1214.4236619619262,10.273929711171292
121.59304094893204,1215.9304094893205,10.273255247562574
121.74370560890924,1217.4370560890925,10.272567106247317
121.89435997285976,1218.9435997285975,10.27186510602446
122.04500383484579,1220.4500383484578,10.271149064617273
122.19563698624036,1221.9563698624036,10.27041879867798
122.34625921571178,1223.4625921571178,10.2696741237925
122.49687030920806,1224.9687030920807,10.268914854485239
122.64747004994138,1226.4747004994138,10.268140804224014
122.79805821837267,1227.9805821837267,10.267351785425047
122.94863459219631,1229.4863459219632,10.266547609458053
123.0991989463248,1230.991989463248,10.265728086651437
123.2497510528736,1232.497510528736,10.264893026297576
123.400290681146,1234.00290681146,10.264042236658197
123.55081759761808,1235.5081759761808,10.263175524969862
123.70133156592377,1237.0133156592376,10.262292697449551
123.85183234683996,1238.5183234683996,10.261393559300334
124.00231969827173,1240.0231969827173,10.260477914717159
124.15279337523768,1241.5279337523768,10.259545566892735
124.30325312985524,1243.0325312985524,10.258596318023518
124.4536987113262,1244.536987113262,10.2576299693158
124.60412986592229,1246.0412986592228,10.25664632099192
124.7545463369708,1247.5454633697082,10.25564517229655
124.9049478648404,1249.049478648404,10.254626321503121
125.05533418692688,1250.553341869269,10.253589565920338
125.20570503763922,1252.0570503763922,10.252534701898812
125.35606014838555,1253.5606014838554,10.251461524837794
125.50639924755936,1255.0639924755935,10.250369829192042
125.6567220605257,1256.567220605257,10.249259408478773
125.80702830960755,1258.0702830960754,10.248130055284747
125.95731771407227,1259.5731771407227,10.24698156127346
126.10758999011823,1261.0758999011823,10.245813717192458
126.25784485086136,1262.5784485086135,10.244626312880754
126.40808200632205,1264.0808200632205,10.24341913727638
126.558301163412,1265.5830116341199,10.242191978424042
126.70850202592123,1267.0850202592123,10.240944623482916
126.85868429450524,1268.5868429450525,10.239676858734526
127.00884766667218,1270.0884766667218,10.238388469590799
127.15899183677033,1271.5899183677034,10.237079240602181
127.30911649597546,1273.0911649597547,10.235748955465933
127.45922133227855,1274.5922133227855,10.234397397034508
127.60930603047345,1276.0930603047345,10.23302434732408
127.75937027214478,1277.5937027214477,10.231629587523182
127.9094137356559,1279.094137356559,10.230212898001492
128.05943609613703,1280.5943609613703,10.228774058318718
128.20943702547356,1282.0943702547356,10.227312847233645
128.35941619229433,1283.5941619229434,10.225829042713281
128.50937326196023,1285.0937326196024,10.224322421942153
128.65930789655286,1286.5930789655285,10.222792761331734
128.8092197548633,1288.092197548633,10.221239836529987
128.95910849238106,1289.5910849238107,10.219663422431067
129.1089737612832,1291.089737612832,10.218063293185129
129.25881521042356,1292.5881521042356,10.216439222208296
129.4086324853221,1294.086324853221,10.214790982192742
129.55842522815442,1295.5842522815442,10.213118345116934
129.70819307774156,1297.0819307774154,10.211421082255985
129.85793566953967,1298.5793566953967,10.209698964192171
130.00765263563017,1300.0765263563017,10.207951760825564
130.15734360470978,1301.5734360470979,10.206179241384824
130.3070082020809,1303.070082020809,10.204381174438117
130.45664604964207,1304.5664604964209,10.202557327904183
130.60625676587858,1306.0625676587858,10.20070746906354
130.7558399658533,1307.558399658533,10.198831364569834
130.9053952611977,1309.053952611977,10.196928780461334
131.05492226010287,1310.5492226010288,10.194999482172562
131.204420567311,1312.04420567311,10.193043234546082
131.3538897841067,1313.5388978410672,10.19105980184441
131.50332950830887,1315.0332950830887,10.189048947762105
131.6527393342623,1316.5273933426229,10.187010435437973
131.80211885282995,1318.0211885282995,10.18494402746743
131.95146765138503,1319.5146765138502,10.182849485915028
132.10078531380339,1321.0078531380339,10.180726572327092
132.25007142045615,1322.5007142045615,10.17857504774455
132.39932554820248,1323.9932554820248,10.176394672715876
132.54854727038253,1325.4854727038253,10.174185207310202
132.69773615681066,1326.9773615681065,10.171946411130568
132.84689177376873,1328.4689177376872,10.16967804332734
132.9960136839997,1329.9601368399972,10.167379862611751
133.14510144670137,1331.4510144670137,10.165051627269625
133.29415461752038,1332.9415461752037,10.162693095175227
133.44317274854632,1334.4317274854632,10.160304023805276
133.59215538830617,1335.9215538830617,10.15788417025311
133.74110208175884,1337.4110208175885,10.155433291243005
133.89001237029,1338.9001237029001,10.152951143144636
134.0388857917071,1340.388857917071,10.150437481987703
134.18772188023448,1341.8772188023447,10.14789206347671
134.33652016650905,1343.3652016650904,10.145314643005891
134.48528017757576,1344.8528017757576,10.142704975674286
134.6340014368836,1346.3400143688361,10.140062816300983
134.78268346428166,1347.8268346428167,10.137387919440508
134.9313257760155,1349.313257760155,10.134680039398368
135.07992788472376,1350.7992788472375,10.131938930246745
135.2284892994349,1352.2848929943489,10.129164345840355
135.37700952556432,1353.7700952556431,10.126356039832444
135.52548806491157,1355.2548806491156,10.12351376569096
135.67392441565795,1356.7392441565794,10.120637276714863
135.82231807236423,1358.2231807236421,10.117726326050583
135.97066852596865,1359.7066852596865,10.114780666708661
136.11897526378516,1361.1897526378516,10.111800051580508
136.26723776950197,1362.6723776950198,10.10878423345535
136.4154555231803,1364.154555231803,10.105732965037294
136.56362800125328,1365.6362800125328,10.102645998962583
136.71175467652537,1367.1175467652538,10.099523087816971
136.85983501817176,1368.5983501817177,10.096363984153275
137.00786849173818,1370.078684917382,10.09316844050906
137.15585455914095,1371.5585455914095,10.089936209424502
137.30379267866726,1373.0379267866726,10.086667043460363
137.4516823049758,1374.516823049758,10.083360695216163
137.59952288909747,1375.9952288909747,10.08001691734847
137.74731387843664,1377.4731387843665,10.076635462589351
137.8950547167724,1378.950547167724,10.073216083764976
138.04274484426028,1380.4274484426028,10.069758533814365
138.1903836974342,1381.903836974342,10.066262565808296
138.3379707092087,1383.3797070920868,10.062727932968336
138.48550530888124,1384.8550530888124,10.059154388686048
138.63298692213525,1386.3298692213525,10.055541686542334
138.78041497104303,1387.8041497104302,10.05188958032691
138.92778887406914,1389.2778887406914,10.04819782405795
139.07510804607404,1390.7510804607405,10.044466172001862
139.22237189831802,1392.22371898318,10.0406943786932
139.36957983846543,1393.6957983846542,10.036882198954737
139.5167312705892,1395.1673127058918,10.033029387917667
139.66382559517567,1396.6382559517567,10.029135701041952
139.8108622091297,1398.108622091297,10.025200894136804
139.95784050578013,1399.5784050578013,10.021224723381314
140.10475987488542,1401.0475987488542,10.017206945345217
140.2516197026398,1402.516197026398,10.013147317009786
140.39841937167955,1403.9841937167955,10.00904559578887
140.54515826108968,1405.4515826108968,10.004901539550058
140.69183574641085,1406.9183574641083,10.000714906635991
140.8384511996467,1408.384511996467,9.996485455885791
140.98500398927143,1409.8500398927144,9.992212946656618
141.13149348023774,1411.3149348023774,9.987897138845376
141.27791903398503,1412.7791903398502,9.98353779291053
141.42428000844797,1414.2428000844798,9.979134669894046
141.5705757580654,1415.7057575806539,9.974687531443474
141.7168056337895,1417.168056337895,9.970196139834137
141.86296898309539,1418.6296898309538,9.965660257991448
142.0090651499909,1420.090651499909,9.961079649513357
142.15509347502686,1421.5509347502687,9.956454078692888
142.30105329530758,1423.0105329530759,9.951783310540826
142.44694394450167,1424.4694394450166,9.9470671108085
142.59276475285333,1425.9276475285333,9.942305246010687
142.73851504719383,1427.3851504719382,9.937497483448606
142.88419415095336,1428.8419415095336,9.932643591233067
143.0298013841733,1430.298013841733,9.927743338307671
143.17533606351878,1431.7533606351878,9.922796494472168
143.3207975022915,1433.207975022915,9.917802830405876
143.46618501044304,1434.6618501044304,9.912762117691226
143.61149789458847,1436.1149789458846,9.907674128837407
143.75673545802022,1437.5673545802022,9.902538637304085
143.90189700072244,1439.0189700072244,9.897355417525251
144.0469818193856,1440.4698181938559,9.892124244933129
144.1919892074215,1441.919892074215,9.886844895982202
144.33691845497862,1443.369184549786,9.881517148173298
144.48176884895778,1444.817688489578,9.876140780077792
144.62653967302828,1446.2653967302826,9.870715571361865
144.7712302076442,1447.712302076442,9.865241302810865
144.91583973006132,1449.1583973006132,9.859717756353726
145.06036751435408,1450.6036751435408,9.854144715087479
145.20481283143323,1452.0481283143322,9.84852196330183
145.3491749490636,1453.491749490636,9.842849286503808
145.49345313188232,1454.9345313188232,9.83712647144248
145.6376466414174,1456.376466414174,9.831353306133735
145.7817547361067,1457.817547361067,9.825529579885128
145.92577667131724,1459.2577667131723,9.819655083320782
146.06971169936486,1460.6971169936487,9.813729608406344
146.21355906953426,1462.1355906953427,9.807752948474006
146.35731802809937,1463.5731802809937,9.801724898247564
146.50098781834427,1465.0098781834427,9.795645253867532
146.64456768058417,1466.4456768058417,9.7895138129163
146.78805685218703,1467.8805685218704,9.783330374443327
146.93145456759538,1469.314545675954,9.777094738990384
147.07476005834866,1470.7476005834865,9.770806708616815
147.21797255310577,1472.1797255310576,9.764466086924857
147.3610912776681,1473.6109127766808,9.758072679084961
147.50411545500293,1475.0411545500292,9.751626291861147
147.64704430526714,1476.4704430526715,9.745126733636395
147.78987704583136,1477.8987704583137,9.738573814438034
147.9326128913044,1479.326128913044,9.731967345963163
148.07525105355816,1480.7525105355817,9.725307141604073
148.21779074175288,1482.1779074175288,9.718593016473676
148.36023116236268,1483.6023116236267,9.711824787430956
148.50257151920164,1485.0257151920164,9.705002273106397
148.6448110134501,1486.448110134501,9.69812529392743
148.78694884368133,1487.8694884368133,9.691193672143847
148.92898420588875,1489.2898420588876,9.68420723185325
149.07091629351333,1490.7091629351335,9.677165799026431
149.21274429747146,1492.1274429747145,9.670069201532778
149.35446740618312,1493.5446740618313,9.662917269165636
149.49608480560056,1494.9608480560055,9.655709833667657
149.6375956792372,1496.3759567923719,9.64844672875611
149.77899920819695,1497.7899920819696,9.641127790148163
149.92029457120398,1499.2029457120398,9.63375285558613
150.0614809446327,1500.614809446327,9.626321764862666
150.20255750253827,1502.0255750253828,9.618834359845948
150.34352341668736,1503.4352341668737,9.611290484504755
150.4843778565894,1504.843778565894,9.603689984933549
150.625119989528,1506.25119989528,9.596032709377461
150.76574898059306,1507.6574898059307,9.588318508257231
150.9062639927128,1509.0626399271282,9.580547234194084
151.0466641866866,1510.466641866866,9.572718742034533
151.18694872121787,1511.8694872121787,9.5648328888751
151.32711675294746,1513.2711675294745,9.556889534086974
151.46716743648741,1514.6716743648742,9.548888539340577
151.60709992445499,1516.07099924455,9.54082976863004
151.74691336750712,1517.4691336750711,9.532713088297594
151.88660691437525,1518.8660691437526,9.524538367057872
152.02617971190043,1520.2617971190043,9.516305476022087
152.16563090506884,1521.6563090506884,9.508014288722128
152.30495963704763,1523.0495963704764,9.499664681134547
152.44416504922117,1524.4416504922117,9.491256531704416
152.58324628122756,1525.8324628122755,9.482789721369073
152.72220247099557,1527.2220247099558,9.474264133581757
152.8610327547818,1528.610327547818,9.465679654335103
152.9997362672084,1529.997362672084,9.457036172184507
153.13831214130082,1531.3831214130082,9.44833357827136
153.27675950852628,1532.7675950852629,9.43957176634614
153.41507749883223,1534.1507749883224,9.430750632791352
153.55326524068536,1535.5326524068537,9.42187007664433
153.6913218611108,1536.9132186111078,9.412929999619873
153.82924648573174,1538.2924648573176,9.403930306132732
153.96703823880947,1539.6703823880946,9.394870903319925
154.10469624328346,1541.0469624328346,9.385751701062887
154.24221962081202,1542.42219620812,9.37657261200945
154.3796074918132,1543.796074918132,9.36733355159564
154.516858975506,1545.16858975506,9.358034438067298
154.65397318995187,1546.5397318995188,9.348675192501501
154.79094925209654,1547.9094925209654,9.339255738827813
154.9277862778122,1549.277862778122,9.329776003849322
155.06448338193994,1550.6448338193993,9.320235917263478
155.20103967833248,1552.0103967833247,9.310635411682737
155.33745427989723,1553.3745427989722,9.300974422654978
155.4737262986397,1554.737262986397,9.291252888683722
155.60985484570702,1556.0985484570701,9.281470751248118
155.745839031432,1557.4583903143202,9.271627954822712
155.88167796537732,1558.8167796537732,9.261724446896986
156.0173707563799,1560.173707563799,9.25176017799466
156.1529165125959,1561.529165125959,9.241735101692763
156.2883143415456,1562.883143415456,9.231649174640452
156.42356335015882,1564.2356335015882,9.221502356577599
156.5586626448205,1565.586626448205,9.2112946103531
156.69361133141652,1566.9361133141651,9.201025901942957
156.82840851537992,1568.2840851537992,9.190696200468082
156.9630533017372,1569.630533017372,9.180305478211835
157.09754479515502,1570.9754479515502,9.169853710637303
157.23188209998696,1572.3188209998696,9.159340876404292
157.36606432032085,1573.6606432032086,9.148766957386046
157.50009056002597,1575.0009056002596,9.138131938685683
157.63395992280073,1576.3395992280073,9.12743580865235
157.76767151222052,1577.6767151222052,9.116678558897064
157.90122443178572,1579.0122443178573,9.105860184308279
158.03461778497007,1580.3461778497008,9.094980683067147
158.1678506752691,1581.6785067526912,9.084040056662463
158.300922206249,1583.00922206249,9.073038309905314
158.43383148159535,1584.3383148159535,9.061975450943399
158.56657760516242,1585.665776051624,9.050851491275054
158.69915968102248,1586.9915968102248,9.039666445762931
158.8315768135153,1588.3157681351531,9.028420332647363
158.96382810729796,1589.6382810729797,9.0171131735594
159.09591266739463,1590.9591266739462,9.005744993533504
159.22782959924677,1592.2782959924677,8.994315821019912
159.35957800876344,1593.5957800876345,8.982825687896652
159.49115700237164,1594.9115700237164,8.971274629481215
159.622565687067,1596.22565687067,8.959662684541872
159.75380317046452,1597.5380317046452,8.947989895308648
159.8848685608495,1598.848685608495,8.936256307483932
160.0157609672286,1600.157609672286,8.924461970252718
160.14647949938112,1601.4647949938112,8.912606936292494
160.2770232679103,1602.770232679103,8.90069126178276
160.40739138429487,1604.0739138429487,8.888715006414156
160.53758296094063,1605.3758296094063,8.876678233397245
160.66759711123223,1606.6759711123223,8.864581009470893
160.79743294958502,1607.9743294958503,8.852423404910269
160.92708959149704,1609.2708959149704,8.840205493534473
161.0565661536011,1610.565661536011,8.827927352713756
161.18586175371692,1611.8586175371693,8.815589063376365
161.3149755109035,1613.1497551090351,8.803190710014983
161.44390654551142,1614.4390654551144,8.790732380692765
161.57265397923527,1615.7265397923527,8.778214167048988
161.70121693516626,1617.0121693516626,8.765636164304281
161.82959453784477,1618.2959453784476,8.752998471265458
161.957785913313,1619.57785913313,8.740301190329932
162.08579018916765,1620.8579018916766,8.727544427489727
162.21360649461283,1622.1360649461283,8.714728292335066
162.34123396051277,1623.4123396051277,8.70185289805754
162.4686717194447,1624.686717194447,8.688918361452863
162.59591890575174,1625.9591890575175,8.675924802923195
162.72297465559586,1627.2297465559586,8.662872346479052
162.84983810701075,1628.4983810701076,8.649761119740775
162.97650839995492,1629.7650839995492,8.636591253939576
163.10298467636449,1631.0298467636449,8.62336288391815
163.2292660802063,1632.292660802063,8.610076148130853
163.35535175753077,1633.5535175753078,8.596731188643448
163.48124085652498,1634.8124085652498,8.583328151132408
163.6069325275655,1636.069325275655,8.569867184883778
163.7324259232714,1637.324259232714,8.556348442791597
163.85772019855702,1638.5772019855701,8.542772081355887
163.98281451068493,1639.8281451068492,8.529138260680178
164.10770801931872,1641.0770801931872,8.515447144468606
164.23239988657568,1642.3239988657567,8.501698900022552
164.3568892770796,1643.568892770796,8.487893698236839
164.4811753580134,1644.8117535801339,8.474031713595469
164.6052572991716,1646.052572991716,8.460113124166925
164.729134273013,1647.2913427301298,8.446138111599007
164.85280545471286,1648.5280545471287,8.432106861113224
164.9762700222155,1649.7627002221548,8.418019561498731
165.09952715628626,1650.9952715628626,8.40387640510581
165.2225760405638,1652.225760405638,8.389677587838891
165.3454158616121,1653.454158616121,8.375423309149134
165.4680458089723,1654.680458089723,8.361113772026542
165.5904650752145,1655.904650752145,8.346749182991617
165.7126728559894,1657.1267285598942,8.33232975208657
165.83466835007997,1658.3466835007996,8.317855692866072
165.95645075945257,1659.5645075945256,8.303327222387534
166.07801928930834,1660.7801928930835,8.288744561200955
166.19937314813424,1661.9937314813424,8.2741079333383
166.32051154775394,1663.2051154775395,8.259417566302428
166.44143370337855,1664.4143370337856,8.24467369105555
166.5621388336572,1665.621388336572,8.229876542007254
166.68262616072744,1666.8262616072743,8.215026357002076
166.8028949102654,1668.028949102654,8.200123377306578
166.92294431153573,1669.2294431153573,8.185167847596036
167.04277359744154,1670.4277359744153,8.170160015940624
167.1623820045738,1671.623820045738,8.155100133791171
167.2817687732609,1672.8176877326089,8.139988455964478
167.40093314761762,1674.0093314761762,8.124825240628144
167.51987437559416,1675.1987437559415,8.109610749285011
167.63859170902478,1676.3859170902479,8.0943452467571
167.75708440367623,1677.5708440367623,8.079029001169141
167.87535171929596,1678.7535171929596,8.063662283931649
167.9933929196601,1679.933929196601,8.048245369723562
168.11120727262102,1681.11207272621,8.032778536474428
168.22879405015482,1682.2879405015483,8.017262065346182
168.3461525284085,1683.4615252840852,8.001696240714464
168.46328198774674,1684.6328198774675,7.986081350149503
168.5801817127985,1685.801817127985,7.9704176843965975
168.69685099250324,1686.9685099250323,7.9547055373561335
168.813289120157,1688.1328912015701,7.938945206063206
168.929495393458,1689.29495393458,7.923136990666803
169.04546911455205,1690.4546911455204,7.9072811944085615
169.16120959007748,1691.6120959007749,7.891378123601122
169.27671613120998,1692.7671613120997,7.875428087606064
169.39198805370694,1693.9198805370693,7.859431398811424
169.50702467795148,1695.0702467795147,7.843388372608806
169.6218253289962,1696.2182532899621,7.827299327370094
169.73638933660658,1697.363893366066,7.811164584423745
169.85071603530383,1698.5071603530382,7.794984468030701
169.96480476440775,1699.6480476440775,7.7787593053599
170.07865486807884,1700.7865486807884,7.762489426463386
170.19226569536036,1701.9226569536036,7.74617516425104
170.30563660021974,1703.0563660021974,7.729816854464923
170.4187669415898,1704.1876694158982,7.7134148356532375
170.53165608340956,1705.3165608340955,7.696969449143916
170.64430339466452,1706.4430339466453,7.680481039017822
170.7567082494267,1707.5670824942672,7.6639499520816
170.86887002689426,1708.6887002689425,7.647376537840152
170.9807881114305,1709.807881114305,7.630761148468749
171.09246189260284,1710.9246189260284,7.614104138784796
171.20389076522093,1712.0389076522092,7.597405866219239
171.31507412937472,1713.1507412937472,7.580666690787615
171.42601139047184,1714.2601139047183,7.563886975060784
171.53670195927472,1715.3670195927473,7.547067084135296
171.64714525193716,1716.4714525193717,7.53020738560344
171.75734069004045,1717.5734069004045,7.513308249522952
171.8672877006291,1718.672877006291,7.496370048386423
171.9769857162462,1719.769857162462,7.479393157090364
172.08643417496805,1720.8643417496805,7.462377952903954
172.19563252043864,1721.9563252043863,7.4453248154375045
172.3045802019034,1723.045802019034,7.428234126610603
172.4132766742427,1724.132766742427,7.41110627061996
172.52172139800473,1725.2172139800473,7.393941633906968
172.6299138394379,1726.299138394379,7.3767406051249536
172.7378534705229,1727.378534705229,7.359503575106189
172.8455397690041,1728.4553976900409,7.342230936828576
172.95297221842046,1729.5297221842045,7.3249230853821
173.06015030813617,1730.6015030813617,7.307580417934997
173.16707353337054,1731.6707353337054,7.290203333699665
173.27374139522746,1732.7374139522747,7.2727922338983255
173.3801534007244,1733.8015340072438,7.2553475217284324
173.48630906282085,1734.8630906282085,7.237869602327848
173.59220790044634,1735.9220790044633,7.220358882739767
173.69784943852773,1736.9784943852774,7.202815771877416
173.80323320801625,1738.0323320801626,7.185240680488554
173.9083587459138,1739.083587459138,7.1676340211196985
174.01322559529885,1740.1322559529885,7.149996208080207
174.11783330535172,1741.1783330535172,7.132327657406097
174.22218143137943,1742.2218143137943,7.1146287868236975
174.3262695348399,1743.262695348399,7.0969000157131035
174.43009718336566,1744.3009718336566,7.079141765071427
174.53366395078712,1745.336639507871,7.061354457475897
174.6369694171551,1746.369694171551,7.043538517046748
174.7400131687629,1747.4001316876293,7.025694369409974
174.842794798168,1748.42794798168,7.007822441659904
174.9453139042128,1749.453139042128,6.989923162321627
175.0475700920453,1750.4757009204532,6.971996961313266
175.14956297313876,1751.4956297313875,6.95404426990811
175.25129216531116,1752.5129216531116,6.936065520696625
175.35275729274392,1753.5275729274392,6.9180611475483085
175.45395798600003,1754.5395798600002,6.900031585573446
175.55489388204185,1755.5489388204185,6.8819772710847555
175.655564624248,1756.55564624248,6.863898641558883
175.75596986242996,1757.5596986242997,6.845796135597851
175.85610925284803,1758.5610925284802,6.827670192890377
175.9559824582266,1759.559824582266,6.809521254173104
176.05558914776907,1760.5558914776907,6.791349761191771
176.154928997172,1761.5492899717199,6.773156156662277
176.25400168863877,1762.5400168863875,6.754940884231707
176.3528069108927,1763.528069108927,6.736704388439275
176.45134435918953,1764.5134435918953,6.718447114677225
176.54961373532942,1765.4961373532942,6.700169509151672
176.6476147476682,1766.476147476682,6.6818720188434
176.74534711112824,1767.4534711112824,6.663555091468648
176.84281054720867,1768.4281054720868,6.645219175439846
176.94000478399494,1769.4000478399494,6.626864719826319
177.03692955616796,1770.3692955616796,6.608492174315016
177.13358460501254,1771.3358460501254,6.590101989171186
177.22996967842528,1772.2996967842528,6.571694615199084
177.32608453092195,1773.2608453092193,6.553270503702674
177.42192892364417,1774.2192892364417,6.534830106446322
177.51750262436568,1775.1750262436567,6.51637387561555
177.61280540749783,1776.1280540749783,6.497902263777771
177.7078370540947,1777.0783705409472,6.47941572384309
177.80259735185757,1778.0259735185757,6.460914709025115
177.89708609513866,1778.9708609513866,6.442399672801828
177.99130308494455,1779.9130308494455,6.423871068876511
178.0852481289389,1780.852481289389,6.4053293511387235
178.17892104144457,1781.7892104144457,6.386774973625329
178.27232164344525,1782.7232164344525,6.368208390481627
178.36544976258645,1783.6544976258645,6.34963005592252
178.45830523317596,1784.5830523317595,6.331040424193803
178.55088789618378,1785.5088789618378,6.312439949533514
178.64319759924138,1786.4319759924138,6.293829086133382
178.73523419664045,1787.3523419664045,6.275208288100397
178.8269975493312,1788.269975493312,6.256578009418477
178.91848752491984,1789.1848752491983,6.237938703910231
179.00970399766578,1790.097039976658,6.21929082519888
179.1006468484781,1791.0064684847812,6.200634826670267
179.19131596491152,1791.9131596491152,6.181971161435019
179.2817112411618,1792.817112411618,6.1633002822908445
179.37183257806058,1793.7183257806057,6.144622641684975
179.4616798830698,1794.616798830698,6.125938691676748
179.5512530702753,1795.5125307027529,6.107248883900359
179.64055206038014,1796.4055206038015,6.0885536695277676
179.72957678069733,1797.2957678069733,6.069853499231773
179.81832716514182,1798.1832716514182,6.051148823149249
179.90680315422222,1799.0680315422221,6.032440090844582
179.9950046950318,1799.9500469503182,6.013727751273277
180.08293174123915,1800.8293174123914,5.99501225274575
180.17058425307803,1801.7058425307803,5.9762940428913165
180.25796219733695,1802.5796219733695,5.957573568622389
180.3450655473481,1803.450655473481,5.938851276098877
180.43189428297586,1804.3189428297587,5.920127610692787
180.51844839060462,1805.1844839060461,5.901403016953033
180.60472786312624,1806.0472786312625,5.882677938570508
180.69073269992703,1806.9073269992703,5.863952818343326
180.77646290687406,1807.7646290687405,5.845228098142323
180.86191849630106,1808.6191849630106,5.826504218876786
180.94709948699386,1809.4709948699387,5.807781620460443
181.0320059041753,1810.320059041753,5.789060741777659
181.11663777948957,1811.1663777948957,5.770342020649906
181.2009951509862,1812.0099515098618,5.751625893802479
181.28507806310347,1812.8507806310347,5.732912796831483
181.3688865666514,1813.6888656665142,5.714203164171051
181.45242071879423,1814.5242071879422,5.695497429060862
181.5356805830323,1815.356805830323,5.67679602351391
181.6186662291838,1816.1866622918378,5.658099378284562
181.70137773336566,1817.0137773336567,5.639407922836873
181.78381517797433,1817.8381517797434,5.620722085313205
181.86597865166578,1818.6597865166577,5.602042292503119
181.94786824933533,1819.4786824933533,5.5833689698125735
182.02948407209684,1820.2948407209683,5.564702541233393
182.11082622726155,1821.1082622726155,5.54604342931305
182.19189482831646,1821.9189482831646,5.527392055124753
182.27268999490224,1822.7268999490225,5.508748838237831
182.35321185279082,1823.532118527908,5.490114196688424
182.4334605338624,1824.334605338624,5.471488546950473
182.5134361760821,1825.134361760821,5.452872303907073
182.59313892347637,1825.9313892347636,5.43426588082208
182.6725689261086,1826.725689261086,5.4156696893120815
182.75172634005474,1827.5172634005476,5.397084139318683
182.83061132737825,1828.3061132737826,5.378509639081092
182.90922405610473,1829.0922405610472,5.359946595109089
182.9875647001962,1829.875647001962,5.341395412156267
183.06563343952493,1830.6563343952494,5.322856493193654
183.1434304598469,1831.4343045984692,5.304330239383639
183.22095595277494,1832.2095595277494,5.285817050054269
183.2982101157514,1832.982101157514,5.267317322673859
183.37519315202056,1833.7519315202055,5.248831452825957
183.4519052706006,1834.519052706006,5.230359834184658
183.52834668625522,1835.2834668625521,5.2119028584902605
183.60451761946496,1836.0451761946497,5.1934609155252955
183.6804182963981,1836.804182963981,5.175034393090857
183.7560489488813,1837.560489488813,5.1566236769833464
183.83140981436986,1838.3140981436986,5.138229150971531
183.90650113591758,1839.0650113591757,5.119851196773966
183.98132316214645,1839.8132316214646,5.101490194036808
184.0558761472159,1840.5587614721592,5.083146520311933
184.13016035079178,1841.301603507918,5.064820551035463
184.20417603801496,1842.0417603801498,5.046512659506636
184.2779234794698,1842.779234794698,5.028223216867041
184.35140295115207,1843.5140295115207,5.00995259208022
184.4246147344368,1844.246147344368,4.991701151911632
184.49755911604578,1844.9755911604577,4.973469260909003
184.57023638801465,1845.7023638801465,4.955257281383005
184.64264684765988,1846.4264684765988,4.937065573388345
184.71479079754536,1847.1479079754536,4.918894494705205
184.7866685454489,1847.866685454489,4.9007444008210514
184.85828040432813,1848.5828040432812,4.882615644912808
184.92962669228658,1849.2962669228657,4.864508577829426
185.00070773253913,1850.0070773253913,4.846423548074791
185.0715238533774,1850.715238533774,4.82836090179103
185.142075388135,1851.42075388135,4.810320982742183
185.21236267515218,1852.123626751522,4.7923041322982245
185.2823860577407,1852.823860577407,4.7743106894194955
185.35214588414814,1853.5214588414815,4.756340990641477
185.4216425075222,1854.2164250752219,4.73839537005995
185.49087628587463,1854.9087628587463,4.720474159316524
185.55984758204514,1855.5984758204513,4.702577687584525
185.62855676366482,1856.2855676366482,4.6847062815552745
185.69700420311972,1856.9700420311972,4.66686026542474
185.76519027751397,1857.6519027751397,4.649039960880524
185.8331153686328,1858.331153686328,4.631245687089262
185.90077986290544,1859.0077986290544,4.613477760684362
185.96818415136772,1859.6818415136772,4.595736495754133
186.03532862962464,1860.3532862962466,4.578022203830258
186.1022136978127,1861.0221369781268,4.560335193876657
186.16883976056198,1861.6883976056197,4.542675772278691
186.23520722695832,1862.3520722695832,4.525044242832762
186.30131651050516,1863.0131651050515,4.507440906736252
186.36716802908518,1863.6716802908518,4.489866062577815
186.432762204922,1864.32762204922,4.472320006328075
186.4980994645416,1864.980994645416,4.454803031330641
186.56318023873376,1865.6318023873378,4.437315428293503
186.62800496251313,1866.2800496251314,4.4198574852807635
186.69257407508044,1866.9257407508044,4.402429487704759
186.7568880197835,1867.568880197835,4.38503171831851
186.82094724407804,1868.2094724407805,4.367664457208526
186.88475219948853,1868.8475219948853,4.350327981787973
186.94830334156887,1869.4830334156886,4.333022566790187
187.011601129863,1870.1160112986302,4.315748484262527
187.07464602786544,1870.7464602786545,4.298506003560584
187.13743850298164,1871.3743850298165,4.2812953913427325
187.19997902648848,1871.9997902648847,4.264116911565024
187.26226807349448,1872.6226807349449,4.2469708254764065
187.32430612290008,1873.243061229001,4.229857391614313
187.38609365735772,1873.8609365735772,4.2127768658005555
187.44763116323205,1874.4763116323204,4.195729501137587
187.50891913055997,1875.0891913055998,4.178715548005057
187.56995805301065,1875.6995805301065,4.161735254056717
187.63074842784548,1876.3074842784547,4.144788864217666
187.69129075587804,1876.9129075587805,4.127876620681898
187.75158554143403,1877.5158554143402,4.110998762910185
187.8116332923111,1878.1163329231108,4.094155527628285
187.87143451973876,1878.7143451973875,4.0773471488254565
187.93098973833827,1879.3098973833826,4.06057385775329
187.99029946608238,1879.9029946608239,4.043835882924867
188.04936422425516,1880.4936422425517,4.027133450114216
188.10818453741194,1881.0818453741194,4.010466782356097
188.16676093333902,1881.6676093333901,3.9938360999460434
188.22509394301355,1882.2509394301355,3.9772416204407763
188.28318410056332,1882.8318410056331,3.960683558658853
188.3410319432267,1883.410319432267,3.944162126681676
188.3986380113125,1883.986380113125,3.9276775338547276
188.45600284815973,1884.5600284815973,3.9112299867891585
188.5131270000977,1885.131270000977,3.894819689363641
188.5700110164059,1885.7001101640592,3.8784468427264924
188.626655449274,1886.2665544927402,3.862111645298115
188.68306085376184,1886.8306085376184,3.845814292773687
188.73922778775952,1887.3922778775952,3.8295549781261595
188.79515681194758,1887.9515681194757,3.813333891609508
188.85084848975714,1888.5084848975714,3.7971512207622506
188.90630338733007,1889.0630338733008,3.7810071504112557
188.9615220734794,1889.6152207347939,3.764901862675819
189.01650511964948,1890.165051196495,3.7488355369719617
189.07125309987669,1890.7125309987669,3.732808350017054
189.1257665907496,1891.2576659074962,3.7168204758346155
189.1800461713698,1891.800461713698,3.700872085759463
189.23409242331243,1892.3409242331243,3.68496334844302
189.28790593058685,1892.8790593058684,3.669094429858923
189.34148727959757,1893.4148727959757,3.6532654933088855
189.39483705910507,1893.9483705910507,3.637476699428741
189.44795586018688,1894.4795586018688,3.6217282061948044
189.50084427619853,1895.0084427619854,3.6060201689303826
189.5535029027349,1895.5350290273489,3.590352740312605
189.60593233759133,1896.0593233759132,3.57472607037941
189.6581331807252,1896.581331807252,3.5591403065368024
189.71010603421735,1897.1010603421735,3.5435955935663053
189.7618515022337,1897.6185150223369,3.5280920736326467
189.81337019098697,1898.1337019098696,3.512629886291646
189.86466270869857,1898.6466270869857,3.4972091684983546
189.9157296655606,1899.157296655606,3.4818300546153482
189.96657167369787,1899.6657167369788,3.4664926764212467
190.0171893471302,1900.171893471302,3.4511971631194722
190.06758330173474,1900.6758330173475,3.4359436413471487
190.11775415520853,1901.1775415520854,3.4207322351842393
190.16770252703103,1901.6770252703102,3.4055630661628564
190.21742903842696,1902.1742903842696,3.3904362532767784
190.26693431232923,1902.6693431232923,3.375351912991124
190.31621897334193,1903.1621897334194,3.3603101592522435
190.3652836477036,1903.6528364770359,3.34531110349777
190.41412896325053,1904.1412896325053,3.330354854666851
190.46275554938035,1904.6275554938034,3.315441519210548
190.51116403701556,1905.1116403701556,3.3005712011024215
190.5593550585675,1905.5935505856748,3.28574400184928
190.6073292479002,1906.073292479002,3.2709600205020646
190.65508724029462,1906.5508724029462,3.2562193536669364
190.70262967241294,1907.0262967241295,3.241522095516493
190.74995718226296,1907.4995718226296,3.2268683378011387
190.79707040916284,1907.9707040916285,3.2122581698606334
190.84396999370588,1908.4396999370588,3.19769167863575
190.89065657772548,1908.9065657772549,3.1831689486800974
190.93713080426033,1909.3713080426032,3.168690062172102
190.98339331751976,1909.8339331751977,3.154255098927086
191.02944476284924,1910.2944476284924,3.1398641364095177
191.07528578669607,1910.7528578669608,3.1255172497453625
191.12091703657532,1911.2091703657532,3.111214511734607
191.16633916103586,1911.6633916103588,3.096955992863851
191.2115528096266,1912.115528096266,3.082741761319064
191.25655863286298,1912.5655863286297,3.0685718829984596
191.30135728219355,1913.0135728219354,3.054446421525454
191.3459494099669,1913.459494099669,3.040365438261781
191.39033566939855,1913.9033566939856,3.0263289923206758
191.4345167145383,1914.345167145383,3.0123371405801977
191.4784932002375,1914.784932002375,2.9983899376966443
191.52226578211682,1915.2226578211682,2.984487436118064
191.56583511653392,1915.6583511653391,2.970629686097869
191.60920186055154,1916.0920186055155,2.9568167357085606
191.6523666719057,1916.523666719057,2.9430486308555146
191.69533020897416,1916.9533020897416,2.9293254152908794
191.73809313074494,1917.3809313074494,2.915647130627539
191.78065609678526,1917.8065609678526,2.90201381635321
191.8230197672105,1918.230197672105,2.888425509844553
191.8651848026535,1918.651848026535,2.8748822463814143
191.90715186423398,1919.07151864234,2.8613840591611037
191.94892161352826,1919.4892161352825,2.8479309793127667
191.99049471253906,1919.9049471253907,2.8345230359118414
192.03187182366565,1920.3187182366564,2.8211602559945366
192.07305360967413,1920.7305360967414,2.8078426645724273
192.11404073366796,1921.1404073366796,2.7945702846470724
192.1548338590587,1921.548338590587,2.781343137224697
192.19543364953694,1921.9543364953693,2.7681612413309535
192.23584076904348,1922.358407690435,2.7550246140257126
192.27605588174072,1922.7605588174072,2.7419332704179222
192.31607965198427,1923.1607965198427,2.7288872236804913
192.35591274429478,1923.5591274429478,2.7158864850652513
192.39555582332994,1923.9555582332994,2.7029310639179194
192.43500955385682,1924.3500955385682,2.690020967693167
192.47427460072424,1924.7427460072424,2.677156201969642
192.51335162883564,1925.1335162883563,2.6643367704651055
192.5522413031218,1925.522413031218,2.6515626750515455
192.59094428851424,1925.9094428851424,2.638833915770368
192.62946124991836,1926.2946124991836,2.6261504908475573
192.66779285218718,1926.6779285218718,2.613512396708927
192.7059397600951,1927.0593976009511,2.6009196279953715
192.743902638312,1927.4390263831199,2.588372177578094
192.78168215137742,1927.8168215137744,2.5758700365739386
192.81927896367515,1928.1927896367515,2.5634131943606597
192.8566937394079,1928.5669373940789,2.5510016385922665
192.8939271425722,1928.9392714257222,2.53863535521433
192.93097983693372,1929.3097983693372,2.52631432847934
192.96785248600244,1929.6785248600245,2.5140385409620594
193.00454575300847,1930.0454575300846,2.501807973574861
193.04106030087777,1930.4106030087778,2.4896226055831114
193.07739679220828,1930.7739679220826,2.4774824146205123
193.1135558892462,1931.1355588924619,2.4653873767044807
193.14953825386246,1931.4953825386247,2.4533374662514884
193.18534454752958,1931.8534454752958,2.4413326560924435
193.2209754312985,1932.209754312985,2.4293729174880214
193.2564315657759,1932.564315657759,2.4174582201440193
193.2917136111015,1932.917136111015,2.4055885322266883
193.32682222692583,1933.2682222692583,2.393763820378042
193.36175807238803,1933.6175807238803,2.3819840497311766
193.39652180609392,1933.9652180609392,2.3702491839255506
193.43111408609434,1934.3111408609434,2.358559185122288
193.46553556986376,1934.6553556986375,2.3469140140194122
193.49978691427893,1934.9978691427893,2.335313629867076
193.53386877559794,1935.3386877559794,2.323757990482795
193.56778180943942,1935.6778180943943,2.3122470522666267
193.60152667076196,1936.0152667076195,2.3007807702163303
193.63510401384374,1936.3510401384374,2.2893590979425245
193.66851449226252,1936.685144922625,2.277981987683768
193.70175875887554,1937.0175875887553,2.2666493903216463
193.73483746580007,1937.3483746580007,2.25536125539584
193.76775126439372,1937.6775126439372,2.2441175311190964
193.8005008052354,1938.005008052354,2.232918164392249
193.83308673810618,1938.3308673810618,2.2217631008191177
193.8655097119705,1938.655097119705,2.210652284721437
193.89777037495762,1938.9777037495762,2.19958565915371
193.92986937434318,1939.2986937434318,2.1885631659180422
193.96180735653115,1939.6180735653115,2.1775847455789172
193.99358496703584,1939.9358496703585,2.1666503374779182
194.02520285046415,1940.2520285046417,2.155759879748434
194.0566616504981,1940.566616504981,2.1449133093303097
194.08796200987757,1940.8796200987758,2.134110561984439
194.11910457038314,1941.1910457038314,2.123351572307314
194.15008997281927,1941.5008997281927,2.1126362737455207
194.18091885699772,1941.8091885699773,2.101964598610218
194.21159186172093,1942.1159186172094,2.0913364780914794
194.242109624766,1942.42109624766,2.080751842272699
194.27247278286848,1942.7247278286848,2.07021062014484
194.30268197170668,1943.0268197170667,2.059712739620675
194.332737825886,1943.3273782588599,2.04925812754899
194.36264097892357,1943.6264097892356,2.0388467097286807
194.39239206323305,1943.9239206323305,2.028478410922821
194.4219917101096,1944.2199171010961,2.0181531548726515
194.45144054971522,1944.5144054971522,2.0078708643115544
194.48073921106396,1944.8073921106397,1.9976314609788979
194.50988832200775,1945.0988832200776,1.9874348656338885
194.53888850922215,1945.3888850922215,1.9772809980692987
194.5677403981923,1945.6774039819231,1.967169777125168
194.5964446131993,1945.964446131993,1.9571011207024327
194.62500177730652,1946.2500177730653,1.9470749457764818
194.65341251234625,1946.5341251234624,1.9370911684106424
194.68167743890652,1946.8167743890651,1.9271497037696168
194.70979717631815,1947.0979717631815,1.9172504661328436
194.7377723426419,1947.377723426419,1.9073933689077673
194.76560355465594,1947.6560355465595,1.8975783246430797
194.7932914278434,1947.932914278434,1.8878052450418554
194.82083657638017,1948.2083657638018,1.8780740409746297
194.84823961312287,1948.4823961312286,1.8683846224924103
194.87550114959708,1948.7550114959708,1.8587368988396182
194.90262179598562,1949.0262179598562,1.84913077846692
194.92960216111715,1949.2960216111715,1.839566169044046
194.95644285245484,1949.5644285245485,1.8300429774724858
194.98314447608539,1949.8314447608539,1.8205611098981418
195.00970763670801,1950.0970763670803,1.8111204717238714
195.03613293762385,1950.3613293762385,1.8017209676219927
195.06242098072528,1950.6242098072528,1.7923625015466857
195.08857236648572,1950.8857236648573,1.783044976746341
195.11458769394937,1951.1458769394937,1.7737682957757936
195.14046756072125,1951.4046756072125,1.7645323605085252
195.16621256295733,1951.6621256295732,1.7553370721487518
195.19182329535496,1951.9182329535497,1.7461823312434603
195.21730035114342,1952.1730035114342,1.7370680376943444
195.2426443220745,1952.426443220745,1.7279940907696592
195.26785579841356,1952.6785579841358,1.7189603891160399
195.29293536893042,1952.9293536893042,1.709966830770174
195.31788362089068,1953.178836208907,1.7010133131704528
195.34270114004715,1953.4270114004717,1.6920997331684973
195.3673885106313,1953.6738851063128,1.6832259870406254
195.391946315345,1953.91946315345,1.6743919704992578
195.41637513535258,1954.1637513535259,1.665597578704201
195.4406755502727,1954.4067555027268,1.6568427062738582
195.4648481381706,1954.648481381706,1.6481272472964044
195.48889347555064,1954.8889347555064,1.6394510953408084
195.51281213734865,1955.1281213734865,1.6308141434678145
195.5366046969247,1955.3660469692472,1.62221628424086
195.5602717260561,1955.602717260561,1.6136574097368719
195.5838137949302,1955.8381379493019,1.6051374115569654
195.60723147213767,1956.0723147213766,1.5966561808371385
195.6305253246659,1956.305253246659,1.5882136082588136
195.65369591789243,1956.5369591789245,1.5798095840592996
195.67674381557853,1956.7674381557854,1.571443998042211
195.69966957986304,1956.9966957986303,1.5631167395877714
195.72247377125635,1957.2247377125634,1.5548276976630628
195.74515694863445,1957.4515694863444,1.5465767608321386
195.76771966923314,1957.6771966923316,1.5383638172661076
195.7901624886425,1957.901624886425,1.5301887547531194
195.81248596080127,1958.1248596080127,1.5220514607082496
195.83469063799168,1958.3469063799168,1.5139518221833264
195.8567770708342,1958.5677707083419,1.505889725876651
195.87874580828245,1958.7874580828245,1.4978650581426471
195.90059739761838,1959.005973976184,1.4898777050014278
195.9223323844475,1959.2233238444749,1.4819275521482709
195.94395131269408,1959.4395131269407,1.474014484963023
195.96545472459698,1959.6545472459698,1.4661383885194308
195.986843160705,1959.86843160705,1.4582991475943334
196.00811715987282,1960.0811715987284,1.4504966466768447
196.02927725925684,1960.2927725925683,1.4427307699774161
196.0503239943113,1960.503239943113,1.4350014014368142
196.07125789878435,1960.7125789878435,1.427308424735008
196.0920795047145,1960.920795047145,1.4196517233000243
196.11278934242685,1961.1278934242684,1.4120311803166459
196.13338794052984,1961.3338794052984,1.404446678735102
196.15387582591188,1961.5387582591188,1.396898101279623
196.1742535237381,1961.742535237381,1.3893853304569195
196.1945215574473,1961.945215574473,1.3819082485646188
196.2146804487491,1962.146804487491,1.3744667376995814
196.23473071762103,1962.3473071762103,1.3670606797661424
196.2546728823058,1962.5467288230582,1.3596899564842815
196.27450745930878,1962.7450745930878,1.3523544493977226
196.29423496339552,1962.9423496339552,1.3450540398819353
196.31385590758939,1963.138559075894,1.3377886091520264
196.3333708031693,1963.3337080316928,1.3305580382706346
196.35278015966765,1963.5278015966765,1.3233622081556735
196.3720844848683,1963.720844848683,1.3162009995880037
196.39128428480467,1963.9128428480467,1.3090742932190622
196.41038006375788,1964.1038006375788,1.3019819695783834
196.4293723242552,1964.293723242552,1.2949239090810387
196.44826156706839,1964.4826156706838,1.2878999920350154
196.46704829121222,1964.6704829121222,1.2809100986485173
196.48573299394323,1964.8573299394322,1.2739541090371596
196.50431617075836,1965.0431617075835,1.2670319032311106
196.5227983153938,1965.227983153938,1.2601433611821626
196.54117991982406,1965.4117991982407,1.2532883627707214
196.55946147426087,1965.5946147426087,1.2464667878126772
196.57764346715246,1965.7764346715246,1.2396785160662755
196.59572638518273,1965.9572638518273,1.232923427238843
196.61371071327068,1966.1371071327067,1.2262014009934799
196.63159693456976,1966.3159693456976,1.2195123169556528
196.64938553046753,1966.4938553046752,1.2128560547197331
196.66707698058516,1966.6707698058517,1.2062324938554347
196.6846717627773,1966.846717627773,1.1996415139142211
196.70217035313178,1967.0217035313178,1.193082994435585
196.71957322596964,1967.1957322596963,1.186556814953299
196.7368808538451,1967.368808538451,1.1800628550015464
196.75409370754556,1967.5409370754555,1.1736009941210241
196.77121225609196,1967.7121225609196,1.1671711118649792
196.78823696673888,1967.8823696673887,1.1607730878051026
196.80516830497498,1968.05168304975,1.1544068015374371
196.82200673452348,1968.2200673452348,1.1480721326881707
196.8387527173426,1968.387527173426,1.1417689609193324
196.85540671362622,1968.5540671362623,1.1354971659344972
196.87196918180456,1968.7196918180457,1.1292566274843292
196.88844057854493,1968.8844057854494,1.1230472253721313
196.90482135875263,1969.0482135875263,1.116868839459281
196.92111197557185,1969.2111197557185,1.110721349670607
196.93731288038666,1969.3731288038666,1.1046046359996922
196.95342452282216,1969.5342452282216,1.0985185785141454
196.96944735074555,1969.6944735074555,1.0924630573607335
196.98538181026746,1969.8538181026745,1.0864379527705363
197.00122834574316,1970.0122834574315,1.0804431450639491
197.01698739977405,1970.1698739977405,1.0744785146556826
197.03265941320905,1970.3265941320906,1.068543942059648
197.04824482514613,1970.4824482514614,1.0626393078938285
197.06374407293393,1970.6374407293392,1.0567644928850228
197.07915759217337,1970.7915759217337,1.0509193778735906
197.0944858167195,1970.944858167195,1.0451038438180937
197.10972917868315,1971.0972917868316,1.0393177717998565
197.1248881084329,1971.2488810843292,1.0335610430275217
197.13996303459703,1971.3996303459703,1.0278335388414952
197.1549543840654,1971.549543840654,1.0221351407183281
197.16986258199162,1971.6986258199163,1.0164657302750708
197.18468805179515,1971.8468805179514,1.0108251892735396
197.19943121516343,1971.9943121516344,1.0052133996245214
197.2140924920542,1972.140924920542,0.9996302433919357
197.22867230069772,1972.2867230069774,0.9940756027969151
197.24317105759928,1972.4317105759928,0.9885493602218407
197.25758917754146,1972.5758917754147,0.9830513982143003
197.2719270735867,1972.7192707358672,0.9775815994910211
197.28618515707984,1972.8618515707985,0.9721398469417011
197.30036383765065,1973.0036383765064,0.9667260236328215
197.31446352321655,1973.1446352321655,0.9613400128113696
197.32848461998526,1973.2848461998526,0.955981697908534
197.3424275324576,1973.424275324576,0.9506509625433104
197.35629266343025,1973.5629266343026,0.9453476905260771
197.37008041399864,1973.7008041399863,0.94007176586212
197.38379118355982,1973.8379118355983,0.934823072755055
197.3974253698155,1973.9742536981548,0.9296014956102567
197.41098336877496,1974.1098336877496,0.9244069190381925
197.4244655747582,1974.2446557475819,0.9192392278577106
197.43787238039891,1974.378723803989,0.9140983070992874
197.45120417664785,1974.5120417664784,0.9089840420082034
197.46446135277577,1974.6446135277577,0.9038963180476731
197.47764429637684,1974.7764429637684,0.898835020901938
197.49075339337188,1974.9075339337187,0.8938000364792877
197.50378902801168,1975.0378902801167,0.888791250915018
197.5167515828804,1975.167515828804,0.8838085505743845
197.52964143889895,1975.2964143889894,0.8788518220554504
197.54245897532846,1975.4245897532846,0.8739209521919395
197.5552045697738,1975.5520456977379,0.8690158280559785
197.5678785981871,1975.678785981871,0.8641363369608399
197.5804814348713,1975.804814348713,0.8592823664636065
197.59301345248383,1975.9301345248382,0.854453804367818
197.60547502204017,1976.0547502204017,0.8496505387260314
197.6178665129176,1976.178665129176,0.8448724578423636
197.63018829285895,1976.3018829285895,0.8401194502749778
197.6424407279763,1976.4244072797628,0.8353914048385018
197.6546241827548,1976.5462418275479,0.830688210606441
197.66673902005653,1976.6673902005653,0.8260097569135176
197.6787856011243,1976.787856011243,0.8213559333579603
197.69076428558566,1976.9076428558565,0.8167266298037887
197.70267543145667,1977.0267543145667,0.8121217363829807
197.714519395146,1977.14519395146,0.8075411434976818
197.72629653145887,1977.2629653145887,0.8029847418222982
197.7380071936011,1977.380071936011,0.7984524223055853
197.7496517331831,1977.496517331831,0.793944076172675
197.76123050022403,1977.6123050022402,0.7894595949271039
197.77274384315584,1977.7274384315583,0.7849988703527107
197.78419210882745,1977.8419210882746,0.7805617945156023
197.79557564250896,1977.9557564250897,0.7761482597659857
197.80689478789574,1978.0689478789575,0.7717581587400009
197.81814988711275,1978.1814988711276,0.7673913843615221
197.82934128071872,1978.2934128071872,0.7630478298438863
197.84046930771044,1978.4046930771044,0.7587273886916162
197.85153430552705,1978.5153430552705,0.7544299547020916
197.8625366100544,1978.625366100544,0.7501554219671611
197.87347655562937,1978.7347655562937,0.7459036848747473
197.88435447504415,1978.8435447504414,0.7416746381103838
197.89517069955076,1978.9517069955077,0.7374681766587674
197.90592555886536,1979.0592555886537,0.7332841958051937
197.91661938117278,1979.1661938117277,0.7291225911370383
197.92725249313088,1979.272524931309,0.7249832585451124
197.93782521987504,1979.3782521987505,0.720866094225066
197.94833788502268,1979.483378850227,0.7167709946787291
197.95879081067775,1979.5879081067776,0.7126978567153781
197.9691843174353,1979.691843174353,0.7086465774530293
197.97951872438588,1979.795187243859,0.7046170543196304
197.98979434912033,1979.8979434912033,0.7006091850543061
198.00001150773414,1980.0001150773414,0.6966228677084683
198.01017051483223,1980.1017051483223,0.6926580006469827
198.02027168353342,1980.2027168353343,0.6887144825492246
198.0303153254752,1980.3031532547518,0.6847922124101657
198.04030175081817,1980.4030175081816,0.680891089541392
198.05023126825094,1980.5023126825095,0.6770110135721108
198.0601041849946,1980.601041849946,0.6731518844501139
198.06992080680754,1980.6992080680754,0.6693136024426991
198.0796814379901,1980.796814379901,0.6654960681375783
198.08938638138926,1980.8938638138925,0.661699182443753
198.09903593840338,1980.9903593840338,0.6579228465923563
198.10863040898695,1981.0863040898696,0.654166962137479
198.11817009165537,1981.1817009165538,0.6504314309569157
198.12765528348962,1981.2765528348962,0.6467161552529479
198.1370862801411,1981.370862801411,0.6430210375530692
198.1464633758364,1981.464633758364,0.6393459807106634
198.15578686338205,1981.5578686338204,0.6356908879056835
198.16505703416937,1981.6505703416938,0.6320556626452998
198.17427417817925,1981.7427417817926,0.6284402087645056
198.183438583987,1981.83438583987,0.6248444304266947
198.1925505387671,1981.9255053876711,0.6212682321242209
198.20161032829813,1982.0161032829812,0.6177115186789557
198.2106182369675,1982.106182369675,0.6141741952427626
198.2195745477764,1982.195745477764,0.6106561672980106
198.22847954234464,1982.2847954234464,0.6071573406579809
198.2373335009154,1982.373335009154,0.6036776214673427
198.24613670236027,1982.4613670236026,0.6002169162025499
198.25488942418397,1982.5488942418397,0.5967751316721976
198.2635919425293,1982.635919425293,0.5933521750173938
198.27224453218201,1982.72244532182,0.5899479537121017
198.2808474665757,1982.8084746657569,0.5865623755634353
198.28940101779665,1982.8940101779665,0.5831953487119481
198.2979054565888,1982.979054565888,0.5798467816318897
198.30636105235862,1983.0636105235862,0.5765165831314576
198.31476807317995,1983.1476807317995,0.5732046623530032
198.323126785799,1983.23126785799,0.5699109287732362
198.33143745563916,1983.3143745563916,0.5666352922033777
198.33970034680598,1983.39700346806,0.5633776627893425
198.3479157220921,1983.479157220921,0.5601379510118569
198.35608384298203,1983.5608384298203,0.5569160676865401
198.36420496965724,1983.6420496965725,0.5537119239640482
198.37227936100092,1983.7227936100091,0.5505254313300849
198.380307274603,1983.80307274603,0.5473565016054973
198.38828896676506,1983.8828896676505,0.5442050469462636
198.39622469250514,1983.9622469250514,0.5410709798435356
198.40411470556276,1984.0411470556276,0.5379542131236033
198.4119592584038,1984.1195925840382,0.5348546599478912
198.41975860222547,1984.1975860222547,0.5317722338128785
198.4275129869611,1984.275129869611,0.5287068485500512
198.43522266128514,1984.3522266128514,0.5256584183258166
198.44288787261812,1984.4288787261812,0.5226268576413915
198.4505088671314,1984.5050886713138,0.519612081332685
198.45808588975223,1984.5808588975224,0.5166140045701724
198.46561918416856,1984.6561918416855,0.5136325428587121
198.47310899283403,1984.7310899283402,0.510667612037409
198.48055555697277,1984.8055555697279,0.5077191282793834
198.48795911658436,1984.8795911658435,0.5047870080915917
198.49531991044867,1984.9531991044867,0.5018711683146151
198.50263817613086,1985.0263817613086,0.49897152612239815
198.50991414998612,1985.0991414998612,0.4960879990219844
198.51714806716464,1985.1714806716463,0.49322050485328717
198.52434016161652,1985.243401616165,0.4903689617887732
198.53149066609652,1985.314906660965,0.4875332883331627
198.53859981216902,1985.3859981216901,0.4847134033231466
198.54566783021292,1985.4566783021291,0.48190922592701924
198.55269494942638,1985.5269494942638,0.4791206756443511
198.55968139783178,1985.5968139783179,0.47634767230563035
198.56662740228052,1985.6662740228053,0.47359013607189127
198.57353318845782,1985.735331884578,0.4708479874343272
198.58039898088765,1985.8039898088764,0.46812114721390685
198.58722500293752,1985.8722500293752,0.4654095365609372
198.59401147682328,1985.940114768233,0.4627130769546497
198.60075862361398,1986.0075862361398,0.46003169020276147
198.60746666323664,1986.0746666323664,0.4573652984410277
198.61413581448105,1986.1413581448105,0.4547138241327833
198.62076629500461,1986.2076629500461,0.4520771900684579
198.62735832133714,1986.2735832133715,0.449455319365093
198.63391210888557,1986.3391210888558,0.44684813546583513
198.6404278719388,1986.404278719388,0.4442555621394426
198.64690582367243,1986.4690582367243,0.44167752347973455
198.6533461761535,1986.533461761535,0.4391139439051077
198.6597491403453,1986.597491403453,0.436564748157938
198.66611492611207,1986.6611492611207,0.4340298613040492
198.67244374222378,1986.7244374222378,0.43150920873215703
198.67873579636077,1986.7873579636077,0.42900271615327057
198.68499129511858,1986.8499129511858,0.42651030960012726
198.69121044401257,1986.9121044401256,0.42403191542657837
198.69739344748265,1986.9739344748266,0.42156746030699743
198.70354050889802,1987.03540508898,0.4191168712356568
198.70965183056174,1987.0965183056173,0.4166800755261022
198.71572761371553,1987.1572761371553,0.4142570008105242
198.72176805854434,1987.2176805854433,0.41184757503910063
198.7277733641811,1987.277733641811,0.4094517264793609
198.73374372871123,1987.3374372871124,0.40706938371549484
198.7396793491774,1987.3967934917741,0.40470047564772926
198.74558042158412,1987.4558042158412,0.4023449314915961
198.7514471409023,1987.514471409023,0.40000268077727874
198.75727970107386,1987.5727970107387,0.3976736533489138
198.76307829501644,1987.6307829501643,0.3953577793638825
198.76884311462788,1987.6884311462788,0.3930549892920876
198.77457435079083,1987.7457435079082,0.39076521391524643
198.78027219337721,1987.802721933772,0.38848838432615374
198.78593683125297,1987.8593683125296,0.3862244319279853
198.79156845228243,1987.9156845228244,0.383973288433495
198.79716724333295,1987.9716724333296,0.3817348858643115
198.80273339027931,1988.027333902793,0.37950915655016004
198.80826707800838,1988.0826707800838,0.37729603312813786
198.8137684904235,1988.1376849042351,0.3750954485418827
198.819237810449,1988.1923781044902,0.37290733604084103
198.8246752200347,1988.246752200347,0.3707316291794953
198.83008090016028,1988.3008090016028,0.36856826181653446
198.83545503083985,1988.3545503083985,0.3664171681140882
198.84079779112633,1988.4079779112633,0.36427828253694194
198.84610935911587,1988.4610935911587,0.3621515398516859
198.85138991195228,1988.5138991195229,0.3600368751259424
198.85663962583143,1988.5663962583144,0.3579342237275327
198.86185867600562,1988.6185867600561,0.3558435213236546
198.867047236788,1988.6704723678802,0.3537647038800742
198.87220548155696,1988.7220548155697,0.3516977076602572
198.87733358276034,1988.7733358276034,0.34964246922454834
198.88243171191993,1988.8243171191993,0.34759892542935233
198.88750003963577,1988.8750003963578,0.3455670134262583
198.89253873559036,1988.9253873559037,0.3435466706611816
198.8975479685531,1988.9754796855311,0.34153783487353984
198.90252790638453,1989.0252790638453,0.33954044409536266
198.90747871604054,1989.0747871604053,0.33755443665044105
198.9124005635768,1989.1240056357678,0.3355797511534586
198.9172936141528,1989.1729361415282,0.3336163265090928
198.92215803203632,1989.2215803203633,0.33166410191118345
198.92699398060745,1989.2699398060745,0.32972301684181105
198.9318016223629,1989.318016223629,0.3277930110704368
198.9365811189203,1989.3658111892028,0.3258740246530092
198.94133263102214,1989.4133263102212,0.32396599793105096
198.94605631854023,1989.4605631854024,0.3220688715307922
198.95075234047962,1989.5075234047963,0.32018258636225205
198.95542085498292,1989.5542085498291,0.3183070836183628
198.96006201933434,1989.6006201933435,0.3164423047740357
198.96467598996387,1989.6467598996387,0.31458819158525486
198.96926292245132,1989.6926292245132,0.31274468608819284
198.9738229715305,1989.738229715305,0.31091173059827426
198.9783562910932,1989.783562910932,0.30908926770927003
198.9828630341934,1989.828630341934,0.30727724029237713
198.9873433530512,1989.8734335305119,0.30547559149529135
198.99179739905688,1989.9179739905687,0.3036842647412836
198.996225322775,1989.96225322775,0.30190320372828516
199.00062727394834,1990.0062727394834,0.3001323524279602
199.00500340150197,1990.0500340150197,0.29837165508475216
199.00935385354717,1990.0935385354717,0.2966210562149776
199.0136787773854,1990.136787773854,0.29488050060587234
199.01797831951234,1990.1797831951235,0.29314993331469097
199.02225262562177,1990.2225262562179,0.29142929966771547
199.02650184060954,1990.2650184060954,0.2897185452593565
199.03072610857743,1990.3072610857744,0.288017615951194
199.0349255728371,1990.349255728371,0.28632645787105204
199.03910037591396,1990.3910037591395,0.28464501741203563
199.04325065955112,1990.4325065955113,0.2829732412316073
199.04737656471318,1990.4737656471318,0.2813110762506046
199.05147823159004,1990.5147823159004,0.279658469652313
199.05555579960082,1990.5555579960082,0.2780153688815403
199.05960940739766,1990.5960940739765,0.2763817216436344
199.0636391928695,1990.6363919286948,0.27475747590354693
199.0676452931459,1990.676452931459,0.273142579884869
199.07162784460078,1990.716278446008,0.2715369820688913
199.07558698285632,1990.7558698285632,0.2699406311936503
199.07952284278647,1990.7952284278647,0.2683534762529547
199.08343555852093,1990.8343555852093,0.2667754664954707
199.0873252634487,1990.873252634487,0.26520655142372007
199.09119209022188,1990.9119209022188,0.263646680793169
199.09503617075939,1990.9503617075939,0.2620958046112243
199.0988576362505,1990.988576362505,0.2605538731363186
199.10265661715871,1991.026566171587,0.25902083687694955
199.10643324322527,1991.0643324322527,0.25749664659068117
199.11018764347278,1991.1018764347277,0.25598125328323107
199.113919946209,1991.13919946209,0.2544746082075111
199.1176302790302,1991.176302790302,0.25297666286262555
199.121318768825,1991.21318768825,0.25148736899298285
199.12498554177785,1991.2498554177785,0.250006678587285
199.12863072337254,1991.2863072337254,0.248534543877577
199.13225443839588,1991.3225443839588,0.24707091733831632
199.1358568109411,1991.358568109411,0.2456157516853903
199.13943796441157,1991.3943796441158,0.24416899987518725
199.1429980215241,1991.4299802152411,0.2427306151035964
199.1465371043126,1991.4653710431262,0.24130055080509294
199.15005533413145,1991.5005533413146,0.2398787606517665
199.15355283165906,1991.5355283165904,0.23846519855238846
199.15702971690126,1991.5702971690125,0.23705981865140657
199.16048610919484,1991.6048610919484,0.2356625753280479
199.1639221272108,1991.639221272108,0.23427342319532762
199.167337888958,1991.67337888958,0.23289231709912883
199.17073351178635,1991.7073351178635,0.23151921211722026
199.17410911239034,1991.7410911239035,0.23015406355832901
199.17746480681234,1991.7746480681235,0.22879682696117243
199.18080071044596,1991.8080071044596,0.2274474580935255
199.18411693803944,1991.8411693803944,0.22610591295127414
199.18741360369896,1991.8741360369895,0.22477214775745757
199.19069082089192,1991.906908208919,0.2234461189613164
199.1939487024503,1991.9394870245033,0.2221277832373758
199.197187360574,1991.9718736057398,0.2208170974844741
199.20040690683388,1992.0040690683388,0.21951401882482635
199.20360745217533,1992.0360745217533,0.2182185046031062
199.20678910692135,1992.0678910692136,0.21693051238547412
199.20995198077574,1992.0995198077574,0.21564999995865186
199.21309618282646,1992.1309618282646,0.2143769253290042
199.21622182154874,1992.1622182154874,0.21311124672156723
199.21932900480834,1992.1932900480833,0.21185292257914767
199.22241783986465,1992.2241783986465,0.21060191156134955
199.2254884333739,1992.254884333739,0.2093581725436966
199.22854089139233,1992.2854089139232,0.20812166461666237
199.23157531937932,1992.3157531937932,0.2068923470847519
199.23459182220049,1992.345918222005,0.2056701794655691
199.23759050413082,1992.3759050413082,0.20445512148891254
199.2405714688578,1992.405714688578,0.2032471330958252
199.24353481948444,1992.4353481948444,0.2020461744376867
199.24648065853236,1992.4648065853237,0.2008522058752984
199.24940908794488,1992.4940908794488,0.1996651879779474
199.25232020909004,1992.5232020909004,0.1984850815225112
199.25521412276368,1992.5521412276366,0.19731184749252506
199.25809092919232,1992.5809092919233,0.19614544707726544
199.26095072803636,1992.6095072803637,0.1949858416708672
199.2637936183929,1992.637936183929,0.1938329928713749
199.26661969879882,1992.6661969879883,0.19268686247987787
199.26942906723372,1992.694290672337,0.19154741249956153
199.27222182112286,1992.7222182112287,0.19041460513482988
199.27499805734007,1992.7499805734008,0.18928840279039605
199.27775787221074,1992.7775787221074,0.1881687680703923
199.28050136151467,1992.8050136151467,0.18705566377746052
199.283228620489,1992.8322862048901,0.1859490529118677
199.28593974383114,1992.8593974383114,0.18484889867059096
199.28863482570154,1992.8863482570155,0.1837551644464508
199.2913139597266,1992.913139597266,0.18266781382719977
199.29397723900155,1992.9397723900156,0.1815868105946592
199.29662475609322,1992.9662475609323,0.18051211872382744
199.29925660304295,1992.9925660304295,0.17944370238197216
199.30187287136928,1993.0187287136928,0.17838152592777234
199.3044736520708,1993.044736520708,0.1773255539104408
199.307059035629,1993.07059035629,0.1762757510688573
199.30962911201092,1993.0962911201093,0.17523208233065546
199.31218397067198,1993.1218397067198,0.17419451281139153
199.3147237005587,1993.147237005587,0.1731630078136508
199.3172483901114,1993.172483901114,0.17213753282620026
199.319758127267,1993.19758127267,0.17111805352311293
199.32225299946165,1993.2225299946165,0.17010453576289386
199.3247330936335,1993.2473309363352,0.16909694558764699
199.32719849622526,1993.2719849622526,0.16809524922218166
199.32964929318698,1993.2964929318698,0.16709941307320797
199.33208556997863,1993.3208556997863,0.16610940372843253
199.33450741157282,1993.345074115728,0.1651251879557325
199.33691490245735,1993.3691490245735,0.16414673270231006
199.33930812663786,1993.3930812663787,0.16317400509383617
199.34168716764046,1993.4168716764045,0.16220697243363347
199.34405210851426,1993.4405210851426,0.16124560220178985
199.34640303183406,1993.4640303183405,0.16028986205437157
199.34874001970277,1993.4874001970277,0.15933971982253503
199.35106315375413,1993.5106315375413,0.15839514351175055
199.3533725151551,1993.533725151551,0.1574561013009177
199.35566818460845,1993.5566818460845,0.15652256154158195
199.35795024235537,1993.5795024235538,0.15559449275709092
199.36021876817784,1993.6021876817786,0.15467186364175234
199.36247384140123,1993.6247384140122,0.15375464306005782
199.36471554089667,1993.6471554089667,0.1528428000458142
199.36694394508362,1993.6694394508363,0.1519363038013779
199.36915913193235,1993.6915913193234,0.15103512369682015
199.37136117896628,1993.7136117896628,0.1501392292690884
199.37355016326447,1993.7355016326446,0.14924859022125503
199.3757261614641,1993.7572616146408,0.1483631764216895
199.37788924976277,1993.7788924976278,0.14748295790322885
199.380039503921,1993.8003950392101,0.14660790486241027
199.3821769992646,1993.821769992646,0.14573798765868773
199.38430181068696,1993.8430181068697,0.1448731768135918
199.38641401265156,1993.8641401265156,0.14401344300997998
199.38851367919418,1993.8851367919417,0.1431587570912196
199.39060088392537,1993.9060088392537,0.1423090900604329
199.3926757000327,1993.926757000327,0.1414644130796745
199.39473820028306,1993.9473820028306,0.1406246974691907
199.39678845702508,1993.9678845702508,0.13978991470663082
199.39882654219133,1993.9882654219132,0.1389600364262389
199.40085252730063,1994.0085252730064,0.1381350344181307
199.40286648346031,1994.0286648346032,0.13731488062749264
199.40486848136857,1994.0486848136857,0.13649954715383217
199.40685859131654,1994.0685859131654,0.1356890062501872
199.4088368831907,1994.088368831907,0.13488323032241212
199.41080342647507,1994.1080342647506,0.13408219192837478
199.41275829025332,1994.1275829025333,0.13328586377721052
199.41470154321115,1994.1470154321114,0.13249421872860268
199.41663325363834,1994.1663325363834,0.13170722979197258
199.41855348943102,1994.1855348943102,0.13092487012579035
199.4204623180938,1994.204623180938,0.13014711303678617
199.42235980674195,1994.2235980674195,0.12937393197924862
199.4242460221036,1994.242460221036,0.12860530055425023
199.42612103052178,1994.261210305218,0.1278411925089138
199.42798489795663,1994.2798489795664,0.1270815817357196
199.4298376899875,1994.298376899875,0.12632644227172563
199.43167947181504,1994.3167947181505,0.12557574829786589
199.43351030826338,1994.3351030826339,0.12482947413821677
199.4353302637821,1994.3533026378211,0.12408759425926519
199.4371394024484,1994.3713940244838,0.12335008326921226
199.43893778796908,1994.3893778796908,0.12261691591724322
199.4407254836827,1994.4072548368272,0.12188806709280797
199.4425025525616,1994.4250255256159,0.12116351182492657
199.44426905721383,1994.4426905721384,0.12044322528145557
199.44602505988533,1994.4602505988532,0.11972718276840588
199.44777062246186,1994.4777062246185,0.1190153597292305
199.44950580647102,1994.4950580647103,0.11830773174411391
199.45123067308427,1994.5123067308427,0.11760427452929534
199.45294528311882,1994.5294528311883,0.11690496393635108
199.45464969703977,1994.5464969703976,0.11620977595153192
199.45634397496192,1994.5634397496192,0.11551868669504195
199.45802817665182,1994.5802817665183,0.11483167242037062
199.45970236152965,1994.5970236152966,0.11414870951360889
199.4613665886712,1994.6136658867122,0.1134697744927653
199.4630209168098,1994.630209168098,0.11279484400708384
199.4646654043382,1994.6466540433821,0.11212389483638319
199.46630010931048,1994.6630010931049,0.11145690389034435
199.46792508944398,1994.6792508944397,0.11079384820791027
199.46954040212117,1994.6954040212117,0.1101347049565451
199.4711461043915,1994.7114610439148,0.10947945143161064
199.47274225297323,1994.7274225297324,0.10882806505570564
199.47432890425546,1994.7432890425546,0.10818052337800665
199.47590611429976,1994.7590611429976,0.10753680407358068
199.47747393884214,1994.7747393884215,0.10689688494276872
199.47903243329486,1994.7903243329486,0.10626074391052676
199.48058165274819,1994.805816527482,0.10562835902575252
199.48212165197228,1994.8212165197228,0.10499970846068685
199.48365248541893,1994.8365248541893,0.10437477051022803
199.4851742072234,1994.851742072234,0.10375352359131895
199.48668687120616,1994.8668687120617,0.10313594624229871
199.48819053087468,1994.8819053087468,0.10252201712226672
199.48968523942523,1994.8968523942522,0.10191171501047158
199.49117104974454,1994.9117104974453,0.10130501880563081
199.49264801441163,1994.9264801441163,0.10070190752538188
199.4941161856995,1994.9411618569952,0.10010236030559128
199.4955756155769,1994.955756155769,0.09950635639976646
199.49702635570998,1994.9702635570998,0.09891387517842887
199.498468457464,1994.9846845746401,0.09832489612850992
199.49990197190516,1994.9990197190516,0.09773939885271687
199.5013269498021,1995.013269498021,0.0971573630689484
199.50274344162767,1995.0274344162767,0.09657876860966219
199.50415149756063,1995.0415149756063,0.09600359542129944
199.50555116748728,1995.0555116748728,0.09543182356366664
199.50694250100312,1995.0694250100312,0.09486343320932455
199.5083255474145,1995.083255474145,0.09429840464300909
199.50970035574022,1995.0970035574023,0.09373671826102736
199.5110669747132,1995.110669747132,0.09317835457068213
199.51242545278208,1995.1242545278208,0.09262329418966786
199.51377583811288,1995.1377583811288,0.09207151784549694
199.51511817859048,1995.1511817859048,0.09152300637488864
199.51645252182036,1995.1645252182036,0.09097774072323084
199.51777891513007,1995.1777891513007,0.09043570194397432
199.51909740557088,1995.1909740557087,0.08989687119806256
199.5204080399193,1995.204080399193,0.08936122975335437
199.52171086467868,1995.2171086467868,0.0888287589840786
199.52300592608077,1995.2300592608076,0.08829944037021598
199.52429327008716,1995.2429327008715,0.08777325549698389
199.52557294239097,1995.2557294239095,0.08725018605426804
199.52684498841825,1995.2684498841825,0.08673021383601842
199.52810945332953,1995.2810945332953,0.08621332073974308
199.5293663820214,1995.293663820214,0.08569948876594502
199.53061581912795,1995.3061581912793,0.08518870001753953
199.53185780902223,1995.3185780902222,0.08468093669932486
199.53309239581782,1995.3309239581781,0.08417618111744218
199.53431962337027,1995.3431962337027,0.08367441567881784
199.5355395352785,1995.355395352785,0.08317562289062508
199.53675217488643,1995.3675217488644,0.08267978535976894
199.5379575852843,1995.379575852843,0.08218688579229294
199.53915580931007,1995.3915580931007,0.08169690699289411
199.54034688955107,1995.4034688955107,0.08120983186438302
199.54153086834523,1995.4153086834524,0.08072564340713484
199.54270778778258,1995.4270778778257,0.08024432471857423
199.54387768970668,1995.4387768970669,0.07976585899266375
199.54504061571598,1995.4504061571597,0.07929022951934783
199.54619660716526,1995.4619660716526,0.07881741968407496
199.54734570516703,1995.4734570516703,0.07834741296725412
199.5484879505929,1995.4848795059288,0.07788019294373782
199.5496233840749,1995.496233840749,0.07741574328233014
199.55075204600695,1995.5075204600694,0.07695404774525727
199.5518739765462,1995.518739765462,0.07649509018767908
199.55298921561433,1995.5298921561434,0.07603885455715087
199.55409780289895,1995.5409780289895,0.0755853248931686
199.55519977785488,1995.5519977785489,0.07513448532662359
199.5562951797056,1995.5629517970558,0.07468632007934595
199.5573840474444,1995.573840474444,0.07424081346356459
199.55846641983592,1995.5846641983592,0.07379794988146138
199.55954233541726,1995.5954233541727,0.0733577138246364
199.5606118324994,1995.606118324994,0.07292008987365861
199.56167494916846,1995.6167494916847,0.07248506269755062
199.562731723287,1995.62731723287,0.07205261705332155
199.56378219249527,1995.6378219249527,0.07162273778548567
199.56482639421256,1995.6482639421256,0.07119540982556494
199.5658643656384,1995.658643656384,0.07077061819164676
199.56689614375384,1995.6689614375384,0.07034834798788303
199.56792176532272,1995.6792176532272,0.06992858440401584
199.56894126689292,1995.6894126689292,0.06951131271493871
199.56995468479758,1995.6995468479759,0.0690965182801957
199.57096205515637,1995.7096205515636,0.06868418654353015
199.57196341387666,1995.7196341387667,0.06827430303241755
199.5729587966548,1995.729587966548,0.06786685335762499
199.57394823897732,1995.7394823897732,0.06746182321272798
199.5749317761221,1995.749317761221,0.06705919837366281
199.57590944315965,1995.7590944315964,0.06665896469828425
199.5768812749542,1995.768812749542,0.06626110812588593
199.57784730616498,1995.77847306165,0.0658656146767953
199.57880757124735,1995.7880757124735,0.06547247045187632
199.579762104454,1995.79762104454,0.06508166163214213
199.58071093983614,1995.8071093983613,0.06469317447825418
199.58165411124455,1995.8165411124455,0.06430699533011186
199.58259165233088,1995.8259165233087,0.06392311060642974
199.58352359654873,1995.8352359654873,0.06354150680427217
199.58444997715478,1995.8444997715478,0.06316217049862516
199.58537082720997,1995.8537082720998,0.06278508834199314
199.58628617958058,1995.8628617958059,0.06241024706391762
199.5871960669394,1995.8719606693942,0.062037633470612974
199.58810052176685,1995.8810052176684,0.061667234444485075
199.588999576352,1995.88999576352,0.061299036943744056
199.5898932627938,1995.898932627938,0.060933028001972644
199.5907816130021,1995.9078161300208,0.06056919472770517
199.5916646586988,1995.916646586988,0.06020752430401899
199.59254243141888,1995.9254243141888,0.05984800398810286
199.59341496251153,1995.9341496251154,0.05949062111086256
199.59428228314115,1995.9428228314116,0.059135363076499914
199.59514442428855,1995.9514442428854,0.05878221736213263
199.59600141675185,1995.9600141675185,0.058431171517334235
199.59685329114765,1995.9685329114766,0.05808221316378237
199.5977000779121,1995.977000779121,0.05773532999483422
199.5985418073018,1995.985418073018,0.057390509775119725
199.59937850939505,1995.9937850939505,0.05704774034016147
199.6002102140927,1996.002102140927,0.056707009595971414
199.60103695111926,1996.0103695111925,0.056368305518644135
199.6018587500239,1996.018587500239,0.05603161615399088
199.6026756401815,1996.026756401815,0.05569692961713635
199.60348765079365,1996.0348765079366,0.055364234092122544
199.60429481088963,1996.0429481088963,0.05503351783154109
199.6050971493274,1996.0509714932741,0.054704769156129984
199.60589469479467,1996.0589469479467,0.054377976454413
199.6066874758098,1996.066874758098,0.05405312818230534
199.60747552072277,1996.0747552072278,0.053730212862733495
199.60825885771632,1996.0825885771633,0.05340921908529417
199.60903751480674,1996.0903751480673,0.05309013550581376
199.60981151984492,1996.0981151984492,0.05277295084603573
199.61058090051728,1996.105809005173,0.05245765389322976
199.61134568434676,1996.1134568434677,0.052144233499827664
199.61210589869373,1996.1210589869372,0.05183267858303964
199.612861570757,1996.12861570757,0.051522978124525665
199.61361272757466,1996.1361272757467,0.051215121169990496
199.61435939602512,1996.143593960251,0.05090909682885503
199.61510160282796,1996.1510160282796,0.05060489427389214
199.61583937454492,1996.1583937454493,0.05030250274085901
199.61657273758073,1996.1657273758074,0.05000191152814182
199.6173017181841,1996.173017181841,0.049703109996425354
199.61802634244864,1996.1802634244864,0.04940608756831466
199.6187466363137,1996.187466363137,0.049110833728002845
199.61946262556523,1996.1946262556523,0.04881733802091048
199.62017433583688,1996.2017433583687,0.04852559005336232
199.62088179261062,1996.2088179261061,0.04823557949221069
199.6215850212178,1996.215850212178,0.047947296064529965
199.62228404684,1996.2228404684001,0.04766072955724354
199.62297889450986,1996.2297889450986,0.047375869816812965
199.62366958911193,1996.2366958911193,0.04709270674887733
199.62435615538362,1996.2435615538361,0.04681123031793888
199.62503861791603,1996.2503861791604,0.04653143054701836
199.62571700115473,1996.2571700115473,0.04625329751731577
199.6263913294007,1996.263913294007,0.04597682136790837
199.6270616268111,1996.270616268111,0.04570199229539362
199.62772791740016,1996.2772791740017,0.045428800553581894
199.62839022504005,1996.2839022504004,0.04515723645317493
199.6290485734616,1996.2904857346161,0.044887290361408816
199.62970298625518,1996.2970298625519,0.04461895270177685
199.63035348687157,1996.3035348687158,0.044352213953695596
199.6310000986227,1996.3100009862271,0.04408706465217094
199.63164284468252,1996.3164284468253,0.043823495387499634
199.6322817480877,1996.3228174808771,0.043561496804949584
199.6329168317386,1996.3291683173861,0.04330105960446495
199.63354811839994,1996.3354811839995,0.043042174540316225
199.6341756307016,1996.341756307016,0.0427848324208302
199.6347993911395,1996.347993911395,0.04252902410805959
199.63541942207624,1996.3541942207623,0.04227474051747926
199.63603574574202,1996.3603574574202,0.042021972617703796
199.63664838423534,1996.3664838423533,0.04177071143015709
199.6372573595238,1996.372573595238,0.04152094802877926
199.63786269344482,1996.3786269344482,0.04127267353973174
199.6384644077064,1996.384644077064,0.04102587914110423
199.63906252388801,1996.3906252388801,0.04078055606262687
199.63965706344115,1996.3965706344115,0.04053669558533102
199.64024804769022,1996.4024804769022,0.04029428904131471
199.64083549783325,1996.4083549783325,0.04005332781341231
199.64141943494263,1996.4141943494265,0.039813803334915576
199.6419998799658,1996.419998799658,0.0395757070892806
199.64257685372604,1996.4257685372604,0.03933903060987198
199.6431503769232,1996.4315037692318,0.03910376547963068
199.64372047013438,1996.437204701344,0.03886990333082707
199.64428715381467,1996.4428715381468,0.03863743584474477
199.64485044829792,1996.4485044829792,0.03840635475145149
199.6454103737973,1996.454103737973,0.038176651829452624
199.64596695040618,1996.4596695040618,0.037948318905488776
199.64652019809876,1996.4652019809876,0.03772134785419112
199.64707013673072,1996.4707013673071,0.03749573059784339
199.64761678604,1996.4761678604,0.037271459106118954
199.64816016564743,1996.4816016564741,0.037048525395773524
199.64870029505744,1996.4870029505744,0.03682692153041778
199.64923719365876,1996.4923719365877,0.036606639620201165
199.64977088072507,1996.4977088072508,0.03638767182158453
199.6503013754157,1996.5030137541569,0.03617001033705769
199.65082869677624,1996.5082869677624,0.0359536474148765
199.6513528637393,1996.513528637393,0.035738575348803536
199.65187389512514,1996.5187389512514,0.03552478647785229
199.65239180964227,1996.5239180964227,0.035312273186001164
199.6529066258882,1996.5290662588818,0.03510102790196257
199.65341836235,1996.5341836235002,0.034891043098923546
199.65392703740508,1996.5392703740508,0.034682311294274015
199.65443266932164,1996.5443266932164,0.03447482504936339
199.65493527625947,1996.5493527625947,0.03426857696926433
199.65543487627056,1996.5543487627056,0.03406355970248498
199.65593148729968,1996.5593148729968,0.033859765940739806
199.65642512718506,1996.5642512718505,0.033657188418709794
199.656915813659,1996.56915813659,0.03345581991377777
199.65740356434847,1996.5740356434846,0.0332556532457815
199.65788839677575,1996.5788839677575,0.03305668127678807
199.65837032835907,1996.5837032835907,0.03285889691085231
199.6588493764132,1996.588493764132,0.032662293093732586
199.65932555815002,1996.5932555815002,0.03246686281269362
199.65979889067918,1996.597988906792,0.03227259909626312
199.6602693910087,1996.602693910087,0.032079495013976
199.66073707604554,1996.6073707604553,0.03188754367614166
199.66120196259618,1996.6120196259617,0.03169673823362906
199.6616640673673,1996.616640673673,0.03150707187759849
199.66212340696623,1996.6212340696623,0.03131853783929017
199.66257999790164,1996.6257999790164,0.031131129389807555
199.66303385658412,1996.6303385658412,0.03094483983985974
199.6634849993267,1996.634849993267,0.030759662539537658
199.66393344234544,1996.6393344234543,0.030575590878095582
199.66437920176003,1996.6437920176004,0.030392618283721973
199.66482229359434,1996.6482229359435,0.030210738223317435
199.66526273377698,1996.65262733777,0.030029944202263792
199.66570053814186,1996.6570053814187,0.029850229764203817
199.66613572242878,1996.6613572242877,0.029671588490829848
199.66656830228393,1996.6656830228394,0.0294940140016422
199.66699829326052,1996.6699829326053,0.029317499953744885
199.6674257108192,1996.674257108192,0.029142040041627126
199.66785057032874,1996.6785057032873,0.028967627996960843
199.6682728870665,1996.682728870665,0.02879425758835552
199.66869267621902,1996.6869267621903,0.028621922621159257
199.66910995288245,1996.6910995288245,0.028450616937243822
199.66952473206322,1996.6952473206322,0.028280334414812813
199.66993702867845,1996.6993702867844,0.028111068968151187
199.67034685755658,1996.7034685755657,0.027942814547461836
199.6707542334378,1996.707542334378,0.02777556513860624
199.67115917097465,1996.7115917097465,0.02760931476294992
199.67156168473244,1996.7156168473243,0.027444057477120865
199.6719617891899,1996.7196178918991,0.027279787372826547
199.67235949873958,1996.7235949873957,0.027116498576617687
199.67275482768838,1996.7275482768837,0.026954185249735474
199.6731477902581,1996.731477902581,0.02679284158786821
199.6735384005859,1996.735384005859,0.02663246182096124
199.6739266727248,1996.739266727248,0.026473040213032206
199.6743126206442,1996.743126206442,0.026314571061966774
199.67469625823037,1996.7469625823037,0.026157048699317897
199.6750775992869,1996.750775992869,0.026000467490101542
199.67545665753528,1996.7545665753528,0.025844821832626153
199.67583344661526,1996.7583344661525,0.025690106158275938
199.67620798008545,1996.7620798008545,0.02553631493133146
199.67658027142375,1996.7658027142375,0.025383442648770682
199.6769503340278,1996.7695033402779,0.02523148384008067
199.67731818121547,1996.7731818121547,0.02508043306707286
199.67768382622535,1996.7768382622535,0.024930284923701862
199.67804728221725,1996.7804728221724,0.02478103403587184
199.67840856227258,1996.7840856227258,0.024632675061221576
199.67876767939487,1996.7876767939488,0.024485202688987684
199.67912464651022,1996.7912464651022,0.024338611639798557
199.67947947646775,1996.7947947646776,0.024192896665484298
199.67983218204006,1996.7983218204006,0.024048052548911514
199.68018277592373,1996.8018277592373,0.023904074103795026
199.68053127073966,1996.8053127073968,0.023760956174493586
199.6808776790336,1996.8087767903362,0.02361869363587843
199.68122201327662,1996.8122201327662,0.02347728139313432
199.68156428586545,1996.8156428586544,0.023336714381562373
199.681904509123,1996.81904509123,0.023196987566429073
199.68224269529875,1996.8224269529876,0.023058095942785073
199.68257885656928,1996.8257885656928,0.022920034535305334
199.68291300503856,1996.8291300503856,0.022782798398074178
199.68324515273844,1996.8324515273844,0.022646382614455618
199.68357531162914,1996.8357531162915,0.022510782296922827
199.68390349359962,1996.839034935996,0.022375992586852078
199.68422971046795,1996.8422971046793,0.02224200865437531
199.68455397398182,1996.8455397398182,0.022108825698227363
199.6848762958189,1996.848762958189,0.0219764389455559
199.68519668758728,1996.8519668758727,0.021844843651770418
199.68551516082587,1996.8551516082587,0.021714035100361073
199.68583172700485,1996.8583172700485,0.021584008602753002
199.686146397526,1996.86146397526,0.021454759498118037
199.68645918372312,1996.8645918372313,0.02132628315324503
199.68677009686252,1996.8677009686253,0.021198574962362216
199.68707914814334,1996.8707914814333,0.021071630346970238
199.68738634869794,1996.8738634869794,0.02094544475568405
199.68769170959234,1996.8769170959235,0.02082001366409436
199.68799524182663,1996.8799524182664,0.020695332574586445
199.68829695633525,1996.8829695633526,0.02057139701618027
199.6885968639875,1996.885968639875,0.020448202544407934
199.68889497558789,1996.888949755879,0.020325744741128915
199.6891913018765,1996.8919130187649,0.020204019214375535
199.68948585352936,1996.8948585352937,0.020083021598212625
199.68977864115888,1996.8977864115889,0.019962747552582982
199.6900696753142,1996.9006967531418,0.01984319276315638
199.69035896648148,1996.9035896648147,0.019724352941157264
199.69064652508442,1996.9064652508441,0.01960622382325994
199.69093236148456,1996.9093236148456,0.01948880117141094
199.6912164859816,1996.9121648598161,0.019372080772660283
199.6914989088139,1996.914989088139,0.019256058439056645
199.6917796401587,1996.917796401587,0.019140730007476847
199.69205869013254,1996.9205869013254,0.019026091339481965
199.69233606879166,1996.9233606879166,0.018912138321178773
199.6926117861323,1996.9261178613228,0.018798866863068753
199.69288585209102,1996.9288585209101,0.01868627289991842
199.69315827654523,1996.9315827654523,0.018574352390606563
199.69342906931334,1996.9342906931333,0.018463101317971464
199.6936982401552,1996.9369824015519,0.018352515688695448
199.69396579877244,1996.9396579877243,0.01824259153315566
199.69423175480884,1996.9423175480883,0.018133324905258874
199.6944961178506,1996.944961178506,0.01802471188235444
199.6947588974268,1996.947588974268,0.017916748565058427
199.69502010300957,1996.9502010300957,0.017809431077116855
199.6952797440146,1996.9527974401462,0.017702755565302652
199.69553782980142,1996.9553782980142,0.017596718199234473
199.69579436967365,1996.9579436967365,0.017491315171277222
199.6960493728794,1996.960493728794,0.017386542696392837
199.69630284861165,1996.9630284861164,0.017282397012026607
199.6965548060085,1996.965548060085,0.017178874377943743
199.69680525415347,1996.9680525415347,0.017075971076113916
199.69705420207595,1996.9705420207595,0.016973683410597573
199.6973016587514,1996.973016587514,0.016872007707394943
199.69754763310172,1996.9754763310173,0.016770940314309257
199.69779213399556,1996.9779213399556,0.016670477600849054
199.69803517024863,1996.9803517024864,0.016570615958080737
199.69827675062405,1996.9827675062404,0.016471351798506007
199.6985168838326,1996.985168838326,0.016372681555923307
199.69875557853314,1996.9875557853313,0.01627460168532302
199.69899284333277,1996.9899284333278,0.016177108662748907
199.69922868678722,1996.9922868678723,0.016080198985170213
199.6994631174012,1996.9946311740118,0.01598386917039818
199.69969614362856,1996.9969614362856,0.015888115756894194
199.6999277738728,1996.9992777387279,0.015792935303720057
199.70015801648714,1997.0015801648715,0.015698324390353235
199.70038687977498,1997.0038687977499,0.015604279616617589
199.70061437199018,1997.006143719902,0.015510797602544812
199.70084050133727,1997.0084050133728,0.015417874988234104
199.7010652759718,1997.0106527597181,0.015325508433770452
199.7012887040007,1997.012887040007,0.015233694619078975
199.70151079348236,1997.0151079348236,0.015142430243820115
199.70173155242713,1997.0173155242715,0.015051712027281283
199.70195098879756,1997.0195098879756,0.014961536708250733
199.7021691105086,1997.0216911050861,0.014871901044894997
199.702385925428,1997.0238592542798,0.014782801814657631
199.7026014413764,1997.026014413764,0.01469423581413487
199.70281566612786,1997.0281566612787,0.014606199858988589
199.70302860740998,1997.0302860740999,0.014518690783802413
199.7032402729042,1997.032402729042,0.014431705441978693
199.70345067024604,1997.0345067024605,0.014345240705631923
199.7036598070255,1997.036598070255,0.014259293465501699
199.7038676907872,1997.038676907872,0.014173860630791069
199.70407432903073,1997.0407432903073,0.014088939129093703
199.70427972921084,1997.0427972921084,0.014004525906276655
199.70448389873778,1997.0448389873777,0.013920617926384438
199.70468684497754,1997.0468684497755,0.01383721217150935
199.7048885752521,1997.048885752521,0.013754305641697329
199.7050890968397,1997.0508909683972,0.013671895354846697
199.70528841697512,1997.0528841697512,0.013589978346605136
199.7054865428499,1997.0548654284992,0.013508551670241786
199.70568348161265,1997.0568348161264,0.01342761239655843
199.70587924036923,1997.0587924036922,0.013347157613798899
199.70607382618306,1997.0607382618305,0.013267184427524725
199.7062672460754,1997.0626724607541,0.013187689960531657
199.70645950702553,1997.0645950702553,0.013108671352712875
199.70665061597103,1997.0665061597103,0.013030125761021694
199.70684057980804,1997.0684057980804,0.01295205035929392
199.7070294053915,1997.070294053915,0.01287444233820878
199.70721709953534,1997.0721709953534,0.01279729890516279
199.70740366901288,1997.0740366901287,0.012720617284184499
199.70758912055686,1997.0758912055685,0.012644394715799478
199.70777346085984,1997.0777346085983,0.012568628456993025
199.7079566965744,1997.079566965744,0.012493315781066272
199.70813883431336,1997.0813883431335,0.012418453977549149
199.70831988064998,1997.0831988064997,0.012344040352104457
199.7084998421183,1997.084998421183,0.012270072226463924
199.70867872521328,1997.0867872521328,0.012196546938277208
199.70885653639107,1997.0885653639107,0.012123461841062166
199.7090332820692,1997.090332820692,0.012050814304089386
199.70920896862694,1997.0920896862694,0.011978601712305803
199.70938360240532,1997.0938360240532,0.011906821466228124
199.70955718970757,1997.0955718970756,0.011835470981846896
199.70972973679918,1997.0972973679918,0.011764547690544802
199.70990124990823,1997.0990124990822,0.011694049039009613
199.71007173522554,1997.1007173522553,0.01162397248912761
199.71024119890495,1997.1024119890494,0.011554315517923186
199.7104096470635,1997.1040964706349,0.011485075617430951
199.7105770857817,1997.1057708578169,0.011416250294640662
199.71074352110367,1997.1074352110368,0.01134783707137288
199.71090895903743,1997.1090895903742,0.011279833484232782
199.71107340555508,1997.110734055551,0.01121223708449115
199.711236866593,1997.11236866593,0.01114504543800443
199.7113993480521,1997.113993480521,0.011078256125157893
199.71156085579804,1997.1156085579805,0.011011866740716414
199.71172139566136,1997.1172139566136,0.010945874893803165
199.71188097343776,1997.1188097343775,0.010880278207780592
199.7120395948883,1997.120395948883,0.010815074320179363
199.71219726573958,1997.1219726573959,0.010750260882604223
199.71235399168398,1997.12353991684,0.010685835560659385
199.71250977837988,1997.1250977837988,0.01062179603385971
199.71266463145176,1997.1266463145175,0.010558139995536564
199.7128185564905,1997.128185564905,0.010494865152798738
199.71297155905356,1997.1297155905356,0.010431969226395665
199.71312364466516,1997.1312364466517,0.01036944995068545
199.71327481881647,1997.1327481881647,0.010307305073508743
199.71342508696588,1997.134250869659,0.010245532356160325
199.7135744545391,1997.135744545391,0.010184129573246992
199.7137229269294,1997.137229269294,0.010123094512669795
199.71387050949778,1997.138705094978,0.010062424975503248
199.71401720757322,1997.1401720757322,0.010002118775942037
