0.012803248448081743,0.12803248448081744,0.8729467738538147
0.025679364402586634,0.25679364402586635,0.8779150016366933
0.038628734065626724,0.38628734065626724,0.8829095613219123
0.05165174535725942,0.5165174535725943,0.8879305700418431
0.06474878791929153,0.6474878791929153,0.8929781451882227
0.0779202531190417,0.779202531190417,0.8980524044093193
0.09116653405306219,0.9116653405306219,0.903153465607157
0.10448802555081722,1.0448802555081722,0.9082814469345549
0.11788512417831931,1.1788512417831931,0.9134364667922635
0.1313582282417208,1.313582282417208,0.9186186438259113
0.14490773779086144,1.4490773779086144,0.9238280969230043
0.1585340546227697,1.585340546227697,0.9290649452097784
0.17223758228511857,1.7223758228511856,0.9343293080480858
0.18601872607963382,1.8601872607963381,0.9396213050321648
0.19987789306545442,1.9987789306545443,0.9449410559853685
0.2138154920624442,2.138154920624442,0.9502886809568479
0.22783193365445434,2.2783193365445435,0.9556643002181896
0.24192763019253488,2.4192763019253487,0.9610680342599586
0.2561029957980952,2.561029957980952,0.9665000037881956
0.27035844636601275,2.7035844636601274,0.9719603297209033
0.28469439956768844,2.8469439956768845,0.9774491331844032
0.2991112748540482,2.9911127485404823,0.982966535509676
0.3136094934584904,3.1360949345849036,0.9885126582286513
0.3281894783997769,3.2818947839977692,0.9940876230703949
0.3428516544848686,3.428516544848686,0.9996915519572706
0.35759644831170256,3.5759644831170254,1.0053245670010265
0.37242428827191176,3.7242428827191176,1.0109867904988308
0.3873356045534857,3.873356045534857,1.0166783449292582
0.4023308291433702,4.023308291433702,1.0223993529481428
0.4174103958300071,4.174103958300071,1.0281499373844776
0.43257474020581155,4.3257474020581155,1.0339302212361625
0.4478242996695865,4.478242996695865,1.0397403276657284
0.4631595134288737,4.6315951342887365,1.0455803799959904
0.47858082250223954,4.785808225022396,1.0514505017056246
0.49408866972149584,4.9408866972149585,1.0573508164247096
0.5096834997338533,5.096834997338533,1.0632814479301684
0.5253657590040077,5.253657590040078,1.069242520141164
0.5411358958161577,5.4113589581615775,1.0752341571144148
0.5569943602759527,5.569943602759527,1.0812564830394686
0.5729416043123703,5.7294160431237025,1.0873096222338772
0.5889780816795223,5.889780816795223,1.0933936991383204
0.6051042479583878,6.051042479583878,1.0995088383116558
0.6213205605584735,6.213205605584735,1.1056551644259214
0.6376274787193982,6.3762747871939816,1.1118328022612198
0.6540254635124029,6.540254635124029,1.1180418767006026
0.6705149778417837,6.705149778417837,1.1242825127247995
0.687096486446247,6.87096486446247,1.130554835406964
0.7037704559001859,7.03770455900186,1.1368589699072684
0.7205373546148772,7.205373546148772,1.1431950414674938
0.7373976528395974,7.373976528395973,1.1495631754055173
0.7543518226626563,7.5435182266265635,1.155963497109707
0.7714003380123489,7.714003380123488,1.1623961320332787
0.7885436746578215,7.885436746578215,1.1688612056885779
0.8057823102098545,8.057823102098546,1.1753588436412423
0.8231167241215577,8.231167241215577,1.1818891715043707
0.8405473976889787,8.405473976889787,1.1884523149325323
0.8580748140516229,8.58074814051623,1.1950483996157404
0.8756994581928841,8.75699458192884,1.2016775512733728
0.8934218169403843,8.934218169403842,1.208339895647975
0.9112423789662216,9.112423789662216,1.2150355584990082
0.9291616347871259,9.291616347871258,1.2217646655965018
0.9471800767645192,9.471800767645192,1.228527342714675
0.9652981991044827,9.652981991044827,1.2353237156254258
0.9835164978576253,9.835164978576254,1.2421539100917505
1.001835470918857,10.018354709188571,1.2490180518611398
1.020255618027062,10.202556180270621,1.2559162666588266
1.0387774407646724,10.387774407646724,1.2628486801809773
1.0574014425571412,10.574014425571413,1.2698154180878367
1.0761281286723134,10.761281286723134,1.2768166059967347
1.0949580062196935,10.949580062196935,1.2838523694750767
1.113891584149608,11.138915841496079,1.2909228340331866
1.1329293732522632,11.329293732522633,1.2980281251171162
1.1520718861566954,11.520718861566955,1.305168368101362
1.1713196373296135,11.713196373296135,1.3123436882814898
1.1906731430741322,11.906731430741322,1.3195542108667029
1.2101329215283942,12.101329215283943,1.3268000609722668
1.2296994926640814,12.296994926640814,1.3340813636119355
1.2493733782848129,12.493733782848128,1.3413982436902314
1.2691551020244287,12.691551020244287,1.3487508259946646
1.2890451893451587,12.890451893451587,1.3561392351878707
1.3090441675356734,13.090441675356734,1.3635635957996532
1.329152565709019,13.29152565709019,1.3710240322189486
1.3493709148004318,13.493709148004317,1.3785206686857103
1.3696997475650323,13.696997475650324,1.3860536292826966
1.390139598575399,13.90139598575399,1.3936230379271874
1.4106910042190177,14.106910042190178,1.4012290183625966
1.4313545026956078,14.313545026956078,1.4088716941500197
1.4521306340143227,14.521306340143227,1.4165511886596827
1.473019939990824,14.730199399908239,1.4242676250622948
1.4940229642442264,14.940229642442265,1.4320211263203442
1.5151402521939163,15.151402521939163,1.4398118151792856
1.5363723510562368,15.363723510562368,1.44763981415863
1.5577198098410419,15.577198098410419,1.4555052455429722
1.579183179348119,15.79183179348119,1.4634082313729158
1.6007630121634757,16.007630121634758,1.4713488934359242
1.6224598626554911,16.22459862655491,1.4793273532570614
1.6442742869709308,16.442742869709306,1.4873437320896707
1.6662068430308228,16.662068430308228,1.4953981509059266
1.688258090526195,16.88258090526195,1.503490730387358
1.7104285909136712,17.104285909136713,1.5116215909152162
1.7327189074109248,17.32718907410925,1.5197908525608055
1.7551296049919898,17.551296049919898,1.5279986350757069
1.777661250382426,17.77661250382426,1.5362450578818914
1.8003144120543402,18.003144120543404,1.5445302400617829
1.8230896602212574,18.230896602212574,1.5528543003482165
1.8459875668328456,18.459875668328458,1.5612173571142902
1.8690087055694893,18.690087055694892,1.5696195283631438
1.8921536518367126,18.921536518367127,1.5780609317176522
1.9154229827594493,19.15422982759449,1.586541684410034
1.9388172771761591,19.388172771761592,1.5950619032713371
1.9623371156327887,19.623371156327888,1.6036217047208643
1.9859830803765766,19.859830803765767,1.612221204755527
2.0097557553497,20.097557553496998,1.6208605189390477
2.033655726182762,20.33655726182762,1.6295397623911478
2.05768358018812,20.576835801881202,1.638259049776578
2.0818399063530504,20.818399063530503,1.6470184952941205
2.1061252953327507,21.061252953327507,1.6558182126654417
2.1305403394431788,21.30540339443179,1.6646583151239165
2.1550856326537247,21.550856326537247,1.6735389154033173
2.1797617705797165,21.797617705797165,1.6824601257264318
2.204569350474758,22.04569350474758,1.6914220577935923
2.229508971222895,22.29508971222895,1.7004248227711125
2.2545812333306143,22.545812333306145,1.7094685312796516
2.279786738918667,22.797867389186667,1.718553293382448
2.3051260917137193,23.051260917137192,1.727679218573539
2.330599897039831,23.305998970398313,1.736846415765787
2.3562087618097554,23.562087618097554,1.7460549932789435
2.3819532945160606,23.819532945160606,1.755305058827509
2.407834105222077,24.07834105222077,1.7645967195085914
2.433851805552661,24.338518055526606,1.7739300817896142
2.460007008684777,24.60007008684777,1.7833052514959968
2.4863003293379022,24.863003293379023,1.792722333798701
2.512732383764242,25.127323837642418,1.802181433201711
2.5393037897387623,25.39303789738762,1.811682653529437
2.566015166549038,25.66015166549038,1.8212260979140114
2.5928671349849104,25.928671349849104,1.830811868782516
2.61986031732796,26.1986031732796,1.8404400678441357
2.646995337340785,26.46995337340785,1.8501107960771828
2.674272820256093,26.74272820256093,1.8598241537160929
2.701693392765596,27.016933927655963,1.8695802402383128
2.729257683008717,27.29257683008717,1.8793791543510894
2.7569663205610975,27.569663205610976,1.8892209939782125
2.78481993642291,27.8481993642291,1.899105856246643
2.8128191630069765,28.128191630069765,1.9090338374730882
2.8409646341266845,28.409646341266846,1.919005033150465
2.8692569849837057,28.692569849837056,1.9290195379343098
2.8976968521555144,28.976968521555143,1.9390774456291195
2.926284873582703,29.262848735827028,1.9491788491745519
2.9550216885560947,29.550216885560946,1.9593238406316322
2.9839079377036546,29.839079377036548,1.9695125111688236
3.0129442629771908,30.12944262977191,1.9797449510480307
3.042131307638854,30.42131307638854,1.9900212496105611
3.071469716247427,30.714697162474273,2.000341495262961
3.1009601346444073,31.00960134644407,2.0107057754628093
3.130603209939878,31.30603209939878,2.021114176704441
3.160399590498171,31.603995904981712,2.031566784504572
3.190349925923316,31.90349925923316,2.042063683387881
3.220454867044278,32.204548670442776,2.0526049568724973
3.2507150658999806,32.507150658999805,2.0631906874554398
3.281131175724116,32.81131175724116,2.0738209565979586
3.3117038509297365,33.117038509297366,2.084495844710845
3.3424337470936325,33.42433747093632,2.0952154311396436
3.3733215209404896,33.7332152094049,2.1059797941498077
3.4043678303268297,34.043678303268294,2.1167890109117904
3.4355733342247308,34.355733342247305,2.127643157486083
3.4669386927053276,34.669386927053274,2.1385423088081668
3.498464566922089,34.98464566922089,2.149486538673428
3.5301516190938753,35.301516190938756,2.1604759197219865
3.5620005124877703,35.6200051248777,2.1715105234234704
3.59401191140169,35.9401191140169,2.1825904200617776
3.6261864811467683,36.26186481146768,2.1937156787196974
3.6585248880295125,36.585248880295126,2.204886367263538
3.691027799333737,36.910277993337374,2.216102552327688
3.723695883302267,37.23695883302267,2.2273642992991016
3.7565298091184154,37.565298091184154,2.2386716723017654
3.789530246887229,37.89530246887229,2.250024734181081
3.8226978676165078,38.226978676165075,2.261423546488218
3.8560333431975917,38.56033343197592,2.272868169464421
3.8895373463859175,38.89537346385917,2.2843586620252454
3.9232105507813437,39.232105507813436,2.295895081744784
3.957053630808244,39.57053630808244,2.3074774848398176
3.991067261695366,39.91067261695366,2.319105926153944
4.025252119455459,40.25252119455459,2.3307804591416525
4.059608880864665,40.59608880864665,2.342501135852376
4.094138223441677,40.941382234416764,2.3542680069144746
4.128840825426662,41.28840825426663,2.366081121519229
4.1637173657599496,41.6371736575995,2.3779405274047454
4.198768524060477,41.98768524060477,2.3898462708398798
4.233994980604009,42.33994980604009,2.401798396608098
4.269397416301112,42.69397416301112,2.413796947991302
4.304976512674899,43.04976512674899,2.4258419667536755
4.340732951838522,43.40732951838522,2.437933493125434
4.376667416472444,43.76667416472444,2.450071565786611
4.412780589801463,44.127805898014635,2.4622562218507946
4.449073155571496,44.490731555714966,2.474487496848835
4.485545798026128,44.85545798026128,2.4867654247125666
4.52219920188292,45.2219920188292,2.4990900377584744
4.559034052309479,45.59034052309479,2.51146136667139
4.596051034899286,45.96051034899286,2.5238794404881126
4.633250835647285,46.33250835647285,2.5363442865811
4.670634140925233,46.70634140925233,2.548855930642084
4.70820163745681,47.0820163745681,2.5614143966657092
4.745954012292486,47.459540122924864,2.5740197069331696
4.783891952784154,47.83891952784154,2.5866718819958265
4.822016146559515,48.220161465595154,2.599370940658849
4.86032728149623,48.603272814962295,2.612116899964831
4.898826045695825,48.988260456958244,2.624909775177442
4.937513127457365,49.37513127457365,2.6377495797650736
4.976389215250881,49.76389215250882,2.6506363253844585
5.01545499769056,50.1545499769056,2.663570021864376
5.054711163507692,50.54711163507692,2.6765506771893106
5.094158401523388,50.94158401523388,2.689578297483144
5.133797400621046,51.33797400621046,2.7026528869928708
5.173628849718589,51.73628849718589,2.7157744480723407
5.213653437740456,52.13653437740456,2.728942981165998
5.253871853589366,52.53871853589366,2.742158484792701
5.29428478611783,52.942847861178294,2.7554209555294866
5.334892924099443,53.34892924099443,2.7687303879954612
5.375696956199925,53.75696956199925,2.782086774835653
5.416697570947934,54.166975709479345,2.795490106704923
5.457895456705642,54.57895456705642,2.808940372251942
5.499291301639074,54.992913016390744,2.822437558103176
5.540885793688217,55.40885793688217,2.8359816488469143
5.582679620536893,55.82679620536893,2.849572627017375
5.624673469582398,56.24673469582398,2.8632104730788326
5.666868027904915,56.66868027904915,2.8768951654098203
5.709263982236686,57.092639822366856,2.8906266802873546
5.751862018930964,57.518620189309644,2.9044049918712744
5.794662823930732,57.94662823930732,2.9182300721885657
5.83766708273719,58.3766708273719,2.932101891117834
5.88087548037802,58.8087548037802,2.9460204163737664
5.924288701375419,59.242887013754185,2.9599856134917326
5.967907429713915,59.67907429713915,2.973997445812387
6.011732348807953,60.11732348807953,2.988055874466429
6.055764141469252,60.557641414692526,3.0021608583593613
6.1000034898739575,61.00003489873957,3.016312354156393
6.144451075529556,61.44451075529556,3.030510316267393
6.189107579241581,61.891075792415805,3.0447546968319434
6.233973681080094,62.33973681080094,3.059045445704477
6.279050060345957,62.79050060345958,3.073382510439531
6.324337395536882,63.243373955368824,3.087765836277052
6.36983636431327,63.698363643132694,3.1021953661278774
6.41554764346384,64.1554764346384,3.116671040559223
6.461471908871045,64.61471908871044,3.13119279778037
6.507609835476281,65.0760983547628,3.1457605736284098
6.553962097244884,65.53962097244884,3.1603743015541053
6.600529367130931,66.0052936713093,3.175033912607903
6.647312317041823,66.47312317041823,3.1897393354260046
6.694311617802684,66.94311617802684,3.204490496216642
6.741527939120542,67.41527939120542,3.2192873187464066
6.788961949548325,67.88961949548325,3.23412972432675
6.836614316448655,68.36614316448654,3.2490176318006005
6.884485705957448,68.84485705957448,3.263950957529137
6.932576782947322,69.32576782947322,3.278929615378667
6.980888210990819,69.80888210990818,3.293953516707697
7.029420652323431,70.29420652323431,3.309022570354097
7.07817476780645,70.7817476780645,3.324136682622475
7.127151216889626,71.27151216889627,3.3392957572716275
7.176350657573648,71.76350657573649,3.3544996955022475
7.22577374637245,72.25773746372451,3.36974839594469
7.275421138275331,72.75421138275331,3.385041754646984
7.32529348670891,73.2529348670891,3.4003796650629665
7.375391443498906,73.75391443498906,3.415762018040601
7.425715658831749,74.2571565883175,3.43118870181047
7.476266781216029,74.76266781216029,3.4466596019744626
7.527045457443769,75.2704545744377,3.462174601494601
7.578052332551559,75.78052332551559,3.477733580682104
7.62928804978151,76.2928804978151,3.4933364171866126
7.6807532505420655,76.80753250542065,3.508982985985587
7.7324485743686555,77.32448574368655,3.5246731593739655
7.784374658884207,77.84374658884207,3.5404068069539436
7.836532139759501,78.36532139759501,3.5561837956250155
7.888921650673389,78.88921650673389,3.5720039895742017
7.941543823272872,79.41543823272872,3.5878672502664752
7.99439928713304,79.9439928713304,3.6037734364354215
8.047488669716873,80.47488669716873,3.6197224040741034
8.100812596334924,81.00812596334924,3.635714006426155
8.154371690104858,81.54371690104858,3.6517480939770914
8.208166571910882,82.08166571910881,3.6678245144458588
8.262197860363042,82.62197860363042,3.683943112776598
8.316466171756415,83.16466171756416,3.700103731130662
8.37097212003018,83.7097212003018,3.7163062088788594
8.42571631672657,84.2571631672657,3.7325503825939457
8.480699370949742,84.80699370949742,3.7488360860433634
8.53592188932452,85.3592188932452,3.765163150182218
8.59138447595505,85.9138447595505,3.7815314031465244
8.647087732383357,86.47087732383356,3.7979406702466836
8.703032257547815,87.03032257547815,3.814390773961259
8.75921864774152,87.5921864774152,3.830881533930979
8.81564749657059,88.1564749657059,3.8474127669530134
8.872319394912374,88.72319394912374,3.8639842869755405
8.929234930873594,89.29234930873594,3.8805959050925587
8.986394689748414,89.86394689748414,3.8972474295389894
9.043799253976431,90.43799253976431,3.913938665686075
9.101449203100621,91.01449203100621,3.9306694160370226
9.159345113725207,91.59345113725207,3.947439480222962
9.217487559473483,92.17487559473483,3.964248654999185
9.275877110945585,92.75877110945585,3.9810967342416923
9.334514335676214,93.34514335676215,3.9979835089440092
9.393399798092316,93.93399798092317,4.014908767214319
9.452534059470729,94.52534059470729,4.031872294272896
9.51191767789579,95.1191767789579,4.048873872449849
9.571551208216919,95.71551208216918,4.065913281183157
9.631435202006179,96.31435202006179,4.082990297017042
9.691570207515811,96.91570207515811,4.100104693600636
9.751956769635761,97.51956769635761,4.117256241686978
9.812595429851193,98.12595429851193,4.134444709132322
9.873486726199992,98.73486726199992,4.1516698608957725
9.934631193230283,99.34631193230283,4.16893145903926
9.996029361957934,99.96029361957935,4.186229262727844
10.05768175982408,100.5768175982408,4.203563028230304
10.11958891065266,101.1958891065266,4.220932508920145
10.181751334607968,101.81751334607968,4.238337455276872
10.244169548152241,102.44169548152242,4.2557776148876485
10.306844064003254,103.06844064003255,4.273252732449273
10.369775391091974,103.69775391091974,4.290762549770511
10.43296403452023,104.32964034520231,4.308306805774788
10.496410495518452,104.96410495518452,4.32588523650321
10.560115271403435,105.60115271403434,4.343497575117966
10.624078855536174,106.24078855536175,4.361143551906055
10.68830173727976,106.8830173727976,4.378822894283397
10.752784401957328,107.52784401957328,4.3965353267993015
10.817527330810085,108.17527330810086,4.414280571141285
10.88253100095542,108.82531000955422,4.43205834614027
10.947795885345084,109.47795885345084,4.4498683677761495
11.013322452723456,110.13322452723456,4.4677103491837045
11.07911116758592,110.7911116758592,4.485584000658924
11.145162490137317,111.45162490137317,4.50348902966567
11.211476876250515,112.11476876250515,4.521425140842739
11.278054777425082,112.78054777425082,4.5393920360112805
11.344896640746073,113.44896640746073,4.5573894141826266
11.412002908842947,114.12002908842948,4.575416971566466
11.479374019848592,114.79374019848592,4.593474401579434
11.547010407358497,115.47010407358498,4.611561394854058
11.614912500390059,116.1491250039006,4.629677639248119
11.683080723342016,116.83080723342016,4.647822819854377
11.75151549595406,117.5151549595406,4.665996619010695
11.820217233266572,118.20217233266573,4.684198716310563
11.889186345580537,118.89186345580538,4.702428788613985
11.958423238417616,119.58423238417616,4.720686510058805
12.027928312480396,120.27928312480397,4.738971552072376
12.09770196361281,120.97701963612809,4.75728358338366
12.167744582760744,121.67744582760744,4.77562227003572
12.238056555932832,122.38056555932832,4.793987275398598
12.308638264161452,123.08638264161452,4.812378260182578
12.37949008346391,123.7949008346391,4.830794882451904
12.45061238480384,124.5061238480384,4.849236797638813
12.522005534052813,125.22005534052812,4.867703658558061
12.59366989195217,125.93669891952169,4.88619511542177
12.665605814075066,126.65605814075066,4.90471081585472
12.73781365078876,127.3781365078876,4.92325040491003
12.810293747217129,128.10293747217128,4.941813525085253
12.883046443203426,128.83046443203426,4.9603998163388425
12.956072073273294,129.56072073273293,4.979008916107059
13.029370966598021,130.2937096659802,4.997640459321253
13.102943446958065,131.02943446958065,5.016294078425556
13.176789832706838,131.7678983270684,5.034969403394976
13.250910436734763,132.50910436734762,5.0536660617538995
13.325305566433611,133.2530556643361,5.072383678594971
13.399975523661118,133.99975523661118,5.0911218765984225
13.474920604705886,134.74920604705886,5.109880276051733
13.550141100252592,135.5014110025259,5.128658494869763
13.625637295347486,136.25637295347485,5.147456148615221
13.701409469364203,137.01409469364202,5.166272850519583
13.777457895969874,137.77457895969874,5.185108211504371
13.853782843091578,138.53782843091577,5.203961840202844
13.930384572883094,139.30384572883094,5.222833342982094
14.007263341692,140.07263341691998,5.241722323965508
14.084419400027095,140.84419400027093,5.2606283850556474
14.161852992526176,141.61852992526175,5.279551125957521
14.239564357924147,142.39564357924147,5.2984901442022245
14.317553729021489,143.1755372902149,5.317445035170986
14.395821332653089,143.95821332653088,5.336415392119597
14.474367389657429,144.74367389657428,5.355400806203236
14.55319211484615,145.5319211484615,5.374400866501653
14.632295716973978,146.32295716973977,5.393415160044754
14.711678398709052,147.1167839870905,5.412443271838561
14.791340356603621,147.9134035660362,5.431484784891558
14.871281781065138,148.7128178106514,5.450539280241385
14.95150285632775,149.5150285632775,5.469606336981933
15.0320037604242,150.320037604242,5.488685532290809
15.112784665158118,151.1278466515812,5.507776441457142
15.19384573607675,151.9384573607675,5.526878637909782
15.275187132444078,152.75187132444077,5.545991693245856
15.356809007214393,153.56809007214392,5.56511517725967
15.438711507006271,154.38711507006272,5.5842486579719885
15.520894772077003,155.20894772077003,5.603391701659648
15.603358936297454,156.03358936297454,5.6225438728855375
15.686104127127368,156.86104127127368,5.641704734528928
15.769130465591132,157.69130465591132,5.660873847816121
15.85243806625398,158.52438066253978,5.680050772351477
15.936027037198663,159.36027037198664,5.699235066148746
16.019897480002594,160.19897480002595,5.718426285662761
16.104049489715443,161.04049489715442,5.737623985821437
16.18848315483722,161.88483154837218,5.756827720058118
16.273198557296837,162.73198557296837,5.776037040344242
16.35819577243115,163.58195772431148,5.7952514972223055
16.44347486896448,164.43474868964478,5.814470639839171
16.529035908988646,165.29035908988646,5.833694015979671
16.61487894794349,166.14878947943492,5.852921172100527
16.701004034597894,167.01004034597895,5.87215165336455
16.787411211031298,167.87411211031298,5.891385003675169
16.874100512615755,168.74100512615755,5.910620765711231
16.961071967998482,169.6107196799848,5.929858480962104
17.04832559908493,170.4832559908493,5.949097689763052
17.13586142102238,171.3586142102238,5.968337931330899
17.22367944218407,172.23679442184073,5.987578743799958
17.311779664153846,173.11779664153846,6.0068196642582485
17.40016208171135,174.00162081711352,6.0260602287839555
17.488826682817756,174.88826682817756,6.045299972482172
17.577773448602024,175.77773448602022,6.06453842952187
17.667002353347733,176.67002353347732,6.083775133173145
17.756513364480444,177.56513364480443,6.1030096158446945
17.84630644255561,178.46306442555607,6.122241409121532
17.93638154124705,179.3638154124705,6.141470043802935
18.026738607336014,180.26738607336014,6.160695049940629
18.117377580700744,181.17377580700744,6.179915956877193
18.208298394306663,182.08298394306664,6.19913229328466
18.299500974197098,182.995009741971,6.2183435872033614
18.390985239484596,183.90985239484596,6.237549366080951
18.482751102342807,184.82751102342806,6.256749156811634
18.57479846799893,185.74798467998932,6.275942485775601
18.66712723472678,186.6712723472678,6.2951288788786295
18.75973729384039,187.5973729384039,6.314307861591872
18.852628529688236,188.52628529688235,6.333478958991836
18.94580081964803,189.4580081964803,6.3526416958005045
19.039254034122127,190.39254034122126,6.371795596425637
19.132988036533483,191.32988036533482,6.390940185001224
19.22700268332226,192.27002683322263,6.410074985428076
19.32129782394299,193.2129782394299,6.429199521414586
19.41587330086236,194.15873300862359,6.4483133165175754
19.510728949557578,195.10728949557577,6.467415894183347
19.60586459851537,196.0586459851537,6.486506777788773
19.701280069231565,197.01280069231564,6.50558549068257
19.796975176211273,197.96975176211274,6.524651556226641
19.892949726969707,198.92949726969707,6.543704497837543
19.98920352203358,199.8920352203358,6.562743839028024
20.085736354943133,200.85736354943134,6.581769103448695
20.182548012254763,201.82548012254762,6.600779814929726
20.27963827354428,202.7963827354428,6.619775497522653
20.377006911410756,203.77006911410757,6.638755675542264
20.47465369148101,204.7465369148101,6.657719873608498
20.572578372414693,205.72578372414694,6.676667616688441
20.670780705910005,206.70780705910005,6.695598430138358
20.769260436710002,207.69260436710002,6.714511839745753
20.868017302609562,208.68017302609562,6.733407371771464
20.967051034462926,209.67051034462926,6.752284552991802
21.066361356191887,210.66361356191888,6.7711429107406795
21.165947984794578,211.65947984794576,6.789981972951766
21.265810630354895,212.65810630354895,6.808801268200645
21.365948996052527,213.65948996052526,6.827600325746974
21.466362778173607,214.66362778173607,6.8463786755766085
21.567051666121976,215.67051666121978,6.865135848443734
21.66801534243108,216.6801534243108,6.883871375912963
21.76925348277646,217.6925348277646,6.902584790401385
21.870765755988884,218.70765755988884,6.921275625220608
21.972551824068074,219.72551824068074,6.939943414618711
22.074611342197056,220.74611342197056,6.958587693822175
22.17694395875713,221.7694395875713,6.977207999077734
22.279549315343438,222.7954931534344,6.9958038676941605
22.382427046781164,223.82427046781163,7.014374838083971
22.48557678114232,224.85576781142322,7.03292044980505
22.58899813976316,225.8899813976316,7.051440243602188
22.692690737262197,226.92690737262197,7.069933761448491
22.79665418155882,227.96654181558822,7.088400546586729
22.900888073892528,229.00888073892528,7.106840143570532
23.005392008842744,230.05392008842745,7.125252098305481
23.110165574349264,231.10165574349264,7.143635958090062
23.215208351733267,232.15208351733267,7.161991271656502
23.320519915718954,233.20519915718955,7.180317589211437
23.42609983445576,234.26099834455758,7.19861446247645
23.531947669541157,235.31947669541157,7.216881444728432
23.63806297604408,236.3806297604408,7.235118090839804
23.744445302528884,237.44445302528885,7.253323957318542
23.85109419107994,238.5109419107994,7.271498602348031
23.958009177326787,239.58009177326787,7.2896415858267405
24.065189790469848,240.65189790469847,7.307752469407704
24.172635553306762,241.72635553306762,7.325830816537787
24.280345982259256,242.80345982259257,7.343876192496762
24.388320587400592,243.8832058740059,7.361888164436165
24.4965588724836,244.965588724836,7.379866301417919
24.605060334969245,246.05060334969244,7.397810174452764
24.713824466055787,247.13824466055786,7.415719356538401
24.822850750708465,248.22850750708466,7.433593422697448
24.932138667689753,249.32138667689753,7.4514319500151105
25.04168768959016,250.4168768959016,7.46923451767661
25.15149728285958,251.5149728285958,7.487000707004358
25.261566907839175,252.61566907839176,7.504730101494856
25.371896018793795,253.71896018793794,7.5224222868553206
25.482484063944945,254.82484063944946,7.540076851040026
25.593330485504257,255.93330485504256,7.557693384286377
25.704434719707518,257.0443471970752,7.575271479150659
25.81579619684918,258.1579619684918,7.5928107305435235
25.927414341317427,259.2741434131743,7.610310735765133
26.039288571629715,260.39288571629714,7.627771094540037
26.151418300468855,261.51418300468856,7.645191409051681
26.263802934719553,262.6380293471955,7.662571283976642
26.376441875505503,263.76441875505503,7.679910326518492
26.489334518226915,264.8933451822692,7.697208146441366
26.602480252598575,266.02480252598576,7.7144643561031545
26.715878462688355,267.1587846268836,7.731678570488383
26.82952852695623,268.2952852695623,7.748850407240702
26.94342981829374,269.4342981829374,7.765979486695074
27.057581704063928,270.57581704063927,7.783065431909532
27.171983546141742,271.7198354614174,7.800107868696639
27.286634700954888,272.86634700954886,7.81710642565452
27.401534519525143,274.0153451952514,7.834060734197547
27.516682347510095,275.16682347510095,7.850970428586636
27.632077525245332,276.3207752524533,7.867835145959154
27.747719387787072,277.4771938778707,7.884654526358431
27.863607264955203,278.63607264955203,7.9014282127628865
27.979740481376748,279.79740481376746,7.9181558511147445
28.09611835652976,280.96118356529763,7.934837090348345
28.21274020478761,282.1274020478761,7.951471582418048
28.329605335463686,283.29605335463685,7.968058982325725
28.446713052856484,284.46713052856484,7.984598948147827
28.5640626562951,285.640626562951,8.001091141062032
28.681653440185084,286.81653440185084,8.01753522537347
28.79948469405471,287.99484694054706,8.033930868540502
28.917555702601568,289.17555702601567,8.050277741200095
29.035865745739578,290.3586574573958,8.066575517192728
29.154414098646313,291.54414098646316,8.082823873586879
29.273200031810706,292.73200031810705,8.099022490703044
29.39222281108109,293.9222281108109,8.115171052137336
29.511481697713574,295.1148169771357,8.131269244784617
29.63097594842076,296.30975948420763,8.14731675886116
29.7507048154208,297.507048154208,8.163313287926899
29.87066754648672,298.7066754648672,8.17925852890716
29.990863384996132,299.90863384996135,8.195152182113985
30.11129156998118,301.1129156998118,8.210993951266948
30.23195133617883,302.3195133617883,8.226783543513521
30.352841914081438,303.5284191408144,8.242520669448972
30.4739625299876,304.73962529987597,8.258205043135776
30.595312406053274,305.95312406053273,8.273836382122568
30.716890760343205,307.16890760343205,8.289414407462601
30.838696806882567,308.3869680688257,8.304938843731746
30.96072975570889,309.6072975570889,8.320409419045975
31.082988812924235,310.82988812924236,8.3358258650784
31.20547318074761,312.0547318074761,8.351187917075814
31.328182057567616,313.2818205756762,8.36649531387472
31.451114637995325,314.51114637995323,8.381747797916915
31.574270112917375,315.7427011291737,8.396945115264554
31.69764766954929,316.9764766954929,8.41208701561473
31.821246491489,318.21246491489,8.427173252313574
31.945065758770543,319.45065758770545,8.442203582369846
32.069104647918,320.69104647918005,8.457177766468037
32.19336233199958,321.93362331999583,8.472095568981004
32.31783798068187,323.1783798068187,8.48695675798205
32.44253076028434,324.4253076028434,8.501761105256572
32.56743983383388,325.6743983383388,8.51650838631318
32.69256436111961,326.92564361119605,8.531198380394322
32.81790349874777,328.1790349874777,8.545830870486427
32.94345640019679,329.4345640019679,8.560405643329522
33.06922221587246,330.6922221587246,8.574922489426399
33.19520009316325,331.9520009316325,8.589381203051238
33.32138917649575,333.2138917649575,8.603781582257769
33.44778860739021,334.4778860739021,8.61812342888692
33.57439752451618,335.7439752451618,8.632406548573972
33.70121506374828,337.0121506374828,8.64663075075523
33.828240358222025,338.28240358222024,8.660795848674192
33.95547253838976,339.5547253838976,8.67490165938722
34.08291073207664,340.8291073207664,8.688948003768731
34.210554064536694,342.10554064536694,8.70293470651589
34.338401658508985,343.38401658508985,8.716861596152809
34.46645263427377,344.6645263427377,8.730728505034271
34.59470610970873,345.9470610970873,8.744535269348956
34.723161200345245,347.2316120034525,8.758281729122176
34.8518170194247,348.518170194247,8.77196772821814
34.980672677954814,349.80672677954817,8.785593114341726
35.10972728476599,351.0972728476599,8.799157739039774
35.23897994656767,352.3897994656767,8.812661457701907
35.368429768004695,353.68429768004694,8.826104129560857
35.4980758517137,354.980758517137,8.83948561769233
35.62791729837944,356.27917298379435,8.852805789014406
35.75795320679112,357.5795320679112,8.866064514286437
35.888182673898754,358.88182673898757,8.87926166810751
36.018604794869404,360.18604794869407,8.892397128914423
36.14921866314346,361.4921866314346,8.905470778979204
36.28002337049083,362.8002337049083,8.918482504406171
36.41101800706712,364.1101800706712,8.931432195128519
36.54220166146971,365.4220166146971,8.94431974490448
36.6735734207938,366.735734207938,8.957145051312992
36.80513237068838,368.05132370688386,8.969908015748956
36.936877595412135,369.36877595412136,8.98260854341801
37.0688081778892,370.688081778892,8.995246543330888
37.20092319976496,372.0092319976496,9.00782192829732
37.3332217414616,373.332217414616,9.020334614919504
37.465702882233664,374.65702882233666,9.032784523585134
37.59836570022346,375.9836570022346,9.045171578460003
37.73120927251636,377.3120927251636,9.057495707480182
37.864232675195964,378.6423267519597,9.069756842343768
37.99743498339916,379.9743498339916,9.081954918502204
38.13081527137104,381.3081527137104,9.094089875151207
38.26437261251967,382.64372612519674,9.106161655221253
38.398106079470736,383.98106079470733,9.118170205367676
38.532014744122,385.32014744122,9.130115475960347
38.66609767769765,386.6609767769765,9.141997421072952
38.80035395080244,388.0035395080244,9.153815998471888
38.93478263347568,389.34782633475675,9.165571169604737
39.06938279524507,390.6938279524507,9.177262899588385
39.20415350518033,392.0415350518033,9.188891157196721
39.33909383194663,393.3909383194663,9.20045591484798
39.474202843857874,394.74202843857876,9.211957148591697
39.60947960892977,396.0947960892977,9.223394838095293
39.744923194932646,397.4492319493265,9.23476896663029
39.88053266944415,398.80532669444153,9.246079521058158
40.01630709990167,400.16307099901667,9.257326491815817
40.15224555365454,401.5224555365454,9.26850987290077
40.28834709801608,402.88347098016084,9.279629661855886
40.424610800315335,404.2461080031534,9.290685859753845
40.56103572794861,405.61035727948604,9.301678471181239
40.69762094843078,406.9762094843078,9.312607504222337
40.83436552944637,408.3436552944637,9.32347297044251
40.97126853890032,409.7126853890032,9.334274884871341
41.10832904496855,411.0832904496855,9.345013265985408
41.24554611614828,412.45546116148284,9.355688135690746
41.382918821308074,413.8291882130807,9.366299519305002
41.520446229737566,415.20446229737564,9.376847445539273
41.658127411197,416.58127411197,9.387331946479662
41.79596143596644,417.9596143596644,9.397753057568504
41.93394737489472,419.3394737489472,9.408110817585332
42.0720842994481,420.720842994481,9.41840526862753
42.21037128175865,422.1037128175865,9.428636456090718
42.34880739467231,423.48807394672315,9.438804428648856
42.48739171179672,424.87391711796715,9.448909238234062
42.62612330754865,426.26123307548653,9.45895094001619
42.76500125720124,427.65001257201243,9.468929592382114
42.904024636930835,429.04024636930836,9.478845256914775
43.04319252386356,430.4319252386356,9.48869799837197
43.182503996121575,431.82503996121574,9.498487884664891
43.32195813286901,433.2195813286901,9.508214986836423
43.46155401435756,434.6155401435756,9.517879379039202
43.60129072197179,436.01290721971793,9.527481138513457
43.74116733827409,437.4116733827409,9.537020345564592
43.881182947049254,438.8118294704925,9.546497083540581
44.02133663334884,440.21336633348835,9.55591143880913
44.161627483535064,441.6162748353506,9.56526350073462
44.30205458532445,443.02054585324447,9.57455336165486
44.44261702783106,444.4261702783106,9.583781116857633
44.58331390160946,445.8331390160946,9.592946864557039
44.72414429869723,447.24144298697234,9.602050705869654
44.86510731265725,448.6510731265725,9.611092744790499
45.0062020386195,450.062020386195,9.620073088168837
45.14742757332259,451.4742757332259,9.628991845683782
45.28878301515491,452.8878301515491,9.637849129819745
45.430267464195424,454.30267464195424,9.646645055841718
45.57188002225405,455.7188002225405,9.655379741770382
45.71361979291173,457.1361979291173,9.664053308357083
45.85548588156012,458.5548588156012,9.672665879058636
45.99747739544088,459.9747739544088,9.681217580011998
46.13959344368463,461.39593443684635,9.689708540008796
46.28183313734949,462.81833137349486,9.69813889046972
46.42419558945925,464.24195589459254,9.70650876541878
46.56667991504124,465.66679915041243,9.714818301457454
46.70928523116366,467.09285231163665,9.723067637738696
46.852010656972695,468.520106569727,9.731256915940843
46.99485531372911,469.9485531372911,9.739386280241408
47.137818324844574,471.37818324844574,9.74745587729076
47.280898815917496,472.808988159175,9.755465856185715
47.424095914768536,474.2409591476854,9.763416368443025
47.567408751475725,475.6740875147573,9.771307567972773
47.71083645840913,477.1083645840913,9.779139611051688
47.854378170265235,478.5437817026524,9.786912656296373
47.9980330241008,479.980330241008,9.794626864636465
48.14180015936643,481.4180015936643,9.802282399287707
48.28567871793971,482.8567871793971,9.809879425724967
48.429667844157926,484.2966784415793,9.817418111655188
48.573766684850405,485.73766684850403,9.824898626990283
48.71797438937047,487.17974389370465,9.83232114381997
48.86229010962697,488.6229010962697,9.839685836384556
49.00671300011543,490.06713000115434,9.846992881047695
49.15124221794879,491.5124221794879,9.854242456269082
49.29587692288775,492.9587692288775,9.861434742577119
49.44061627737069,494.40616277370685,9.868569922541555
49.58545944654323,495.85459446543234,9.875648180746095
49.73040559828738,497.3040559828738,9.882669703760984
49.87545390325023,498.7545390325023,9.88963468011557
50.020603534872315,500.20603534872316,9.896543300270862
50.165853669415526,501.65853669415526,9.903395756592065
50.311203485990646,503.11203485990643,9.910192243321116
50.45665216658447,504.5665216658447,9.916932956549221
50.60219889608651,506.02198896086514,9.92361809418938
50.74784286231536,507.4784286231536,9.930247855948931
50.893583256044536,508.93583256044536,9.9368224433021
51.03941927102806,510.3941927102806,9.94334205946256
51.18535010402551,511.8535010402551,9.949806909356012
51.33137495482678,513.3137495482678,9.956217199592784
51.47749302627634,514.7749302627634,9.962573138440456
51.62370352429719,516.237035242972,9.968874935796517
51.77000565791431,517.7000565791432,9.975122803161046
51.916398639277816,519.1639863927782,9.981316953609436
52.062881683685625,520.6288168368562,9.98745760176515
52.209454009605786,522.0945400960578,9.993544963772536
52.35611483869838,523.5611483869839,9.99957925726966
52.50286339583704,525.0286339583704,10.005560701361222
52.64969890913003,526.4969890913003,10.0114895165915
52.796620609941016,527.9662060994101,10.01736592491735
52.94362773290935,529.4362773290935,10.023190149681298
53.09071951597,530.9071951597,10.028962415584648
53.237895200373124,532.3789520037312,10.034682948660693
53.38515403070316,533.8515403070317,10.040351976247974
53.53249525489762,535.3249525489762,10.045969726963623
53.67991812426543,536.7991812426543,10.051536430676778
53.827421893504905,538.274218935049,10.05705231848207
53.975005820721364,539.7500582072137,10.062517622673196
54.12266916744429,541.2266916744429,10.067932576716585
54.270411198644176,542.7041119864417,10.073297415225131
54.418231182748926,544.1823118274892,10.078612373932033
54.56612839165993,545.6612839165994,10.08387768966472
54.714102100767725,547.1410210076773,10.089093600318867
54.86215158896728,548.6215158896728,10.09426034483252
55.0102761386729,550.102761386729,10.099378163160308
55.15847503583278,551.5847503583278,10.10444729624777
55.30674756994313,553.0674756994313,10.109467986005777
55.45509303406199,554.5509303406199,10.114440475285063
55.603510724822634,556.0351072482264,10.119365007850877
55.75199994244661,557.519999424466,10.12424182835773
55.900559990756406,559.005599907564,10.129071182324267
56.04919017718777,560.4919017718777,10.13385331610826
56.19788981280165,561.9788981280165,10.138588476881697
56.346658212295765,563.4665821229577,10.143276912606032
56.49549469401584,564.9549469401584,10.147918872007512
56.644398579966435,566.4439857996643,10.152514604552664
56.79336919582146,567.9336919582146,10.157064360423893
56.94240587093434,569.4240587093434,10.161568390495209
57.09150793834775,570.9150793834775,10.16602694630809
57.24067473480313,572.4067473480313,10.170440280047478
57.38990560074968,573.8990560074968,10.1748086445179
57.53919988035318,575.3919988035318,10.179132293119736
57.688556921504336,576.8855692150433,10.183411479825617
57.83797607582685,578.3797607582685,10.187646459156973
57.98745669868512,579.8745669868513,10.191837486160699
58.13699814919161,581.3699814919162,10.195984816385996
58.28659979021387,582.8659979021387,10.200088705861324
58.436260988381235,584.3626098838124,10.204149411071525
58.58598111409119,585.8598111409119,10.208167188935075
58.73575954151539,587.3575954151539,10.212142296781497
58.88559564860538,588.8559564860539,10.216074992328911
59.035488817097935,590.3548881709794,10.219965533661753
59.18543843252014,591.8543843252014,10.223814179208617
59.33544388419407,593.3544388419407,10.227621187720283
59.485504565241264,594.8550456524126,10.23138681824787
59.63561987258675,596.3561987258676,10.23511133012117
59.785789206962846,597.8578920696284,10.238794982927113
59.93601197291261,599.3601197291262,10.242438036488405
60.08628757879299,600.8628757879299,10.246040750842328
60.23661543677766,602.3661543677766,10.249603386219677
60.38699496285955,603.8699496285956,10.253126203023884
60.53742557685309,605.3742557685309,10.256609461810278
60.6879067023961,606.8790670239609,10.26005342326553
60.83843776695146,608.3843776695146,10.26345834818724
60.989018201808406,609.890182018084,10.266824497463695
61.1396474420836,611.3964744208361,10.27015213205379
61.29032492672184,612.9032492672184,10.27344151296712
61.44105009849652,614.4105009849652,10.276692901244221
61.59182240400981,615.9182240400982,10.27990655793699
61.74264129369254,617.4264129369254,10.283082744089263
61.89350622180379,618.935062218038,10.286221720717563
62.0444166464302,620.444166464302,10.289323748792018
62.19537202948503,621.9537202948503,10.292389089217428
62.34637183670691,623.4637183670691,10.295418002814527
62.497415537658355,624.9741553765836,10.29841075030139
62.648502605723976,626.4850260572398,10.301367592275012
62.79963251810843,627.9963251810843,10.30428878919307
62.950804755834135,629.5080475583413,10.30717460135583
63.10201880373867,631.0201880373868,10.310025288888246
63.25327415047197,632.5327415047196,10.312841111722205
63.404570288493204,634.0457028849321,10.315622329578956
63.55590671406747,635.5590671406746,10.318369201951702
63.70728292726216,637.0728292726217,10.321081988088368
63.858698431943154,638.5869843194315,10.323760946974522
64.01015273577067,640.1015273577068,10.32640633731648
64.16164535019499,641.6164535019499,10.329018417524571
64.31317579045178,643.1317579045178,10.33159744569658
64.46474357555739,644.647435755574,10.334143679601345
64.61634822830369,646.163482283037,10.336657376662531
64.76798927525282,647.6798927525282,10.33913879394258
64.91966624673161,649.1966624673161,10.341588188126808
65.07137867682592,650.7137867682592,10.344005815507689
65.22312610337453,652.2312610337452,10.346391931969302
65.374908067963,653.7490806796301,10.34874679297193
65.52672411591723,655.2672411591723,10.351070653536857
65.67857379629675,656.7857379629675,10.353363768231288
65.83045666188788,658.3045666188788,10.35562639115349
65.98237226919663,659.8237226919663,10.357858775918032
66.13432017844141,661.3432017844141,10.360061175641263
66.28629995354547,662.8629995354547,10.362233842926894
66.4383111621292,664.383111621292,10.36437702985177
66.59035337550219,665.903533755022,10.36649098795182
66.74242616865511,667.4242616865512,10.368575968208138
66.89452912025135,668.9452912025135,10.370632221033247
67.04666181261845,670.4666181261846,10.372659996257536
67.19882383173947,671.9882383173947,10.374659543115818
67.35101476724394,673.5101476724394,10.376631110234099
67.50323421239881,675.0323421239881,10.378574945616474
67.65548176409912,676.5548176409912,10.380491296632188
67.80775702285851,678.077570228585,10.38238041000287
67.96005959279951,679.6005959279951,10.384242531789907
68.11238908164371,681.1238908164371,10.386077907381988
68.26474510070169,682.6474510070169,10.387886781482807
68.41712726486278,684.1712726486278,10.389669398098908
68.56953519258472,685.6953519258473,10.391426000527696
68.72196850588303,687.2196850588302,10.393156831345605
68.87442683032025,688.7442683032025,10.394862132396414
69.02690979499509,690.269097949951,10.396542144779712
69.1794170325313,691.7941703253131,10.39819710883953
69.33194817906646,693.3194817906646,10.399827264153114
69.4845028742405,694.845028742405,10.401432849519843
69.63708076118425,696.3708076118426,10.403014102950308
69.78968148650758,697.8968148650757,10.404571261655539
69.9423047002876,699.4230470028759,10.406104562036374
70.0949500560566,700.9495005605661,10.407614239672975
70.2476172107899,702.476172107899,10.409100529314493
70.40030582489344,704.0030582489344,10.410563664868885
70.55301556219133,705.5301556219133,10.412003879392856
70.70574608991325,707.0574608991325,10.413421405081968
70.85849707868162,708.5849707868163,10.41481647326087
71.01126820249874,710.1126820249874,10.416189314373685
71.1640591387337,711.640591387337,10.417540157974528
71.31686956810921,713.1686956810921,10.418869232718171
71.46969917468824,714.6969917468824,10.42017676635083
71.62254764586062,716.2254764586062,10.421462985701114
71.7754146723294,717.7541467232941,10.422728116671093
71.92829994809715,719.2829994809715,10.4239723842275
72.08120317045211,720.8120317045211,10.425196012393082
72.23412403995424,722.3412403995424,10.426399224238063
72.3870622604211,723.870622604211,10.42758224187176
72.54001753891365,725.4001753891364,10.428745286434314
72.69298958572189,726.9298958572189,10.429888578088564
72.84597811435047,728.4597811435048,10.431012336012037
72.99898284150407,729.9898284150407,10.432116778389073
73.15200348707272,731.5200348707272,10.433202122403078
73.30503977411703,733.0503977411704,10.434268584228896
73.45809142885328,734.5809142885328,10.435316379025313
73.61115818063841,736.1115818063842,10.436345720927676
73.7642397619549,737.642397619549,10.437356823040641
73.91733590839554,739.1733590839555,10.438349897431044
74.07044635864816,740.7044635864816,10.439325155120875
74.2235708544801,742.235708544801,10.440282806080395
74.37670914072278,743.7670914072278,10.441223059221356
74.52986096525605,745.2986096525605,10.442146122390332
74.68302607899244,746.8302607899244,10.443052202362185
74.83620423586139,748.3620423586138,10.443941504833628
74.98939519279331,749.8939519279331,10.444814234416906
75.14259870970362,751.4259870970362,10.44567059463359
75.29581454947663,752.9581454947663,10.446510787908483
75.4490424779494,754.4904247794941,10.447335015563633
75.60228226389543,756.0228226389543,10.448143477812453
75.75553367900837,757.5553367900836,10.44893637375395
75.90879649788555,759.0879649788554,10.44971390136707
76.0620704980115,760.620704980115,10.450476257505127
76.21535545974135,762.1535545974134,10.45122363789035
76.36865116628415,763.6865116628416,10.451956237108533
76.52195740368614,765.2195740368614,10.452674248603781
76.67527396081395,766.7527396081396,10.453377864673364
76.82860062933764,768.2860062933764,10.454067276462652
76.98193720371381,769.8193720371381,10.454742673960176
77.13528348116851,771.3528348116852,10.45540424599276
77.28863926168016,772.8863926168016,10.456052180220766
77.44200434796234,774.4200434796234,10.456686663133423
77.59537854544658,775.9537854544658,10.457307880044251
77.74876166226505,777.4876166226505,10.457916015086587
77.90215350923316,779.0215350923315,10.458511251209188
78.05555389983213,780.5555389983214,10.459093770171934
78.20896265019154,782.0896265019154,10.459663752541614
78.36237957907167,783.6237957907167,10.460221377687802
78.51580450784598,785.1580450784598,10.46076682377882
78.6692372604834,786.692372604834,10.461300267777794
78.82267766353057,788.2267766353057,10.461821885438768
78.97612554609407,789.7612554609407,10.462331851302935
79.1295807398226,791.295807398226,10.462830338694927
79.28304307888907,792.8304307888907,10.463317519719197
79.43651239997261,794.3651239997262,10.463793565256477
79.58998854224065,795.8998854224064,10.464258644960305
79.7434713473308,797.434713473308,10.464712927253652
79.89696065933279,798.9696065933279,10.465156579325608
80.05045632477032,800.5045632477032,10.465589767128144
80.20395819258289,802.0395819258289,10.466012655372959
80.35746611410748,803.5746611410748,10.466425407528385
80.51097994306039,805.109799430604,10.46682818581638
80.66449953551884,806.6449953551885,10.46722115120958
80.8180247499026,808.1802474990261,10.46760446342843
80.97155544695565,809.7155544695565,10.467978280938368
81.12509148972764,811.2509148972764,10.468342760947104
81.27863274355546,812.7863274355547,10.46869805940194
81.43217907604475,814.3217907604475,10.469044330987161
81.58573035705125,815.8573035705125,10.469381729121508
81.73928645866228,817.3928645866227,10.469710405955691
81.89284725517805,818.9284725517805,10.47003051236998
82.04641262309305,820.4641262309304,10.470342197971851
82.19998244107728,821.9998244107728,10.470645611093694
82.35355658995758,823.5355658995758,10.470940898790584
82.5071349526988,825.0713495269881,10.471228206838102
82.6607174143851,826.607174143851,10.471507679730221
82.81430386220102,828.1430386220102,10.471779460677253
82.96789418541266,829.6789418541266,10.47204369160383
83.12148827534884,831.2148827534884,10.472300513146967
83.2750860253821,832.750860253821,10.472550064654166
83.42868733090984,834.2868733090984,10.472792484181559
83.58229208933533,835.8229208933533,10.473027908492133
83.73590020004866,837.3590020004866,10.473256473053977
83.88951156440784,838.8951156440784,10.473478312038596
84.04312608571963,840.4312608571963,10.473693558319265
84.1967436692206,841.967436692206,10.473902343469442
84.35036422205792,843.5036422205792,10.474104797761205
84.50398765327036,845.0398765327036,10.474301050163765
84.65761387376908,846.5761387376908,10.474491228342005
84.81124279631854,848.1124279631854,10.474675458655064
84.96487433551728,849.6487433551728,10.474853866154966
85.11850840777875,851.1850840777875,10.475026574585305
85.27214493131211,852.7214493131212,10.475193706379947
85.425783826103,854.25783826103,10.475355382661794
85.57942501389427,855.7942501389426,10.475511723241574
85.73306841816674,857.3306841816674,10.475662846616679
85.88671396411993,858.8671396411994,10.475808869970036
86.04036157865275,860.4036157865276,10.47594990916902
86.19401119034417,861.9401119034417,10.476086078764395
86.34766272943394,863.4766272943393,10.476217491989301
86.5013161278032,865.0131612780319,10.476344260758273
86.65497131895518,866.5497131895518,10.476466495666282
86.8086282379958,868.086282379958,10.47658430598783
86.96228682161431,869.6228682161432,10.476697799676064
87.11594700806386,871.1594700806386,10.476807083361924
87.26960873714211,872.6960873714211,10.476912262353324
87.42327195017185,874.2327195017185,10.477013440634357
87.57693658998156,875.7693658998155,10.477110720864543
87.7306026008859,877.306026008859,10.47720420437809
87.88426992866638,878.8426992866639,10.477293991183195
88.03793852055182,880.3793852055182,10.477380179961363
88.1916083251989,881.916083251989,10.477462868066763
88.34527929267269,883.4527929267268,10.477542151525597
88.49895137442715,884.9895137442716,10.477618125035507
88.65262452328567,886.5262452328567,10.477690881965
88.80629869342152,888.0629869342152,10.477760514352894
88.9599738403384,889.5997384033841,10.477827112907795
89.11364992085088,891.1364992085088,10.477890767007585
89.26732689306485,892.6732689306484,10.477951564698952
89.42100471635806,894.2100471635806,10.478009592696912
89.57468335136052,895.7468335136052,10.478064936384385
89.72836275993501,897.2836275993501,10.47811767981176
89.88204290515749,898.8204290515749,10.478167905696496
90.03572375129755,900.3572375129755,10.478215695422751
90.18940526379886,901.8940526379886,10.478261129040996
90.3430874092596,903.430874092596,10.47830428526769
90.49677015541289,904.9677015541289,10.47834524148493
90.65045347110721,906.5045347110721,10.478384073740155
90.80413732628685,908.0413732628685,10.478420856745835
90.95782169197227,909.5782169197228,10.47845566387919
91.11150654024055,911.1150654024055,10.47848856718193
91.26519184420582,912.6519184420581,10.478519637359998
91.41887757799961,914.1887757799961,10.478548943783325
91.57256371675129,915.7256371675129,10.478576554485612
91.72625023656845,917.2625023656844,10.478602536164109
91.8799371145173,918.799371145173,10.478626954179417
92.03362432860311,920.336243286031,10.478649872555302
92.1873118577505,921.873118577505,10.478671353978509
92.34099968178393,923.4099968178393,10.478691459798602
92.494687781408,924.94687781408,10.478710250027804
92.64837613818793,926.4837613818793,10.478727783340846
92.80206473452984,928.0206473452984,10.478744117074838
92.95575355366117,929.5575355366117,10.478759307229133
93.1094425796111,931.094425796111,10.478773408465216
93.26313179719088,932.6313179719089,10.478786474106581
93.4168211919742,934.1682119197419,10.47879855613864
93.57051075027758,935.7051075027757,10.478809705208615
93.72420045914075,937.2420045914075,10.478819970625462
93.87789030630701,938.7789030630701,10.47882940035978
94.03158028020358,940.3158028020358,10.478838041043739
94.18527036992202,941.8527036992202,10.478845937971007
94.33896056519855,943.3896056519854,10.478853135096694
94.49265085639442,944.9265085639443,10.478859675037285
94.64634123447631,946.4634123447631,10.478865599070597
94.80003169099666,948.0003169099666,10.478870947135718
94.95372221807408,949.5372221807407,10.478875757832975
95.10741280837362,951.0741280837362,10.478880068423887
95.26110345508728,952.6110345508728,10.478883914831131
95.41479415191422,954.1479415191423,10.478887331638518
95.56848489304123,955.6848489304123,10.478890352090945
95.72217567312305,957.2217567312305,10.478893008094394
95.87586648726273,958.7586648726273,10.47889533021589
96.02955733099199,960.29557330992,10.47889734768349
96.18324820025163,961.8324820025163,10.478899088386267
96.3369390913718,963.369390913718,10.47890057887429
96.49063000105245,964.9063000105245,10.478901844358612
96.64432092634365,966.4432092634365,10.47890290871126
96.79801186462593,967.9801186462594,10.478903794465229
96.9517028135907,969.517028135907,10.478904522814464
97.10539377122053,971.0539377122053,10.478905113613864
97.25908473576962,972.5908473576962,10.478905585379271
97.41277570574404,974.1277570574404,10.478905955287464
97.56646667988217,975.6646667988217,10.47890623917616
97.72015765713503,977.2015765713503,10.47890645154401
97.87384863664666,978.7384863664665,10.478906605550588
98.02753961773445,980.2753961773444,10.478906713016407
98.18123059986954,981.8123059986954,10.478906784422902
98.33492158265715,983.3492158265715,10.478906828912436
98.48861256581694,984.8861256581694,10.478906854288295
98.64230354916339,986.4230354916339,10.478906867014697
98.79599453258614,987.9599453258613,10.478906872216779
98.94968551603034,989.4968551603034,10.478906873680609
99.10337649947708,991.0337649947708,10.478906873853175
99.25706748292366,992.5706748292366,10.478906873842396
99.410758466364,994.10758466364,10.478906873417111
99.564449449769,995.64449449769,10.478906871007087
99.71814043306688,997.1814043306688,10.478906863703017
99.87183141612354,998.7183141612354,10.478906847256518
100.02552239872294,1000.2552239872294,10.478906816080134
100.17921338054747,1001.7921338054747,10.478906763247329
100.33290436115824,1003.3290436115824,10.4789066804925
100.48659533997555,1004.8659533997555,10.478906558210966
100.64028631625916,1006.4028631625916,10.478906385458975
100.79397728908869,1007.9397728908868,10.478906149953698
100.94766825734395,1009.4766825734395,10.478905838073238
101.10135921968536,1011.0135921968537,10.478905434856628
101.25505017453425,1012.5505017453424,10.478904924003832
101.40874112005324,1014.0874112005324,10.478904287875748
101.5624320541266,1015.624320541266,10.478903507494215
101.71612297434064,1017.1612297434064,10.47890256254201
101.869813877964,1018.6981387796401,10.478901431362859
102.02350476192811,1020.2350476192811,10.478900090961448
102.17719562280745,1021.7719562280745,10.478898517003415
102.33088645679996,1023.3088645679995,10.478896683815378
102.48457725970742,1024.8457725970743,10.478894564384932
102.63826802691578,1026.3826802691578,10.478892130360665
102.79195875337552,1027.9195875337552,10.478889352052176
102.94564943358203,1029.4564943358203,10.478886198430091
103.09934006155598,1030.9934006155597,10.478882637126079
103.25303063082362,1032.530306308236,10.47887863443287
103.40672113439722,1034.067211343972,10.478874155304297
103.5604115647554,1035.604115647554,10.4788691633553
103.7141019138235,1037.141019138235,10.478863620861974
103.86779217295391,1038.677921729539,10.478857488761598
104.02148233290652,1040.2148233290652,10.478850726652672
104.17517238382895,1041.7517238382895,10.478843292794963
104.32886231523706,1043.2886231523705,10.478835144109548
104.48255211599522,1044.8255211599521,10.47882623617887
104.63624177429672,1046.3624177429672,10.478816523246794
104.78993127764413,1047.8993127764413,10.478805958218661
104.94362061282965,1049.4362061282964,10.478794492661368
105.0973097659155,1050.973097659155,10.478782076803437
105.2509987222143,1052.509987222143,10.478768659535092
105.40468746626944,1054.0468746626943,10.478754188408345
105.5583759818354,1055.5837598183539,10.478738609637098
105.71206425185822,1057.1206425185821,10.478721868097233
105.86575225845581,1058.6575225845581,10.478703907326736
106.01943998289835,1060.1943998289835,10.478684669525792
106.17312740558866,1061.7312740558866,10.478664095556937
106.3268145060426,1063.268145060426,10.478642124945171
106.48050126286942,1064.8050126286942,10.478618695878115
106.63418765375224,1066.3418765375222,10.478593745206158
106.7878736554283,1067.878736554283,10.478567208442627
106.94155924366947,1069.4155924366946,10.478539019763957
107.09524439326259,1070.952443932626,10.478509112009883
107.24892907798986,1072.4892907798985,10.478477416683631
107.40261327060928,1074.0261327060928,10.478443863952137
107.55629694283503,1075.5629694283502,10.47840838264626
107.7099800653179,1077.099800653179,10.478370900261021
107.86366260762563,1078.6366260762563,10.478331342955864
108.01734453822343,1080.1734453822341,10.478289635554898
108.1710258244543,1081.710258244543,10.478245701547193
108.32470643251956,1083.2470643251957,10.478199463087067
108.47838632745918,1084.7838632745918,10.478150840994399
108.63206547313224,1086.3206547313225,10.478099754754941
108.78574383219741,1087.857438321974,10.478046122520686
108.93942136609336,1089.3942136609335,10.4779898611102
109.09309803501918,1090.930980350192,10.477930886009018
109.24677379791491,1092.4677379791492,10.477869111370035
109.40044861244193,1094.0044861244194,10.477804450013922
109.55412243496346,1095.5412243496346,10.47773681342956
109.70779522052503,1097.0779522052503,10.4776661117745
109.86146692283495,1098.6146692283496,10.47759225387543
110.01513749424481,1100.151374942448,10.47751514722869
110.16880688572998,1101.6880688572999,10.477434698000778
110.3224750468701,1103.224750468701,10.4773508110289
110.4761419258296,1104.761419258296,10.47726338982154
110.6298074693382,1106.298074693382,10.477172336559043
110.7834716226715,1107.834716226715,10.477077552094247
110.93713432963145,1109.3713432963145,10.476978935953108
111.09079553252691,1110.907955325269,10.476876386335384
111.24445517215426,1112.4445517215427,10.476769800115322
111.39811318777792,1113.9811318777793,10.476659072842383
111.55176951711094,1115.5176951711094,10.476544098741998
111.7054240962956,1117.054240962956,10.47642477071635
111.85907685988403,1118.5907685988402,10.476300980345178
112.01272774081879,1120.1272774081879,10.476172617886629
112.16637667041353,1121.6637667041352,10.476039572278129
112.3200235783336,1123.200235783336,10.475901731137284
112.47366839257676,1124.7366839257675,10.475758980762828
112.62731103945379,1126.273110394538,10.475611206135591
112.78095144356922,1127.809514435692,10.47545829091951
112.93458952780202,1129.3458952780202,10.475300117462668
113.08822521328628,1130.8822521328627,10.475136566798376
113.241858419392,1132.41858419392,10.474967518646297
113.39548906370582,1133.9548906370583,10.474792851413588
113.54911706201179,1135.4911706201178,10.4746124421961
113.7027423282721,1137.027423282721,10.474426166779617
113.85636477460795,1138.5636477460796,10.474233899641117
114.0099843112804,1140.0998431128041,10.474035513950103
114.16360084667113,1141.6360084667112,10.473830881569942
114.31721428726333,1143.1721428726332,10.473619873059281
114.47082453762262,1144.7082453762262,10.473402357673484
114.62443150037792,1146.2443150037793,10.473178203366125
114.77803507620243,1147.7803507620242,10.472947276790517
114.9316351637945,1149.316351637945,10.472709443301301
115.08523165985866,1150.8523165985866,10.472464566956074
115.23882445908666,1152.3882445908666,10.472212510517057
115.3924134541384,1153.924134541384,10.471953135452843
115.54599853562307,1155.4599853562306,10.471686301940155
115.69957959208017,1156.9957959208018,10.471411868865685
115.85315650996064,1158.5315650996065,10.471129693827974
116.00672917360801,1160.06729173608,10.470839633139349
116.16029746523954,1161.6029746523955,10.47054154182791
116.31386126492743,1163.1386126492744,10.47023527363957
116.46742045058004,1164.6742045058004,10.46992068104017
116.62097489792315,1166.2097489792316,10.46959761521762
116.77452448048125,1167.7452448048125,10.469265926084125
116.92806906955884,1169.2806906955884,10.468925462278463
117.08160853422184,1170.8160853422185,10.46857607116831
117.23514274127893,1172.3514274127892,10.468217598852648
117.388671555263,1173.88671555263,10.467849890164219
117.54219483841261,1175.4219483841262,10.46747278867205
117.69571245065352,1176.9571245065351,10.467086136684035
117.84922424958017,1178.4922424958017,10.466689775249598
118.00273009043734,1180.0273009043733,10.4662835441624
118.15622982610171,1181.562298261017,10.465867281963133
118.30972330706355,1183.0972330706354,10.465440825942373
118.46321038140846,1184.6321038140845,10.46500401214351
118.61669089479905,1186.1669089479906,10.46455667536573
118.7701646904568,1187.701646904568,10.464098649167097
118.92363160914385,1189.2363160914385,10.46362976586769
119.07709148914496,1190.7709148914496,10.463149856552809
119.23054416624937,1192.3054416624936,10.462658751076274
119.38398947373285,1193.8398947373284,10.462156278063787
119.5374272423397,1195.374272423397,10.461642264916376
119.69085730026485,1196.9085730026486,10.461116537813911
119.84427947313603,1198.4427947313602,10.460578921718714
119.9976935839959,1199.976935839959,10.460029240379233
120.15109945328437,1201.5109945328438,10.45946731633381
120.30449689882089,1203.044968988209,10.458892970914524
120.45788573578677,1204.5788573578677,10.45830602425112
120.61126577670768,1206.1126577670768,10.457706295275033
120.76463683143608,1207.6463683143609,10.457093601723475
120.91799870713378,1209.1799870713378,10.456467760143639
121.07135120825455,1210.7135120825455,10.455828585896965
121.22469413652682,1212.2469413652682,10.455175893163513
121.37802729093636,1213.7802729093637,10.454509494946425
121.53135046770912,1215.3135046770913,10.453829203076463
121.68466346029412,1216.846634602941,10.453134828216662
121.83796605934637,1218.3796605934638,10.452426179867068
121.9912580527099,1219.912580527099,10.451703066369562
122.14453922540079,1221.4453922540079,10.450965294912804
122.29780935959043,1222.9780935959043,10.450212671537244
122.45106823458866,1224.5106823458866,10.449445001140262
122.60431562682713,1226.0431562682713,10.448662087481386
122.75755130984267,1227.5755130984267,10.447863733187624
122.9107750542608,1229.1077505426078,10.447049739758896
123.0639866277792,1230.639866277792,10.446219907573557
123.21718579515145,1232.1718579515145,10.44537403589405
123.37037231817065,1233.7037231817064,10.44451192287264
123.52354595565328,1235.2354595565328,10.443633365557274
123.67670646342305,1236.7670646342303,10.44273815989753
123.82985359429493,1238.2985359429492,10.441826100750696
123.98298709805918,1239.8298709805917,10.440896981887942
124.13610672146555,1241.3610672146556,10.439950596000617
124.28921220820747,1242.8921220820748,10.438986734706655
124.44230329890648,1244.4230329890647,10.438005188557081
124.59537973109663,1245.9537973109664,10.43700574704266
124.74844123920904,1247.4844123920905,10.435988198600638
124.90148755455657,1249.0148755455657,10.434952330621607
125.05451840531853,1250.5451840531853,10.433897929456503
125.20753351652557,1252.0753351652556,10.432824780423694
125.36053261004463,1253.6053261004463,10.43173266781622
125.513515404564,1255.13515404564,10.430621374909139
125.66648161557855,1256.6648161557855,10.429490683966993
125.81943095537491,1258.194309553749,10.428340376251409
125.97236313301701,1259.72363133017,10.427170232028821
126.1252778543315,1261.252778543315,10.425980030578312
126.27817482189342,1262.7817482189341,10.424769550199596
126.43105373501194,1264.3105373501194,10.423538568221115
126.58391428971629,1265.839142897163,10.422286861008281
126.73675617874169,1267.367561787417,10.421014203971835
126.88957909151549,1268.895790915155,10.419720371576345
127.04238271414344,1270.4238271414345,10.418405137348836
127.19516672939606,1271.9516672939606,10.417068273887553
127.34793081669515,1273.4793081669516,10.415709552870863
127.50067465210041,1275.006746521004,10.414328745066287
127.65339790829626,1276.5339790829626,10.41292562033967
127.80610025457867,1278.0610025457868,10.411499947664504
127.95878135684231,1279.5878135684231,10.410051495131361
128.11144087756767,1281.1144087756768,10.408580029957495
128.26407847580847,1282.6407847580847,10.407085318496572
128.41669380717903,1284.1669380717904,10.405567126248542
128.56928652384195,1285.6928652384195,10.404025217869654
128.72185627449593,1287.2185627449594,10.402459357182629
128.87440270436366,1288.7440270436366,10.40086930718695
129.02692545517985,1290.2692545517984,10.39925483006933
129.1794241651795,1291.7942416517951,10.397615687214303
129.33189846908638,1293.3189846908638,10.395951639214978
129.48434799810144,1294.8434799810143,10.394262445883935
129.63677237989157,1296.3677237989157,10.39254786626427
129.78917123857855,1297.8917123857855,10.39080765864079
129.941544194728,1299.4154419472802,10.389041580551376
130.0938908653387,1300.938908653387,10.387249388798468
130.2462108638318,1302.462108638318,10.38543083946073
130.3985038000406,1303.985038000406,10.383585687904858
130.5507692802001,1305.5076928020007,10.381713688797547
130.70300690693696,1307.0300690693696,10.379814596117601
130.8552162792597,1308.552162792597,10.377888163168224
131.00739699254882,1310.0739699254882,10.37593414258944
131.15954863854734,1311.5954863854734,10.373952286370697
131.3116708053514,1313.1167080535142,10.371942345863607
131.4637630774012,1314.637630774012,10.369904071794863
131.6158250354719,1316.1582503547188,10.367837214279309
131.76785625666483,1317.6785625666482,10.365741522833162
131.91985631439906,1319.1985631439907,10.363616746387416
132.07182477840288,1320.7182477840288,10.361462633301391
132.22376121470572,1322.2376121470572,10.359278931376448
132.37566518563,1323.7566518562999,10.35706538786987
132.5275362497835,1325.275362497835,10.354821749508908
132.67937396205184,1326.7937396205184,10.35254776250499
132.83117787359095,1328.3117787359095,10.350243172568085
132.98294753182006,1329.8294753182006,10.347907724921257
133.1346824804147,1331.3468248041472,10.345541164315348
133.28638225930013,1332.8638225930013,10.34314323504387
133.43804640464464,1334.3804640464464,10.340713680958029
133.58967444885346,1335.8967444885345,10.338252245481927
133.74126592056263,1337.4126592056264,10.335758671627941
133.89282034463324,1338.9282034463324,10.333232702012257
134.04433724214582,1340.4433724214582,10.33067407887058
134.19581613039497,1341.9581613039497,10.328082544074006
134.34725652288435,1343.4725652288435,10.325457839145065
134.4986579293217,1344.986579293217,10.322799705273939
134.6500198556142,1346.500198556142,10.320107883334835
134.80134180386418,1348.0134180386417,10.317382113902548
134.95262327236486,1349.5262327236487,10.31462213726917
135.10386375559654,1351.0386375559654,10.31182769346098
135.2550627442229,1352.550627442229,10.308998522255514
135.40621972508762,1354.0621972508761,10.306134363198778
135.55733418121125,1355.5733418121124,10.30323495562266
135.7084055917883,1357.084055917883,10.300300038662487
135.85943343218466,1358.5943343218466,10.29732935127477
136.01041717393517,1360.1041717393516,10.29432263225511
136.16135628474157,1361.6135628474158,10.291279620256264
136.31225022847073,1363.1225022847073,10.288200053806408
136.463098465153,1364.63098465153,10.285083671327534
136.61390045098094,1366.1390045098094,10.281930211154043
136.76465563830834,1367.6465563830834,10.278739411551495
136.91536347564949,1369.1536347564947,10.275511010735528
137.0660234076787,1370.660234076787,10.272244746890948
137.21663487523017,1372.1663487523017,10.268940358190978
137.36719731529806,1373.6719731529806,10.26559758281669
137.51771016103692,1375.1771016103692,10.262216158976592
137.66817284176236,1376.6817284176236,10.258795824926375
137.81858478295206,1378.1858478295205,10.255336318988851
137.96894540624706,1379.6894540624705,10.251837379574026
138.11925412945328,1381.192541294533,10.248298745199355
138.26951036654344,1382.6951036654345,10.244720154510166
138.4197135276592,1384.1971352765922,10.241101346300226
138.56986301911377,1385.6986301911377,10.2374420595325
138.71995824339444,1387.1995824339444,10.233742033360032
138.86999859916597,1388.6999859916596,10.230001007147033
139.01998348127378,1390.199834812738,10.226218720490092
139.16991228074778,1391.6991228074778,10.222394913239565
139.3197843848064,1393.1978438480642,10.218529325521123
139.4695991768609,1394.695991768609,10.214621697757442
139.6193560365201,1396.193560365201,10.210671770690073
139.76905433959527,1397.6905433959528,10.206679285401448
139.91869345810568,1399.186934581057,10.202643983337047
140.068272760284,1400.68272760284,10.198565606327728
140.21779161058245,1402.1779161058246,10.194443896612185
140.367249369679,1403.67249369679,10.190278596859589
140.51664539448413,1405.1664539448414,10.186069450192349
140.66597903814773,1406.6597903814773,10.181816200209042
140.81524965006645,1408.1524965006645,10.177518591007475
140.96445657589138,1409.6445657589138,10.17317636720791
141.11359915753602,1411.13599157536,10.168789273976413
141.26267673318463,1412.6267673318464,10.164357057048363
141.41168863730098,1414.11688637301,10.159879462752087
141.56063420063734,1415.6063420063733,10.155356238032654
141.70951275024387,1417.0951275024388,10.15078713047578
141.85832360947848,1418.5832360947848,10.146171888331903
142.00706609801674,1420.0706609801673,10.14151026054035
142.15573953186254,1421.5573953186254,10.136801996753686
142.30434322335876,1423.0434322335875,10.132046847362147
142.4528764811985,1424.528764811985,10.127244563518238
142.6013386104367,1426.0133861043669,10.122394897161435
142.74972891250192,1427.4972891250193,10.11749760104302
142.8980466852087,1428.980466852087,10.112552428751044
143.04629122277012,1430.4629122277013,10.107559134735405
143.1944618158109,1431.944618158109,10.102517474333043
143.34255775138078,1433.4255775138079,10.09742720379325
143.49057831296815,1434.9057831296816,10.092288080303113
143.63852278051434,1436.3852278051434,10.087099862013039
143.78639043042799,1437.86390430428,10.081862308062416
143.93418053560004,1439.3418053560004,10.076575178605362
144.08189236541892,1440.8189236541893,10.071238234836596
144.22952518578623,1442.2952518578622,10.065851239017396
144.37707825913273,1443.7707825913274,10.060413954501671
144.52455084443477,1445.2455084443477,10.054926145762115
144.67194219723112,1446.7194219723112,10.049387578416468
144.8192515696401,1448.192515696401,10.043798019253863
144.96647821037718,1449.6647821037718,10.038157236261263
145.11362136477288,1451.1362136477287,10.032464998649989
145.26068027479118,1452.6068027479118,10.02672107688232
145.40765417904828,1454.0765417904827,10.02092524269819
145.55454231283161,1455.545423128316,10.015077269141944
145.7013439081195,1457.013439081195,10.00917693058919
145.848058193601,1458.48058193601,10.003224002773695
145.9946843946962,1459.946843946962,9.997218262814384
146.14122173357708,1461.412217335771,9.99115948924237
146.2876694291884,1462.8766942918842,9.985047462028072
146.4340266972694,1464.3402669726938,9.978881962608375
146.58029275037555,1465.8029275037554,9.972662773913857
146.72646679790103,1467.2646679790103,9.96638968039606
146.87254804610126,1468.7254804610125,9.960062468054819
147.01853569811612,1470.1853569811612,9.953680924465623
147.16442895399345,1471.6442895399346,9.94724483880703
147.31022701071294,1473.1022701071292,9.940754001888124
147.45592906221046,1474.5592906221045,9.934208206175976
147.60153429940277,1476.0153429940278,9.927607245823184
147.74704191021266,1477.4704191021265,9.920950916695398
147.89245107959448,1478.9245107959448,9.914239016398897
148.03776098956004,1480.3776098956005,9.907471344308163
148.182970819205,1481.82970819205,9.900647701593494
148.32807974473556,1483.2807974473556,9.893767891248611
148.4730869394957,1484.730869394957,9.886831718118284
148.61799157399457,1486.1799157399457,9.879838988925947
148.76279281593463,1487.6279281593463,9.872789512301345
148.9074898302399,1489.074898302399,9.865683098808136
149.0520817790848,1490.520817790848,9.858519560971517
149.19656782192325,1491.9656782192326,9.851298713305823
149.34094711551828,1493.4094711551827,9.844020372342111
149.48521881397204,1494.8521881397205,9.836684356655734
149.62938206875617,1496.2938206875617,9.82929048689387
149.77343602874257,1497.7343602874257,9.82183858580304
149.91737984023462,1499.1737984023462,9.814328478256586
150.06121264699874,1500.6121264699873,9.806759991282114
150.20493359029646,1502.0493359029647,9.799132954088883
150.34854180891676,1503.4854180891675,9.791447198095165
150.49203643920887,1504.9203643920887,9.78370255695554
150.63541661511547,1506.3541661511547,9.775898866588138
150.7786814682063,1507.7868146820629,9.768035965201832
150.92183012771216,1509.2183012771216,9.760113693323348
151.06486172055932,1510.6486172055932,9.752131893824313
151.20777537140424,1512.0777537140425,9.744090411948234
151.35057020266882,1513.5057020266881,9.735989095337393
151.49324533457596,1514.9324533457595,9.727827794059651
151.6357998851855,1516.357998851855,9.719606360635185
151.77823297043057,1517.7823297043055,9.711324650063098
151.92054370415443,1519.2054370415442,9.702982519847971
152.06273119814747,1520.6273119814748,9.69457983002627
152.20479456218484,1522.0479456218484,9.686116443192686
152.3467329040643,1523.467329040643,9.677592224526322
152.48854532964452,1524.8854532964451,9.669007041816798
152.63023094288374,1526.3023094288374,9.660360765490204
152.77178884587883,1527.7178884587884,9.651653268634949
152.9132181389047,1529.1321813890472,9.642884427027461
153.05451792045417,1530.5451792045417,9.63405411915775
153.195687287278,1531.95687287278,9.625162226254838
153.33672533442552,1533.3672533442552,9.616208632312038
153.47763115528562,1534.7763115528562,9.607193224112063
153.61840384162784,1536.1840384162783,9.598115891252005
153.75904248364418,1537.5904248364418,9.588976526168134
153.89954616999103,1538.9954616999103,9.57977502416052
154.03991398783154,1540.3991398783155,9.570511283417506
154.1801450228783,1541.8014502287829,9.561185205039976
154.32023835943647,1543.2023835943646,9.551796693065462
154.4601930804472,1544.601930804472,9.542345654492046
154.60000826753136,1546.0000826753137,9.532831999302067
154.73968300103368,1547.3968300103368,9.523255640485644
154.87921636006718,1548.7921636006718,9.513616494063978
155.01860742255798,1550.18607422558,9.503914479112456
155.15785526529046,1551.5785526529046,9.494149517783528
155.29695896395268,1552.9695896395267,9.484321535329375
155.43591759318218,1554.359175931822,9.474430460124344
155.57473022661213,1555.7473022661213,9.464476223687152
155.71339593691772,1557.1339593691773,9.454458760702863
155.85191379586297,1558.5191379586297,9.444378009044618
155.99028287434777,1559.9028287434776,9.434233909795108
156.12850224245526,1561.2850224245526,9.424026407267817
156.26657096949953,1562.6657096949953,9.413755449027999
156.40448812407362,1564.0448812407362,9.403420985913378
156.54225277409785,1565.4225277409785,9.393022972054613
156.67986398686836,1566.7986398686835,9.382561364895455
156.81732082910602,1568.1732082910603,9.372036125212658
156.95462236700558,1569.546223670056,9.361447217135586
157.09176766628516,1570.9176766628516,9.35079460816555
157.22875579223597,1572.2875579223596,9.340078269194837
157.36558580977228,1573.6558580977228,9.329298174525448
157.50225678348178,1575.022567834818,9.318454301887543
157.63876777767604,1576.3876777767605,9.307546632457559
157.7751178564414,1577.751178564414,9.296575150876032
157.91130608368994,1579.1130608368994,9.285539845265099
158.0473315232109,1580.473315232109,9.274440707245674
158.18319323872214,1581.8319323872215,9.26327773195429
158.31889029392204,1583.1889029392205,9.25205091805963
158.45442175254146,1584.5442175254148,9.24076026777871
158.58978667839608,1585.8978667839608,9.2294057868927
158.72498413543886,1587.2498413543885,9.217987484762448
158.86001318781274,1588.6001318781273,9.206505374343598
158.99487289990367,1589.9487289990366,9.194959472201399
159.1295623363937,1591.295623363937,9.183349798525118
159.26408056231432,1592.6408056231433,9.171676377142116
159.3984266431001,1593.9842664310008,9.159939235531535
159.53259964464232,1595.3259964464232,9.148138404837628
159.66659863334306,1596.6659863334305,9.136273919882697
159.8004226761692,1598.004226761692,9.12434581917966
159.93407084070685,1599.3407084070686,9.112354144944218
160.0675421952157,1600.6754219521572,9.100298943106651
160.2008358086838,1602.008358086838,9.088180263323203
160.3339507508822,1603.339507508822,9.075998158987066
160.4668860924201,1604.668860924201,9.063752687238981
160.5996409047999,1605.9964090479991,9.051443908977413
160.73221426047238,1607.3221426047237,9.039071888868314
160.86460523289213,1608.6460523289213,9.026636695354483
160.99681289657315,1609.9681289657315,9.014138400664509
161.12883632714443,1611.2883632714443,9.00157708082127
161.26067460140573,1612.6067460140573,8.988952815650034
161.39232679738345,1613.9232679738345,8.976265688786103
161.52379199438664,1615.2379199438665,8.96351578768205
161.6550692730631,1616.550692730631,8.950703203614498
161.7861577154555,1617.8615771545549,8.937828031690465
161.91705640505768,1619.1705640505768,8.924890370853278
162.04776442687105,1620.4776442687105,8.911890323888018
162.1782808674609,1621.782808674609,8.898827997426533
162.30860481501298,1623.08604815013,8.88570350195199
162.43873535939,1624.3873535939,8.872516951802973
162.5686715921882,1625.6867159218818,8.859268465177124
162.6984126067941,1626.9841260679411,8.845958164134313
162.8279574984411,1628.2795749844108,8.832586174599355
162.9573053642662,1629.573053642662,8.81915262636426
163.0864553033668,1630.864553033668,8.80565765309
163.21540641685735,1632.1540641685735,8.792101392307817
163.3441578079263,1633.441578079263,8.778483985420056
163.47270858189276,1634.7270858189277,8.764805577700502
163.60105784626327,1636.0105784626328,8.75106631829427
163.72920471078868,1637.292047107887,8.73726636021719
163.85714828752074,1638.5714828752075,8.723405860354706
163.984887690869,1639.8488769086898,8.709484979460317
164.11242203765738,1641.1242203765737,8.695503882153504
164.23975044718094,1642.3975044718095,8.68146273691717
164.36687204126238,1643.6687204126238,8.667361716094616
164.49378594430874,1644.9378594430873,8.65320099588599
164.6204912833678,1646.204912833678,8.638980756344269
164.74698718818462,1647.4698718818463,8.624701181370728
164.8732727912578,1648.732727912578,8.610362458709934
164.9993472278958,1649.993472278958,8.595964779944222
165.12520963627324,1651.2520963627323,8.581508340487686
165.25085915748684,1652.5085915748684,8.566993339579671
165.37629493561158,1653.7629493561158,8.55241998027776
165.50151611775647,1655.0151611775646,8.537788469450257
165.62652185412037,1656.2652185412037,8.523099017768187
165.75131129804765,1657.5131129804765,8.508351839696777
165.8758836060837,1658.758836060837,8.49354715348644
166.00023793803027,1660.0023793803027,8.47868518116327
166.12437345700076,1661.2437345700075,8.463766148519012
166.24828932947526,1662.4828932947526,8.448790285100545
166.37198472535545,1663.7198472535545,8.433757824198867
166.49545881801936,1664.9545881801937,8.418669002837571
166.618710784376,1666.1871078437598,8.403524061760821
166.7417398049196,1667.417398049196,8.388323245420814
166.864545063784,1668.64545063784,8.37306680196478
166.98712574879642,1669.8712574879642,8.357754983221437
167.10948105153142,1671.0948105153143,8.342388044686976
167.23161016736444,1672.3161016736444,8.326966245510546
167.35351229552512,1673.5351229552512,8.311489848479225
167.47518663915045,1674.7518663915046,8.295959120002511
167.5966324053377,1675.9663240533769,8.28037433009632
167.71784880519692,1677.1784880519692,8.264735752366475
167.83883505390358,1678.3883505390359,8.249043663991728
167.95959037075056,1679.5959037075056,8.233298345706265
168.08011397920004,1680.8011397920004,8.217500081781736
168.20040510693514,1682.0040510693514,8.201649160008813
168.3204629859113,1683.2046298591129,8.18574587167823
168.4402868524072,1684.4028685240721,8.169790511561372
168.5598759470757,1685.5987594707572,8.153783377890365
168.67922951499415,1686.7922951499415,8.137724772337702
168.79834680571457,1687.9834680571457,8.121614999995371
168.91722707331357,1689.1722707331357,8.105454369353545
169.03586957644177,1690.3586957644177,8.08924319227876
169.15427357837305,1691.5427357837304,8.072981783991667
169.2724383470534,1692.724383470534,8.056670463044286
169.3903631551494,1693.903631551494,8.040309551296819
169.5080472800965,1695.0804728009648,8.02389937389399
169.6254900041467,1696.2549000414672,8.007440259240944
169.74269061441615,1697.4269061441614,7.990932538978674
169.8596484029321,1698.596484029321,7.974376547959033
169.97636266667973,1699.7636266667973,7.957772624219255
170.09283270764845,1700.9283270764845,7.941121108956073
170.20905783287785,1702.0905783287785,7.924422346499385
170.32503735450325,1703.2503735450325,7.907676684285479
170.4407705898009,1704.407705898009,7.890884472829842
170.5562568612327,1705.562568612327,7.874046065699528
170.67149549649054,1706.7149549649052,7.857161819485125
170.78648582854026,1707.8648582854025,7.840232093772278
170.90122719566517,1709.0122719566516,7.823257251112823
171.01571894150902,1710.1571894150902,7.806237656995493
171.12996041511877,1711.2996041511879,7.789173679816245
171.24395097098673,1712.4395097098673,7.772065690848149
171.3576899690923,1713.5768996909228,7.754914064210921
171.47117677494325,1714.7117677494325,7.7377191768400495
171.58441075961665,1715.8441075961664,7.720481408455533
171.69739129979914,1716.9739129979914,7.703201141530239
171.8101177778269,1718.101177778269,7.685878761257909
171.92258958172502,1719.2258958172501,7.668514655520759
172.03480610524656,1720.3480610524657,7.6511092148567466
172.1467667479109,1721.467667479109,7.633662832426459
172.2584709150418,1722.5847091504181,7.616175903979664
172.36991801780482,1723.6991801780482,7.5986488278214965
172.4811074732443,1724.8110747324429,7.5810820047783265
172.5920387043199,1725.9203870431988,7.563475838163265
172.70271113994247,1727.0271113994247,7.545830733741353
172.81312421500957,1728.1312421500957,7.528147099694432
172.92327737044033,1729.2327737044034,7.510425346585687
173.03317005320994,1730.3317005320994,7.492665887323878
173.14280171638345,1731.4280171638345,7.474869137127267
173.2521718191491,1732.5217181914911,7.457035513487244
173.36127982685122,1733.612798268512,7.439165436131663
173.47012521102235,1734.7012521102235,7.421259326987894
173.57870744941508,1735.7870744941508,7.403317610145574
173.68702602603312,1736.8702602603312,7.385340711819116
173.79508043116198,1737.9508043116198,7.3673290603099195
173.90287016139894,1739.0287016139894,7.349283085968344
174.01039471968267,1740.1039471968265,7.33120322115541
174.11765361532198,1741.1765361532198,7.313089900204254
174.22464636402435,1742.2464636402435,7.294943559381368
174.3313724879236,1743.313724879236,7.276764636847563
174.43783151560712,1744.378315156071,7.25855357261874
174.54402298214254,1745.4402298214254,7.24031080852643
174.64994642910372,1746.4994642910372,7.2220367881781025
174.75560140459623,1747.5560140459625,7.203731956917308
174.8609874632823,1748.609874632823,7.185396761783585
174.96610416640493,1749.6610416640492,7.167031651472178
175.0709510818118,1750.7095108181181,7.1486370762936025
175.17552778397823,1751.7552778397821,7.130213488132983
175.27983385402962,1752.7983385402963,7.111761340409271
175.3838688797635,1753.8386887976349,7.093281088034267
175.4876324556707,1754.876324556707,7.074773187371493
175.59112418295618,1755.9112418295617,7.056238096194925
175.6943436695589,1756.9434366955888,7.037676273647565
175.79729053017144,1757.9729053017145,7.019088180199914
175.89996438625883,1758.9996438625883,7.000474277608276
176.0023648660768,1760.0236486607678,6.9818350288729825
176.10449160468937,1761.0449160468938,6.963170898196469
176.2063442439859,1762.063442439859,6.9444823509412705
176.30792243269752,1763.0792243269752,6.925769853587929
176.4092258264128,1764.092258264128,6.907033873692771
176.51025408759304,1765.1025408759303,6.8882748798456515
176.61100688558668,1766.1100688558668,6.869493341627591
176.71148389664333,1767.1148389664334,6.850689729568361
176.811684803927,1768.1168480392698,6.831864515103998
176.91160929752877,1769.1160929752878,6.813018170534279
177.01125707447886,1770.1125707447886,6.794151168980143
177.110627838758,1771.10627838758,6.775263984341081
177.2097213013083,1772.0972130130829,6.7563570912524975
177.3085371800433,1773.0853718004328,6.737430965043037
177.40707519985764,1774.0707519985765,6.7184860816919185
177.50533509263593,1775.0533509263594,6.699522917786234
177.603316597261,1776.03316597261,6.680541950478278
177.70101945962162,1777.0101945962163,6.661543657442864
177.79844343261948,1777.9844343261948,6.6425285168346555
177.89558827617566,1778.9558827617566,6.623497007245542
177.99245375723635,1779.9245375723635,6.604449607662016
178.0890396497781,1780.890396497781,6.585386797422607
178.1853457348123,1781.853457348123,6.566309056175342
178.2813718003891,1782.8137180038912,6.547216863835284
178.37711764160076,1783.7711764160076,6.528110700542096
178.47258306058418,1784.7258306058418,6.508991046617708
178.56776786652316,1785.6776786652315,6.4898583825240275
178.66267187564964,1786.6267187564963,6.470713188820735
178.75729491124463,1787.5729491124462,6.4515559461231895
178.85163680363843,1788.5163680363844,6.4323871350604005
178.94569739021009,1789.4569739021008,6.413207236233104
179.0394765153865,1790.394765153865,6.394016730171985
179.1329740306407,1791.329740306407,6.374816097295952
179.22618979448967,1792.2618979448966,6.355605817870595
179.3191236724914,1793.191236724914,6.3363863719667215
179.41177553724148,1794.1177553724149,6.3171582394190775
179.50414526836906,1795.0414526836905,6.297921899785168
179.5962327525321,1795.9623275253211,6.278677832304244
179.68803788341222,1796.8803788341222,6.259426515856456
179.7795605617087,1797.795605617087,6.240168428922144
179.87080069513212,1798.7080069513213,6.220904049541325
179.96175819839726,1799.6175819839727,6.201633855273341
180.05243299321552,1800.524329932155,6.182358323156678
180.1428250082866,1801.4282500828658,6.163077929668988
180.23293417928977,1802.3293417928976,6.143793150687312
180.3227604488745,1803.227604488745,6.124504461448472
180.41230376665038,1804.123037666504,6.105212336509699
180.5015640891767,1805.015640891767,6.085917249709473
180.59054137995125,1805.9054137995124,6.066619674128544
180.67923560939866,1806.7923560939867,6.0473200820512325
180.76764675485822,1807.6764675485822,6.028018944926917
180.85577480057097,1808.5577480057098,6.008716733331762
180.9436197376664,1809.436197376664,5.989413916930716
181.03118156414857,1810.3118156414857,5.970110964439717
181.11846028488148,1811.1846028488148,5.950808343588174
181.20545591157423,1812.0545591157424,5.93150652108171
181.29216846276537,1812.9216846276538,5.912205962565145
181.37859796380687,1813.7859796380687,5.892907132585768
181.4647444468474,1814.6474444684739,5.873610494556861
181.5506079508152,1815.506079508152,5.854316510721525
181.6361885214004,1816.3618852140041,5.835025642116785
181.7214862110369,1817.214862110369,5.8157383485379555
181.80650107888346,1818.0650107888346,5.796455088503328
181.89123319080454,1818.9123319080454,5.777176319219146
181.9756826193506,1819.7568261935062,5.757902496544888
182.05984944373782,1820.5984944373781,5.738634074958841
182.14373374982722,1821.4373374982722,5.719371507523992
182.2273356301036,1822.273356301036,5.700115245854259
182.31065518365364,1823.1065518365363,5.680865740080993
182.39369251614377,1823.9369251614378,5.661623438819848
182.47644773979744,1824.7644773979744,5.642388789137947
182.5589209733718,1825.5892097337182,5.623162236521404
182.6411123421343,1826.411123421343,5.603944224843176
182.72302197783833,1827.2302197783833,5.584735196331225
182.80465001869874,1828.0465001869875,5.565535591537066
182.88599660936674,1828.8599660936675,5.546345849304631
182.96706190090447,1829.6706190090447,5.527166406739507
183.047846050759,1830.4784605075902,5.507997699178506
183.128349222736,1831.28349222736,5.4888401601595875
183.2085715869729,1832.085715869729,5.469694221392168
183.2885133199116,1832.885133199116,5.4505603127277595
183.36817460427082,1833.6817460427083,5.431438862131016
183.44755562901804,1834.4755562901805,5.412330295651106
183.52665658934097,1835.2665658934097,5.393235037393472
183.60547768661863,1836.0547768661863,5.374153509491974
183.68401912839204,1836.8401912839204,5.355086132081395
183.76228112833445,1837.6228112833446,5.33603332327033
183.8402639062213,1838.402639062213,5.316995499114475
183.91796768789973,1839.1796768789973,5.297973073590263
183.99539270525761,1839.953927052576,5.278966458568909
184.07253919619242,1840.7253919619243,5.259976063790848
184.1494074045795,1841.494074045795,5.241002296840539
184.22599758024015,1842.2599758024014,5.2220455631216955
184.30230997890925,1843.0230997890926,5.203106265832882
184.37834486220257,1843.7834486220256,5.1841848059435
184.4541024975838,1844.541024975838,5.165281582170213
184.529583158331,1845.29583158331,5.146396990953702
184.60478712350312,1846.0478712350312,5.127531426435906
184.6797146779057,1846.7971467790571,5.10868528043758
184.75436611205674,1847.5436611205673,5.089858942436312
184.82874172215182,1848.2874172215181,5.071052799544918
184.90284181002926,1849.0284181002926,5.052267236490255
184.9766666831347,1849.766666831347,5.0335026355924155
185.0502166544856,1850.5021665448562,5.0147593767443635
185.1234920426353,1851.2349204263528,4.996037837391949
185.19649317163677,1851.9649317163678,4.977338392514335
185.26922037100636,1852.6922037100635,4.958661414604849
185.34167397568683,1853.4167397568683,4.940007273652214
185.4138543260105,1854.138543260105,4.921376337122217
185.4857617676619,1854.857617676619,4.902768969939776
185.55739665164032,1855.5739665164033,4.884185534471405
185.628759334222,1856.28759334222,4.865626390508105
185.69985017692204,1856.9985017692204,4.8470918952486475
185.77066954645628,1857.7066954645627,4.828582403283303
185.8412178147027,1858.4121781470271,4.8100982665779215
185.91149535866276,1859.1149535866275,4.791639834458468
185.98150256042243,1859.8150256042243,4.773207453595953
186.05123980711303,1860.5123980711303,4.754801467991766
186.1207074908719,1861.2070749087188,4.736422218963417
186.1899060088028,1861.8990600880281,4.718070045130705
186.25883576293623,1862.5883576293622,4.69974528240224
186.3274971601893,1863.274971601893,4.681448263962441
186.39589061232573,1863.9589061232573,4.663179320258893
186.46401653591553,1864.6401653591554,4.6449387789901175
186.53187535229446,1865.3187535229447,4.626726965093741
186.59946748752338,1865.9946748752338,4.608544200735078
186.66679337234743,1866.6679337234743,4.590390805296101
186.733853442155,1867.33853442155,4.572267095364829
186.80064813693676,1868.0064813693675,4.554173384725095
186.86717790124416,1868.6717790124417,4.536109984346703
186.93344318414825,1869.3344318414825,4.51807720237602
186.99944443919796,1869.9944443919796,4.500075344126903
187.0651821243785,1870.651821243785,4.482104712072076
187.13065670206961,1871.306567020696,4.464165605834867
187.19586863900355,1871.9586863900354,4.446258322181327
187.26081840622317,1872.6081840622317,4.428383155012764
187.32550647903977,1873.2550647903977,4.410540395358624
187.38993333699088,1873.8993333699088,4.392730331369792
187.4540994637979,1874.5409946379789,4.374953248312254
187.51800534732376,1875.1800534732376,4.357209428561153
187.58165147953048,1875.8165147953048,4.339499151595181
187.64503835643643,1876.4503835643643,4.321822693991412
187.70816647807393,1877.0816647807394,4.304180329420462
187.77103634844642,1877.710363484464,4.28657232864201
187.83364847548572,1878.336484754857,4.268998959500729
187.89600337100927,1878.9600337100928,4.251460486922549
187.9581015506772,1879.581015506772,4.233957172911294
188.01994353394952,1880.1994353394953,4.216489276545696
188.08152984404308,1880.8152984404308,4.199057053976731
188.14286100788868,1881.4286100788868,4.181660758425332
188.20393755608802,1882.0393755608802,4.164300640180462
188.2647600228707,1882.6476002287068,4.146976946597536
188.32532894605112,1883.253289460511,4.129689922097164
188.38564486698553,1883.8564486698554,4.11243980816427
188.44570833052884,1884.4570833052885,4.095226843347536
188.50551988499168,1885.055198849917,4.078051263259203
188.56508008209724,1885.6508008209723,4.060913300575167
188.6243894769382,1886.243894769382,4.043813185035461
188.68344862793376,1886.8344862793376,4.026751143445041
188.74225809678657,1887.4225809678658,4.00972739967489
188.8008184484397,1888.0081844843971,3.9927421746634515
188.85913025103372,1888.5913025103373,3.975795686418407
188.9171940758636,1889.1719407586359,3.958888150018745
188.97501049733597,1889.7501049733596,3.942019777617155
189.03258009292617,1890.3258009292617,3.9251907784427162
189.08990344313534,1890.8990344313534,3.9084013588039284
189.14698113144775,1891.4698113144775,3.8916517220920284
189.203813744288,1892.03813744288,3.8749420687845957
189.26040187097834,1892.6040187097833,3.858272596449468
189.31674610369612,1893.1674610369612,3.8416434997489777
189.37284703743114,1893.7284703743114,3.825054970444424
189.42870526994326,1894.2870526994327,3.80850719740089
189.48432140171997,1894.8432140171997,3.792000366592303
189.539696035934,1895.39696035934,3.7755346611068026
189.59482977840125,1895.9482977840125,3.759110261152376
189.6497232375384,1896.497232375384,3.742727344062761
189.70437702432108,1897.0437702432107,3.726386084303636
189.75879175224165,1897.5879175224165,3.710086653479067
189.81296803726758,1898.129680372676,3.693829220338234
189.86690649779953,1898.6690649779953,3.6776139507823773
189.92060775462969,1899.206077546297,3.6614410078720487
189.97407243090026,1899.7407243090026,3.6453105518346094
190.02730115206208,1900.273011520621,3.6292227400719295
190.08029454583314,1900.8029454583314,3.613177727168388
190.13305324215753,1901.3305324215753,3.5971756648991073
190.18557787316425,1901.8557787316424,3.5812167022383923
190.23786907312635,1902.3786907312635,3.565300985368454
190.28992747842005,1902.8992747842005,3.549428657688316
190.34175372748413,1903.4175372748414,3.5335998598229876
190.39334846077924,1903.9334846077923,3.517814729632831
190.4447123207476,1904.4471232074761,3.5020734022231963
190.49584595177282,1904.9584595177282,3.486376009954207
190.54675000013953,1905.4675000013954,3.4707226824508064
190.59742511399364,1905.9742511399363,3.4551135466130267
190.64787194330245,1906.4787194330245,3.4395487266264047
190.698091139815,1906.98091139815,3.4240283439726573
190.74808335702255,1907.4808335702255,3.4085525174405227
190.79784925011927,1907.9784925011927,3.3931213631368333
190.84738947596307,1908.4738947596306,3.3777349944977244
190.89670469303658,1908.9670469303658,3.3623935223000876
190.94579556140835,1909.4579556140834,3.347097054673176
190.99466274269415,1909.9466274269414,3.3318456971104
191.04330690001854,1910.4330690001852,3.3166395524812975
191.09172869797646,1910.9172869797646,3.3014787210436847
191.13992880259525,1911.3992880259525,3.286363300455985
191.1879078812966,1911.879078812966,3.2712933857896918
191.23566660285886,1912.3566660285885,3.2562690695420216
191.28320563737938,1912.8320563737939,3.241290441648731
191.33052565623726,1913.3052565623725,3.2263575894970726
191.37762733205605,1913.7762733205604,3.2114705979389093
191.42451133866683,1914.2451133866684,3.1966295493039807
191.4711783510714,1914.7117835107138,3.181834523413319
191.5176290454056,1915.176290454056,3.1670855975927923
191.5638640989031,1915.638640989031,3.1523828466868054
191.60988418985906,1916.0988418985905,3.1377263430721234
191.65568999759412,1916.5568999759412,3.1231161566718137
191.70128220241875,1917.0128220241875,3.108552354969362
191.7466614855976,1917.4666148559759,3.0940350030228636
191.7918285293141,1917.918285293141,3.079564163479354
191.83678401663542,1918.3678401663542,3.065139896589283
191.8815286314774,1918.815286314774,3.0507622602210454
191.92606305856995,1919.2606305856996,3.036431309875696
191.97038798342248,1919.7038798342248,3.0221470987017103
192.01450409228963,1920.1450409228962,3.007909677509872
192.05841207213714,1920.5841207213714,2.993719094788287
192.10211261060817,1921.0211261060817,2.9795753967174674
192.14560639598952,1921.4560639598951,2.9654786271854956
192.18889411717825,1921.8889411717826,2.9514288278033236
192.2319764636486,1922.319764636486,2.937426037920142
192.27485412541898,1922.7485412541898,2.9234702946388147
192.31752779301922,1923.1752779301924,2.9095616328314264
192.35999815745816,1923.5999815745818,2.8957000851548935
192.40226591019132,1924.0226591019132,2.881885682066648
192.44433174308892,1924.4433174308892,2.8681184518404192
192.48619634840406,1924.8619634840406,2.8543984205820356
192.52786041874117,1925.2786041874117,2.840725612245362
192.56932464702467,1925.6932464702468,2.8271000486482407
192.6105897264679,1926.105897264679,2.8135217494885154
192.65165635054223,1926.5165635054223,2.7999907323601345
192.6925252129464,1926.925252129464,2.786507012769281
192.7331970075763,1927.3319700757631,2.773070604150572
192.77367242849465,1927.7367242849464,2.759681517883278
192.81395216990114,1928.1395216990113,2.7463397633076436
192.85403692610285,1928.5403692610284,2.7330453477412027
192.8939273914847,1928.939273914847,2.7197982764951494
192.9336242604804,1929.336242604804,2.706598552890765
192.97312822754333,1929.7312822754334,2.6934461782758525
193.01243998711797,1930.1243998711798,2.680341152041242
193.05156023361144,1930.5156023361144,2.667283471637284
193.0904896613652,1930.904896613652,2.654273132590392
193.12922896462717,1931.2922896462717,2.6413101285196134
193.1677788375239,1931.677788375239,2.6283944511532242
193.2061399740332,1932.061399740332,2.615526090345327
193.2443130679567,1932.443130679567,2.6027050340924855
193.28229881289315,1932.8229881289315,2.5899312685503757
193.3200979022114,1933.2009790221139,2.5772047780504224
193.35771102902396,1933.5771102902395,2.5645255451164637
193.3951388861608,1933.951388861608,2.5518935504814575
193.43238216614327,1934.3238216614327,2.5393087731041435
193.46944156115836,1934.6944156115837,2.5267711901857055
193.5063177630331,1935.0631776303312,2.5142807771864826
193.54301146320938,1935.4301146320938,2.5018375078426507
193.57952335271878,1935.7952335271877,2.489441354182886
193.61585412215786,1936.1585412215786,2.4770922865450613
193.65200446166355,1936.5200446166355,2.464790273592901
193.68797506088893,1936.8797506088893,2.4525352823326463
193.72376660897908,1937.2376660897908,2.440327278129682
193.75937979454724,1937.5937979454725,2.428166224725188
193.79481530565135,1937.9481530565135,2.416052084252752
193.83007382977058,1938.3007382977057,2.4039848172549503
193.86515605378233,1938.6515605378233,2.3919643826999577
193.90006266393934,1939.0006266393934,2.3799907379980665
193.93479434584705,1939.3479434584706,2.3680638390182347
193.9693517844414,1939.693517844414,2.356183640104617
194.0037356639664,1940.037356639664,2.34435009409298
194.03794666795264,1940.3794666795263,2.332563152327226
194.07198547919532,1940.7198547919531,2.320822764675751
194.10585277973297,1941.0585277973296,2.3091288795478517
194.13954925082638,1941.3954925082637,2.297481443910102
194.1730755729375,1941.730755729375,2.285880403302607
194.2064324257089,1942.064324257089,2.274325701855333
194.23962048794326,1942.3962048794326,2.26281728230433
194.27264043758322,1942.7264043758323,2.2513550860079006
194.30549295169132,1943.0549295169133,2.2399390529627636
194.3381787064303,1943.3817870643031,2.2285691218201906
194.3706983770437,1943.706983770437,2.217245229902031
194.40305263783645,1944.0305263783646,2.2059673132167346
194.43524216215593,1944.3524216215592,2.1947353064753203
194.46726762237313,1944.6726762237313,2.183549143107279
194.49912968986413,1944.9912968986414,2.1724087552764617
194.53082903499177,1945.3082903499176,2.1613140738968513
194.56236632708743,1945.6236632708742,2.1502650286483442
194.59374223443336,1945.9374223443338,2.1392615479924517
194.6249574242449,1946.2495742424492,2.128303559187912
194.6560125626531,1946.560125626531,2.1173909883062914
194.6869083146875,1946.8690831468753,2.106523760247513
194.71764534425932,1947.1764534425934,2.0957017987553135
194.7482243141445,1947.482243141445,2.0849250264326242
194.77864588596736,1947.7864588596735,2.074193364756943
194.80891072018431,1948.089107201843,2.0635067340955713
194.83901947606773,1948.3901947606773,2.052865053720841
194.8689728116901,1948.689728116901,2.0422682418252416
194.8987713839085,1948.987713839085,2.0317162155365223
194.92841584834915,1949.2841584834914,2.021208890932649
194.95790685939218,1949.5790685939219,2.010746183056761
194.98724507015677,1949.8724507015677,2.0003280059320536
195.01643113248636,1950.1643113248635,1.9899542725765391
195.04546569693412,1950.4546569693412,1.9796248950177775
195.07434941274863,1950.7434941274864,1.9693397843075173
195.1030829278598,1951.0308292785978,1.9590988505362743
195.13166688886497,1951.3166688886497,1.9489020028478388
195.16010194101526,1951.6010194101525,1.9387491494536535
195.18838872820209,1951.8838872820209,1.9286401976472183
195.21652789294393,1952.1652789294394,1.9185750538182953
195.24452007637325,1952.4452007637324,1.908553623467129
195.27236591822364,1952.7236591822364,1.8985758112185538
195.3000660568173,1953.0006605681729,1.888641520836031
195.32762112905243,1953.2762112905243,1.8787506552355593
195.3550317703912,1953.550317703912,1.868903116499582
195.38229861484757,1953.8229861484756,1.85909880589075
195.4094222949755,1954.094222949755,1.8493376238656465
195.43640344185746,1954.3640344185746,1.8396194700883877
195.46324268509278,1954.632426850928,1.8299442434441522
195.4899406527866,1954.899406527866,1.820311842052667
195.5164979715388,1955.164979715388,1.8107221632815493
195.5429152664331,1955.429152664331,1.8011751037595891
195.5691931610265,1955.691931610265,1.791670559389961
195.59533227733877,1955.9533227733878,1.7822084253633355
195.62133323584223,1956.2133323584223,1.7727885961708933
195.64719665545164,1956.4719665545163,1.7634109656172603
195.67292315351438,1956.7292315351438,1.7540754268333822
195.69851334580068,1956.9851334580067,1.7447818722892654
195.7239678464942,1957.2396784649418,1.7355301938066594
195.74928726818257,1957.4928726818257,1.7263202825716482
195.77447222184847,1957.7447222184846,1.7171520291471518
195.79952331686044,1957.9952331686045,1.7080253234853116
195.82444116096423,1958.2444116096422,1.6989400549398423
195.84922636027417,1958.4922636027418,1.6898961122782543
195.8738795192648,1958.738795192648,1.6808933836939763
195.89840124076252,1958.9840124076252,1.6719317568184229
195.92279212593763,1959.2279212593762,1.663011118732947
195.9470527742964,1959.470527742964,1.6541313559807298
195.9711837836733,1959.711837836733,1.6452923545785234
195.99518575022353,1959.9518575022353,1.6364940000283736
196.01905926841556,1960.1905926841555,1.6277361773292016
196.04280493102402,1960.42804931024,1.61901877098832
196.06642332912256,1960.6642332912256,1.610341665032835
196.08991505207703,1960.8991505207703,1.6017047430209788
196.11328068753875,1961.1328068753874,1.5931078880533383
196.13652082143795,1961.3652082143794,1.5845509827840063
196.1596360379774,1961.596360379774,1.5760339094316178
196.18262691962622,1961.8262691962623,1.567556549790324
196.20549404711372,1962.0549404711371,1.5591187852406323
196.22823799942356,1962.2823799942355,1.5507204967602055
196.25085935378797,1962.5085935378797,1.5423615649345495
196.27335868568224,1962.7335868568225,1.5340418699675835
196.2957365688191,1962.9573656881912,1.525761291692139
196.31799357514362,1963.1799357514362,1.5175197095803972
196.3401302748279,1963.4013027482792,1.5093170027541847
196.36214723626628,1963.6214723626629,1.5011530499951933
196.38404502607028,1963.8404502607027,1.4930277297551333
196.40582420906406,1964.0582420906408,1.4849409201657613
196.42748534827987,1964.2748534827988,1.4768924990488452
196.44902900495353,1964.4902900495354,1.4688823439259986
196.4704557385203,1964.7045573852029,1.4609103320284929
196.49176610661067,1964.9176610661066,1.452976340306905
196.51296066504648,1965.1296066504647,1.445080245440706
196.53403996783697,1965.3403996783697,1.4372219238477806
196.5550045671752,1965.5500456717518,1.4294012516938173
196.57585501343436,1965.7585501343437,1.42161810490163
196.59659185516446,1965.9659185516446,1.413872359160382
196.61721563908895,1966.1721563908895,1.4061638899347448
196.63772691010166,1966.3772691010167,1.3984925724739226
196.65812621126364,1966.5812621126363,1.3908582818206066
196.67841408380036,1966.7841408380036,1.3832608928198793
196.6985910670989,1966.9859106709891,1.3757002801279627
196.71865769870536,1967.1865769870535,1.3681763182209385
196.73861451432222,1967.3861451432222,1.3606888814033136
196.75846204780612,1967.5846204780612,1.3532378438165908
196.77820083116546,1967.7820083116546,1.3458230794476433
196.7978313945583,1967.978313945583,1.3384444621370912
196.81735426629032,1968.1735426629032,1.331101865587546
196.83676997281296,1968.3676997281295,1.323795163371785
196.85607903872156,1968.5607903872155,1.316524228940808
196.8752819867538,1968.7528198675382,1.3092889356318684
196.89437933778802,1968.9437933778802,1.3020891566763355
196.9133716108419,1969.1337161084189,1.2949247652075693
196.932259323071,1969.32259323071,1.2877956342686145
196.95104298976776,1969.5104298976776,1.2807016368198783
196.96972312436014,1969.6972312436014,1.2736426457466825
196.9883002384108,1969.883002384108,1.2666185338667608
197.0067748416162,1970.067748416162,1.259629173937669
197.02514744180576,1970.2514744180576,1.2526744386640596
197.04341854494123,1970.4341854494123,1.2457542007049538
197.06158865511617,1970.6158865511616,1.23886833268089
197.07965827455538,1970.796582745554,1.2320167071809616
197.09762790361464,1970.9762790361465,1.225199196769835
197.1154980407804,1971.154980407804,1.2184156739946532
197.1332691826697,1971.3326918266969,1.2116660113918245
197.15094182402993,1971.5094182402993,1.2049500814937995
197.16851645773912,1971.685164577391,1.1982677568357376
197.18599357480585,1971.8599357480584,1.1916189099620498
197.20337366436965,1972.0337366436966,1.1850034134329528
197.2206572137012,1972.206572137012,1.178421139830843
197.23784470820286,1972.3784470820285,1.171871961766688
197.25493663140904,1972.5493663140903,1.1653557518862447
197.27193346498697,1972.7193346498698,1.15887238287631
197.28883568873727,1972.8883568873725,1.1524217274707569
197.30564378059475,1973.0564378059476,1.1460036584566362
197.32235821662934,1973.2235821662935,1.1396180486801013
197.33897947104694,1973.3897947104695,1.133264771052283
197.35550801619053,1973.5550801619052,1.1269436985551335
197.3719443225413,1973.7194432254132,1.120654704247129
197.38828885871985,1973.8828885871985,1.1143976612689075
197.40454209148737,1974.0454209148738,1.1081724428488977
197.4207044857472,1974.2070448574718,1.1019789223088088
197.43677650454612,1974.367765045461,1.0958169730690477
197.45275860907591,1974.527586090759,1.0896864686540981
197.46865125867507,1974.6865125867507,1.0835872826978319
197.4844549108303,1974.844549108303,1.0775192889486727
197.5001700211784,1975.001700211784,1.0714823612748008
197.5157970435081,1975.1579704350809,1.0654763736691963
197.53133642976186,1975.3133642976186,1.059501200254659
197.54678863003798,1975.4678863003799,1.0535567152887202
197.56215409259255,1975.6215409259255,1.0476427931685537
197.57743326384158,1975.774332638416,1.0417593084357213
197.59262658836323,1975.9262658836324,1.0359061357809454
197.60773450890005,1976.0773450890006,1.0300831500487542
197.62275746636126,1976.2275746636126,1.0242902262420523
197.63769589982522,1976.3769589982521,1.0185272395266916
197.6525502465418,1976.525502465418,1.0127940652358918
197.66732094193497,1976.6732094193499,1.0070905788746485
197.68200841960535,1976.8200841960536,1.0014166561240776
197.69661311133282,1976.9661311133282,0.9957721728456416
197.7111354470793,1977.111354470793,0.9901570050853926
197.7255758549915,1977.2557585499148,0.9845710290780733
197.73993476140365,1977.3993476140365,0.9790141212511873
197.75421259084055,1977.5421259084055,0.9734861582290427
197.7684097660204,1977.6840976602039,0.9679870168366494
197.7825267078578,1977.8252670785782,0.9625165741036447
197.7965638354669,1977.9656383546692,0.957074707268082
197.8105215661644,1978.105215661644,0.9516612937802115
197.82440031547276,1978.2440031547276,0.9462762113061728
197.83820049712347,1978.3820049712347,0.9409193377316295
197.85192252306024,1978.5192252306024,0.9355905511653574
197.8655668034424,1978.6556680344238,0.9302897299427616
197.8791337466482,1978.791337466482,0.925016752629337
197.89262375927825,1978.9262375927824,0.9197714980240735
197.9060372461591,1979.0603724615908,0.9145538451628222
197.91937461034658,1979.1937461034659,0.9093636733215354
197.93263625312957,1979.3263625312957,0.9042008620195442
197.94582257403343,1979.4582257403342,0.8990652910227094
197.95893397082375,1979.5893397082375,0.893956840346566
197.97197083951008,1979.7197083951007,0.8888753902593695
197.9849335743496,1979.849335743496,0.8838208212851103
197.99782256785107,1979.9782256785106,0.8787930142064752
198.01063821077847,1980.1063821077846,0.8737918500677281
198.023380892155,1980.23380892155,0.8688172101775918
198.03605099926693,1980.3605099926694,0.8638689761120261
198.0486489176677,1980.486489176677,0.8589470297169753
198.0611750311817,1980.611750311817,0.854051253111055
198.0736297219085,1980.736297219085,0.8491815286882015
198.08601337022685,1980.8601337022685,0.8443377391202694
198.0983263547988,1980.983263547988,0.8395197673595326
198.11056905257377,1981.1056905257376,0.8347274966412189
198.12274183879293,1981.2274183879294,0.8299608104859352
198.1348450869932,1981.348450869932,0.8252195927020348
198.1468791690117,1981.468791690117,0.8205037273880179
198.15884445498983,1981.5884445498982,0.8158130989347497
198.17074131337782,1981.7074131337781,0.811147592027779
198.1825701109389,1981.8257011093892,0.8065070916494835
198.1943312127538,1981.943312127538,0.8018914830812519
198.2060249822251,1982.060249822251,0.7973006519055917
198.2176517810817,1982.1765178108171,0.7927344840081726
198.2292119693833,1982.292119693833,0.7881928655798563
198.2407059055249,1982.407059055249,0.7836756831186779
198.25213394624132,1982.5213394624132,0.7791828234317403
198.2634964466118,1982.6349644661182,0.7747141736371211
198.27479376006457,1982.7479376006456,0.7702696211657108
198.2860262383814,1982.860262383814,0.7658490537630104
198.29719423170235,1982.9719423170236,0.7614523594908739
198.30829808853036,1983.0829808853036,0.7570794267292246
198.31933815573598,1983.1933815573598,0.7527301441777318
198.33031477856204,1983.3031477856205,0.7484044008574325
198.34122830062842,1983.4122830062843,0.7441020861123199
198.3520790639368,1983.520790639368,0.7398230896109005
198.36286740887547,1983.6286740887547,0.7355673013476834
198.37359367422408,1983.735936742241,0.7313346116446545
198.3842581971585,1983.8425819715849,0.7271249111527239
198.3948613132556,1983.9486131325561,0.7229380908530924
198.40540335649825,1984.0540335649825,0.7187740420586205
198.4158846592801,1984.158846592801,0.7146326564151347
198.42630555241047,1984.2630555241046,0.7105138259026901
198.43666636511932,1984.3666636511932,0.7064174428368367
198.44696742506218,1984.469674250622,0.7023433998698191
198.4572090583251,1984.572090583251,0.6982915899917251
198.46739158942964,1984.6739158942964,0.694261906531625
198.47751534133778,1984.7751534133777,0.6902542431586688
198.48758063545702,1984.8758063545702,0.6862684938831612
198.49758779164534,1984.9758779164536,0.6823045530575619
198.50753712821628,1985.075371282163,0.6783623153775064
198.51742896194395,1985.1742896194396,0.6744416758827337
198.5272636080681,1985.272636080681,0.6705425299580351
198.53704138029914,1985.3704138029914,0.6666647733341292
198.5467625908234,1985.467625908234,0.6628083020885579
198.55642755030797,1985.5642755030797,0.6589730126464516
198.56603656790605,1985.6603656790605,0.6551588017813891
198.57558995126195,1985.7558995126194,0.6513655666161188
198.5850880065162,1985.850880065162,0.6475932046233047
198.59453103831078,1985.9453103831079,0.6438416136262389
198.60391934979418,1986.0391934979418,0.6401106917995075
198.61325324262668,1986.1325324262668,0.6364003376696267
198.6225330169854,1986.2253301698538,0.6327104501156501
198.6317589715695,1986.317589715695,0.6290409283697801
198.6409314036055,1986.4093140360549,0.6253916720178935
198.65005060885224,1986.5005060885223,0.6217625810000725
198.6591168816063,1986.5911688160631,0.618153555611131
198.66813051470714,1986.6813051470715,0.6145644965010489
198.67709179954224,1986.7709179954225,0.6109953046754192
198.68600102605237,1986.8600102605237,0.6074458814958891
198.6948584827369,1986.948584827369,0.6039161286805427
198.70366445665888,1987.0366445665888,0.6004059483042311
198.71241923345045,1987.1241923345044,0.5969152427989509
198.7211230973179,1987.211230973179,0.5934439149541318
198.72977633104708,1987.2977633104708,0.5899918679169299
198.73837921600852,1987.3837921600852,0.5865590051924833
198.74693203216282,1987.4693203216282,0.583145230644159
198.75543505806573,1987.5543505806572,0.5797504484937487
198.7638885708736,1987.638885708736,0.5763745633216742
198.7722928463485,1987.722928463485,0.5730174800671285
198.78064815886356,1987.8064815886355,0.5696791040282473
198.7889547814082,1987.8895478140819,0.5663593408621984
198.79721298559338,1987.9721298559339,0.5630580965852864
198.80542304165695,1988.0542304165695,0.5597752775730412
198.81358521846886,1988.1358521846887,0.5565107905602328
198.82169978353642,1988.216997835364,0.5532645426409292
198.82976700300958,1988.2976700300958,0.5500364412684898
198.83778714168622,1988.3778714168623,0.5468263942555601
198.84576046301737,1988.4576046301736,0.5436343097740269
198.85368722911258,1988.5368722911257,0.5404600963549849
198.86156770074507,1988.6156770074508,0.5373036628886051
198.86940213735704,1988.6940213735704,0.5341649186241045
198.877190797065,1988.7719079706499,0.5310437731695973
198.88493393666488,1988.8493393666488,0.527940136491945
198.89263181163744,1988.9263181163744,0.5248539189166471
198.9002846761535,1989.0028467615348,0.5217850311276254
198.90789278307906,1989.0789278307907,0.5187333841670344
198.91545638398074,1989.1545638398075,0.5156988894350852
198.9229757291309,1989.2297572913092,0.5126814586897882
198.93045106751296,1989.3045106751297,0.5096810040467076
198.93788264682655,1989.3788264682655,0.5066974379787076
198.94527071349287,1989.4527071349287,0.5037306733156682
198.9526155126598,1989.526155126598,0.5007806232441726
198.9599172882072,1989.599172882072,0.4978472013072227
198.96717628275215,1989.6717628275214,0.4949303214038806
198.97439273765406,1989.7439273765406,0.49202989778892203
198.98156689302,1989.8156689302,0.4891458450725007
198.98869898770982,1989.8869898770981,0.4862780782197397
198.99578925934145,1989.9578925934145,0.4834265125503424
199.00283794429598,1990.0283794429597,0.48059106373820015
199.00984527772292,1990.098452777229,0.4777716478109443
199.0168114935454,1990.168114935454,0.47496818114951467
199.02373682446523,1990.2373682446523,0.47218058048770495
199.03062150196823,1990.3062150196822,0.4694087629117095
199.03746575632925,1990.3746575632927,0.4666526458596173
199.04426981661743,1990.4426981661743,0.4639121471209303
199.05103391070128,1990.510339107013,0.46118718483605037
199.0577582652538,1990.577582652538,0.4584776774957461
199.0644431057577,1990.644431057577,0.45578354394065024
199.07108865651048,1990.7108865651048,0.45310470336066466
199.07769514062952,1990.7769514062952,0.4504410752944238
199.08426278005714,1990.8426278005713,0.44779257962872265
199.09079179556588,1990.9079179556588,0.4451591365979414
199.09728240676338,1990.9728240676338,0.4425406667834003
199.10373483209762,1991.0373483209762,0.4399370911128023
199.11014928886183,1991.1014928886184,0.43734833085957725
199.11652599319973,1991.1652599319973,0.43477430764227976
199.12286516011045,1991.2286516011045,0.43221494342391076
199.12916700345363,1991.2916700345363,0.42967016051128504
199.13543173595443,1991.3543173595442,0.4271398815543562
199.14165956920857,1991.4165956920856,0.4246240295455507
199.14785071368735,1991.4785071368735,0.4221225278190658
199.1540053787426,1991.540053787426,0.41963530005018435
199.16012377261174,1991.6012377261175,0.41716227025456576
199.16620610242273,1991.6620610242273,0.41470336278752484
199.17225257419906,1991.7225257419907,0.4122585023433053
199.17826339286464,1991.7826339286464,0.40982761395434786
199.18423876224884,1991.8423876224883,0.40741062299056197
199.1901788850914,1991.901788850914,0.4050074551585282
199.19608396304736,1991.9608396304736,0.4026180365007753
199.2019541966919,1992.019541966919,0.4002422933949844
199.20778978552536,1992.0778978552537,0.3978801525532446
199.21359092797806,1992.1359092797807,0.39553154102122
199.2193578214152,1992.193578214152,0.39319638617738406
199.22509066214175,1992.2509066214175,0.3908746157322024
199.2307896454073,1992.307896454073,0.3885661577273175
199.23645496541084,1992.3645496541085,0.3862709405347299
199.2420868153057,1992.420868153057,0.38398889285599325
199.24768538720429,1992.4768538720427,0.3817199437213513
199.25325087218292,1992.5325087218291,0.37946402248890465
199.25878346028665,1992.5878346028665,0.37722105884377577
199.26428334053404,1992.6428334053403,0.37499098279723164
199.2697507009219,1992.697507009219,0.3727737246858275
199.27518572843005,1992.7518572843005,0.370569215170547
199.2805886090261,1992.805886090261,0.368377385235923
199.28595952767014,1992.8595952767014,0.3661981661891619
199.29129866831954,1992.9129866831954,0.36403148965924637
199.29660621393353,1992.9660621393352,0.3618772875960349
199.301882346478,1993.01882346478,0.3597354922693895
199.30712724693015,1993.0712724693014,0.3576060362682344
199.3123410952831,1993.123410952831,0.355488852499689
199.31752407055066,1993.1752407055067,0.3533838741881158
199.32267635077184,1993.2267635077185,0.35129103487420565
199.3277981130156,1993.2779811301561,0.3492102684140771
199.33288953338533,1993.3288953338533,0.34714150897830287
199.33795078702357,1993.3795078702358,0.3450846910510289
199.3429820481165,1993.429820481165,0.3430397494289742
199.34798348989864,1993.4798348989864,0.3410066192205409
199.3529552846572,1993.5295528465722,0.33898523584481055
199.35789760373686,1993.5789760373686,0.3369755350306384
199.36281061754408,1993.6281061754407,0.33497745281567604
199.36769449555177,1993.6769449555177,0.33299092554540544
199.37254940630376,1993.7254940630376,0.331015889872183
199.37737551741924,1993.7737551741925,0.32905228275424847
199.38217299559724,1993.8217299559724,0.3271000414547781
199.38694200662115,1993.8694200662117,0.32515910354089705
199.3916827153631,1993.916827153631,0.32322940688269164
199.39639528578834,1993.9639528578834,0.3213108896522413
199.40107988095986,1994.0107988095986,0.31940349032262383
199.40573666304255,1994.0573666304253,0.3175071476669117
199.4103657933077,1994.103657933077,0.3156218007571986
199.41496743213742,1994.1496743213743,0.31374738896360477
199.41954173902886,1994.1954173902886,0.31188385195325374
199.42408887259867,1994.2408887259867,0.31003112968929714
199.4286089905873,1994.2860899058728,0.30818916242990213
199.43310224986323,1994.3310224986321,0.3063578907272301
199.43756880642738,1994.3756880642738,0.30453725542646126
199.44200881541738,1994.4200881541738,0.3027271976647522
199.44642243111173,1994.4642243111173,0.30092765887021955
199.4508098069342,1994.508098069342,0.2991385807609649
199.4551710954579,1994.551710954579,0.29735990534400714
199.45950644840968,1994.5950644840968,0.29559157491430554
199.46381601667426,1994.6381601667426,0.29383353205371165
199.46809995029835,1994.6809995029835,0.2920857196299408
199.47235839849495,1994.7235839849495,0.29034808079558616
199.47659150964745,1994.7659150964746,0.2886205589870513
199.48079943131376,1994.8079943131374,0.2869030979235322
199.4849823102305,1994.849823102305,0.28519564160602606
199.48914029231707,1994.8914029231707,0.28349813431623894
199.4932735226798,1994.932735226798,0.28181052061559264
199.49738214561594,1994.9738214561594,0.2801327453441963
199.50146630461785,1995.0146630461786,0.27846475361980005
199.505526142377,1995.05526142377,0.27680649083676656
199.50956180078802,1995.0956180078801,0.2751579026650194
199.5135734209527,1995.135734209527,0.2735189350490198
199.51756114318405,1995.1756114318405,0.271889534206749
199.52152510701026,1995.2152510701026,0.2702696466286315
199.5254654511787,1995.2546545117868,0.26865921907653345
199.52938231365985,1995.2938231365986,0.26705819858270374
199.5332758316513,1995.332758316513,0.2654665324487314
199.5371461415817,1995.371461415817,0.2638841682445402
199.54099337911458,1995.4099337911457,0.26231105380729425
199.54481767915235,1995.4481767915236,0.2607471372404052
199.54861917584014,1995.4861917584014,0.2591923669124788
199.55239800256973,1995.5239800256973,0.25764669145626506
199.55615429198332,1995.5615429198333,0.25611005976763324
199.55988817597748,1995.5988817597747,0.25458242100452744
199.56359978570686,1995.6359978570686,0.2530637245859061
199.5672892515881,1995.6728925158811,0.2515539201907543
199.57095670330364,1995.7095670330364,0.2500529577569842
199.57460226980538,1995.7460226980538,0.24856078748043864
199.57822607931857,1995.7822607931857,0.24707735981382684
199.58182825934549,1995.8182825934548,0.24560262546571565
199.58540893666924,1995.8540893666923,0.24413653539946722
199.58896823735742,1995.8896823735743,0.24267904083220515
199.59250628676585,1995.9250628676587,0.24123009323379307
199.5960232095423,1995.960232095423,0.2397896443257902
199.59951912963007,1995.9951912963006,0.238357646080405
199.60299417027176,1996.0299417027177,0.23693405071948626
199.60644845401285,1996.0644845401284,0.2355188107134697
199.60988210270537,1996.0988210270536,0.234111878780353
199.61329523751147,1996.1329523751147,0.23271320788465844
199.61668797890704,1996.1668797890704,0.2313227512364221
199.6200604466853,1996.200604466853,0.2299404622901441
199.62341275996042,1996.234127599604,0.22856629474377776
199.62674503717096,1996.2674503717096,0.2272002025376728
199.63005739608354,1996.3005739608354,0.2258421398535858
199.63334995379628,1996.3334995379628,0.22449206111362863
199.6366228267423,1996.366228267423,0.22314992097925768
199.6398761306933,1996.398761306933,0.22181567435026672
199.64310998076294,1996.4310998076294,0.22048927636372462
199.6463244914104,1996.463244914104,0.2191706823930054
199.64951977644375,1996.4951977644375,0.21785984804672787
199.65269594902344,1996.5269594902343,0.2165567291677838
199.6558531216657,1996.558531216657,0.21526128183227222
199.65899140624592,1996.5899140624592,0.21397346234852244
199.6621109140021,1996.6211091400212,0.21269322725608497
199.66521175553822,1996.6521175553821,0.21142053332468713
199.6682940408275,1996.682940408275,0.21015533755326132
199.6713578792159,1996.7135787921588,0.20889759716893253
199.6744033794253,1996.744033794253,0.207647269625988
199.677430649557,1996.77430649557,0.20640431260489678
199.6804397970948,1996.804397970948,0.20516868401131483
199.68343092890845,1996.8343092890846,0.2039403419750797
199.68640415125688,1996.8640415125687,0.202719244849198
199.68935956979146,1996.8935956979146,0.20150535120886837
199.69229728955924,1996.9229728955925,0.2002986198504778
199.69521741500614,1996.9521741500614,0.19909900979061768
199.69812004998025,1996.9812004998025,0.1979064802650995
199.70100529773495,1997.0100529773495,0.19672099072795668
199.70387326093217,1997.0387326093216,0.19554250085045688
199.7067240416455,1997.0672404164548,0.19437097052012853
199.70955774136334,1997.0955774136335,0.1932063598397874
199.71237446099215,1997.1237446099215,0.1920486291265312
199.71517430085945,1997.1517430085944,0.19089773891079098
199.71795736071695,1997.1795736071695,0.1897536499353435
199.72072373974376,1997.2072373974377,0.1886163231543555
199.72347353654936,1997.2347353654936,0.1874857197323837
199.72620684917672,1997.2620684917672,0.18636180104343503
199.72892377510536,1997.2892377510536,0.18524452866999852
199.7316244112544,1997.316244112544,0.18413386440206303
199.7343088539855,1997.3430885398552,0.1830297702361704
199.73697719910606,1997.3697719910606,0.18193220837447932
199.73962954187206,1997.3962954187207,0.18084114122377415
199.74226597699106,1997.4226597699108,0.1797565313945163
199.74488659862527,1997.4488659862527,0.17867834169994012
199.74749150039443,1997.4749150039443,0.17760653515503677
199.7500807753788,1997.500807753788,0.17654107497565896
199.752654516122,1997.52654516122,0.17548192457755818
199.75521281463406,1997.5521281463407,0.17442904757545918
199.75775576239428,1997.5775576239428,0.1733824077821008
199.76028345035405,1997.6028345035406,0.17234196920731215
199.76279596893983,1997.6279596893983,0.1713076960570873
199.7652934080559,1997.652934080559,0.17027955273263828
199.76777585708732,1997.6777585708733,0.1692575038295
199.77024340490271,1997.702434049027,0.1682415141365673
199.7726961398571,1997.726961398571,0.1672315486351944
199.77513414979464,1997.7513414979464,0.1662275724982819
199.7775575220516,1997.7755752205162,0.16522955108934945
199.77996634345897,1997.7996634345895,0.16423744996160494
199.78236070034524,1997.8236070034523,0.16325123485707949
199.7847406785393,1997.8474067853929,0.16227087170568588
199.787106363373,1997.87106363373,0.16129632662430915
199.78945783968402,1997.8945783968402,0.16032756591593433
199.79179519181852,1997.9179519181853,0.15936455606871924
199.79411850363383,1997.9411850363383,0.1584072637551045
199.7964278585012,1997.964278585012,0.15745565583094312
199.79872333930842,1997.9872333930844,0.15650969933455372
199.80100502846253,1998.0100502846253,0.1555693614859016
199.80327300789241,1998.032730078924,0.15463460968565912
199.80552735905147,1998.0552735905146,0.1537054115143458
199.80776816292024,1998.0776816292023,0.1527817347314634
199.80999550000905,1998.0999550000906,0.15186354727458984
199.81220945036054,1998.1220945036055,0.15095081725851245
199.81441009355228,1998.1441009355228,0.1500435129743699
199.81659750869937,1998.1659750869937,0.14914160288878542
199.81877177445696,1998.1877177445697,0.1482450556429803
199.82093296902286,1998.2093296902285,0.14735384005194085
199.82308117013997,1998.2308117013997,0.14646792510351958
199.82521645509894,1998.2521645509894,0.14558727995763576
199.82733890074053,1998.2733890074053,0.1447118739453589
199.82944858345826,1998.2944858345827,0.1438416765681182
199.83154557920076,1998.3154557920077,0.142976657496802
199.83362996347435,1998.3362996347435,0.1421167865709584
199.83570181134544,1998.3570181134544,0.1412620337979248
199.83776119744303,1998.3776119744302,0.14041236935199664
199.83980819596104,1998.3980819596104,0.13956776357358713
199.84184288066086,1998.4184288066085,0.13872818696842437
199.8438653248737,1998.438653248737,0.13789361020668622
199.84587560150294,1998.4587560150294,0.1370640041221921
199.8478737830267,1998.478737830267,0.13623933971158408
199.84985994149997,1998.4985994149997,0.13541958813347066
199.85183414855717,1998.5183414855717,0.13460472070767182
199.8537964754144,1998.537964754144,0.13379470891434864
199.85574699287184,1998.5574699287185,0.1329895243932181
199.85768577131597,1998.5768577131598,0.1321891389427431
199.85961288072204,1998.5961288072203,0.13139352451934017
199.86152839065628,1998.6152839065628,0.13060265323653575
199.86343237027816,1998.6343237027816,0.1298164973642112
199.8653248883428,1998.653248883428,0.1290350293277963
199.86720601320312,1998.6720601320312,0.12825822170745582
199.86907581281213,1998.6907581281212,0.1274860472373166
199.87093435472522,1998.7093435472523,0.12671847880469145
199.87278170610233,1998.7278170610234,0.12595548944926727
199.87461793371023,1998.7461793371021,0.12519705236235723
199.87644310392466,1998.7644310392466,0.12444314088608543
199.87825728273265,1998.7825728273265,0.12369372851266036
199.88006053573457,1998.8006053573458,0.1229487888835471
199.88185292814643,1998.8185292814642,0.12220829578875148
199.88363452480195,1998.8363452480194,0.12147222316601891
199.88540539015477,1998.8540539015478,0.12074054510009014
199.8871655882806,1998.871655882806,0.12001323582193912
199.88891518287932,1998.8891518287933,0.1192902697080146
199.89065423727715,1998.9065423727716,0.11857162127947796
199.8923828144287,1998.9238281442867,0.11785726520146078
199.89410097691908,1998.9410097691907,0.11714717628234006
199.89580878696606,1998.9580878696606,0.11644132947295482
199.8975063064221,1998.9750630642209,0.11573969986590094
199.89919359677634,1998.9919359677633,0.11504226269475837
199.90087071915687,1999.0087071915686,0.11434899333339132
199.90253773433253,1999.0253773433253,0.11365986729518263
199.9041947027151,1999.041947027151,0.11297486023234093
199.9058416843613,1999.058416843613,0.1122939479351387
199.90747873897473,1999.0747873897474,0.11161710633122468
199.909105925908,1999.0910592590799,0.11094431148487616
199.91072330416458,1999.1072330416457,0.11027553959630076
199.91233093240095,1999.1233093240094,0.10961076700092243
199.91392886892842,1999.1392886892843,0.10894997016863528
199.91551717171518,1999.155171717152,0.1082931257031553
199.9170958983882,1999.170958983882,0.10764021034126892
199.9186651062352,1999.1866510623522,0.10699120095215975
199.92022485220662,1999.2022485220662,0.10634607453669098
199.92177519291744,1999.2177519291745,0.10570480822672856
199.9233161846492,1999.2331618464918,0.10506737928442356
199.92484788335182,1999.2484788335182,0.10443376510154423
199.92637034464553,1999.2637034464553,0.10380394319878683
199.92788362382277,1999.2788362382275,0.10317789122508636
199.92938777585,1999.2938777585,0.10255558695693445
199.9308828553696,1999.308828553696,0.10193700829770613
199.93236891670173,1999.3236891670174,0.10132213327699013
199.93384601384616,1999.3384601384616,0.10071094004990144
199.9353142004841,1999.353142004841,0.10010340689643826
199.93677352998,1999.3677352998,0.09949951222078568
199.9382240553834,1999.382240553834,0.09889923455067973
199.93966582943068,1999.3966582943067,0.0983025525367377
199.94109890454695,1999.4109890454695,0.09770944495179201
199.94252333284774,1999.4252333284774,0.09711989069025251
199.94393916614078,1999.4393916614079,0.09653386876743852
199.94534645592785,1999.4534645592785,0.09595135831895718
199.9467452534064,1999.4674525340638,0.09537233860001415
199.9481356094714,1999.4813560947139,0.09479678898483102
199.94951757471705,1999.4951757471704,0.09422468896595426
199.9508911994385,1999.508911994385,0.09365601815364422
199.95225653363357,1999.5225653363357,0.09309075627523378
199.95361362700442,1999.5361362700442,0.09252888317450136
199.95496252895933,1999.5496252895932,0.09197037881105097
199.95630328861432,1999.5630328861432,0.091415223259662
199.95763595479485,1999.5763595479484,0.09086339670969246
199.9589605760375,1999.589605760375,0.09031487946445715
199.9602772005916,1999.602772005916,0.08976965194060071
199.961585876421,1999.6158587642099,0.08922769466749891
199.9628866512055,1999.628866512055,0.08868898828660854
199.96417957234272,1999.641795723427,0.08815351355092382
199.9654646869495,1999.654646869495,0.0876212513243263
199.96674204186377,1999.6674204186377,0.0870921825809986
199.96801168364593,1999.6801168364593,0.08656628840480451
199.96927365858053,1999.6927365858053,0.08604354998871877
199.97052801267796,1999.7052801267796,0.08552394863424262
199.9717747916759,1999.717747916759,0.08500746575076257
199.9730140410409,1999.730140410409,0.08449408285500326
199.97424580597007,1999.7424580597008,0.0839837815704555
199.97547013139248,1999.754701313925,0.08347654362673496
199.97668706197084,1999.7668706197082,0.0829723508590724
199.97789664210293,1999.7789664210293,0.08247118520768304
199.97909891592323,1999.7909891592324,0.0819730287172159
199.98029392730436,1999.8029392730436,0.08147786353618536
199.98148171985866,1999.8148171985868,0.08098567191639561
199.98266233693965,1999.8266233693967,0.08049643621236335
199.98383582164357,1999.8383582164356,0.0800101388807849
199.98500221681084,1999.8500221681084,0.07952676247993928
199.98616156502754,1999.8616156502753,0.07904628966914473
199.9873139086269,1999.873139086269,0.07856870320822751
199.98845928969072,1999.8845928969072,0.07809398595693573
199.98959775005096,1999.8959775005096,0.07762212087441533
199.990729331291,1999.90729331291,0.07715309101862033
199.99185407474724,1999.9185407474724,0.07668687954583497
199.99297202151044,1999.9297202151045,0.07622346971005556
199.99408321242717,1999.9408321242718,0.07576284486252505
199.99518768810128,1999.9518768810128,0.07530498845115219
199.99628548889524,1999.9628548889523,0.07484988401996973
199.99737665493154,1999.9737665493153,0.0743975152086388
199.99846122609418,1999.9846122609417,0.07394786575189827
199.9995392420299,1999.995392420299,0.07350091947902826
200.00061074214972,2000.0061074214973,0.07305666031337055
200.0016757656302,2000.0167576563022,0.07261507227174768
200.0027343514149,2000.027343514149,0.07217613946398516
200.00378653821556,2000.0378653821556,0.0717398460923927
200.00483236451373,2000.0483236451373,0.07130617645123138
200.00587186856183,2000.0587186856183,0.0708751149262109
200.00690508838463,2000.0690508838463,0.07044664599399753
200.00793206178056,2000.0793206178057,0.0700207542216954
200.00895282632305,2000.0895282632305,0.06959742426633497
200.00996741936177,2000.0996741936178,0.06917664087437736
200.01097587802397,2000.1097587802396,0.0687583888812312
200.0119782392158,2000.119782392158,0.06834265321074462
200.01297453962363,2000.1297453962363,0.06792941887470605
200.01396481571518,2000.139648157152,0.06751867097235398
200.01494910374097,2000.1494910374097,0.06711039468991331
200.01592743973552,2000.1592743973551,0.06670457530008556
200.0168998595186,2000.168998595186,0.06630119816156388
200.01786639869647,2000.1786639869647,0.0659002487185606
200.0188270926632,2000.188270926632,0.06550171250032932
200.01978197660182,2000.1978197660183,0.06510557512068538
200.0207310854856,2000.2073108548561,0.06471182227754568
200.02167445407932,2000.2167445407931,0.0643204397524314
200.02261211694037,2000.2261211694035,0.06393141341001851
200.02354410842008,2000.2354410842008,0.06354472919766352
200.02447046266488,2000.2447046266489,0.06316037314494516
200.0253912136175,2000.253912136175,0.06277833136319722
200.0263063950181,2000.263063950181,0.062398590045046665
200.02721604040562,2000.2721604040562,0.062021135463976695
200.02812018311877,2000.2812018311877,0.06164595397384354
200.02901885629734,2000.2901885629735,0.061273032008439476
200.02991209288328,2000.2991209288327,0.06090235608103989
200.03079992562192,2000.3079992562193,0.060533912783962696
200.03168238706306,2000.3168238706305,0.060167688788104745
200.0325595095622,2000.3255950956218,0.059803670842531464
200.0334313252816,2000.3343132528162,0.05944184577399192
200.03429786619148,2000.342978661915,0.059082200486497816
200.03515916407108,2000.3515916407107,0.05872472196092382
200.0360152505098,2000.3601525050979,0.05836939725451018
200.03686615690833,2000.3686615690833,0.058016213500486136
200.03771191447981,2000.3771191447981,0.05766515790760984
200.03855255425083,2000.3855255425083,0.05731621775974027
200.03938810706256,2000.3938810706256,0.05696938041542865
200.0402186035719,2000.402186035719,0.056624633307481465
200.04104407425245,2000.4104407425245,0.05628196394254659
200.0418645493957,2000.4186454939572,0.05594135990070115
200.04268005911206,2000.4268005911206,0.055602808835018114
200.04349063333186,2000.4349063333186,0.05526629847116127
200.0442963018065,2000.442963018065,0.054931816606978434
200.04509709410945,2000.4509709410945,0.0545993511120858
200.04589303963735,2000.4589303963735,0.05426888992746648
200.04668416761098,2000.4668416761097,0.053940421065047706
200.04747050707635,2000.4747050707635,0.05361393260731895
200.0482520869057,2000.482520869057,0.053289412706907346
200.04902893579853,2000.4902893579854,0.05296684958620823
200.0498010822826,2000.498010822826,0.05264623153696768
200.05056855471503,2000.5056855471503,0.05232754691988639
200.05133138128312,2000.5133138128313,0.052010784164234214
200.05208959000558,2000.5208959000558,0.05169593176746645
200.05284320873332,2000.5284320873332,0.051382978294806425
200.0535922651506,2000.535922651506,0.051071912378904405
200.0543367867759,2000.5433678677591,0.05076272271940241
200.05507680096295,2000.5507680096296,0.05045539808258426
200.0558123349017,2000.558123349017,0.05014992730099721
200.05654341561925,2000.5654341561924,0.04984629927304518
200.05727006998086,2000.5727006998086,0.0495445029626459
200.05799232469087,2000.5799232469087,0.04924452739882945
200.05871020629365,2000.5871020629365,0.0489463616753848
200.05942374117458,2000.5942374117458,0.04864999495048672
200.060132955561,2000.60132955561,0.04835541644630681
200.060837875523,2000.60837875523,0.04806261544865997
200.06153852697454,2000.6153852697455,0.047771581306659816
200.0622349356743,2000.622349356743,0.04748230343232607
200.06292712722652,2000.6292712722652,0.04719477130023997
200.06361512708204,2000.6361512708204,0.04690897444718012
200.06429896053913,2000.6429896053914,0.04662490247175477
200.06497865274437,2000.6497865274437,0.04634254503407498
200.06565422869366,2000.6565422869367,0.04606189185539045
200.06632571323294,2000.6632571323294,0.045782932717702285
200.06699313105926,2000.6699313105926,0.04550565746348234
200.06765650672153,2000.6765650672153,0.04523005599526109
200.06831586462144,2000.6831586462145,0.044956118275318535
200.06897122901435,2000.6897122901435,0.04468383432533607
200.0696226240101,2000.696226240101,0.044413194226035846
200.07027007357394,2000.7027007357394,0.04414418811688414
200.07091360152737,2000.7091360152735,0.043876806195686346
200.07155323154893,2000.7155323154893,0.04361103871830807
200.07218898717514,2000.7218898717515,0.04334687599831988
200.07282089180126,2000.7282089180126,0.04308430840666333
200.07344896868216,2000.7344896868217,0.04282332637132413
200.07407324093316,2000.7407324093315,0.04256392037700174
200.07469373153086,2000.7469373153085,0.042306080964784276
200.0753104633139,2000.7531046331392,0.04204979873181458
200.07592345898394,2000.7592345898393,0.04179506433098468
200.07653274110623,2000.7653274110623,0.041541868470584054
200.07713833211065,2000.7713833211064,0.04129020191401189
200.07774025429234,2000.7774025429235,0.04104005547943246
200.07833852981264,2000.7833852981264,0.040791420039487325
200.07893318069975,2000.7893318069976,0.04054428652093656
200.07952422884964,2000.7952422884964,0.04029864590440291
200.08011169602673,2000.8011169602673,0.040054489224005896
200.08069560386477,2000.8069560386477,0.039811807567086466
200.08127597386755,2000.8127597386756,0.0395705920738908
200.08185282740965,2000.8185282740965,0.039330833937239906
200.0824261857373,2000.824261857373,0.0390925244022845
200.08299606996906,2000.8299606996907,0.03885565476613018
200.0835625010966,2000.835625010966,0.03862021637757451
200.08412549998548,2000.8412549998548,0.03838620063682463
200.08468508737585,2000.8468508737585,0.03815359899514903
200.08524128388325,2000.8524128388326,0.0379224029546289
200.08579410999934,2000.8579410999935,0.03769260406782948
200.08634358609257,2000.8634358609256,0.037464193937521206
200.086889732409,2000.8688973240899,0.03723716421640255
200.08743256907294,2000.8743256907294,0.037011506606778544
200.0879721160878,2000.879721160878,0.03678721286030495
200.08850839333667,2000.8850839333668,0.036564274777675654
200.08904142058316,2000.8904142058316,0.036342684208349074
200.08957121747198,2000.8957121747198,0.03612243305024976
200.09009780352977,2000.9009780352976,0.03590351324952146
200.0906211981657,2000.9062119816572,0.035685916800216266
200.09114142067227,2000.9114142067228,0.03546963574402995
200.0916584902259,2000.916584902259,0.035254662170007056
200.09217242588775,2000.9217242588775,0.03504098821428869
200.09268324660425,2000.9268324660425,0.03482860605981053
200.0931909712079,2000.9319097120788,0.03461750793605767
200.09369561841788,2000.9369561841788,0.03440768611879286
200.09419720684082,2000.9419720684082,0.034199132929750964
200.09469575497135,2000.9469575497135,0.033991840736411594
200.09519128119285,2000.9519128119287,0.03378580195170422
200.09568380377806,2000.9568380377805,0.033581009033771925
200.09617334088978,2000.9617334088978,0.03337745448568186
200.09665991058148,2000.9665991058148,0.033175130855172985
200.09714353079806,2000.9714353079808,0.03297403073440208
200.09762421937634,2000.9762421937635,0.032774146759645295
200.09810199404583,2000.9810199404583,0.032575471611113405
200.09857687242928,2000.9857687242927,0.03237799801262142
200.0990488720434,2000.9904887204339,0.03218171873138964
200.09951801029942,2000.9951801029943,0.03198662657774165
200.09998430450378,2000.9998430450378,0.031792714404896505
200.1004477718587,2001.0044777185872,0.031599975108686285
200.10090842946286,2001.0090842946286,0.03140840162731451
200.10136629431193,2001.0136629431192,0.03121798694112876
200.1018213832993,2001.0182138329928,0.03102872407234536
200.10227371321656,2001.0227371321657,0.03084060608480954
200.10272330075423,2001.0272330075422,0.03065362608377875
200.10317016250232,2001.0317016250233,0.030467777215647307
200.10361431495087,2001.0361431495087,0.030283052667708366
200.10405577449066,2001.0405577449067,0.03009944566794076
200.10449455741366,2001.0449455741366,0.029916949484735444
200.10493067991376,2001.0493067991376,0.029735557426700088
200.1053641580873,2001.0536415808729,0.029555262842374863
200.10579500793358,2001.0579500793358,0.02937605912003527
200.1062232453556,2001.0622324535561,0.0291979396874541
200.10664888616049,2001.0664888616047,0.029020898011636764
200.1070719460601,2001.0707194606011,0.02884492759864543
200.10749244067168,2001.0749244067167,0.028670021993330796
200.10791038551832,2001.0791038551833,0.028496174779108263
200.1083257960296,2001.083257960296,0.028323379577743002
200.10873868754203,2001.0873868754202,0.02815163004911725
200.1091490752998,2001.091490752998,0.027980919891017142
200.10955697445513,2001.0955697445513,0.027811242838887584
200.10996240006898,2001.0996240006898,0.02764259266563507
200.11036536711148,2001.103653671115,0.02747496318138609
200.11076589046252,2001.1076589046252,0.0273083482332811
200.11116398491228,2001.1116398491229,0.027142741705273754
200.11155966516182,2001.1155966516183,0.026978137517875145
200.1119529458235,2001.119529458235,0.026814529627958383
200.11234384142165,2001.1234384142165,0.026651912028564984
200.11273236639298,2001.1273236639297,0.026490278748649065
200.11311853508712,2001.1311853508712,0.026329623852897943
200.11350236176727,2001.1350236176727,0.02616994144152429
200.1138838606105,2001.138838606105,0.026011225650021008
200.11426304570847,2001.1426304570846,0.02585347064900312
200.1146399310678,2001.1463993106781,0.025696670643967967
200.11501453061067,2001.1501453061067,0.025540819875076726
200.11538685817524,2001.1538685817525,0.025385912617006956
200.11575692751626,2001.1575692751626,0.02523194317868438
200.11612475230547,2001.1612475230547,0.025078905903119453
200.11649034613214,2001.1649034613215,0.02492679516719598
200.11685372250358,2001.1685372250358,0.024775605381472166
200.1172148948456,2001.172148948456,0.024625330989979877
200.11757387650303,2001.1757387650302,0.024475966470027477
200.11793068074016,2001.1793068074016,0.024327506332002646
200.11828532074125,2001.1828532074126,0.024179945119185864
200.11863780961102,2001.1863780961103,0.024033277407546128
200.11898816037507,2001.1898816037506,0.023887497805550884
200.1193363859805,2001.1933638598048,0.023742600953984838
200.11968249929615,2001.1968249929614,0.023598581525720808
200.12002651311332,2001.2002651311332,0.023455434225590044
200.12036844014602,2001.2036844014601,0.02331315379013177
200.12070829303156,2001.2070829303157,0.023171734987459947
200.12104608433097,2001.2104608433096,0.02303117261704657
200.1213818265295,2001.213818265295,0.022891461509533362
200.12171553203697,2001.2171553203698,0.02275259652655237
200.12204721318835,2001.2204721318835,0.022614572560560764
200.1223768822441,2001.2237688224411,0.022477384534631217
200.1227045513907,2001.2270455139071,0.022341027402292046
200.12303023274106,2001.2303023274105,0.022205496147335357
200.1233539383349,2001.2335393833491,0.022070785783637636
200.12367568013934,2001.2367568013933,0.02193689135499277
200.12399547004918,2001.2399547004918,0.021803807934911323
200.12431331988742,2001.2431331988741,0.021671530626480195
200.12462924140567,2001.2462924140568,0.02154005456215302
200.12494324628457,2001.2494324628458,0.021409374903595624
200.12525534613422,2001.2525534613424,0.02127948684151193
200.12556555249463,2001.2556555249464,0.021150385595466337
200.1258738768361,2001.258738768361,0.02102206641370785
200.12618033055966,2001.2618033055967,0.02089452457301555
200.12648492499747,2001.2648492499748,0.020767755378506725
200.12678767141327,2001.2678767141326,0.020641754163505444
200.12708858100274,2001.2708858100273,0.02051651628933293
200.12738766489394,2001.2738766489394,0.020392037145170794
200.12768493414774,2001.2768493414774,0.02026831214787983
200.12798039975812,2001.2798039975812,0.020145336741850817
200.12827407265274,2001.2827407265274,0.02002310639883753
200.1285659636932,2001.285659636932,0.019901616617761353
200.12885608367546,2001.2885608367546,0.019780862924601128
200.1291444433303,2001.2914444333028,0.019660840872215535
200.1294310533236,2001.294310533236,0.01954154604015479
200.12971592425689,2001.2971592425688,0.019422974034543405
200.12999906666755,2001.2999906666755,0.01930512048789368
200.13028049102934,2001.3028049102934,0.01918798105896713
200.13056020775272,2001.3056020775273,0.019071551432612854
200.13083822718528,2001.3083822718527,0.01895582731959522
200.131114559612,2001.31114559612,0.01884080445645886
200.13138921525575,2001.3138921525574,0.018726478605383012
200.13166220427763,2001.3166220427763,0.018612845554014545
200.13193353677732,2001.3193353677732,0.018499901115311634
200.13220322279344,2001.3220322279344,0.01838764112739988
200.13247127230395,2001.3247127230395,0.01827606145344618
200.13273769522652,2001.3273769522652,0.01816515798145979
200.13300250141884,2001.3300250141883,0.018054926624182177
200.13326570067903,2001.3326570067902,0.01794536331894314
200.133527302746,2001.3352730274598,0.017836464027490284
200.13378731729972,2001.3378731729972,0.017728224735852227
200.13404575396174,2001.3404575396175,0.017620641454207164
200.13430262229537,2001.3430262229535,0.01751371021671766
200.13455793180614,2001.3455793180615,0.01740742708141696
200.1348116919421,2001.348116919421,0.017301788130024254
200.13506391209418,2001.3506391209419,0.017196789467850526
200.13531460159655,2001.3531460159654,0.017092427223628026
200.1355637697269,2001.355637697269,0.016988697549369935
200.13581142570686,2001.3581142570686,0.016885596620256682
200.13605757870226,2001.3605757870228,0.01678312063447074
200.13630223782357,2001.3630223782357,0.016681265813088264
200.1365454121261,2001.365454121261,0.01658002839989614
200.13678711061047,2001.3678711061048,0.01647940466131026
200.13702734222278,2001.370273422228,0.016379390886204992
200.1372661158551,2001.3726611585512,0.016279983385803054
200.1375034403457,2001.375034403457,0.01618117849350853
200.13773932447944,2001.3773932447943,0.016082972564823383
200.13797377698796,2001.3797377698797,0.015985361977152057
200.13820680655013,2001.3820680655012,0.015888343129739302
200.13843842179236,2001.3843842179235,0.01579191244350675
200.13866863128885,2001.3866863128885,0.015696066360903704
200.13889744356194,2001.3889744356195,0.015600801345805881
200.13912486708244,2001.3912486708246,0.015506113883392847
200.13935091026988,2001.3935091026988,0.015412000479997023
200.1395755814929,2001.3957558149289,0.015318457662998886
200.13979888906945,2001.3979888906945,0.015225481980686628
200.14002084126724,2001.4002084126723,0.015133070002144255
200.14024144630395,2001.4024144630393,0.015041218317111249
200.14046071234748,2001.4046071234748,0.014949923535865328
200.14067864751635,2001.4067864751635,0.014859182289115869
200.14089525987998,2001.4089525987997,0.014768991227867123
200.14111055745897,2001.4111055745898,0.0146793470232921
200.14132454822536,2001.4132454822536,0.014590246366613546
200.14153724010296,2001.4153724010296,0.014501685969002698
200.14174864096765,2001.4174864096765,0.014413662561437168
200.14195875864763,2001.4195875864764,0.014326172894599698
200.14216760092378,2001.421676009238,0.01423921373874848
200.14237517552985,2001.4237517552986,0.014152781883598142
200.14258149015276,2001.4258149015277,0.014066874138220276
200.142786552433,2001.42786552433,0.01398148733092619
200.14299036996474,2001.4299036996474,0.013896618309121256
200.14319295029625,2001.4319295029625,0.013812263939226743
200.14339430093008,2001.433943009301,0.01372842110653949
200.1435944293234,2001.4359442932341,0.013645086715151966
200.14379334288822,2001.4379334288822,0.013562257687801282
200.14399104899172,2001.439910489917,0.013479930965783926
200.14418755495646,2001.4418755495647,0.013398103508826087
200.1443828680607,2001.4438286806069,0.013316772295007273
200.14457699553859,2001.445769955386,0.013235934320605769
200.14476994458056,2001.4476994458055,0.013155586600031133
200.1449617223335,2001.449617223335,0.013075726165678536
200.14515233590106,2001.4515233590105,0.012996350067843498
200.1453417923438,2001.4534179234379,0.012917455374601094
200.14553009867961,2001.4553009867961,0.012839039171733124
200.1457172618839,2001.457172618839,0.012761098562578899
200.14590328888983,2001.4590328888983,0.012683630667949974
200.14608818658857,2001.4608818658858,0.01260663262602002
200.1462719618296,2001.462719618296,0.012530101592239551
200.1464546214209,2001.464546214209,0.01245403473920803
200.1466361721293,2001.466361721293,0.012378429256586831
200.14681662068054,2001.4681662068053,0.012303282350974887
200.14699597375977,2001.4699597375977,0.01222859124585185
200.1471742380116,2001.4717423801158,0.01215435318141822
200.14735142004037,2001.4735142004038,0.012080565414547384
200.14752752641047,2001.4752752641048,0.01200722521865416
200.14770256364656,2001.4770256364657,0.011934329883620198
200.1478765382338,2001.4787653823378,0.011861876715664299
200.148049456618,2001.48049456618,0.011789863037255377
200.148221325206,2001.48221325206,0.011718286187037852
200.14839215036588,2001.4839215036588,0.011647143519716185
200.14856193842704,2001.4856193842704,0.011576432405941195
200.14873069568065,2001.4873069568066,0.011506150232265644
200.14889842837974,2001.4889842837974,0.011436294400979041
200.1490651427395,2001.4906514273948,0.011366862330086325
200.1492308449374,2001.492308449374,0.01129785145314266
200.1493955411136,2001.4939554111359,0.0112292592192339
200.149559237371,2001.49559237371,0.011161083092807833
200.14972193977556,2001.4972193977555,0.01109332055364931
200.1498836543565,2001.498836543565,0.011025969096743471
200.15004438710653,2001.5004438710653,0.010959026232206459
200.15020414398205,2001.5020414398205,0.010892489485175294
200.1503629309034,2001.503629309034,0.010826356395743919
200.15052075375505,2001.5052075375504,0.01076062451883708
200.15067761838577,2001.5067761838577,0.010695291424180131
200.150833530609,2001.50833530609,0.010630354696149813
200.15098849620287,2001.5098849620288,0.010565811933710312
200.1511425209106,2001.5114252091062,0.010501660750338648
200.15129561044057,2001.5129561044057,0.010437898773898557
200.15144777046655,2001.5144777046655,0.010374523646615619
200.15159900662798,2001.5159900662798,0.010311533024933373
200.1517493245301,2001.517493245301,0.010248924579456475
200.15189872974426,2001.5189872974427,0.010186695994868988
200.15204722780797,2001.5204722780798,0.010124844969813585
200.15219482422526,2001.5219482422526,0.010063369216868456
200.15234152446678,2001.5234152446678,0.010002266462399878
200.15248733397004,2001.5248733397004,0.009941534446530231
