0.008616415891576249,0.08616415891576248,0.5874815665130022
0.017281873756688382,0.17281873756688382,0.5908253298364414
0.025996639813081222,0.25996639813081224,0.5941872443285021
0.034760981575137975,0.3476098157513797,0.597567398396146
0.04357516785847734,0.4357516785847734,0.6009658807597731
0.052439468784546694,0.524394687845467,0.6043827804529549
0.06135415578520967,0.6135415578520966,0.6078181868220511
0.07031950160732911,0.7031950160732912,0.611272189525895
0.07933578031734385,0.7933578031734385,0.6147448785353724
0.08840326730584011,0.8840326730584012,0.6182363441330541
0.09752223929211618,0.9752223929211618,0.6217466769127391
0.10669297432874099,1.0669297432874099,0.6252759677790376
0.11591575180610515,1.1591575180610516,0.6288243079468572
0.12519085245696523,1.2519085245696524,0.6323917889409394
0.13451855836097998,1.3451855836098,0.635978502595318
0.14389915294923875,1.4389915294923874,0.639584541052777
0.15333292100878146,1.5333292100878146,0.6432099967642841
0.16282014868710978,1.628201486871098,0.6468549624883799
0.17236112349668925,1.7236112349668926,0.6505195312905734
0.18195613431944188,1.8195613431944189,0.6542037965426868
0.19160547141122877,1.9160547141122877,0.6579078519221699
0.20130942640632252,2.0130942640632252,0.6616317914114109
0.21106829232186905,2.1106829232186906,0.665375709297015
0.22088236356233795,2.2088236356233795,0.6691397001690156
0.2307519359239621,2.307519359239621,0.6729238589201483
0.24067730659916453,2.4067730659916453,0.6767282807449835
0.2506587741809738,2.506587741809738,0.6805530611391308
0.2606966386674261,2.606966386674261,0.6843982958983474
0.27079120146595437,2.7079120146595437,0.6882640811176515
0.28094276539776414,2.8094276539776413,0.6921505131904073
0.29115163470219496,2.9115163470219496,0.6960576888073557
0.30141811504106775,3.0141811504106775,0.6999857049556315
0.3117425135030171,3.1174251350301714,0.7039346589177775
0.3221251386078084,3.221251386078084,0.7079046482706595
0.33256630031063894,3.3256630031063894,0.7118957708844231
0.34306631000642346,3.4306631000642347,0.7159081249213894
0.35362548053406206,3.5362548053406204,0.7199418088348857
0.36424412618069196,3.6424412618069195,0.7239969213681263
0.37492256268592083,3.749225626859208,0.7280735615529661
0.38566110724604274,3.8566110724604274,0.7321718287087027
0.39646007851823495,3.9646007851823493,0.7362918224407817
0.4073197966247363,4.0731979662473625,0.7404336426395393
0.41824058315700535,4.182405831570054,0.7445973894788231
0.42922276117985914,4.292227611798591,0.7487831634146591
0.44026665523559105,4.40266655235591,0.7529910651838456
0.4513725913480676,4.513725913480676,0.7572211958025044
0.4625408970268042,4.625408970268042,0.7614736565646378
0.47377190127101804,4.737719012710181,0.7657485490406053
0.4850659345736592,4.850659345736592,0.7700459750755897
0.496423328925418,4.96423328925418,0.7743660367880167
0.5078444178187094,5.078444178187094,0.7787088365679633
0.5193295362516323,5.193295362516323,0.7830744770754752
0.5308790207319051,5.308790207319051,0.7874630612389204
0.5424932092807755,5.4249320928077545,0.7918746922532289
0.5541724414369044,5.541724414369043,0.7963094735781642
0.5659170582602233,5.659170582602233,0.8007675089365023
0.5777274023357658,5.777274023357658,0.8052489023122096
0.5896038177774698,5.896038177774699,0.8097537579485525
0.6015466502319534,6.015466502319534,0.8142821803461988
0.6135562468822608,6.1355624688226085,0.8188342742612473
0.6256329564515799,6.256329564515799,0.8234101447032458
0.6377771292069293,6.377771292069293,0.8280098969331515
0.6499891169628154,6.499891169628153,0.8326336364612388
0.662269273084858,6.62269273084858,0.8372814690450205
0.6746179524933846,6.746179524933846,0.8419535006870422
0.6870355116669924,6.8703551166699235,0.8466498376327181
0.6995223086460771,6.995223086460771,0.8513705863680787
0.7120787030363285,7.120787030363285,0.8561158536174691
0.7247050560121915,7.247050560121915,0.8608857463412356
0.7374017303202932,7.374017303202932,0.8656803717333634
0.7501690902828335,7.501690902828335,0.8704998372190236
0.7630075018009403,7.6300750180094035,0.8753442504521676
0.7759173323579878,7.759173323579878,0.8802137193129607
0.788898951022877,7.88898951022877,0.8851083519052825
0.801952728453279,8.01952728453279,0.8900282565540998
0.8150790368988389,8.150790368988389,0.8949735418028482
0.8282782502043401,8.282782502043402,0.8999443164107266
0.8415507438128292,8.415507438128293,0.9049406893499672
0.8548968947686998,8.548968947686998,0.9099627698030623
0.8683170817207342,8.683170817207342,0.9150106671599172
0.881811684925104,8.81811684925104,0.9200844910150039
0.8953810862483269,8.95381086248327,0.925184351164404
0.9090256691701807,9.090256691701807,0.9303103576028562
0.922745818786572,9.22745818786572,0.9354626205207275
0.9365419218123607,9.365419218123607,0.9406412503009332
0.9504143665841382,9.504143665841383,0.9458463575158333
0.9643635430629592,9.643635430629592,0.9510780529240375
0.9783898428370265,9.783898428370264,0.9563364474672014
0.9924936591243272,9.924936591243272,0.9616216522667482
1.006675386775221,10.06675386775221,0.9669337786205272
1.0209354222749778,10.209354222749777,0.9722729379994703
1.0352741637462664,10.352741637462664,0.9776392420441287
1.0496920109515908,10.496920109515909,0.9830328025612065
1.0641893652956755,10.641893652956755,0.988453731520023
1.0787666298277978,10.787666298277978,0.9939021410489293
1.093424209244067,10.93424209244067,0.9993781434316524
1.1081625098896482,11.081625098896481,1.0048818511036117
1.1229819397609337,11.229819397609337,1.0104133766481684
1.1378829085076558,11.378829085076559,1.0159728327927962
1.152865827434944,11.52865827434944,1.0215603324052474
1.1679311095053249,11.679311095053249,1.0271759884896294
1.183079169340664,11.830791693406638,1.0328199141824097
1.198310423224048,11.98310423224048,1.038492222748408
1.213625289101607,12.13625289101607,1.0441930275766946
1.2290241865842764,12.290241865842763,1.0499224421764541
1.2445075369494965,12.445075369494965,1.055680580172778
1.26007576314285,12.6007576314285,1.0614675553023893
1.2757292897796366,12.757292897796367,1.067283481409353
1.2914685431463822,12.914685431463822,1.073128472440665
1.3072939512022839,13.072939512022838,1.0790026424418393
1.3232059435805892,13.232059435805892,1.0849061055523883
1.339204951589907,13.39204951589907,1.090838976001269
1.3552914082154526,13.552914082154526,1.0968013681022732
1.3714657481202228,13.714657481202227,1.1027933962493393
1.3877284076461018,13.877284076461018,1.1088151749118094
1.404079824814897,14.040798248148969,1.114866818629622
1.4205204393293025,14.205204393293025,1.1209484420084603
1.4370506925737918,14.370506925737917,1.127060159714814
1.4536710276154357,14.536710276154356,1.1332020864709769
1.4703818892046472,14.703818892046472,1.1393743370500236
1.487183723775851,14.871837237758509,1.1455770262706455
1.5040769794480762,15.040769794480761,1.1518102689920244
1.5210621060254739,15.210621060254738,1.1580741801085264
1.5381395549977548,15.381395549977547,1.1643688745444418
1.5553097795405495,15.553097795405495,1.1706944672485804
1.5725732345156882,15.725732345156882,1.1770510731888297
1.5899303764713995,15.899303764713995,1.1834388073466577
1.607381663642428,16.07381663642428,1.1898577847115384
1.6249275559500698,16.2492755595007,1.1963081202752992
1.6425685150021216,16.425685150021216,1.2027899290264266
1.6603050040927487,16.60305004092749,1.2093033259442922
1.6781374882022646,16.781374882022646,1.2158484259932916
1.6960664339968248,16.960664339968247,1.2224253441169637
1.7140923098280336,17.140923098280336,1.229034195231982
1.7322155857324615,17.322155857324613,1.2356750942221417
1.7504367334310724,17.504367334310725,1.2423481559322092
1.7687562263285614,17.687562263285614,1.2490534951617587
1.7871745395125997,17.871745395126,1.2557912266589177
1.8056921497529879,18.056921497529878,1.2625614651140378
1.8243095355007137,18.24309535500714,1.2693643251532922
1.8430271768869173,18.430271768869172,1.2761999213322408
1.8618455557217586,18.618455557217587,1.283068368129257
1.8807651554931892,18.807651554931894,1.2899697799389482
1.8997864613656252,18.99786461365625,1.2969042710654755
1.9189099601785218,19.189099601785216,1.3038719557157812
1.938136140444848,19.38136140444848,1.3108729479928147
1.9574654923494594,19.574654923494595,1.317907361888592
1.9768985077473695,19.768985077473694,1.3249753112772513
1.9964356801619176,19.964356801619175,1.3320769099080305
2.0160775047828325,20.160775047828324,1.3392122713981305
2.035824478464191,20.358244784641908,1.3463815092255373
2.0556770997222684,20.556770997222685,1.3535847367217873
2.075635868733285,20.75635868733285,1.3608220670646052
2.09570128733104,20.957012873310397,1.3680936132705188
2.115873859004438,21.15873859004438,1.3753994881873837
2.1361540888949047,21.361540888949047,1.3827398044868175
2.1565424837936904,21.565424837936902,1.39011467465658
2.1770395521390595,21.770395521390597,1.397524210992879
2.1976458040133684,21.976458040133686,1.4049685255925795
2.2183617511400247,22.183617511400247,1.4124477303453542
2.239187906880334,22.39187906880334,1.419961936925782
2.2601247862302274,22.601247862302273,1.4275112567853068
2.281172905816869,22.811729058168687,1.4350958011441932
2.3023327838951473,23.023327838951474,1.4427156809833601
2.3236049403440444,23.236049403440443,1.4503710070361429
2.344989896662881,23.44989896662881,1.4580618897800068
2.366488175967442,23.66488175967442,1.4657884394281666
2.388100302985977,23.88100302985977,1.4735507659211127
2.4098268040550748,24.09826804055075,1.4813489789180796
2.4316682071154117,24.316682071154116,1.4891831877884645
2.4536250417073737,24.536250417073738,1.497053501603105
2.4756978389665494,24.756978389665495,1.5049600291255434
2.497887131619092,24.97887131619092,1.5129028788031746
2.520193453976953,25.20193453976953,1.5208821587583277
2.542617341932982,25.426173419329817,1.5288979767792892
2.5651593329558944,25.651593329558942,1.5369504403112142
2.587819966085106,25.87819966085106,1.5450396564470026
2.610599781925428,26.10599781925428,1.5531657319180532
2.6334993226416334,26.334993226416334,1.561328773084984
2.6565191319528774,26.565191319528772,1.5695288859282446
2.6796597551269836,26.796597551269837,1.5777661760386579
2.702921738974591,27.029217389745913,1.5860407486079122
2.726305631843159,27.26305631843159,1.594352708418942
2.749811983610829,27.49811983610829,1.6027021598362197
2.7734413456801446,27.734413456801445,1.6110892067960432
2.7971942709716275,27.971942709716274,1.6195139527966695
2.8210713139172077,28.21071313917208,1.627976500888412
2.845073030453506,28.45073030453506,1.6364769536636299
2.8691999780149717,28.691999780149718,1.6450154132467052
2.893452715526868,28.93452715526868,1.6535919812838582
2.91783180339811,29.1783180339811,1.6622067589329461
2.9423378035139516,29.423378035139514,1.6708598468531939
2.96697127922852,29.6697127922852,1.6795513451947688
2.9917327953571946,29.917327953571945,1.688281353588394
3.0166229181688373,30.166229181688372,1.6970499711348008
3.041642215377861,30.41642215377861,1.7058572963941252
3.0667912561361454,30.667912561361454,1.7147034273752588
3.0920706110247953,30.920706110247952,1.7235884615250878
3.117480852045738,31.17480852045738,1.732512495717689
3.1430225526131625,31.430225526131625,1.7414756262434192
3.1686962875447975,31.686962875447975,1.750477948797954
3.194502633053028,31.945026330530283,1.7595195584712684
3.220442166735848,32.20442166735848,1.7686005497364778
3.2465154675676495,32.465154675676494,1.777721016438699
3.272723115889846,32.72723115889846,1.7868810517837588
3.299065693401332,32.99065693401332,1.7960807483268777
3.3255437831487704,33.255437831487704,1.8053201979612545
3.3521579695167167,33.52157969516717,1.8145994919066002
3.378908838217572,33.78908838217572,1.823918720697586
3.405796976281364,34.05796976281364,1.8332779741722405
3.4328229720453587,34.328229720453585,1.8426773414602344
3.459987415143499,34.59987415143499,1.8521169109711497
3.4872908964956704,34.87290896495671,1.8615967703826417
3.5147340082967893,35.147340082967894,1.8711170066285447
3.542317344005721,35.42317344005721,1.8806777058869137
3.5700414983340165,35.70041498334017,1.8902789535679876
3.597907067234475,35.97907067234475,1.8999208343020815
3.6259146478895254,36.25914647889525,1.9096034319274473
3.6540648386994308,36.540648386994306,1.9193268294780221
3.682358239270311,36.82358239270311,1.929091109171127
3.7107954504019847,37.107954504019844,1.9388963523951315
3.7393770740756285,37.39377074075628,1.948742639696997
3.768103713441254,37.68103713441254,1.9586300507698073
3.796975972804999,37.96975972804999,1.9685586644402022
3.8259944576162357,38.259944576162354,1.9785285586557908
3.8551597744544917,38.551597744544914,1.9885398104724263
3.884472531016184,38.84472531016184,1.9985924960415247
3.9139333361011666,39.139333361011666,2.008686690597223
3.9435427995990877,39.43542799599088,2.0188224684435454
3.97330153247556,39.7330153247556,2.0289999029414894
4.003210146758137,40.03210146758137,2.0392190664960417
4.033269255522105,40.332692555221044,2.049480030543158
4.063479472876072,40.63479472876072,2.0597828655366808
4.093841413947376,40.938414139473764,2.070127640935187
4.124355694867293,41.24355694867293,2.080514425188804
4.15502293275605,41.5502293275605,2.0909432857259613
4.185843745707648,41.85843745707648,2.101414288940088
4.216818752774483,42.16818752774483,2.111927500176252
4.247948573951777,42.47948573951777,2.1224829837177914
4.279233830161805,42.792338301618045,2.1330808027728203
4.31067514323793,43.1067514323793,2.143721019460761
4.342273135908435,43.42273135908435,2.154403694798795
4.374028431780159,43.740284317801596,2.165128888688246
4.405941655321929,44.059416553219286,2.175896659900971
4.438013431847794,44.380134318477936,2.1867070660656704
4.470244387500061,44.702443875000604,2.197560163654159
4.502635149232119,45.02635149232119,2.2084560079675972
4.535186344791073,45.35186344791073,2.2193946531226985
4.567898602700168,45.67898602700168,2.230376152037871
4.600772552241003,46.007725522410034,2.2414005564193404
4.63380882343556,46.338088234355595,2.252467916747227
4.667008047028006,46.67008047028006,2.263578282261598
4.700370854466307,47.00370854466307,2.2747317009484602
4.733897877883625,47.33897877883625,2.2859282195257613
4.767589750079518,47.67589750079517,2.297167883429305
4.801447104500923,48.01447104500923,2.3084507367987133
4.835470575222945,48.35470575222945,2.319776822463256
4.869660796929424,48.69660796929424,2.3311461819277595
4.90401840489331,49.0401840489331,2.342558855358422
4.938544034956812,49.38544034956812,2.3540148815686104
4.9732383235113575,49.73238323511357,2.3655142980046744
5.008101907477327,50.081019074773266,2.3770571407316963
5.043135424283591,50.43135424283591,2.3886434444192357
5.0783395118468295,50.78339511846829,2.400273242327067
5.113714808550648,51.137148085506475,2.4119465662908786
5.14926195322448,51.4926195322448,2.4236634467079847
5.184981585122281,51.84981585122281,2.4354239125229924
5.220874343901012,52.20874343901012,2.4472279912134924
5.256940869598912,52.569408695989125,2.4590757087757
5.293181802613564,52.93181802613564,2.47096708971012
5.329597783679741,53.29597783679741,2.4829021570072047
5.366189453847056,53.66189453847056,2.4948809321329692
5.402957454457385,54.029574544573855,2.506903435014647
5.439902427122094,54.39902427122094,2.5189696840263336
5.477025013699045,54.77025013699045,2.531079695974621
5.514325856269396,55.14325856269396,2.5432334860842314
5.551805597114193,55.518055971141926,2.55543106798367
5.589464878690741,55.89464878690741,2.5676724536908875
5.62730434360878,56.273043436087804,2.5799576535989175
5.665324634606439,56.65324634606439,2.5922866764615833
5.703526394525984,57.03526394525984,2.604659529379135
5.741910266289357,57.419102662893565,2.617076217783999
5.780476892873502,57.80476892873502,2.629536745426452
5.819226917285492,58.192269172854914,2.6420411143603797
5.858160982537428,58.58160982537428,2.6545893249290087
5.897279731621151,58.97279731621151,2.667181375750711
5.93658380748273,59.3658380748273,2.6798172637047797
5.976073852996749,59.76073852996749,2.692496983917266
6.0157505109403875,60.15750510940387,2.705220529746839
6.055614423967287,60.556144239672875,2.717987892770683
6.095666234581222,60.95666234581222,2.73079906277039
6.135906585109552,61.35906585109552,2.7436540277179553
6.176336117676484,61.76336117676484,2.7565527737617472
6.21695547417611,62.169554741761104,2.7694952852125523
6.257765296245263,62.57765296245263,2.7824815445296522
6.298766225236149,62.987662252361496,2.7955115323069597
6.339958902188791,63.39958902188791,2.8085852272591643
6.381343967803262,63.813439678032616,2.821702606207989
6.42292206241172,64.2292206241172,2.834863644068422
6.4646938259502456,64.64693825950246,2.84806831383509
6.506659897930471,65.06659897930471,2.8613165865686145
6.548820917411023,65.48820917411022,2.874608431382054
6.591177522968752,65.91177522968752,2.8879438154274233
6.633730352669782,66.33730352669782,2.9013227038822738
6.67648004404035,66.76480044040349,2.91474505993631
6.719427234037457,67.19427234037457,2.9282108447781026
6.762572559019325,67.62572559019324,2.9417200175818854
6.80591665471566,68.05916654715661,2.955272535494391
6.849460156197725,68.49460156197725,2.9688683536217972
6.893203697848217,68.93203697848217,2.982507425016723
6.937147913330966,69.37147913330966,2.9961897006653473
6.98129343556043,69.8129343556043,3.009915129474555
7.025640896671021,70.25640896671021,3.0236836582592543
7.070190927986231,70.7019092798623,3.0374952317296833
7.114944159987582,71.14944159987581,3.0513497924788977
7.159901222283389,71.59901222283389,3.0652472809703095
7.205062743577348,72.05062743577348,3.0791876355253276
7.250429351636938,72.50429351636937,3.093170792311115
7.296001673261644,72.96001673261644,3.1071966853284474
7.341780334251014,73.41780334251014,3.1212652463996537
7.387765959372526,73.87765959372527,3.1353764051567135
7.433959172329294,74.33959172329294,3.1495300890294162
7.480360595727595,74.80360595727595,3.1637262232336756
7.526970851044232,75.26970851044231,3.177964730759941
7.573790558593722,75.73790558593723,3.1922455323617456
7.620820337495324,76.20820337495324,3.206568546544359
7.668060805639899,76.680608056399,3.220933689553573
7.71551257965661,77.1551257965661,3.235340875364641
7.763176274879457,77.63176274879457,3.249790015671321
7.811052505313659,78.11052505313658,3.2642810198750674
7.859141883601875,78.59141883601876,3.278813795074342
7.907445020990277,79.07445020990278,3.2933882460541186
7.95596252729446,79.5596252729446,3.308004275275458
8.00469501086521,80.04695010865211,3.3226617828653033
8.053643078554126,80.53643078554126,3.3373606666063704
8.102807335679087,81.02807335679087,3.3521008219272312
8.152188385989582,81.52188385989582,3.366882141892509
8.201786831631901,82.01786831631901,3.38170451719329
8.251603273114181,82.51603273114182,3.3965678361376597
8.301638309271322,83.01638309271323,3.4114719846413877
8.35189253722976,83.5189253722976,3.426416846218843
8.402366552372122,84.02366552372122,3.4414023019740156
8.453060948301742,84.53060948301741,3.4564282305917553
8.503976316807053,85.03976316807054,3.4714945083291635
8.555113247825858,85.55113247825858,3.486601009007174
8.60647232940948,86.06472329409479,3.50174760400232
8.658054147686785,86.58054147686785,3.5169341622386927
8.709859286828111,87.09859286828112,3.532160550180058
8.761888329009059,87.6188832900906,3.5474266318222165
8.814141854374189,88.14141854374188,3.5627322686855107
8.86662044100061,88.66620441000609,3.578077319807556
8.919324664861461,89.19324664861462,3.593461641736166
8.972255099789294,89.72255099789294,3.608885088522486
9.025412317439354,90.25412317439354,3.6243475117143236
9.078796887252775,90.78796887252776,3.6398487603497065
9.132409376419673,91.32409376419673,3.6553886809506277
9.18625034984216,91.8625034984216,3.670967117517038
9.240320370097265,92.40320370097265,3.686583911521028
9.294619997399781,92.9461999739978,3.7022389019012563
9.349149789565024,93.49149789565024,3.7179319250575684
9.403910301971525,94.03910301971524,3.7336628148458946
9.458902087523647,94.58902087523647,3.749431402573327
9.514125696614135,95.14125696614136,3.765237516993464
9.569581677086596,95.69581677086596,3.7810809843019575
9.625270574197925,96.25270574197926,3.7969616281323617
9.681192930580666,96.81192930580666,3.812879269552125
9.73734928620532,97.37349286205321,3.828833727058935
9.793740178342613,97.93740178342614,3.844824816577227
9.850366141525699,98.50366141525699,3.860852351454988
9.907227707512329,99.07227707512328,3.8769161424607868
9.964325405246985,99.64325405246984,3.8930159977810934
10.02165976082297,100.2165976082297,3.9091517230178097
10.07923129744447,100.79231297444471,3.9253231211861133
10.137040535388588,101.37040535388587,3.941529992712516
10.195087991967346,101.95087991967347,3.9577721354332285
10.253374181489685,102.53374181489684,3.9740493445927534
10.311899615223426,103.11899615223426,3.990361412842808
10.370664801357238,103.70664801357238,4.006708130241441
10.429670244962585,104.29670244962585,4.02308928425251
10.488916447955672,104.88916447955673,4.039504659745371
10.548403909059399,105.484039090594,4.055954038994889
10.608133123765304,106.08133123765305,4.072437201681708
10.66810458429553,106.68104584295531,4.0889539248928255
10.728318779564793,107.28318779564793,4.105503983122457
10.78877619514237,107.8877619514237,4.122087148273156
10.849477313214116,108.49477313214116,4.138703189657288
10.910422612544494,109.10422612544494,4.155351873998726
10.971612568438639,109.71612568438638,4.1720329654349175
11.033047652704461,110.33047652704461,4.1887462255192025
11.094728333614785,110.94728333614785,4.205491413223434
11.156655075869528,111.56655075869529,4.22226828494095
11.21882834055793,112.18828340557931,4.239076594489776
11.281248585120839,112.81248585120838,4.255916093116212
11.343916263313037,113.43916263313037,4.272786529498665
11.406831825165654,114.06831825165654,4.289687649751854
11.469995716948619,114.69995716948618,4.30661919743127
11.533408381133206,115.33408381133206,4.323580913537992
11.597070256354641,115.97070256354641,4.340572536523809
11.660981777374786,116.60981777374786,4.357593802296662
11.725143375044922,117.25143375044922,4.374644444226391
11.789555476268609,117.89555476268609,4.391724193150836
11.85421850396464,118.5421850396464,4.408832777382234
11.919132877030108,119.19132877030108,4.4259699227139615
11.984299010303557,119.84299010303558,4.44313535242758
12.049717314528253,120.49717314528253,4.460328787300248
12.115388196315568,121.15388196315567,4.477549945612418
12.181312058108473,121.81312058108473,4.494798543155906
12.247489298145169,122.47489298145169,4.512074293242265
12.313920310422834,123.13920310422833,4.529376906711499
12.380605484661507,123.80605484661507,4.54670609194113
12.447545206268106,124.47545206268106,4.564061554855575
12.514739856300599,125.14739856300599,4.581442998935881
12.582189811432306,125.82189811432306,4.598850125229777
12.649895443916371,126.49895443916371,4.616282632362093
12.717857121550379,127.1785712155038,4.633740216545493
12.786075207641142,127.86075207641142,4.651222571591565
12.854550060969649,128.5455006096965,4.6687293889222445
12.92328203575619,129.2328203575619,4.68626035758158
12.992271481625664,129.92271481625664,4.70381516424786
13.061518743573057,130.61518743573058,4.721393493246049
13.131024161929114,131.31024161929113,4.738995026560594
13.200788072326208,132.00788072326208,4.756619443848569
13.270810805664402,132.70810805664402,4.774266422453161
13.341092688077714,133.41092688077714,4.791935637417512
13.411634040900589,134.1163404090059,4.809626761498881
13.48243518063459,134.8243518063459,4.827339465183181
13.553496418915302,135.53496418915302,4.845073416699836
13.624818062479454,136.24818062479454,4.86282828203701
13.696400413132283,136.96400413132284,4.88060372495716
13.76824376771512,137.6824376771512,4.89839940701294
13.840348418073217,138.40348418073216,4.91621498756345
13.91271465102382,139.12714651023822,4.934050123790835
13.98534274832449,139.8534274832449,4.9519044707172215
14.058232986641668,140.58232986641667,4.969777681222005
14.131385637519521,141.3138563751952,4.987669406059474
14.204800967349025,142.04800967349024,5.0055792938767745
14.278479237337331,142.7847923733733,5.023506991232237
14.352420703477408,143.5242070347741,5.041452142614008
14.426625616517954,144.26625616517956,5.059414390459064
14.501094221933597,145.01094221933596,5.07739337517254
14.575826759895383,145.75826759895384,5.095388735147396
14.650823465241558,146.50823465241558,5.1134001067844315
14.726084567448648,147.2608456744865,5.131427124512638
14.80161029060284,148.0161029060284,5.149469420809872
14.877400853371677,148.77400853371677,5.167526626223878
14.953456468976063,149.53456468976063,5.185598369393644
15.02977734516258,150.2977734516258,5.203684277071066
15.106363684176143,151.06363684176142,5.221783974142983
15.183215682732964,151.83215682732964,5.239897083653489
15.260333531993862,152.60333531993862,5.258023226826626
15.337717417537906,153.37717417537905,5.276162023089358
15.415367519336401,154.15367519336402,5.2943130900948905
15.493284011727216,154.93284011727215,5.312476043746312
15.571467063389466,155.71467063389466,5.3306504982205345
15.64991683731856,156.4991683731856,5.348836065992581
15.728633490801588,157.28633490801587,5.367032357860163
15.807617175393094,158.07617175393094,5.385238982968582
15.886868036891206,158.86868036891207,5.403455548835945
15.966386215314149,159.66386215314148,5.421681661378672
16.046171844877126,160.46171844877125,5.439916924937333
16.1262250539696,161.26225053969597,5.458160942302764
16.206545965132932,162.06545965132932,5.476413314742499
16.287134695038457,162.87134695038458,5.494673642027498
16.367991354465907,163.6799135446591,5.512941522459162
16.449116048282278,164.49116048282278,5.5312165528966455
16.53050887542106,165.3050887542106,5.54949832878446
16.61216992886192,166.1216992886192,5.567786444180368
16.694099295610762,166.9409929561076,5.586080491783538
16.77629705668022,167.7629705668022,5.604380062963009
16.85876328707058,168.58763287070582,5.622684747786414
16.941498055751104,169.41498055751106,5.640994135048971
17.024501425641805,170.24501425641805,5.6593078123027665
17.107773453595648,171.0777345359565,5.677625365886282
17.19131419038119,171.9131419038119,5.6959463809542115
17.275123680665647,172.75123680665646,5.714270441507488
17.35920196299843,173.5920196299843,5.7325971304236285
17.44354906979511,174.4354906979511,5.750926029487287
17.528165027321844,175.28165027321845,5.769256719421068
17.613049855680245,176.13049855680245,5.787588779916585
17.698203568792735,176.98203568792735,5.805921789665758
17.783626174388335,177.83626174388334,5.824255326392354
17.869317673988927,178.69317673988928,5.842588966883742
17.955278062896006,179.55278062896008,5.860922287022894
18.041507330177872,180.4150733017787,5.879254861820597
18.128005458657316,181.28005458657316,5.8975862654478854
18.21477242489979,182.14772424899792,5.915916071268707
18.301808199202053,183.01808199202054,5.934243851872762
18.389112745581286,183.89112745581286,5.95256917910858
18.47668602176472,184.7668602176472,5.970891624116781
18.564527979179744,185.64527979179744,5.989210757363547
18.652638562944503,186.52638562944503,6.007526148674266
18.741017711859005,187.41017711859004,6.025837367267378
18.8296653583967,188.296653583967,6.044143981788396
18.918581428696598,189.18581428696598,6.062445560344107
19.007765842555862,190.07765842555864,6.080741670536944
19.097218513422916,190.97218513422916,6.0990318794995195
19.18693934839107,191.8693934839107,6.117315753929327
19.276928248192647,192.76928248192647,6.1355928601236105
19.367185107193617,193.67185107193617,6.153862764014359
19.457709813388767,194.57709813388766,6.172125031203459
19.54850224839738,195.4850224839738,6.190379226998001
19.639562287459416,196.39562287459415,6.208624916445713
19.730889799432237,197.30889799432236,6.226861664370501
19.822484646787856,198.22484646787856,6.245089035408164
19.914346685610695,199.14346685610695,6.263306594042177
20.006475765595873,200.06475765595872,6.281513904639622
20.098871730048035,200.98871730048035,6.299710531487209
20.191534415880707,201.91534415880707,6.317896038827412
20.28446365361616,202.8446365361616,6.336069990894693
20.37765926738585,203.77659267385852,6.35423195195181
20.471121074931354,204.71121074931352,6.372381486326244
20.564848887605844,205.64848887605845,6.390518158446657
20.65884251037613,206.5884251037613,6.408641532879464
20.753101741825194,207.53101741825193,6.426751174365449
20.84762637415531,208.4762637415531,6.444846647856453
20.942416193191658,209.4241619319166,6.462927518552128
21.03747097838651,210.3747097838651,6.4809933519367116
21.132790502823934,211.32790502823934,6.499043713815874
21.228374533225058,212.2837453322506,6.517078170353596
21.324222829953868,213.24222829953868,6.5350962881090675
21.420335147023536,214.20335147023536,6.553097634073628
21.516711232103308,215.16711232103307,6.571081775707722
21.613350826525927,216.13350826525928,6.589048280977856
21.71025366529559,217.1025366529559,6.606996718393588
21.807419477096463,218.07419477096462,6.62492665704449
21.90484798430173,219.04847984301728,6.642837666637131
22.002538902983176,220.02538902983176,6.660729317532043
22.10049194292133,221.00491942921332,6.678601180780653
22.198706807616137,221.98706807616136,6.696452828162215
22.297183194298167,222.97183194298168,6.714283832220696
22.395920793940384,223.95920793940383,6.732093766301654
22.49491929127043,224.94919291270432,6.749882204589026
22.59417836478347,225.9417836478347,6.767648722141926
22.69369768675556,226.9369768675556,6.785392894931334
22.79347692325756,227.9347692325756,6.803114299876771
22.893515734169593,228.93515734169594,6.820812514882885
22.99381377319601,229.9381377319601,6.838487118875962
23.094370687880925,230.94370687880925,6.856137691840363
23.195186119624257,231.95186119624256,6.873763814854889
23.29625970369832,232.9625970369832,6.891365070129031
23.397591069264926,233.97591069264928,6.908941041039148
23.49917983939305,234.9917983939305,6.926491312164513
23.601025631076975,236.01025631076976,6.944015469323284
23.703128055255,237.03128055255002,6.9615130996083305
23.805486716828664,238.05486716828665,6.97898379142295
23.90810121468248,239.08101214682478,6.996427134516463
24.01097114170419,240.1097114170419,7.013842720019658
24.11409608480557,241.1409608480557,7.031230140480117
24.2174756249437,242.174756249437,7.048588989897379
24.32110933714278,243.2110933714278,7.065918863757954
24.424996790516452,244.2499679051645,7.083219359070189
24.529137548290638,245.29137548290637,7.1004900743989605
24.633531167826863,246.33531167826862,7.1177306099002084
24.738177200646092,247.38177200646092,7.134940567355276
24.843075192453085,248.43075192453085,7.152119550205088
24.948224683161225,249.48224683161226,7.169267163584131
25.053625206917854,250.53625206917854,7.186383014354245
25.159276292130105,251.59276292130104,7.203466711138215
25.265177461491213,252.65177461491214,7.220517864353157
25.371328232007322,253.71328232007323,7.237536086243706
25.477728115024775,254.77728115024775,7.254520990914961
25.58437661625787,255.8437661625787,7.271472194365241
25.69127323581712,256.9127323581712,7.288389314518602
25.798417468237957,257.9841746823796,7.305271971257109
25.905808802509927,259.05808802509927,7.322119786452892
26.01344672210634,260.1344672210634,7.338932383999948
26.12133070501439,261.2133070501439,7.355709389845696
26.22946022376573,262.29460223765733,7.372450432022283
26.337834745467507,263.37834745467507,7.389155140677625
26.446453731833838,264.4645373183384,7.405823148106194
26.55531663921774,265.5531663921774,7.422454088779526
26.664422918643513,266.64422918643515,7.4390475993764635
26.77377201583955,267.7377201583955,7.45560331881312
26.883363371271578,268.83363371271577,7.472120888272553
26.993196420176343,269.93196420176344,7.4885999512341535
27.10327059259572,271.0327059259572,7.505040153502758
27.21358531341124,272.1358531341124,7.521441143237422
27.324140002379032,273.24140002379033,7.537802570979947
27.434934074165188,274.3493407416519,7.554124089683052
27.54596693838153,275.4596693838153,7.57040535473826
27.65723799962178,276.5723799962178,7.586646024003469
27.76874665749815,277.6874665749815,7.60284575783019
27.88049230667828,278.8049230667828,7.619004219090465
27.992474336922633,279.92474336922635,7.635121073203471
28.104692133122207,281.04692133122205,7.651195988161776
28.217145075336667,282.1714507533667,7.6672286345572545
28.329832538832854,283.2983253883285,7.683218685606691
28.442753894123644,284.42753894123643,7.699165817176996
28.55590850700718,285.55908507007183,7.715069707810125
28.669295738606483,286.69295738606485,7.7309300387475925
28.782914945409367,287.8291494540937,7.7467464939546735
28.896765479308772,288.9676547930877,7.762518760144232
29.010846687643394,290.1084668764339,7.77824652680017
29.125157913238652,291.2515791323865,7.793929486200546
29.23969849444802,292.3969849444802,7.809567333440287
29.354467765194666,293.54467765194664,7.8251597664535595
29.46946505501341,294.6946505501341,7.840706486035744
29.584689689093004,295.84689689093005,7.8562071958650455
29.70014098831874,297.0014098831874,7.8716616025237105
29.81581826931533,298.1581826931533,7.887069415518872
29.93172084449012,299.3172084449012,7.902430347303003
30.04784802207657,300.4784802207657,7.917744113293975
30.16419910617804,301.6419910617804,7.93301043189473
30.280773396811856,302.80773396811855,7.948229024512564
30.397570189953655,303.97570189953655,7.963399615577995
30.51458877758198,305.1458877758198,7.978521932563258
30.631828447723176,306.31828447723177,7.993595706000376
30.749288484496514,307.49288484496515,8.008620669498839
30.866968168159588,308.6696816815959,8.02359655976287
30.984866775153947,309.84866775153944,8.038523116608296
31.102983578150976,311.02983578150975,8.053400082979
31.221317846098007,312.2131784609801,8.068227204962954
31.339868844264664,313.39868844264663,8.083004231807866
31.458635834289428,314.5863583428943,8.097730915936385
31.57761807422642,315.7761807422642,8.112407012960901
31.6968148185924,316.968148185924,8.127032281697936
31.816225318413956,318.16225318413956,8.141606484182098
31.935848821274902,319.358488212749,8.156129385679641
32.055684571363884,320.55684571363884,8.170600754701578
32.175731809522134,321.7573180952213,8.185020363016388
32.295989773291446,322.95989773291444,8.199387985662295
32.41645769696229,324.1645769696229,8.213703400959133
32.537134811622124,325.37134811622127,8.22796639051977
32.658020345203845,326.58020345203846,8.242176739261124
32.7791135225344,327.791135225344,8.256334235414744
32.900413565383566,329.00413565383565,8.270438670536961
33.02191969251283,330.2191969251283,8.28448983951864
33.14363111972447,331.43631119724466,8.298487540594463
33.26554705991068,332.6554705991068,8.312431575351825
33.38766672310292,333.87666723102916,8.326321748739282
33.50998931652127,335.09989316521273,8.34015786907457
33.63251404462403,336.3251404462403,8.353939748052223
33.755240109157285,337.55240109157285,8.367667200750734
33.87816670920466,338.78166709204663,8.381340045639309
34.00129304123717,340.0129304123717,8.394958104584191
34.124618299163075,341.24618299163075,8.408521202854555
34.248141674377926,342.4814167437793,8.422029169127988
34.37186235581459,343.7186235581459,8.435481835495539
34.4957795299934,344.957795299934,8.44887903746634
34.61989238107234,346.1989238107234,8.462220613971823
34.74420009089731,347.4420009089731,8.475506407369497
34.8687018390524,348.687018390524,8.488736263446317
34.99339680291025,349.93396802910246,8.501910031421623
35.11828415768243,351.18284157682433,8.515027563949678
35.24336307646984,352.4336307646984,8.52808871712177
35.368632730313145,353.68632730313146,8.541093350467914
35.494092288243245,354.94092288243246,8.554041326958131
35.61974091733171,356.1974091733171,8.56693251300332
35.745577782741286,357.4557778274129,8.579766778455708
35.87160204777635,358.7160204777635,8.592543996608915
35.997812873933384,359.97812873933384,8.605264044197588
36.12420942095143,361.24209420951433,8.617926801396631
36.25079084686253,362.50790846862526,8.630532151820056
36.377556308042145,363.7755630804214,8.64307998251939
36.50450495925955,365.0450495925955,8.655570183981734
36.63163595372817,366.3163595372817,8.668002650127374
36.758948443155916,367.5894844315592,8.680377278307033
36.88644157779543,368.8644157779543,8.69269396929871
37.01411450649431,370.1411450649431,8.704952627304145
37.14196637674527,371.41966376745273,8.717153159944866
37.26999633473624,372.6999633473624,8.72929547825789
37.39820352540036,373.9820352540036,8.741379496691014
37.52658709246597,375.2658709246597,8.753405133097719
37.65514617850644,376.5514617850644,8.765372308731727
37.78387992499001,377.8387992499001,8.77728094824115
37.91278747232943,379.12787472329427,8.789130979662291
38.041867959931565,380.4186795993156,8.800922334413052
38.17112052624692,381.7112052624692,8.812654947285996
38.30054430881902,383.0054430881902,8.824328756441037
38.43013844433364,384.3013844433364,8.835943703397767
38.55990206866804,385.5990206866804,8.847499733027421
38.689834316939915,386.89834316939914,8.858996793544508
38.81993432355638,388.1993432355638,8.87043483649806
38.95020122226269,389.50201222262695,8.881813816762559
39.0806341461909,390.806341461909,8.893133692528508
39.21123222790834,392.1123222790834,8.904394425292658
39.34199459946598,393.41994599465977,8.915595979847899
39.47292039244659,394.7292039244659,8.926738324272826
39.60400873801281,396.04008738012806,8.937821429920959
39.73525876695499,397.3525876695499,8.94884527140964
39.86666960973891,398.66669609738915,8.959809826608614
39.9982403965533,399.98240396553297,8.97071507662828
40.12997025735718,401.2997025735718,8.981561005807631
40.26185832192706,402.6185832192706,8.992347601701871
40.39390371990391,403.9390371990391,9.003074855069743
40.52610558083996,405.2610558083996,9.013742759860527
40.65846303424528,406.5846303424528,9.024351313200759
40.79097520963421,407.9097520963421,9.034900515380627
40.92364123657155,409.23641236571547,9.045390369840106
41.056460244718515,410.56460244718517,9.05582088315477
41.18943136387856,411.8943136387856,9.066192065021331
41.32255372404292,413.22553724042916,9.076503928242916
41.45582645543594,414.5582645543594,9.086756488714025
41.58924868856021,415.8924868856021,9.096949765405252
41.72281955424144,417.22819554241437,9.107083780347715
41.85653818367311,418.5653818367311,9.117158558617225
41.99040370846092,419.9040370846092,9.127174128318202
42.12441526066692,421.2441526066692,9.137130520567325
42.25857197285351,422.5857197285351,9.147027769476923
42.392872978127066,423.92872978127065,9.156865912138125
42.52731741018142,425.27317410181416,9.166644988603773
42.661904403341026,426.61904403341026,9.176365041871078
42.796633092603905,427.96633092603906,9.186026117864042
42.93150261368428,429.3150261368428,9.195628265415662
43.066512103055,430.66512103055,9.205171536249889
43.20166069798966,432.0166069798966,9.21465598496337
43.336947536604484,433.36947536604487,9.224081669006974
43.47237175789989,434.72371757899896,9.2334486486671
43.60793250180181,436.07932501801815,9.242756987046768
43.74362890920272,437.4362890920272,9.25200675004651
43.87946012200238,438.79460122002376,9.261198006345067
44.01542528314831,440.1542528314831,9.270330827379867
44.15152353667595,441.5152353667595,9.279405287327325
44.28775402774855,442.8775402774855,9.288421463082951
44.424115902696734,444.24115902696735,9.297379434241272
44.56060830905782,445.6060830905782,9.306279283075568
44.69723039561478,446.9723039561478,9.315121094517448
44.83398131243494,448.33981312434946,9.323904956136229
44.97086021090838,449.70860210908376,9.332630958118166
45.10786624378595,451.0786624378595,9.341299193245526
45.24499856521712,452.44998565217116,9.349909756875467
45.38225633078735,453.8225633078735,9.35846274691881
45.5196386975553,455.196386975553,9.36695826381862
45.6571448240896,456.57144824089596,9.375396410528667
45.79477387050539,457.9477387050539,9.383777292491725
45.93252499850048,459.3252499850048,9.392101017617762
46.07039737139125,460.70397371391255,9.400367696261961
46.20839015414814,462.0839015414814,9.408577441202638
46.3465025134309,463.465025134309,9.416730367619031
46.48473361762346,464.84733617623465,9.424826593068953
46.62308263686851,466.2308263686851,9.432866237466353
46.761548743101685,467.61548743101685,9.44084942305874
46.900131110085496,469.001311100855,9.448776274404526
47.03882891344286,470.38828913442865,9.456646918350232
47.177641330690356,471.7764133069036,9.46446148400763
47.31656754127108,473.16567541271075,9.472220102730757
47.455606726587206,474.55606726587206,9.479922908092863
47.5947580700322,475.94758070032196,9.48757003586326
47.734020757022684,477.3402075702268,9.495161623984083
47.87339397502997,478.73393975029967,9.502697812546984
48.012876913611215,480.12876913611217,9.510178743769739
48.1524687644403,481.524687644403,9.517604561972796
48.2921687213383,482.921687213383,9.524975413555739
48.431975980303626,484.3197598030363,9.53229144697371
48.57188973954185,485.71889739541854,9.539552812713751
48.71190919949515,487.11909199495153,9.546759663271105
48.8520335628714,488.52033562871395,9.553912153125454
48.99226203467293,489.92262034672933,9.561010438717123
49.13259382222496,491.32593822224965,9.568054678423222
49.273028135203624,492.73028135203623,9.575045032533765
49.41356418566369,494.1356418566369,9.581981663227745
49.5542011880659,495.54201188065906,9.588864734549169
49.694938359304004,496.94938359304,9.595694412383079
49.83577491873136,498.35774918731363,9.602470864431535
49.97671008818728,499.7671008818728,9.609194260189579
50.117743092022955,501.17743092022954,9.615864770921187
50.25887315712703,502.5887315712703,9.622482569635196
50.40009951295085,504.0009951295085,9.629047831061232
50.54142139153338,505.41421391533385,9.635560731625615
50.6828380275257,506.82838027525696,9.642021449427274
50.82434865821517,508.2434865821517,9.648430164213648
50.965952523549305,509.65952523549305,9.654787057356607
51.107648866159195,511.07648866159195,9.661092311828359
51.24943693138267,512.4943693138267,9.667346112177373
51.39131596728702,513.9131596728702,9.673548644504333
51.53328522469145,515.3328522469145,9.679700096438067
51.67534395718911,516.753439571891,9.685800657111539
51.81749142116881,518.1749142116881,9.691850517137828
51.9597268758364,519.5972687583641,9.69784986858616
52.10204958323575,521.0204958323575,9.703798904957937
52.24445880826939,522.4445880826939,9.709697821162838
52.38695381871888,523.8695381871888,9.715546813494905
52.52953388526468,525.2953388526468,9.721346079608713
52.67219828150581,526.721982815058,9.727095818495544
52.81494628397909,528.1494628397909,9.732796230459625
52.957777172178055,529.5777717217806,9.738447517094405
53.100690228571516,531.0069022857151,9.74404988125888
53.24368473862176,532.4368473862176,9.749603527053965
53.38675999080243,533.8675999080243,9.755108659798934
53.529915276616066,535.2991527661607,9.760565486007895
53.67314989061125,536.7314989061125,9.765974213366347
53.81646313039946,538.1646313039946,9.77133505070778
53.959854296671594,539.598542966716,9.776648207990354
54.10332269321407,541.0332269321407,9.78191389627363
54.246867626924676,542.4686762692468,9.787132327695387
54.390488407828045,543.9048840782805,9.792303715448496
54.53418434909077,545.3418434909078,9.797428273757872
54.677954767036226,546.7795476703623,9.802506217857513
54.82179898115901,548.2179898115901,9.8075377639676
54.9657163141391,549.657163141391,9.8125231292717
55.10970609185563,551.0970609185563,9.817462531894016
55.25376764340036,552.5376764340036,9.822356190876771
55.397900301090814,553.9790030109082,9.827204326157641
55.54210340048308,555.4210340048307,9.83200715854729
55.68637628038428,556.8637628038427,9.836764909707
55.83071828286473,558.3071828286473,9.84147780212639
55.97512875326975,559.7512875326975,9.846146059101239
56.11960704023118,561.1960704023118,9.850769904711386
56.264152495678545,562.6415249567855,9.855349563798757
56.40876447484992,564.0876447484992,9.859885261945472
56.55344233630245,565.5344233630245,9.864377225452063
56.698185441922604,566.981854419226,9.868825681315796
56.84299315693603,568.4299315693603,9.8732308572091
56.98786484991718,569.8786484991718,9.877592981458104
57.132799892798566,571.3279989279856,9.881912283021283
57.277797660879735,572.7779766087973,9.886188991468213
57.422857532835906,574.228575328359,9.890423336958445
57.56797889072632,575.6797889072632,9.894615550220488
57.713161120002304,577.131611200023,9.89876586253091
57.85840360951496,578.5840360951496,9.902874505693555
58.003705751522624,580.0370575152263,9.906941712018881
58.149066941697996,581.4906694169799,9.91096771430342
58.294486579134954,582.9448657913496,9.914952745809344
58.4399640663551,584.399640663551,9.918897040244186
58.58549880931399,585.8549880931399,9.922800831740641
58.73109021740707,587.3109021740707,9.926664354836536
58.876737703475335,588.7673770347534,9.930487844454893
59.022440683810686,590.2244068381069,9.934271535884136
59.168198578161,591.6819857816099,9.938015664758426
59.3140108097349,593.1401080973491,9.941720467038115
59.4598768052063,594.598768052063,9.945386178990343
59.605795994718555,596.0579599471855,9.949013037169765
59.751767811888456,597.5176781188845,9.95260127839939
59.89779169380985,598.9779169380985,9.956151139751592
60.04386708105704,600.4386708105703,9.959662858529208
60.18999341768788,601.8999341768788,9.963136672246822
60.33617015124662,603.3617015124662,9.966572818612137
60.482396732766446,604.8239673276645,9.969971535507517
60.6286726167718,606.286726167718,9.973333060971646
60.77499726128038,607.7499726128038,9.976657633181341
60.92137012780493,609.2137012780493,9.979945490433492
61.06779068135469,610.6779068135469,9.983196871127141
61.21425839043669,612.1425839043669,9.986412013745714
61.360772727056705,613.607727270567,9.989591156839374
61.50733316671997,615.0733316671997,9.992734539007529
61.65393918843164,616.5393918843164,9.995842398881479
61.80059027469705,618.0059027469705,9.9989149751072
61.94728591152162,619.4728591152161,10.001952506328271
62.0940255884106,620.940255884106,10.004955231168953
62.24080879836857,622.4080879836857,10.007923388217394
62.387635037898605,623.876350378986,10.010857216008995
62.534503807001315,625.3450380700132,10.013756953009908
62.68141460917355,626.8141460917356,10.016622837600675
62.828366951406935,628.2836695140693,10.019455108060031
62.975360344186115,629.7536034418612,10.022254002548827
63.12239430148682,631.2239430148682,10.025019759094107
63.26946834077365,632.6946834077365,10.02775261557334
63.416581982997656,634.1658198299765,10.03045280969878
63.5637347525937,635.637347525937,10.033120579001976
63.71092617747758,637.1092617747759,10.035756160818439
63.858155789042904,638.581557890429,10.038359792272434
64.00542312215781,640.0542312215781,10.040931710261933
64.15272771516139,641.5272771516139,10.043472151443705
64.30006910985998,643.0006910985998,10.045981352218552
64.44744685152314,644.4744685152314,10.048459548716691
64.59486048887953,645.9486048887953,10.050906976783283
64.74230957411247,647.4230957411247,10.053323871964102
64.88979366285535,648.8979366285536,10.055710469491348
65.03731231418688,650.3731231418687,10.058067004269615
65.18486509062598,651.8486509062598,10.060393710861986
65.33245155812665,653.3245155812665,10.062690823476286
65.48007128607256,654.8007128607255,10.064958575951474
65.62772384727138,656.2772384727139,10.067197201744179
65.77540881794904,657.7540881794904,10.069406933915374
65.92312577774369,659.2312577774369,10.071588005117203
66.07087430969955,660.7087430969955,10.07374064757994
66.2186540002605,662.1865400026049,10.075865093099104
66.36646443926355,663.6646443926355,10.077961573022693
66.51430521993207,665.1430521993207,10.08003031823859
66.66217593886883,666.6217593886882,10.08207155916208
66.81007619604895,668.1007619604895,10.084085525723532
66.95800559481259,669.5800559481258,10.086072447356205
67.10596374185744,671.0596374185743,10.088032552984199
67.25395024723113,672.5395024723114,10.089966071010553
67.40196472432339,674.019647243234,10.091873229305465
67.55000678985806,675.5000678985806,10.093754255194671
67.69807606388494,676.9807606388495,10.095609375447939
67.84617216977149,678.4617216977149,10.097438816267726
67.99429473419433,679.9429473419433,10.099242803277946
68.14244338713057,681.4244338713057,10.10102156151289
68.29061776184903,682.9061776184903,10.102775315406284
68.43881749490129,684.3881749490129,10.104504288780467
68.5870422261125,685.870422261125,10.106208704835716
68.73529159857218,687.3529159857218,10.1078887861397
68.88356525862471,688.8356525862471,10.109544754617069
69.03186285585986,690.3186285585986,10.111176831539174
69.1801840431029,691.801840431029,10.112785237513913
69.32852847640488,693.2852847640488,10.114370192475725
69.47689581503252,694.7689581503253,10.115931915675695
69.62528572145806,696.2528572145806,10.117470625671796
69.77369786134895,697.7369786134896,10.118986540319266
69.92213190355744,699.2213190355744,10.120479876761104
70.07058752010994,700.7058752010994,10.1219508514187
70.21906438619634,702.1906438619634,10.123399679982583
70.36756218015914,703.6756218015914,10.124826577403308
70.51608058348248,705.1608058348247,10.126231757882456
70.664619280781,706.6461928078099,10.127615434863763
70.81317795978862,708.1317795978862,10.128977821024375
70.96175631134716,709.6175631134715,10.130319128266217
71.11035402939486,711.1035402939485,10.131639567707499
71.25897081095472,712.5897081095472,10.132939349674329
71.40760635612283,714.0760635612282,10.134218683692445
71.55626036805644,715.5626036805644,10.135477778479085
71.70493255296205,717.0493255296205,10.136716841934952
71.85362262008326,718.5362262008325,10.137936081136312
72.00233028168859,720.0233028168859,10.1391357023272
72.15105525305916,721.5105525305916,10.140315910911756
72.29979725247627,722.9979725247626,10.14147691144665
72.44855600120886,724.4855600120886,10.142618907633654
72.59733122350084,725.9733122350085,10.143742102312297
72.74612264655838,727.4612264655838,10.144846697452648
72.89493000053697,728.9493000053698,10.145932894148213
73.0437530185286,730.437530185286,10.147000892608935
73.19259143654857,731.9259143654857,10.148050892154297
73.34144499352237,733.4144499352237,10.149083091206558
73.49031343127247,734.9031343127247,10.150097687284063
73.63919649450489,736.3919649450488,10.151094876994694
73.78809393079581,737.8809393079581,10.152074856029397
73.93700549057802,739.3700549057802,10.15303781915584
74.08593092712727,740.8593092712727,10.153983960212143
74.23486999654853,742.3486999654853,10.154913472100754
74.38382245776222,743.8382245776222,10.155826546782382
74.53278807249029,745.3278807249029,10.156723375270065
74.68176660524223,746.8176660524223,10.157604147623319
74.83075782330103,748.3075782330103,10.158469052942394
74.97976149670896,749.7976149670897,10.159318279362623
75.1287773982534,751.2877739825341,10.16015201404888
75.27780530345254,752.7780530345253,10.160970443190113
75.42684499054091,754.2684499054092,10.161773751993996
75.57589624045498,755.7589624045498,10.162562124681662
75.72495883681859,757.2495883681859,10.163335744482522
75.8740325659283,758.740325659283,10.1640947936292
76.02311721673878,760.2311721673879,10.164839453352533
76.17221258084797,761.7221258084796,10.165569903876683
76.32131845248226,763.2131845248226,10.16628632441432
76.4704346284816,764.704346284816,10.16698889316191
76.61956090828451,766.1956090828451,10.16767778729508
76.76869709391309,767.6869709391309,10.168353182964069
76.91784298995785,769.1784298995785,10.169015255289269
77.06699840356255,770.6699840356255,10.169664178356856
77.21616314440904,772.1616314440904,10.170300125214489
77.36533702470186,773.6533702470185,10.170923267867106
77.51451985915298,775.1451985915298,10.17153377727279
77.66371146496634,776.6371146496634,10.17213182333873
77.81291166182238,778.1291166182239,10.172717574917248
77.96212027186252,779.6212027186252,10.17329119980191
78.11133711967356,781.1133711967357,10.173852864723713
78.26056203227208,782.6056203227208,10.17440273534736
78.4097948390887,784.097948390887,10.174940976267589
78.55903537195238,785.5903537195238,10.175467751005598
78.70828346507456,787.0828346507456,10.17598322200553
78.8575389550334,788.5753895503341,10.176487550631043
79.0068016807578,790.068016807578,10.176980897161934
79.15607148351151,791.560714835115,10.177463420790858
79.30534820687711,793.0534820687711,10.177935279620094
79.45463169674,794.5463169673999,10.178396630658394
79.60392180127225,796.0392180127225,10.178847629817902
79.75321837091656,797.5321837091656,10.179288431911127
79.90252125837003,799.0252125837003,10.179719190647992
80.05183031856798,800.5183031856798,10.180140058632956
80.20114540866767,802.0114540866767,10.180551187362173
80.350466388032,803.5046638803201,10.180952727220756
80.4997931182132,804.9979311821321,10.181344827480059
80.64912546293645,806.4912546293646,10.181727636295056
80.79846328808345,807.9846328808345,10.182101300701765
80.947806461676,809.47806461676,10.182465966614732
81.09715485385948,810.9715485385948,10.182821778824573
81.24650833688638,812.4650833688638,10.183168880995586
81.39586678509968,813.9586678509968,10.183507415663406
81.54523007491635,815.4523007491634,10.183837524232723
81.69459808481062,816.9459808481063,10.184159346975054
81.84397069529744,818.4397069529745,10.184473023026575
81.99334778891573,819.9334778891573,10.184778690385997
82.14272925021166,821.4272925021166,10.185076485912496
82.29211496572196,822.9211496572196,10.185366545323715
82.4415048239571,824.415048239571,10.185649003193781
82.59089871538453,825.9089871538453,10.185923992951409
82.74029653241179,827.4029653241179,10.18619164687803
82.88969816936975,828.8969816936975,10.18645209610598
83.03910352249565,830.3910352249566,10.186705470616728
83.18851248991622,831.8851248991622,10.18695189923917
83.33792497163077,833.3792497163076,10.187191509647942
83.48734086949422,834.8734086949422,10.187424428361798
83.63676008720013,836.3676008720013,10.187650780742024
83.78618253026369,837.8618253026368,10.187870690990904
83.9356081060047,839.3560810600469,10.18808428215022
84.08503672353055,840.8503672353055,10.188291676099794
84.23446829371913,842.3446829371914,10.18849299355608
84.38390272920178,843.8390272920178,10.188688354070795
84.53333994434614,845.3333994434614,10.188877876029572
84.68277985523908,846.8277985523907,10.189061676650685
84.8322223796695,848.322223796695,10.189239871983778
84.98166743711126,849.8166743711125,10.18941257690866
85.13111494870589,851.3111494870589,10.189579905134117
85.2805648372455,852.805648372455,10.189741969196767
85.43001702715554,854.3001702715554,10.189898880459952
85.57947144447755,855.7947144447755,10.190050749112668
85.72892801685194,857.2892801685193,10.190197684168515
85.87838667350074,858.7838667350075,10.1903397934647
86.02784734521035,860.2784734521035,10.19047718366105
86.17730996431419,861.7730996431419,10.19060996023908
86.32677446467548,863.2677446467549,10.190738227501072
86.4762407816699,864.762407816699,10.1908620885692
86.62570885216826,866.2570885216826,10.190981645384673
86.77517861451919,867.7517861451919,10.191096998706914
86.92465000853178,869.2465000853178,10.191208248112765
87.07412297545824,870.7412297545824,10.191315491995722
87.22359745797648,872.2359745797648,10.191418827565192
87.37307340017283,873.7307340017283,10.19151835084578
87.52255074752456,875.2255074752456,10.191614156676605
87.67202944688253,876.7202944688254,10.191706338710638
87.82150944645377,878.2150944645377,10.191794989414054
87.97099069578408,879.7099069578408,10.191880200065636
88.12047314574058,881.2047314574057,10.191962060756168
88.26995674849428,882.6995674849428,10.192040660387876
88.4194414575027,884.1944145750269,10.192116086673884
88.56892722749234,885.6892722749234,10.192188426137681
88.71841401444125,887.1841401444125,10.19225776411263
88.8679017755616,888.6790177556161,10.19232418474148
89.01739046928218,890.1739046928218,10.192387770975898
89.1668800552309,891.668800552309,10.19244860457604
89.31637049421741,893.163704942174,10.192506766110109
89.46586174821547,894.6586174821548,10.192562334953964
89.61535378034559,896.1535378034558,10.192615389290728
89.7648465548574,897.648465548574,10.192666006110409
89.91434003711228,899.1434003711229,10.192714261209554
90.06383419356575,900.6383419356575,10.192760229190911
90.21332899175002,902.1332899175002,10.1928039834631
90.3628244002564,903.628244002564,10.192845596240314
90.51232038871785,905.1232038871785,10.192885138542014
90.66181692779143,906.6181692779144,10.192922680192666
90.81131398914076,908.1131398914076,10.192958289821465
90.96081154541847,909.6081154541846,10.192992034862089
91.1103095702487,911.103095702487,10.19302398155246
91.25980803820954,912.5980803820954,10.193054194934515
91.4093069248155,914.093069248155,10.193082738853995
91.5588062064999,915.5880620649989,10.19310967596024
91.70830586059742,917.0830586059742,10.193135067706004
91.85780586532648,918.5780586532649,10.193158974347265
92.00730619977169,920.0730619977169,10.193181454943057
92.15680684386632,921.5680684386632,10.193202567355316
92.30630777837472,923.0630777837472,10.193222368248723
92.45580898487474,924.5580898487474,10.193240913090563
92.60531044574022,926.0531044574021,10.193258256150592
92.75481214412338,927.5481214412338,10.193274450500917
92.90431406393726,929.0431406393726,10.193289548015871
93.05381618983817,930.5381618983818,10.193303599371905
93.2033185072081,932.033185072081,10.193316654047496
93.35282100213712,933.5282100213713,10.193328760323043
93.50232366140591,935.0232366140591,10.19333996528078
93.65182647246806,936.5182647246806,10.193350314804698
93.80132942343256,938.0132942343256,10.193359853580466
93.95083250304624,939.5083250304624,10.193368625095362
94.10033570067615,941.0033570067616,10.19337667163821
94.249839006292,942.4983900629201,10.193384034299319
94.3993424104486,943.9934241044859,10.193390752970428
94.54884590426822,945.4884590426822,10.193396866344658
94.69834947942307,946.9834947942308,10.193402411916464
94.84785312811772,948.4785312811772,10.193407425981597
94.99735684307146,949.9735684307145,10.193411943637063
95.14686061750078,951.4686061750078,10.193415998781088
95.29636444510176,952.9636444510176,10.193419624113092
95.44586832003247,954.4586832003247,10.19342285113366
95.59537223689546,955.9537223689546,10.193425710144512
95.74487619072005,957.4487619072005,10.193428230248484
95.89438017694485,958.9438017694486,10.193430439349516
96.04388419140017,960.4388419140016,10.193432364152619
96.19338823029037,961.9338823029036,10.193434030163875
96.34289229017634,963.4289229017634,10.193435461690413
96.49239636795788,964.9239636795788,10.193436681840407
96.64190046085615,966.4190046085615,10.193437712523055
96.79140456639601,967.9140456639601,10.193438574448582
96.94090868238854,969.4090868238854,10.193439287128221
97.09041280691336,970.9041280691337,10.193439868874218
97.2399169383011,972.3991693830111,10.193440336799823
97.38942107511582,973.8942107511582,10.193440706819281
97.53892521613736,975.3892521613736,10.193440993647835
97.68842936034382,976.8842936034382,10.19344121080172
97.83793350689398,978.3793350689398,10.193441370598164
97.98743765510963,979.8743765510962,10.193441484155382
98.1369418044581,981.369418044581,10.193441561392582
98.2864459545346,982.864459545346,10.193441611029954
98.43595010504463,984.3595010504463,10.193441640588675
98.58545425578642,985.8545425578642,10.193441656390915
98.73495840663335,987.3495840663336,10.193441663559824
98.88446255751636,988.8446255751636,10.193441666019538
99.03396670840634,990.3396670840634,10.193441666495184
99.18347085929658,991.8347085929657,10.19344166651287
99.33297501018517,993.3297501018517,10.193441666399693
99.48247916105738,994.8247916105738,10.193441665283736
99.63198331186815,996.3198331186816,10.193441661094065
99.78148746252444,997.8148746252443,10.193441650560734
99.93099161286764,999.3099161286764,10.193441629214787
100.08049576265606,1000.8049576265605,10.193441591388247
100.22999991154725,1002.2999991154725,10.193441530214127
100.37950405908049,1003.7950405908049,10.193441437626428
100.52900820465915,1005.2900820465915,10.193441304360134
100.67851234753314,1006.7851234753314,10.193441119951217
100.82801648678131,1008.280164867813,10.193440872736641
100.97752062129386,1009.7752062129387,10.193440549854357
101.12702474975477,1011.2702474975476,10.193440137243304
101.27652887062419,1012.7652887062419,10.193439619643415
101.42603298212089,1014.2603298212089,10.193438980595623
101.57553708220465,1015.7553708220464,10.193438202441854
101.72504116855866,1017.2504116855866,10.19343726632504
101.87454523857197,1018.7454523857197,10.193436152189117
102.0240492893219,1020.240492893219,10.193434838779034
102.1735533175564,1021.735533175564,10.193433303640765
102.32305731967656,1023.2305731967656,10.193431523121307
102.47256129171896,1024.7256129171897,10.193429472368699
102.62206522933806,1026.2206522933807,10.193427125332027
102.77156912778871,1027.7156912778871,10.193424454761438
102.92107298190848,1029.210729819085,10.19342143220816
103.0705767861001,1030.705767861001,10.193418028024512
103.22008053431392,1032.200805343139,10.193414211363926
103.36958422003025,1033.6958422003024,10.19340995018097
103.51908783624181,1035.190878362418,10.19340521123137
103.6685913754362,1036.685913754362,10.193399960072043
103.81809482957823,1038.1809482957824,10.193394161061114
103.9675981900924,1039.675981900924,10.193387777357966
104.1171014478453,1041.171014478453,10.193380770923264
104.26660459312802,1042.6660459312802,10.193373102519004
104.41610761563857,1044.1610761563857,10.193364731708554
104.56561050446432,1045.6561050446433,10.193355616856705
104.71511324806441,1047.151132480644,10.193345715129718
104.86461583425218,1048.6461583425219,10.193334982495397
105.01411825017756,1050.1411825017756,10.19332337372314
105.16362048230955,1051.6362048230956,10.19331084238401
105.31312251641862,1053.1312251641862,10.193297340850814
105.46262433755908,1054.6262433755908,10.19328282029818
105.61212593005162,1056.1212593005162,10.193267230702645
105.76162727746566,1057.6162727746566,10.19325052084275
105.9111283626018,1059.1112836260181,10.193232638299138
106.06062916747425,1060.6062916747424,10.193213529454663
106.21012967329327,1062.1012967329327,10.193193139494507
106.35962986044761,1063.596298604476,10.193171412406299
106.50912970848694,1065.0912970848694,10.193148290980252
106.65862919610427,1066.5862919610427,10.193123716809296
106.80812830111843,1068.0812830111843,10.19309763028924
106.95762700045651,1069.5762700045652,10.193069970618913
107.10712527013628,1071.0712527013627,10.193040675800352
107.25662308524863,1072.5662308524863,10.193009682638966
107.40612041994011,1074.0612041994011,10.19297692674373
107.55561724739526,1075.5561724739525,10.192942342527394
107.70511353981915,1077.0511353981915,10.19290586320668
107.85460926841984,1078.5460926841984,10.192867420802514
108.0041044033908,1080.041044033908,10.19282694614027
108.1535989138934,1081.535989138934,10.192784368850004
108.30309276803943,1083.0309276803944,10.192739617366723
108.4525859328735,1084.5258593287351,10.192692618930668
108.60207837435557,1086.0207837435557,10.192643299587589
108.7515700573434,1087.515700573434,10.192591584189064
108.90106094557507,1089.0106094557507,10.192537396392813
109.05055100165148,1090.5055100165148,10.192480658663033
109.20004018701883,1092.0004018701884,10.192421292270751
109.34952846195112,1093.4952846195113,10.192359217294188
109.49901578553268,1094.9901578553267,10.192294352619152
109.64850211564068,1096.485021156407,10.192226615939438
109.79798740892765,1097.9798740892766,10.192155923757243
109.94747162080402,1099.4747162080403,10.192082191383616
110.09695470542064,1100.9695470542065,10.19200533293891
110.24643661565133,1102.4643661565133,10.19192526135326
110.39591730307545,1103.9591730307545,10.191841888367092
110.54539671796041,1105.4539671796042,10.19175512453163
110.69487480924431,1106.948748092443,10.191664879209448
110.84435152451844,1108.4435152451845,10.191571060575027
110.99382681000992,1109.9382681000993,10.19147357561535
111.14330061056424,1111.4330061056423,10.191372330130498
111.29277286962791,1112.927728696279,10.191267228734297
111.44224352923105,1114.4224352923104,10.191158174854971
111.59171252997001,1115.9171252997,10.191045070735822
111.74117981099,1117.4117981099,10.190927817435943
111.89064530996774,1118.9064530996775,10.190806314830953
112.04010896309408,1120.4010896309408,10.190680461613757
112.18957070505675,1121.8957070505676,10.190550155295337
112.33903046902294,1123.3903046902294,10.190415292205573
112.48848818662205,1124.8848818662204,10.190275767494084
112.63794378792835,1126.3794378792836,10.19013147513111
112.78739720144375,1127.8739720144376,10.18998230790842
112.93684835408048,1129.3684835408048,10.18982815744024
113.08629717114385,1130.8629717114386,10.18966891416424
113.23574357631503,1132.3574357631503,10.189504467342518
113.38518749163377,1133.8518749163377,10.189334705062649
113.53462883748126,1135.3462883748127,10.189159514238746
113.68406753256288,1136.8406753256288,10.188978780612567
113.83350349389103,1138.3350349389102,10.188792388754655
113.982936636768,1139.82936636768,10.188600222065505
114.1323668747688,1141.323668747688,10.188402162776788
114.28179411972404,1142.8179411972403,10.188198091952588
114.43121828170284,1144.3121828170283,10.187987889490696
114.58063926899571,1145.8063926899572,10.187771434123935
114.73005698809752,1147.3005698809752,10.187548603421524
114.87947134369043,1148.7947134369042,10.187319273790486
115.02888223862686,1150.2888223862687,10.187083320477091
115.17828957391255,1151.7828957391255,10.186840617568354
115.32769324868949,1153.2769324868948,10.18659103799356
115.47709316021901,1154.77093160219,10.186334453525847
115.62648920386486,1156.2648920386487,10.186070734783813
115.77588127307628,1157.7588127307629,10.185799751233203
115.92526925937109,1159.252692593711,10.1855213711886
116.0746530523189,1160.746530523189,10.185235461815196
116.2240325395242,1162.240325395242,10.184941889130595
116.37340760660965,1163.7340760660963,10.184640518006667
116.5227781371992,1165.227781371992,10.184331212171456
116.67214401290143,1166.7214401290144,10.184013834211127
116.82150511329276,1168.2150511329276,10.183688245571984
116.97086131590082,1169.708613159008,10.183354306562512
117.12021249618776,1171.2021249618776,10.183011876355499
117.26955852753365,1172.6955852753365,10.182660812990202
117.41889928121984,1174.1889928121984,10.182300973374549
117.56823462641246,1175.6823462641246,10.181932213287432
117.71756443014586,1177.1756443014585,10.181554387381029
117.86688855730613,1178.6688855730613,10.18116734918319
118.01620687061462,1180.1620687061463,10.18077095109988
118.16551923061158,1181.6551923061159,10.180365044417695
118.31482549563972,1183.1482549563973,10.179949479306412
118.46412552182791,1184.6412552182792,10.179524104821624
118.61341916307484,1186.1341916307483,10.179088768907423
118.7627062710328,1187.627062710328,10.178643318399148
118.91198669509143,1189.1198669509142,10.1781875990262
119.06126028236156,1190.6126028236156,10.177721455414916
119.21052687765906,1192.1052687765907,10.17724473109152
119.35978632348875,1193.5978632348874,10.176757268485114
119.50903846002836,1195.0903846002836,10.176258908930775
119.65828312511255,1196.5828312511255,10.175749492672685
119.8075201542169,1198.075201542169,10.175228858867348
119.95674938044208,1199.5674938044208,10.174696845586874
120.10597063449791,1201.059706344979,10.17415328982233
120.25518374468766,1202.5518374468766,10.173598027487172
120.40438853689218,1204.0438853689218,10.173030893420737
120.55358483455433,1205.5358483455434,10.172451721391818
120.70277245866318,1207.0277245866318,10.171860344102315
120.85195122773852,1208.5195122773853,10.171256593190952
121.00112095781535,1210.0112095781535,10.170640299237084
121.15028146242827,1211.5028146242826,10.170011291764562
121.29943255259619,1212.9943255259618,10.169369399245708
121.44857403680687,1214.4857403680687,10.16871444910533
121.59770572100172,1215.9770572100172,10.168046267724858
121.74682740856042,1217.4682740856042,10.167364680446523
121.89593890028587,1218.9593890028586,10.166669511577652
122.04503999438901,1220.4503999438903,10.165960584395025
122.1941304864738,1221.941304864738,10.165237721149325
122.34321016952218,1223.4321016952217,10.164500743069667
122.49227883387923,1224.9227883387923,10.163749470368227
122.64133626723827,1226.4133626723828,10.162983722244942
122.79038225462614,1227.9038225462614,10.162203316892308
122.93941657838842,1229.394165783884,10.161408071500267
123.08843901817484,1230.8843901817484,10.160597802261181
123.23744935092475,1232.3744935092475,10.159772324374899
123.38644735085259,1233.8644735085259,10.158931452053912
123.53543278943351,1235.3543278943353,10.158074998528614
123.68440543538904,1236.8440543538904,10.15720277605264
123.83336505467285,1238.3336505467284,10.156314595908315
123.98231141045657,1239.8231141045658,10.155410268412187
124.13124426311573,1241.3124426311574,10.154489602920659
124.28016337021573,1242.8016337021572,10.153552407835736
124.42906848649797,1244.2906848649798,10.152598490610838
124.57795936386599,1245.77959363866,10.151627657756748
124.72683575137174,1247.2683575137173,10.15063971484764
124.87569739520195,1248.7569739520195,10.14963446652721
125.02454403866456,1250.2454403866457,10.148611716514921
125.17337542217525,1251.7337542217526,10.14757126761234
125.3221912832441,1253.221912832441,10.146512921709594
125.47099135646226,1254.7099135646226,10.145436479791904
125.61977537348886,1256.1977537348887,10.14434174194627
125.76854306303788,1257.6854306303787,10.143228507368217
125.91729415086517,1259.1729415086518,10.14209657436868
126.06602835975562,1260.6602835975561,10.140945740380987
126.21474540951034,1262.1474540951035,10.13977580196796
126.36344501693405,1263.6344501693404,10.138586554829116
126.51212689582249,1265.1212689582248,10.137377793807987
126.66079075695,1266.6079075695,10.136149312899558
126.80943630805714,1268.0943630805714,10.134900905257808
126.95806325383855,1269.5806325383855,10.133632363203375
127.10667129593072,1271.0667129593073,10.132343478231336
127.25526013290013,1272.5526013290014,10.131034041019092
127.4038294602313,1274.0382946023128,10.129703841434397
127.55237897031502,1275.5237897031502,10.12835266854347
127.70090835243678,1277.0090835243677,10.126980310619263
127.8494172927652,1278.494172927652,10.125586555149818
127.99790547434066,1279.9790547434066,10.124171188846764
128.14637257706406,1281.4637257706406,10.122733997653933
128.29481827768564,1282.9481827768564,10.121274766756091
128.44324224979403,1284.4324224979403,10.119793280587807
128.59164416380537,1285.9164416380536,10.118289322842427
128.74002368695253,1287.4002368695253,10.116762676481189
128.88838048327452,1288.8838048327452,10.11521312374246
129.03671421360607,1290.3671421360607,10.113640446151097
129.1850245355673,1291.850245355673,10.112044424527936
129.33331110355346,1293.3331110355346,10.110424838999414
129.48157356872494,1294.8157356872493,10.10878146900731
129.62981157899742,1296.2981157899742,10.107114093318632
129.77802477903202,1297.7802477903201,10.105422490035615
129.9262128102258,1299.262128102258,10.10370643660587
130.07437531070218,1300.7437531070218,10.101965709832646
130.22251191530182,1302.225119153018,10.10020008588524
130.37062225557335,1303.7062225557336,10.098409340309528
130.51870595976436,1305.1870595976436,10.09659324803865
130.66676265281268,1306.6676265281267,10.094751583403795
130.81479195633761,1308.147919563376,10.09288412014516
130.96279348863152,1309.6279348863152,10.090990631423017
131.11076686465137,1311.1076686465137,10.08907088982893
131.2587116960107,1312.5871169601069,10.087124667397108
131.40662759097145,1314.0662759097145,10.085151735615883
131.5545141544363,1315.545141544363,10.083151865439348
131.70237098794084,1317.0237098794084,10.081124827299119
131.85019768964622,1318.501976896462,10.079070391116232
131.99799385433175,1319.9799385433175,10.076988326313197
132.1457590733878,1321.457590733878,10.074878401826174
132.29349293480888,1322.9349293480889,10.072740386117305
132.44119502318676,1324.4119502318676,10.070574047187172
132.588864919704,1325.8886491970402,10.068379152587415
132.73650220212755,1327.3650220212755,10.066155469433472
132.88410644480243,1328.8410644480243,10.063902764417474
133.03167721864583,1330.3167721864584,10.061620803821285
133.17921409114123,1331.7921409114124,10.059309353529674
133.32671662633282,1333.2671662633284,10.056968179043636
133.47418438481998,1334.7418438481998,10.05459704549386
133.6216169237521,1336.216169237521,10.05219571765434
133.7690137968236,1337.690137968236,10.049763959956122
133.916374554269,1339.1637455426899,10.047301536501209
134.0636987428584,1340.636987428584,10.044808211076596
134.210985905893,1342.1098590589302,10.042283747168467
134.35823558320092,1343.5823558320092,10.03972790797652
134.50544731113322,1345.0544731113323,10.03714045642845
134.6526206225601,1346.526206225601,10.034521155194568
134.7997550468674,1347.997550468674,10.031869766702576
134.94685010995317,1349.4685010995317,10.029186053152477
135.09390533422464,1350.9390533422466,10.026469776531636
135.24092023859524,1352.4092023859523,10.02372069862999
135.387894338482,1353.87894338482,10.020938581055393
135.5348271458031,1355.348271458031,10.018123185249118
135.68171816897558,1356.8171816897557,10.015274272501502
135.8285669129135,1358.285669129135,10.012391603967728
135.97537287902603,1359.7537287902603,10.009474940683763
136.12213556521604,1361.2213556521604,10.006524043582436
136.2688544658788,1362.688544658788,10.003538673509665
136.41552907190095,1364.1552907190094,10.000518591240821
136.5621588706597,1365.6215887065969,9.99746355749725
136.70874334602226,1367.0874334602227,9.99437333296292
136.8552819783456,1368.552819783456,9.991247678301235
137.00177424447634,1370.0177424447634,9.988086354171973
137.14821961775095,1371.4821961775096,9.984889121248377
137.29461756799626,1372.9461756799626,9.981655740234396
137.44096756153004,1374.4096756153003,9.978385971882052
137.58726906116217,1375.8726906116217,9.975079577008959
137.73352152619563,1377.3352152619564,9.971736316515987
137.8797244124281,1378.797244124281,9.968355951405057
138.0258771721537,1380.2587717215372,9.964938242797095
138.17197925416508,1381.7197925416508,9.961482951950098
138.3180301037555,1383.180301037555,9.957989840277365
138.4640291627215,1384.640291627215,9.954458669365863
138.6099758693657,1386.0997586936571,9.95088920099471
138.75586965850002,1387.5586965850002,9.947281197153833
138.90170996144874,1389.0170996144875,9.94363442006272
139.04749620605247,1390.4749620605248,9.939948632189344
139.19322781667188,1391.9322781667188,9.936223596269206
139.33890421419193,1393.3890421419192,9.932459075324509
139.48452481602644,1394.8452481602644,9.928654832683478
139.6300890361228,1396.300890361228,9.924810631999799
139.775596284967,1397.7559628496701,9.920926237272202
139.92104596958907,1399.2104596958907,9.917001412864165
140.06643749356863,1400.6643749356863,9.913035923523758
140.21177025704085,1402.1177025704085,9.909029534403597
140.35704365670279,1403.5704365670279,9.904982011080957
140.5022570858197,1405.022570858197,9.900893119577972
140.64740993423206,1406.4740993423206,9.896762626381996
140.79250158836257,1407.9250158836257,9.892590298466065
140.93753143122365,1409.3753143122365,9.888375903309486
141.08249884242508,1410.824988424251,9.884119208918564
141.22740319818217,1412.2740319818217,9.879819983847423
141.37224387132397,1413.7224387132396,9.87547799721896
141.517020231302,1415.1702023130201,9.871093018745924
141.6617316441992,1416.617316441992,9.866664818752092
141.80637747273914,1418.0637747273913,9.862193168193569
141.9509570762957,1419.509570762957,9.857677838680209
142.09546981090296,1420.9546981090296,9.853118602497132
142.23991502926532,1422.3991502926533,9.848515232626362
142.38429208076818,1423.8429208076818,9.84386750276856
142.5286003114887,1425.286003114887,9.839175187364889
142.67283906420704,1426.7283906420703,9.834438061618947
142.81700767841784,1428.1700767841785,9.829655901518834
142.96110549034205,1429.6110549034206,9.824828483859305
143.10513183293912,1431.0513183293913,9.819955586264026
143.24908603591942,1432.4908603591941,9.815036987207925
143.3929674257571,1433.929674257571,9.810072466039642
143.53677532570322,1435.3677532570323,9.805061803004067
143.68050905579926,1436.8050905579926,9.800004779264972
143.8241679328909,1438.241679328909,9.794901176927738
143.96775127064217,1439.6775127064216,9.789750779062151
144.11125837954992,1441.1125837954992,9.78455336972531
144.25468856695866,1442.5468856695866,9.779308733984589
144.3980411370757,1443.9804113707569,9.774016657940702
144.5413153909866,1445.413153909866,9.768676928750835
144.68451062667114,1446.8451062667114,9.763289334651853
144.82762613901934,1448.2762613901934,9.757853664983587
144.97066121984813,1449.7066121984813,9.752369710212188
145.11361515791802,1451.1361515791803,9.746837261953543
145.2564872389505,1452.5648723895051,9.741256112996778
145.39927674564552,1453.992767456455,9.735626057327798
145.54198295769933,1455.4198295769934,9.729946890152906
145.6846051518228,1456.846051518228,9.724218407922473
145.82714260176002,1458.2714260176,9.718440408354668
145.96959457830718,1459.6959457830717,9.712612690459238
146.11196034933192,1461.1196034933191,9.706735054561335
146.25423917979293,1462.5423917979292,9.700807302325398
146.39643033176,1463.9643033176,9.694829236779075
146.5385330644343,1465.385330644343,9.68880066233719
146.6805466341691,1466.805466341691,9.68272138482574
146.8224702944909,1468.224702944909,9.676591211505942
146.96430329612068,1469.6430329612067,9.670409951098296
147.10604488699576,1471.0604488699576,9.664177413806701
147.2476943122919,1472.4769431229192,9.65789341134257
147.38925081444575,1473.8925081444575,9.651557756948987
147.53071363317764,1475.3071363317763,9.645170265424891
147.67208200551485,1476.7208200551486,9.638730753149249
147.81335516581504,1478.1335516581503,9.632239038105268
147.95453234579014,1479.5453234579013,9.625694939904617
148.09561277453065,1480.9561277453065,9.619098279811645
148.2365956785302,1482.365956785302,9.612448880767607
148.3774802817105,1483.774802817105,9.605746567414895
148.51826580544665,1485.1826580544664,9.598991166121262
148.6589514685928,1486.589514685928,9.592182505004043
148.79953648750813,1487.9953648750813,9.585320413954369
148.94002007608333,1489.4002007608333,9.578404724661358
149.08040144576717,1490.8040144576717,9.571435270636298
149.2206798055937,1492.206798055937,9.564411887236814
149.36085436220966,1493.6085436220967,9.557334411690995
149.5009243199022,1495.009243199022,9.550202683121514
149.6408888806271,1496.408888806271,9.5430165425697
149.78074724403726,1497.8074724403725,9.53577583301958
149.92049860751146,1499.2049860751147,9.528480399421893
150.06014216618365,1500.6014216618364,9.52113008871805
150.1996771129725,1501.996771129725,9.51372474986404
150.33910263861117,1503.3910263861117,9.506264233854315
150.4784179316777,1504.7841793167772,9.498748393745595
150.6176221786256,1506.176221786256,9.491177084680615
150.75671456381465,1507.5671456381465,9.483550163911833
150.89569426954233,1508.9569426954233,9.475867490825046
151.03456047607543,1510.3456047607542,9.468128926962962
151.17331236168195,1511.7331236168195,9.460334336048668
151.31194910266353,1513.1194910266354,9.452483584009052
151.45046987338804,1514.5046987338806,9.444576538998122
151.58887384632266,1515.8887384632267,9.436613071420243
151.72716019206706,1517.2716019206705,9.42859305395329
151.86532807938733,1518.6532807938734,9.420516361571709
152.00337667524977,1520.0337667524977,9.412382871569465
152.1413051448554,1521.4130514485541,9.4041924635829
152.27911265167458,1522.7911265167459,9.395945019613489
152.416798357482,1524.16798357482,9.387640424050467
152.55436142239213,1525.5436142239214,9.379278563693363
152.6918010048948,1526.9180100489482,9.370859327774394
152.82911626189127,1528.2911626189127,9.36238260798075
152.96630634873054,1529.6630634873054,9.353848298476754
153.103370419246,1531.03370419246,9.345256295925862
153.2403076257924,1532.403076257924,9.336606499512575
153.37711711928318,1533.7711711928318,9.327898810964161
153.51379804922803,1535.1379804922803,9.319133134572262
153.65034956377082,1536.503495637708,9.310309377214345
153.7867708097279,1537.8677080972789,9.301427448375001
153.92306093262658,1539.230609326266,9.292487260167073
154.05921907674406,1540.5921907674406,9.28348872735264
154.19524438514645,1541.9524438514645,9.274431767363822
154.33113599972842,1543.3113599972842,9.265316300323425
154.4668930612528,1544.668930612528,9.256142249065395
154.6025147093907,1546.025147093907,9.246909539155105
154.73800008276197,1547.3800008276198,9.237618098909461
154.87334831897567,1548.7334831897567,9.228267859416798
155.00855855467114,1550.0855855467114,9.218858754556608
155.1436299255591,1551.4362992555912,9.209390721019057
155.2785615664633,1552.785615664633,9.199863698324307
155.41335261136223,1554.1335261136223,9.190277628841628
155.54800219343116,1555.4800219343115,9.18063245780829
155.68250944508455,1556.8250944508454,9.170928133348266
155.81687349801857,1558.1687349801857,9.16116460649069
155.95109348325406,1559.5109348325404,9.151341831188116
156.08516853117962,1560.8516853117962,9.141459764334515
156.21909777159505,1562.1909777159503,9.131518365783077
156.35288033375497,1563.5288033375496,9.121517598363754
156.48651534641274,1564.8651534641274,9.111457427900572
156.62000193786469,1566.2000193786469,9.10133782322869
156.75333923599442,1567.5333923599442,9.091158756211218
156.8865263683175,1568.865263683175,9.080920201755777
157.0195624620264,1570.1956246202642,9.07062213783081
157.15244664403562,1571.5244664403563,9.06026454548161
157.28517804102694,1572.8517804102694,9.049847408846109
157.41775577949514,1574.1775577949513,9.039370715170378
157.5501789857937,1575.5017898579372,9.028834454823855
157.68244678618095,1576.8244678618094,9.018238621314314
157.81455830686616,1578.1455830686616,9.007583211302517
157.94651267405615,1579.4651267405616,8.996868224616613
158.07830901400183,1580.7830901400184,8.986093664266217
158.20994645304518,1582.0994645304518,8.975259536456232
158.34142411766618,1583.4142411766618,8.964365850600323
158.47274113453017,1584.7274113453018,8.95341261933414
158.60389663053525,1586.0389663053525,8.942399858528198
158.7348897328599,1587.348897328599,8.93132758730046
158.86571956901085,1588.6571956901084,8.92019582802861
158.996385266871,1589.96385266871,8.909004606362002
159.12688595474754,1591.2688595474754,8.897753951233284
159.25722076142043,1592.5722076142042,8.886443894869718
159.3873888161907,1593.873888161907,8.87507447280413
159.51738924892922,1595.1738924892923,8.863645723885584
159.64722119012538,1596.4722119012538,8.852157690289662
159.77688377093614,1597.7688377093614,8.84061041752845
159.90637612323502,1599.0637612323503,8.829003954460154
160.03569737966134,1600.3569737966134,8.817338353298375
160.1648466736696,1601.6484667366958,8.805613669621051
160.29382313957882,1602.938231395788,8.79382996237902
160.42262591262232,1604.2262591262233,8.781987293904246
160.5512541289973,1605.512541289973,8.77008572991768
160.67970692591467,1606.7970692591466,8.758125339536745
160.80798344164901,1608.07983441649,8.746106195282485
160.93608281558855,1609.3608281558854,8.734028373086309
161.06400418828528,1610.6400418828528,8.7218919522964
161.1917467015052,1611.917467015052,8.709697015683712
161.31930949827856,1613.1930949827856,8.697443649447628
161.4466917229502,1614.4669172295019,8.685131943221196
161.57389252123005,1615.7389252123005,8.672761990076022
161.70091104024357,1617.0091104024357,8.66033388652675
161.82774642858234,1618.2774642858235,8.647847732535165
161.95439783635467,1619.5439783635468,8.635303631513892
162.08086441523622,1620.8086441523621,8.62270169032973
162.2071453185208,1622.071453185208,8.610042019306558
162.33323970117095,1623.3323970117094,8.59732473222786
162.45914671986893,1624.5914671986893,8.584549946338843
162.5848655330673,1625.848655330673,8.571717782348168
162.71039530103988,1627.1039530103988,8.558828364429246
162.83573518593252,1628.3573518593253,8.54588182022116
162.96088435181395,1629.6088435181396,8.532878280829154
163.08584196472663,1630.8584196472661,8.519817880824725
163.21060719273757,1632.1060719273758,8.506700758245291
163.33517920598916,1633.3517920598915,8.493527054593462
163.45955717675,1634.5955717675,8.480296914835877
163.58374027946556,1635.8374027946556,8.467010487401634
163.70772769080912,1637.0772769080913,8.453667924180305
163.83151858973238,1638.3151858973238,8.44026938051951
163.95511215751614,1639.5511215751615,8.426815015222097
164.07850757782094,1640.7850757782094,8.413304990542876
164.20170403673765,1642.0170403673765,8.399739472184947
164.32470072283795,1643.2470072283795,8.386118629295591
164.4474968272248,1644.474968272248,8.372442634461736
164.57009154358286,1645.7009154358286,8.358711663705002
164.6924840682287,1646.9248406822871,8.34492589647631
164.8146736001611,1648.1467360016109,8.331085515650072
164.93665934111104,1649.3665934111104,8.317190707517948
165.0584404955919,1650.584404955919,8.303241661782165
165.18001627094924,1651.8001627094923,8.28923857154842
165.30138587741064,1653.0138587741064,8.27518163331834
165.4225485281354,1654.225485281354,8.261071046981526
165.54350343926413,1655.4350343926412,8.246907015807144
165.66424982996816,1656.6424982996816,8.232689746435106
165.78478692249885,1657.8478692249885,8.218419448866813
165.90511394223674,1659.0511394223674,8.204096336455455
166.02523011774056,1660.2523011774056,8.189720625895905
166.14513468079613,1661.4513468079613,8.175292537214158
166.26482686646497,1662.6482686646498,8.16081229375635
166.38430591313292,1663.8430591313293,8.146280122177366
166.50357106255842,1665.0357106255842,8.131696252428966
166.62262155992076,1666.2262155992075,8.117060917747551
166.74145665386797,1667.4145665386798,8.102374354641448
166.86007559656474,1668.6007559656473,8.087636802877794
166.9784776437399,1669.784776437399,8.072848505468986
167.09666205473388,1670.9666205473388,8.05800970865871
167.2146280925459,1672.146280925459,8.043120661907537
167.33237502388081,1673.323750238808,8.028181617878117
167.44990211919605,1674.4990211919605,8.01319283241993
167.56720865274798,1675.6720865274797,7.998154564553626
167.68429390263822,1676.8429390263823,7.983067076454943
167.80115715085967,1678.0115715085967,7.967930633438222
167.9177976833423,1679.177976833423,7.952745503939495
168.03421478999869,1680.342147899987,7.937511959499155
168.15040776476928,1681.5040776476928,7.922230274744227
168.26637590566742,1682.6637590566743,7.90690072737023
168.38211851482401,1683.8211851482401,7.891523598122619
168.49763489853206,1684.9763489853206,7.876099170777831
168.6129243672908,1686.129243672908,7.860627732123937
168.72798623584958,1687.2798623584958,7.845109571940867
168.84281982325146,1688.4281982325147,7.829544982980265
168.95742445287647,1689.5742445287647,7.813934260944947
169.07179945248458,1690.7179945248458,7.798277704467938
169.18594415425844,1691.8594415425844,7.7825756150911545
169.29985789484562,1692.9985789484563,7.766828297243677
169.4135400154007,1694.1354001540071,7.751036058219647
169.52698986162696,1695.2698986162695,7.73519920815578
169.6402067838177,1696.402067838177,7.719318060008513
169.75319013689725,1697.5319013689725,7.703392929530745
169.8659392804617,1698.659392804617,7.68742413524825
169.97845357881917,1699.7845357881918,7.671411998435687
170.09073240102975,1700.9073240102975,7.65535684309226
170.20277512094518,1702.0277512094517,7.639258995917015
170.31458111724797,1703.1458111724796,7.623118786283778
170.42614977349035,1704.2614977349035,7.606936546215741
170.53748047813272,1705.3748047813272,7.590712610359697
170.6485726245817,1706.485726245817,7.574447315959928
170.75942561122793,1707.5942561122793,7.558141002831754
170.8700388414833,1708.700388414833,7.541794013334739
170.98041172381792,1709.8041172381793,7.525406692345564
171.0905436717966,1710.905436717966,7.50897938723058
171.20043410411503,1712.0043410411504,7.492512447818014
171.31008244463533,1713.1008244463533,7.4760062263698766
171.41948812242148,1714.194881224215,7.459461077553543
171.5286505717741,1715.286505717741,7.442877358413015
171.63756923226495,1716.3756923226495,7.4262554283398865
171.7462435487708,1717.4624354877078,7.409595649043995
171.85467297150709,1718.5467297150708,7.392898384523791
171.96285695606107,1719.6285695606107,7.3761640010364005
172.0707949634245,1720.707949634245,7.35939286706739
172.17848646002577,1721.7848646002576,7.342585353300269
172.28593091776176,1722.8593091776177,7.325741832585708
172.3931278140292,1723.931278140292,7.308862679910472
172.50007663175552,1725.0007663175552,7.291948272366092
172.6067768594292,1726.067768594292,7.274998989117272
172.7132279911298,1727.132279911298,7.258015211370036
172.81942952655734,1728.1942952655734,7.240997322339631
172.9253809710614,1729.253809710614,7.223945707218167
173.0310818356695,1730.310818356695,7.206860753142028
173.13653163711527,1731.3653163711526,7.189742849159039
173.2417298978659,1732.417298978659,7.172592386195402
173.3466761461492,1733.466761461492,7.155409757022406
173.4513699159803,1734.513699159803,7.138195356222931
173.55581074718762,1735.5581074718762,7.120949580157701
173.65999818543838,1736.5999818543837,7.103672826931362
173.76393178226382,1737.6393178226383,7.08636549635836
173.8676110950837,1738.676110950837,7.069027989928589
173.9710356872304,1739.710356872304,7.0516607107728735
174.07420512797242,1740.7420512797241,7.034264063628252
174.1771189925375,1741.771189925375,7.0168384548030955
174.27977686213504,1742.7977686213503,6.999384292142038
174.3821783239783,1743.8217832397831,6.981901984990745
174.48432297130572,1744.843229713057,6.964391944160511
174.58621040340196,1745.8621040340197,6.946854581892729
174.68784022561837,1746.8784022561838,6.929290311823163
174.78921204939292,1747.8921204939293,6.911699548946127
174.89032549226948,1748.903254922695,6.894082709578489
174.9911801779169,1749.911801779169,6.8764402113235725
175.09177573614716,1750.9177573614716,6.858772473034895
175.19211180293325,1751.9211180293325,6.841079914779832
175.29218802042647,1752.9218802042647,6.823362957803134
175.39200403697305,1753.9200403697305,6.8056220244903525
175.4915595071305,1754.9155950713048,6.787857538331165
175.5908540916831,1755.908540916831,6.770069923882593
175.68988745765716,1756.8988745765716,6.75225960673215
175.7886592783355,1757.886592783355,6.734427013460901
175.8871692332715,1758.871692332715,6.716572571606436
175.98541700830256,1759.8541700830256,6.698696709625794
176.08340229556313,1760.8340229556313,6.680799856858303
176.18112479349705,1761.8112479349704,6.662882443488383
176.27858420686934,1762.7858420686935,6.644944900508275
176.37578024677757,1763.7578024677757,6.626987659680761
176.47271263066264,1764.7271263066264,6.6090111535018154
176.5693810823189,1765.6938108231889,6.591015815163226
176.66578533190386,1766.6578533190386,6.57300207851522
176.7619251159473,1767.619251159473,6.554970378029033
176.8578001773598,1768.5780017735979,6.536921148759493
176.9534102654408,1769.534102654408,6.518854826307583
177.048755135886,1770.4875513588602,6.5007718467830085
177.14383455079434,1771.4383455079433,6.482672646766773
177.23864827867428,1772.3864827867428,6.464557663273769
177.33319609444968,1773.3319609444968,6.446427333715375
177.42747777946505,1774.2747777946506,6.428282095862089
177.5214931214903,1775.214931214903,6.410122387806187
177.6152419147248,1776.152419147248,6.391948647924418
177.70872395980118,1777.0872395980118,6.3737613148407615
177.80193906378824,1778.0193906378825,6.35556082738919
177.89488704019362,1778.9488704019363,6.337347624576538
177.98756770896568,1779.8756770896568,6.319122145545394
178.07998089649504,1780.7998089649504,6.300884829537086
178.17212643561544,1781.7212643561543,6.2826361158547215
178.26400416560412,1782.6400416560411,6.264376443826311
178.3556139321816,1783.5561393218159,6.246106252767985
178.446955587511,1784.46955587511,6.227825981947305
178.5380289901969,1785.3802899019688,6.209536070546653
178.62883400528332,1786.2883400528333,6.1912369576267245
178.71937050425163,1787.1937050425163,6.172929082090157
178.80963836501752,1788.096383650175,6.154612882645249
178.89963747192778,1788.9963747192778,6.136288797769807
178.98936771575626,1789.8936771575627,6.117957265675101
179.07882899369952,1790.7882899369952,6.099618724269983
179.1680212093718,1791.680212093718,6.081273611125115
179.25694427279961,1792.5694427279961,6.0629223634373535
179.3455981004157,1793.4559810041571,6.0445654179942645
179.4339826150525,1794.3398261505251,6.026203211138809
179.52209774593516,1795.2209774593516,6.007836178734191
179.60994342867386,1796.0994342867386,5.989464756128836
179.69751960525596,1796.9751960525596,5.971089378121582
179.78482622403723,1797.8482622403724,5.952710478926995
179.8718632397329,1798.718632397329,5.934328492140923
179.95863061340805,1799.5863061340806,5.915943850706172
180.04512831246748,1800.4512831246748,5.897556986878406
180.13135631064526,1801.3135631064526,5.879168332192248
180.21731458799349,1802.173145879935,5.860778317427538
180.30300313087085,1803.0300313087084,5.842387372575856
180.38842193193057,1803.8842193193057,5.82399592680719
180.4735709901078,1804.7357099010778,5.805604408436851
180.55845031060664,1805.5845031060664,5.78721324489261
180.64305990488674,1806.4305990488674,5.768822862682028
180.72739979064914,1807.2739979064913,5.75043368736004
180.81146999182198,1808.1146999182197,5.732046143496757
180.89527053854547,1808.9527053854547,5.713660654645504
180.97880146715661,1809.788014671566,5.695277643311101
181.06206282017334,1810.6206282017333,5.6768975309183825
181.14505464627814,1811.4505464627814,5.658520737780949
181.22777700030142,1812.2777700030142,5.640147683070217
181.3102299432042,1813.102299432042,5.621778784784668
181.39241354206058,1813.9241354206058,5.603414459719391
181.47432787003947,1814.7432787003947,5.585055123435877
181.55597300638624,1815.5597300638624,5.566701190232091
181.63734903640366,1816.3734903640366,5.548353073112795
181.71845605143253,1817.1845605143253,5.5300111837601476
181.7992941488318,1817.992941488318,5.511675932504607
181.8798634319584,1818.798634319584,5.493347728296092
181.96016401014654,1819.6016401014654,5.475026978675414
182.0401959986866,1820.4019599868661,5.4567140897460344
182.11995951880374,1821.1995951880374,5.438409466146081
182.19945469763582,1821.9945469763582,5.420113511020662
182.27868166821128,1822.7868166821127,5.401826625994502
182.35764056942637,1823.5764056942637,5.383549211144839
182.43633154602205,1824.3633154602205,5.36528166497465
182.51475474856053,1825.1475474856054,5.347024384386182
182.5929103334014,1825.929103334014,5.32877776465477
182.67079846267737,1826.7079846267736,5.3105421994030015
182.74841930426973,1827.4841930426974,5.292318080575146
182.8257730317833,1828.2577303178332,5.27410579841194
182.90285982452107,1829.0285982452108,5.255905741425667
182.97967986745851,1829.7967986745853,5.237718296375588
183.05623335121754,1830.5623335121754,5.219543848243644
183.13252047204006,1831.3252047204005,5.201382780210525
183.20854143176118,1832.0854143176118,5.1832354736320525
183.28429643778216,1832.8429643778215,5.165102308015891
183.35978570304292,1833.5978570304292,5.1469836609985835
183.43500944599433,1834.3500944599432,5.128879908322934
183.50996789057,1835.0996789057,5.110791423815692
183.58466126615798,1835.84661266158,5.092718579365624
183.65908980757195,1836.5908980757195,5.074661744901881
183.73325375502213,1837.3325375502213,5.056621288372697
183.807153354086,1838.0715335408602,5.03859757572448
183.88078885567865,1838.8078885567866,5.020590970881191
183.95416051602265,1839.5416051602265,5.002601835724084
184.02726859661806,1840.2726859661807,4.984630530071804
184.10011336421167,1841.0011336421167,4.966677411660801
184.17269509076627,1841.7269509076627,4.948742836126117
184.24501405342957,1842.4501405342958,4.930827156982506
184.31707053450282,1843.1707053450282,4.912930725605899
184.3888648214091,1843.888648214091,4.895053891215221
184.46039720666153,1844.6039720666154,4.877197000854566
184.53166798783104,1845.3166798783104,4.859360399375709
184.60267746751404,1846.0267746751404,4.841544429420963
184.67342595329964,1846.7342595329965,4.823749431406404
184.74391375773692,1847.4391375773691,4.805975743505451
184.81414119830166,1848.1414119830165,4.788223701632749
184.88410859736305,1848.8410859736305,4.770493639428479
184.95381628215014,1849.5381628215014,4.752785888242952
185.02326458471796,1850.2326458471796,4.735100777121588
185.0924538419135,1850.9245384191352,4.717438632790243
185.16138439534157,1851.6138439534157,4.699799779640894
185.23005659133025,1852.3005659133025,4.682184539717649
185.29847078089634,1852.9847078089633,4.664593232703132
185.3666273197105,1853.6662731971048,4.647026175905222
185.43452656806218,1854.3452656806219,4.629483684244114
185.50216889082458,1855.0216889082458,4.611966070239771
185.56955465741902,1855.6955465741903,4.594473643999677
185.63668424177962,1856.3668424177963,4.577006713207001
185.7035580223174,1857.0355802231738,4.559565583109032
185.7701763818845,1857.7017638188452,4.542150556506049
185.8365397077381,1858.365397077381,4.524761933740445
185.90264839150416,1859.0264839150416,4.507400012686293
185.96850282914116,1859.6850282914115,4.490065088739173
186.03410342090356,1860.3410342090356,4.472757454806394
186.09945057130517,1860.9945057130517,4.455477401297545
186.16454468908236,1861.6454468908237,4.438225216115385
186.22938618715722,1862.293861871572,4.4210011846470865
186.2939754826005,1862.939754826005,4.403805589755794
186.35831299659446,1863.5831299659446,4.386638711772545
186.42239915439566,1864.2239915439566,4.369500828488532
186.48623438529756,1864.8623438529758,4.352392215147672
186.5498191225931,1865.4981912259311,4.335313144439533
186.61315380353713,1866.1315380353712,4.318263886492591
186.6762388693087,1866.762388693087,4.301244708867804
186.7390747649733,1867.3907476497332,4.28425587655255
186.80166193944524,1868.0166193944524,4.267297651954857
186.86400084544943,1868.6400084544944,4.250370294897966
186.9260919394836,1869.260919394836,4.233474062615243
186.98793568178016,1869.8793568178016,4.216609209745389
187.04953253626817,1870.4953253626818,4.199775988327997
187.11088297053504,1871.1088297053504,4.1829746477993694
187.17198745578838,1871.719874557884,4.166205434988749
187.23284646681768,1872.3284646681768,4.14946859411477
187.29346048195598,1872.9346048195598,4.132764366782289
187.35382998304144,1873.5382998304144,4.1160929919794835
187.41395545537904,1874.1395545537903,4.09945470607531
187.47383738770202,1874.7383738770202,4.0828497428172
187.53347627213347,1875.3347627213348,4.066278333329128
187.59287260414777,1875.9287260414776,4.04974070610994
187.65202688253214,1876.5202688253214,4.033237087032006
187.71093960934806,1877.1093960934807,4.016767699340147
187.7696112898927,1877.6961128989271,4.0003327636508805
187.82804243266042,1878.2804243266041,3.9839324979519546
187.88623354930417,1878.8623354930417,3.967567117602168
187.9441851545969,1879.441851545969,3.9512368353314704
188.00189776639317,1880.0189776639318,3.9349418612413762
188.0593719055904,1880.593719055904,3.9186824028056177
188.1166080960905,1881.1660809609048,3.902458664871131
188.17360686476118,1881.7360686476118,3.88627084965929
188.23036874139774,1882.3036874139775,3.870119156767422
188.28689425868436,1882.8689425868436,3.854003783170586
188.3431839521558,1883.4318395215582,3.83792492322364
188.39923836015896,1883.9923836015896,3.8218827686635617
188.45505802381453,1884.5505802381454,3.805877508612066
188.51064348697867,1885.1064348697867,3.7899093295784194
188.56599529620473,1885.6599529620473,3.773978415462592
188.6211140007051,1886.211140007051,3.7580849475586087
188.67600015231292,1886.7600015231292,3.742229104558179
188.7306543054441,1887.306543054441,3.7264110625545737
188.78507701705914,1887.8507701705914,3.7106309950467598
188.8392688466253,1888.3926884662528,3.6948890729437567
188.89323035607848,1888.9323035607847,3.679185464569259
188.9469621097856,1889.469621097856,3.6635203356664965
189.00046467450665,1890.0046467450666,3.647893849403305
189.05373861935706,1890.5373861935707,3.6323061663774787
189.1067845157701,1891.067845157701,3.6167574446223014
189.15960293745934,1891.5960293745934,3.601247839612351
189.2121944603812,1892.121944603812,3.5857775042694904
189.26455966269762,1892.6455966269762,3.5703465889691115
189.31669912473882,1893.166991247388,3.5549552415465797
189.36861342896606,1893.6861342896605,3.5396036073038983
189.4203031599347,1894.203031599347,3.524291829016607
189.47176890425715,1894.7176890425715,3.5090200469408472
189.52301125056613,1895.2301125056613,3.493788398820673
189.57403078947783,1895.7403078947782,3.478597019895549
189.62482811355534,1896.2482811355535,3.4634460429080525
189.67540381727216,1896.7540381727215,3.4483355981117843
189.72575849697577,1897.2575849697578,3.4332658132794434
189.77589275085143,1897.7589275085143,3.4182368137111316
189.82580717888595,1898.2580717888595,3.4032487222428216
189.87550238283174,1898.7550238283175,3.388301659255024
189.92497896617093,1899.2497896617092,3.3733957426816366
189.97423753407958,1899.7423753407957,3.3585310880189523
190.0232786933921,1900.2327869339208,3.343707808334873
190.0721030525657,1900.721030525657,3.328926014278286
190.1207112216452,1901.207112216452,3.3141858140886082
190.16910381222766,1901.6910381222765,3.2994873136054856
190.21728143742743,1902.1728143742744,3.2848306162786916
190.26524471184123,1902.6524471184123,3.270215823178158
190.3129942515134,1903.129942515134,3.255643033004163
190.36053067390125,1903.6053067390126,3.24111234209769
190.40785459784067,1904.0785459784067,3.226623844450941
190.4549666435118,1904.549666435118,3.212177631717984
190.5018674324049,1905.018674324049,3.1977737932255472
190.5485575872864,1905.485575872864,3.183412415983975
190.5950377321651,1905.950377321651,3.169093584698307
190.64130849225845,1906.4130849225844,3.1548173817794884
190.68737049395912,1906.8737049395913,3.140583887355752
190.7332243648017,1907.332243648017,3.126393179284073
190.77887073342959,1907.7887073342959,3.112245333161815
190.8243102295619,1908.2431022956189,3.0981404223384477
190.86954348396077,1908.6954348396077,3.0840785179274244
190.91457112839876,1909.1457112839876,3.0700596888181577
190.9593937956263,1909.593937956263,3.0560840016881237
191.0040121193396,1910.0401211933959,3.042151521015085
191.0484267341483,1910.484267341483,3.0282623090893814
191.09263827554392,1910.9263827554391,3.014416426026414
191.1366473798678,1911.366473798678,3.000613929779128
191.18045468427985,1911.8045468427986,2.9868548761507014
191.224060826727,1912.24060826727,2.9731393188072497
191.26746644591216,1912.6746644591217,2.959467309290681
191.31067218126324,1913.1067218126325,2.9458388970316225
191.35367867290236,1913.5367867290236,2.932254129362435
191.39648656161523,1913.9648656161523,2.918713051530326
191.43909648882084,1914.3909648882084,2.9052157067105604
191.4815090965412,1914.815090965412,2.8917621360197137
191.52372502737137,1915.2372502737137,2.878352378529046
191.56574492444966,1915.6574492444965,2.864986471277943
191.60756943142803,1916.0756943142803,2.851664449287413
191.64919919244267,1916.4919919244267,2.8383863455736753
191.69063485208477,1916.9063485208476,2.8251521911618216
191.73187705537163,1917.3187705537161,2.8119620150995344
191.77292644771774,1917.7292644771774,2.7988158444708526
191.8137836749062,1918.137836749062,2.7857137044100337
191.85444938306043,1918.5444938306043,2.7726556181154782
191.8949242186158,1918.9492421861582,2.7596416068636476
191.93520882829188,1919.3520882829189,2.7466716900231223
191.9753038590644,1919.753038590644,2.7337458850686485
192.01520995813794,1920.1520995813794,2.7208642075952616
192.05492777291838,1920.5492777291838,2.708026671332453
192.0944579509858,1920.944579509858,2.6952332881583727
192.13380114006762,1921.3380114006761,2.6824840681141
192.17295798801172,1921.7295798801172,2.669779019417902
192.21192914276003,1922.1192914276003,2.6571181484796025
192.25071525232215,1922.5071525232215,2.644501459914915
192.28931696474933,1922.8931696474933,2.6319289565598574
192.32773492810847,1923.2773492810848,2.6194006394851588
192.36596979045652,1923.6596979045653,2.6069165080107464
192.40402219981496,1924.0402219981497,2.5944765597201984
192.44189280414463,1924.4189280414462,2.5820807904752723
192.47958225132058,1924.7958225132058,2.5697291944304093
192.51709118910733,1925.1709118910733,2.557421764047306
192.5544202651342,1925.5442026513422,2.545158490109457
192.591570126871,1925.91570126871,2.532939361736755
192.62854142160367,1926.2854142160368,2.5207643664000567
192.66533479641052,1926.6533479641053,2.5086334899358302
192.7019508981383,1927.019508981383,2.4965467165607107
192.73839037337876,1927.3839037337875,2.4845040288861764
192.77465386844528,1927.7465386844528,2.4725054079331494
192.8107420293498,1928.1074202934979,2.4605508331466153
192.84665550177982,1928.4665550177983,2.4486402824102633
192.88239493107585,1928.8239493107585,2.4367737320611296
192.9179609622088,1929.179609622088,2.424951156904201
192.95335423975789,1929.533542397579,2.4131725302270643
192.98857540788842,1929.8857540788842,2.4014378238144944
193.0236251103301,1930.2362511033011,2.3897470079630807
193.05850399035538,1930.5850399035537,2.378100051495826
193.093212690758,1930.9321269075801,2.3664969217767267
193.1277518538319,1931.277518538319,2.3549375847253575
193.16212212135017,1931.6212212135017,2.3434220048314236
193.1963241345443,1931.963241345443,2.3319501451693174
193.23035853408376,1932.3035853408376,2.320521967412617
193.26422596005546,1932.6422596005546,2.309137431848609
193.29792705194376,1932.9792705194377,2.2977964973927776
193.33146244861058,1933.314624486106,2.286499121603259
193.3648327882756,1933.6483278827561,2.2752452606952644
193.39803870849693,1933.9803870849692,2.2640348695555232
193.43108084615162,1934.3108084615162,2.2528679017566215
193.4639598374168,1934.6395983741681,2.241744309571401
193.49667631775077,1934.9667631775078,2.230664043987246
193.52923092187424,1935.2923092187425,2.2196270547203927
193.56162428375205,1935.6162428375205,2.208633290230189
193.5938570365749,1935.938570365749,2.197682697733315
193.62592981274125,1936.2592981274124,2.1867752232179534
193.65784324383966,1936.5784324383967,2.1759108114579604
193.68959796063103,1936.8959796063104,2.165089406026963
193.72119459303133,1937.2119459303133,2.154310949312455
193.75263377009426,1937.5263377009426,2.1435753825297876
193.78391611999447,1937.8391611999448,2.132882645736201
193.81504227001062,1938.1504227001062,2.1222326778447247
193.84601284650884,1938.4601284650885,2.111625416638102
193.87682847492636,1938.7682847492636,2.101060798782644
193.90748977975534,1939.0748977975534,2.0905387598420315
193.9379973845269,1939.379973845269,2.080059234291074
193.96835191179542,1939.6835191179543,2.0696221555294088
193.9985539831228,1939.985539831228,2.0592274558951633
194.02860421906325,1940.2860421906325,2.048875066678578
194.05850323914808,1940.5850323914808,2.03856491813554
194.08825166187066,1940.8825166187066,2.0282969395010877
194.11785010467173,1941.1785010467174,2.018071059002871
194.1472991839248,1941.472991839248,2.007887203874528
194.17659951492172,1941.7659951492171,1.9977453003690275
194.20575171185854,1942.0575171185853,1.9876452737719301
194.23475638782153,1942.3475638782154,1.9775870484146498
194.2636141547733,1942.6361415477331,1.9675705476875596
194.29232562353928,1942.9232562353927,1.957595694053138
194.32089140379423,1943.2089140379423,1.9476624090589834
194.34931210404906,1943.4931210404907,1.9377706133508035
194.37758833163778,1943.7758833163778,1.9279202266853321
194.40572069270465,1944.0572069270465,1.9181111679431755
194.4337097921915,1944.337097921915,1.9083433551416071
194.4615562338253,1944.6155623382529,1.8986167054472922
194.48926062010577,1944.8926062010578,1.88893113518896
194.5168235522934,1945.168235522934,1.8792865598699837
194.54424563039748,1945.4424563039747,1.869682894180917
194.57152745316432,1945.7152745316432,1.8601200520119416
194.59866961806574,1945.9866961806574,1.850597946465287
194.62567272128769,1946.2567272128767,1.8411164898675345
194.652537357719,1946.52537357719,1.8316755937818794
194.67926412094047,1946.7926412094048,1.8222751690203225
194.70585360321394,1947.0585360321393,1.8129151256557918
194.73230639547162,1947.3230639547162,1.8035953730341632
194.7586230873057,1947.586230873057,1.7943158197862772
194.78480426695788,1947.8480426695787,1.7850763738398072
194.81085052130942,1948.1085052130943,1.77587694243112
194.83676243587104,1948.3676243587104,1.7667174321170087
194.86254059477315,1948.6254059477315,1.7575977487863952
194.88818558075627,1948.8818558075627,1.7485177976719477
194.91369797516148,1949.136979751615,1.7394774833616076
194.93907835792126,1949.3907835792127,1.730476709810084
194.96432730755023,1949.6432730755023,1.7215153803502012
194.98944540113635,1949.8944540113635,1.7125933977042624
195.01443321433197,1950.1443321433198,1.7037106639952526
195.03929132134533,1950.3929132134533,1.694867080758037
195.06402029493202,1950.6402029493202,1.686062548950428
195.08862070638673,1950.8862070638675,1.677296968964221
195.11309312553507,1951.1309312553508,1.6685702406361091
195.13743812072562,1951.3743812072562,1.6598822632585737
195.16165625882203,1951.6165625882204,1.6512329355906417
195.1857481051955,1951.857481051955,1.6426221558686276
195.20971422371713,1952.0971422371713,1.6340498218167259
195.23355517675063,1952.3355517675063,1.6255158306575925
195.2572715251451,1952.572715251451,1.6170200791228115
195.28086382822795,1952.8086382822794,1.6085624634633042
195.30433264379812,1953.0433264379812,1.6001428794596375
195.32767852811918,1953.2767852811917,1.5917612224322646
195.35090203591278,1953.5090203591278,1.583417387251707
195.37400372035228,1953.7400372035227,1.575111268348639
195.39698413305632,1953.9698413305632,1.5668427597238708
195.41984382408276,1954.1984382408277,1.55861175495831
195.44258334192264,1954.4258334192264,1.550418147222798
195.46520323349426,1954.6520323349428,1.5422618292878667
195.4877040441375,1954.877040441375,1.534142693533477
195.51008631760826,1955.1008631760826,1.5260606319585968
195.53235059607292,1955.323505960729,1.5180155361907381
195.5544974201031,1955.544974201031,1.5100072974954362
195.5765273286705,1955.765273286705,1.5020358067856225
195.5984408591418,1955.9844085914178,1.4941009546309196
195.6202385472738,1956.2023854727381,1.4862026312668615
195.64192092720867,1956.4192092720868,1.4783407266040474
195.6634885314693,1956.634885314693,1.4705151302372048
195.68494189095483,1956.8494189095484,1.4627257314541602
195.70628153493618,1957.0628153493617,1.4549724192447613
195.72750799105188,1957.2750799105188,1.4472550823097077
195.748621785304,1957.4862178530402,1.439573609069317
195.76962344205413,1957.6962344205413,1.4319278876721508
195.79051348401944,1957.9051348401945,1.424317806003657
195.81129243226908,1958.1129243226908,1.4167432516946583
195.83196080622045,1958.3196080622045,1.4092041121298102
195.8525191236358,1958.525191236358,1.401700274455962
195.87296790061885,1958.7296790061885,1.3942316255904217
195.89330765161148,1958.9330765161149,1.3867980522291656
195.91353888939068,1959.1353888939068,1.3793994408549892
195.93366212506547,1959.3366212506546,1.3720356777455418
195.9536778680741,1959.536778680741,1.3647066489813096
195.97358662618115,1959.7358662618115,1.3574122404534954
195.993388905475,1959.9338890547501,1.3501523378718776
196.01308521036523,1960.1308521036524,1.342926826772505
196.03267604358012,1960.3267604358011,1.335735592525399
196.05216190616443,1960.5216190616443,1.328578520342159
196.0715432974771,1960.715432974771,1.3214554952834376
196.0908207151892,1960.9082071518922,1.314366402266426
196.10999465528198,1961.0999465528198,1.3073111260721788
196.1290656120448,1961.290656120448,1.3002895513529378
196.14803407807355,1961.4803407807356,1.293301562639348
196.16690054426888,1961.6690054426888,1.2863470443475702
196.1856654998346,1961.8566549983461,1.2794258807863716
196.2043294322763,1962.043294322763,1.2725379561641255
196.22289282739982,1962.2289282739982,1.2656831545957097
196.24135616931014,1962.4135616931014,1.2588613601093748
196.25971994041015,1962.5971994041015,1.2520724566535044
196.27798462139955,1962.7798462139956,1.2453163281033106
196.2961506912739,1962.961506912739,1.2385928582674808
196.31421862732375,1963.1421862732375,1.23190193089472
196.33218890513385,1963.3218890513385,1.22524342968023
196.35006199858242,1963.5006199858242,1.218617238272122
196.3678383798406,1963.678383798406,1.2120232402777766
196.38551851937194,1963.8551851937195,1.2054613192700927
196.40310288593196,1964.0310288593196,1.1989313587936898
196.42059194656784,1964.2059194656783,1.1924332423710418
196.4379861666182,1964.379861666182,1.1859668535085284
196.45528600971292,1964.5528600971293,1.179532075702424
196.47249193777307,1964.7249193777307,1.1731287924448264
196.489604411011,1964.8960441101099,1.1667568872295035
196.50662388793037,1965.0662388793037,1.1604162435576644
196.52355082532645,1965.2355082532645,1.1541067449436664
196.54038567828624,1965.4038567828625,1.1478282749206858
196.55712890018896,1965.5712890018895,1.141580717046283
196.5737809427064,1965.7378094270641,1.1353639549079038
196.59034225580356,1965.9034225580356,1.1291778721283379
196.60681328773907,1966.0681328773908,1.1230223523710698
196.62319448506605,1966.2319448506605,1.116897279345629
196.6394862926327,1966.394862926327,1.110802536812784
196.6556891535833,1966.556891535833,1.1047380085897736
196.67180350935888,1966.7180350935887,1.098703578555373
196.68782979969845,1966.8782979969844,1.092699130654987
196.70376846263989,1967.037684626399,1.0867245489056003
196.7196199345211,1967.196199345211,1.080779717400711
196.7353846499812,1967.3538464998119,1.0748645203152005
196.75106304196186,1967.5106304196186,1.0689788419101127
196.7666555417085,1967.666555417085,1.0631225665373858
196.78216257877182,1967.8216257877182,1.0572955786445348
196.79758458100918,1967.9758458100919,1.0514977627792437
196.81292197458617,1968.1292197458617,1.0457290035939284
196.8281751839783,1968.2817518397828,1.0399891858502066
196.84334463197243,1968.4334463197242,1.0342781944233135
196.8584307396688,1968.584307396688,1.0285959143065035
196.87343392648256,1968.7343392648256,1.0229422306153104
196.8883546101458,1968.883546101458,1.0173170285918225
196.9031932067094,1969.031932067094,1.0117201936088716
196.91795013054502,1969.1795013054502,1.0061516111741096
196.9326257943471,1969.326257943471,1.0006111669341404
196.947220609135,1969.47220609135,0.9950987466785044
196.96173498425517,1969.6173498425517,0.9896142363436269
196.97616932738333,1969.7616932738333,0.9841575220167069
196.99052404452672,1969.9052404452673,0.9787284899395754
197.00479954002648,1970.0479954002649,0.9733270265124769
197.01899621655994,1970.1899621655994,0.9679530182977754
197.03311447514318,1970.3311447514318,0.9626063520236663
197.04715471513336,1970.4715471513337,0.9572869145877405
197.0611173342314,1970.611173342314,0.9519945930606042
197.0750027284845,1970.750027284845,0.9467292746893428
197.08881129228874,1970.8881129228873,0.9414908469009866
197.10254341839186,1971.0254341839186,0.9362791973059341
197.11619949789596,1971.1619949789597,0.9310942137012752
197.12977992026023,1971.2977992026024,0.9259357840740865
197.1432850733039,1971.432850733039,0.9208037966047069
197.156715343209,1971.56715343209,0.9156981396698836
197.17007111452335,1971.7007111452335,0.9106187018459551
197.18335277016357,1971.8335277016356,0.9055653719119086
197.196560691418,1971.96560691418,0.9005380388524475
197.20969525794985,1972.0969525794985,0.8955365918609619
197.22275684780024,1972.2275684780025,0.8905609203424714
197.2357458373914,1972.357458373914,0.8856109139165245
197.24866260152976,1972.4866260152976,0.8806864624200408
197.26150751340936,1972.6150751340936,0.8757874559101033
197.27428094461493,1972.7428094461493,0.8709137846666817
197.28698326512531,1972.869832651253,0.8660653391953712
197.29961484331676,1972.9961484331675,0.8612420102300149
197.31217604596634,1973.1217604596634,0.8564436887353217
197.32466723825536,1973.2466723825537,0.8516702659094175
197.3370887837728,1973.3708878377279,0.8469216331863638
197.3494410445189,1973.494410445189,0.8421976822386217
197.36172438090853,1973.6172438090853,0.8374983049794587
197.37393915177492,1973.7393915177493,0.8328233935653735
197.3860857143732,1973.860857143732,0.8281728403983646
197.39816442438396,1973.9816442438396,0.8235465381282587
197.41017563591706,1974.1017563591706,0.8189443796549654
197.4221197015152,1974.2211970151518,0.814366258130649
197.4339969721577,1974.339969721577,0.8098120669619089
197.44580779726434,1974.4580779726434,0.805281699811891
197.457552524699,1974.5755252469899,0.8007750506023665
197.46923150077362,1974.6923150077362,0.7962920135157638
197.480845070252,1974.80845070252,0.7918324829971581
197.49239357635363,1974.9239357635363,0.7873963537562183
197.5038773607577,1975.0387736075772,0.7829835207691556
197.51529676360695,1975.1529676360697,0.7785938792805442
197.52665212351167,1975.2665212351167,0.7742273248051994
197.5379437775537,1975.3794377755369,0.769883753129939
197.54917206129042,1975.4917206129041,0.7655630603153512
197.56033730875882,1975.6033730875881,0.761265142697507
197.57143985247953,1975.7143985247953,0.7569898968896531
197.58248002346093,1975.8248002346093,0.7527372197838353
197.59345815120327,1975.9345815120328,0.7485070085525081
197.60437456370278,1976.0437456370278,0.7442991606501064
197.61522958745584,1976.1522958745584,0.7401135738145683
197.62602354746318,1976.2602354746318,0.7359501460688378
197.63675676723406,1976.3675676723406,0.7318087757223193
197.6474295687905,1976.474295687905,0.7276893613722866
197.6580422726715,1976.5804227267151,0.7235918019052985
197.66859519793735,1976.6859519793734,0.7195159964985329
197.67908866217385,1976.7908866217385,0.7154618446211192
197.68952298149668,1976.8952298149668,0.7114292460354026
197.69989847055567,1976.9989847055567,0.7074181007982201
197.71021544253912,1977.1021544253913,0.703428309262101
197.72047420917824,1977.2047420917825,0.6994597720764677
197.7306750807514,1977.3067508075142,0.6955123901887763
197.7408183660887,1977.4081836608868,0.6915860648456462
197.7509043725761,1977.5090437257609,0.6876806975939331
197.7609334061601,1977.609334061601,0.6837961902818162
197.77090577135206,1977.7090577135207,0.6799324450597997
197.78082177123264,1977.8082177123265,0.6760893643817134
197.7906817074563,1977.906817074563,0.6722668510056984
197.8004858802557,1978.004858802557,0.6684648079951074
197.81023458844638,1978.1023458844638,0.6646831387194432
197.819928129431,1978.19928129431,0.6609217468552089
197.829566799204,1978.29566799204,0.6571805363867824
197.83915089235623,1978.3915089235622,0.6534594116072245
197.84868070207926,1978.4868070207926,0.6497582771190356
197.85815652017007,1978.5815652017006,0.6460770378349743
197.86757863703562,1978.6757863703563,0.6424155989787685
197.87694734169733,1978.7694734169734,0.638773866085792
197.88626292179578,1978.8626292179579,0.6351517450038013
197.89552566359518,1978.9552566359519,0.6315491418935384
197.90473585198808,1979.0473585198808,0.6279659632293875
197.91389377049987,1979.1389377049986,0.624402115799958
197.92299970129352,1979.2299970129352,0.6208575067086848
197.93205392517407,1979.3205392517407,0.617332043374331
197.94105672159338,1979.410567215934,0.6138256335315724
197.95000836865472,1979.5000836865472,0.6103381852314413
197.95890914311738,1979.5890914311738,0.6068696068418298
197.9677593204014,1979.677593204014,0.6034198070479455
197.97655917459218,1979.765591745922,0.599988694852712
197.98530897844518,1979.8530897844516,0.5965761795771929
197.99400900339054,1979.9400900339056,0.5931821708609615
198.00265951953781,1980.0265951953781,0.5898065786624489
198.01126079568058,1980.1126079568057,0.5864493132593065
198.01981309930125,1980.1981309930125,0.5831102852486882
198.0283166965756,1980.2831669657558,0.5797894055475368
198.03677185237757,1980.3677185237757,0.5764865853928747
198.045178830284,1980.4517883028398,0.5732017363420265
198.05353789257916,1980.5353789257915,0.5699347702728499
198.06184930025964,1980.6184930025963,0.5666855993839377
198.07011331303897,1980.7011331303897,0.5634541361948084
198.07833018935233,1980.7833018935232,0.5602402935460393
198.08650018636126,1980.8650018636126,0.5570439845994368
198.0946235599584,1980.9462355995838,0.5538651228381379
198.10270056477216,1981.0270056477216,0.5507036220667256
198.1107314541715,1981.1073145417151,0.5475593964112893
198.11871648027062,1981.1871648027063,0.5444323603195063
198.1266558939336,1981.266558939336,0.5413224285606741
198.13454994477922,1981.3454994477922,0.5382295162257407
198.14239888118567,1981.4239888118568,0.5351535387272897
198.1502029502952,1981.5020295029522,0.5320944117995712
198.15796239801892,1981.5796239801894,0.5290520514984198
198.1656774690414,1981.656774690414,0.526026374201237
198.17334840682557,1981.7334840682556,0.5230172966069233
198.18097545361718,1981.8097545361718,0.5200247357357775
198.18855885044977,1981.8855885044977,0.5170486089294304
198.1960988371492,1981.960988371492,0.5140888338506837
198.20359565233846,1982.0359565233846,0.5111453284834138
198.21104953344235,1982.1104953344234,0.5082180111324099
198.2184607166921,1982.184607166921,0.5053068004231847
198.22582943713024,1982.2582943713023,0.5024116153018472
198.23315592861516,1982.3315592861516,0.49953237503484793
198.24044042382585,1982.4044042382584,0.49666899920879715
198.2476831542666,1982.476831542666,0.4938214077302394
198.2548843502717,1982.548843502717,0.4909895208253907
198.26204424101007,1982.6204424101006,0.4881732590399075
198.26916305448998,1982.6916305449,0.4853725432386007
198.27624101756376,1982.7624101756376,0.48258729460515326
198.28327835593242,1982.8327835593243,0.4798174346418076
198.29027529415032,1982.9027529415032,0.4770628851690706
198.29723205562988,1982.9723205562987,0.474323568325385
198.30414886264617,1983.0414886264616,0.4715994065667708
198.31102593634162,1983.1102593634162,0.46889032266649444
198.31786349673064,1983.1786349673064,0.46619623971469437
198.32466176270427,1983.2466176270427,0.46351708111799184
198.33142095203482,1983.3142095203482,0.4608527705991108
198.33814128138047,1983.3814128138047,0.4582032321964675
198.34482296628997,1983.4482296628996,0.4555683902637675
198.35146622120712,1983.5146622120712,0.45294816946954697
198.35807125947557,1983.5807125947556,0.45034249479678223
198.36463829334323,1983.6463829334323,0.4477512915423745
198.37116753396703,1983.7116753396704,0.4451744853167483
198.3776591914174,1983.7765919141739,0.44261200204334195
198.3841134746829,1983.8411347468289,0.44006376795812585
198.3905305916748,1983.9053059167481,0.43752970960911775
198.3969107492317,1983.9691074923169,0.43500975385586926
198.4032541531239,1984.032541531239,0.4325038278689348
198.40956100805818,1984.0956100805818,0.430011859129392
198.41583151768225,1984.1583151768225,0.4275337754282553
198.42206588458927,1984.2206588458928,0.42506950486593276
198.4282643103224,1984.282643103224,0.42261897585169983
198.4344269953793,1984.3442699537932,0.42018211710311704
198.44055413921674,1984.4055413921674,0.4177588576454383
198.44664594025494,1984.4664594025494,0.4153491268110532
198.45270259588222,1984.5270259588222,0.4129528542388812
198.45872430245936,1984.5872430245936,0.41056996987374994
198.4647112553242,1984.647112553242,0.40820040396582513
198.47066364879603,1984.7066364879604,0.4058440870699531
198.47658167618005,1984.7658167618006,0.4035009500450464
198.48246552977187,1984.8246552977187,0.4011709240534529
198.4883154008619,1984.883154008619,0.3988539405602882
198.49413147973976,1984.9413147973976,0.3965499313328209
198.49991395569884,1984.9991395569884,0.39425882843978677
198.50566301704055,1985.0566301704055,0.3919805642507068
198.51137885107877,1985.1137885107878,0.3897150714352424
198.5170616441443,1985.170616441443,0.38746228296249896
198.52271158158916,1985.2271158158917,0.3852221321003402
198.52832884779107,1985.2832884779107,0.38299455241467406
198.53391362615767,1985.3391362615766,0.38077947776876364
198.53946609913095,1985.3946609913096,0.3785768423225253
198.54498644819162,1985.4498644819162,0.37638658053179874
198.55047485386342,1985.5047485386342,0.3742086271476097
198.55593149571735,1985.5593149571735,0.3720429172154578
198.56135655237608,1985.6135655237608,0.36988938607459865
198.56675020151826,1985.6675020151827,0.3677479693572625
198.57211261988272,1985.7211261988273,0.3656186029879187
198.57744398327276,1985.7744398327277,0.3635012231825385
198.5827444665605,1985.827444665605,0.36139576644783133
198.5880142436911,1985.880142436911,0.3593021695804488
198.5932534876869,1985.9325348768689,0.35722036966624415
198.59846237065173,1985.9846237065174,0.355150304079503
198.6036410637752,1986.036410637752,0.3530919104821386
198.60878973733676,1986.0878973733677,0.3510451268229158
198.61390856071003,1986.1390856071002,0.34900989133666194
198.61899770236687,1986.1899770236687,0.34698614254346616
198.62405732988162,1986.2405732988163,0.34497381924788684
198.62908760993528,1986.2908760993528,0.3429728605381417
198.63408870831958,1986.3408870831959,0.34098320578528885
198.63906078994117,1986.3906078994116,0.33900479464243816
198.64400401882574,1986.4400401882574,0.33703756704391097
198.64891855812212,1986.4891855812211,0.33508146320442656
198.6538045701064,1986.5380457010638,0.3331364236182779
198.658662216186,1986.58662216186,0.331202389058495
198.66349165690377,1986.6349165690376,0.3292793005760064
198.668293051942,1986.6829305194199,0.32736709949882403
198.6730665601265,1986.730665601265,0.3254657274311974
198.67781233943072,1986.7781233943072,0.3235751262527362
198.68253054697962,1986.8253054697961,0.32169523811760214
198.68722133905382,1986.8722133905383,0.3198260054536419
198.6918848710935,1986.918848710935,0.3179673709615294
198.69652129770247,1986.9652129770247,0.3161192776139359
198.70113077265214,1987.0113077265214,0.31428166865461193
198.70571344888538,1987.0571344888538,0.31245448759758965
198.71026947852062,1987.102694785206,0.3106376782262732
198.71479901285568,1987.1479901285568,0.30883118459258974
198.71930220237175,1987.1930220237175,0.3070349510161119
198.72377919673727,1987.2377919673727,0.3052489220831909
198.72823014481185,1987.2823014481185,0.3034730426460719
198.73265519465014,1987.3265519465012,0.3017072578220219
198.73705449350575,1987.3705449350575,0.29995151299245215
198.74142818783503,1987.4142818783503,0.2982057538020122
198.745776423301,1987.45776423301,0.29646992615776036
198.75009934477717,1987.5009934477716,0.29474397622819914
198.75439709635125,1987.5439709635125,0.2930278504424564
198.75866982132914,1987.5866982132914,0.2913214954893668
198.7629176622386,1987.629176622386,0.2896248583165786
198.76714076083312,1987.6714076083313,0.2879378861296491
198.77133925809554,1987.7133925809553,0.2862605263911693
198.775513294242,1987.75513294242,0.28459272681987535
198.77966300872552,1987.7966300872552,0.28293443538972163
198.78378854023987,1987.8378854023986,0.2812856003290012
198.78789002672315,1987.8789002672315,0.2796461701194364
198.7919676053616,1987.919676053616,0.27801609349529066
198.79602141259326,1987.9602141259327,0.27639531944244133
198.80005158411163,1988.0005158411163,0.27478379719749846
198.8040582548693,1988.0405825486928,0.2731814762468794
198.8080415590817,1988.0804155908168,0.27158830632594366
198.81200163023064,1988.1200163023063,0.2700042374180267
198.815938601068,1988.15938601068,0.2684292197535818
198.81985260361932,1988.1985260361932,0.2668632038092511
198.82374376918736,1988.2374376918735,0.2653061403069632
198.82761222835575,1988.2761222835575,0.2637579802130148
198.83145811099251,1988.3145811099253,0.26221867473716287
198.83528154625364,1988.3528154625365,0.2606881753317225
198.83908266258666,1988.3908266258666,0.2591664336906607
198.8428615877341,1988.428615877341,0.25765340174865337
198.84661844873705,1988.4661844873704,0.2561490316802253
198.85035337193867,1988.5035337193867,0.25465327589879294
198.8540664829877,1988.540664829877,0.2531660870557868
198.85775790684184,1988.5775790684183,0.2516874180397064
198.86142776777137,1988.6142776777137,0.250217221975241
198.8650761893625,1988.650761893625,0.24875545222233164
198.86870329452074,1988.6870329452074,0.24730206237526886
198.8723092054745,1988.723092054745,0.24585700626180795
198.87589404377832,1988.7589404377832,0.24442023794220447
198.87945793031642,1988.7945793031643,0.2429917117083633
198.883000985306,1988.8300098530601,0.2415713820828742
198.88652332830065,1988.8652332830065,0.24015920381812528
198.89002507819362,1988.9002507819362,0.23875513189540065
198.89350635322128,1988.9350635322128,0.23735912152396565
198.89696727096637,1988.9696727096637,0.23597112814014132
198.90040794836136,1989.0040794836136,0.2345911074064322
198.90382850169175,1989.0382850169176,0.23321901521057953
198.90722904659933,1989.0722904659933,0.23185480766467137
198.91060969808547,1989.1060969808545,0.23049844110423834
198.9139705705144,1989.139705705144,0.22914987208735305
198.91731177761648,1989.1731177761649,0.2278090573937046
198.92063343249134,1989.2063343249133,0.22647595402371756
198.92393564761124,1989.2393564761123,0.2251505191976353
198.9272185348242,1989.272185348242,0.22383271035461405
198.93048220535718,1989.3048220535718,0.22252248515183126
198.93372676981932,1989.337267698193,0.221219801463576
198.93695233820506,1989.3695233820506,0.2199246173803715
198.94015901989735,1989.4015901989735,0.21863689120804963
198.94334692367076,1989.4334692367077,0.2173565814668681
198.94651615769462,1989.4651615769462,0.21608364689060622
198.94966682953614,1989.4966682953614,0.2148180464256786
198.9527990461635,1989.527990461635,0.21355973923023086
198.955912913949,1989.5591291394899,0.21230868467326225
198.95900853867204,1989.5900853867204,0.21106484233372136
198.9620860255223,1989.6208602552229,0.20982817199961268
198.9651454791027,1989.651454791027,0.20859863366712084
198.9681870034325,1989.681870034325,0.20737618753972242
198.97121070195024,1989.7121070195024,0.2061607940272765
198.97421667751692,1989.7421667751692,0.20495241374519502
198.97720503241882,1989.7720503241883,0.20375100751349073
198.9801758683706,1989.8017586837059,0.20255653635594584
198.98312928651822,1989.8312928651821,0.20136896149921313
198.98606538744195,1989.8606538744195,0.20018824437193672
198.9889842711593,1989.889842711593,0.1990143466038834
198.9918860371279,1989.918860371279,0.19784723002505977
198.99477078424854,1989.9477078424854,0.19668685666484897
198.997638610868,1989.97638610868,0.1955331887511207
199.00048961478194,1990.0048961478194,0.19438618870937852
199.00332389323785,1990.0332389323785,0.193245819161886
199.00614154293785,1990.0614154293785,0.19211204292679618
199.0089426600416,1990.0894266004161,0.19098482301729724
199.01172734016916,1990.1172734016916,0.1898641226407385
199.01449567840373,1990.1449567840373,0.18874990519777768
199.0172477692946,1990.1724776929461,0.187642134281516
199.0199837068599,1990.199837068599,0.18654077367663646
199.02270358458935,1990.2270358458936,0.18544578735856732
199.02540749544715,1990.2540749544714,0.18435713949261157
199.02809553187467,1990.2809553187467,0.18327479443308725
199.03076778579322,1990.307677857932,0.18219871672250676
199.03342434860684,1990.3342434860683,0.18112887109070996
199.03606531120502,1990.3606531120502,0.18006522245401335
199.03869076396535,1990.3869076396536,0.17900773591437513
199.04130079675636,1990.4130079675635,0.17795637675857812
199.04389549894012,1990.4389549894013,0.1769111104573291
199.04647495937493,1990.4647495937493,0.1758719026644826
199.04903926641805,1990.4903926641805,0.17483871921617755
199.05158850792833,1990.5158850792832,0.1738115261300166
199.05412277126888,1990.5412277126889,0.17279028960420817
199.05664214330963,1990.5664214330964,0.1717749760167564
199.05914671043004,1990.5914671043004,0.17076555192465648
199.0616365585217,1990.6163655852172,0.16976198406303844
199.0641117729909,1990.6411177299092,0.16876423934434293
199.06657243876123,1990.6657243876123,0.1677722848575378
199.06901864027614,1990.6901864027614,0.1667860878672638
199.0714504615016,1990.714504615016,0.16580561581303144
199.07386798592847,1990.7386798592847,0.1648308363083988
199.07627129657524,1990.7627129657524,0.16386171714020037
199.07866047599043,1990.7866047599043,0.16289822626768213
199.08103560625517,1990.8103560625518,0.16194033182172873
199.08339676898564,1990.8339676898563,0.16098800210404995
199.08574404533562,1990.857440453356,0.16004120558639556
199.08807751599895,1990.8807751599895,0.1590999109097364
199.09039726121205,1990.9039726121205,0.15816408688348105
199.09270336075627,1990.9270336075629,0.1572337024846533
199.09499589396046,1990.9499589396046,0.1563087268571497
199.0972749397033,1990.972749397033,0.15538912931090643
199.09954057641585,1990.9954057641585,0.15447487932112836
199.10179288208377,1991.0179288208378,0.15356594652750566
199.10403193424995,1991.0403193424995,0.15266230073343756
199.1062578100167,1991.062578100167,0.15176391190522942
199.10847058604824,1991.0847058604825,0.15087075017134133
199.11067033857304,1991.1067033857305,0.14998278582161362
199.1128571433862,1991.1285714338621,0.14909998930647106
199.11503107585176,1991.1503107585177,0.14822233123615725
199.117192210905,1991.1719221090498,0.14734978237998853
199.11934062305482,1991.1934062305481,0.14648231366558484
199.1214763863861,1991.214763863861,0.14561989617807747
199.12359957456184,1991.2359957456183,0.14476250115938072
199.12571026082563,1991.2571026082562,0.1439101000074281
199.12780851800375,1991.2780851800376,0.14306266427539782
199.1298944185076,1991.298944185076,0.1422201656710005
199.13196803433584,1991.3196803433584,0.1413825760556815
199.1340294370767,1991.340294370767,0.14054986744391762
199.13607869791014,1991.3607869791012,0.1397220120024354
199.13811588761016,1991.3811588761016,0.13889898204949702
199.14014107654697,1991.4014107654698,0.13808075005415255
199.1421543346892,1991.421543346892,0.13726728863548487
199.14415573160605,1991.4415573160604,0.13645857056189747
199.14614533646954,1991.4614533646954,0.13565456875038073
199.1481232180566,1991.4812321805662,0.1348552562657659
199.15008944475133,1991.5008944475132,0.1340606063200287
199.152044084547,1991.52044084547,0.1332705922715256
199.1539872050483,1991.5398720504832,0.13248518762431338
199.15591887347352,1991.5591887347352,0.13170436602739244
199.15783915665648,1991.5783915665647,0.13092810127401222
199.15974812104878,1991.5974812104878,0.13015636730096602
199.16164583272183,1991.6164583272184,0.12938913818785025
199.163532357369,1991.6353235736901,0.12862638815639293
199.16540776030763,1991.6540776030763,0.1278680915697077
199.1672721064811,1991.672721064811,0.12711422293162755
199.16912546046092,1991.6912546046092,0.12636475688597493
199.17096788644875,1991.7096788644876,0.12561966821589188
199.17279944827843,1991.7279944827842,0.1248789318431065
199.17462020941798,1991.7462020941798,0.12414252282728278
199.17643023297168,1991.7643023297169,0.12341041636531358
199.17822958168202,1991.7822958168201,0.12268258779061902
199.1800183179317,1991.8001831793172,0.12195901257247499
199.18179650374566,1991.8179650374566,0.12123966631532745
199.18356420079292,1991.8356420079292,0.12052452475811393
199.18532147038871,1991.8532147038873,0.11981356377360086
199.18706837349634,1991.8706837349634,0.11910675936766957
199.1888049707291,1991.888049707291,0.11840408767868915
199.19053132235229,1991.9053132235229,0.11770552497682907
199.19224748828506,1991.9224748828506,0.11701104766338943
199.19395352810238,1991.9395352810238,0.11632063227012779
199.1956495010369,1991.956495010369,0.11563425545863026
199.19733546598093,1991.9733546598093,0.11495189401962058
199.19901148148818,1991.990114814882,0.11427352487231346
199.20067760577575,1992.0067760577576,0.11359912506376091
199.20233389672597,1992.0233389672599,0.11292867176822341
199.20398041188824,1992.0398041188823,0.11226214228648423
199.20561720848087,1992.0561720848086,0.11159951404523127
199.20724434339297,1992.0724434339297,0.11094076459640334
199.2088618731862,1992.088618731862,0.11028587161654357
199.21046985409666,1992.1046985409666,0.10963481290617771
199.21206834203662,1992.1206834203663,0.1089875663891764
199.2136573925964,1992.1365739259638,0.10834411011210854
199.2152370610461,1992.152370610461,0.10770442224362675
199.21680740233748,1992.1680740233749,0.10706848107382427
199.21836847110555,1992.1836847110555,0.10643626501363102
199.21992032167051,1992.1992032167052,0.10580775259418118
199.22146300803945,1992.2146300803945,0.10518292246618266
199.22299658390804,1992.2299658390805,0.10456175339931129
199.22452110266232,1992.245211026623,0.10394422428160155
199.2260366173804,1992.260366173804,0.10333031411882843
199.22754318083423,1992.2754318083423,0.10272000203390874
199.22904084549126,1992.2904084549125,0.10211326726625991
199.2305296635161,1992.305296635161,0.10151008917123505
199.23200968677233,1992.3200968677234,0.1009104472195137
199.2334809668241,1992.334809668241,0.10031432099649606
199.23494355493776,1992.3494355493776,0.09972169020168486
199.2363975020837,1992.363975020837,0.09913253464814353
199.23784285893777,1992.3784285893776,0.09854683426184785
199.2392796758831,1992.392796758831,0.0979645690811477
199.24070800301172,1992.4070800301172,0.09738571925616135
199.2421278901261,1992.421278901261,0.09681026504815549
199.24353938674088,1992.4353938674087,0.09623818682903007
199.24494254208437,1992.4494254208437,0.09566946508070373
199.2463374051003,1992.463374051003,0.09510408039452756
199.24772402444927,1992.4772402444928,0.09454201347073443
199.24910244851043,1992.4910244851044,0.09398324511785106
199.25047272538305,1992.5047272538304,0.09342775625215971
199.25183490288805,1992.5183490288805,0.09287552789708187
199.2531890285696,1992.5318902856961,0.09232654118266126
199.2545351496967,1992.545351496967,0.09178077734498125
199.2558733132646,1992.558733132646,0.09123821772560703
199.25720356599655,1992.5720356599654,0.09069884377104209
199.25852595434512,1992.5852595434512,0.09016263703214555
199.25984052449382,1992.5984052449382,0.08962957916362946
199.26114732235868,1992.611473223587,0.08909965192347435
199.26244639358964,1992.6244639358965,0.08857283717237507
199.26373778357208,1992.6373778357208,0.08804911687322026
199.26502153742837,1992.6502153742836,0.08752847309055767
199.26629770001924,1992.6629770001923,0.08701088799002399
199.2675663159454,1992.675663159454,0.08649634383785099
199.2688274295489,1992.688274295489,0.08598482300027932
199.2700810849146,1992.7008108491461,0.08547630794306826
199.27132732587168,1992.7132732587168,0.08497078123096458
199.272566195995,1992.7256619599502,0.08446822552715183
199.27379773860665,1992.7379773860664,0.08396862359274415
199.27502199677724,1992.7502199677724,0.0834719582862622
199.27623901332743,1992.7623901332743,0.08297821256310378
199.27744883082931,1992.7744883082933,0.08248736947505364
199.27865149160777,1992.7865149160777,0.08199941216972562
199.27984703774197,1992.7984703774198,0.08151432389010616
199.28103551106665,1992.8103551106665,0.08103208797398409
199.2822169531736,1992.8221695317359,0.08055268785349945
199.2833914054129,1992.833914054129,0.08007610705458923
199.28455890889455,1992.8455890889454,0.0796023291965291
199.28571950448946,1992.8571950448945,0.07913133799138272
199.28687323283114,1992.8687323283114,0.07866311724357544
199.28802013431687,1992.8802013431687,0.07819765084931873
199.28916024910905,1992.8916024910905,0.07773492279616612
199.2902936171366,1992.902936171366,0.0772749171625211
199.29142027809624,1992.9142027809623,0.0768176181171274
199.29254027145382,1992.9254027145382,0.07636300991859457
199.2936536364456,1992.936536364456,0.07591107691491317
199.29476041207963,1992.9476041207963,0.0754618035429715
199.29586063713694,1992.9586063713693,0.07501517432808313
199.29695435017294,1992.9695435017293,0.0745711738834931
199.29804158951862,1992.980415895186,0.074129786909916
199.29912239328183,1992.9912239328182,0.07369099819506353
199.30019679934864,1993.0019679934865,0.07325479261318257
199.3012648453845,1993.012648453845,0.07282115512455611
199.30232656883555,1993.0232656883554,0.0723900707750591
199.3033820069298,1993.0338200692981,0.07196152469570372
199.30443119667848,1993.0443119667848,0.07153550210217041
199.3054741748772,1993.054741748772,0.07111198829433363
199.30651097810718,1993.065109781072,0.0706909686558177
199.3075416427365,1993.075416427365,0.07027242865354033
199.30856620492133,1993.0856620492134,0.06985635383727562
199.30958470060708,1993.0958470060707,0.06944272983916733
199.3105971655296,1993.105971655296,0.06903154237330966
199.31160363521647,1993.1160363521647,0.06862277723530852
199.31260414498811,1993.126041449881,0.06821642030180364
199.31359872995898,1993.13598729959,0.06781245753004761
199.31458742503872,1993.1458742503874,0.06741087495747244
199.3155702649334,1993.155702649334,0.06701165870124548
199.3165472841466,1993.165472841466,0.06661479495782885
199.31751851698064,1993.1751851698064,0.0662202700025567
199.3184839975377,1993.184839975377,0.06582807018918224
199.31944375972088,1993.194437597209,0.06543818194947626
199.32039783723553,1993.2039783723553,0.06505059179280437
199.3213462635902,1993.2134626359018,0.06466528630565449
199.32228907209782,1993.2228907209783,0.0642822521512727
199.32322629587688,1993.2322629587688,0.06390147606920316
199.32415796785247,1993.2415796785247,0.06352294487489374
199.32508412075742,1993.2508412075742,0.0631466454592644
199.3260047871334,1993.2600478713339,0.06277256478829507
199.326919999332,1993.26919999332,0.062400689902622375
199.32782978951582,1993.2782978951582,0.06203100791711513
199.32873418965957,1993.2873418965958,0.06166350602049242
199.32963323155113,1993.2963323155113,0.06129817147487948
199.33052694679265,1993.3052694679263,0.0609349916154418
199.33141536680156,1993.3141536680157,0.060573953849953455
199.33229852281173,1993.3229852281172,0.06021504565840985
199.33317644587436,1993.3317644587437,0.059858254592629834
199.3340491668592,1993.3404916685918,0.059503568275868446
199.33491671645547,1993.3491671645547,0.0591509744024048
199.33577912517296,1993.3577912517296,0.05880046073715661
199.33663642334307,1993.3663642334307,0.058452015115303624
199.33748864111973,1993.3748864111974,0.058105625441875475
199.3383358084806,1993.3833580848059,0.057761279691392886
199.33917795522788,1993.3917795522789,0.05741896590745199
199.34001511098947,1993.4001511098948,0.057078672202372616
199.3408473052199,1993.408473052199,0.056740386756805705
199.3416745672014,1993.416745672014,0.0564040978193443
199.34249692604476,1993.4249692604476,0.05606979370615228
199.34331441069043,1993.4331441069044,0.055737462800617976
199.34412704990945,1993.4412704990946,0.05540709355293316
199.34493487230444,1993.4493487230443,0.05507867447976089
199.34573790631057,1993.4573790631057,0.054752194163857126
199.34653618019655,1993.4653618019656,0.05442764125368349
199.34732972206552,1993.4732972206552,0.05410500446306976
199.34811855985603,1993.4811855985604,0.053784272570833735
199.34890272134305,1993.4890272134305,0.053465434420438385
199.3496822341388,1993.496822341388,0.053148478919604614
199.35045712569385,1993.5045712569386,0.05283339503998086
199.35122742329784,1993.5122742329784,0.05252017181675761
199.3519931540806,1993.5199315408058,0.05220879834834946
199.3527543450129,1993.527543450129,0.051899263796016726
199.35351102290758,1993.5351102290758,0.051591557383531494
199.35426321442026,1993.5426321442026,0.05128566839680104
199.35501094605033,1993.5501094605033,0.05098158618356585
199.35575424414188,1993.5575424414187,0.05067930015301059
199.35649313488454,1993.5649313488454,0.05037879977544435
199.3572276443144,1993.5722764431441,0.05008007458195962
199.3579577983149,1993.5795779831492,0.04978311416408765
199.35868362261772,1993.5868362261772,0.04948790817345561
199.35940514280358,1993.5940514280358,0.04919444632145975
199.36012238430322,1993.6012238430321,0.0489027183789279
199.3608353723982,1993.6083537239822,0.048612714175787275
199.36154413222184,1993.6154413222184,0.0483244236007323
199.3622486887599,1993.622486887599,0.048037836600888895
199.36294906685166,1993.6294906685166,0.047752943181507135
199.3636452911906,1993.636452911906,0.04746973340561311
199.36433738632533,1993.6433738632534,0.04718819739368918
199.36502537666036,1993.6502537666036,0.04690832532337197
199.365709286457,1993.65709286457,0.04663010742911666
199.36638913983413,1993.6638913983413,0.04635353400186304
199.3670649607691,1993.670649607691,0.04607859538874948
199.36773677309853,1993.6773677309852,0.04580528199276657
199.36840460051897,1993.6840460051897,0.04553358427246401
199.36906846658798,1993.6906846658799,0.04526349274164332
199.3697283947247,1993.697283947247,0.04499499796901141
199.37038440821078,1993.703844082108,0.044728090577926594
199.37103653019116,1993.7103653019117,0.044462761246032656
199.3716847836748,1993.716847836748,0.044199000705003044
199.37232919153556,1993.7232919153555,0.043936799740215804
199.3729697765129,1993.729697765129,0.043676149190423175
199.37360656121268,1993.7360656121268,0.043417039947510006
199.374239568108,1993.74239568108,0.04315946295614559
199.37486881953993,1993.7486881953992,0.0429034092135101
199.37549433771818,1993.754943377182,0.04264886976897486
199.376116144722,1993.76116144722,0.04239583572384298
199.37673426250086,1993.7673426250085,0.042144298231031385
199.37734871287526,1993.7734871287525,0.04189424849479728
199.37795951753742,1993.7795951753742,0.04164567777040773
199.37856669805205,1993.7856669805205,0.041398577363905176
199.3791702758571,1993.7917027585709,0.041152938631778824
199.37977027226444,1993.7977027226443,0.040908752980710616
199.38036670846068,1993.8036670846068,0.04066601186727148
199.38095960550788,1993.8095960550788,0.04042470679764243
199.38154898434416,1993.8154898434416,0.04018482932733036
199.3821348657846,1993.8213486578459,0.03994637106091048
199.3827172705218,1993.827172705218,0.039709323651713646
199.38329621912666,1993.8329621912667,0.03947367880157415
199.38387173204913,1993.8387173204912,0.03923942826056148
199.38444382961882,1993.8444382961882,0.039006563826676555
199.38501253204572,1993.8501253204572,0.03877507734560659
199.38557785942098,1993.8557785942098,0.0385449607104551
199.3861398317175,1993.861398317175,0.03831620586145412
199.38669846879063,1993.8669846879063,0.03808880478570664
199.38725379037896,1993.8725379037896,0.03786274951693258
199.38780581610487,1993.8780581610488,0.03763803213517214
199.38835456547528,1993.8835456547529,0.0374146447665602
199.38890005788224,1993.8890005788223,0.03719257958303146
199.38944231260373,1993.8944231260373,0.03697182880210548
199.3899813488042,1993.8998134880421,0.03675238468655806
199.39051718553534,1993.9051718553535,0.03653423954423296
199.3910498417366,1993.910498417366,0.036317385727743456
199.39157933623596,1993.9157933623596,0.036101815634243195
199.39210568775056,1993.9210568775056,0.03588752170513665
199.3926289148873,1993.926289148873,0.03567449642587839
199.39314903614348,1993.931490361435,0.035462732325672874
199.39366606990757,1993.9366606990757,0.03525222197727018
199.39418003445962,1993.9418003445962,0.03504295799666224
199.3946909479721,1993.946909479721,0.03483493304289276
199.39519882851036,1993.9519882851037,0.034628139817783676
199.39570369403341,1993.957036940334,0.034422571065698904
199.39620556239444,1993.9620556239445,0.03421821957328497
199.39670445134144,1993.9670445134143,0.034015078169250756
199.39720037851782,1993.9720037851782,0.03381313972412947
199.3976933614631,1993.976933614631,0.033612397150017514
199.3981834176134,1993.981834176134,0.03341284340035777
199.3986705643021,1993.9867056430212,0.03321447146967671
199.39915481876045,1993.9915481876046,0.033017274393403184
199.39963619811812,1993.996361981181,0.03282124524757002
199.40011471940383,1994.0011471940384,0.03262637714862571
199.40059039954596,1994.0059039954597,0.03243266325318572
199.4010632553731,1994.0106325537308,0.0322400967578087
199.40153330361457,1994.0153330361456,0.03204867089876018
199.40200056090114,1994.0200056090114,0.03185837895180477
199.40246504376552,1994.024650437655,0.03166921423195923
199.4029267686429,1994.0292676864292,0.031481170093277555
199.40338575187167,1994.0338575187166,0.03129423992862357
199.40384200969376,1994.0384200969377,0.0311084171694489
199.4042955582554,1994.042955582554,0.03092369528557093
199.40474641360757,1994.0474641360756,0.03074006778496674
199.40519459170662,1994.0519459170662,0.03055752821353508
199.40564010841476,1994.0564010841476,0.030376070154883195
199.40608297950067,1994.0608297950066,0.030195687230124335
199.40652322063997,1994.0652322063997,0.030016373097645044
199.4069608474159,1994.069608474159,0.02983812145292042
199.40739587531968,1994.0739587531968,0.02966092602824233
199.4078283197512,1994.0782831975118,0.02948478059257731
199.40825819601946,1994.0825819601946,0.029309678951323193
199.40868551934318,1994.0868551934318,0.02913561494608352
199.40911030485125,1994.0911030485127,0.028962582454493457
199.4095325675833,1994.095325675833,0.028790575389990636
199.40995232249026,1994.0995232249024,0.028619587701614435
199.41036958443473,1994.1036958443474,0.028449613373801697
199.41078436819168,1994.1078436819168,0.028280646426191325
199.41119668844883,1994.1119668844883,0.028112680913412902
199.41160655980724,1994.1160655980725,0.02794571092490372
199.4120139967818,1994.120139967818,0.0277797305846601
199.41241901380172,1994.1241901380172,0.027614734051086387
199.412821625211,1994.12821625211,0.027450715516787128
199.41322184526896,1994.1322184526896,0.02728766920836634
199.41361968815082,1994.136196881508,0.02712558938622678
199.414015167948,1994.1401516794801,0.026964470344369218
199.41440829866883,1994.1440829866883,0.026804306410225465
199.41479909423884,1994.1479909423883,0.026645091944436317
199.4151875685014,1994.1518756850141,0.026486821340681033
199.4155737352181,1994.155737352181,0.0263294890254695
199.41595760806925,1994.1595760806924,0.02617308945798058
199.41633920065442,1994.1633920065442,0.02601761712983297
199.41671852649282,1994.167185264928,0.025863066564937753
199.4170955990238,1994.170955990238,0.025709432319294123
199.41747043160743,1994.1747043160742,0.02555670898080642
199.41784303752473,1994.1784303752474,0.0254048911690834
199.41821342997838,1994.1821342997837,0.025253973535296126
199.41858162209303,1994.1858162209303,0.025103950761952376
199.41894762691578,1994.1894762691577,0.024954817562736764
199.41931145741668,1994.1931145741669,0.024806568682338437
199.41967312648913,1994.1967312648912,0.024659198896250345
199.42003264695038,1994.2003264695038,0.024512703010623582
199.42039003154193,1994.2039003154193,0.02436707586204001
199.42074529292998,1994.2074529292997,0.02422231231738614
199.42109844370594,1994.2109844370593,0.024078407273659508
199.42144949638677,1994.2144949638678,0.0239353556577786
199.42179846341546,1994.2179846341546,0.023793152426437203
199.42214535716147,1994.2214535716148,0.023651792565921426
199.4224901899212,1994.224901899212,0.023511271091930297
199.4228329739183,1994.228329739183,0.023371583049399902
199.42317372130424,1994.2317372130424,0.02323272351238259
199.42351244415863,1994.2351244415863,0.023094687583807172
199.4238491544897,1994.238491544897,0.02295747039535634
199.42418386423464,1994.2418386423465,0.022821067107305026
199.42451658526014,1994.2451658526013,0.02268547290833034
199.4248473293627,1994.248473293627,0.022550683015364115
199.42517610826914,1994.2517610826915,0.022416692673415284
199.42550293363686,1994.2550293363686,0.022283497155410004
199.4258278170544,1994.258278170544,0.022151091762054875
199.42615077004177,1994.2615077004177,0.022019471821641545
199.42647180405083,1994.2647180405083,0.021888632689892162
199.42679093046578,1994.267909304658,0.021758569749842138
199.42710816060347,1994.2710816060346,0.02162927841161455
199.42742350571382,1994.2742350571382,0.02150075411231711
199.4277369769802,1994.2773697698021,0.02137299231586276
199.42804858551995,1994.2804858551995,0.021245988512824
199.4283583423845,1994.2835834238451,0.021119738220257034
199.42866625856004,1994.2866625856004,0.02099423698157743
199.42897234496772,1994.2897234496772,0.020869480366398463
199.42927661246412,1994.2927661246413,0.020745463970357036
199.4295790718416,1994.295790718416,0.020622183414984008
199.4298797338287,1994.298797338287,0.02049963434755675
199.43017860909043,1994.3017860909044,0.02037781244092507
199.43047570822876,1994.3047570822876,0.0202567133934064
199.43077104178292,1994.3077104178292,0.020136332928601064
199.4310646202298,1994.310646202298,0.02001666679524483
199.4313564539843,1994.3135645398431,0.019897710767093457
199.4316465533997,1994.316465533997,0.019779460642729063
199.43193492876804,1994.3193492876803,0.019661912245483748
199.4322215903204,1994.322215903204,0.019545061423213994
199.43250654822742,1994.325065482274,0.019428904048247375
199.43278981259945,1994.3278981259946,0.0193134360171463
199.4330713934871,1994.330713934871,0.01919865325065473
199.4333513008814,1994.3335130088142,0.019084551693486773
199.4336295447144,1994.336295447144,0.018971127314250325
199.43390613485923,1994.3390613485922,0.01885837610524277
199.43418108113065,1994.3418108113065,0.018746294082360393
199.4344543932853,1994.344543932853,0.018634877284956275
199.43472608102215,1994.3472608102215,0.018524121775689295
199.43499615398267,1994.3499615398266,0.01841402364038025
199.43526462175132,1994.3526462175132,0.018304578987905273
199.43553149385576,1994.3553149385575,0.018195783950034183
199.43579677976734,1994.3579677976734,0.01808763468133101
199.4360604889013,1994.3606048890128,0.01798012735897636
199.43632263061707,1994.3632263061706,0.017873258182671492
199.43658321421879,1994.3658321421879,0.017767023374505087
199.43684224895546,1994.3684224895546,0.01766141917879338
199.4370997440213,1994.3709974402132,0.017556441861975358
199.43735570855617,1994.3735570855617,0.01745208771248663
199.4376101516457,1994.376101516457,0.017348353040617326
199.43786308232183,1994.3786308232184,0.017245234178393076
199.43811450956295,1994.3811450956296,0.017142727479452446
199.43836444229433,1994.3836444229432,0.01704082931889772
199.43861288938834,1994.3861288938833,0.01693953609319543
199.43885985966486,1994.3885985966485,0.016838844220057325
199.4391053618915,1994.391053618915,0.016738750138275194
199.439349404784,1994.39349404784,0.01663925030764446
199.4395919970064,1994.395919970064,0.016540341208813203
199.4398331471715,1994.398331471715,0.016442019343173797
199.44007286384107,1994.4007286384108,0.016344281232740343
199.44031115552613,1994.4031115552614,0.016247123420008336
199.44054803068735,1994.4054803068734,0.01615054246787828
199.44078349773525,1994.4078349773526,0.01605453495948872
199.44101756503053,1994.4101756503053,0.015959097498132735
199.4412502408844,1994.412502408844,0.01586422670712473
199.44148153355874,1994.4148153355875,0.015769919229681406
199.44171145126663,1994.4171145126663,0.015676171728822297
199.4419400021724,1994.419400021724,0.015582980887227649
199.44216719439206,1994.4216719439205,0.015490343407142504
199.4423930359935,1994.423930359935,0.015398256010259459
199.4426175349968,1994.426175349968,0.015306715437604979
199.44284069937459,1994.4284069937457,0.015215718449431037
199.44306253705219,1994.4306253705217,0.015125261825083669
199.443283055908,1994.4328305590802,0.015035342362923032
199.44350226377378,1994.4350226377378,0.014945956880174194
199.4437201684348,1994.4372016843479,0.014857102212845419
199.44393677763026,1994.4393677763026,0.014768775215612706
199.44415209905347,1994.4415209905346,0.014680972761693667
199.44436614035214,1994.4436614035214,0.014593691742769366
199.44457890912872,1994.4457890912872,0.014506929068863528
199.44479041294053,1994.4479041294053,0.014420681668209312
199.44500065930018,1994.4500065930017,0.014334946487190692
199.44520965567568,1994.4520965567567,0.014249720490186135
199.44541740949086,1994.4541740949085,0.014165000659508209
199.44562392812549,1994.456239281255,0.01408078399526147
199.4458292189156,1994.458292189156,0.013997067515269634
199.4460332891538,1994.460332891538,0.013913848254956562
199.44623614608943,1994.4623614608943,0.013831123267234346
199.44643779692885,1994.4643779692885,0.013748889622412719
199.44663824883574,1994.4663824883573,0.013667144408108456
199.4468375089313,1994.4683750893132,0.013585884729112152
199.44703558429453,1994.4703558429453,0.013505107707315389
199.4472324819624,1994.472324819624,0.013424810481609484
199.4474282089303,1994.474282089303,0.013344990207775353
199.447622772152,1994.47622772152,0.013265644058366277
199.44781617854014,1994.4781617854014,0.013186769222663486
199.44800843496637,1994.4800843496637,0.013108362906519844
199.44819954826158,1994.4819954826157,0.013030422332301228
199.4483895252162,1994.4838952521618,0.01295294473876929
199.4485783725803,1994.485783725803,0.012875927380997965
199.44876609706407,1994.4876609706407,0.01279936753027755
199.4489527053378,1994.489527053378,0.012723262473999242
199.4491382040323,1994.491382040323,0.012647609515594738
199.449322599739,1994.4932259973898,0.012572405974415446
199.4495058990103,1994.495058990103,0.012497649185659654
199.44968810835974,1994.4968810835974,0.012423336500248183
199.44986923426222,1994.4986923426222,0.012349465284753336
199.45004928315427,1994.5004928315427,0.01227603292132251
199.4502282614342,1994.502282614342,0.012203036807553858
199.45040617546246,1994.5040617546247,0.01213047435643766
199.45058303156168,1994.5058303156168,0.01205834299622488
199.45075883601706,1994.5075883601705,0.01198664017039519
199.45093359507652,1994.5093359507653,0.011915363337511309
199.45110731495092,1994.5110731495092,0.01184450997116393
199.45128000181427,1994.5128000181426,0.011774077559866925
199.451451661804,1994.5145166180398,0.011704063606989834
199.45162230102105,1994.5162230102105,0.011634465630640634
199.4517919255303,1994.517919255303,0.011565281163621322
199.45196054136056,1994.5196054136056,0.011496507753289364
199.45212815450495,1994.5212815450495,0.011428142961523946
199.45229477092096,1994.5229477092096,0.011360184364590964
199.45246039653082,1994.5246039653082,0.011292629553114608
199.45262503722162,1994.5262503722163,0.0112254761319317
199.45278869884547,1994.5278869884546,0.011158721720054388
199.45295138721983,1994.5295138721983,0.011092363950583106
199.4531131081276,1994.531131081276,0.011026400470585784
199.45327386731745,1994.5327386731744,0.010960828941062317
199.45343367050384,1994.5343367050384,0.010895647036836209
199.4535925233674,1994.535925233674,0.010830852446487071
199.45375043155508,1994.537504315551,0.0107664428722547
199.45390740068027,1994.5390740068026,0.010702416029959139
199.45406343632308,1994.5406343632308,0.010638769648945612
199.4542185440305,1994.542185440305,0.010575501471974391
199.45437272931667,1994.5437272931667,0.010512609255171057
199.45452599766293,1994.5452599766293,0.010450090767916365
199.45467835451817,1994.5467835451816,0.010387943792796506
199.45482980529889,1994.548298052989,0.010326166125494751
199.45498035538947,1994.5498035538947,0.010264755574759477
199.45513001014237,1994.5513001014237,0.010203709962290475
199.45527877487828,1994.5527877487827,0.010143027122660797
199.45542665488628,1994.5542665488629,0.010082704903265238
199.4555736554241,1994.555736554241,0.010022741164242177
