0.012350188202775326,0.12350188202775325,0.8420563727883795
0.024770665879318997,0.24770665879318998,0.8468488260170094
0.037261806543901814,0.37261806543901815,0.8516667460698603
0.04982398538965843,0.4982398538965843,0.8565102474146616
0.062457579292566935,0.6245757929256693,0.861379444790478
0.07516296681539202,0.7516296681539202,0.8662744532052254
0.08794052821159197,0.8794052821159197,0.8711953879332061
0.10079064542918789,1.007906454291879,0.8761423645125305
0.1137137021145949,1.137137021145949,0.8811154987425261
0.12671008361641423,1.2671008361641423,0.8861149066810746
0.13978017698918582,1.3978017698918581,0.8911407046419167
0.15292437099710068,1.5292437099710068,0.8961930091919011
0.16614305611767172,1.6614305611767173,0.9012719371481669
0.1794366245453633,1.794366245453633,0.9063776055753227
0.19280547019517746,1.9280547019517746,0.9115101317824837
0.20624998870619748,2.062499887061975,0.9166696333203802
0.21977057744508635,2.1977057744508635,0.9218562279782677
0.2333676355095414,2.333676355095414,0.9270700337809487
0.24704156373170197,2.4704156373170196,0.932311168985564
0.2607927646815116,2.607927646815116,0.93757975207849
0.274621642670032,2.74621642670032,0.9428759017720697
0.2885286037527095,2.885286037527095,0.9481997370013392
0.30251405573259227,3.0251405573259227,0.9535513769206968
0.3165784081634975,3.165784081634975,0.9589309409004926
0.33072207235312845,3.3072207235312847,0.9643385485235892
0.34494546136613946,3.449454613661395,0.9697743195818432
0.35924899002714916,3.5924899002714916,0.9752383740725395
0.37363307492370035,3.7363307492370037,0.9807308321947804
0.38809813440916546,3.8809813440916545,0.9862518143457691
0.40264458860559765,4.026445886055977,0.9918014411171029
0.4172728594065262,4.172728594065262,0.9973798332909624
0.4319833704796946,4.319833704796946,1.0029871118362288
0.44677654726974186,4.467765472697419,1.0086233979045915
0.4616528170008247,4.616528170008247,1.0142888128265306
0.47661260867918137,4.766126086791814,1.0199834781073212
0.491656353095634,4.91656353095634,1.0257075154228699
0.506784482828031,5.06784482828031,1.0314610466156027
0.5219974322436267,5.219974322436267,1.0372441936901748
0.5372956375013982,5.372956375013982,1.0430570788092415
0.5526795365542984,5.526795365542983,1.0488998242890504
0.5681495691514438,5.681495691514438,1.0547725525950225
0.5837061768402372,5.837061768402371,1.0606753863373126
0.5993498029684229,5.993498029684229,1.0666084482661913
0.6150808926860747,6.150808926860747,1.0725718612674808
0.6308998929475147,6.3089989294751465,1.0785657483578484
0.6468072525131632,6.468072525131632,1.0845902326800485
0.662803421951317,6.62803421951317,1.090645437498131
0.6788888536398573,6.788888536398573,1.0967314861925463
0.6950640017678832,6.950640017678832,1.102848502255171
0.7113293223372738,7.113293223372738,1.108996609284333
0.7276852731641734,7.276852731641734,1.1151759309796803
0.7441323138804031,7.441323138804031,1.1213865911370466
0.7606709059347943,7.606709059347942,1.12762871364323
0.7773015125944447,7.773015125944447,1.1339024224706624
0.7940245989458967,7.940245989458967,1.1402078416720856
0.8108406318962342,8.108406318962341,1.1465450953750644
0.8277500801741002,8.277500801741002,1.1529143077765256
0.8447534143306316,8.447534143306315,1.1593156031371277
0.8618511067403113,8.618511067403112,1.1657491057756517
0.8790436316017369,8.79043631601737,1.1722149400632458
0.896331464938303,8.96331464938303,1.1787132304176144
0.9137150845987984,9.137150845987984,1.1852441012971835
0.931194970257916,9.31194970257916,1.1918076771951207
0.9487716034166741,9.487716034166741,1.198404082633321
0.9664454674027481,9.66445467402748,1.205033442156307
0.9842170473707118,9.842170473707117,1.2116958803250726
1.0020868303021877,10.020868303021878,1.2183915217108052
1.0200553050059036,10.200553050059035,1.2251204908885982
1.0381229621176555,10.381229621176555,1.23188291243101
1.0562902941001764,10.562902941001763,1.238678910901625
1.0745577952429077,10.745577952429077,1.24550861084847
1.092925961661674,10.92925961661674,1.2523721367973946
1.1113952912982596,11.113952912982597,1.2592696132453605
1.1299662839198854,11.299662839198854,1.26620116465365
1.1486394411185838,11.486394411185838,1.273166915440998
1.1674152663104744,11.674152663104744,1.2801669899766517
1.1862942647349337,11.862942647349337,1.287201512573326
1.2052769434536625,12.052769434536625,1.2942706074801298
1.2243638113496476,12.243638113496475,1.3013743988753395
1.2435553791260157,12.435553791260157,1.3085130108591625
1.2628521593047815,12.628521593047815,1.3156865674463796
1.2822546662254852,12.822546662254853,1.3228951925589088
1.3017634160437206,13.017634160437206,1.3301390100183021
1.3213789267295517,13.213789267295518,1.3374181435381627
1.3411017180658167,13.411017180658167,1.3447327167164347
1.360932311646318,13.609323116463178,1.352082853027691
1.3808712308738975,13.808712308738976,1.3594686758152617
1.4009190009583963,14.009190009583962,1.366890308283312
1.4210761489144954,14.210761489144954,1.3743478734888606
1.441343203559439,14.41343203559439,1.3818414943336532
1.461720695510637,14.61720695510637,1.3893712935560179
1.482209157183148,14.822091571831479,1.3969373937225815
1.5028091227870377,15.028091227870377,1.40453991721995
1.5235211283246157,15.235211283246157,1.4121789862462575
1.5443457115875456,15.443457115875457,1.419854722802667
1.5652834121538306,15.652834121538305,1.4275672486847673
1.5863347713846707,15.863347713846707,1.435316685473897
1.6075003324211916,16.075003324211917,1.4431031545283486
1.6287806401810443,16.287806401810442,1.4509267769745464
1.6501762413548717,16.501762413548718,1.4587876736980747
1.6716876844026458,16.71687684402646,1.4666859653346749
1.693315519549868,16.933155195498678,1.4746217722611132
1.715060298783636,17.15060298783636,1.4825952145859849
1.736922575848576,17.36922575848576,1.4906064121404268
1.7589029062426336,17.589029062426334,1.4986554844687316
1.7810018472127291,17.81001847212729,1.5067425508189047
1.8032199577502723,18.032199577502723,1.5148677301330964
1.825557798586534,18.25557798586534,1.5230311410379778
1.8480159321878775,18.480159321878777,1.5312329018350028
1.870594922750844,18.70594922750844,1.53947313049061
1.8932953361970948,18.93295336197095,1.54775194462631
1.9161177401682046,19.161177401682046,1.556069461508708
1.9390627040203092,19.390627040203093,1.5644257980394127
1.9621307988186034,19.621307988186032,1.5728210707448977
1.985322597331688,19.853225973316878,1.5812553957662208
2.0086386740257653,20.08638674025765,1.5897288888487133
2.032079605058683,20.320796050586832,1.5982416653315288
2.0556459682738226,20.556459682738225,1.6067938401371475
2.079338343193831,20.79338343193831,1.6153855277607492
2.1031573110141992,21.03157311014199,1.6240168422595453
2.1271034545966785,21.271034545966785,1.632687897242001
2.15117735846254,21.511773584625402,1.641398805856936
2.1753796087856747,21.75379608785675,1.6501496807826102
2.1997107933855253,21.997107933855254,1.6589406342156505
2.224171501719864,22.24171501719864,1.667771777859946
2.2487623248773976,22.487623248773975,1.6766432229154167
2.2734838555702117,22.73483855570212,1.6855550800667047
2.2983366881260467,22.983366881260466,1.6945074594717853
2.323321418480403,23.233214184804034,1.7035004707505075
2.3484386441684815,23.484386441684816,1.712534222973002
2.3736889643169468,23.73688964316947,1.7216088246480337
2.399072979635525,23.99072979635525,1.730724383711277
2.424591292408423,24.24591292408423,1.739881007513484
2.4502445064855753,24.502445064855753,1.7490788028085604
2.4760332272737147,24.760332272737145,1.7583178757415916
2.5019580617272643,25.019580617272645,1.7675983318367359
2.5280196183390546,25.280196183390547,1.776920275985081
2.5542185071308565,25.542185071308566,1.7862838124323717
2.580555339643736,25.80555339643736,1.7956890447666827
2.6070307289282266,26.070307289282265,1.8051360759060011
2.6336452895343174,26.336452895343175,1.814625008085708
2.660399637501257,26.60399637501257,1.8241559428460072
2.687294390347172,26.87294390347172,1.8337289810192332
2.714330167058497,27.14330167058497,1.8433442227171164
2.741507588079219,27.41507588079219,1.8530017673179295
2.7688272752999286,27.688272752999286,1.8627017134535877
2.7962898520466846,27.962898520466844,1.8724441589966347
2.823895943069683,28.23895943069683,1.8822292010471622
2.851646174531736,28.516461745317358,1.8920569359196642
2.8795411739965546,28.795411739965544,1.90192745912977
2.9075815704168377,29.075815704168377,1.9118408653809582
2.9357679941221626,29.357679941221626,1.9217972485511283
2.96410107680668,29.6410107680668,1.9317967016791404
2.992581451516609,29.92581451516609,1.9418393169512655
3.021209752637532,30.21209752637532,1.9519251856875326
3.04998661588149,30.4998661588149,1.9620543983280485
3.078912678273873,30.78912678273873,1.972227044419205
3.1079885781401106,31.079885781401106,1.9824432125998137
3.1372149550921558,31.372149550921556,1.992702990587198
3.166592450014764,31.665924500147643,2.0030064651631627
3.196121705051567,31.96121705051567,2.0133537221599274
3.2258033635909364,32.258033635909364,2.023744846445997
3.255638070251642,32.55638070251642,2.034179921911918
3.285626470868298,32.85626470868298,2.0446590314560003
3.315769212476599,33.15769212476599,2.0551822569699536
3.3460669432983474,33.46066943298347,2.0657496793244836
3.3765203127262633,33.76520312726263,2.0763613783547723
3.4071299713085845,34.07129971308584,2.0870174328459155
3.437896570733451,34.37896570733451,2.097717920518337
3.4688207638130732,34.688207638130734,2.1084629180130627
3.499903204467685,34.99903204467685,2.1192525008769647
3.5311445477092804,35.3114454770928,2.130086743547983
3.5625454496251274,35.62545449625127,2.1409657193402123
3.5941065673610693,35.941065673610694,2.1518895004289935
3.6258285591046007,36.258285591046004,2.162858157835885
3.657712084067726,36.57712084067726,2.173871761413658
3.6897578024695954,36.89757802469595,2.1849303798311337
3.7219663755189165,37.21966375518917,2.196034080558063
3.754338465396146,37.54338465396146,2.2071829298498735
3.7868747352354544,37.868747352354546,2.2183769927324186
3.8195758491064695,38.195758491064694,2.229616332986643
3.8524424719957904,38.524424719957906,2.240901013133206
3.885475269788277,38.85475269788277,2.2522310944170667
3.9186749092481143,39.18674909248114,2.263606636792009
3.952042057999646,39.52042057999646,2.275027698905119
3.985577384507982,39.855773845079824,2.286494338081225
4.019281558059376,40.19281558059376,2.2980066103072834
4.0531552487413745,40.53155248741375,2.309564570216756
4.087199127422734,40.87199127422734,2.3211682710738857
4.12141386573311,41.2141386573311,2.332817764757991
4.1558001360425125,41.55800136042512,2.3445131017476926
4.190358611440532,41.903586114405314,2.3562543311051276
4.22508996571533,42.2508996571533,2.368041500460077
4.259994873332399,42.59994873332399,2.3798746559941404
4.295074009413091,42.950740094130914,2.391753842424809
4.330328049712908,43.30328049712908,2.4036791029895395
4.365757670599561,43.65757670599561,2.41565047942982
4.401363549030797,44.01363549030797,2.4276680119751597
4.437146362531985,44.37146362531985,2.4397317393270908
4.473106789173475,44.731067891734746,2.451841698643165
4.509245507547711,45.09245507547711,2.4639979255208604
4.545563196746123,45.45563196746123,2.4762004539815625
4.582060536335765,45.82060536335766,2.488449316454435
4.618738206335736,46.187382063357354,2.500744543760369
4.655596887193346,46.555968871933466,2.5130861650958347
4.692637259760066,46.92637259760066,2.5254742080167696
4.729860005267219,47.29860005267219,2.537908698422465
4.767265805301452,47.67265805301452,2.5503896605394067
4.804855341779965,48.04855341779965,2.5629171169051506
4.8426292969255,48.426292969255,2.575491088352171
4.880588353241098,48.80588353241098,2.5881115939917074
4.918733193484619,49.18733193484619,2.6007786511976554
4.95706450064302,49.570645006430205,2.613492275590389
4.9955829579064055,49.95582957906406,2.6262524810206522
5.034289248641832,50.34289248641832,2.6390592795534347
5.073184056366881,50.73184056366881,2.6519126814518423
5.112268064723,51.12268064723,2.6648126951610283
5.151541957448594,51.51541957448594,2.6777593272920712
5.1910064183519005,51.910064183519005,2.6907525826059513
5.230662131283612,52.30662131283612,2.7037924639974613
5.270509780109273,52.70509780109273,2.716878972479217
5.310550048681439,53.10550048681439,2.7300121071656513
5.350783620811605,53.507836208116046,2.7431918652570206
5.391211180241891,53.912111802418906,2.7564182420235013
5.431833410616508,54.31833410616508,2.769691230789261
5.4726509954529785,54.72650995452979,2.783010822916571
5.513664618113133,55.136646181131326,2.7963770077900096
5.5548749617738675,55.54874961773868,2.8097897728006305
5.5962827093976815,55.96282709397681,2.823249103330243
5.637888543702971,56.37888543702971,2.8367549827356773
5.6796931471341034,56.79693147134103,2.850307392333138
5.721697201831259,57.21697201831259,2.8639063113826118
5.7639013896000435,57.639013896000435,2.877551717072292
5.8063063918808755,58.06306391880875,2.8912435845031
5.848912889718146,58.48912889718146,2.9049818866732333
5.891721563729154,58.917215637291534,2.918766594462808
5.934733094072815,59.34733094072815,2.932597676618538
5.9779481604181495,59.7794816041815,2.9464750997385027
6.021367441912546,60.21367441912546,2.9603988282569653
6.064991617149803,60.649916171498035,2.9743688244292827
6.1088213641379525,61.088213641379525,2.988385048316889
6.152857360266863,61.52857360266863,3.0024474577723548
6.197100282275622,61.97100282275622,3.0165560084245224
6.2415508062197125,62.41550806219713,3.030710653663743
6.286209607437956,62.862096074379565,3.0449113446271867
6.33107736051926,63.3107736051926,3.0591580301842707
6.37615473926914,63.7615473926914,3.0734506569221325
6.4214424166760375,64.21442416676038,3.087789169131257
6.4669410648774255,64.66941064877426,3.1021735087911755
6.512651355125705,65.12651355125705,3.116603615556263
6.558573957753897,65.58573957753896,3.1310794267416644
6.604709542141129,66.04709542141129,3.145600877309318
6.651058776677919,66.5105877667792,3.1601678998541005
6.697622328731255,66.97622328731255,3.174780424590072
6.744400864609474,67.44400864609474,3.1894383793368672
6.791395049526955,67.91395049526955,3.2041416895061796
6.838605547568594,68.38605547568594,3.2188902780884106
6.886033021654108,68.86033021654109,3.233684065639413
6.933678133502129,69.33678133502129,3.2485229702673917
6.981541543594118,69.81541543594118,3.263406907619919
7.029623911138088,70.29623911138087,3.2783357908711284
7.077925894032138,70.77925894032137,3.293309530708997
7.126448148827807,71.26448148827807,3.3083280353228273
7.175191330693246,71.75191330693247,3.3233912103908527
7.224156093376209,72.24156093376209,3.3384989590679885
7.273343089166864,72.73343089166863,3.3536511819737647
7.322752968860436,73.22752968860436,3.3688477771804064
7.372386381719673,73.72386381719673,3.3840886402010804
7.422243975437143,74.22243975437144,3.3993736639782877
7.4723263960973645,74.72326396097364,3.414702738872472
7.522634288138767,75.22634288138767,3.4300757526507675
7.573168294315501,75.73168294315501,3.4454925904759333
7.623929055659072,76.23929055659073,3.4609531348954667
7.674917211439834,76.74917211439835,3.4764572658308954
7.726133399128317,77.26133399128317,3.4920048605672913
7.777578254356406,77.77578254356406,3.5075957937429343
7.829252410878379,78.2925241087838,3.5232299373391807
7.881156500531786,78.81156500531786,3.538907160670558
7.933291153198197,79.33291153198196,3.5546273303750113
7.985656996763805,79.85656996763805,3.570390310404416
8.038254657079895,80.38254657079895,3.586195962015245
8.091084757923172,80.91084757923171,3.6020441437594806
8.144147920955973,81.44147920955973,3.6179347114757374
8.197444765686338,81.97444765686339,3.6338675182805873
8.250975909427968,82.50975909427967,3.6498424145601276
8.30474196726005,83.0474196726005,3.66585924796177
8.358743551986977,83.58743551986977,3.6819178633862557
8.412981274097953,84.12981274097953,3.698018102979908
8.467455741726479,84.6745574172648,3.7141598061271046
8.522167560609736,85.22167560609736,3.7303428094430227
8.577117334047879,85.77117334047878,3.7465669467666003
8.632305662863201,86.32305662863202,3.7628320491537655
8.687733145359239,86.87733145359239,3.779137944870874
8.743400377279752,87.43400377279752,3.7954844593884647
8.799307951767636,87.99307951767636,3.811871415375228
8.855456459323744,88.55456459323744,3.8282986326922237
8.911846487765624,89.11846487765624,3.8447659283874214
8.968478622186188,89.68478622186188,3.861273116690437
9.0253534449123,90.253534449123,3.8778200090075887
9.0824715354633,90.824715354633,3.894406413917221
9.139833470509462,91.39833470509461,3.911032137165273
9.197439823830392,91.97439823830392,3.927696981661167
9.255291166273368,92.55291166273368,3.9444007474739657
9.313388065711631,93.13388065711632,3.9611432318287982
9.371731087002626,93.71731087002627,3.9779242291036145
9.430320791946194,94.30320791946194,3.994743530826192
9.48915773924274,94.89157739242741,4.011600925671468
9.548242484451348,95.48242484451349,4.028496199459157
9.607575579947877,96.07575579947877,4.045429135151681
9.66715757488303,96.67157574883029,4.062399512852387
9.726989015140393,97.26989015140393,4.0794071098041
9.787070443294473,97.87070443294473,4.0964517003879495
9.847402398568706,98.47402398568705,4.1135330561225665
9.90798541679347,99.07985416793468,4.130650945663538
9.968820030364087,99.68820030364087,4.147805134803213
10.029906768198838,100.29906768198839,4.164995386470841
10.091246155696972,100.91246155696972,4.182221460733011
10.152838714696728,101.52838714696728,4.199483114794432
10.214684963433383,102.14684963433383,4.216780102999045
10.276785416497317,102.76785416497317,4.23411217683148
10.339140584792096,103.39140584792096,4.251479084918821
10.401750975492595,104.01750975492595,4.268880573032734
10.464617092003156,104.64617092003155,4.286316384091941
10.527739433915785,105.27739433915785,4.303786258165013
10.591118496968395,105.91118496968394,4.321289932473532
10.654754773003102,106.54754773003103,4.3388271413955986
10.718648749924578,107.18648749924577,4.356397616469689
10.782800911658464,107.82800911658464,4.374001086398857
10.847211738109852,108.47211738109851,4.391637277055312
10.911881705121834,109.11881705121834,4.409305911485336
10.976811284434138,109.76811284434137,4.427006709914585
11.042000943641838,110.42000943641838,4.44473938975372
11.107451146154158,111.07451146154159,4.462503665604434
11.173162351153366,111.73162351153366,4.480299249265825
11.239135013553764,112.39135013553764,4.498125849741159
11.305369583960795,113.05369583960795,4.51598317324498
11.371866508630248,113.71866508630248,4.533870923210612
11.438626229427578,114.38626229427578,4.551788800298017
11.505649183787359,115.05649183787358,4.569736502402056
11.572935804672845,115.72935804672845,4.587713724661089
11.640486520535685,116.40486520535686,4.605720159466007
11.708301755275755,117.08301755275755,4.623755496469578
11.776381928201147,117.76381928201147,4.641819422596242
11.8447274539883,118.447274539883,4.659911622052246
11.91333874264229,119.1333874264229,4.678031776336177
11.982216199457275,119.82216199457275,4.696179564249888
12.051360224977108,120.51360224977108,4.714354661909787
12.120771214956125,121.20771214956125,4.732556742758564
12.190449560320108,121.90449560320107,4.750785477577243
12.260395647127424,122.60395647127424,4.769040534497674
12.33060985653037,123.3060985653037,4.787321579015398
12.401092564736688,124.01092564736688,4.805628274002899
12.471844142971305,124.71844142971305,4.823960279723257
12.542864957438262,125.42864957438262,4.842317253844201
12.61415536928286,126.14155369282861,4.8606988514525336
12.68571573455403,126.8571573455403,4.879104725068966
12.757546404166911,127.57546404166911,4.897534524663363
12.829647723865673,128.29647723865673,4.915987897670333
12.902020034186567,129.02020034186566,4.934464489005277
12.974663670421217,129.74663670421216,4.9529639410807835
13.047578962580157,130.47578962580158,4.971485893823451
13.120766235356626,131.20766235356626,4.99002998469107
13.19422580809061,131.9422580809061,5.0085958486902475
13.267957994733166,132.67957994733166,5.02718311839439
13.341963103810992,133.4196310381099,5.0457914239621
13.416241438391292,134.16241438391293,5.064420393155949
13.490793296046919,134.9079329604692,5.083069651361667
13.565618968821793,135.65618968821792,5.101738821607715
13.640718743196627,136.40718743196626,5.120427524585253
13.716092900054944,137.16092900054943,5.139135378668483
13.791741714649397,137.91741714649396,5.1578619999354185
13.867665456568403,138.67665456568403,5.176607002189011
13.94386438970309,139.43864389703091,5.195369996978698
14.02033877221457,140.2033877221457,5.214150593622293
14.097088856501532,140.97088856501531,5.232948399228314
14.174114889168173,141.74114889168175,5.251763018718676
14.251417110992467,142.51417110992466,5.270594054851762
14.328995756894777,143.28995756894778,5.289441108245871
14.406851055906815,144.06851055906816,5.308303777403095
14.484983231140962,144.8498323114096,5.327181658733501
14.563392499759944,145.63392499759945,5.346074346579766
14.642079072946876,146.42079072946876,5.364981433242136
14.721043155875682,147.21043155875682,5.3839025090037795
14.800284947681883,148.00284947681882,5.402837162156528
14.879804641433777,148.79804641433776,5.421784979026955
14.959602424104004,149.59602424104003,5.440745544002845
15.039678476541498,150.396784765415,5.459718439560033
15.120032973443854,151.20032973443853,5.478703246289592
15.200666083330077,152.00666083330077,5.497699542925391
15.281577968513764,152.81577968513764,5.516706906372004
15.362768785076678,153.6276878507668,5.535724911732996
15.444238682842762,154.44238682842763,5.554753132339533
15.525987805352564,155.25987805352565,5.573791139779356
15.608016289838098,156.080162898381,5.592838503926118
15.690324267198136,156.90324267198136,5.611894792969035
15.77291186197395,157.7291186197395,5.630959573442902
15.855779192325487,158.55779192325488,5.650032410258441
15.938926370008,159.38926370008,5.669112866732975
16.02235350034913,160.2235350034913,5.688200504621447
16.10606068222646,161.0606068222646,5.707294884147748
16.190048008045512,161.9004800804551,5.7263955640364035
16.274315563718236,162.74315563718235,5.745502101544534
16.358863428641953,163.58863428641953,5.7646140524941725
16.443691675678792,164.43691675678792,5.783730971304872
16.528800371135596,165.28800371135594,5.802852411026629
16.614189574744334,166.14189574744333,5.8219779233731135
16.699859339642977,166.99859339642978,5.841107058755201
16.785809712356905,167.85809712356905,5.860239366314788
16.872040732780782,168.72040732780783,5.879374393958912
16.958552434160953,169.58552434160953,5.8985116883941675
17.045344843078347,170.45344843078345,5.917650795161374
17.13241797943189,171.3241797943189,5.936791258670565
17.21977185642244,172.1977185642244,5.955932622236213
17.307406480537242,173.07406480537242,5.975074428112733
17.395321851534895,173.95321851534896,5.994216217530279
17.483517962430863,174.83517962430864,6.013357530730758
17.57199479948352,175.7199479948352,6.03249790700412
17.660752342180714,176.60752342180714,6.051636884724903
17.749790563226888,177.4979056322689,6.070774001389009
17.839109428530726,178.39109428530725,6.089908793650721
17.928708897193367,179.28708897193366,6.1090407973599525
18.018588921497148,180.1858892149715,6.128169547599748
18.10874944689492,181.0874944689492,6.147294578723966
18.199190411999897,181.99190411999896,6.166415424395199
18.28991174857609,182.89911748576088,6.185531617622927
18.380913381529272,183.8091338152927,6.204642690801839
18.47219522889855,184.7219522889855,6.223748175750368
18.56375720184846,185.6375720184846,6.242847603749442
18.65559920466167,186.5559920466167,6.261940505581378
18.747721134732227,187.47721134732228,6.281026411569012
18.84012288255941,188.4012288255941,6.300104851614964
18.932804331742123,189.32804331742122,6.319175355241081
19.025765358973917,190.25765358973916,6.338237451628066
19.11900583403855,191.1900583403855,6.357290669655239
19.21252561980616,192.1252561980616,6.376334537940461
19.306324572230025,193.06324572230025,6.395368584880205
19.400402540343887,194.00402540343887,6.414392338689759
19.494759366259903,194.94759366259902,6.433405327443567
19.58939488516717,195.8939488516717,6.452407079115689
19.68430892533084,196.8430892533084,6.471397121620397
19.77950130809185,197.7950130809185,6.49037498285286
19.87497184786723,198.7497184786723,6.509340190729949
19.97072035215103,199.7072035215103,6.528292273231141
20.066746621515836,200.66746621515836,6.547230758439521
20.16305044961489,201.6305044961489,6.566155174582842
20.25963162318482,202.5963162318482,6.585065050074711
20.35648992204897,203.56489922048968,6.603959913555803
20.453625119121327,204.53625119121327,6.6228392939351615
20.55103698041108,205.5103698041108,6.641702720431557
20.648725265027757,206.48725265027758,6.660549722614892
20.746689725186982,207.46689725186982,6.679379830447652
20.844930106216854,208.44930106216853,6.698192574326392
20.94344614656491,209.4344614656491,6.716987485123264
21.042237577805718,210.4223757780572,6.73576409422755
21.14130412464906,211.4130412464906,6.754521933587222
21.240645504948752,212.40645504948753,6.773260535750508
21.340261429712044,213.40261429712044,6.791979433907472
21.440151603109644,214.40151603109643,6.810678161931557
21.540315722486362,215.4031572248636,6.8293562544211595
21.64075347837234,216.4075347837234,6.848013246741143
21.741464554494904,217.41464554494905,6.86664867506436
21.842448627791033,218.42448627791032,6.885262076413095
21.943705368420407,219.43705368420407,6.903852988700526
22.045234439779097,220.45234439779097,6.922420950772091
22.147035498513834,221.47035498513833,6.940965502446806
22.2491081945369,222.491081945369,6.959486184558537
22.351452171041608,223.5145217104161,6.977982538997194
22.45406706451841,224.5406706451841,6.996454108749837
22.55695250477157,225.5695250477157,7.014900437941705
22.66010811493647,226.6010811493647,7.033321071877172
22.763533511497503,227.63533511497502,7.051715557080561
22.867228304306558,228.6722830430656,7.0700834413369
22.97119209660211,229.7119209660211,7.0884242737325245
23.075424485028897,230.75424485028896,7.10673760469558
23.179925059658196,231.79925059658194,7.1250229860364005
23.28469340400868,232.8469340400868,7.143279970987743
23.389729095067878,233.89729095067878,7.161508114244873
23.49503170331419,234.9503170331419,7.179706972005518
23.600600792739534,236.00600792739533,7.197876102009655
23.70643592087253,237.0643592087253,7.216015063579133
23.812536638802282,238.12536638802283,7.234123417657141
23.918902491202736,239.18902491202738,7.252200726847468
24.025533016357606,240.25533016357605,7.270246555453616
24.132427746185883,241.32427746185883,7.288260469517689
24.239586206267884,242.39586206267884,7.3062420368591185
24.347007915871902,243.47007915871902,7.324190827113142
24.454692387981396,244.54692387981396,7.342106411769111
24.562639129322733,245.62639129322733,7.359988364208556
24.670847640393507,246.70847640393507,7.377836259743038
24.779317415491388,247.79317415491388,7.395649675651759
24.88804794274354,248.8804794274354,7.413428191218948
24.99703870413656,249.9703870413656,7.431171387770988
25.106289175546983,251.06289175546982,7.4488788487133
25.215798826772303,252.15798826772303,7.466550159566976
25.325567121562543,253.25567121562543,7.484184908005133
25.435593517652336,254.35593517652336,7.501782683889005
25.54587746679356,255.4587746679356,7.519343079303759
25.65641841478846,256.5641841478846,7.53686568859403
25.76721580152332,257.6721580152332,7.55435010839917
25.878269061002612,258.7826906100261,7.571795937688183
25.989577621383688,259.8957762138369,7.589202777794387
26.10114090501196,261.0114090501196,7.6065702324497515
26.21295832845657,262.1295832845657,7.623897907818931
26.325029302546568,263.2502930254657,7.64118541253297
26.43735323240758,264.3735323240758,7.658432357722699
26.549929517498953,265.4992951749895,7.6756383570517865
26.662757551651378,266.6275755165138,7.6928030267494645
26.775836723105005,267.75836723105004,7.709925985642915
26.88916641454801,268.8916641454801,7.727006855189302
27.00274600315563,270.0274600315563,7.744045259507464
27.116574860629658,271.1657486062966,7.761040825409236
27.230652353238412,272.3065235323841,7.77799318243042
27.344977841857112,273.4497784185711,7.794901962861395
27.45955068200874,274.5955068200874,7.811766801777336
27.574370223905316,275.74370223905316,7.82858733706807
27.689435812489613,276.89435812489614,7.8453632094675605
27.8047467874773,278.047467874773,7.862094062582974
27.920302483399492,279.2030248339949,7.878779542923397
28.03610222964575,280.36102229645746,7.895419299928127
28.152145350507435,281.52145350507436,7.912012985994574
28.26843116522153,282.6843116522153,7.928560256505769
28.384958988014798,283.84958988014796,7.945060769857443
28.50172812814838,285.0172812814838,7.961514187484719
28.61873788996275,286.1873788996275,7.977920173888365
28.73598757292305,287.3598757292305,7.994278396660643
28.853476471664827,288.5347647166483,8.010588526510734
28.971203876040082,289.71203876040084,8.026850237289723
29.089169071163745,290.89169071163747,8.043063206015159
29.207371337460444,292.07371337460444,8.059227112895202
29.325809950711665,293.25809950711664,8.075341641352288
29.444484182103228,294.4448418210323,8.091406478046395
29.563393298273105,295.63393298273104,8.107421312897847
29.682536561359576,296.82536561359575,8.12338583910966
29.80191322904968,298.0191322904968,8.139299753189471
29.921522554628012,299.2152255462801,8.155162754970974
30.04136378702581,300.41363787025807,8.170974547634914
30.16143617087034,301.61436170870337,8.186734837729661
30.28173894653459,302.81738946534585,8.202443335191253
30.402271350187238,304.0227135018724,8.218099753363035
30.523032613842915,305.2303261384292,8.233703809014791
30.644021965412723,306.44021965412725,8.249255222361453
30.76523862875504,307.65238628755037,8.264753717081286
30.886681823726565,308.86681823726565,8.28019902033365
31.008350766233647,310.0835076623365,8.295590862776256
31.130244668283815,311.30244668283814,8.310928978581964
31.252362738037593,312.52362738037596,8.326213105455091
31.37470417986052,313.7470417986052,8.341442984647259
31.497268194375398,314.97268194375397,8.356618360972735
31.620053978514772,316.2005397851477,8.371738982823322
31.743060725573606,317.43060725573605,8.38680460218274
31.866287625262167,318.6628762526217,8.40181497464054
31.98973386375911,319.8973386375911,8.416769859405528
32.11339862376475,321.1339862376475,8.431669019318699
32.237281084554525,322.37281084554525,8.446512220865692
32.3613804220326,323.613804220326,8.461299234188765
32.48569580878571,324.85695808785704,8.476029833098256
32.61022641413706,326.1022641413706,8.49070379508359
32.73497140420051,327.3497140420051,8.505320901323769
32.859929941934766,328.59929941934763,8.519880936697394
32.98510118719784,329.8510118719784,8.53438368979219
33.110484296801545,331.1048429680154,8.548828952914043
33.236078424566166,332.36078424566165,8.563216522095551
33.36188272137523,333.6188272137523,8.57754619710408
33.48789633523042,334.87896335230414,8.59181778144935
33.614118411306514,336.14118411306515,8.606031082390514
33.740548092006534,337.4054809200653,8.620185910942755
33.867184517016895,338.6718451701689,8.634282081883411
33.99402682336265,339.9402682336265,8.648319413757601
34.12107414546286,341.21074145462865,8.662297728883368
34.24832561518598,342.48325615185985,8.676216853356346
34.37578036190533,343.7578036190533,8.690076617053933
34.5034375125546,345.034375125546,8.703876853639
34.63129619168344,346.3129619168344,8.717617400563105
34.75935552151306,347.59355521513055,8.731298099069237
34.887614621991865,348.87614621991867,8.744918794194076
35.01607261085113,350.1607261085113,8.75847933476979
35.14472860366069,351.4472860366069,8.771979573425341
35.27358171388462,352.7358171388462,8.785419366587346
35.40263105293695,354.0263105293695,8.798798574480433
35.53187573023738,355.3187573023738,8.812117061127156
35.661314853266965,356.61314853266964,8.825374694347436
35.790947527623786,357.90947527623786,8.83857134575754
35.920772857078624,359.20772857078623,8.851706890768588
36.05078994363057,360.5078994363057,8.86478120858462
36.18099788756265,361.8099788756265,8.877794182200187
36.31139578749733,363.1139578749733,8.8907456983975
36.44198274045208,364.41982740452084,8.903635647743126
36.572757841894784,365.7275784189478,8.916463924584226
36.70372018579911,367.03720185799114,8.929230427044365
36.83486886469989,368.34868864699894,8.94193505701885
36.9662029697483,369.66202969748304,8.95457772016966
37.09772159076707,370.9772159076707,8.967158325919916
37.229423816305534,372.29423816305535,8.979676787447932
37.36130873369462,373.6130873369462,8.99213302168081
37.49337542910174,374.9337542910174,9.004526949287643
37.62562298758555,376.2562298758555,9.016858494672254
37.758050493150634,377.5805049315063,9.029127585965552
37.890657028802025,378.90657028802025,9.041334155017443
38.02344167659966,380.23441676599657,9.053478137388332
38.15640351771263,381.56403517712636,9.065559472340224
38.28954163247337,382.89541632473373,9.077578102827404
38.42285510043165,384.2285510043165,9.089533975486734
38.55634300040842,385.5634300040842,9.101427040627517
38.69000441054957,386.9000441054957,9.113257252221004
38.82383840837944,388.23838408379436,9.125024567889477
38.95784407085419,389.57844070854196,9.136728948894968
39.09202047441508,390.9202047441508,9.148370360127574
39.226366695041406,392.26366695041406,9.159948770093408
39.360881808303446,393.60881808303446,9.17146415090216
39.49556488941506,394.95564889415056,9.182916478254306
39.63041501328619,396.3041501328619,9.194305731427924
39.76543125457514,397.6543125457514,9.205631893265172
39.900612687740626,399.00612687740625,9.216894950158386
40.03595838709365,400.3595838709365,9.228094892035838
40.171467426849134,401.7146742684913,9.239231712347141
40.30713888117736,403.0713888117736,9.250305408048307
40.44297182425516,404.4297182425516,9.261315979586456
40.57896533031691,405.78965330316913,9.272263430884204
40.71511847370525,407.1511847370525,9.283147769323708
40.8514303289216,408.514303289216,9.293969005730387
40.9878999706764,409.87899970676403,9.304727154356327
41.12452647393914,411.2452647393914,9.315422232863346
41.2613089139881,412.613089139881,9.326054262305778
41.398246366459865,413.98246366459864,9.336623267112921
41.53533790739855,415.3533790739855,9.347129275071197
41.67258261330478,416.7258261330478,9.357572317306003
41.80997956118439,418.0997956118439,9.36795242826328
41.94752782859685,419.47527828596844,9.37826964569078
42.085226493703395,420.85226493703396,9.388524010619061
42.22307463531493,422.2307463531493,9.398715567342185
42.36107133293958,423.6107133293958,9.408844363398165
42.49921566682998,424.9921566682998,9.41891044954912
42.637506718030274,426.3750671803027,9.428913879761186
42.7759435684228,427.759435684228,9.438854711184145
42.914525300774486,429.1452530077448,9.44873300413082
43.053250998782936,430.53250998782937,9.458548822056212
43.19211974712221,431.9211974712221,9.468302231536383
43.33113063148828,433.3113063148828,9.477993302247116
43.47028273864417,434.70282738644175,9.487622106942334
43.60957515646481,436.0957515646481,9.497188721432286
43.74900697398148,437.49006973981477,9.506693224561507
43.88857728142607,438.88577281426075,9.51613569818657
44.02828517027487,440.2828517027487,9.525516227153611
44.168129733292076,441.68129733292074,9.534834899275653
44.308110064573015,443.08110064573015,9.54409180530972
44.44822525958694,444.4822525958694,9.553287038933753
44.58847441521957,445.8847441521957,9.562420696723343
44.72885662981522,447.2885662981522,9.571492878128254
44.86937100321859,448.6937100321859,9.580503685448774
45.01001663681627,450.10016636816266,9.589453223811896
45.150792633577815,451.50792633577817,9.598341601147302
45.291698098096504,452.91698098096504,9.607168928163203
45.43273213662974,454.3273213662974,9.615935318321993
45.57389385713907,455.7389385713907,9.624640887815762
45.715182369329874,457.15182369329875,9.63328575554164
45.85659678469067,458.56596784690674,9.641870043077006
45.99813621653207,459.98136216532066,9.65039387465454
46.13979978002533,461.3979978002533,9.658857377137146
46.28158659224058,462.8158659224058,9.667260679992731
46.42349577218465,464.2349577218465,9.675603915268866
46.565526440838546,465.65526440838545,9.683887217567314
46.70767772119451,467.07677721194506,9.692110724018441
46.84994873829274,468.4994873829274,9.700274574255511
46.99233861925774,469.92338619257737,9.708378910388875
47.13484649333424,471.34846493334237,9.716423876980047
47.27747149192279,472.7747149192279,9.724409621015694
47.42021274861493,474.20212748614927,9.732336291881508
47.56306939922799,475.63069399227993,9.74020404133601
47.70604058183953,477.06040581839534,9.748013023484257
47.84912543682133,478.49125436821333,9.75576339475146
47.99232310687307,479.92323106873073,9.76345531385654
48.13563273705556,481.3563273705556,9.771088941785603
48.2790534748236,482.790534748236,9.778664441765352
48.42258447005847,484.2258447005847,9.786181979236424
48.566224875099984,485.6622487509998,9.793641721826685
48.709973844778204,487.09973844778204,9.801043839324453
48.85383053644471,488.5383053644471,9.808388503651694
48.99779411000352,489.9779411000352,9.815675888837145
49.14186372794157,491.4186372794157,9.822906170989414
49.28603855535885,492.8603855535885,9.830079528270048
49.4303177599981,494.303177599981,9.837196140866542
49.57470051227413,495.74700512274126,9.844256190965348
49.71918598530275,497.1918598530275,9.851259862724847
49.86377335492931,498.6377335492931,9.858207342248305
50.008461799756766,500.08461799756765,9.865098817556802
50.153250501173495,501.53250501173494,9.871934478562167
50.29813864338056,502.9813864338056,9.878714517039894
50.4431254134187,504.431254134187,9.885439126602053
50.58821000119481,505.88210001194807,9.892108502670212
50.733391599508145,507.33391599508144,9.898722842448345
50.87866940407603,508.78669404076027,9.905282344895774
51.0240426135592,510.24042613559203,9.911787210700094
51.16951042958679,511.69510429586796,9.918237642250137
51.315072056780856,513.1507205678085,9.924633843608943
51.460726702780526,514.6072670278053,9.930976020486755
51.60647357826581,516.0647357826581,9.937264380214044
51.752311896980935,517.5231189698094,9.943499131714567
51.8982408757573,518.982408757573,9.949680485478455
52.04425973453611,520.4425973453612,9.955808653535328
52.19036769639051,521.9036769639051,9.961883849427478
52.33656398754741,523.365639875474,9.967906288183064
52.482847837408855,524.8284783740885,9.973876186289388
52.62921847857309,526.2921847857309,9.979793761666183
52.7756751468551,527.756751468551,9.985659233638996
52.92221708130691,529.2221708130692,9.991472822912598
53.06884352423739,530.6884352423739,9.997234751544473
53.2155537212317,532.155537212317,10.002945242918356
53.36234692117038,533.6234692117038,10.008604521717853
53.509222376248005,535.09222376248,10.01421281390012
53.6561793419915,536.561793419915,10.019770346669615
53.80321707727804,538.0321707727804,10.025277348451938
53.95033484435257,539.5033484435257,10.030734048867734
54.09753190884496,540.9753190884496,10.036140678706687
54.24480753978676,542.4480753978676,10.041497469901595
54.39216100962762,543.9216100962763,10.04680465550253
54.539591594251256,545.3959159425126,10.052062469651101
54.6870985729911,546.870985729911,10.057271147554786
54.834681228645564,548.3468122864556,10.06243092546138
54.982338847492926,549.8233884749293,10.067542040633528
55.13007071930583,551.3007071930583,10.072604731323366
55.277876137365425,552.7787613736542,10.077619236747264
55.42575439847518,554.2575439847518,10.082585797060656
55.57370480297422,555.7370480297423,10.08750465333301
55.72172665475043,557.2172665475043,10.09237604752288
55.86981926125308,558.6981926125308,10.097200222453077
56.01798193350518,560.1798193350519,10.10197742178596
56.16621398611543,561.6621398611543,10.106707889998841
56.31451473728976,563.1451473728977,10.111391872359498
56.462883508842644,564.6288350884264,10.11602961490182
56.611319626207916,566.1131962620791,10.120621364401574
56.759822418449325,567.5982241844932,10.125167368352285
56.90839121827072,569.0839121827072,10.129667874941255
57.05702536202587,570.5702536202587,10.134123133025701
57.20572418972792,572.0572418972791,10.138533392109027
57.354487045058534,573.5448704505853,10.142898902317222
57.503313275376705,575.0331327537671,10.147219914375402
57.652202231727166,576.5220223172716,10.151496679584472
57.801153268848516,578.0115326884852,10.155729449797938
57.95016574518098,579.5016574518098,10.15991847739885
58.099239022873846,580.9923902287385,10.164064015276882
58.248372467792535,582.4837246779254,10.168166316805557
58.39756544952541,583.975654495254,10.17222563581962
58.546817341390174,585.4681734139017,10.176242226592539
58.696127520439994,586.9612752044,10.180216343814166
58.845495367469276,588.4549536746928,10.184148242568538
58.994920267019126,589.9492026701912,10.188038178311826
59.14440160738248,591.4440160738247,10.191886406850433
59.29393878060893,592.9393878060894,10.195693184319236
59.44353118250924,594.4353118250924,10.199458767159998
59.59317821265949,595.9317821265948,10.203183412099909
59.74287927440498,597.4287927440498,10.206867376130289
59.892633774863796,598.9263377486379,10.210510916485456
60.04244112493006,600.4244112493005,10.21411429062173
60.19230073927687,601.9230073927687,10.217677756196604
60.34221203635896,603.4221203635896,10.221201571048079
60.49217443841505,604.9217443841505,10.224685993174132
60.64218737146987,606.4218737146987,10.228131280712374
60.79225026533595,607.9225026533595,10.231537691919838
60.94236255361504,609.4236255361504,10.234905485152952
61.092523673699304,610.925236736993,10.238234918847652
61.242733066772175,612.4273306677218,10.24152625149967
61.39299017780896,613.9299017780896,10.244779741644969
61.54329445557714,615.4329445557714,10.247995647840368
61.693645352636395,616.936453526364,10.251174228644294
61.84404232533835,618.4404232533835,10.254315742597718
61.99448483382604,619.9448483382604,10.257420448205261
62.14497234203311,621.4497234203311,10.260488603916443
62.29550431768269,622.955043176827,10.263520468107112
62.44608023228613,624.4608023228612,10.266516299061033
62.5966995611413,625.966995611413,10.269476354951646
62.747361783330746,627.4736178333075,10.27240089382398
62.898066381719545,628.9806638171955,10.275290173576733
63.04881284295288,630.4881284295287,10.27814445194454
63.19960065745339,631.9960065745339,10.280963986480371
63.35042931941825,633.5042931941824,10.283749034538124
63.501298326815984,635.0129832681598,10.286499853255366
63.65220718138307,636.5220718138307,10.289216699536256
63.80315538862024,638.0315538862023,10.291899830034616
63.95414245778857,639.5414245778857,10.29454950113718
64.10516790190533,641.0516790190534,10.297165968947008
64.25623123773957,642.5623123773958,10.299749489267064
64.40733198580747,644.0733198580747,10.30230031758396
64.55846967036753,645.5846967036753,10.304818709051856
64.70964381941535,647.0964381941535,10.307304918476552
64.86085396467838,648.6085396467838,10.309759200299712
65.01209964161033,650.1209964161034,10.312181808583283
65.16338038938535,651.6338038938535,10.31457299699405
65.31469575089201,653.1469575089202,10.316933018788385
65.46604527272711,654.6604527272711,10.319262126797135
65.61742850518915,656.1742850518915,10.321560573410695
65.76884500227172,657.6884500227172,10.323828610564222
65.92029432165654,659.2029432165655,10.32606648972304
66.07177602470642,660.7177602470642,10.328274461868174
66.22328967645792,662.2328967645792,10.330452777482082
66.37483484561382,663.7483484561382,10.33260168653452
66.52641110453541,665.2641110453542,10.334721438468588
66.67801802923456,666.7801802923457,10.336812282186925
66.8296551993656,668.2965519936561,10.338874466038064
66.98132219821699,669.8132219821698,10.340908237802964
67.13301861270278,671.3301861270279,10.342913844681677
67.28474403335395,672.8474403335395,10.344891533280194
67.43649805430942,674.3649805430942,10.346841549597432
67.58828027330708,675.8828027330708,10.348764139012397
67.74009029167438,677.4009029167438,10.350659546271487
67.89192771431895,678.9192771431896,10.35252801547596
68.04379214971897,680.4379214971897,10.354369790069558
68.19568320991326,681.9568320991325,10.356185112826285
68.34760051049136,683.4760051049136,10.357974225838335
68.49954367058334,684.9954367058333,10.359737370504174
68.6515123128494,686.515123128494,10.361474787516785
68.80350606346946,688.0350606346946,10.363186716852049
68.95552455213235,689.5552455213235,10.36487339775729
69.10756741202503,691.0756741202504,10.366535068739964
69.2596342798216,692.596342798216,10.368171967556497
69.41172479567203,694.1172479567203,10.369784331201279
69.56383860319092,695.6383860319091,10.37137239589579
69.71597534944594,697.1597534944594,10.372936397077899
69.86813468494623,698.6813468494622,10.374476569391277
70.02031626363056,700.2031626363056,10.37599314667498
70.17251974285541,701.7251974285541,10.377486361953173
70.32474478338287,703.2474478338287,10.378956447424978
70.47699104936832,704.7699104936833,10.380403634454492
70.62925820834815,706.2925820834814,10.381828153560924
70.78154593122716,707.8154593122715,10.383230234408893
70.93385389226587,709.3385389226587,10.38461010579884
71.08618176906778,710.8618176906778,10.385967995657607
71.23852924256634,712.3852924256635,10.387304131029127
71.39089599701192,713.9089599701192,10.38861873806528
71.54328171995857,715.4328171995858,10.389912042016844
71.69568610225068,716.9568610225067,10.391184267224634
71.8481088380095,718.4810883800949,10.392435637110722
72.00054962461954,720.0054962461954,10.393666374169824
72.15300816271485,721.5300816271485,10.394876699960804
72.30548415616519,723.054841561652,10.396066835098317
72.45797731206201,724.5797731206201,10.397236999244573
72.61048734070441,726.1048734070441,10.398387411101234
72.76301395558491,727.6301395558492,10.399518288401438
72.91555687337514,729.1555687337514,10.40062984790195
73.06811581391139,730.6811581391139,10.401722305375435
73.2206905001801,732.206905001801,10.402795875602859
73.37328065830316,733.7328065830316,10.403850772366011
73.52588601752319,735.2588601752319,10.404887208440153
73.67850631018864,736.7850631018864,10.405905395586771
73.83114127173884,738.3114127173884,10.406905544546479
73.98379064068891,739.837906406889,10.407887865032011
74.13645415861457,741.3645415861457,10.408852565721341
74.28913157013692,742.8913157013692,10.409799854250931
74.44182262290698,744.4182262290699,10.410729937209076
74.59452706759032,745.9452706759032,10.411643020129375
74.7472446578514,747.472446578514,10.412539307484309
74.899975150338,748.9997515033799,10.413419002678937
75.05271830466539,750.5271830466539,10.4142823080447
75.2054738834006,752.054738834006,10.415129424833326
75.35824165204637,753.5824165204638,10.41596055321087
75.51102137902527,755.1102137902526,10.416775892251817
75.66381283566348,756.6381283566348,10.417575639933341
75.81661579617472,758.1661579617471,10.41835999312964
75.96943003764392,759.6943003764392,10.419129147606366
76.12225534001092,761.2225534001093,10.419883298015197
76.27509148605404,762.7509148605404,10.420622637888465
76.42793826137358,764.2793826137358,10.421347359633923
76.58079545437528,765.8079545437528,10.422057654529581
76.7336628562536,767.336628562536,10.422753712718661
76.88654026097512,768.8654026097513,10.423435723204648
77.03942746526167,770.3942746526167,10.424103873846414
77.19232426857346,771.9232426857345,10.424758351353477
77.34523047309223,773.4523047309223,10.42539934128131
77.49814588370418,774.9814588370418,10.426027028026779
77.65107030798298,776.5107030798298,10.42664159482365
77.80400355617257,778.0400355617257,10.427243223738195
77.95694544117006,779.5694544117007,10.427832095664892
78.1098957785084,781.098957785084,10.428408390322195
78.26285438633913,782.6285438633913,10.428972286248419
78.41582108541496,784.1582108541496,10.429523960797681
78.56879569907241,785.6879569907242,10.430063590135951
78.72177805321427,787.2177805321427,10.430591349237169
78.87476797629208,788.7476797629208,10.431107411879458
79.02776529928855,790.2776529928855,10.431611950641406
79.1807698556999,791.807698556999,10.432105136898437
79.33378148151814,793.3378148151814,10.432587140819265
79.4868000152134,794.8680001521341,10.433058131362406
79.63982529771602,796.3982529771602,10.433518276272794
79.79285717239875,797.9285717239875,10.433967742078458
79.94589548505893,799.4589548505893,10.43440669408727
80.0989400839004,800.989400839004,10.43483529638378
80.25199081951564,802.5199081951564,10.43525371182611
80.40504754486767,804.0504754486767,10.435662102042937
80.558110115272,805.5811011527201,10.436060627430527
80.71117838837851,807.1117838837852,10.43644944714985
80.86425222415329,808.6425222415329,10.436828719123763
81.0173314848604,810.173314848604,10.437198600034264
81.17041603504374,811.7041603504374,10.437559245319793
81.32350574150864,813.2350574150864,10.43791080917263
81.47660047330362,814.7660047330362,10.438253444536329
81.62970010170204,816.2970010170204,10.43858730310323
81.7828045001837,817.828045001837,10.438912535312031
81.93591354441641,819.359135444164,10.439229290345422
82.08902711223755,820.8902711223755,10.439537716127772
82.24214508363555,822.4214508363555,10.439837959322887
82.39526734073142,823.9526734073143,10.440130165331816
82.54839376776017,825.4839376776017,10.440414478290725
82.70152425105222,827.0152425105222,10.440691041068813
82.85465867901479,828.5465867901479,10.440959995266299
83.00779694211329,830.0779694211328,10.44122148121245
83.16093893285262,831.6093893285262,10.441475637963674
83.31408454575846,833.1408454575846,10.441722603301654
83.4672336773586,834.672336773586,10.44196251373155
83.62038622616417,836.2038622616417,10.442195504480226
83.77354209265081,837.7354209265081,10.442421709494555
83.92670117923997,839.2670117923997,10.442641261439753
84.07986339028001,840.7986339028001,10.442854291697772
84.23302863202741,842.3302863202741,10.44306093036573
84.38619681262786,843.8619681262786,10.443261306254396
84.53936784209738,845.3936784209737,10.443455546886717
84.69254163230345,846.9254163230345,10.443643778496387
84.84571809694604,848.4571809694604,10.443826126026465
84.99889715153869,849.9889715153869,10.444002713128027
85.15207871338947,851.5207871338947,10.444173662158867
85.30526270158211,853.0526270158211,10.444339094182235
85.4584490369569,854.584490369569,10.444499128965619
85.61163764209174,856.1163764209174,10.444653884979559
85.764828441283,857.64828441283,10.444803479396507
85.91802136052658,859.1802136052659,10.444948028089721
86.07121632749877,860.7121632749877,10.445087645632192
86.22441327153719,862.2441327153718,10.445222445295613
86.37761212362166,863.7761212362166,10.445352539049383
86.53081281635514,865.3081281635514,10.445478037559633
86.68401528394453,866.8401528394453,10.44559905018831
86.83721946218161,868.3721946218161,10.445715684992265
86.99042528842381,869.9042528842381,10.445828048722392
87.14363270157509,871.4363270157509,10.445936246822795
87.29684164206674,872.9684164206674,10.44604038342998
87.45005205183821,874.5005205183821,10.446140561372077
87.6032638743179,876.0326387431791,10.446236882168103
87.75647705440394,877.5647705440394,10.446329446027235
87.90969153844499,879.0969153844499,10.44641835184812
88.06290727422098,880.6290727422097,10.446503697218219
88.2161242109239,882.161242109239,10.44658557841316
88.36934229913851,883.6934229913851,10.446664090396126
88.52256149082314,885.2256149082314,10.44673932681728
88.67578173929037,886.7578173929037,10.446811380013184
88.82900299918781,888.2900299918781,10.446880341006267
88.98222522647875,889.8222522647875,10.446946299504308
89.13544837842292,891.3544837842292,10.447009343899945
89.28867241355721,892.8867241355721,10.447069561270183
89.44189729167628,894.4189729167629,10.447127037375967
89.59512297381339,895.9512297381339,10.447181856661725
89.74834942222093,897.4834942222093,10.44723410225497
89.90157660035122,899.0157660035122,10.447283855965898
90.05480447283713,900.5480447283713,10.447331198287012
90.20803300547277,902.0803300547277,10.447376208392772
90.3612621651941,903.612621651941,10.447418964139242
90.5144919200597,905.144919200597,10.447459542063777
90.66772223923127,906.6772223923126,10.447498017384703
90.82095309295443,908.2095309295443,10.44753446400104
90.97418445253928,909.7418445253927,10.447568954492205
91.12741629034106,911.2741629034106,10.44760156011777
91.28064857974078,912.8064857974078,10.447632350817196
91.4338812951259,914.338812951259,10.447661395209607
91.5871144118709,915.871144118709,10.447688760593566
91.74034790631794,917.4034790631794,10.447714512946861
91.89358175575748,918.9358175575749,10.447738716926317
92.04681593840893,920.4681593840893,10.447761435867594
92.2000504334012,922.000504334012,10.44778273178503
92.3532852207534,923.532852207534,10.447802665371459
92.50652028135542,925.0652028135542,10.447821295998077
92.65975559694851,926.5975559694851,10.447838681714275
92.81299115010597,928.1299115010597,10.447854879247524
92.96622692421369,929.6622692421369,10.447869944003232
93.11946290345077,931.1946290345077,10.447883930064643
93.27269907277015,932.7269907277015,10.44789689019271
93.42593541787923,934.2593541787924,10.447908875826013
93.57917192522041,935.7917192522041,10.447919937080645
93.73240858195174,937.3240858195174,10.44793012275014
93.88564537592754,938.8564537592754,10.447939480305386
94.03888229567893,940.3888229567893,10.447948055894548
94.19211933039449,941.9211933039448,10.447955894343009
94.34535646990084,943.4535646990083,10.447963039153295
94.49859370464323,944.9859370464322,10.447969532505033
94.65183102566614,946.5183102566614,10.44797541525488
94.8050684245939,948.050684245939,10.447980726936496
94.95830589361124,949.5830589361124,10.447985505760483
95.11154342544391,951.1154342544392,10.44798978861436
95.26478101333929,952.6478101333929,10.447993611062513
95.41801865104694,954.1801865104694,10.447997007346183
95.57125633279922,955.7125633279923,10.448000010383419
95.72449405329192,957.2449405329191,10.448002651769064
95.87773180766479,958.7773180766478,10.44800496177473
96.03096959148213,960.3096959148213,10.448006969348775
96.18420740071346,961.8420740071347,10.448008702116296
96.33744523171403,963.3744523171403,10.4480101863791
96.49068308120545,964.9068308120545,10.448011447115702
96.64392094625626,966.4392094625625,10.448012507981309
96.79715882426255,967.9715882426256,10.448013391307814
96.95039671292855,969.5039671292855,10.448014118103782
97.10363461024717,971.0363461024717,10.448014708054451
97.25687251448066,972.5687251448066,10.44801517952172
97.41011042414117,974.1011042414117,10.448015549544147
97.5633483379713,975.6334833797131,10.448015833836948
97.71658625492479,977.1658625492479,10.44801604679199
97.86982417414701,978.6982417414702,10.44801620147779
98.0230620949556,980.230620949556,10.448016309639517
98.17630001682107,981.7630001682107,10.448016381698979
98.32953793934736,983.2953793934736,10.448016426754643
98.48277586225244,984.8277586225244,10.448016452581614
98.63601378534892,986.3601378534893,10.448016465631643
98.78925170852462,987.8925170852461,10.448016471033126
98.94248963172316,989.4248963172316,10.448016472591112
99.0957275549246,990.9572755492459,10.448016472787286
99.24896547812591,992.4896547812591,10.448016472779983
99.40220340132173,994.0220340132173,10.44801647240418
99.55544132448479,995.5544132448479,10.448016470171504
99.70867924754664,997.0867924754664,10.448016463270225
99.86191717037815,998.6191717037815,10.448016447565257
100.01515509277013,1000.1515509277012,10.44801641759816
100.16839301441395,1001.6839301441395,10.448016366587138
100.3216309348821,1003.2163093488209,10.448016286427048
100.47486885360874,1004.7486885360875,10.448016167689381
100.6281067698704,1006.281067698704,10.448015999622285
100.78134468276647,1007.8134468276647,10.44801577015055
100.93458259119983,1009.3458259119983,10.448015465875613
101.08782049385744,1010.8782049385743,10.448015072075567
101.24105838919093,1012.4105838919093,10.44801457270515
101.3942962753972,1013.942962753972,10.448013950395756
101.54753415039899,1015.4753415039899,10.44801318645544
101.70077201182548,1017.0077201182548,10.448012260868918
101.85400985699287,1018.5400985699288,10.44801115229757
102.00724768288504,1020.0724768288503,10.448009838079448
102.16048548613401,1021.6048548613401,10.448008294229291
102.31372326300065,1023.1372326300066,10.448006495438523
102.46696100935524,1024.6696100935524,10.44800441507527
102.62019872065801,1026.20198720658,10.448002025184365
102.7734363919398,1027.734363919398,10.447999296487374
102.92667401778262,1029.2667401778263,10.447996198382604
103.07991159230023,1030.7991159230023,10.44799269894512
103.23314910911878,1032.331491091188,10.447988764926771
103.38638656135736,1033.8638656135736,10.447984361756214
103.53962394160857,1035.3962394160858,10.447979453538936
103.6928612419192,1036.928612419192,10.447974003057292
103.84609845377076,1038.4609845377076,10.447967971770527
103.99933556806009,1039.9933556806009,10.447961319814828
104.15257257507994,1041.5257257507994,10.447954006003355
104.30580946449959,1043.058094644996,10.447945987826289
104.45904622534545,1044.5904622534545,10.447937221450886
104.61228284598161,1046.122828459816,10.447927661721524
104.76551931409053,1047.6551931409053,10.447917262159777
104.91875561665354,1049.1875561665354,10.447905974964467
105.0719917399315,1050.7199173993151,10.447893751011746
105.2252276694454,1052.252276694454,10.447880539855168
105.37846338995692,1053.7846338995691,10.447866289725775
105.53169888544909,1055.3169888544908,10.447850947532196
105.68493413910686,1056.8493413910685,10.447834458860727
105.83816913329773,1058.3816913329772,10.447816767975464
105.99140384955233,1059.9140384955233,10.44779781781839
106.14463826854505,1061.4463826854505,10.447777550009521
106.29787237007467,1062.9787237007467,10.447755904847021
106.45110613304495,1064.5110613304494,10.447732821307353
106.60433953544522,1066.0433953544523,10.44770823704542
106.75757255433108,1067.5757255433107,10.44768208839474
106.91080516580494,1069.1080516580494,10.447654310367602
107.06403734499672,1070.6403734499672,10.447624836655255
107.21726906604438,1072.1726906604438,10.447593599628101
107.37050030207466,1073.7050030207465,10.447560530335902
107.52373102518364,1075.2373102518363,10.447525558507994
107.67696120641737,1076.7696120641738,10.447488612553519
107.8301908157526,1078.301908157526,10.447449619561668
107.98341982207731,1079.834198220773,10.44740850530194
108.13664819317144,1081.3664819317144,10.447365194224412
108.2898758956875,1082.898758956875,10.44731960946003
108.44310289513126,1084.4310289513126,10.447271672820904
108.59632915584238,1085.9632915584239,10.447221304800635
108.74955464097509,1087.495546409751,10.447168424574642
108.90277931247887,1089.0277931247888,10.447112950000518
109.0560031310791,1090.560031310791,10.447054797618396
109.20922605625778,1092.0922605625778,10.446993882651341
109.36244804623419,1093.624480462342,10.446930119005753
109.51566905794563,1095.1566905794564,10.446863419271793
109.66888904702803,1096.6888904702803,10.446793694723828
109.82210796779677,1098.2210796779677,10.4467208553209
109.9753257732273,1099.753257732273,10.446644809707207
110.12854241493594,1101.2854241493594,10.446565465212625
110.28175784316053,1102.8175784316054,10.446482727853226
110.43497200674129,1104.3497200674128,10.446396502331837
110.58818485310141,1105.8818485310142,10.446306692038622
110.74139632822794,1107.4139632822794,10.446213199051686
110.89460637665249,1108.946063766525,10.446115924137693
111.04781494143202,1110.4781494143203,10.446014766752537
111.20102196412962,1112.0102196412963,10.445909625042004
111.35422738479532,1113.5422738479533,10.445800395842497
111.50743114194688,1115.0743114194688,10.445686974681754
111.66063317255062,1116.6063317255062,10.445569255779631
111.81383341200224,1118.1383341200224,10.445447132048882
111.96703179410767,1119.6703179410767,10.445320495095988
112.1202282510639,1121.2022825106392,10.44518923522201
112.2734227134399,1122.734227134399,10.445053241423478
112.42661511015741,1124.2661511015742,10.44491240139331
112.57980536847195,1125.7980536847194,10.44476660152176
112.73299341395364,1127.3299341395364,10.444615726897403
112.88617917046814,1128.8617917046813,10.444459661308164
113.03936256015764,1130.3936256015763,10.444298287242367
113.19254350342175,1131.9254350342176,10.444131485889823
113.34572191889848,1133.4572191889847,10.443959137142974
113.49889772344528,1134.9889772344527,10.443781119598045
113.65207083212002,1136.5207083212001,10.443597310556259
113.80524115816198,1138.0524115816197,10.443407586025081
113.95840861297292,1139.5840861297293,10.443211820719505
114.11157310609818,1141.1157310609817,10.443009888063377
114.2647345452077,1142.647345452077,10.442801660190774
114.41789283607716,1144.1789283607716,10.442587007947408
114.5710478825691,1145.710478825691,10.442365800892084
114.72419958661408,1147.2419958661408,10.442137907298207
114.87734784819179,1148.773478481918,10.441903194155328
115.03049256531234,1150.3049256531235,10.441661527170732
115.18363363399742,1151.8363363399742,10.441412770771086
115.3367709482615,1153.367709482615,10.441156788104125
115.48990440009321,1154.899044000932,10.440893441040398
115.64303387943653,1156.4303387943653,10.440622590175044
115.79615927417217,1157.9615927417217,10.440344094829651
115.94928047009888,1159.492804700989,10.440057813054134
116.10239735091488,1161.0239735091488,10.439763601628686
116.25550979819923,1162.5550979819923,10.43946131606578
116.40861769139323,1164.0861769139324,10.439150810612228
116.56172090778198,1165.6172090778198,10.43883193825128
116.71481932247579,1167.148193224758,10.438504550704806
116.8679128083918,1168.679128083918,10.438168498435514
117.02100123623543,1170.2100123623543,10.43782363064924
117.17408447448211,1171.740844744821,10.437469795297286
117.32716238935883,1173.2716238935884,10.437106839078837
117.48023484482583,1174.8023484482583,10.436734607443421
117.6333017025583,1176.333017025583,10.436352944593445
117.78636282192817,1177.8636282192817,10.43596169348679
117.93941805998584,1179.3941805998584,10.435560695839467
118.09246727144205,1180.9246727144205,10.43514979212835
118.24551030864971,1182.455103086497,10.434728821593964
118.39854702158587,1183.9854702158586,10.434297622243355
118.55157725783359,1185.5157725783358,10.433856030853011
118.70460086256396,1187.0460086256396,10.433403882971874
118.85761767851822,1188.5761767851823,10.432941012924404
119.01062754598973,1190.1062754598975,10.432467253813732
119.16363030280618,1191.6363030280618,10.431982437524873
119.31662578431174,1193.1662578431174,10.431486394728022
119.4696138233493,1194.696138233493,10.43097895488193
119.62259425024278,1196.2259425024279,10.430459946237333
119.77556689277942,1197.7556689277942,10.429929195840494
119.92853157619219,1199.2853157619218,10.4293865295368
120.08148812314221,1200.814881231422,10.428831771974435
120.23443635370128,1202.344363537013,10.428264746608166
120.38737608533444,1203.8737608533443,10.427685275703162
120.54030713288252,1205.4030713288253,10.42709318033895
120.69322930854486,1206.9322930854487,10.426488280413409
120.84614242186203,1208.4614242186203,10.425870394646882
120.9990462796986,1209.990462796986,10.42523934058636
121.15194068622604,1211.5194068622604,10.424594934609752
121.30482544290558,1213.0482544290558,10.423936991930256
121.45770034847123,1214.5770034847123,10.423265326600808
121.61056519891284,1216.1056519891283,10.42257975151862
121.76341978745914,1217.6341978745913,10.421880078429838
121.91626390456105,1219.1626390456104,10.421166117934249
122.06909733787482,1220.6909733787481,10.420437679490119
122.22191987224545,1222.2191987224546,10.419694571419116
122.37473128969003,1223.7473128969004,10.418936600911321
122.52753136938126,1225.2753136938127,10.418163574030345
122.68031988763099,1226.8031988763098,10.417375295718552
122.8330966178738,1228.330966178738,10.416571569802363
122.98586133065085,1229.8586133065085,10.415752198997685
123.1386137935935,1231.386137935935,10.41491698491542
123.29135377140734,1232.9135377140735,10.414065728067099
123.44408102585605,1234.4408102585605,10.4131982278706
123.59679531574548,1235.9679531574548,10.412314282655991
123.74949639690779,1237.4949639690778,10.411413689671466
123.90218402218564,1239.0218402218563,10.410496245089398
124.05485794141654,1240.5485794141655,10.409561744012496
124.20751790141725,1242.0751790141726,10.408609980480078
124.36016364596823,1243.6016364596824,10.407640747474453
124.5127949157983,1245.127949157983,10.406653836927408
124.66541144856926,1246.6541144856926,10.405649039726828
124.81801297886074,1248.1801297886072,10.404626145723412
124.97059923815505,1249.7059923815505,10.403584943737513
125.12316995482219,1251.231699548222,10.402525221566101
125.27572485410494,1252.7572485410494,10.401446765989832
125.42826365810403,1254.2826365810404,10.400349362780245
125.58078608576349,1255.807860857635,10.399232796707084
125.73329185285606,1257.3329185285606,10.398096851545725
125.88578067196867,1258.8578067196868,10.396941310084747
126.03825225248816,1260.3825225248816,10.39576595413361
126.19070630058697,1261.9070630058698,10.394570564530468
126.343142519209,1263.43142519209,10.393354921150102
126.49556060805567,1264.9556060805567,10.392118802911988
126.64796026357196,1266.4796026357196,10.390861987788483
126.8003411789327,1268.003411789327,10.38958425281315
126.95270304402885,1269.5270304402884,10.388285374089206
127.10504554545406,1271.0504554545405,10.386965126798108
127.25736836649122,1272.573683664912,10.385623285208263
127.40967118709924,1274.0967118709923,10.384259622683887
127.56195368389987,1275.6195368389988,10.382873911693975
127.71421553016478,1277.1421553016478,10.38146592382143
127.86645639580262,1278.664563958026,10.380035429772315
128.01867594734634,1280.1867594734633,10.378582199385248
128.1708738479406,1281.708738479406,10.37710600164093
128.32304975732936,1283.2304975732936,10.375606604671821
128.47520333184346,1284.7520333184345,10.37408377577195
128.62733422438868,1286.2733422438869,10.372537281406869
128.77944208443353,1287.7944208443353,10.370966887223746
128.9315265579975,1289.315265579975,10.36937235806161
129.08358728763938,1290.8358728763938,10.367753457961733
129.23562391244565,1292.3562391244564,10.366109950178153
129.38763606801913,1293.8763606801913,10.364441597188357
129.53962338646772,1295.3962338646772,10.362748160704097
129.69158549639337,1296.9158549639337,10.36102940168237
129.84352202288113,1298.4352202288114,10.359285080336523
129.99543258748847,1299.9543258748847,10.357514956147531
130.1473168082346,1301.4731680823459,10.355718787875412
130.29917429959016,1302.9917429959016,10.353896333570802
130.451004672467,1304.51004672467,10.352047350586666
130.60280753420804,1306.0280753420805,10.350171595590188
130.75458248857743,1307.5458248857742,10.348268824574786
130.90632913575084,1309.0632913575084,10.346338792872306
131.05804707230598,1310.5804707230598,10.344381255165349
131.20973589121317,1312.0973589121318,10.342395965499772
131.36139518182628,1313.6139518182629,10.340382677297344
131.51302452987372,1315.1302452987372,10.338341143368536
131.66462351744966,1316.6462351744965,10.336271115925504
131.81619172300546,1318.1619172300545,10.3341723465952
131.9677287213413,1319.677287213413,10.332044586432662
132.11923408359792,1321.1923408359792,10.32988758593446
132.27070737724873,1322.7070737724873,10.327701095052284
132.42214816609192,1324.2214816609192,10.325484863206723
132.57355601024295,1325.7355601024296,10.323238639301188
132.72493046612715,1327.2493046612715,10.320962171735987
132.8762710864725,1328.7627108647252,10.318655208422589
133.0275774203028,1330.275774203028,10.316317496798025
133.17884901293075,1331.7884901293075,10.31394878383947
133.33008540595154,1333.3008540595154,10.311548816078982
133.4812861372365,1334.8128613723652,10.309117339618401
133.63245074092708,1336.3245074092708,10.306654100144424
133.7835787474289,1337.835787474289,10.304158842943826
133.93466968340607,1339.3466968340608,10.30163131291887
134.08572307177596,1340.8572307177596,10.299071254602861
134.23673843170383,1342.3673843170382,10.296478412175883
134.38771527859797,1343.8771527859797,10.293852529480688
134.53865312410497,1345.3865312410496,10.291193350038757
134.6895514761053,1346.895514761053,10.28850061706653
134.84040983870898,1348.4040983870898,10.285774073491801
134.99122771225166,1349.9122771225166,10.283013461970276
135.14200459329084,1351.4200459329084,10.280218524902297
135.2927399746024,1352.927399746024,10.277389004449745
135.44343334517734,1354.4343334517735,10.274524642553095
135.59408419021875,1355.9408419021875,10.271625180948643
135.74469199113915,1357.4469199113914,10.268690361185902
135.89525622555794,1358.9525622555793,10.26571992464517
136.0457763672992,1360.4577636729919,10.262713612555245
136.19625188638975,1361.9625188638975,10.25967116601133
136.34668224905738,1363.4668224905738,10.25659232599309
136.49706691772957,1364.9706691772958,10.25347683338288
136.64740535103215,1366.4740535103215,10.250324428984143
136.79769700378856,1367.9769700378856,10.24713485353996
136.94794132701918,1369.4794132701918,10.243907847751776
137.09813776794098,1370.98137767941,10.240643152298304
137.24828576996754,1372.4828576996754,10.23734050785456
137.39838477270916,1373.9838477270916,10.233999655111088
137.54843421197347,1375.4843421197347,10.230620334793354
137.6984335197662,1376.9843351976622,10.227202287681274
137.84838212429227,1378.4838212429227,10.223745254628941
137.99827944995715,1379.9827944995716,10.22024897658448
138.14812491736853,1381.4812491736852,10.216713194610094
138.29791794333835,1382.9791794333835,10.213137649902249
138.447657940885,1384.4765794088498,10.20952208381204
138.5973443192359,1385.973443192359,10.205866237865694
138.74697648383042,1387.4697648383042,10.202169853785252
138.896553836323,1388.9655383632298,10.198432673509398
139.04607577458663,1390.4607577458662,10.19465443921445
139.19554169271672,1391.955416927167,10.190834893335504
139.34495098103514,1393.4495098103514,10.186973778587735
139.49430302609466,1394.9430302609467,10.183070837987861
139.64359721068368,1396.4359721068367,10.179125814875745
139.79283291383135,1397.9283291383135,10.17513845293616
139.94200951081288,1399.4200951081289,10.171108496220706
140.09112637315522,1400.9112637315523,10.16703568916987
140.2401828686432,1402.4018286864318,10.162919776635247
140.38917836132578,1403.8917836132578,10.158760503901899
140.5381122115228,1405.3811221152278,10.154557616710862
140.68698377583195,1406.8698377583196,10.150310861281802
140.8357924071362,1408.357924071362,10.146019984335819
140.98453745461143,1409.8453745461143,10.141684733118376
141.13321826373445,1411.3321826373444,10.137304855422398
141.28183417629143,1412.8183417629143,10.132880099611482
141.43038453038653,1414.3038453038653,10.12841021464326
141.57886866045106,1415.7886866045105,10.12389495009291
141.72728589725278,1417.272858972528,10.119334056176761
141.87563556790573,1418.7563556790574,10.114727283776094
142.0239169958803,1420.2391699588031,10.110074384461011
142.1721295010137,1421.721295010137,10.105375110514476
142.3202723995207,1423.202723995207,10.10062921495647
142.4683450040049,1424.6834500400491,10.095836451568275
142.61634662347024,1426.1634662347024,10.090996574916868
142.76427656333277,1427.6427656333276,10.086109340379469
142.91213412543306,1429.1213412543307,10.081174504168176
143.05991860804866,1430.5991860804866,10.076191823354733
143.20762930590718,1432.0762930590718,10.071161055895425
143.35526551019953,1433.5526551019952,10.066081960656062
143.50282650859376,1435.0282650859376,10.060954297437092
143.650311585249,1436.50311585249,10.055777826998828
143.79772002083,1437.9772002083,10.05055231108676
143.94505109252196,1439.4505109252195,10.045277512456996
144.09230407404564,1440.9230407404564,10.039953194901798
144.23947823567298,1442.3947823567298,10.0345791232752
144.3865728442431,1443.865728442431,10.029155063518756
144.53358716317854,1445.3358716317853,10.023680782687352
144.68052045250204,1446.8052045250204,10.018156048975134
144.8273719688536,1448.2737196885362,10.012580631741509
144.97414096550796,1449.7414096550797,10.00695430153724
145.12082669239243,1451.2082669239244,10.00127683013063
145.2674283961052,1452.674283961052,9.995547990533774
145.41394531993387,1454.1394531993387,9.989767557028904
145.56037670387457,1455.6037670387457,9.983935305194796
145.70672178465128,1457.067217846513,9.978051011933267
145.8529797957357,1458.529797957357,9.972114455495717
145.99914996736737,1459.9914996736738,9.966125415509763
146.14523152657424,1461.4523152657423,9.960083673005924
146.29122369719371,1462.912236971937,9.95398901044436
146.43712569989395,1464.3712569989395,9.94784121174168
146.58293675219565,1465.8293675219566,9.941640062297806
146.72865606849416,1467.2865606849416,9.935385349022864
146.87428286008208,1468.7428286008208,9.929076860364157
147.0198163351721,1470.198163351721,9.922714386333148
147.1652556989205,1471.652556989205,9.916297718532515
147.31060015345074,1473.1060015345074,9.909826650183208
147.45584889787764,1474.5584889787765,9.903300976151577
147.60100112833197,1476.0100112833197,9.896720492976494
147.74605603798528,1477.4605603798527,9.890084998896526
147.89101281707528,1478.9101281707528,9.883394293877126
148.03587065293158,1480.358706529316,9.876648179637826
148.18062873000176,1481.8062873000176,9.869846459679469
148.32528622987795,1483.2528622987795,9.862988939311434
148.46984233132375,1484.6984233132375,9.856075425678878
148.61429621030152,1486.1429621030152,9.849105727789972
148.75864704000014,1487.5864704000014,9.84207965654315
148.9028939908631,1489.028939908631,9.83499702475434
149.04703623061707,1490.4703623061707,9.827857647184189
149.19107292430073,1491.9107292430072,9.820661340565286
149.33500323429422,1493.350032342942,9.81340792362935
149.47882632034876,1494.7882632034875,9.806097217134415
149.62254133961682,1496.2254133961683,9.798729043891974
149.76614744668257,1497.6614744668257,9.791303228794105
149.9096437935929,1499.0964379359289,9.783819598840555
150.0530295298886,1500.530295298886,9.776277983165794
150.19630380263615,1501.9630380263616,9.768678213066018
150.33946575645987,1503.3946575645987,9.761020122026109
150.48251453357426,1504.8251453357425,9.753303545746546
150.62544927381703,1506.2544927381703,9.745528322170255
150.7682691146823,1507.6826911468231,9.737694291509403
150.91097319135434,1509.1097319135433,9.72980129627212
151.05356063674157,1510.5356063674158,9.721849181289167
151.19603058151102,1511.9603058151101,9.71383779374051
151.33838215412325,1513.3838215412325,9.705766983181828
151.4806144808675,1514.806144808675,9.697636601570936
151.62272668589736,1516.2272668589735,9.689446503294116
151.76471789126674,1517.6471789126674,9.681196545192355
151.90658721696624,1519.0658721696625,9.672886586587497
152.04833378095998,1520.4833378095998,9.664516489308275
152.18995669922268,1521.8995669922267,9.656086117716246
152.33145508577726,1523.3145508577727,9.64759533873161
152.47282805273267,1524.7282805273267,9.639044021858924
152.6140747103222,1526.140747103222,9.63043203921267
152.75519416694215,1527.5519416694215,9.621759265542723
152.8961855291908,1528.961855291908,9.613025578259666
153.0370479019079,1530.370479019079,9.604230857459992
153.17778038821436,1531.7778038821436,9.595374985951128
153.31838208955233,1533.1838208955232,9.586457849276352
153.4588521057258,1534.588521057258,9.577479335739536
153.59918953494142,1535.991895349414,9.568439336429737
153.73939347384962,1537.3939347384962,9.559337745245626
153.87946301758626,1538.7946301758625,9.550174458919756
154.01939725981453,1540.1939725981451,9.540949377042645
154.1591952927672,1541.591952927672,9.531662402086702
154.2988562072893,1542.988562072893,9.522313439429952
154.43837909288095,1544.3837909288095,9.512902397379584
154.5777630377408,1545.777630377408,9.50342918719531
154.71700712880957,1547.1700712880956,9.493893723112514
154.85611045181412,1548.5611045181413,9.484295922365218
154.9950720913117,1549.950720913117,9.47463570520882
155.1338911307346,1551.338911307346,9.464912994942633
155.27256665243522,1552.7256665243522,9.455127717932209
155.41109773773113,1554.1109773773112,9.445279803631422
155.54948346695096,1555.4948346695096,9.435369184604353
155.68772291948017,1556.8772291948017,9.425395796546905
155.82581517380734,1558.2581517380734,9.415359578308218
155.96375930757074,1559.6375930757074,9.405260471911816
156.10155439760516,1561.0155439760515,9.395098422576512
156.23919951998909,1562.391995199891,9.384873378737062
156.37669375009222,1563.7669375009223,9.374585292064568
156.51403616262314,1565.1403616262314,9.364234117486594
156.6512258316775,1566.512258316775,9.353819813207053
156.7882618307862,1567.8826183078622,9.343342340725771
156.9251432329642,1569.2514323296418,9.332801664857817
157.06186911075915,1570.6186911075915,9.322197753752532
157.19843853630087,1571.9843853630086,9.311530578912263
157.33485058135062,1573.348505813506,9.300800115210821
157.47110431735086,1574.7110431735086,9.290006340911615
157.60719881547521,1576.071988154752,9.27914923768552
157.74313314667873,1577.4313314667872,9.2682287906284
157.87890638174832,1578.789063817483,9.257244988278343
158.01451759135352,1580.1451759135352,9.246197822632572
158.1499658460975,1581.499658460975,9.235087289164033
158.28525021656824,1582.8525021656824,9.223913386837648
158.42036977338998,1584.2036977338998,9.212676118126252
158.55532358727487,1585.5532358727487,9.201375489026187
158.69011072907497,1586.9011072907497,9.190011509072553
158.8247302698343,1588.247302698343,9.17858419135411
158.95918128084116,1589.5918128084118,9.167093552527845
159.09346283368072,1590.9346283368072,9.155539612833165
159.2275740002877,1592.2757400028768,9.143922396105747
159.36151385299937,1593.6151385299936,9.13224192979102
159.49528146460867,1594.9528146460866,9.12049824495727
159.62887590841757,1596.2887590841756,9.108691376308395
159.7622962582905,1597.6229625829048,9.096821362196243
159.89554158870806,1598.9554158870806,9.08488824463263
160.02861097482088,1600.2861097482087,9.072892069300915
160.16150349250364,1601.6150349250365,9.06083288556722
160.2942182184092,1602.9421821840922,9.04871074649125
160.42675423002302,1604.2675423002302,9.036525708836702
160.55911060571748,1605.5911060571748,9.024277833081301
160.69128642480663,1606.9128642480664,9.011967183426409
160.82328076760092,1608.232807676009,8.999593827806224
160.955092715462,1609.55092715462,8.987157837896588
161.0867213508578,1610.867213508578,8.97465928912336
161.21816575741758,1612.181657574176,8.962098260670379
161.34942501998722,1613.494250199872,8.949474835486994
161.4804982246845,1614.8049822468452,8.93678910029518
161.61138445895463,1616.1138445895463,8.924041145596222
161.7420828116256,1617.420828116256,8.911231065676947
161.87259237296394,1618.7259237296394,8.898358958615555
162.0029122347303,1620.029122347303,8.885424926286973
162.13304149023534,1621.3304149023534,8.872429074367796
162.2629792343954,1622.629792343954,8.859371512340758
162.39272456378848,1623.9272456378849,8.846252353498773
162.5222765767101,1625.222765767101,8.833071714948519
162.65163437322943,1626.5163437322942,8.819829717613562
162.78079705524513,1627.8079705524513,8.806526486237026
162.90976372654148,1629.097637265415,8.7931621493838
163.03853349284452,1630.3853349284452,8.779736839442307
163.16710546187807,1631.6710546187805,8.766250692625762
163.2954787434198,1632.9547874341981,8.752703848973004
163.42365244935746,1634.2365244935745,8.739096452348845
163.55162569374494,1635.5162569374493,8.725428650443945
163.67939759285832,1636.7939759285832,8.711700594774209
163.80696726525204,1638.0696726525205,8.697912440679724
163.93433383181494,1639.3433383181493,8.684064347323211
164.06149641582624,1640.6149641582624,8.670156477687986
164.18845414301165,1641.8845414301165,8.656188998575457
164.31520614159922,1643.1520614159922,8.642162080602137
164.4417515423753,1644.417515423753,8.628075898196164
164.56808947874035,1645.6808947874035,8.613930629593339
164.69421908676478,1646.9421908676477,8.599726456832684
164.82013950524458,1648.2013950524458,8.585463565751505
164.94584987575703,1649.4584987575704,8.571142145979968
165.07134934271616,1650.7134934271617,8.556762390935186
165.19663705342825,1651.9663705342825,8.54232449781482
165.3217121581472,1653.217121581472,8.527828667590178
165.44657381012968,1654.4657381012967,8.513275104998828
165.57122116569036,1655.7122116569035,8.498664018536722
165.69565338425681,1656.9565338425682,8.48399562044982
165.81986962842444,1658.1986962842443,8.469270126725231
165.94386906401124,1659.4386906401123,8.454487757081843
166.06765086011228,1660.6765086011228,8.439648734960471
166.19121418915427,1661.9121418915427,8.42475328751352
166.3145582269497,1663.145582269497,8.40980164559413
166.4376821527511,1664.376821527511,8.394794043744852
166.56058514930487,1665.6058514930487,8.37973072018582
166.68326640290505,1666.8326640290504,8.36461191680242
166.80572510344692,1668.0572510344691,8.349437879132493
166.9279604444804,1669.279604444804,8.334208856353017
167.04997162326313,1670.4997162326313,8.318925101266322
167.17175784081354,1671.7175784081355,8.3035868702858
167.29331830196352,1672.9331830196352,8.288194423421139
167.414652215411,1674.14652215411,8.272748024263047
167.53575879377212,1675.3575879377213,8.25724793996752
167.65663725363345,1676.5663725363345,8.24169444123961
167.77728681560367,1677.7728681560368,8.226087802316687
167.89770670436525,1678.9770670436524,8.210428300951271
168.01789614872555,1680.1789614872555,8.194716218393323
168.13785438166806,1681.3785438166806,8.178951839372111
168.25758064040306,1682.5758064040306,8.163135452077562
168.37707416641805,1683.7707416641806,8.147267348141149
168.49633420552803,1684.9633420552802,8.131347822616329
168.61536000792532,1686.1536000792532,8.115377173958468
168.73415082822925,1687.3415082822926,8.099355704004337
168.85270592553533,1688.5270592553534,8.083283717951103
168.97102456346428,1689.710245634643,8.067161524334912
169.08910601021074,1690.8910601021075,8.050989435008956
169.20694953859143,1692.0694953859143,8.034767765121106
169.32455442609333,1693.2455442609332,8.018496833091111
169.44191995492116,1694.4191995492115,8.002176960587294
169.5590454120448,1695.5904541204482,7.985808472502857
169.6759300892462,1696.759300892462,7.969391696931697
169.7925732831659,1697.925732831659,7.952926965143806
169.90897429534925,1699.0897429534925,7.936414611560223
170.02513243229242,1700.2513243229241,7.919854973727551
170.14104700548765,1701.4104700548764,7.903248392292033
170.25671733146842,1702.5671733146842,7.88659521097323
170.37214273185415,1703.7214273185416,7.869895776537243
170.48732253339446,1704.8732253339447,7.85315043876953
170.60225606801302,1706.0225606801303,7.8363595504473125
170.71694267285105,1707.1694267285104,7.81952346731156
170.83138169031037,1708.3138169031035,7.802642548038576
170.94557246809603,1709.4557246809604,7.785717154211174
171.05951435925854,1710.5951435925854,7.7687476502894555
171.17320672223553,1711.7320672223555,7.751734403581204
171.28664892089324,1712.8664892089323,7.734677784211885
171.39984032456724,1713.9984032456723,7.717578165094248
171.51278030810292,1715.1278030810292,7.7004359218975775
171.62546825189554,1716.2546825189554,7.683251433016549
171.73790354192963,1717.3790354192963,7.666025079539709
171.85008556981805,1718.5008556981804,7.6487572452176185
171.96201373284063,1719.6201373284064,7.631448316430614
172.0736874339822,1720.736874339822,7.6140986821562215
172.18510608197022,1721.851060819702,7.596708733936227
172.29626909131187,1722.9626909131186,7.579278865843391
172.40717588233076,1724.0717588233076,7.561809474447852
172.51782588120295,1725.1782588120295,7.544300958783159
172.62821851999266,1726.2821851999265,7.5267537203120245
172.73835323668735,1727.3835323668734,7.509168162891715
172.84822947523233,1728.4822947523232,7.491544692739157
172.95784668556493,1729.5784668556494,7.473883718395718
173.06720432364793,1730.6720432364793,7.456185650691686
173.1763018515027,1731.763018515027,7.438450902710473
173.28513873724174,1732.8513873724173,7.420679889752503
173.39371445510056,1733.9371445510055,7.40287302929882
173.50202848546922,1735.0202848546924,7.385030740974441
173.61008031492318,1736.1008031492318,7.367153446511414
173.71786943625366,1737.1786943625366,7.349241569711618
173.82539534849752,1738.2539534849752,7.331295536409309
173.9326575569664,1739.326575569664,7.313315774433407
174.03965557327552,1740.3965557327551,7.295302713569552
174.14638891537174,1741.4638891537174,7.2772567855218995
174.2528571075612,1742.528571075612,7.25917842387471
174.35905968053626,1743.5905968053626,7.24106806405369
174.46499617140202,1744.6499617140203,7.222926143287133
174.5706661237021,1745.7066612370209,7.204753100566835
174.676069087444,1746.7606908744401,7.186549376608823
174.7812046191238,1747.812046191238,7.168315413813856
174.8860722817502,1748.860722817502,7.150051656227772
174.99067164486817,1749.9067164486817,7.131758549501636
175.09500228458188,1750.9500228458187,7.113436540851689
175.19906378357703,1751.9906378357703,7.095086079019174
175.30285573114267,1753.0285573114268,7.0767076142299565
175.40637772319232,1754.0637772319233,7.058301598154014
175.5096293622846,1755.0962936228461,7.039868483864775
175.61261025764327,1756.1261025764327,7.021408725798308
175.71532002517648,1757.1532002517647,7.002922779712382
175.81775828749565,1758.1775828749564,6.984411102645402
175.91992467393362,1759.199246739336,6.965874152875236
176.02181882056223,1760.2181882056223,6.9473123898779034
176.1234403702093,1761.234403702093,6.928726274286185
176.22478897247495,1762.2478897247495,6.910116267848119
176.32586428374736,1763.2586428374736,6.891482833385419
176.42666596721793,1764.2666596721792,6.8728264347518095
176.5271936928958,1765.271936928958,6.854147536791274
176.6274471376217,1766.2744713762168,6.835446605296237
176.7274259850813,1767.274259850813,6.8167241069657125
176.82712992581799,1768.2712992581799,6.7979805093633585
176.9265586572447,1769.2655865724469,6.779216280875515
177.0257118836556,1770.257118836556,6.760431890669194
177.12458931623672,1771.2458931623673,6.741627808650035
177.22319067307637,1772.2319067307637,6.722804505420253
177.32151567917458,1773.2151567917458,6.703962452236545
177.41956406645218,1774.1956406645218,6.685102120968009
177.5173355737591,1775.173355737591,6.6662239840540405
177.61482994688217,1776.1482994688217,6.6473285144622665
177.7120469385522,1777.120469385522,6.628416185646459
177.8089863084505,1778.089863084505,6.609487471504483
177.90564782321485,1779.0564782321485,6.5905428463362785
178.0020312564447,1780.020312564447,6.571582784801867
178.09813638870585,1780.9813638870585,6.552607761879392
178.19396300753453,1781.9396300753453,6.53361825282323
178.2895109074408,1782.895109074408,6.514614733122145
178.38477988991144,1783.8477988991144,6.495597678457507
178.47976976341207,1784.7976976341206,6.476567564661568
178.5744803433888,1785.7448034338881,6.457524867675843
178.6689114522693,1786.689114522693,6.43847006350955
178.76306291946298,1787.6306291946298,6.419403628198151
178.85693458136103,1788.5693458136102,6.400326037761999
178.95052628133539,1789.505262813354,6.381237768165055
179.0438378697374,1790.438378697374,6.362139295273772
179.1368692038957,1791.368692038957,6.343031094816046
179.22962014811384,1792.2962014811383,6.323913642340331
179.32209057366666,1793.2209057366665,6.304787413174832
179.41428035879676,1794.1428035879676,6.285652882386915
179.50618938871,1795.0618938871,6.266510524742589
179.59781755557046,1795.9781755557046,6.247360814666171
179.68916475849485,1796.8916475849485,6.228204226200114
179.78023090354637,1797.8023090354636,6.209041232964981
179.87101590372785,1798.7101590372786,6.189872308119601
179.9615196789745,1799.615196789745,6.170697924321402
180.05174215614585,1800.5174215614584,6.151518553686913
180.14168326901736,1801.4168326901736,6.13233466775248
180.2313429582713,1802.313429582713,6.11314673743515
180.32072117148707,1803.2072117148707,6.093955232993763
180.40981786313094,1804.0981786313093,6.074760623990273
180.4986329945454,1804.9863299454541,6.055563379251247
180.5871665339377,1805.8716653393772,6.036363966829597
180.67541845636796,1806.7541845636797,6.017162853966554
180.76338874373678,1807.6338874373678,5.99796050705384
180.8510773847721,1808.510773847721,5.978757391596086
180.93848437501578,1809.3848437501579,5.959553972173519
181.0256097168094,1810.2560971680941,5.940350712404851
181.1124534192797,1811.124534192797,5.921148074910427
181.1990154983233,1811.990154983233,5.90194652127568
181.28529597659104,1812.8529597659103,5.882746512014765
181.37129488347185,1813.7129488347184,5.863548506534544
181.45701225507574,1814.5701225507573,5.84435296309876
181.5424481342167,1815.424481342167,5.825160338792571
181.62760257039488,1816.2760257039488,5.805971089487307
181.71247561977822,1817.124756197782,5.786785669805511
181.79706734518365,1817.9706734518365,5.767604533086324
181.88137781605775,1818.8137781605774,5.748428131351107
181.96540710845693,1819.6540710845693,5.729256915269401
182.04915530502714,1820.4915530502715,5.710091334125175
182.13262249498302,1821.3262249498302,5.69093183578337
182.2158087740866,1822.158087740866,5.671778866656789
182.2987142446256,1822.9871424462558,5.652632871673279
182.38133901539095,1823.8133901539095,5.633494294243229
182.4636832016544,1824.6368320165438,5.614363576227425
182.54574692514504,1825.4574692514504,5.595241157905187
182.6275303140258,1826.2753031402578,5.576127477942876
182.7090335028692,1827.0903350286922,5.557022973362725
182.79025663263297,1827.9025663263296,5.537928079512008
182.8711998506349,1828.711998506349,5.518843230032537
182.95186331052736,1829.5186331052737,5.499768856830537
183.03224717227155,1830.3224717227156,5.480705390046845
183.11235160211106,1831.1235160211106,5.461653258027467
183.19217677254514,1831.9217677254514,5.442612887294497
183.27172286230154,1832.7172286230154,5.423584702517392
183.35099005630894,1833.5099005630896,5.404569126484599
183.42997854566894,1834.2997854566895,5.3855665800755625
183.5086885276276,1835.086885276276,5.366577482233079
183.58712020554674,1835.8712020554674,5.347602249936046
183.66527378887466,1836.6527378887465,5.3286412981725615
183.74314949311656,1837.4314949311656,5.309695039913395
183.82074753980461,1838.2074753980462,5.290763886085864
183.8980681564676,1838.980681564676,5.271848245548063
183.97511157660014,1839.7511157660015,5.252948525063467
184.0518780396317,1840.518780396317,5.234065129275946
184.12836779089503,1841.2836779089503,5.215198460685147
184.20458108159445,1842.0458108159446,5.196348919622268
184.28051816877368,1842.8051816877369,5.177516904226197
184.35617931528327,1843.5617931528327,5.158702810420084
184.43156478974785,1844.3156478974786,5.139907031888275
184.50667486653296,1845.0667486653297,5.121129960053639
184.5815098257115,1845.8150982571149,5.102371984055288
184.65606995302994,1846.5606995302994,5.0836334907267124
184.73035553987418,1847.3035553987418,5.0649148645742885
184.80436688323516,1848.0436688323516,5.046216487756214
184.87810428567403,1848.7810428567402,5.027538740061787
184.95156805528717,1849.5156805528718,5.00888199889115
185.02475850567083,1850.2475850567084,4.990246639235387
185.09767595588556,1850.9767595588555,4.971633033657046
185.17032073042026,1851.7032073042026,4.953041552271035
185.242693159156,1852.42693159156,4.9344725627259605
185.31479357732962,1853.1479357732962,4.915926430185832
185.38662232549697,1853.8662232549698,4.897403517312192
185.45817974949605,1854.5817974949605,4.878904184246639
185.52946620040973,1855.2946620040973,4.860428788593729
185.60048203452826,1856.0048203452825,4.841977685404334
185.67122761331163,1856.7122761331163,4.823551227159367
185.74170330335167,1857.4170330335166,4.805149763753907
185.81190947633385,1858.1190947633386,4.786773642481741
185.88184650899893,1858.8184650899893,4.768423208020296
185.95151478310433,1859.5151478310434,4.750098802415986
186.02091468538538,1860.2091468538538,4.731800765069954
186.0900466075163,1860.9004660751632,4.713529432724211
186.15891094607105,1861.5891094607105,4.695285139448173
186.22750810248382,1862.2750810248383,4.677068216625613
186.29583848300962,1862.9583848300963,4.658878992941985
186.36390249868433,1863.6390249868432,4.640717794372175
186.43170056528496,1864.3170056528495,4.622584944168643
186.49923310328944,1864.9923310328945,4.604480762849924
186.56650053783642,1865.6650053783642,4.586405568189578
186.63350329868476,1866.3350329868476,4.568359675205495
186.70024182017306,1867.0024182017305,4.550343396149619
186.76671654117894,1867.6671654117895,4.5323570404980345
186.83292790507812,1868.3292790507812,4.5144009149414615
186.89887635970348,1868.988763597035,4.496475323376135
186.96456235730395,1869.6456235730395,4.478580566895082
187.02998635450328,1870.2998635450328,4.460716943779751
187.09514881225866,1870.9514881225866,4.442884749492053
187.16005019581925,1871.6005019581926,4.425084276666787
187.22469097468465,1872.2469097468465,4.407315815104426
187.28907162256317,1872.8907162256316,4.389579651764294
187.35319261733017,1873.5319261733016,4.371876070758115
187.41705444098605,1874.1705444098604,4.354205353343924
187.48065757961447,1874.8065757961447,4.336567777920388
187.54400252334025,1875.4400252334026,4.318963620021445
187.60708976628726,1876.0708976628725,4.301393152311351
187.6699198065363,1876.6991980653631,4.283856644580086
187.73249314608296,1877.3249314608297,4.2663543637391
187.79481029079517,1877.9481029079516,4.24888657381744
187.856871750371,1878.56871750371,4.231453535958237
187.91867803829626,1879.1867803829628,4.21405550841555
187.9802296718021,1879.8022967180211,4.196692746551544
188.04152717182254,1880.4152717182253,4.179365502834035
188.1025710629519,1881.0257106295192,4.162074026834391
188.1633618734025,1881.6336187340248,4.144818565225778
188.22390013496195,1882.2390013496195,4.12759936178172
188.28418638295068,1882.8418638295068,4.110416657375018
188.34422115617937,1883.4422115617938,4.093270689977048
188.4040049969064,1884.040049969064,4.076161694657317
188.46353845079528,1884.635384507953,4.0590899035834145
188.52282206687212,1885.2282206687212,4.042055546021247
188.581856397483,1885.8185639748299,4.025058848335649
188.64064199825154,1886.4064199825154,4.00810003399128
188.6991794280363,1886.9917942803631,3.9911793235538346
188.75746924888836,1887.5746924888836,3.9742969346916213
188.81551202600872,1888.1551202600872,3.9574530821773917
188.87330832770604,1888.7330832770604,3.940647977890545
188.9308587253541,1889.3085872535412,3.9238818308195733
188.98816379334957,1889.8816379334958,3.9071548470648723
189.0452241090695,1890.452241090695,3.89046722984181
189.10204025282923,1891.0204025282924,3.87381917948414
189.15861280784014,1891.5861280784015,3.8572108934476614
189.2149423601675,1892.149423601675,3.840642566314194
189.2710294986883,1892.7102949868831,3.8241143897958456
189.32687481504936,1893.2687481504936,3.807626552739569
189.38247890362527,1893.8247890362527,3.791179241131983
189.43784236147656,1894.3784236147656,3.7747726381044857
189.49296578830788,1894.9296578830788,3.7584069239386433
189.54784978642635,1895.4784978642635,3.7420822760718493
189.60249496069983,1896.0249496069982,3.725798869103246
189.65690191851544,1896.5690191851545,3.7095568747999272
189.71107126973817,1897.1107126973816,3.6933564621033868
189.76500362666943,1897.6500362666943,3.677197797136222
189.81869960400587,1898.1869960400586,3.6610810432091205
189.87215981879822,1898.7215981879822,3.645006360828075
189.92538489041033,1899.2538489041033,3.6289739077018504
189.97837544047812,1899.7837544047811,3.612983838749685
190.03113209286894,1900.3113209286894,3.597036306109269
190.0836554736408,1900.8365547364078,3.58113145914491
190.1359462110018,1901.3594621100178,3.565269444455979
190.1880049352698,1901.8800493526978,3.5494504058855525
190.23983227883204,1902.3983227883205,3.533674484529302
190.29142887610502,1902.91428876105,3.517941818744591
190.34279536349445,1903.4279536349445,3.502252544159824
190.39393237935536,1903.9393237935537,3.4866067936839573
190.44484056395243,1904.4484056395243,3.471004697516278
190.49552055942027,1904.9552055942027,3.4554463831563536
190.54597300972407,1905.4597300972407,3.439931975414211
190.59619856062028,1905.9619856062027,3.4244615964207115
190.64619785961747,1906.4619785961747,3.4090353656380974
190.69597155593735,1906.9597155593735,3.393653399870782
190.74552030047593,1907.4552030047594,3.3783158132762945
190.79484474576486,1907.9484474576486,3.36302271737642
190.843945545933,1908.43945545933,3.347774221068548
190.89282335666803,1908.9282335666803,3.3325704306371526
190.94147883517832,1909.414788351783,3.3174114497654847
190.98991264015493,1909.8991264015492,3.302297379547458
191.03812543173387,1910.3812543173387,3.2872283184996456
191.08611787145844,1910.8611787145844,3.272204362573493
191.13389062224175,1911.3389062224176,3.2572256051676667
191.18144434832956,1911.8144434832957,3.242292137140589
191.2287797152631,1912.287797152631,3.2274040468230862
191.27589738984227,1912.7589738984227,3.212561420031251
191.3227980400889,1913.227980400889,3.1977643400793867
191.3694823352103,1913.694823352103,3.1830128877931423
191.41595094556288,1914.1595094556287,3.1683071415227775
191.4622045426161,1914.6220454261609,3.1536471771565675
191.5082437989165,1915.082437989165,3.1390330681343364
191.5540693880521,1915.540693880521,3.124464885461131
191.59968198461678,1915.996819846168,3.109942697721021
191.645082264175,1916.45082264175,3.0954665710910203
191.69027090322675,1916.9027090322675,3.0810365693551396
191.73524857917263,1917.3524857917264,3.066652753918532
191.78001597027918,1917.800159702792,3.0523151838218037
191.8245737556444,1918.245737556444,3.0380239157553857
191.86892261516346,1918.6892261516346,3.023779004074036
191.9130632294947,1919.130632294947,3.009580500811461
191.95699628002583,1919.5699628002583,2.9954284556950213
192.0007224488403,1920.007224488403,2.981322916160518
192.0442424186838,1920.442424186838,2.9672639273671186
192.08755687293132,1920.8755687293133,2.9532515322123607
192.13066649555392,1921.3066649555392,2.939285771347215
192.1735719710863,1921.735719710863,2.925366683191285
192.216273984594,1922.16273984594,2.9114943039480363
192.2587732216414,1922.587732216414,2.8976686676201573
192.30107036825945,1923.0107036825943,2.8838898060249627
192.34316611091393,1923.4316611091392,2.870157748809889
192.38506113647387,1923.8506113647386,2.856472523468049
192.4267561321802,1924.267561321802,2.8428341553538696
192.46825178561454,1924.6825178561453,2.829242667698758
192.50954878466834,1925.0954878466835,2.8156980816269033
192.55064781751219,1925.5064781751219,2.802200416171058
192.5915495725654,1925.9154957256542,2.788749688288427
192.6322547384658,1926.322547384658,2.775345912876578
192.6727640040397,1926.7276400403969,2.7619891027894483
192.71307805827217,1927.1307805827219,2.7486792688533446
192.75319759027767,1927.5319759027766,2.7354164198830335
192.7931232892706,1927.931232892706,2.7222005626978345
192.83285584453634,1928.3285584453633,2.7090317021377905
192.8723959454025,1928.7239594540251,2.6959098410798705
192.91174428121033,1929.1174428121033,2.6828349804541696
192.95090154128638,1929.5090154128638,2.6698071192601867
192.98986841491447,1929.8986841491446,2.6568262545831085
193.02864559130782,1930.2864559130783,2.64389238161013
193.06723375958148,1930.672337595815,2.6310054936467826
193.10563360872496,1931.0563360872495,2.6181655821333067
193.14384582757506,1931.4384582757507,2.6053726366610275
193.1818711047891,1931.8187110478912,2.5926266449887696
193.21971012881824,1932.1971012881822,2.579927593059241
193.25736358788097,1932.5736358788097,2.5672754650154803
193.29483216993717,1932.9483216993717,2.5546702432172954
193.332116562662,1933.32116562662,2.542111908257692
193.3692174534204,1933.6921745342038,2.5296004389793265
193.40613552924145,1934.0613552924146,2.517135812490961
193.4428714767934,1934.4287147679343,2.504718004183917
193.47942598235863,1934.7942598235863,2.4923469877485185
193.51579973180884,1935.1579973180883,2.480022735190539
193.5519934105808,1935.5199341058078,2.467745216847663
193.5880077036519,1935.880077036519,2.4555144014058743
193.62384329551634,1936.2384329551633,2.4433302559159356
193.6595008701613,1936.595008701613,2.4311927458097604
193.6949811110435,1936.949811110435,2.4191018349168183
193.73028470106578,1937.3028470106578,2.4070574854805256
193.76541232255434,1937.6541232255433,2.3950596581745978
193.8003646572357,1938.003646572357,2.383108312119401
193.8351423862143,1938.351423862143,2.3712034048982713
193.8697461899502,1938.697461899502,2.3593448925737985
193.90417674823695,1939.0417674823696,2.3475327297041173
193.9384347401798,1939.3843474017979,2.335766869359143
193.97252084417403,1939.7252084417403,2.324047263136784
194.00643573788378,1940.0643573788377,2.3123738611791382
194.04018009822076,1940.4018009822075,2.3007466121886293
194.07375460132346,1940.7375460132346,2.2891654634441267
194.10715992253645,1941.0715992253645,2.2776303608170285
194.14039673639004,1941.4039673639004,2.2661412487873194
194.17346571658004,1941.7346571658004,2.2546980704595456
194.2063675359479,1942.063675359479,2.2433007675788077
194.23910286646088,1942.3910286646087,2.231949280546648
194.27167237919275,1942.7167237919275,2.220643548436963
194.30407674430438,1943.040767443044,2.2093835090118046
194.33631663102483,1943.3631663102483,2.198169098737188
194.36839270763255,1943.6839270763255,2.187000252798813
194.40030564143683,1944.0030564143683,2.1758769051177453
194.4320560987595,1944.320560987595,2.1647989883660697
194.4636447449168,1944.636447449168,2.1537664339824514
194.4950722442015,1944.9507224420151,2.14277917218767
194.5263392598654,1945.263392598654,2.1318371320001224
194.55744645410178,1945.5744645410177,2.120940241251184
194.5883944880282,1945.883944880282,2.1100884266006124
194.61918402166967,1946.1918402166966,2.0992816135518333
194.64981571394185,1946.4981571394185,2.08851972646718
194.68029022263448,1946.802902226345,2.0778026885830614
194.7106082043952,1947.1060820439518,2.067130422025102
194.74077031471336,1947.4077031471336,2.0565028478231775
194.77077720790427,1947.7077720790428,2.045919885926399
194.80062953709353,1948.0062953709353,2.0353814552180585
194.83032795420155,1948.3032795420154,2.0248874735304594
194.8598731099285,1948.5987310992848,2.0144378576597277
194.88926565373916,1948.8926565373915,2.0040325233805096
194.9185062338483,1949.185062338483,1.99367138546063
194.947595497206,1949.4759549720602,1.9833543576756925
194.97653408948347,1949.7653408948347,1.9730813528235491
195.0053226550587,1950.0532265505872,1.9628522827387678
195.03396183700278,1950.339618370028,1.9526670583069827
195.062452277066,1950.62452277066,1.9425255894791769
195.09079461566446,1950.9079461566446,1.9324277852859102
195.11898949186673,1951.1898949186673,1.9223735538514544
195.1470375433808,1951.470375433808,1.9123628024078525
195.17493940654117,1951.7493940654117,1.9023954373088903
195.2026957162962,1952.026957162962,1.8924713640440314
195.2303071061956,1952.303071061956,1.8825904872522128
195.25777420837815,1952.5777420837815,1.8727527107356328
195.2850976535597,1952.8509765355968,1.8629579374733898
195.3122780710212,1953.122780710212,1.8532060696350912
195.33931608859717,1953.3931608859716,1.8434970085943356
195.36621233266402,1953.66212332664,1.833830654942171
195.3929674281289,1953.9296742812892,1.8242069085004275
195.4195819984187,1954.195819984187,1.814625668334973
195.44605666546886,1954.4605666546886,1.8050868327688812
195.472392049713,1954.72392049713,1.7955902993955708
195.49858877007222,1954.9858877007223,1.786135965091765
195.5246474439448,1955.2464744394479,1.7767237260304385
195.5505686871961,1955.505686871961,1.767353477693677
195.5763531141486,1955.7635311414858,1.7580251148854011
195.60200133757212,1956.0200133757212,1.7487385317440602
195.62751396867432,1956.2751396867432,1.7394936217552037
195.6528916170912,1956.528916170912,1.7302902777639777
195.67813489087797,1956.7813489087798,1.7211283919875453
195.70324439649997,1957.0324439649996,1.7120078560273932
195.72822073882386,1957.2822073882387,1.7029285608815852
195.7530645211089,1957.530645211089,1.6938903969568906
195.77777634499853,1957.7777634499853,1.684893254080873
195.80235681051195,1958.0235681051195,1.6759370215138252
195.8268065160361,1958.268065160361,1.6670215879606674
195.85112605831753,1958.5112605831753,1.6581468415827456
195.87531603245475,1958.7531603245475,1.64931267000954
195.8993770318905,1958.993770318905,1.640518960350264
195.92330964840437,1959.2330964840437,1.6317655992053965
195.9471144721054,1959.4711447210539,1.623052472678126
195.97079209142504,1959.7079209142503,1.6143794663856874
195.99434309311016,1959.9434309311016,1.6057464654706366
196.01776806221625,1960.1776806221624,1.5971533546119905
196.0410675821008,1960.410675821008,1.588600018036328
196.06424223441675,1960.6424223441675,1.5800863395287643
196.08729259910635,1960.8729259910635,1.571612202443863
196.11021925439476,1961.1021925439477,1.5631774897164132
196.1330227767843,1961.3302277678429,1.5547820838721909
196.15570374104837,1961.5570374104836,1.5464258670385402
196.178262720226,1961.78262720226,1.538108720954947
196.2007002856161,1962.007002856161,1.5298305269834551
196.22301700677224,1962.2301700677224,1.5215911661190522
196.24521345149725,1962.4521345149724,1.5133905189999148
196.26729018583833,1962.6729018583833,1.5052284659176043
196.28924777408196,1962.8924777408197,1.4971048868271208
196.31108677874917,1963.1108677874918,1.4890196613569437
196.33280776059092,1963.3280776059091,1.4809726688189042
196.35441127858357,1963.5441127858358,1.472963788218014
196.37589788992452,1963.7589788992452,1.4649928982621945
196.39726815002797,1963.9726815002796,1.4570598773719063
196.41852261252092,1964.1852261252093,1.4491646036897206
196.43966182923913,1964.3966182923914,1.4413069550897561
196.46068635022343,1964.6068635022343,1.4334868091870683
196.481596723716,1964.8159672371598,1.4257040433469066
196.5023934961568,1965.023934961568,1.4179585346939203
196.52307721218025,1965.2307721218026,1.4102501601212851
196.54364841461194,1965.4364841461193,1.4025787962996845
196.56410764446548,1965.6410764446548,1.3949443196862608
196.58445544093954,1965.8445544093954,1.3873466065334399
196.60469234141488,1966.0469234141488,1.379785532897698
196.62481888145174,1966.2481888145176,1.3722609746482317
196.64483559478714,1966.4483559478713,1.3647728074755094
196.66474301333236,1966.6474301333235,1.3573209068997927
196.68454166717063,1966.8454166717063,1.3499051482795257
196.70423208455483,1967.0423208455484,1.342525406819647
196.7238147919054,1967.238147919054,1.3351815575798551
196.74329031380827,1967.4329031380828,1.3278734754827082
196.76265917301302,1967.6265917301303,1.3206010353217228
196.7819218904311,1967.8192189043111,1.3133641117693426
196.80107898513418,1968.0107898513418,1.3061625793848024
196.8201309743525,1968.2013097435251,1.298996312621965
196.83907837347363,1968.3907837347363,1.2918651858370436
196.85792169604093,1968.5792169604092,1.2847690732962112
196.87666145375255,1968.7666145375256,1.2777078491831895
196.89529815646017,1968.9529815646017,1.2706813876066918
196.91383231216807,1969.1383231216807,1.2636895626078268
196.93226442703227,1969.3226442703226,1.2567322481674172
196.9505950053597,1969.505950053597,1.2498093182131886
196.96882454960758,1969.6882454960758,1.2429206466269407
196.9869535603828,1969.869535603828,1.2360661072515975
197.0049825364415,1970.049825364415,1.2292455738981798
197.02291197468864,1970.2291197468865,1.222458920352715
197.04074237017778,1970.4074237017778,1.2157060203830565
197.05847421611094,1970.5847421611093,1.2089867477456164
197.07610800383844,1970.7610800383845,1.2023009761920123
197.09364422285904,1970.9364422285903,1.195648579475677
197.11108336081995,1971.1108336081995,1.1890294313583234
197.1284259035171,1971.284259035171,1.1824434056163988
197.14567233489547,1971.4567233489547,1.1758903760474184
197.16282313704946,1971.6282313704946,1.1693702164762247
197.17987879022337,1971.7987879022337,1.1628828007611838
197.19683977281204,1971.9683977281204,1.1564280028003062
197.21370656136145,1972.1370656136146,1.1500056965372676
197.2304796305695,1972.3047963056952,1.1436157559673839
197.24715945328688,1972.471594532869,1.1372580551434983
197.26374650051795,1972.6374650051796,1.1309324681817903
197.28024124142183,1972.8024124142185,1.1246388692675144
197.29664414331342,1972.9664414331342,1.1183771326606444
197.3129556716646,1973.1295567166462,1.1121471327014931
197.32917629010555,1973.2917629010556,1.1059487438162017
197.34530646042595,1973.4530646042595,1.099781840522207
197.3613466425765,1973.6134664257652,1.0936462974336068
197.37729729467048,1973.7729729467048,1.0875419892664557
197.39315887298517,1973.9315887298517,1.081468790843973
197.40893183196354,1974.0893183196354,1.0754265771017413
197.42461662421607,1974.2461662421606,1.0694152230927831
197.44021370052243,1974.4021370052244,1.0634346039925462
197.45572350983343,1974.5572350983343,1.0574845951038925
197.47114649927292,1974.7114649927291,1.0515650718619534
197.48648311413976,1974.8648311413976,1.0456759098389399
197.50173379790996,1975.0173379790997,1.0398169847489211
197.51689899223888,1975.1689899223888,1.0339881724524607
197.5319791369633,1975.3197913696329,1.0281893489612224
197.5469746701038,1975.4697467010378,1.022420390442552
197.5618860278671,1975.618860278671,1.016681173223914
197.57671364464852,1975.7671364464852,1.0109715737973297
197.5914579530343,1975.914579530343,1.005291468823693
197.60611938380436,1976.0611938380434,0.999640735137087
197.62069836593466,1976.2069836593466,0.9940192497489647
197.63519532660004,1976.3519532660005,0.9884268898523366
197.64961069117695,1976.4961069117694,0.982863532825846
197.66394488324607,1976.6394488324609,0.977329056237766
197.67819832459531,1976.7819832459531,0.9718233378500226
197.69237143522264,1976.9237143522264,0.9663462556220604
197.70646463333904,1977.0646463333903,0.9608976877146865
197.72047833537152,1977.2047833537154,0.9554775124938558
197.7344129559662,1977.3441295596622,0.9500856085344033
197.74826890799142,1977.482689079914,0.9447218546236943
197.76204660254083,1977.6204660254084,0.9393861297652165
197.7757464489368,1977.757464489368,0.9340783131821574
197.78936885473342,1977.8936885473342,0.9287982843208468
197.80291422572014,1978.0291422572013,0.9235459228542208
197.8163829659249,1978.1638296592491,0.9183211086851667
197.82977547761763,1978.2977547761764,0.9131237219498395
197.84309216131373,1978.4309216131373,0.9079536430209373
197.85633341577758,1978.563334157776,0.9028107525108794
197.86949963802613,1978.6949963802613,0.8976949312749735
197.8825912233324,1978.825912233324,0.8926060604144673
197.8956085652293,1978.956085652293,0.8875440212796434
197.9085520555132,1979.085520555132,0.882508695472746
197.9214220842477,1979.214220842477,0.8774999648509304
197.93421903976738,1979.342190397674,0.8725177115291579
197.94694330868174,1979.4694330868174,0.8675618178829833
197.9595952758789,1979.595952758789,0.862632166551354
197.97217532452964,1979.7217532452964,0.8577286404393071
197.98468383609125,1979.8468383609124,0.8528511227206671
197.99712119031156,1979.9712119031155,0.8479994968406256
198.00948776523296,1980.0948776523296,0.8431736465183398
198.0217839371964,1980.2178393719641,0.838373455749425
198.03401008084555,1980.3401008084554,0.8335988088084537
198.0461665691309,1980.461665691309,0.8288495902513485
198.05825377331388,1980.582537733139,0.8241256849177535
198.07027206297113,1980.7027206297112,0.8194269779333755
198.0822218059987,1980.8222180599869,0.8147533547122595
198.09410336861626,1980.9410336861627,0.8101047009589845
198.10591711537145,1981.0591711537145,0.8054809026708923
198.11766340914423,1981.1766340914423,0.8008818461401951
198.12934261115117,1981.2934261115117,0.7963074179560706
198.14095508094985,1981.4095508094986,0.7917575050066986
198.1525011764433,1981.5250117644332,0.7872319944812961
198.16398125388446,1981.6398125388446,0.782730773872036
198.17539566788057,1981.7539566788057,0.7782537309759799
198.18674477139774,1981.8674477139775,0.7738007538969413
198.1980289157655,1981.9802891576549,0.7693717310473204
198.20924845068123,1982.0924845068123,0.7649665511498739
198.22040372421492,1982.2040372421493,0.7605851032394731
198.23149508281358,1982.3149508281358,0.7562272766647812
198.242522871306,1982.4252287130598,0.7518929610899491
198.25348743290735,1982.5348743290735,0.7475820464962094
198.26438910922386,1982.6438910922386,0.743294423183443
198.27522824025752,1982.7522824025752,0.7390299817717562
198.2860051644108,1982.860051644108,0.7347886132029394
198.29672021849134,1982.9672021849135,0.7305702087419558
198.30737373771686,1983.0737373771685,0.7263746599783601
198.31796605571972,1983.1796605571972,0.7222018588276476
198.32849750455193,1983.2849750455193,0.7180516975326569
198.33896841468982,1983.3896841468982,0.7139240686648239
198.34937911503894,1983.4937911503894,0.7098188651254954
198.35972993293896,1983.5972993293897,0.7057359801471378
198.37002119416846,1983.7002119416845,0.7016753072945366
198.38025322294985,1983.8025322294984,0.6976367404659726
198.3904263419543,1983.904263419543,0.6936201738943492
198.40054087230666,1984.0054087230667,0.6896255021482641
198.41059713359036,1984.1059713359036,0.6856526201331071
198.42059544385242,1984.2059544385243,0.6817014230920385
198.43053611960838,1984.3053611960838,0.6777718066070001
198.4404194758473,1984.404194758473,0.673863666599685
198.45024582603673,1984.5024582603673,0.6699768993324348
198.46001548212777,1984.6001548212778,0.6661114014091737
198.46972875456007,1984.6972875456006,0.6622670697762046
198.4793859522668,1984.7938595226678,0.6584438017230866
198.4889873826798,1984.889873826798,0.654641494883425
198.49853335173458,1984.9853335173457,0.6508600472356164
198.5080241638754,1985.0802416387542,0.6470993571035958
198.51746012206036,1985.1746012206036,0.6433593231575386
198.52684152776644,1985.2684152776644,0.6396398444145358
198.53616868099465,1985.3616868099466,0.6359408202392348
198.5454418802751,1985.454418802751,0.6322621503444615
198.55466142267215,1985.5466142267214,0.6286037347918118
198.56382760378955,1985.6382760378956,0.6249654739921787
198.57294071777548,1985.7294071777549,0.6213472687063127
198.58200105732777,1985.8200105732776,0.617749020045315
198.59100891369903,1985.9100891369903,0.6141706294711152
198.59996457670178,1985.9996457670177,0.6106119987969109
198.60886833471363,1986.0886833471363,0.6070730301875894
198.61772047468244,1986.1772047468244,0.6035536261601265
198.62652128213148,1986.265212821315,0.6000536895839573
198.63527104116457,1986.3527104116456,0.5965731236813067
198.64397003447138,1986.4397003447139,0.5931118320275303
198.65261854333247,1986.5261854333246,0.5896697185513634
198.66121684762453,1986.6121684762452,0.5862466875352353
198.66976522582564,1986.6976522582563,0.5828426436154895
198.67826395502038,1986.7826395502038,0.5794574917825933
198.68671331090502,1986.8671331090502,0.5760911373813385
198.69511356779276,1986.9511356779276,0.5727434861110389
198.70346499861895,1987.0346499861896,0.5694144440256487
198.71176787494625,1987.1176787494624,0.5661039175338874
198.72002246696982,1987.2002246696982,0.5628118133993606
198.72822904352262,1987.282290435226,0.5595380387406305
198.73638787208048,1987.363878720805,0.5562825010312696
198.74449921876746,1987.4449921876746,0.5530451080999125
198.7525633483609,1987.525633483609,0.5498257681302533
198.76058052429673,1987.6058052429673,0.5466243896610642
198.76855100867468,1987.6855100867467,0.5434408815861488
198.77647506226344,1987.7647506226344,0.5402751531543032
198.78435294450588,1987.8435294450587,0.5371271139692432
198.7921849135243,1987.921849135243,0.5339966739895384
198.7999712261255,1987.9997122612551,0.5308837435284687
198.80771213780616,1988.0771213780617,0.5277882332539526
198.81540790275793,1988.1540790275792,0.5247100541883597
198.82305877387262,1988.2305877387262,0.5216491177083536
198.83066500274745,1988.3066500274745,0.5186053355447257
198.8382268396902,1988.382268396902,0.51557861978219
198.84574453372443,1988.4574453372443,0.5125688828591656
198.85321833259462,1988.5321833259463,0.5095760375675379
198.86064848277138,1988.6064848277138,0.5065999970524014
198.86803522945664,1988.6803522945663,0.5036406748118182
198.87537881658878,1988.7537881658877,0.5006979846964906
198.88267948684785,1988.8267948684784,0.4977718409094901
198.88993748166067,1988.8993748166067,0.49486215800592104
198.89715304120605,1988.9715304120605,0.4919688508926082
198.90432640441992,1989.043264044199,0.4890918348277079
198.91145780900044,1989.1145780900044,0.48623102542037555
198.91854749141322,1989.185474914132,0.4833863386303733
198.9255956868964,1989.255956868964,0.4805576907676631
198.93260262946578,1989.3260262946578,0.4777449984920018
198.93956855191996,1989.3956855191996,0.4749481788125255
198.94649368584547,1989.4649368584546,0.4721671490872893
198.95337826162185,1989.5337826162186,0.4694018270228305
198.9602225084268,1989.602225084268,0.4666521306736854
198.9670266542412,1989.670266542412,0.4639179784419113
198.9737909258543,1989.737909258543,0.4611992890765947
198.9805155488687,1989.805155488687,0.45849598167334304
198.98720074770551,1989.8720074770551,0.45580797567375375
198.99384674560937,1989.9384674560938,0.4531351908648865
199.0004537646535,1990.004537646535,0.45047754737871093
199.00702202574482,1990.0702202574482,0.4478349656915558
199.01355174862888,1990.1355174862888,0.44520736662353
199.020043151895,1990.2004315189502,0.44259467133792574
199.02649645298123,1990.2649645298125,0.4399968013406571
199.03291186817938,1990.3291186817937,0.43741367847962775
199.03928961264006,1990.3928961264005,0.4348452249441127
199.04562990037763,1990.4562990037764,0.43229136326413486
199.05193294427525,1990.5193294427525,0.4297520163098255
199.05819895608974,1990.5819895608975,0.4272271072907564
199.0644281464567,1990.644281464567,0.42471655975532696
199.07062072489535,1990.7062072489534,0.4222202975900323
199.07677689981355,1990.7677689981356,0.4197382450188133
199.08289687851274,1990.8289687851275,0.41727032660236707
199.08898086719276,1990.8898086719275,0.4148164672374207
199.09502907095694,1990.9502907095693,0.41237659215607214
199.10104169381685,1991.0104169381684,0.4099506269249943
199.10701893869734,1991.0701893869734,0.40753849744477966
199.11296100744127,1991.1296100744128,0.4051401299491445
199.11886810081452,1991.1886810081453,0.4027554510042236
199.12474041851078,1991.2474041851078,0.4003843875077887
199.13057815915644,1991.3057815915645,0.39802686668849885
199.1363815203154,1991.363815203154,0.3956828161051099
199.14215069849396,1991.4215069849397,0.393352163645709
199.14788588914553,1991.4788588914553,0.3910348375269205
199.15358728667553,1991.5358728667552,0.3887307662931153
199.15925508444616,1991.5925508444616,0.3864398788155977
199.16488947478118,1991.6488947478117,0.38416210429180386
199.17049064897068,1991.704906489707,0.3818973722444706
199.17605879727586,1991.7605879727585,0.3796456125208131
199.1815941089337,1991.815941089337,0.37740675529169854
199.1870967721618,1991.870967721618,0.3751807310508152
199.19256697416304,1991.9256697416304,0.37296747061379276
199.19800490113033,1991.9800490113034,0.3707669051173802
199.20341073825125,1992.0341073825125,0.36857896601856976
199.20878466971274,1992.0878466971274,0.36640358509374094
199.21412687870586,1992.1412687870586,0.3642406944378024
199.21943754743032,1992.1943754743031,0.36209022646326827
199.22471685709925,1992.2471685709925,0.3599521138994305
199.22996498794373,1992.2996498794373,0.3578262897914207
199.23518211921748,1992.3518211921748,0.3557126874993596
199.24036842920142,1992.4036842920143,0.3536112406974222
199.24552409520828,1992.455240952083,0.3515218833729591
199.2506492935872,1992.506492935872,0.3494445498255686
199.25574419972827,1992.5574419972827,0.34737917466618595
199.26080898806708,1992.6080898806708,0.3453256928161682
199.2658438320893,1992.658438320893,0.3432840395063653
199.27084890433517,1992.7084890433516,0.3412541502761929
199.27582437640396,1992.7582437640397,0.3392359609726906
199.2807704189586,1992.807704189586,0.3372294077496182
199.28568720173007,1992.8568720173007,0.3352344270664517
199.29057489352186,1992.9057489352185,0.3332509556875024
199.2954336622145,1992.9543366221449,0.3312789306809222
199.3002636747699,1993.002636747699,0.3293182894177743
199.3050650972359,1993.050650972359,0.3273689695710619
199.30983809475063,1993.0983809475063,0.3254309091147668
199.31458283154683,1993.1458283154684,0.3235040463228994
199.31929947095637,1993.1929947095637,0.321588319768518
199.32398817541457,1993.2398817541457,0.3196836683227623
199.3286491064645,1993.286491064645,0.3177900311538572
199.3332824247614,1993.3328242476139,0.31590734772619056
199.33788829007696,1993.3788829007697,0.31403555779927605
199.3424668613037,1993.424668613037,0.31217460142680087
199.3470182964592,1993.470182964592,0.3103244189556221
199.3515427526904,1993.515427526904,0.308484951024797
199.35604038627787,1993.5604038627787,0.3066561385645755
199.36051135264015,1993.6051135264015,0.30483792279542
199.3649558063378,1993.649558063378,0.30303024522699074
199.36937390107786,1993.6937390107787,0.3012330476571886
199.3737657897179,1993.7376578971791,0.29944627217109987
199.37813162427028,1993.7813162427028,0.2976698611400298
199.3824715559063,1993.824715559063,0.2959037572204938
199.38678573496043,1993.8678573496043,0.2941479033532012
199.39107431093436,1993.9107431093435,0.29240224276206417
199.39533743250124,1993.9533743250124,0.2906667189531763
199.39957524750974,1993.9957524750976,0.2889412757138089
199.40378790298823,1994.0378790298823,0.2872258571113949
199.4079755451488,1994.079755451488,0.2855204074925094
199.41213831939135,1994.1213831939135,0.2838248714818604
199.4162763703077,1994.1627637030772,0.2821391939812713
199.42038984168562,1994.2038984168562,0.28046332016867337
199.4244788765128,1994.244788765128,0.2787971954970828
199.42854361698102,1994.28543616981,0.27714076569356505
199.43258420448993,1994.3258420448992,0.2754939767582275
199.4366007796513,1994.3660077965128,0.2738567749632249
199.44059348229274,1994.4059348229275,0.2722291068516757
199.4445624514619,1994.445624514619,0.2706109192367062
199.44850782543026,1994.4850782543026,0.2690021592003745
199.45242974169705,1994.5242974169705,0.2674027740926789
199.45632833699324,1994.5632833699324,0.26581271153052766
199.46020374728545,1994.6020374728546,0.26423191939671253
199.46405610777975,1994.6405610777974,0.2626603458388711
199.46788555292562,1994.6788555292562,0.261097939268485
199.4716922164197,1994.716922164197,0.2595446483598355
199.47547623120977,1994.7547623120977,0.25800042204899787
199.47923772949844,1994.7923772949844,0.25646520953279894
199.482976842747,1994.82976842747,0.25493896026778484
199.4866937016793,1994.866937016793,0.2534216239692352
199.49038843628534,1994.9038843628534,0.251913150610099
199.4940611758253,1994.940611758253,0.25041349041998584
199.49771204883302,1994.9771204883302,0.24892259388413362
199.50134118311993,1995.0134118311994,0.24744041174239617
199.50494870577865,1995.0494870577863,0.24596689498820756
199.50853474318677,1995.0853474318678,0.24450199486758206
199.5120994210105,1995.120994210105,0.2430456628780412
199.51564286420836,1995.1564286420835,0.2415978507676545
199.5191651970348,1995.191651970348,0.24015851053397197
199.52266654304393,1995.2266654304392,0.23872759442303637
199.52614702509305,1995.2614702509304,0.23730505492831744
199.52960676534633,1995.2960676534633,0.2358908447897473
199.5330458852784,1995.330458852784,0.23448491699267604
199.53646450567788,1995.364645056779,0.23308722476683774
199.53986274665107,1995.3986274665108,0.23169772158536828
199.54324072762535,1995.4324072762533,0.2303163611637572
199.54659856735285,1995.4659856735284,0.22894309745886365
199.54993638391392,1995.4993638391393,0.22757788466787543
199.5532542947206,1995.532542947206,0.22622067722730532
199.55655241652022,1995.565524165202,0.22487142981200525
199.5598308653988,1995.598308653988,0.22353009733411466
199.5630897567845,1995.630897567845,0.22219663494207464
199.56632920545115,1995.6632920545117,0.2208709980196225
199.56954932552165,1995.6954932552164,0.2195531421847864
199.5727502304713,1995.7275023047132,0.21824302328886025
199.57593203313144,1995.7593203313145,0.2169405974154358
199.57909484569254,1995.7909484569254,0.21564582087936157
199.5822387797078,1995.8223877970781,0.21435865022577472
199.58536394609646,1995.8536394609646,0.21307904222909568
199.5884704551471,1995.884704551471,0.21180695389201565
199.59155841652102,1995.9155841652102,0.21054234244451242
199.59462793925556,1995.9462793925557,0.20928516534285924
199.59767913176734,1995.9767913176734,0.20803538026862112
199.60071210185563,1996.0071210185563,0.20679294512769386
199.60372695670563,1996.0372695670562,0.20555781804927198
199.6067238028916,1996.0672380289159,0.204329957384893
199.6097027463803,1996.097027463803,0.20310932170746587
199.61266389253404,1996.1266389253406,0.2018958698102299
199.61560734611405,1996.1560734611405,0.20068956070584532
199.61853321128356,1996.1853321128356,0.1994903536253666
199.6214415916111,1996.214415916111,0.19829820801727605
199.62433259007355,1996.2433259007355,0.1971130835465157
199.62720630905943,1996.2720630905942,0.19593494009352097
199.63006285037193,1996.3006285037193,0.19476373775322064
199.63290231523214,1996.3290231523215,0.1935994368341113
199.63572480428212,1996.357248042821,0.19244199785724836
199.638530417588,1996.3853041758798,0.1912913815553029
199.641319254643,1996.41319254643,0.1901475488716059
199.64409141437076,1996.4409141437077,0.18901046095918372
199.64684699512807,1996.4684699512807,0.18788007917977045
199.64958609470813,1996.4958609470814,0.18675636510290372
199.6523088103435,1996.523088103435,0.18563928050493705
199.65501523870918,1996.5501523870919,0.18452878736810374
199.65770547592558,1996.5770547592558,0.1834248478795487
199.6603796175615,1996.603796175615,0.1823274244303995
199.66303775863705,1996.6303775863705,0.18123647961482658
199.6656799936268,1996.656799936268,0.18015197622910184
199.66830641646257,1996.6830641646256,0.17907387727062518
199.6709171205364,1996.7091712053639,0.17800214593704344
199.67351219870346,1996.7351219870347,0.1769367456252645
199.67609174328504,1996.7609174328504,0.17587763993056027
199.67865584607134,1996.7865584607134,0.17482479264562867
199.68120459832443,1996.8120459832444,0.17377816775966648
199.68373809078105,1996.8373809078105,0.17273772945742605
199.68625641365557,1996.8625641365556,0.17170344211834132
199.6887596566427,1996.887596566427,0.1706752703155402
199.69124790892042,1996.9124790892042,0.16965317881500253
199.69372125915274,1996.9372125915274,0.16863713257459378
199.69617979549255,1996.9617979549255,0.16762709674316978
199.69862360558434,1996.9862360558434,0.16662303665966538
199.701052776567,1997.0105277656698,0.16562491785221167
199.70346739507664,1997.0346739507663,0.16463270603721225
199.70586754724926,1997.0586754724925,0.16364636711841773
199.7082533187235,1997.0825331872352,0.16266586718609266
199.71062479464345,1997.1062479464345,0.16169117251606158
199.71298205966121,1997.1298205966123,0.1607222495688333
199.71532519793968,1997.1532519793968,0.15975906498872872
199.71765429315525,1997.1765429315524,0.15880158560299085
199.7199694285004,1997.1996942850042,0.15784977842087
199.72227068668647,1997.2227068668647,0.15690361063278713
199.72455814994618,1997.2455814994619,0.15596304960941187
199.72683190003633,1997.2683190003634,0.15502806290082594
199.7290920182404,1997.290920182404,0.15409861823562243
199.7313385853712,1997.313385853712,0.1531746835200568
199.73357168177336,1997.3357168177336,0.152256226837164
199.735791387326,1997.35791387326,0.1513432164458951
199.7379977814453,1997.379977814453,0.15043562078027362
199.740190943087,1997.4019094308699,0.14953340844851792
199.74237095074895,1997.4237095074895,0.1486365482321904
199.7445378824737,1997.445378824737,0.14774500908534305
199.74669181585097,1997.4669181585095,0.14685876013367893
199.7488328280201,1997.4883282802011,0.14597777067369966
199.7509609956727,1997.509609956727,0.14510201017185265
199.75307639505496,1997.5307639505495,0.14423144826370693
199.7551791019702,1997.5517910197023,0.14336605475308273
199.75726919178138,1997.5726919178137,0.14250579961126808
199.7593467394134,1997.5934673941338,0.14165065297613955
199.76141181935563,1997.6141181935564,0.1408005851513504
199.76346450566436,1997.6346450566436,0.13995556660551356
199.76550487196513,1997.6550487196514,0.13911556797136304
199.76753299145514,1997.6753299145514,0.1382805600449334
199.76954893690566,1997.6954893690568,0.13745051378476558
199.7715527806644,1997.7155278066439,0.1366254003110562
199.77354459465784,1997.7354459465782,0.13580519090488286
199.77552445039362,1997.7552445039362,0.134989857007357
199.7774924189628,1997.7749241896279,0.13417937021884752
199.77944857104228,1997.7944857104228,0.13337370229819212
199.78139297689708,1997.8139297689709,0.13257282516184643
199.78332570638258,1997.8332570638258,0.1317767108831166
199.7852468289469,1997.852468289469,0.1309853316913866
199.78715641363308,1997.8715641363308,0.13019865997128865
199.78905452908148,1997.8905452908148,0.1294166682619412
199.79094124353188,1997.9094124353187,0.12863932925614774
199.79281662482583,1997.9281662482583,0.1278666157996401
199.79468074040884,1997.9468074040883,0.1270985008902613
199.7965336573326,1997.9653365733259,0.12633495767723557
199.7983754422572,1997.983754422572,0.1255759594603617
199.80020616145336,1998.0020616145337,0.12482147968924584
199.80202588080454,1998.0202588080454,0.12407149196254996
199.80383466580912,1998.038346658091,0.12332597002722456
199.8056325815827,1998.056325815827,0.1225848877777519
199.80741969286007,1998.0741969286007,0.1218482192553555
199.80919606399743,1998.0919606399743,0.1211159386472932
199.81096175897457,1998.1096175897458,0.12038802028608442
199.8127168413969,1998.127168413969,0.11966443864875342
199.81446137449763,1998.1446137449761,0.11894516835609215
199.8161954211398,1998.161954211398,0.11823018417192654
199.8179190438185,1998.179190438185,0.11751946100234922
199.81963230466272,1998.1963230466272,0.11681297389500533
199.82133526543763,1998.2133526543762,0.11611069803837493
199.82302798754654,1998.2302798754654,0.11541260876100201
199.82471053203295,1998.2471053203294,0.11471868153078757
199.8263829595826,1998.2638295958259,0.11402889195426658
199.8280453305254,1998.280453305254,0.11334321577589745
199.82969770483766,1998.2969770483764,0.11266162887731956
199.83134014214386,1998.3134014214386,0.11198410727665686
199.83297270171875,1998.3297270171875,0.11131062712777717
199.83459544248933,1998.3459544248933,0.11064116471962959
199.83620842303682,1998.3620842303683,0.1099756964754931
199.83781170159858,1998.378117015986,0.10931419895229266
199.83940533607012,1998.394053360701,0.10865664883990467
199.84098938400697,1998.4098938400698,0.10800302296044284
199.84256390262667,1998.4256390262667,0.10735329826756723
199.84412894881066,1998.4412894881066,0.10670745184582164
199.84568457910618,1998.4568457910618,0.10606546090988755
199.84723084972822,1998.4723084972823,0.10542730280396773
199.84876781656132,1998.4876781656133,0.10479295500102592
199.85029553516156,1998.5029553516156,0.10416239510218828
199.85181406075836,1998.5181406075835,0.10353560083599189
199.85332344825628,1998.5332344825629,0.10291255005775601
199.85482375223702,1998.5482375223703,0.10229322074892122
199.85631502696117,1998.5631502696117,0.10167759101633
199.85779732637005,1998.5779732637004,0.10106563909160327
199.85927070408746,1998.5927070408748,0.10045734333045464
199.86073521342166,1998.6073521342166,0.09985268221207055
199.86219090736702,1998.6219090736702,0.0992516343383979
199.86363783860585,1998.6363783860586,0.09865417843352942
199.86507605951022,1998.6507605951022,0.09806029334304289
199.8665056221437,1998.665056221437,0.09746995803335279
199.86792657826314,1998.6792657826313,0.09688315159105299
199.8693389793204,1998.693389793204,0.09629985322230572
199.87074287646408,1998.7074287646408,0.09572004225216302
199.87213832054135,1998.7213832054135,0.09514369812397161
199.87352536209957,1998.7352536209958,0.09457080039869259
199.874904051388,1998.7490405138801,0.09400132875431699
199.87627443835962,1998.762744383596,0.09343526298522453
199.8776365726727,1998.7763657267271,0.09287258300153167
199.87899050369265,1998.7899050369265,0.0923132688285001
199.88033628049345,1998.8033628049345,0.09175730060589549
199.88167395185957,1998.8167395185956,0.09120465858741011
199.88300356628747,1998.8300356628747,0.0906553231399968
199.88432517198734,1998.8432517198735,0.09010927474330577
199.88563881688472,1998.8563881688472,0.08956649398903982
199.88694454862213,1998.8694454862211,0.08902696158036993
199.88824241456066,1998.8824241456066,0.08849065833132241
199.8895324617817,1998.895324617817,0.08795756516618913
199.89081473708836,1998.9081473708836,0.08742766311891648
199.89208928700728,1998.9208928700727,0.086900933332544
199.89335615779004,1998.9335615779005,0.08637735705856853
199.8946153954149,1998.946153954149,0.08585691565639875
199.89586704558823,1998.9586704558824,0.08533959059272289
199.8971111537462,1998.971111537462,0.08482536344096514
199.89834776505626,1998.9834776505627,0.08431421588069588
199.89957692441868,1998.9957692441867,0.08380612969704371
199.90079867646816,1999.0079867646816,0.08330108678012882
199.9020130655753,1999.0201306557528,0.0827990691244892
199.9032201358481,1999.032201358481,0.08230005882850688
199.90441993113362,1999.0441993113361,0.08180403809386616
199.90561249501928,1999.056124950193,0.08131098922494073
199.90679787083454,1999.0679787083454,0.08082089462828213
199.90797610165225,1999.0797610165225,0.08033373681202993
199.90914723029022,1999.0914723029023,0.07984949838537359
199.91031129931267,1999.1031129931266,0.07936816205799813
199.91146835103171,1999.1146835103173,0.07888971063951222
199.91261842750876,1999.1261842750876,0.07841412703891704
199.913761570556,1999.1376157055602,0.07794139426407154
199.9148978217379,1999.148978217379,0.07747149542113829
199.91602722237252,1999.1602722237253,0.07700441371402922
199.91714981353303,1999.1714981353302,0.07654013244388691
199.9182656360491,1999.1826563604911,0.0760786350085606
199.91937473050834,1999.1937473050834,0.07561990490203419
199.92047713725762,1999.2047713725763,0.07516392571394126
199.92157289640454,1999.2157289640454,0.07471068112900558
199.9226620478188,1999.226620478188,0.07426015492654015
199.92374463113356,1999.2374463113356,0.07381233097991247
199.92482068574688,1999.2482068574689,0.07336719325601881
199.925890250823,1999.2589025082298,0.07292472581477438
199.92695336529368,1999.2695336529368,0.0724849128086088
199.92801006785967,1999.2801006785967,0.07204773848194035
199.92906039699196,1999.2906039699196,0.07161318717068565
199.93010439093308,1999.301043909331,0.07118124330171971
199.93114208769856,1999.3114208769857,0.07075189139241223
199.93217352507813,1999.3217352507813,0.07032511605009295
199.93319874063707,1999.3319874063707,0.06990090197156318
199.93421777171753,1999.3421777171752,0.06947923394261257
199.93523065543982,1999.3523065543982,0.06906009683750225
199.9362374287037,1999.3623742870368,0.06864347561848694
199.9372381281896,1999.372381281896,0.06822935533532826
199.93823279036002,1999.3823279036,0.067817721124808
199.93922145146072,1999.3922145146073,0.06740855821022362
199.940204147522,1999.40204147522,0.06700185190093355
199.94118091435993,1999.4118091435994,0.0665975875918633
199.94215178757764,1999.4215178757763,0.0661957507630152
199.94311680256655,1999.4311680256656,0.06579632697903326
199.94407599450756,1999.4407599450756,0.06539930188868437
199.94502939837233,1999.4502939837232,0.06500466122442672
199.9459770489245,1999.459770489245,0.06461239080191772
199.94691898072088,1999.4691898072087,0.0642224765195486
199.94785522811262,1999.4785522811262,0.06383490435800387
199.94878582524652,1999.4878582524652,0.06344966037979238
199.9497108060661,1999.497108060661,0.06306673072875524
199.95063020431286,1999.5063020431285,0.06268610162966792
199.95154405352747,1999.5154405352746,0.06230775938774291
199.9524523870509,1999.524523870509,0.06193169038818913
199.95335523802555,1999.5335523802555,0.061557881095767875
199.95425263939657,1999.5425263939658,0.06118631805436292
199.95514462391282,1999.5514462391282,0.060816987886483154
199.9560312241281,1999.560312241281,0.06044987729288598
199.95691247240237,1999.5691247240236,0.06008497305209948
199.95778840090273,1999.5778840090272,0.05972226201998898
199.95865904160468,1999.5865904160469,0.05936173112931831
199.95952442629317,1999.5952442629318,0.059003367389334094
199.96038458656372,1999.6038458656371,0.05864715788531105
199.96123955382356,1999.6123955382357,0.058293089778157614
199.96208935929272,1999.6208935929271,0.057941150303952305
199.96293403400512,1999.6293403400512,0.057591326773536955
199.96377360880962,1999.637736088096,0.05724360657209393
199.9646081143712,1999.646081143712,0.056897977158739343
199.96543758117198,1999.6543758117198,0.056554426066075414
199.9662620395123,1999.6626203951228,0.056212940899796116
199.9670815195117,1999.670815195117,0.05587350933826796
199.9678960511102,1999.6789605111019,0.05553611913212675
199.96870566406906,1999.6870566406906,0.05520075810386549
199.96951038797215,1999.6951038797215,0.054867414147416915
199.97031025222668,1999.7031025222668,0.05453607522774673
199.9711052860645,1999.711052860645,0.05420672938048765
199.9718955185429,1999.718955185429,0.05387936471147581
199.97268097854587,1999.7268097854587,0.05355396939642387
199.97346169478487,1999.7346169478487,0.05323053168045566
199.97423769580004,1999.7423769580005,0.05290903987777573
199.97500900996113,1999.7500900996113,0.05258948237123595
199.9757756654685,1999.757756654685,0.05227184761194825
199.9765376903541,1999.765376903541,0.05195612411890449
199.97729511248252,1999.7729511248253,0.051642300478605185
199.97804795955193,1999.7804795955194,0.05133036534463853
199.97879625909502,1999.7879625909502,0.05102030743733932
199.97954003848005,1999.7954003848006,0.05071211554339283
199.9802793249118,1999.8027932491182,0.05040577851544226
199.9810141454325,1999.810141454325,0.050101285271726304
199.9817445269228,1999.8174452692278,0.04979862479570796
199.9824704961027,1999.824704961027,0.04949778613570677
199.98319207953259,1999.831920795326,0.04919875840450805
199.98390930361407,1999.8390930361406,0.04890153077901471
199.98462219459094,1999.8462219459093,0.04860609249986181
199.98533077855012,1999.8533077855013,0.04831243287108433
199.9860350814226,1999.8603508142262,0.04802054125972821
199.98673512898435,1999.8673512898436,0.04773040709549148
199.9874309468572,1999.874309468572,0.047442019870381436
199.98812256050974,1999.8812256050974,0.04715536913833451
199.9888099952583,1999.888099952583,0.04687044451488942
199.9894932762678,1999.894932762678,0.04658723567682832
199.99017242855263,1999.9017242855261,0.04630573236179136
199.99084747697756,1999.9084747697757,0.04602592436799424
199.99151844625862,1999.9151844625862,0.045747801553800094
199.99218536096396,1999.9218536096396,0.04547135383745127
199.99284824551472,1999.9284824551473,0.045196571196678526
199.99350712418598,1999.9350712418598,0.0449234436683813
199.99416202110748,1999.941620211075,0.04465196134825644
199.99481296026462,1999.9481296026463,0.04438211439051931
199.9954599654992,1999.954599654992,0.04411389300750057
199.99610306051034,1999.9610306051034,0.043847287469365503
199.99674226885526,1999.9674226885527,0.043582288103755196
199.99737761395022,1999.9737761395022,0.04331888529546324
199.99800911907124,1999.9800911907123,0.04305706948609289
199.998636807355,1999.9863680735502,0.04279683117376043
199.99926070179967,1999.9926070179968,0.04253816091273632
199.99988082526562,1999.998808252656,0.04228104931314858
200.0004972004764,2000.0049720047639,0.04202548704065412
200.00110985001942,2000.0110985001943,0.041771464816103054
200.0017187963468,2000.0171879634681,0.04151897341522959
200.00232406177622,2000.0232406177622,0.0412680036683607
200.0029256684916,2000.029256684916,0.04101854646006087
200.00352363854398,2000.03523638544,0.04077059272884609
200.0041179938523,2000.041179938523,0.04052413346686767
200.00470875620417,2000.0470875620417,0.04027915971958895
200.0052959472566,2000.052959472566,0.04003566258549929
200.00587958853689,2000.058795885369,0.03979363321579077
200.00645970144325,2000.0645970144324,0.03955306281405624
200.0070363072457,2000.070363072457,0.03931394263599619
200.00760942708675,2000.0760942708675,0.03907626398910791
200.00817908198215,2000.0817908198214,0.038840018232385254
200.00874529282171,2000.087452928217,0.03860519677604157
200.00930808036998,2000.0930808036996,0.03837179108117039
200.00986746526698,2000.0986746526698,0.038139792659503846
200.01042346802902,2000.1042346802901,0.03790919307308227
200.01097610904938,2000.1097610904937,0.037679983933975314
200.01152540859906,2000.1152540859905,0.03745215690398174
200.01207138682744,2000.1207138682744,0.03722570369435407
200.0126140637631,2000.126140637631,0.037000616065517966
200.01315345931445,2000.1315345931446,0.03677688582677019
200.01368959327053,2000.1368959327053,0.03655450483600331
200.01422248530164,2000.1422248530164,0.03633346499942147
200.0147521549601,2000.147521549601,0.036113758271254404
200.01527862168086,2000.1527862168086,0.03589537665349629
200.01580190478234,2000.1580190478235,0.03567831219561979
200.016322023467,2000.16322023467,0.03546255699429535
200.01683899682212,2000.1683899682212,0.035248103193107005
200.01735284382036,2000.1735284382037,0.03503494298231258
200.01786358332058,2000.1786358332058,0.034823068598536344
200.0183712340684,2000.183712340684,0.034612472324532795
200.01887581469703,2000.1887581469703,0.03440314648888998
200.01937734372768,2000.1937734372768,0.034195083465771936
200.01987583957052,2000.1987583957052,0.03398827567467
200.02037132052513,2000.2037132052512,0.0337827155801097
200.02086380478121,2000.2086380478122,0.033578395691402085
200.0213533104193,2000.213533104193,0.033375308562412775
200.02183985541134,2000.2183985541135,0.03317344679124756
200.0223234576214,2000.223234576214,0.03297280302003214
200.02280413480622,2000.228041348062,0.03277336993462787
200.02328190461594,2000.2328190461594,0.03257514026443464
200.0237567845947,2000.237567845947,0.032378106782049776
200.02422879218122,2000.2422879218122,0.03218226230309218
200.02469794470954,2000.2469794470953,0.031987599685921686
200.02516425940954,2000.2516425940953,0.03179411183137615
200.0256277534076,2000.2562775340762,0.0316017916825565
200.02608844372725,2000.2608844372726,0.03141063222454077
200.0265463472897,2000.265463472897,0.031220626484174452
200.02700148091452,2000.2700148091453,0.031031767529804077
200.02745386132023,2000.2745386132024,0.030844048471044494
200.02790350512487,2000.2790350512487,0.030657462458539064
200.02835042884664,2000.2835042884662,0.030472002683707422
200.02879464890444,2000.2879464890443,0.030287662378530533
200.02923618161853,2000.2923618161853,0.030104434815293124
200.02967504321109,2000.296750432111,0.029922313306356307
200.0301112498068,2000.301112498068,0.029741291203912446
200.03054481743337,2000.3054481743336,0.029561361899756
200.03097576202222,2000.3097576202222,0.02938251882508458
200.03140409940897,2000.3140409940897,0.02920475545021295
200.03182984533407,2000.3182984533407,0.02902806528439361
200.03225301544333,2000.3225301544333,0.028852441875545032
200.03267362528848,2000.3267362528848,0.02867787881005801
200.03309169032775,2000.3309169032775,0.0285043697125541
200.03350722592643,2000.3350722592643,0.028331908245677773
200.0339202473574,2000.339202473574,0.028160488109849502
200.0343307698017,2000.343307698017,0.027990103043066816
200.0347388083491,2000.3473880834908,0.0278207468206787
200.0351443779986,2000.3514437799859,0.027652413255144004
200.03554749365895,2000.3554749365894,0.02748509619583961
200.03594817014934,2000.3594817014935,0.027318789528857912
200.03634642219973,2000.3634642219972,0.027153487176727942
200.03674226445148,2000.3674226445148,0.026989183098276803
200.0371357114579,2000.371357114579,0.026825871288377434
200.03752677768475,2000.3752677768475,0.026663545777738995
200.03791547751078,2000.3791547751077,0.026502200632695483
200.0383018252282,2000.383018252282,0.026341829954999674
200.0386858350432,2000.386858350432,0.0261824278816295
200.03906752107656,2000.3906752107655,0.02602398858456778
200.0394468973641,2000.3944689736409,0.02586650627058551
200.03982397785708,2000.3982397785708,0.0257099751810429
200.0401987764229,2000.401987764229,0.025554389591711746
200.04057130684546,2000.4057130684546,0.025399743812549835
200.04094158282575,2000.4094158282576,0.025246032187489553
200.04130961798225,2000.4130961798226,0.02509324909425492
200.04167542585148,2000.4167542585149,0.024941388944167975
200.0420390198885,2000.4203901988851,0.02479044618194093
200.04240041346736,2000.4240041346736,0.02464041528547367
200.04275961988162,2000.4275961988162,0.024491290765683238
200.04311665234482,2000.4311665234482,0.02434306716627288
200.04347152399095,2000.4347152399096,0.02419573906356154
200.04382424787488,2000.4382424787489,0.024049301066291995
200.04417483697296,2000.4417483697296,0.023903747815444354
200.04452330418337,2000.4452330418337,0.023759073984022883
200.04486966232662,2000.4486966232662,0.023615274276883702
200.04521392414603,2000.4521392414604,0.02347234343056248
200.04555610230815,2000.4555610230816,0.02333027621305772
200.04589620940334,2000.4589620940333,0.023189067423669107
200.04623425794605,2000.4623425794605,0.023048711892786122
200.04657026037543,2000.4657026037544,0.02290920448172995
200.04690422905566,2000.4690422905564,0.022770540082559854
200.04723617627647,2000.4723617627646,0.022632713617899092
200.04756611425358,2000.475661142536,0.022495720040743072
200.04789405512915,2000.4789405512915,0.022359554334287046
200.04822001097213,2000.4822001097214,0.02222421151174314
200.04854399377882,2000.4854399377882,0.022089686616178716
200.04886601547327,2000.4886601547328,0.021955974720322735
200.04918608790763,2000.4918608790763,0.021823070926388133
200.04950422286268,2000.4950422286267,0.021690970365917273
200.04982043204825,2000.4982043204825,0.021559668199600757
200.0501347271036,2000.501347271036,0.021429159617083804
200.05044711959786,2000.5044711959786,0.021299439836822365
200.05075762103044,2000.5075762103045,0.021170504105894827
200.05106624283144,2000.5106624283144,0.021042347699858133
200.05137299636215,2000.5137299636215,0.020914965922563034
200.0516778929153,2000.5167789291531,0.020788354105958695
200.05198094371568,2000.5198094371567,0.020662507609986114
200.0522821599203,2000.522821599203,0.02053742182235785
200.05258155261907,2000.5258155261909,0.020413092158435453
200.05287913283496,2000.5287913283496,0.02028951406102164
200.0531749115245,2000.531749115245,0.0201666830002466
200.05346889957826,2000.5346889957827,0.02004459447337792
200.05376110782112,2000.5376110782113,0.01992324400465184
200.05405154701268,2000.5405154701268,0.01980262714512937
200.0543402278477,2000.5434022784768,0.019682739472545285
200.05462716095647,2000.5462716095647,0.019563576591144716
200.05491235690525,2000.5491235690524,0.019445134131496622
200.0551958261965,2000.551958261965,0.019327407750369452
200.05547757926942,2000.5547757926943,0.019210393130589032
200.05575762650028,2000.5575762650028,0.019094085980834286
200.05603597820274,2000.5603597820275,0.018978482035530653
200.05631264462832,2000.5631264462831,0.018863577054677783
200.0565876359667,2000.565876359667,0.018749366823698543
200.05686096234615,2000.5686096234615,0.01863584715328448
200.05713263383382,2000.5713263383382,0.01852301387925548
200.05740266043617,2000.5740266043617,0.018410862862403454
200.05767105209932,2000.5767105209932,0.01829938998835734
200.0579378187094,2000.579378187094,0.018188591167410784
200.05820297009294,2000.5820297009293,0.01807846233441024
200.05846651601715,2000.5846651601714,0.017968999448570222
200.0587284661904,2000.5872846619038,0.0178601984933614
200.05898883026245,2000.5898883026246,0.01775205547634895
200.0592476178249,2000.592476178249,0.017644566429041553
200.05950483841144,2000.5950483841143,0.017537727406783055
200.05976050149832,2000.5976050149832,0.017431534488581923
200.0600146165046,2000.6001461650458,0.01732598377696737
200.06026719279245,2000.6026719279246,0.017221071397864995
200.0605182396677,2000.6051823966768,0.017116793500470684
200.06076776637988,2000.6076776637988,0.0170131462570694
200.06101578212287,2000.6101578212288,0.016910125862948155
200.06126229603498,2000.6126229603499,0.016807728536211264
200.06150731719944,2000.6150731719945,0.01670595051767909
200.06175085464463,2000.6175085464463,0.016604788070742393
200.0619929173445,2000.619929173445,0.01650423748123442
200.0622335142188,2000.6223351421881,0.016404295057276364
200.06247265413353,2000.6247265413353,0.01630495712917257
200.06271034590114,2000.6271034590113,0.01620622004925598
200.0629465982809,2000.6294659828088,0.01610808019176735
200.0631814199792,2000.631814199792,0.016010533952736217
200.06341481964998,2000.6341481964998,0.015913577749829932
200.06364680589488,2000.6364680589488,0.015817208022231077
200.06387738726363,2000.6387738726362,0.015721421230513122
200.0641065722544,2000.6410657225438,0.01562621385652141
200.06433436931403,2000.6433436931402,0.015531582403231048
200.0645607868384,2000.645607868384,0.015437523394619013
200.06478583317272,2000.647858331727,0.01534403337556467
200.0650095166118,2000.650095166118,0.015251108911697009
200.0652318454004,2000.652318454004,0.015158746589291616
200.06545282773354,2000.6545282773354,0.015066943015140999
200.0656724717567,2000.656724717567,0.014975694816407148
200.06589078556627,2000.6589078556626,0.014884998640554037
200.0661077772097,2000.661077772097,0.014794851155169986
200.06632345468591,2000.6632345468593,0.014705249047889501
200.06653782594552,2000.665378259455,0.014616189026254722
200.0667508988911,2000.6675089889109,0.01452766781758752
200.06696268137756,2000.6696268137757,0.014439682168913115
200.06717318121238,2000.6717318121239,0.014352228846777115
200.0673824061559,2000.6738240615591,0.014265304637193998
200.0675903639216,2000.675903639216,0.014178906345489017
200.06779706217637,2000.6779706217637,0.014093030796198724
200.06800250854084,2000.6800250854085,0.01400767483295906
200.0682067105896,2000.682067105896,0.013922835318375681
200.0684096758515,2000.6840967585151,0.013838509133936916
200.06861141180997,2000.6861141180998,0.01375469317988054
200.0688119259032,2000.688119259032,0.013671384375080087
200.06901122552443,2000.6901122552445,0.013588579656945377
200.06920931802236,2000.6920931802235,0.013506275981321259
200.06940621070123,2000.6940621070123,0.013424470322340176
200.0696019108212,2000.696019108212,0.013343159672354665
200.06979642559855,2000.6979642559854,0.013262341041795245
200.06998976220603,2000.6998976220602,0.01318201145910114
200.070181927773,2000.70181927773,0.01310216797056396
200.07037292938583,2000.7037292938583,0.013022807640270861
200.07056277408802,2000.7056277408801,0.012943927549957102
200.0707514688806,2000.707514688806,0.012865524798927885
200.07093902072222,2000.7093902072222,0.012787596503932241
200.0711254365296,2000.711254365296,0.012710139799084863
200.07131072317762,2000.7131072317761,0.01263315183573821
200.07149488749965,2000.7149488749965,0.01255662978238481
200.07167793628776,2000.7167793628776,0.012480570824563109
200.07185987629302,2000.7185987629302,0.012404972164761552
200.07204071422566,2000.7204071422566,0.012329831022285354
200.07222045675545,2000.7222045675544,0.012255144633210313
200.0723991105118,2000.723991105118,0.012180910250221166
200.07257668208413,2000.7257668208413,0.012107125142547637
200.072753178022,2000.72753178022,0.012033786595868512
200.0729286048354,2000.729286048354,0.011960891912194405
200.07310296899502,2000.7310296899502,0.011888438409789592
200.07327627693243,2000.7327627693244,0.011816423423053002
200.07344853504037,2000.7344853504037,0.011744844302443602
200.0736197496729,2000.736197496729,0.011673698414364941
200.07378992714573,2000.7378992714573,0.011602983141094092
200.0739590737364,2000.739590737364,0.011532695880664412
200.07412719568453,2000.7412719568451,0.011462834046764292
200.074294299192,2000.7429429919198,0.011393395068682088
200.0744603904232,2000.744603904232,0.011324376391172897
200.07462547550537,2000.7462547550538,0.011255775474392826
200.0747895605286,2000.747895605286,0.011187589793788866
200.07495265154623,2000.7495265154623,0.011119816840026053
200.07511475457505,2000.7511475457504,0.011052454118863131
200.07527587559545,2000.7527587559546,0.010985499151092148
200.07543602055168,2000.7543602055168,0.010918949472453199
200.07559519535207,2000.7559519535207,0.010852802633518954
200.07575340586922,2000.7575340586923,0.01078705619962006
200.07591065794028,2000.759106579403,0.010721707750766973
200.07606695736712,2000.7606695736713,0.010656754881538055
200.07622230991646,2000.7622230991647,0.010592195200999632
200.0763767213203,2000.7637672132028,0.010528026332652707
200.07653019727584,2000.7653019727584,0.01046424591428019
200.07668274344599,2000.7668274344599,0.010400851597934468
200.07683436545932,2000.768343654593,0.01033784104979707
200.07698506891043,2000.7698506891043,0.010275211950118268
200.0771348593601,2000.7713485936008,0.010212961993135372
200.07728374233545,2000.7728374233545,0.010151088886978576
200.07743172333028,2000.7743172333028,0.010089590353585698
200.0775788078051,2000.7757880780512,0.010028464128629344
